#seed=8576294172403134396 dim=nether size=4 origin=3200,3208
3215,1,3201,256,259
3204,1,3204,259,256
3211,1,3204,256,849
3213,1,3204,256,849
3213,1,3205,256,849
3214,1,3205,256,849
3206,1,3208,259,256
3205,1,3210,259,256
3213,1,3210,256,259
3202,1,3211,259,256
3213,1,3211,256,259
3208,1,3214,259,256
3206,1,3215,259,256
3205,2,3200,259,256
3204,2,3201,259,849
3206,2,3201,259,256
3207,2,3201,259,256
3200,2,3202,849,259
3201,2,3202,259,849
3203,2,3202,259,849
3204,2,3202,259,849
3213,2,3202,256,849
3202,2,3203,259,849
3203,2,3203,259,849
3204,2,3203,259,849
3206,2,3203,259,849
3211,2,3203,256,849
3212,2,3203,256,849
3215,2,3203,259,849
3210,2,3204,256,849
3212,2,3204,256,849
3214,2,3204,259,849
3215,2,3204,259,849
3203,2,3205,259,849
3200,2,3206,849,259
3202,2,3206,259,849
3203,2,3206,259,849
3213,2,3206,256,849
3213,2,3207,256,849
3208,2,3208,256,259
3209,2,3208,256,259
3200,2,3209,849,259
3210,2,3209,256,259
3211,2,3209,256,259
3213,2,3209,256,259
3215,2,3209,256,259
3201,2,3210,849,259
3208,2,3210,256,259
3209,2,3210,256,259
3215,2,3210,256,259
3208,2,3211,256,259
3209,2,3211,256,259
3214,2,3211,256,259
3200,2,3212,849,259
3202,2,3212,259,256
3208,2,3212,256,259
3201,2,3213,849,256
3202,2,3214,259,256
3206,2,3214,259,256
3207,2,3214,259,256
3202,3,3200,259,849
3206,3,3200,259,256
3207,3,3200,259,256
3213,3,3200,259,849
3201,3,3201,259,849
3202,3,3201,259,849
3204,3,3201,259,849
3205,3,3201,259,849
3200,3,3202,259,849
3202,3,3202,259,849
3203,3,3202,259,849
3204,3,3202,259,849
3207,3,3202,259,256
3211,3,3202,259,849
3213,3,3202,259,849
3214,3,3202,256,849
3215,3,3202,259,849
3201,3,3203,259,849
3206,3,3203,259,849
3207,3,3203,259,849
3211,3,3203,256,849
3213,3,3203,256,849
3214,3,3203,259,849
3215,3,3203,259,849
3204,3,3204,259,849
3205,3,3204,259,849
3207,3,3204,256,849
3212,3,3204,256,849
3214,3,3204,256,849
3215,3,3204,259,849
3202,3,3205,259,849
3204,3,3205,259,849
3206,3,3205,259,849
3211,3,3205,256,849
3212,3,3205,256,849
3214,3,3205,256,849
3215,3,3205,256,849
3203,3,3206,259,849
3208,3,3206,849,259
3213,3,3206,256,849
3215,3,3206,256,849
3201,3,3207,849,259
3208,3,3207,849,259
3213,3,3207,256,849
3214,3,3207,256,849
3200,3,3208,849,259
3201,3,3208,849,259
3208,3,3208,256,259
3211,3,3208,256,259
3213,3,3208,256,849
3208,3,3209,256,259
3209,3,3209,256,259
3210,3,3209,256,259
3214,3,3209,256,259
3215,3,3209,256,259
3200,3,3210,849,259
3209,3,3210,256,259
3214,3,3210,256,259
3200,3,3211,849,259
3201,3,3211,849,259
3209,3,3211,256,259
3203,3,3212,259,256
3208,3,3212,256,259
3209,3,3212,256,259
3215,3,3212,256,259
3200,3,3213,849,259
3201,3,3213,849,259
3203,3,3213,259,256
3204,3,3213,259,256
3201,3,3214,849,259
3201,4,3200,259,849
3202,4,3200,259,849
3203,4,3200,259,849
3204,4,3200,259,849
3205,4,3200,259,849
3207,4,3200,259,256
3213,4,3200,259,849
3200,4,3201,259,849
3201,4,3201,259,849
3202,4,3201,259,849
3203,4,3201,259,849
3204,4,3201,259,849
3205,4,3201,259,849
3206,4,3201,259,849
3207,4,3201,259,256
3211,4,3201,259,849
3212,4,3201,259,849
3213,4,3201,259,849
3215,4,3201,256,849
3200,4,3202,259,849
3202,4,3202,259,849
3203,4,3202,259,849
3204,4,3202,259,849
3206,4,3202,259,849
3207,4,3202,259,849
3210,4,3202,256,849
3211,4,3202,256,849
3212,4,3202,259,849
3200,4,3203,259,849
3202,4,3203,259,849
3205,4,3203,259,849
3207,4,3203,256,849
3210,4,3203,256,849
3211,4,3203,256,849
3213,4,3203,256,849
3214,4,3203,256,849
3215,4,3203,259,849
3203,4,3204,259,849
3204,4,3204,259,849
3205,4,3204,259,849
3211,4,3204,256,849
3213,4,3204,256,849
3214,4,3204,256,849
3215,4,3204,256,849
3203,4,3205,259,849
3204,4,3205,259,849
3205,4,3205,259,849
3206,4,3205,259,849
3212,4,3205,256,849
3209,4,3206,849,259
3213,4,3206,256,849
3214,4,3206,256,849
3215,4,3206,256,849
3200,4,3207,849,259
3208,4,3207,849,259
3209,4,3207,849,259
3210,4,3207,849,259
3211,4,3207,849,259
3212,4,3207,256,849
3213,4,3207,256,849
3214,4,3207,256,849
3215,4,3207,256,849
3200,4,3208,849,259
3201,4,3208,849,259
3208,4,3208,849,259
3209,4,3208,849,259
3210,4,3208,849,259
3214,4,3208,256,849
3215,4,3208,256,259
3201,4,3209,849,259
3208,4,3209,256,259
3209,4,3209,849,259
3210,4,3209,256,259
3214,4,3209,256,259
3215,4,3209,256,259
3201,4,3210,849,259
3208,4,3210,256,259
3209,4,3210,256,259
3200,4,3211,849,259
3201,4,3211,849,259
3208,4,3211,256,259
3208,4,3212,256,259
3200,4,3213,849,259
3201,4,3213,849,259
3203,4,3213,259,256
3208,4,3213,256,259
3200,4,3214,849,259
3208,4,3214,256,259
3200,5,3200,259,849
3201,5,3200,259,849
3202,5,3200,259,849
3203,5,3200,259,849
3204,5,3200,259,849
3205,5,3200,259,849
3206,5,3200,259,849
3211,5,3200,259,849
3212,5,3200,259,849
3213,5,3200,259,849
3214,5,3200,256,849
3215,5,3200,259,849
3200,5,3201,259,849
3201,5,3201,259,849
3202,5,3201,259,849
3203,5,3201,259,849
3204,5,3201,259,849
3205,5,3201,259,849
3206,5,3201,259,849
3207,5,3201,259,849
3210,5,3201,256,849
3211,5,3201,256,849
3212,5,3201,259,849
3213,5,3201,256,849
3214,5,3201,256,849
3215,5,3201,259,849
3200,5,3202,259,849
3201,5,3202,259,849
3202,5,3202,259,849
3203,5,3202,259,849
3204,5,3202,259,849
3205,5,3202,259,849
3206,5,3202,259,849
3207,5,3202,256,849
3209,5,3202,256,849
3210,5,3202,256,849
3211,5,3202,256,849
3212,5,3202,256,849
3213,5,3202,256,849
3214,5,3202,256,849
3215,5,3202,256,849
3200,5,3203,259,849
3201,5,3203,259,849
3202,5,3203,259,849
3203,5,3203,259,849
3204,5,3203,259,849
3205,5,3203,259,849
3211,5,3203,256,849
3212,5,3203,256,849
3213,5,3203,256,849
3214,5,3203,256,849
3215,5,3203,256,849
3200,5,3204,259,849
3204,5,3204,259,849
3212,5,3204,256,849
3213,5,3204,256,849
3214,5,3204,256,849
3215,5,3204,259,849
3201,5,3205,849,259
3202,5,3205,849,259
3204,5,3205,259,849
3205,5,3205,259,849
3213,5,3205,256,849
3214,5,3205,256,849
3215,5,3205,256,849
3200,5,3206,849,259
3201,5,3206,849,259
3207,5,3206,849,259
3208,5,3206,849,259
3209,5,3206,849,259
3210,5,3206,849,259
3214,5,3206,256,849
3215,5,3206,256,849
3200,5,3207,849,259
3208,5,3207,849,259
3209,5,3207,849,259
3210,5,3207,849,259
3211,5,3207,849,259
3212,5,3207,259,849
3213,5,3207,256,849
3214,5,3207,256,849
3215,5,3207,256,849
3200,5,3208,849,259
3201,5,3208,849,259
3208,5,3208,849,259
3209,5,3208,849,259
3210,5,3208,849,259
3213,5,3208,259,849
3214,5,3208,256,259
3215,5,3208,256,259
3200,5,3209,849,259
3201,5,3209,849,259
3208,5,3209,849,259
3209,5,3209,849,259
3215,5,3209,256,259
3200,5,3210,849,259
3201,5,3210,849,259
3208,5,3210,256,259
3200,5,3211,849,259
3201,5,3211,849,259
3200,5,3212,849,259
3201,5,3212,849,259
3208,5,3212,256,259
3200,5,3213,849,259
3208,5,3213,256,259
3208,5,3215,256,259
3201,6,3200,259,849
3202,6,3200,259,849
3203,6,3200,259,849
3204,6,3200,259,849
3205,6,3200,259,849
3210,6,3200,256,849
3211,6,3200,256,849
3212,6,3200,259,849
3213,6,3200,256,849
3214,6,3200,256,849
3215,6,3200,259,849
3200,6,3201,259,849
3201,6,3201,259,849
3202,6,3201,259,849
3203,6,3201,259,849
3204,6,3201,259,849
3205,6,3201,259,849
3206,6,3201,259,849
3207,6,3201,256,259
3209,6,3201,256,849
3210,6,3201,256,849
3211,6,3201,256,849
3212,6,3201,256,849
3213,6,3201,256,849
3214,6,3201,256,849
3215,6,3201,259,849
3200,6,3202,259,849
3201,6,3202,259,849
3202,6,3202,259,849
3203,6,3202,259,849
3204,6,3202,259,849
3205,6,3202,259,849
3206,6,3202,256,849
3207,6,3202,256,849
3208,6,3202,256,849
3209,6,3202,256,849
3210,6,3202,256,849
3211,6,3202,256,849
3212,6,3202,256,849
3213,6,3202,256,849
3214,6,3202,256,849
3215,6,3202,259,849
3200,6,3203,259,849
3201,6,3203,259,849
3202,6,3203,259,849
3203,6,3203,259,849
3204,6,3203,259,849
3212,6,3203,256,849
3213,6,3203,256,849
3214,6,3203,256,849
3215,6,3203,259,849
3200,6,3204,259,849
3213,6,3204,256,849
3214,6,3204,259,849
3215,6,3204,259,849
3200,6,3205,849,259
3201,6,3205,849,259
3203,6,3205,849,259
3214,6,3205,256,849
3215,6,3205,259,849
3200,6,3206,849,259
3201,6,3206,849,259
3202,6,3206,849,259
3206,6,3206,849,259
3207,6,3206,849,259
3208,6,3206,849,259
3209,6,3206,849,259
3215,6,3206,256,849
3200,6,3207,849,259
3201,6,3207,849,259
3207,6,3207,849,259
3208,6,3207,849,259
3209,6,3207,849,259
3210,6,3207,849,259
3211,6,3207,259,849
3212,6,3207,259,849
3213,6,3207,259,849
3214,6,3207,256,849
3215,6,3207,256,849
3200,6,3208,849,259
3208,6,3208,849,259
3209,6,3208,849,259
3212,6,3208,259,849
3215,6,3208,256,259
3200,6,3209,849,259
3201,6,3209,849,259
3208,6,3209,849,259
3200,6,3210,849,259
3201,6,3210,849,259
3202,6,3210,849,259
3200,6,3211,849,259
3201,6,3211,849,259
3200,6,3212,849,259
3202,7,3200,259,849
3203,7,3200,259,849
3204,7,3200,259,849
3207,7,3200,256,259
3211,7,3200,256,849
3212,7,3200,256,849
3213,7,3200,256,849
3214,7,3200,256,849
3215,7,3200,259,849
3201,7,3201,259,849
3202,7,3201,259,849
3203,7,3201,259,849
3204,7,3201,259,849
3205,7,3201,259,849
3206,7,3201,256,259
3207,7,3201,256,259
3210,7,3201,256,849
3211,7,3201,256,849
3212,7,3201,256,849
3213,7,3201,256,849
3214,7,3201,256,849
3215,7,3201,259,849
3200,7,3202,259,849
3201,7,3202,259,849
3202,7,3202,259,849
3203,7,3202,259,849
3204,7,3202,259,849
3205,7,3202,259,849
3206,7,3202,259,849
3207,7,3202,256,259
3209,7,3202,256,849
3210,7,3202,256,849
3211,7,3202,256,849
3212,7,3202,256,849
3213,7,3202,256,849
3214,7,3202,256,849
3215,7,3202,259,849
3200,7,3203,259,849
3201,7,3203,259,849
3202,7,3203,259,849
3203,7,3203,259,849
3204,7,3203,259,849
3205,7,3203,259,849
3213,7,3203,256,849
3214,7,3203,259,849
3215,7,3203,259,849
3214,7,3204,259,849
3215,7,3204,259,849
3215,7,3205,259,849
3200,7,3206,849,259
3201,7,3206,849,259
3207,7,3206,849,259
3208,7,3206,849,259
3215,7,3206,259,849
3200,7,3207,849,259
3208,7,3207,849,259
3209,7,3207,849,259
3211,7,3207,259,849
3212,7,3207,259,849
3213,7,3207,259,849
3214,7,3207,259,849
3215,7,3207,256,849
3200,7,3208,849,259
3201,7,3208,849,259
3200,7,3209,849,259
3201,7,3209,849,259
3202,7,3209,849,259
3200,7,3210,849,259
3201,7,3210,849,259
3202,7,3210,849,259
3203,7,3210,849,259
3200,7,3211,849,259
3201,7,3211,849,259
3202,7,3211,849,259
3200,7,3212,849,259
3201,7,3212,849,259
3201,8,3200,259,849
3203,8,3200,259,849
3206,8,3200,256,259
3207,8,3200,256,259
3212,8,3200,256,849
3213,8,3200,256,849
3214,8,3200,256,849
3215,8,3200,259,256
3200,8,3201,259,849
3201,8,3201,259,849
3202,8,3201,259,849
3203,8,3201,259,849
3204,8,3201,259,849
3207,8,3201,256,259
3211,8,3201,256,849
3212,8,3201,256,849
3213,8,3201,256,849
3214,8,3201,256,849
3215,8,3201,259,849
3200,8,3202,259,849
3201,8,3202,259,849
3202,8,3202,259,849
3203,8,3202,259,849
3204,8,3202,259,849
3205,8,3202,259,849
3210,8,3202,256,849
3211,8,3202,256,849
3212,8,3202,256,849
3213,8,3202,256,849
3214,8,3202,259,849
3215,8,3202,259,849
3200,8,3203,259,849
3201,8,3203,259,849
3202,8,3203,259,849
3203,8,3203,259,849
3204,8,3203,259,849
3205,8,3203,259,849
3206,8,3203,259,849
3214,8,3203,259,849
3215,8,3203,259,849
3215,8,3204,259,849
3215,8,3205,259,849
3215,8,3206,259,849
3200,8,3207,849,259
3201,8,3207,849,259
3212,8,3207,259,849
3213,8,3207,259,849
3215,8,3207,259,849
3200,8,3208,849,259
3201,8,3208,849,259
3202,8,3208,849,259
3215,8,3208,256,259
3200,8,3209,849,259
3201,8,3209,849,259
3202,8,3209,849,259
3203,8,3209,849,259
3200,8,3210,849,259
3201,8,3210,849,259
3202,8,3210,849,259
3203,8,3210,849,259
3204,8,3210,849,259
3200,8,3211,849,259
3201,8,3211,849,259
3202,8,3211,849,259
3203,8,3211,849,259
3201,8,3212,849,259
3202,8,3212,849,259
3201,8,3215,259,256
3215,8,3215,849,259
3200,9,3200,259,849
3201,9,3200,259,849
3202,9,3200,259,849
3207,9,3200,256,259
3213,9,3200,256,849
3215,9,3200,259,256
3200,9,3201,259,849
3201,9,3201,259,849
3202,9,3201,259,849
3203,9,3201,259,849
3212,9,3201,256,849
3213,9,3201,256,849
3214,9,3201,45,849
3200,9,3202,259,849
3201,9,3202,259,849
3202,9,3202,259,849
3203,9,3202,259,849
3204,9,3202,259,849
3211,9,3202,256,849
3212,9,3202,256,849
3214,9,3202,45,849
3215,9,3202,45,849
3200,9,3203,259,849
3201,9,3203,259,849
3202,9,3203,259,849
3203,9,3203,259,849
3204,9,3203,259,849
3205,9,3203,259,849
3206,9,3203,259,849
3207,9,3203,259,849
3215,9,3203,259,849
3205,9,3204,259,849
3206,9,3204,259,849
3215,9,3205,259,849
3215,9,3206,259,849
3215,9,3207,259,849
3200,9,3208,849,259
3201,9,3208,849,259
3214,9,3208,256,259
3200,9,3209,849,259
3201,9,3209,849,259
3202,9,3209,849,259
3215,9,3209,849,259
3200,9,3210,849,259
3201,9,3210,849,259
3202,9,3210,849,259
3203,9,3210,849,259
3201,9,3211,849,259
3202,9,3211,849,259
3202,9,3212,256,259
3202,9,3213,259,256
3215,9,3213,849,259
3201,9,3214,259,256
3215,9,3214,849,259
3201,9,3215,259,256
3214,9,3215,849,259
3215,9,3215,849,259
3200,10,3200,259,849
3201,10,3200,259,849
3202,10,3200,259,849
3203,10,3200,259,849
3206,10,3200,256,259
3207,10,3200,256,259
3214,10,3200,259,256
3215,10,3200,259,256
3200,10,3201,259,849
3201,10,3201,259,849
3203,10,3201,259,849
3204,10,3201,259,849
3207,10,3201,256,259
3200,10,3202,259,849
3204,10,3202,259,849
3205,10,3202,259,849
3207,10,3202,259,256
3200,10,3203,259,849
3201,10,3203,259,849
3203,10,3203,259,849
3204,10,3203,259,849
3205,10,3203,259,849
3206,10,3203,259,849
3200,10,3204,259,849
3204,10,3204,259,849
3205,10,3204,259,849
3215,10,3206,259,849
3200,10,3207,256,259
3201,10,3207,256,259
3214,10,3207,259,849
3215,10,3207,259,849
3200,10,3208,849,259
3214,10,3208,259,849
3200,10,3209,849,259
3201,10,3209,849,259
3214,10,3209,849,259
3215,10,3209,849,259
3201,10,3210,849,259
3202,10,3210,849,259
3215,10,3210,849,259
3202,10,3211,256,259
3203,10,3211,256,259
3215,10,3212,849,259
3214,10,3213,849,259
3215,10,3213,849,259
3214,10,3214,849,259
3215,10,3214,849,259
3213,10,3215,849,259
3214,10,3215,849,259
3215,10,3215,849,259
3200,11,3200,259,849
3201,11,3200,259,849
3203,11,3200,259,849
3204,11,3200,259,849
3205,11,3200,256,259
3206,11,3200,256,259
3207,11,3200,256,259
3213,11,3200,849,256
3215,11,3200,259,256
3200,11,3201,259,849
3204,11,3201,259,849
3205,11,3201,259,849
3206,11,3201,256,259
3212,11,3201,849,256
3213,11,3201,849,256
3214,11,3201,849,256
3215,11,3201,259,256
3205,11,3202,259,849
3206,11,3202,259,849
3211,11,3202,849,256
3212,11,3202,849,256
3214,11,3202,849,256
3215,11,3202,849,256
3200,11,3203,259,849
3204,11,3203,259,849
3205,11,3203,259,849
3207,11,3203,256,849
3211,11,3203,849,256
3200,11,3204,259,849
3201,11,3204,259,849
3203,11,3204,259,849
3204,11,3204,259,849
3200,11,3205,259,849
3200,11,3206,256,259
3201,11,3206,256,259
3200,11,3207,256,259
3201,11,3207,849,259
3215,11,3207,259,849
3200,11,3208,256,259
3201,11,3208,256,259
3214,11,3208,256,849
3215,11,3208,259,849
3201,11,3209,256,259
3215,11,3209,849,259
3202,11,3210,256,259
3215,11,3211,849,259
3214,11,3212,849,259
3215,11,3212,849,259
3213,11,3213,849,259
3214,11,3213,849,259
3215,11,3213,849,259
3213,11,3214,849,259
3214,11,3214,849,259
3215,11,3214,849,259
3212,11,3215,849,259
3213,11,3215,849,259
3214,11,3215,849,259
3215,11,3215,849,259
3200,12,3200,259,849
3204,12,3200,256,259
3205,12,3200,256,259
3206,12,3200,256,259
3212,12,3200,849,256
3213,12,3200,849,256
3214,12,3200,849,256
3215,12,3200,849,256
3205,12,3201,256,259
3211,12,3201,849,256
3212,12,3201,849,256
3213,12,3201,849,256
3214,12,3201,849,256
3215,12,3201,849,256
3210,12,3202,849,256
3211,12,3202,849,256
3212,12,3202,849,256
3213,12,3202,849,256
3214,12,3202,849,256
3215,12,3202,849,256
3200,12,3204,259,849
3201,12,3206,849,259
3200,12,3207,849,259
3201,12,3207,849,259
3201,12,3208,849,259
3215,12,3208,256,849
3215,12,3212,849,259
3215,12,3213,849,259
3211,12,3215,849,259
3215,12,3215,849,259
3203,13,3200,256,259
3204,13,3200,256,259
3205,13,3200,256,259
3211,13,3200,849,256
3212,13,3200,849,256
3213,13,3200,849,256
3214,13,3200,849,256
3215,13,3200,849,256
3204,13,3201,256,259
3205,13,3201,256,259
3210,13,3201,849,256
3211,13,3201,849,256
3212,13,3201,849,256
3213,13,3201,849,256
3214,13,3201,849,256
3215,13,3201,849,256
3205,13,3202,256,259
3206,13,3202,256,259
3209,13,3202,849,256
3210,13,3202,849,256
3211,13,3202,849,256
3212,13,3202,849,256
3213,13,3202,849,256
3214,13,3202,849,256
3215,13,3202,849,256
3205,13,3203,256,259
3208,13,3203,849,256
3209,13,3203,849,256
3203,13,3204,849,259
3204,13,3204,849,259
3208,13,3204,849,256
3203,13,3205,849,259
3202,13,3206,849,259
3201,13,3207,849,259
3201,13,3208,849,259
3201,13,3209,849,259
3210,13,3215,256,259
3203,14,3200,256,259
3204,14,3200,256,259
3205,14,3200,256,259
3210,14,3200,849,256
3211,14,3200,849,256
3212,14,3200,849,256
3213,14,3200,849,256
3214,14,3200,849,256
3215,14,3200,849,259
3203,14,3201,256,259
3204,14,3201,256,259
3205,14,3201,256,259
3206,14,3201,256,259
3209,14,3201,849,256
3210,14,3201,849,256
3211,14,3201,849,256
3212,14,3201,849,256
3213,14,3201,849,256
3214,14,3201,849,256
3215,14,3201,849,256
3205,14,3202,256,259
3206,14,3202,256,259
3207,14,3202,256,259
3208,14,3202,849,256
3209,14,3202,849,256
3210,14,3202,849,256
3211,14,3202,849,256
3212,14,3202,849,256
3213,14,3202,849,256
3214,14,3202,849,256
3215,14,3202,849,259
3206,14,3203,256,259
3207,14,3203,849,256
3208,14,3203,849,256
3209,14,3203,849,256
3210,14,3203,849,256
3203,14,3204,849,259
3205,14,3204,849,259
3207,14,3204,849,256
3208,14,3204,849,256
3209,14,3204,849,256
3203,14,3205,849,259
3204,14,3205,849,259
3203,14,3206,849,259
3202,14,3207,849,259
3201,14,3209,849,259
3209,14,3215,256,259
3203,15,3200,256,259
3204,15,3200,256,259
3205,15,3200,256,259
3206,15,3200,256,259
3211,15,3200,849,256
3212,15,3200,849,256
3213,15,3200,849,256
3214,15,3200,849,259
3215,15,3200,849,259
3203,15,3201,256,259
3205,15,3201,256,259
3206,15,3201,256,259
3207,15,3201,256,259
3210,15,3201,849,256
3211,15,3201,849,256
3212,15,3201,849,256
3213,15,3201,849,256
3214,15,3201,849,256
3215,15,3201,849,259
3206,15,3202,256,259
3207,15,3202,256,259
3209,15,3202,849,256
3210,15,3202,849,256
3212,15,3202,849,256
3213,15,3202,849,256
3214,15,3202,849,259
3215,15,3202,849,259
3207,15,3203,256,259
3208,15,3203,849,256
3209,15,3203,849,256
3206,15,3204,849,259
3207,15,3204,849,256
3208,15,3204,849,256
3203,15,3205,849,259
3205,15,3205,849,259
3202,15,3206,849,259
3203,15,3206,849,259
3204,15,3206,849,259
3202,15,3207,849,259
3203,15,3207,849,259
3203,16,3200,256,259
3205,16,3200,256,259
3212,16,3200,849,256
3213,16,3200,849,259
3214,16,3200,849,259
3215,16,3200,849,259
3206,16,3201,256,259
3211,16,3201,849,256
3212,16,3201,849,256
3213,16,3201,849,256
3214,16,3201,849,259
3215,16,3201,849,259
3207,16,3202,256,259
3213,16,3202,849,259
3214,16,3202,849,259
3215,16,3202,849,259
3202,16,3205,849,259
3200,16,3206,259,849
3202,16,3206,849,259
3203,16,3206,849,259
3202,17,3200,256,259
3210,17,3200,256,849
3211,17,3200,256,849
3213,17,3200,849,259
3214,17,3200,849,259
3215,17,3200,849,259
3211,17,3201,256,849
3212,17,3201,849,256
3213,17,3201,849,259
3214,17,3201,849,259
3215,17,3201,849,259
3214,17,3202,849,259
3215,17,3202,849,259
3200,17,3205,259,849
3200,17,3206,259,849
3201,17,3206,259,849
3200,17,3207,259,849
3201,18,3200,256,259
3209,18,3200,256,849
3210,18,3200,256,849
3211,18,3200,256,849
3214,18,3200,849,259
3215,18,3200,849,259
3210,18,3201,256,849
3211,18,3201,256,849
3212,18,3201,259,849
3213,18,3201,849,259
3214,18,3201,849,259
3215,18,3201,849,259
3214,18,3202,849,259
3215,18,3202,849,259
3214,18,3203,849,259
3215,18,3203,849,259
3200,18,3205,259,849
3200,18,3206,259,849
3208,19,3200,256,849
3209,19,3200,256,849
3215,19,3200,259,45
3201,19,3201,256,259
3209,19,3201,256,849
3212,19,3201,259,849
3213,19,3201,259,849
3215,19,3201,849,259
3212,19,3202,259,256
3213,19,3202,259,256
3215,19,3202,849,259
3214,19,3203,849,259
3215,19,3203,849,259
3214,19,3204,849,259
3215,19,3204,849,259
3201,19,3205,259,849
3215,19,3205,259,849
3207,20,3200,256,849
3208,20,3200,256,849
3209,20,3200,849,259
3210,20,3200,849,259
3208,20,3201,256,849
3210,20,3201,849,259
3211,20,3201,849,259
3213,20,3201,259,849
3214,20,3201,259,849
3215,20,3201,849,259
3213,20,3202,259,256
3214,20,3202,259,256
3215,20,3203,849,259
3215,20,3204,256,259
3206,21,3200,256,849
3207,21,3200,256,849
3208,21,3200,849,259
3209,21,3200,849,259
3210,21,3200,849,259
3211,21,3200,849,259
3207,21,3201,256,849
3209,21,3201,849,259
3210,21,3201,849,259
3211,21,3201,849,259
3212,21,3201,849,259
3214,21,3201,259,849
3215,21,3201,259,849
3214,21,3202,259,256
3215,21,3202,259,256
3207,22,3200,849,259
3208,22,3200,849,259
3209,22,3200,849,259
3210,22,3200,849,259
3211,22,3200,849,259
3208,22,3201,849,259
3209,22,3201,849,259
3210,22,3201,849,259
3211,22,3201,849,259
3215,22,3201,259,256
3213,22,3202,259,256
3214,22,3202,259,256
3215,22,3202,259,256
3214,22,3203,259,256
3215,22,3203,259,256
3215,22,3206,256,259
3208,23,3200,849,259
3209,23,3200,849,259
3210,23,3200,849,259
3211,23,3200,849,259
3212,23,3200,849,259
3215,23,3200,849,256
3207,23,3201,849,259
3208,23,3201,849,259
3209,23,3201,849,259
3210,23,3201,849,259
3211,23,3201,849,259
3214,23,3201,849,256
3215,23,3201,849,256
3207,23,3202,259,256
3212,23,3202,259,256
3213,23,3202,259,256
3214,23,3202,259,256
3215,23,3202,259,256
3213,23,3203,259,256
3214,23,3203,259,256
3215,23,3203,259,256
3214,23,3204,259,256
3215,23,3204,259,256
3205,24,3200,259,33
3206,24,3200,259,33
3208,24,3200,259,33
3209,24,3200,259,33
3214,24,3200,849,256
3215,24,3200,849,256
3209,24,3201,259,33
3210,24,3201,259,33
3210,24,3202,259,33
3211,24,3202,259,33
3210,24,3203,259,33
3211,24,3203,259,33
3210,24,3204,259,33
3211,24,3204,259,33
3209,24,3205,259,33
3210,24,3205,259,33
3208,24,3206,259,33
3209,24,3206,259,33
3215,24,3206,259,33
3214,24,3207,259,33
3213,24,3208,259,33
3212,24,3209,259,33
3213,24,3210,259,33
3214,24,3211,259,33
3214,24,3212,259,33
3215,24,3212,259,33
3214,24,3213,259,33
3215,24,3213,259,33
3214,24,3214,259,33
3213,24,3215,259,33
3215,24,3215,259,33
3203,25,3200,33,259
3206,25,3200,259,33
3208,25,3200,259,33
3214,25,3200,849,256
3215,25,3200,259,849
3202,25,3201,33,259
3203,25,3201,33,259
3204,25,3201,33,259
3205,25,3201,259,33
3209,25,3201,259,33
3201,25,3202,33,259
3202,25,3202,33,259
3203,25,3202,33,259
3207,25,3202,259,33
3209,25,3202,259,33
3210,25,3202,259,33
3202,25,3203,33,259
3208,25,3203,259,33
3211,25,3203,259,33
3203,25,3204,33,259
3209,25,3204,259,33
3210,25,3204,259,33
3200,25,3205,33,259
3202,25,3205,33,259
3204,25,3205,33,259
3206,25,3205,33,259
3208,25,3205,33,259
3209,25,3205,259,33
3200,25,3206,33,259
3205,25,3206,33,259
3207,25,3206,33,259
3208,25,3206,259,33
3202,25,3207,33,259
3206,25,3207,33,259
3215,25,3207,259,33
3201,25,3208,33,259
3203,25,3208,33,259
3214,25,3208,259,33
3215,25,3208,33,259
3202,25,3209,33,259
3207,25,3209,33,259
3213,25,3209,259,33
3214,25,3209,33,259
3215,25,3209,259,33
3201,25,3210,33,259
3203,25,3210,33,259
3206,25,3210,33,259
3214,25,3210,259,33
3215,25,3210,33,259
3207,25,3211,33,259
3208,25,3211,259,33
3215,25,3211,259,33
3208,25,3212,33,259
3209,25,3212,259,33
3208,25,3213,259,33
3209,25,3213,33,259
3214,25,3213,259,33
3215,25,3214,259,33
3214,26,3200,259,849
3215,26,3200,259,849
3202,26,3201,33,259
3203,26,3201,33,259
3204,26,3201,33,259
3214,26,3201,259,849
3215,26,3201,259,849
3200,26,3202,33,259
3201,26,3202,33,259
3202,26,3202,33,259
3203,26,3202,33,259
3204,26,3202,33,259
3206,26,3202,259,33
3207,26,3202,259,33
3208,26,3202,259,33
3209,26,3202,259,33
3202,26,3203,33,259
3205,26,3203,33,259
3207,26,3203,33,259
3208,26,3203,259,33
3203,26,3204,33,259
3204,26,3204,33,259
3208,26,3204,259,33
3209,26,3204,259,33
3200,26,3205,33,259
3202,26,3205,33,259
3204,26,3205,33,259
3205,26,3205,33,259
3206,26,3205,33,259
3207,26,3205,33,259
3200,26,3206,33,259
3205,26,3206,33,259
3206,26,3206,33,259
3207,26,3206,33,259
3200,26,3207,33,259
3201,26,3207,33,259
3202,26,3207,33,259
3206,26,3207,33,259
3207,26,3207,33,259
3200,26,3208,33,259
3201,26,3208,33,259
3202,26,3208,33,259
3203,26,3208,33,259
3206,26,3208,33,259
3207,26,3208,33,259
3201,26,3209,33,259
3202,26,3209,33,259
3203,26,3209,33,259
3205,26,3209,33,259
3206,26,3209,33,259
3201,26,3210,33,259
3202,26,3210,33,259
3203,26,3210,33,259
3204,26,3210,33,259
3205,26,3210,33,259
3206,26,3210,33,259
3200,26,3211,259,33
3201,26,3211,33,259
3206,26,3211,259,33
3208,26,3211,259,33
3200,26,3212,33,259
3209,26,3212,259,33
3200,26,3213,33,259
3206,26,3213,33,259
3200,26,3214,33,259
3206,26,3214,259,33
3207,26,3214,33,259
3200,26,3215,33,259
3206,26,3215,33,259
3207,26,3215,259,33
3208,26,3215,33,259
3212,27,3200,849,256
3213,27,3200,256,849
3214,27,3200,259,849
3215,27,3200,259,849
3202,27,3201,33,259
3204,27,3201,33,259
3214,27,3201,259,849
3215,27,3201,259,849
3200,27,3202,33,259
3201,27,3202,33,259
3202,27,3202,33,259
3204,27,3202,33,259
3206,27,3202,259,33
3207,27,3202,259,33
3208,27,3202,259,33
3202,27,3203,33,259
3204,27,3203,33,259
3206,27,3203,259,33
3208,27,3203,259,33
3202,27,3204,259,33
3204,27,3204,33,259
3205,27,3204,33,259
3207,27,3204,259,33
3208,27,3204,259,33
3200,27,3205,33,259
3202,27,3205,33,259
3204,27,3205,33,259
3205,27,3205,33,259
3206,27,3205,33,259
3207,27,3205,33,259
3200,27,3206,33,259
3206,27,3206,33,259
3207,27,3206,33,259
3200,27,3207,33,259
3201,27,3207,33,259
3202,27,3207,33,259
3204,27,3207,33,259
3205,27,3207,33,259
3207,27,3207,33,259
3200,27,3208,33,259
3202,27,3208,33,259
3203,27,3208,33,259
3204,27,3208,33,259
3205,27,3208,33,259
3206,27,3208,33,259
3201,27,3209,33,259
3202,27,3209,33,259
3203,27,3209,33,259
3204,27,3209,33,259
3205,27,3209,33,259
3206,27,3209,33,259
3203,27,3210,33,259
3204,27,3210,33,259
3200,27,3211,259,33
3204,27,3211,259,33
3206,27,3211,259,33
3200,27,3212,33,259
3203,27,3212,259,33
3205,27,3212,259,33
3200,27,3213,33,259
3205,27,3213,33,259
3200,27,3214,33,259
3206,27,3214,259,33
3200,27,3215,33,259
3206,27,3215,33,259
3207,27,3215,259,33
3208,27,3215,33,259
3213,28,3200,256,849
3214,28,3200,259,849
3215,28,3200,259,849
3202,28,3201,33,259
3214,28,3201,259,849
3215,28,3201,259,849
3200,28,3202,33,259
3201,28,3202,33,259
3204,28,3202,33,259
3207,28,3202,259,33
3215,28,3202,259,849
3206,28,3203,259,33
3208,28,3203,259,33
3201,28,3204,33,259
3202,28,3204,259,33
3205,28,3204,33,259
3207,28,3204,259,33
3200,28,3205,33,259
3202,28,3205,33,259
3203,28,3205,259,33
3200,28,3206,33,259
3201,28,3206,33,259
3203,28,3206,33,259
3201,28,3207,33,259
3202,28,3207,33,259
3200,28,3208,33,259
3202,28,3208,33,259
3201,28,3209,33,259
3202,28,3209,33,259
3203,28,3209,33,259
3200,28,3211,259,33
3204,28,3211,259,33
3206,28,3211,259,33
3200,28,3212,33,259
3203,28,3212,259,33
3205,28,3212,259,33
3200,28,3213,33,259
3204,28,3213,259,33
3205,28,3213,33,259
3200,28,3214,33,259
3200,28,3215,33,259
3206,28,3215,33,259
3207,28,3215,259,33
3214,29,3200,259,849
3215,29,3200,259,849
3215,29,3201,259,849
3201,29,3205,33,259
3200,29,3206,33,259
3202,29,3206,33,259
3201,29,3207,33,259
3200,29,3208,33,259
3202,29,3208,33,259
3202,29,3209,33,259
3203,29,3209,33,259
3204,29,3211,259,33
3206,29,3211,259,33
3200,29,3212,33,259
3205,29,3212,259,33
3200,29,3213,33,259
3204,29,3213,259,33
3205,29,3213,33,259
3200,29,3214,33,259
3200,29,3215,33,259
3202,30,3200,607,849
3203,30,3200,259,256
3204,30,3200,259,256
3215,30,3200,259,849
3201,30,3205,33,259
3202,30,3206,33,259
3202,30,3208,33,259
3204,30,3211,259,33
3206,30,3211,259,33
3205,30,3212,259,33
3204,30,3213,259,33
3205,30,3213,33,259
3200,30,3214,33,259
3200,31,3200,259,256
3201,31,3200,259,849
3202,31,3200,259,849
3203,31,3200,259,849
3204,31,3200,259,256
3205,31,3200,259,256
3204,31,3201,259,849
3205,31,3201,259,256
3204,31,3211,259,33
3205,31,3212,259,33
3204,31,3213,259,33
3200,32,3200,259,849
3201,32,3200,259,849
3202,32,3200,259,849
3203,32,3200,259,849
3204,32,3200,259,849
3205,32,3200,259,256
3206,32,3200,259,256
3215,32,3200,259,849
3200,32,3201,259,849
3201,32,3201,259,849
3202,32,3201,259,849
3203,32,3201,259,849
3204,32,3201,259,849
3205,32,3201,259,849
3206,32,3201,259,256
3204,32,3202,259,849
3205,32,3202,259,256
3200,33,3200,259,849
3201,33,3200,259,849
3202,33,3200,259,849
3203,33,3200,259,849
3204,33,3200,259,849
3205,33,3200,259,849
3206,33,3200,849,256
3207,33,3200,849,256
3214,33,3200,259,849
3215,33,3200,259,849
3201,33,3201,259,849
3202,33,3201,259,849
3203,33,3201,259,849
3204,33,3201,259,849
3205,33,3201,259,849
3206,33,3201,259,849
3207,33,3201,849,256
3215,33,3201,259,849
3200,33,3202,259,849
3201,33,3202,259,849
3202,33,3202,259,849
3203,33,3202,259,849
3204,33,3202,259,849
3205,33,3202,259,849
3206,33,3202,849,256
3206,33,3204,849,256
3201,34,3200,259,849
3202,34,3200,259,849
3203,34,3200,259,849
3204,34,3200,259,849
3207,34,3200,849,256
3208,34,3200,849,256
3214,34,3200,259,849
3215,34,3200,259,849
3200,34,3201,849,259
3202,34,3201,259,849
3203,34,3201,259,849
3204,34,3201,259,849
3205,34,3201,259,849
3207,34,3201,849,256
3208,34,3201,849,256
3214,34,3201,259,417
3215,34,3201,259,849
3201,34,3202,259,849
3202,34,3202,259,849
3203,34,3202,259,849
3204,34,3202,259,849
3207,34,3202,849,256
3215,34,3202,259,417
3200,34,3203,259,849
3201,34,3203,259,849
3202,34,3203,259,849
3203,34,3203,259,849
3207,34,3204,849,256
3215,34,3204,256,259
3207,34,3205,849,256
3208,34,3205,849,256
3214,34,3205,256,259
3206,34,3206,849,256
3213,34,3206,256,259
3215,34,3206,256,259
3205,34,3207,259,256
3208,34,3207,256,259
3209,34,3207,256,259
3210,34,3207,256,259
3212,34,3207,256,259
3213,34,3207,256,259
3214,34,3207,256,259
3215,34,3207,256,259
3206,34,3208,259,256
3208,34,3208,256,259
3209,34,3208,256,259
3210,34,3208,256,259
3212,34,3208,256,259
3213,34,3208,256,259
3214,34,3208,256,259
3208,34,3209,256,259
3211,34,3209,256,259
3213,34,3209,256,259
3215,34,3209,256,259
3210,34,3210,256,259
3200,35,3200,849,259
3202,35,3200,259,849
3203,35,3200,259,849
3207,35,3200,849,256
3212,35,3200,256,259
3214,35,3200,259,849
3215,35,3200,259,849
3200,35,3201,849,259
3201,35,3201,849,259
3203,35,3201,259,849
3204,35,3201,259,849
3207,35,3201,849,256
3208,35,3201,849,256
3213,35,3201,256,849
3214,35,3201,259,849
3215,35,3201,259,849
3200,35,3202,849,259
3202,35,3202,259,849
3203,35,3202,259,849
3208,35,3202,849,256
3214,35,3202,256,849
3215,35,3202,259,849
3201,35,3203,259,849
3202,35,3203,259,849
3203,35,3203,259,849
3215,35,3203,256,849
3200,35,3204,259,849
3201,35,3204,259,849
3202,35,3204,259,849
3203,35,3204,259,849
3204,35,3204,259,849
3208,35,3204,849,256
3214,35,3204,256,259
3200,35,3205,259,849
3201,35,3205,259,849
3202,35,3205,259,849
3204,35,3205,259,849
3207,35,3205,849,256
3208,35,3205,849,256
3213,35,3205,256,259
3214,35,3205,256,259
3215,35,3205,256,259
3201,35,3206,259,849
3205,35,3206,259,849
3206,35,3206,849,256
3207,35,3206,849,256
3212,35,3206,256,259
3213,35,3206,256,259
3214,35,3206,256,259
3215,35,3206,256,259
3206,35,3207,259,256
3209,35,3207,256,259
3211,35,3207,256,259
3212,35,3207,256,259
3213,35,3207,256,259
3214,35,3207,256,259
3215,35,3207,256,259
3207,35,3208,259,256
3208,35,3208,256,259
3209,35,3208,256,259
3210,35,3208,256,259
3211,35,3208,256,259
3212,35,3208,256,259
3213,35,3208,256,259
3214,35,3208,256,259
3215,35,3208,256,259
3208,35,3209,256,259
3209,35,3209,256,259
3210,35,3209,256,259
3214,35,3209,256,259
3215,35,3209,256,259
3209,35,3210,45,259
3215,35,3210,256,259
3202,35,3211,259,607
3200,36,3200,849,259
3201,36,3200,849,259
3207,36,3200,849,256
3213,36,3200,256,849
3214,36,3200,259,849
3215,36,3200,259,849
3200,36,3201,849,259
3201,36,3201,849,259
3202,36,3201,849,259
3208,36,3201,849,256
3209,36,3201,849,256
3212,36,3201,256,849
3213,36,3201,256,849
3214,36,3201,256,849
3215,36,3201,259,849
3200,36,3202,849,259
3201,36,3202,849,259
3203,36,3202,259,849
3209,36,3202,849,256
3213,36,3202,256,849
3214,36,3202,256,849
3215,36,3202,256,849
3200,36,3203,849,259
3202,36,3203,259,849
3203,36,3203,259,849
3204,36,3203,259,849
3214,36,3203,256,849
3215,36,3203,256,849
3201,36,3204,259,849
3202,36,3204,259,849
3204,36,3204,259,849
3205,36,3204,259,849
3209,36,3204,849,256
3213,36,3204,256,259
3215,36,3204,256,849
3200,36,3205,259,256
3201,36,3205,259,849
3205,36,3205,259,849
3208,36,3205,849,256
3212,36,3205,256,259
3213,36,3205,256,259
3214,36,3205,256,259
3200,36,3206,259,256
3206,36,3206,259,849
3207,36,3206,849,256
3213,36,3206,256,259
3214,36,3206,256,259
3215,36,3206,256,259
3207,36,3207,259,256
3212,36,3207,256,259
3213,36,3207,256,259
3214,36,3207,256,259
3215,36,3207,256,259
3209,36,3208,256,259
3211,36,3208,256,259
3212,36,3208,256,259
3213,36,3208,256,259
3214,36,3208,256,259
3215,36,3208,256,259
3209,36,3209,256,259
3215,36,3209,256,259
3201,36,3213,259,256
3200,36,3214,259,256
3201,36,3214,259,256
3200,37,3200,849,259
3201,37,3200,849,259
3207,37,3200,259,849
3212,37,3200,256,849
3213,37,3200,256,849
3214,37,3200,259,849
3215,37,3200,259,849
3200,37,3201,849,259
3201,37,3201,849,259
3202,37,3201,849,259
3208,37,3201,259,849
3209,37,3201,849,256
3210,37,3201,849,256
3212,37,3201,256,849
3213,37,3201,256,849
3214,37,3201,256,849
3215,37,3201,259,849
3201,37,3202,849,259
3203,37,3202,259,849
3204,37,3202,259,849
3210,37,3202,849,256
3212,37,3202,256,849
3213,37,3202,256,849
3214,37,3202,256,849
3215,37,3202,256,849
3200,37,3203,849,259
3202,37,3203,259,849
3203,37,3203,259,849
3204,37,3203,259,849
3205,37,3203,259,849
3213,37,3203,256,849
3214,37,3203,256,849
3215,37,3203,256,849
3201,37,3204,259,849
3205,37,3204,259,849
3206,37,3204,259,849
3214,37,3204,256,849
3215,37,3204,256,849
3200,37,3205,259,849
3206,37,3205,259,849
3213,37,3205,256,259
3215,37,3205,256,849
3214,37,3206,256,259
3213,37,3207,256,259
3214,37,3207,256,259
3215,37,3207,256,259
3212,37,3208,256,259
3213,37,3208,256,259
3214,37,3208,256,259
3215,37,3208,256,259
3209,37,3209,256,259
3215,37,3209,256,259
3201,37,3212,259,256
3200,37,3213,259,256
3201,37,3213,259,256
3200,37,3214,259,256
3201,37,3214,259,256
3210,37,3215,256,849
3200,38,3200,849,259
3201,38,3200,849,259
3208,38,3200,259,849
3209,38,3200,849,256
3210,38,3200,849,256
3212,38,3200,256,849
3213,38,3200,259,849
3214,38,3200,259,849
3200,38,3201,849,259
3201,38,3201,849,259
3204,38,3201,259,849
3210,38,3201,849,256
3211,38,3201,849,256
3212,38,3201,256,849
3213,38,3201,256,849
3214,38,3201,259,849
3215,38,3201,259,849
3204,38,3202,259,849
3205,38,3202,259,849
3211,38,3202,849,256
3212,38,3202,256,849
3213,38,3202,256,849
3214,38,3202,256,849
3215,38,3202,259,849
3204,38,3203,259,849
3205,38,3203,259,849
3206,38,3203,259,849
3212,38,3203,256,849
3213,38,3203,256,849
3214,38,3203,256,849
3215,38,3203,256,849
3206,38,3204,259,849
3213,38,3204,256,849
3214,38,3204,256,849
3215,38,3204,256,849
3214,38,3205,256,849
3215,38,3205,256,849
3215,38,3206,256,849
3214,38,3207,256,259
3213,38,3208,256,259
3215,38,3208,417,259
3200,38,3213,259,256
3201,38,3213,259,256
3200,38,3214,259,256
3209,38,3215,256,849
3210,38,3215,256,849
3200,39,3200,849,259
3201,39,3200,849,259
3202,39,3200,849,259
3203,39,3200,259,849
3204,39,3200,259,849
3208,39,3200,849,259
3209,39,3200,849,259
3210,39,3200,849,256
3211,39,3200,849,256
3212,39,3200,259,849
3213,39,3200,259,849
3200,39,3201,849,259
3201,39,3201,849,259
3204,39,3201,259,849
3205,39,3201,259,849
3209,39,3201,849,256
3211,39,3201,849,256
3212,39,3201,256,849
3213,39,3201,259,849
3214,39,3201,259,849
3204,39,3202,259,849
3205,39,3202,259,849
3206,39,3202,259,849
3212,39,3202,256,849
3213,39,3202,256,849
3214,39,3202,259,849
3215,39,3202,259,849
3205,39,3203,259,849
3206,39,3203,259,849
3213,39,3203,256,849
3214,39,3203,256,849
3215,39,3203,259,849
3206,39,3204,259,849
3214,39,3204,256,849
3215,39,3204,256,849
3215,39,3205,256,849
3202,39,3212,256,259
3204,39,3215,259,849
3208,39,3215,256,849
3209,39,3215,256,849
3200,40,3200,849,259
3201,40,3200,849,259
3203,40,3200,259,849
3207,40,3200,849,259
3208,40,3200,849,259
3209,40,3200,849,259
3212,40,3200,256,849
3200,40,3201,849,259
3204,40,3201,259,849
3208,40,3201,849,259
3212,40,3201,256,849
3213,40,3201,256,849
3205,40,3202,259,849
3213,40,3202,256,849
3214,40,3202,256,849
3206,40,3203,259,849
3214,40,3203,256,849
3215,40,3203,256,849
3215,40,3204,256,849
3202,40,3211,256,259
3201,40,3213,259,417
3203,40,3215,259,849
3208,40,3215,256,849
3200,41,3200,849,259
3203,41,3200,849,259
3206,41,3200,849,259
3207,41,3200,849,259
3208,41,3200,849,259
3209,41,3200,849,259
3210,41,3200,256,259
3211,41,3200,256,259
3204,41,3201,849,259
3207,41,3201,849,259
3209,41,3201,849,259
3212,41,3201,256,849
3205,41,3202,849,259
3212,41,3202,256,849
3213,41,3202,256,849
3213,41,3203,256,849
3214,41,3203,256,849
3214,41,3204,256,849
3215,41,3204,256,849
3215,41,3205,256,849
3202,41,3210,256,259
3209,41,3215,259,849
3204,42,3200,849,259
3205,42,3200,849,259
3206,42,3200,849,259
3207,42,3200,849,259
3209,42,3200,849,259
3210,42,3200,849,259
3205,42,3201,849,259
3206,42,3201,849,259
3210,42,3201,256,259
3211,42,3201,256,259
3214,42,3204,256,849
3215,42,3205,256,849
3202,42,3209,256,259
3209,42,3214,259,849
3208,42,3215,259,849
3204,43,3200,259,256
3205,43,3200,849,259
3206,43,3200,849,259
3210,43,3200,849,259
3205,43,3201,259,256
3203,43,3206,256,259
3200,43,3207,256,259
3202,43,3207,256,259
3203,43,3207,256,259
3200,43,3208,256,259
3201,43,3208,256,259
3202,43,3208,256,259
3201,43,3209,256,259
3202,43,3209,256,259
3208,43,3215,259,849
3204,44,3201,259,256
3203,45,3200,33,259
3204,45,3200,33,259
3205,45,3200,33,259
3203,45,3201,33,259
3204,45,3201,33,259
3200,45,3202,33,607
3201,45,3202,33,607
3202,45,3202,33,259
3203,45,3202,33,259
3204,45,3202,33,259
3203,45,3203,33,259
3204,45,3203,33,259
3205,45,3203,33,259
3200,45,3204,33,259
3201,45,3204,33,259
3202,45,3204,33,259
3203,45,3204,33,259
3204,45,3204,33,259
3205,45,3204,33,259
3206,45,3204,33,259
3207,45,3204,33,259
3200,45,3205,33,259
3201,45,3205,33,259
3202,45,3205,33,259
3203,45,3205,33,259
3204,45,3205,33,259
3205,45,3205,33,259
3206,45,3205,33,259
3207,45,3205,33,259
3200,45,3206,607,259
3201,45,3206,33,259
3202,45,3206,33,259
3203,45,3206,33,259
3204,45,3206,33,259
3205,45,3206,33,259
3206,45,3206,33,259
3200,45,3207,33,607
3201,45,3207,33,259
3202,45,3207,33,259
3203,45,3207,33,259
3204,45,3207,33,259
3205,45,3207,33,259
3208,45,3207,33,259
3209,45,3207,33,259
3200,45,3208,33,607
3202,45,3208,607,259
3203,45,3208,33,259
3204,45,3208,33,259
3207,45,3208,33,259
3208,45,3208,33,259
3201,45,3209,607,33
3202,45,3209,33,607
3203,45,3209,33,259
3204,45,3209,607,259
3206,45,3209,33,259
3207,45,3209,33,259
3201,45,3210,607,33
3203,45,3210,33,607
3204,45,3210,607,259
3205,45,3210,33,259
3206,45,3210,33,259
3201,45,3211,607,33
3205,45,3211,33,259
3206,45,3211,33,259
3201,45,3212,607,33
3204,45,3212,607,33
3205,45,3212,33,607
3206,45,3212,33,259
3207,45,3212,607,259
3209,45,3212,33,849
3203,45,3213,607,33
3206,45,3213,607,33
3207,45,3213,259,33
3203,45,3214,607,33
3210,45,3214,849,33
3205,45,3215,607,33
3208,45,3215,33,849
3209,45,3215,849,33
3210,45,3215,849,33
3211,45,3215,33,849
3203,46,3200,0,259
3204,46,3200,0,259
3205,46,3200,0,259
3203,46,3201,0,259
3204,46,3201,0,259
3203,46,3202,0,259
3204,46,3202,0,259
3203,46,3203,0,259
3204,46,3203,0,259
3205,46,3203,0,259
3200,46,3204,0,259
3201,46,3204,0,259
3202,46,3204,0,259
3203,46,3204,0,259
3204,46,3204,0,259
3205,46,3204,0,259
3206,46,3204,0,259
3207,46,3204,0,259
3200,46,3205,0,259
3201,46,3205,0,259
3202,46,3205,0,259
3203,46,3205,0,259
3204,46,3205,0,259
3205,46,3205,0,259
3206,46,3205,0,259
3207,46,3205,0,259
3200,46,3206,0,259
3201,46,3206,0,259
3202,46,3206,0,259
3203,46,3206,0,259
3204,46,3206,0,259
3205,46,3206,0,259
3206,46,3206,0,259
3201,46,3207,0,259
3202,46,3207,0,259
3203,46,3207,0,259
3204,46,3207,0,259
3205,46,3207,0,259
3208,46,3207,0,259
3209,46,3207,0,259
3202,46,3208,0,259
3203,46,3208,0,259
3205,46,3208,0,259
3206,46,3208,0,259
3207,46,3208,0,259
3208,46,3208,0,259
3203,46,3209,0,259
3206,46,3209,0,259
3207,46,3209,0,259
3207,46,3210,0,259
3202,47,3200,0,259
3203,47,3200,0,259
3204,47,3200,0,259
3205,47,3200,0,259
3203,47,3201,0,259
3204,47,3201,0,259
3203,47,3202,0,259
3204,47,3202,0,259
3205,47,3202,0,259
3203,47,3203,0,259
3204,47,3203,0,259
3205,47,3203,0,259
3212,47,3203,607,259
3200,47,3204,0,259
3201,47,3204,0,259
3202,47,3204,0,259
3203,47,3204,0,607
3204,47,3204,0,259
3205,47,3204,0,259
3206,47,3204,0,259
3207,47,3204,0,259
3200,47,3205,0,259
3201,47,3205,0,607
3202,47,3205,0,607
3203,47,3205,0,259
3204,47,3205,0,259
3205,47,3205,0,259
3206,47,3205,0,259
3207,47,3205,0,259
3200,47,3206,0,259
3201,47,3206,0,607
3202,47,3206,0,259
3203,47,3206,0,259
3204,47,3206,0,259
3205,47,3206,0,259
3206,47,3206,0,259
3201,47,3207,0,259
3202,47,3207,0,33
3203,47,3207,0,607
3204,47,3207,0,259
3205,47,3207,0,259
3208,47,3207,0,259
3209,47,3207,0,259
3202,47,3208,0,259
3203,47,3208,0,259
3205,47,3208,0,259
3206,47,3208,0,259
3208,47,3208,0,259
3203,47,3209,0,259
3206,47,3209,0,259
3207,47,3209,0,259
3203,48,3200,0,259
3204,48,3200,0,259
3205,48,3200,0,259
3203,48,3201,0,259
3204,48,3201,0,259
3203,48,3202,0,259
3204,48,3202,0,259
3205,48,3202,0,259
3204,48,3203,0,259
3205,48,3203,0,259
3212,48,3203,0,259
3204,48,3204,0,259
3205,48,3204,0,259
3206,48,3204,0,259
3207,48,3204,0,259
3203,48,3205,0,259
3204,48,3205,0,259
3205,48,3205,0,259
3206,48,3205,0,259
3207,48,3205,0,259
3202,48,3206,0,259
3203,48,3206,0,259
3204,48,3206,0,259
3205,48,3206,0,259
3206,48,3206,0,259
3201,48,3207,0,259
3204,48,3207,0,259
3205,48,3207,0,259
3208,48,3207,0,259
3209,48,3207,0,259
3208,48,3208,0,259
3206,48,3209,0,259
3210,48,3209,0,259
3203,49,3200,0,259
3204,49,3200,0,259
3205,49,3200,0,259
3203,49,3201,0,259
3204,49,3201,0,259
3204,49,3202,0,259
3205,49,3202,0,259
3204,49,3203,0,259
3205,49,3203,0,259
3212,49,3203,0,259
3204,49,3204,0,259
3205,49,3204,0,259
3206,49,3204,0,259
3207,49,3204,0,259
3204,49,3205,0,259
3205,49,3205,0,259
3206,49,3205,0,259
3207,49,3205,0,259
3205,49,3206,0,259
3206,49,3206,0,259
3205,49,3207,0,259
3208,49,3207,0,259
3209,49,3207,0,259
3208,49,3208,0,259
3210,49,3209,0,259
3203,50,3200,0,259
3204,50,3200,0,259
3205,50,3200,0,259
3203,50,3201,0,259
3204,50,3201,0,259
3205,50,3202,0,259
3204,50,3203,0,259
3205,50,3203,0,259
3212,50,3203,0,259
3204,50,3204,0,259
3205,50,3204,0,259
3206,50,3204,0,259
3207,50,3204,0,259
3204,50,3205,0,259
3205,50,3205,0,259
3206,50,3205,0,259
3207,50,3205,0,259
3205,50,3206,0,259
3206,50,3206,0,259
3208,50,3206,259,0
3208,50,3207,0,259
3209,50,3207,0,259
3208,50,3208,0,259
3208,50,3209,259,0
3210,50,3209,0,259
3211,50,3209,259,0
3208,50,3210,259,0
3204,51,3200,0,259
3205,51,3200,0,259
3204,51,3201,0,259
3211,51,3201,33,259
3205,51,3202,0,259
3214,51,3202,259,607
3204,51,3203,0,259
3205,51,3203,0,259
3211,51,3203,259,607
3212,51,3203,0,259
3205,51,3204,0,259
3206,51,3204,0,259
3207,51,3204,0,259
3212,51,3204,259,33
3205,51,3205,0,259
3206,51,3205,0,259
3207,51,3205,0,259
3206,51,3206,0,259
3208,51,3206,259,0
3211,51,3206,259,0
3208,51,3207,0,259
3209,51,3207,0,259
3208,51,3208,0,259
3208,51,3209,259,0
3209,51,3209,259,0
3211,51,3209,259,0
3212,51,3210,259,0
3213,51,3210,259,0
3204,52,3200,0,259
3205,52,3200,0,259
3210,52,3200,259,33
3204,52,3201,0,259
3211,52,3201,0,33
3205,52,3202,0,259
3212,52,3202,259,33
3214,52,3202,259,0
3205,52,3203,0,259
3211,52,3203,259,0
3212,52,3203,0,259
3213,52,3203,259,33
3205,52,3204,0,259
3206,52,3204,0,259
3207,52,3204,0,259
3212,52,3204,259,0
3206,52,3205,0,259
3207,52,3205,0,259
3213,52,3205,259,33
3206,52,3206,0,259
3208,52,3206,259,0
3211,52,3206,259,0
3208,52,3207,0,259
3209,52,3207,0,259
3210,52,3207,259,0
3208,52,3208,0,259
3212,52,3208,259,0
3213,52,3208,259,0
3208,52,3209,259,0
3209,52,3209,259,0
3213,52,3209,259,0
3209,52,3210,259,0
3212,52,3210,259,0
3213,52,3210,259,0
3204,53,3200,0,259
3205,53,3200,0,259
3210,53,3200,259,0
3204,53,3201,0,259
3205,53,3202,0,259
3212,53,3202,259,0
3214,53,3202,259,0
3207,53,3203,259,0
3211,53,3203,259,0
3212,53,3203,0,259
3213,53,3203,259,0
3206,53,3204,0,259
3207,53,3204,0,259
3208,53,3204,259,0
3211,53,3204,259,0
3212,53,3204,259,0
3207,53,3205,0,259
3208,53,3205,259,0
3211,53,3205,259,0
3213,53,3205,259,0
3207,53,3206,259,0
3208,53,3206,259,0
3211,53,3206,259,0
3213,53,3206,259,0
3206,53,3207,259,0
3208,53,3207,0,259
3210,53,3207,259,0
3208,53,3208,0,259
3209,53,3208,259,0
3211,53,3208,259,0
3212,53,3208,259,0
3213,53,3208,259,0
3209,53,3209,259,0
3212,53,3209,259,0
3213,53,3209,259,0
3211,53,3210,259,0
3213,53,3210,259,0
3204,54,3200,0,259
3205,54,3200,0,259
3206,54,3200,0,259
3210,54,3200,259,0
3212,54,3202,259,0
3214,54,3202,259,0
3206,54,3203,259,0
3207,54,3203,259,0
3209,54,3203,259,0
3210,54,3203,259,0
3211,54,3203,259,0
3213,54,3203,259,0
3207,54,3204,0,259
3208,54,3204,259,0
3211,54,3204,259,0
3212,54,3204,259,0
3208,54,3205,259,0
3209,54,3205,259,0
3211,54,3205,259,0
3212,54,3205,259,0
3213,54,3205,259,0
3207,54,3206,259,0
3208,54,3206,259,0
3211,54,3206,259,0
3212,54,3206,259,0
3213,54,3206,259,0
3206,54,3207,259,0
3210,54,3207,259,0
3211,54,3207,259,0
3213,54,3207,259,0
3208,54,3208,0,259
3209,54,3208,259,0
3211,54,3208,259,0
3212,54,3208,259,0
3209,54,3209,259,0
3213,54,3209,259,0
3211,54,3210,259,0
3205,55,3200,0,259
3206,55,3200,0,259
3214,55,3200,0,259
3205,55,3201,259,0
3214,55,3201,259,0
3215,55,3201,259,0
3208,55,3202,259,0
3212,55,3202,259,0
3214,55,3202,259,0
3215,55,3202,259,0
3206,55,3203,259,0
3207,55,3203,259,0
3208,55,3203,259,0
3209,55,3203,259,0
3211,55,3203,259,0
3213,55,3203,259,0
3214,55,3203,259,0
3215,55,3203,259,0
3208,55,3204,259,0
3210,55,3204,259,0
3211,55,3204,259,0
3212,55,3204,259,0
3213,55,3204,259,0
3215,55,3204,259,0
3208,55,3205,259,0
3209,55,3205,259,0
3211,55,3205,259,0
3212,55,3205,259,0
3213,55,3205,259,0
3214,55,3205,259,0
3215,55,3205,259,0
3207,55,3206,259,0
3208,55,3206,259,0
3211,55,3206,259,0
3212,55,3206,259,0
3213,55,3206,259,0
3214,55,3206,259,0
3215,55,3206,259,0
3207,55,3207,259,0
3210,55,3207,259,0
3211,55,3207,259,0
3212,55,3207,259,0
3213,55,3207,259,0
3208,55,3208,0,259
3209,55,3208,259,0
3210,55,3208,259,0
3211,55,3208,259,0
3212,55,3208,259,0
3213,55,3209,259,0
3206,56,3200,0,259
3209,56,3200,0,259
3214,56,3200,0,259
3205,56,3201,259,0
3208,56,3201,259,0
3214,56,3201,259,0
3206,56,3202,0,259
3207,56,3202,259,0
3208,56,3202,259,0
3209,56,3202,259,0
3211,56,3202,259,0
3212,56,3202,259,0
3215,56,3202,259,0
3206,56,3203,259,0
3208,56,3203,259,0
3209,56,3203,259,0
3213,56,3203,259,0
3215,56,3203,259,0
3208,56,3204,259,0
3211,56,3204,259,0
3212,56,3204,259,0
3213,56,3204,259,0
3214,56,3204,259,0
3215,56,3204,259,0
3208,56,3205,259,0
3209,56,3205,259,0
3211,56,3205,259,0
3212,56,3205,259,0
3214,56,3205,259,0
3215,56,3205,259,0
3207,56,3206,259,0
3213,56,3206,259,0
3214,56,3206,259,0
3215,56,3206,259,0
3207,56,3207,259,0
3210,56,3207,259,0
3211,56,3207,259,0
3212,56,3207,259,0
3213,56,3207,259,0
3209,56,3208,259,0
3210,56,3208,259,0
3211,56,3208,259,0
3212,56,3208,259,0
3209,57,3200,0,259
3211,57,3200,0,259
3212,57,3200,259,0
3213,57,3200,0,259
3208,57,3201,259,0
3210,57,3201,259,0
3212,57,3201,0,259
3213,57,3201,259,0
3206,57,3202,0,259
3207,57,3202,259,0
3208,57,3202,259,0
3210,57,3202,0,259
3211,57,3202,259,0
3212,57,3202,259,0
3209,57,3203,259,0
3215,57,3203,259,0
3211,57,3204,259,0
3212,57,3204,259,0
3213,57,3204,259,0
3214,57,3204,259,0
3208,57,3205,259,0
3209,57,3205,259,0
3211,57,3205,259,0
3212,57,3205,259,0
3214,57,3205,259,0
3207,57,3206,259,0
3213,57,3206,259,0
3215,57,3206,259,0
3210,57,3207,259,0
3211,57,3207,259,0
3212,57,3207,259,0
3213,57,3207,259,0
3209,57,3208,259,0
3210,57,3208,259,0
3211,57,3208,259,0
3212,58,3200,259,0
3213,58,3200,0,259
3206,58,3201,0,259
3208,58,3201,259,0
3212,58,3201,0,259
3213,58,3201,259,0
3209,58,3203,259,0
3215,58,3203,259,0
3213,58,3204,259,0
3208,58,3205,259,0
3209,58,3205,259,0
3212,58,3205,259,0
3214,58,3205,259,0
3213,58,3206,259,0
3211,58,3207,259,0
3212,58,3207,259,0
3213,58,3207,259,0
3209,58,3208,259,0
3210,58,3208,259,0
3207,59,3200,0,259
3208,59,3200,0,259
3213,59,3200,0,259
3215,59,3200,259,0
3207,59,3201,0,259
3208,59,3201,259,0
3207,60,3200,0,259
3213,60,3200,0,259
3207,60,3201,0,259
3213,61,3200,0,259
3208,68,3200,259,849
3215,68,3204,849,259
3200,69,3200,256,259
3208,69,3200,259,849
3209,69,3200,259,849
3210,69,3200,259,849
3211,69,3200,259,849
3212,69,3200,259,849
3210,69,3201,259,849
3211,69,3201,259,849
3211,69,3202,259,256
3212,69,3202,259,256
3213,69,3203,259,256
3213,69,3204,259,256
3214,69,3204,259,256
3200,70,3200,256,259
3201,70,3200,256,259
3206,70,3200,259,849
3207,70,3200,259,849
3208,70,3200,259,849
3209,70,3200,259,849
3210,70,3200,259,849
3211,70,3200,259,849
3212,70,3200,259,849
3213,70,3200,259,849
3200,70,3201,256,259
3209,70,3201,259,849
3210,70,3201,259,849
3211,70,3201,259,849
3212,70,3201,259,849
3210,70,3202,259,849
3211,70,3202,259,849
3212,70,3202,259,256
3213,70,3202,259,256
3212,70,3203,259,256
3213,70,3203,259,256
3214,70,3203,259,256
3213,70,3204,259,256
3214,70,3204,259,256
3215,70,3204,849,256
3200,71,3200,256,259
3201,71,3200,256,259
3202,71,3200,256,849
3206,71,3200,259,849
3207,71,3200,259,849
3208,71,3200,259,849
3209,71,3200,259,849
3210,71,3200,259,849
3211,71,3200,259,849
3212,71,3200,259,849
3213,71,3200,259,849
3201,71,3201,256,259
3207,71,3201,259,849
3208,71,3201,259,849
3209,71,3201,259,849
3210,71,3201,259,849
3211,71,3201,259,849
3212,71,3201,259,849
3213,71,3201,259,849
3209,71,3202,259,849
3210,71,3202,259,849
3211,71,3202,259,849
3212,71,3202,259,849
3213,71,3202,259,256
3211,71,3203,259,849
3212,71,3203,259,256
3213,71,3203,259,256
3214,71,3203,259,256
3215,71,3203,849,259
3212,71,3204,259,256
3213,71,3204,259,256
3214,71,3204,849,256
3215,71,3204,849,256
3215,71,3205,849,256
3201,72,3200,259,849
3202,72,3200,259,849
3203,72,3200,259,849
3206,72,3200,259,849
3207,72,3200,259,849
3208,72,3200,259,849
3209,72,3200,259,849
3210,72,3200,259,849
3211,72,3200,259,849
3212,72,3200,259,849
3213,72,3200,259,849
3202,72,3201,256,849
3207,72,3201,259,849
3208,72,3201,259,849
3209,72,3201,259,849
3210,72,3201,259,849
3211,72,3201,259,849
3212,72,3201,259,849
3213,72,3201,259,256
3209,72,3202,256,849
3210,72,3202,259,849
3211,72,3202,259,849
3212,72,3202,259,256
3213,72,3202,259,256
3215,72,3202,849,259
3210,72,3203,256,849
3211,72,3203,259,256
3212,72,3203,259,256
3213,72,3203,259,256
3214,72,3203,849,259
3215,72,3203,849,259
3212,72,3204,259,256
3213,72,3204,849,256
3214,72,3204,849,256
3215,72,3204,849,259
3214,72,3205,849,256
3215,72,3205,849,256
3215,72,3206,849,256
3200,73,3200,259,849
3201,73,3200,259,849
3202,73,3200,259,849
3203,73,3200,259,849
3205,73,3200,259,849
3206,73,3200,259,849
3207,73,3200,259,849
3208,73,3200,259,849
3209,73,3200,259,849
3210,73,3200,259,849
3211,73,3200,259,849
3212,73,3200,259,849
3201,73,3201,256,849
3202,73,3201,259,849
3206,73,3201,259,849
3207,73,3201,256,849
3208,73,3201,259,849
3209,73,3201,256,849
3210,73,3201,259,849
3211,73,3201,259,849
3215,73,3201,849,259
3202,73,3202,256,849
3209,73,3202,256,849
3210,73,3202,256,849
3211,73,3202,259,256
3212,73,3202,259,256
3213,73,3202,259,256
3214,73,3202,849,259
3215,73,3202,849,259
3212,73,3203,259,256
3213,73,3203,849,256
3215,73,3203,849,259
3212,73,3204,849,256
3213,73,3204,849,256
3214,73,3204,849,259
3215,73,3204,849,259
3213,73,3205,849,256
3214,73,3205,849,256
3215,73,3205,849,256
3214,73,3206,849,256
3215,73,3206,849,256
3200,74,3200,259,849
3201,74,3200,259,849
3202,74,3200,259,849
3203,74,3200,259,849
3205,74,3200,259,849
3206,74,3200,259,849
3207,74,3200,259,849
3208,74,3200,259,849
3209,74,3200,259,849
3210,74,3200,259,849
3211,74,3200,259,849
3213,74,3200,259,45
3214,74,3200,259,45
3200,74,3201,256,849
3201,74,3201,259,849
3202,74,3201,259,849
3203,74,3201,259,849
3206,74,3201,259,849
3207,74,3201,259,849
3208,74,3201,256,849
3209,74,3201,256,849
3210,74,3201,259,849
3215,74,3201,849,259
3201,74,3202,256,849
3202,74,3202,259,849
3207,74,3202,256,849
3208,74,3202,256,849
3209,74,3202,256,849
3212,74,3202,259,45
3214,74,3202,849,259
3215,74,3202,849,259
3212,74,3203,849,256
3215,74,3203,849,259
3213,74,3204,849,256
3214,74,3204,849,256
3215,74,3204,849,259
3214,74,3205,849,256
3215,74,3205,849,256
3215,74,3206,849,256
3200,75,3200,259,849
3201,75,3200,259,849
3202,75,3200,259,849
3203,75,3200,259,849
3204,75,3200,259,849
3205,75,3200,259,849
3206,75,3200,259,849
3207,75,3200,259,849
3208,75,3200,259,849
3209,75,3200,259,849
3200,75,3201,259,849
3201,75,3201,259,849
3202,75,3201,259,849
3203,75,3201,259,849
3205,75,3201,259,849
3206,75,3201,259,849
3207,75,3201,259,849
3208,75,3201,259,849
3209,75,3201,259,849
3200,75,3202,256,849
3201,75,3202,259,849
3202,75,3202,259,849
3206,75,3202,259,849
3207,75,3202,259,849
3208,75,3202,256,849
3212,75,3202,849,259
3214,75,3202,849,259
3215,75,3202,849,259
3200,75,3203,256,849
3201,75,3203,256,849
3202,75,3203,849,256
3213,75,3203,849,256
3214,75,3203,849,256
3215,75,3203,849,259
3200,75,3204,256,849
3201,75,3204,849,256
3214,75,3204,849,256
3215,75,3204,849,256
3215,75,3205,849,256
3200,76,3200,259,849
3201,76,3200,259,849
3202,76,3200,259,849
3203,76,3200,259,849
3204,76,3200,259,849
3205,76,3200,259,849
3206,76,3200,259,849
3207,76,3200,259,849
3208,76,3200,259,849
3200,76,3201,256,849
3201,76,3201,259,849
3202,76,3201,259,849
3203,76,3201,259,849
3204,76,3201,259,849
3205,76,3201,259,849
3206,76,3201,259,849
3207,76,3201,259,849
3208,76,3201,256,849
3200,76,3202,256,849
3201,76,3202,256,849
3202,76,3202,259,849
3203,76,3202,259,849
3206,76,3202,259,849
3207,76,3202,256,849
3211,76,3202,256,259
3212,76,3202,256,259
3213,76,3202,849,259
3214,76,3202,849,256
3200,76,3203,256,849
3212,76,3203,256,259
3214,76,3203,849,256
3215,76,3203,849,256
3215,76,3204,849,256
3200,76,3205,256,849
3215,76,3210,256,849
3215,76,3211,256,849
3200,77,3200,256,849
3201,77,3200,259,849
3202,77,3200,259,849
3203,77,3200,259,849
3204,77,3200,259,849
3205,77,3200,259,849
3206,77,3200,259,849
3207,77,3200,259,849
3208,77,3200,256,259
3209,77,3200,256,259
3200,77,3201,256,849
3201,77,3201,256,849
3202,77,3201,259,849
3203,77,3201,259,849
3204,77,3201,259,849
3206,77,3201,259,849
3207,77,3201,256,849
3209,77,3201,256,259
3210,77,3201,256,259
3214,77,3201,849,259
3200,77,3202,256,849
3203,77,3202,259,849
3206,77,3202,256,259
3210,77,3202,256,259
3211,77,3202,256,259
3212,77,3202,256,259
3213,77,3202,256,259
3214,77,3202,849,259
3215,77,3202,849,256
3200,77,3203,417,849
3211,77,3203,256,259
3212,77,3203,256,259
3213,77,3203,256,259
3215,77,3203,849,256
3200,77,3204,417,849
3212,77,3204,256,259
3200,77,3206,256,849
3215,77,3209,256,849
3214,77,3210,256,849
3215,77,3210,256,849
3213,77,3211,256,849
3214,77,3211,256,849
3213,77,3212,256,849
3200,78,3200,256,849
3201,78,3200,256,849
3202,78,3200,259,849
3203,78,3200,259,849
3206,78,3200,259,256
3207,78,3200,256,259
3208,78,3200,256,259
3209,78,3200,256,259
3200,78,3201,256,849
3203,78,3201,259,849
3206,78,3201,256,259
3208,78,3201,256,259
3209,78,3201,256,259
3210,78,3201,256,259
3214,78,3201,849,259
3215,78,3201,849,259
3203,78,3202,849,259
3205,78,3202,256,259
3206,78,3202,256,259
3207,78,3202,256,259
3209,78,3202,256,259
3210,78,3202,256,259
3211,78,3202,256,259
3213,78,3202,256,259
3214,78,3202,256,259
3215,78,3202,849,259
3204,78,3203,849,259
3205,78,3203,849,259
3206,78,3203,256,259
3210,78,3203,256,259
3211,78,3203,256,259
3212,78,3203,256,259
3213,78,3203,256,259
3214,78,3203,256,259
3200,78,3204,417,849
3204,78,3204,259,849
3206,78,3204,849,256
3211,78,3204,256,259
3212,78,3204,256,259
3213,78,3204,256,259
3203,78,3205,259,849
3204,78,3205,259,849
3205,78,3205,259,256
3200,78,3207,259,849
3214,78,3209,256,849
3215,78,3209,256,849
3213,78,3210,256,849
3214,78,3210,256,849
3212,78,3211,256,849
3213,78,3211,256,849
3212,78,3212,256,849
3213,78,3212,256,849
3214,78,3212,256,849
3212,78,3213,256,849
3213,78,3213,256,849
3214,78,3213,256,849
3215,78,3213,256,849
3200,78,3214,259,256
3201,78,3214,259,256
3212,78,3214,256,849
3213,78,3214,256,849
3214,78,3214,256,849
3215,78,3214,256,849
3212,78,3215,256,849
3213,78,3215,256,849
3214,78,3215,256,849
3215,78,3215,256,849
3200,79,3200,256,849
3206,79,3200,256,259
3207,79,3200,256,259
3208,79,3200,256,259
3203,79,3201,849,259
3205,79,3201,256,259
3206,79,3201,256,259
3207,79,3201,256,259
3208,79,3201,256,259
3209,79,3201,256,259
3215,79,3201,849,259
3202,79,3202,849,259
3203,79,3202,849,259
3204,79,3202,849,259
3205,79,3202,849,259
3206,79,3202,256,259
3207,79,3202,256,259
3208,79,3202,256,259
3209,79,3202,256,259
3210,79,3202,256,259
3214,79,3202,256,259
3215,79,3202,256,259
3203,79,3203,849,259
3205,79,3203,849,259
3206,79,3203,849,259
3207,79,3203,256,259
3209,79,3203,256,259
3210,79,3203,256,259
3211,79,3203,256,259
3213,79,3203,256,259
3214,79,3203,256,259
3215,79,3203,256,259
3203,79,3204,259,849
3206,79,3204,849,259
3210,79,3204,256,259
3211,79,3204,256,259
3212,79,3204,256,259
3213,79,3204,256,259
3214,79,3204,256,259
3215,79,3204,849,256
3202,79,3205,259,849
3203,79,3205,259,849
3204,79,3205,259,849
3206,79,3205,259,256
3200,79,3206,259,849
3203,79,3206,259,849
3204,79,3206,259,849
3205,79,3206,259,256
3200,79,3207,259,256
3204,79,3207,259,256
3200,79,3208,259,256
3201,79,3208,849,256
3203,79,3208,849,256
3200,79,3209,259,256
3202,79,3209,849,256
3200,79,3210,259,256
3200,79,3211,259,256
3200,79,3212,259,256
3212,79,3212,256,849
3213,79,3212,256,849
3200,79,3213,259,256
3201,79,3213,259,256
3212,79,3213,256,849
3213,79,3213,256,849
3214,79,3213,256,849
3200,79,3214,259,256
3201,79,3214,259,256
3212,79,3214,256,849
3213,79,3214,256,849
3214,79,3214,256,849
3215,79,3214,256,849
3200,79,3215,259,256
3201,79,3215,259,256
3212,79,3215,256,849
3213,79,3215,256,849
3214,79,3215,256,849
3215,79,3215,256,849
3200,80,3200,256,849
3201,80,3200,256,849
3202,80,3200,259,849
3207,80,3200,256,259
3208,80,3200,849,259
3202,80,3201,849,259
3206,80,3201,256,259
3207,80,3201,256,259
3208,80,3201,256,259
3201,80,3202,849,259
3202,80,3202,849,259
3203,80,3202,849,259
3205,80,3202,256,259
3206,80,3202,256,259
3207,80,3202,256,259
3208,80,3202,256,259
3209,80,3202,256,259
3215,80,3202,256,259
3202,80,3203,849,259
3206,80,3203,256,259
3207,80,3203,256,259
3208,80,3203,256,259
3209,80,3203,256,259
3210,80,3203,256,259
3214,80,3203,256,259
3215,80,3203,849,259
3202,80,3204,259,849
3207,80,3204,256,259
3209,80,3204,256,259
3210,80,3204,256,259
3211,80,3204,256,259
3213,80,3204,256,259
3214,80,3204,256,259
3215,80,3204,849,259
3201,80,3205,259,849
3202,80,3205,259,849
3203,80,3205,259,849
3207,80,3205,259,256
3215,80,3205,849,256
3202,80,3206,259,849
3203,80,3206,259,849
3204,80,3206,259,849
3206,80,3206,259,256
3200,80,3207,259,849
3203,80,3207,259,849
3204,80,3207,259,849
3205,80,3207,259,256
3200,80,3208,259,256
3201,80,3208,256,849
3203,80,3208,256,849
3204,80,3208,259,256
3200,80,3209,259,256
3202,80,3209,256,849
3200,80,3210,259,256
3200,80,3211,259,256
3200,80,3212,259,256
3201,80,3212,259,256
3200,80,3213,259,256
3201,80,3213,259,256
3212,80,3213,256,849
3213,80,3213,256,849
3200,80,3214,259,256
3201,80,3214,259,256
3212,80,3214,256,849
3213,80,3214,256,849
3214,80,3214,256,849
3200,80,3215,259,256
3201,80,3215,259,256
3212,80,3215,256,849
3213,80,3215,256,849
3214,80,3215,256,849
3215,80,3215,256,849
3200,81,3200,849,259
3201,81,3200,256,849
3202,81,3200,256,259
3206,81,3200,256,259
3207,81,3200,849,259
3208,81,3200,849,259
3209,81,3200,849,259
3200,81,3201,849,259
3201,81,3201,849,259
3202,81,3201,849,259
3205,81,3201,256,259
3206,81,3201,256,259
3207,81,3201,256,259
3208,81,3201,849,259
3201,81,3202,849,259
3206,81,3202,256,259
3207,81,3202,256,259
3208,81,3202,256,259
3201,81,3203,849,259
3207,81,3203,256,259
3208,81,3203,256,259
3209,81,3203,256,259
3215,81,3203,849,259
3201,81,3204,259,849
3208,81,3204,256,259
3210,81,3204,256,259
3214,81,3204,849,259
3201,81,3205,259,849
3202,81,3205,259,849
3210,81,3205,259,256
3211,81,3205,259,256
3212,81,3205,259,256
3213,81,3205,259,256
3214,81,3205,259,256
3201,81,3206,259,849
3202,81,3206,259,849
3203,81,3206,259,849
3207,81,3206,259,256
3211,81,3206,259,417
3212,81,3206,259,256
3213,81,3206,259,256
3201,81,3207,256,849
3202,81,3207,259,849
3203,81,3207,259,849
3204,81,3207,259,256
3206,81,3207,259,256
3212,81,3207,259,417
3200,81,3208,259,256
3202,81,3208,256,849
3203,81,3208,259,256
3204,81,3208,259,256
3205,81,3208,259,256
3200,81,3209,259,256
3204,81,3209,259,256
3200,81,3210,259,256
3200,81,3212,259,256
3200,81,3213,259,256
3201,81,3213,259,256
3200,81,3214,259,256
3201,81,3214,259,256
3200,81,3215,259,256
3201,81,3215,259,256
3200,82,3200,849,259
3201,82,3200,849,259
3202,82,3200,417,259
3205,82,3200,256,259
3206,82,3200,849,259
3207,82,3200,849,259
3208,82,3200,849,259
3209,82,3200,849,259
3210,82,3200,849,259
3200,82,3201,849,259
3201,82,3201,849,259
3206,82,3201,256,259
3207,82,3201,849,259
3208,82,3201,849,259
3209,82,3201,849,259
3200,82,3202,849,259
3207,82,3202,256,259
3208,82,3202,849,259
3208,82,3203,256,259
3215,82,3203,259,849
3208,82,3204,256,259
3209,82,3204,256,259
3210,82,3204,259,256
3214,82,3204,259,849
3201,82,3205,259,849
3208,82,3205,256,259
3209,82,3205,259,256
3210,82,3205,259,256
3211,82,3205,259,256
3212,82,3205,259,256
3213,82,3205,259,256
3214,82,3205,259,256
3215,82,3205,259,849
3202,82,3206,259,849
3210,82,3206,259,256
3211,82,3206,259,256
3212,82,3206,259,256
3213,82,3206,259,256
3214,82,3206,259,256
3215,82,3206,849,256
3201,82,3207,259,256
3202,82,3207,259,849
3203,82,3207,259,256
3207,82,3207,259,256
3211,82,3207,259,256
3212,82,3207,259,256
3213,82,3207,259,256
3202,82,3208,259,256
3203,82,3208,259,256
3204,82,3208,259,256
3206,82,3208,259,256
3212,82,3208,259,256
3200,82,3209,259,256
3203,82,3209,259,256
3204,82,3209,259,256
3205,82,3209,259,256
3204,82,3210,259,256
3200,82,3213,259,256
3200,82,3214,259,256
3201,82,3214,259,256
3200,82,3215,259,256
3200,83,3200,849,259
3201,83,3200,849,259
3205,83,3200,849,259
3206,83,3200,849,259
3207,83,3200,849,259
3208,83,3200,849,259
3209,83,3200,849,259
3210,83,3200,849,259
3211,83,3200,849,259
3200,83,3201,849,259
3206,83,3201,849,259
3207,83,3201,849,259
3208,83,3201,849,259
3209,83,3201,849,259
3210,83,3201,849,259
3207,83,3202,849,259
3208,83,3202,849,259
3209,83,3202,849,259
3215,83,3202,259,849
3200,83,3203,849,259
3208,83,3203,849,259
3210,83,3203,259,256
3214,83,3203,259,849
3215,83,3203,259,849
3201,83,3204,259,849
3208,83,3204,256,259
3209,83,3204,259,256
3210,83,3204,259,256
3211,83,3204,259,256
3213,83,3204,259,849
3214,83,3204,259,849
3200,83,3205,849,259
3202,83,3205,259,849
3208,83,3205,259,256
3209,83,3205,259,256
3210,83,3205,259,256
3211,83,3205,259,256
3212,83,3205,259,256
3213,83,3205,259,256
3214,83,3205,259,849
3215,83,3205,259,849
3200,83,3206,849,259
3203,83,3206,259,256
3207,83,3206,259,256
3209,83,3206,259,256
3210,83,3206,259,256
3211,83,3206,259,256
3212,83,3206,259,256
3213,83,3206,259,256
3214,83,3206,259,256
3215,83,3206,259,849
3202,83,3207,259,256
3203,83,3207,259,256
3204,83,3207,259,256
3206,83,3207,259,256
3207,83,3207,259,256
3210,83,3207,259,256
3211,83,3207,259,256
3212,83,3207,259,256
3213,83,3207,259,256
3214,83,3207,259,256
3215,83,3207,849,256
3201,83,3208,259,256
3202,83,3208,259,256
3203,83,3208,259,256
3204,83,3208,259,256
3205,83,3208,259,256
3206,83,3208,259,256
3207,83,3208,259,256
3211,83,3208,259,256
3212,83,3208,259,256
3213,83,3208,259,256
3202,83,3209,259,256
3203,83,3209,259,256
3204,83,3209,259,256
3205,83,3209,259,256
3206,83,3209,259,256
3203,83,3210,259,256
3204,83,3210,259,256
3205,83,3210,259,256
3204,83,3211,259,256
3200,83,3214,259,256
3200,84,3200,849,259
3205,84,3200,849,259
3206,84,3200,849,259
3207,84,3200,849,259
3209,84,3200,849,259
3210,84,3200,849,259
3211,84,3200,849,259
3205,84,3201,849,259
3206,84,3201,849,259
3207,84,3201,849,259
3208,84,3201,849,259
3210,84,3201,849,259
3211,84,3201,849,259
3215,84,3201,259,849
3206,84,3202,849,259
3207,84,3202,849,259
3208,84,3202,849,259
3209,84,3202,849,259
3214,84,3202,259,849
3215,84,3202,259,849
3200,84,3203,849,259
3207,84,3203,849,259
3208,84,3203,849,259
3210,84,3203,259,256
3211,84,3203,259,256
3213,84,3203,259,849
3214,84,3203,259,849
3200,84,3204,849,259
3209,84,3204,259,256
3210,84,3204,259,256
3211,84,3204,259,256
3212,84,3204,259,849
3213,84,3204,259,849
3200,84,3205,849,259
3201,84,3205,849,259
3207,84,3205,259,256
3208,84,3205,259,256
3209,84,3205,259,256
3210,84,3205,259,256
3211,84,3205,259,256
3212,84,3205,259,256
3213,84,3205,259,849
3214,84,3205,259,849
3200,84,3206,849,259
3201,84,3206,849,259
3204,84,3206,259,256
3206,84,3206,259,256
3207,84,3206,259,256
3208,84,3206,259,256
3209,84,3206,259,256
3210,84,3206,259,256
3211,84,3206,259,256
3212,84,3206,259,256
3213,84,3206,259,256
3214,84,3206,259,849
3215,84,3206,259,849
3200,84,3207,849,259
3203,84,3207,259,256
3204,84,3207,259,256
3205,84,3207,259,256
3206,84,3207,259,256
3207,84,3207,259,256
3209,84,3207,259,256
3210,84,3207,259,256
3211,84,3207,259,256
3212,84,3207,259,256
3213,84,3207,259,256
3214,84,3207,259,256
3215,84,3207,259,849
3202,84,3208,259,256
3203,84,3208,259,256
3204,84,3208,259,256
3205,84,3208,259,256
3206,84,3208,259,256
3210,84,3208,259,256
3211,84,3208,259,256
3212,84,3208,259,256
3213,84,3208,259,256
3214,84,3208,259,256
3203,84,3209,259,256
3204,84,3209,259,256
3205,84,3209,259,256
3204,84,3210,259,256
3200,84,3214,256,259
3205,85,3200,849,259
3206,85,3200,849,259
3208,85,3200,849,259
3209,85,3200,849,259
3210,85,3200,849,259
3206,85,3201,849,259
3207,85,3201,849,259
3209,85,3201,849,259
3210,85,3201,849,259
3200,85,3202,849,259
3207,85,3202,849,259
3208,85,3202,849,259
3200,85,3203,849,259
3201,85,3203,849,259
3209,85,3203,259,256
3210,85,3203,259,256
3200,85,3204,849,259
3201,85,3204,849,259
3202,85,3204,849,259
3207,85,3204,259,256
3208,85,3204,259,256
3209,85,3204,259,256
3210,85,3204,259,256
3211,85,3204,259,849
3200,85,3205,849,259
3201,85,3205,849,259
3202,85,3205,849,259
3203,85,3205,849,259
3206,85,3205,259,256
3207,85,3205,259,256
3208,85,3205,259,256
3209,85,3205,259,256
3210,85,3205,259,256
3211,85,3205,259,256
3212,85,3205,259,849
3213,85,3205,259,849
3200,85,3206,849,259
3203,85,3206,849,259
3205,85,3206,259,256
3206,85,3206,259,256
3207,85,3206,259,256
3208,85,3206,259,256
3209,85,3206,259,256
3210,85,3206,259,256
3211,85,3206,259,256
3212,85,3206,259,256
3213,85,3206,259,849
3214,85,3206,259,849
3204,85,3207,259,256
3205,85,3207,259,256
3206,85,3207,259,256
3208,85,3207,259,256
3209,85,3207,259,256
3210,85,3207,259,256
3211,85,3207,259,256
3212,85,3207,259,256
3213,85,3207,259,256
3214,85,3207,259,849
3215,85,3207,259,849
3203,85,3208,259,256
3204,85,3208,259,256
3205,85,3208,259,256
3209,85,3208,259,256
3210,85,3208,259,256
3211,85,3208,259,256
3212,85,3208,259,256
3213,85,3208,259,256
3214,85,3208,259,256
3215,85,3208,259,256
3204,85,3209,259,256
3200,85,3213,256,259
3200,85,3214,256,259
3201,85,3214,256,259
3200,85,3215,256,259
3202,85,3215,256,259
3206,86,3200,849,259
3207,86,3200,849,259
3208,86,3200,849,259
3209,86,3200,849,259
3207,86,3201,849,259
3208,86,3201,849,259
3209,86,3201,849,259
3208,86,3202,849,259
3200,86,3203,849,259
3208,86,3203,259,256
3209,86,3203,259,256
3200,86,3204,849,259
3201,86,3204,849,259
3207,86,3204,259,256
3208,86,3204,259,256
3209,86,3204,259,256
3210,86,3204,259,256
3200,86,3205,849,259
3201,86,3205,849,259
3202,86,3205,849,259
3206,86,3205,259,256
3207,86,3205,259,256
3208,86,3205,259,256
3209,86,3205,259,256
3210,86,3205,259,256
3211,86,3205,259,256
3202,86,3206,849,259
3203,86,3206,849,259
3205,86,3206,259,256
3206,86,3206,259,256
3207,86,3206,259,256
3208,86,3206,259,256
3209,86,3206,259,256
3210,86,3206,259,256
3211,86,3206,259,256
3212,86,3206,259,256
3213,86,3206,259,256
3204,86,3207,259,256
3205,86,3207,259,256
3207,86,3207,259,256
3208,86,3207,259,256
3209,86,3207,259,256
3210,86,3207,259,256
3211,86,3207,259,256
3212,86,3207,259,256
3213,86,3207,259,256
3214,86,3207,259,256
3203,86,3208,259,256
3204,86,3208,259,256
3208,86,3208,259,256
3209,86,3208,259,256
3210,86,3208,259,256
3211,86,3208,259,256
3212,86,3208,259,256
3213,86,3208,259,256
3214,86,3208,259,256
3215,86,3208,259,256
3200,86,3210,849,256
3200,86,3212,256,259
3200,86,3213,256,259
3201,86,3213,256,259
3201,86,3214,256,259
3202,86,3214,256,259
3200,86,3215,256,259
3201,86,3215,256,259
3202,86,3215,256,259
3203,86,3215,256,259
3208,87,3200,849,259
3208,87,3201,849,259
3200,87,3204,849,259
3208,87,3204,259,256
3209,87,3204,259,256
3200,87,3205,849,259
3201,87,3205,849,259
3207,87,3205,259,256
3208,87,3205,259,256
3209,87,3205,259,256
3210,87,3205,259,256
3201,87,3206,849,259
3202,87,3206,849,259
3206,87,3206,259,256
3207,87,3206,259,256
3208,87,3206,259,256
3209,87,3206,259,256
3210,87,3206,259,256
3211,87,3206,259,256
3205,87,3207,259,256
3208,87,3207,259,256
3209,87,3207,259,256
3210,87,3207,259,417
3211,87,3207,259,417
3212,87,3207,259,256
3213,87,3207,259,256
3202,87,3208,259,256
3204,87,3208,259,256
3209,87,3208,259,256
3210,87,3208,259,417
3211,87,3208,259,417
3212,87,3208,259,256
3213,87,3208,259,256
3214,87,3208,259,256
3200,87,3209,849,256
3203,87,3209,259,256
3200,87,3210,849,256
3201,87,3210,849,256
3200,87,3211,849,259
3200,87,3212,256,259
3201,87,3212,256,259
3201,87,3213,256,259
3202,87,3213,256,259
3202,87,3214,256,259
3203,87,3214,256,259
3201,87,3215,256,259
3203,87,3215,256,259
3204,87,3215,256,259
3209,88,3200,256,259
3209,88,3201,256,259
3210,88,3201,256,259
3200,88,3205,849,259
3208,88,3205,259,256
3209,88,3205,259,256
3200,88,3206,849,259
3201,88,3206,849,259
3206,88,3206,256,259
3208,88,3206,259,256
3209,88,3206,259,256
3210,88,3206,259,417
3201,88,3207,256,259
3205,88,3207,256,259
3209,88,3207,259,256
3210,88,3207,259,417
3211,88,3207,259,417
3212,88,3207,259,256
3200,88,3208,849,256
3202,88,3208,256,259
3204,88,3208,256,259
3210,88,3208,259,33
3211,88,3208,259,417
3212,88,3208,259,256
3213,88,3208,259,256
3200,88,3209,849,256
3201,88,3209,849,256
3203,88,3209,256,259
3200,88,3210,849,259
3201,88,3210,849,256
3200,88,3211,849,259
3201,88,3211,849,259
3203,88,3211,256,849
3201,88,3212,256,259
3202,88,3212,256,849
3203,88,3212,256,849
3204,88,3212,256,849
3201,88,3213,259,849
3202,88,3213,256,849
3203,88,3213,256,849
3204,88,3213,256,849
3205,88,3213,256,849
3202,88,3214,259,849
3203,88,3214,256,849
3204,88,3214,256,849
3203,88,3215,259,849
3204,88,3215,256,259
3205,88,3215,256,259
3206,88,3215,256,259
3211,88,3215,256,849
3210,89,3200,256,259
3208,89,3201,256,259
3209,89,3201,256,259
3210,89,3201,256,259
3211,89,3201,256,259
3209,89,3202,256,259
3210,89,3202,256,259
3208,89,3203,256,259
3209,89,3203,256,259
3207,89,3204,256,259
3209,89,3204,259,256
3200,89,3205,256,259
3206,89,3205,256,259
3208,89,3205,259,256
3209,89,3205,259,256
3201,89,3206,256,259
3205,89,3206,256,259
3209,89,3206,259,256
3210,89,3206,259,417
3200,89,3207,849,256
3202,89,3207,256,259
3204,89,3207,256,259
3210,89,3207,259,417
3211,89,3207,259,417
3200,89,3208,849,256
3201,89,3208,849,256
3203,89,3208,256,259
3211,89,3208,259,417
3212,89,3208,259,256
3200,89,3209,849,259
3201,89,3209,849,256
3200,89,3210,849,259
3201,89,3210,849,259
3203,89,3210,256,849
3201,89,3211,849,259
3202,89,3211,256,849
3203,89,3211,256,849
3204,89,3211,256,849
3201,89,3212,259,849
3202,89,3212,256,849
3203,89,3212,256,849
3204,89,3212,256,849
3205,89,3212,256,849
3200,89,3213,259,849
3201,89,3213,259,849
3202,89,3213,259,849
3203,89,3213,256,849
3204,89,3213,256,849
3205,89,3213,256,849
3206,89,3213,256,849
3212,89,3213,256,259
3213,89,3213,256,259
3201,89,3214,259,849
3202,89,3214,259,849
3203,89,3214,259,849
3204,89,3214,256,849
3205,89,3214,256,849
3206,89,3214,256,259
3211,89,3214,256,259
3212,89,3214,256,259
3213,89,3214,256,259
3214,89,3214,256,259
3202,89,3215,259,849
3203,89,3215,259,849
3204,89,3215,259,849
3205,89,3215,256,259
3206,89,3215,256,259
3207,89,3215,256,259
3210,89,3215,256,849
3211,89,3215,256,849
3212,89,3215,256,259
3213,89,3215,256,259
3214,89,3215,256,259
3210,90,3200,256,259
3211,90,3200,256,259
3209,90,3201,256,259
3210,90,3201,256,259
3208,90,3202,256,259
3209,90,3202,256,259
3207,90,3203,256,259
3200,90,3204,256,259
3206,90,3204,256,259
3201,90,3205,256,259
3205,90,3205,256,259
3209,90,3205,259,256
3202,90,3206,256,259
3204,90,3206,256,259
3203,90,3207,256,259
3200,90,3208,849,256
3200,90,3209,849,259
3201,90,3209,849,259
3203,90,3209,256,849
3201,90,3210,849,259
3202,90,3210,256,849
3203,90,3210,256,849
3204,90,3210,256,849
3201,90,3211,259,849
3202,90,3211,256,849
3203,90,3211,256,849
3204,90,3211,256,849
3205,90,3211,256,849
3200,90,3212,259,849
3201,90,3212,259,849
3202,90,3212,259,849
3203,90,3212,256,849
3204,90,3212,256,849
3205,90,3212,256,849
3206,90,3212,256,849
3200,90,3213,259,849
3201,90,3213,259,849
3202,90,3213,259,849
3203,90,3213,259,849
3204,90,3213,256,849
3205,90,3213,256,849
3206,90,3213,256,259
3207,90,3213,256,849
3211,90,3213,256,259
3212,90,3213,256,259
3200,90,3214,259,849
3201,90,3214,259,849
3202,90,3214,259,849
3203,90,3214,259,849
3204,90,3214,259,849
3205,90,3214,256,259
3206,90,3214,256,259
3207,90,3214,256,259
3210,90,3214,256,259
3211,90,3214,256,259
3212,90,3214,256,259
3213,90,3214,256,259
3201,90,3215,259,849
3202,90,3215,259,849
3203,90,3215,259,849
3206,90,3215,256,259
3207,90,3215,256,259
3208,90,3215,256,259
3209,90,3215,256,849
3210,90,3215,256,849
3211,90,3215,256,259
3212,90,3215,256,259
3213,90,3215,256,259
3214,90,3215,256,259
3210,91,3201,256,259
3211,91,3201,256,259
3208,91,3202,259,256
3210,91,3202,256,259
3207,91,3203,259,256
3200,91,3204,259,849
3201,91,3204,256,259
3206,91,3204,259,256
3202,91,3205,256,259
3205,91,3205,259,256
3203,91,3206,256,259
3204,91,3206,259,256
3203,91,3208,256,849
3211,91,3208,849,256
3212,91,3208,849,256
3202,91,3209,256,849
3203,91,3209,256,849
3204,91,3209,256,849
3210,91,3209,849,256
3211,91,3209,849,256
3212,91,3209,849,256
3213,91,3209,849,256
3201,91,3210,259,849
3202,91,3210,256,849
3203,91,3210,256,849
3204,91,3210,256,849
3205,91,3210,256,849
3209,91,3210,849,256
3210,91,3210,849,256
3211,91,3210,849,256
3212,91,3210,849,256
3213,91,3210,849,259
3214,91,3210,849,259
3200,91,3211,259,849
3201,91,3211,259,849
3202,91,3211,259,849
3203,91,3211,256,849
3204,91,3211,256,849
3205,91,3211,256,849
3206,91,3211,256,849
3210,91,3211,849,256
3211,91,3211,849,256
3212,91,3211,849,259
3213,91,3211,849,259
3214,91,3211,849,259
3200,91,3212,259,849
3201,91,3212,259,849
3202,91,3212,259,849
3203,91,3212,259,849
3204,91,3212,256,849
3205,91,3212,256,849
3206,91,3212,256,259
3207,91,3212,256,849
3211,91,3212,849,259
3212,91,3212,849,259
3213,91,3212,849,259
3200,91,3213,259,849
3201,91,3213,259,849
3202,91,3213,259,849
3203,91,3213,259,849
3204,91,3213,259,849
3205,91,3213,256,259
3206,91,3213,256,259
3207,91,3213,256,259
3208,91,3213,256,849
3210,91,3213,256,259
3211,91,3213,256,259
3212,91,3213,849,259
3200,91,3214,259,849
3201,91,3214,259,849
3202,91,3214,259,849
3203,91,3214,259,849
3206,91,3214,256,259
3207,91,3214,256,259
3208,91,3214,256,259
3209,91,3214,256,259
3210,91,3214,256,259
3211,91,3214,256,259
3212,91,3214,256,259
3200,91,3215,259,849
3201,91,3215,259,849
3202,91,3215,259,849
3205,91,3215,256,259
3206,91,3215,256,259
3207,91,3215,256,259
3208,91,3215,256,259
3209,91,3215,256,259
3210,91,3215,256,259
3211,91,3215,256,259
3212,91,3215,256,259
3213,91,3215,256,259
3200,92,3201,259,849
3207,92,3202,259,256
3211,92,3202,256,259
3200,92,3203,259,849
3206,92,3203,259,256
3200,92,3204,259,849
3201,92,3204,259,849
3202,92,3204,256,259
3205,92,3204,259,256
3200,92,3205,259,849
3203,92,3205,256,259
3204,92,3205,259,256
3203,92,3207,256,849
3211,92,3207,849,256
3212,92,3207,849,256
3202,92,3208,256,849
3203,92,3208,256,849
3204,92,3208,256,849
3210,92,3208,849,256
3211,92,3208,849,256
3212,92,3208,849,256
3213,92,3208,849,256
3200,92,3209,259,256
3201,92,3209,259,849
3202,92,3209,256,849
3203,92,3209,256,849
3204,92,3209,256,849
3205,92,3209,256,849
3209,92,3209,849,256
3210,92,3209,849,256
3211,92,3209,849,256
3212,92,3209,849,256
3213,92,3209,849,259
3214,92,3209,849,259
3200,92,3210,259,849
3201,92,3210,259,849
3202,92,3210,259,849
3203,92,3210,256,849
3204,92,3210,256,849
3205,92,3210,256,849
3206,92,3210,256,849
3208,92,3210,849,256
3209,92,3210,849,256
3210,92,3210,849,256
3211,92,3210,849,259
3212,92,3210,849,259
3213,92,3210,849,259
3214,92,3210,849,259
3215,92,3210,849,259
3200,92,3211,259,849
3201,92,3211,259,849
3202,92,3211,259,849
3203,92,3211,259,849
3204,92,3211,256,849
3205,92,3211,256,849
3206,92,3211,256,259
3207,92,3211,256,849
3209,92,3211,849,256
3210,92,3211,849,256
3211,92,3211,849,259
3212,92,3211,849,259
3213,92,3211,849,259
3214,92,3211,849,259
3200,92,3212,259,849
3201,92,3212,259,849
3202,92,3212,259,849
3203,92,3212,259,849
3204,92,3212,259,849
3205,92,3212,256,259
3206,92,3212,256,259
3207,92,3212,256,259
3208,92,3212,256,849
3210,92,3212,849,259
3211,92,3212,849,259
3212,92,3212,849,259
3213,92,3212,849,259
3200,92,3213,259,849
3201,92,3213,259,849
3202,92,3213,259,849
3203,92,3213,259,849
3206,92,3213,256,259
3207,92,3213,256,259
3208,92,3213,45,259
3209,92,3213,256,259
3210,92,3213,256,259
3211,92,3213,849,259
3212,92,3213,849,259
3200,92,3214,259,849
3201,92,3214,259,849
3202,92,3214,259,849
3207,92,3214,256,259
3208,92,3214,256,259
3209,92,3214,256,259
3210,92,3214,256,259
3211,92,3214,256,259
3212,92,3214,849,259
3200,92,3215,259,849
3201,92,3215,259,849
3206,92,3215,256,259
3207,92,3215,256,259
3208,92,3215,256,259
3209,92,3215,256,259
3210,92,3215,256,259
3211,92,3215,256,259
3212,92,3215,256,259
3200,93,3200,259,849
3200,93,3201,259,849
3201,93,3201,259,849
3200,93,3202,259,849
3206,93,3202,259,256
3200,93,3203,259,849
3201,93,3203,259,849
3205,93,3203,259,256
3200,93,3204,259,849
3201,93,3204,259,849
3202,93,3204,259,849
3203,93,3204,256,259
3204,93,3204,259,256
3200,93,3205,259,849
3201,93,3205,259,849
3206,93,3205,849,256
3200,93,3206,259,849
3211,93,3206,849,256
3212,93,3206,849,256
3210,93,3207,849,256
3211,93,3207,849,256
3212,93,3207,849,256
3213,93,3207,849,256
3203,93,3208,256,849
3209,93,3208,849,256
3210,93,3208,849,256
3211,93,3208,849,256
3212,93,3208,849,256
3213,93,3208,849,259
3214,93,3208,849,259
3200,93,3209,259,256
3202,93,3209,256,849
3203,93,3209,256,849
3204,93,3209,256,849
3208,93,3209,849,256
3209,93,3209,849,256
3210,93,3209,849,256
3211,93,3209,849,259
3212,93,3209,849,256
3213,93,3209,849,256
3214,93,3209,849,259
3215,93,3209,849,259
3200,93,3210,259,256
3201,93,3210,259,849
3202,93,3210,256,849
3203,93,3210,256,849
3204,93,3210,256,849
3205,93,3210,256,849
3208,93,3210,849,256
3209,93,3210,849,256
3210,93,3210,849,259
3211,93,3210,849,259
3212,93,3210,849,259
3213,93,3210,849,259
3214,93,3210,849,259
3200,93,3211,259,849
3201,93,3211,259,849
3202,93,3211,259,849
3203,93,3211,256,849
3204,93,3211,256,849
3205,93,3211,256,259
3206,93,3211,256,259
3207,93,3211,256,259
3208,93,3211,849,256
3209,93,3211,849,256
3210,93,3211,849,256
3211,93,3211,849,259
3212,93,3211,849,259
3213,93,3211,849,259
3200,93,3212,259,849
3201,93,3212,259,849
3202,93,3212,259,849
3203,93,3212,259,849
3204,93,3212,256,259
3205,93,3212,256,259
3206,93,3212,256,259
3207,93,3212,256,259
3208,93,3212,256,259
3209,93,3212,849,256
3210,93,3212,849,256
3211,93,3212,849,259
3212,93,3212,849,259
3200,93,3213,259,849
3201,93,3213,259,849
3202,93,3213,259,849
3205,93,3213,256,259
3206,93,3213,256,259
3207,93,3213,45,259
3208,93,3213,45,259
3209,93,3213,256,259
3210,93,3213,849,259
3211,93,3213,849,259
3200,93,3214,259,849
3201,93,3214,259,849
3206,93,3214,256,259
3207,93,3214,45,259
3208,93,3214,45,259
3209,93,3214,256,259
3210,93,3214,256,259
3211,93,3214,849,259
3212,93,3214,849,259
3200,93,3215,259,849
3201,93,3215,259,849
3205,93,3215,256,259
3206,93,3215,256,259
3207,93,3215,256,259
3208,93,3215,256,259
3209,93,3215,256,259
3210,93,3215,256,259
3211,93,3215,849,259
3212,93,3215,849,259
3213,93,3215,256,259
3200,94,3200,259,849
3201,94,3200,259,849
3200,94,3201,259,849
3201,94,3201,259,849
3202,94,3201,259,849
3204,94,3201,259,417
3205,94,3201,259,417
3200,94,3202,259,849
3201,94,3202,259,849
3205,94,3202,259,417
3200,94,3203,259,849
3201,94,3203,259,849
3202,94,3203,259,849
3204,94,3203,259,849
3200,94,3204,259,849
3201,94,3204,259,849
3202,94,3204,259,849
3203,94,3204,259,849
3206,94,3204,849,256
3200,94,3205,259,849
3201,94,3205,259,849
3202,94,3205,259,849
3205,94,3205,849,256
3206,94,3205,849,256
3207,94,3205,849,256
3211,94,3205,849,256
3212,94,3205,849,256
3200,94,3206,259,849
3201,94,3206,259,849
3206,94,3206,849,256
3210,94,3206,849,256
3211,94,3206,849,256
3212,94,3206,849,417
3213,94,3206,849,417
3200,94,3207,259,849
3209,94,3207,849,256
3210,94,3207,849,256
3211,94,3207,849,256
3212,94,3207,849,417
3213,94,3207,849,417
3214,94,3207,849,259
3208,94,3208,849,256
3209,94,3208,849,256
3210,94,3208,849,256
3211,94,3208,849,259
3212,94,3208,849,259
3213,94,3208,849,259
3214,94,3208,849,259
3215,94,3208,849,259
3203,94,3209,256,849
3208,94,3209,849,256
3209,94,3209,849,256
3210,94,3209,849,259
3211,94,3209,849,259
3212,94,3209,849,259
3213,94,3209,849,259
3214,94,3209,849,259
3202,94,3210,256,849
3203,94,3210,256,849
3204,94,3210,256,849
3208,94,3210,849,256
3209,94,3210,849,259
3210,94,3210,849,259
3211,94,3210,849,259
3212,94,3210,849,259
3213,94,3210,849,259
3200,94,3211,259,256
3201,94,3211,259,849
3202,94,3211,256,849
3203,94,3211,256,849
3204,94,3211,256,259
3205,94,3211,256,259
3206,94,3211,256,259
3207,94,3211,256,259
3208,94,3211,849,259
3209,94,3211,849,256
3210,94,3211,849,259
3211,94,3211,849,259
3212,94,3211,849,259
3200,94,3212,259,849
3201,94,3212,259,849
3202,94,3212,259,849
3203,94,3212,256,259
3204,94,3212,256,259
3205,94,3212,256,259
3206,94,3212,256,259
3207,94,3212,256,259
3208,94,3212,849,259
3209,94,3212,849,259
3210,94,3212,849,256
3211,94,3212,849,259
3200,94,3213,259,849
3201,94,3213,259,849
3204,94,3213,256,259
3205,94,3213,256,259
3206,94,3213,256,259
3207,94,3213,45,259
3208,94,3213,45,259
3209,94,3213,849,259
3210,94,3213,849,259
3200,94,3214,259,849
3201,94,3214,259,849
3205,94,3214,256,259
3206,94,3214,45,259
3207,94,3214,45,259
3208,94,3214,45,259
3209,94,3214,256,259
3210,94,3214,849,259
3211,94,3214,849,259
3201,94,3215,259,849
3204,94,3215,256,259
3205,94,3215,256,259
3206,94,3215,256,259
3207,94,3215,256,259
3208,94,3215,256,259
3209,94,3215,256,259
3210,94,3215,849,259
3211,94,3215,849,259
3212,94,3215,849,259
3201,95,3200,259,849
3202,95,3200,259,849
3205,95,3200,259,417
3206,95,3200,259,417
3202,95,3201,259,849
3203,95,3201,259,849
3204,95,3201,259,417
3205,95,3201,259,417
3206,95,3201,259,417
3201,95,3202,259,849
3202,95,3202,259,849
3203,95,3202,259,849
3204,95,3202,259,849
3200,95,3203,259,849
3201,95,3203,259,849
3202,95,3203,259,849
3203,95,3203,259,849
3204,95,3203,256,849
3205,95,3203,256,849
3206,95,3203,849,256
3200,95,3204,259,849
3201,95,3204,259,849
3202,95,3204,259,849
3203,95,3204,256,849
3204,95,3204,256,849
3205,95,3204,849,256
3206,95,3204,849,256
3207,95,3204,849,256
3211,95,3204,849,256
3212,95,3204,849,256
3200,95,3205,259,849
3201,95,3205,259,849
3202,95,3205,256,849
3203,95,3205,256,849
3204,95,3205,849,256
3205,95,3205,849,256
3206,95,3205,849,256
3207,95,3205,849,256
3208,95,3205,849,256
3210,95,3205,849,256
3211,95,3205,849,256
3212,95,3205,849,256
3213,95,3205,849,256
3200,95,3206,259,849
3201,95,3206,256,849
3202,95,3206,256,849
3205,95,3206,849,256
3206,95,3206,849,256
3207,95,3206,849,256
3209,95,3206,849,256
3210,95,3206,849,256
3211,95,3206,849,256
3212,95,3206,849,417
3213,95,3206,849,417
3214,95,3206,849,256
3200,95,3207,256,849
3201,95,3207,256,849
3206,95,3207,849,256
3208,95,3207,849,256
3209,95,3207,849,256
3210,95,3207,849,256
3211,95,3207,849,259
3212,95,3207,849,417
3213,95,3207,849,417
3214,95,3207,849,259
3215,95,3207,849,259
3208,95,3208,849,256
3209,95,3208,849,256
3210,95,3208,849,259
3211,95,3208,849,259
3212,95,3208,849,259
3213,95,3208,849,259
3214,95,3208,849,259
3208,95,3209,849,256
3209,95,3209,849,259
3210,95,3209,849,259
3211,95,3209,849,259
3212,95,3209,849,259
3213,95,3209,849,259
3203,95,3210,256,849
3208,95,3210,849,259
3209,95,3210,849,259
3210,95,3210,849,259
3211,95,3210,849,259
3212,95,3210,849,259
3200,95,3211,259,256
3202,95,3211,256,849
3203,95,3211,256,849
3204,95,3211,256,849
3205,95,3211,256,259
3206,95,3211,256,259
3207,95,3211,256,259
3208,95,3211,849,256
3209,95,3211,849,259
3210,95,3211,849,259
3211,95,3211,849,259
3200,95,3212,259,256
3201,95,3212,259,849
3202,95,3212,256,849
3203,95,3212,256,849
3204,95,3212,256,259
3205,95,3212,256,259
3206,95,3212,256,259
3207,95,3212,256,259
3208,95,3212,849,259
3209,95,3212,849,256
3210,95,3212,849,259
3200,95,3213,259,849
3201,95,3213,259,849
3202,95,3213,259,849
3203,95,3213,256,259
3204,95,3213,256,259
3205,95,3213,256,259
3206,95,3213,256,259
3207,95,3213,256,259
3208,95,3213,849,259
3209,95,3213,849,259
3201,95,3214,259,849
3204,95,3214,256,259
3205,95,3214,256,259
3206,95,3214,256,259
3207,95,3214,45,259
3208,95,3214,256,259
3209,95,3214,849,259
3210,95,3214,849,259
3201,95,3215,259,256
3203,95,3215,256,259
3204,95,3215,256,259
3205,95,3215,256,259
3206,95,3215,256,259
3207,95,3215,256,259
3208,95,3215,256,259
3209,95,3215,849,259
3210,95,3215,849,259
3211,95,3215,849,256
3205,96,3200,259,417
3206,96,3200,259,417
3207,96,3200,259,417
3204,96,3201,256,259
3206,96,3201,259,417
3202,96,3202,259,849
3203,96,3202,259,849
3204,96,3202,256,259
3205,96,3202,256,259
3206,96,3202,259,256
3207,96,3202,259,256
3208,96,3202,259,256
3201,96,3203,259,849
3202,96,3203,259,849
3203,96,3203,256,849
3204,96,3203,256,849
3205,96,3203,849,256
3206,96,3203,849,256
3207,96,3203,259,256
3200,96,3204,259,849
3201,96,3204,259,849
3202,96,3204,256,849
3203,96,3204,256,849
3204,96,3204,849,256
3205,96,3204,849,256
3206,96,3204,849,256
3207,96,3204,849,256
3208,96,3204,849,256
3212,96,3204,849,256
3200,96,3205,259,849
3201,96,3205,256,849
3202,96,3205,256,849
3203,96,3205,849,256
3204,96,3205,849,256
3205,96,3205,849,256
3206,96,3205,849,256
3207,96,3205,849,256
3208,96,3205,849,256
3209,96,3205,849,256
3211,96,3205,849,256
3212,96,3205,849,256
3213,96,3205,849,256
3200,96,3206,256,849
3201,96,3206,256,849
3204,96,3206,849,256
3205,96,3206,849,256
3206,96,3206,849,256
3207,96,3206,849,256
3208,96,3206,849,256
3210,96,3206,849,256
3211,96,3206,849,256
3212,96,3206,849,256
3213,96,3206,849,256
3214,96,3206,849,256
3200,96,3207,256,849
3205,96,3207,849,256
3206,96,3207,849,256
3207,96,3207,849,256
3209,96,3207,849,256
3210,96,3207,849,259
3211,96,3207,849,259
3212,96,3207,849,259
3213,96,3207,849,256
3214,96,3207,849,256
3206,96,3208,849,256
3208,96,3208,849,256
3209,96,3208,849,259
3210,96,3208,849,259
3211,96,3208,849,259
3212,96,3208,849,259
3213,96,3208,849,259
3208,96,3209,849,259
3209,96,3209,849,259
3210,96,3209,849,259
3211,96,3209,849,259
3212,96,3209,849,259
3207,96,3210,256,259
3208,96,3210,849,259
3209,96,3210,849,259
3210,96,3210,849,259
3211,96,3210,849,259
3203,96,3211,256,849
3206,96,3211,256,259
3208,96,3211,849,259
3209,96,3211,849,259
3210,96,3211,849,259
3200,96,3212,259,256
3202,96,3212,256,849
3203,96,3212,256,849
3204,96,3212,256,849
3205,96,3212,256,259
3206,96,3212,256,259
3207,96,3212,256,259
3208,96,3212,849,256
3209,96,3212,849,259
3200,96,3213,259,256
3201,96,3213,259,849
3202,96,3213,256,849
3203,96,3213,256,849
3204,96,3213,256,259
3205,96,3213,256,259
3206,96,3213,256,259
3207,96,3213,256,259
3208,96,3213,256,259
3209,96,3213,849,256
3201,96,3214,259,256
3202,96,3214,259,849
3203,96,3214,256,259
3204,96,3214,256,259
3205,96,3214,256,259
3206,96,3214,256,259
3207,96,3214,256,259
3208,96,3214,256,259
3209,96,3214,256,259
3200,96,3215,259,256
3201,96,3215,259,256
3202,96,3215,256,259
3203,96,3215,256,259
3204,96,3215,256,259
3205,96,3215,256,259
3206,96,3215,256,259
3207,96,3215,256,259
3208,96,3215,256,259
3209,96,3215,256,259
3210,96,3215,849,259
3206,97,3200,259,417
3205,97,3201,256,259
3206,97,3201,259,256
3204,97,3202,256,259
3205,97,3202,259,256
3206,97,3202,259,256
3207,97,3202,259,256
3208,97,3202,259,256
3209,97,3202,259,256
3202,97,3203,259,849
3203,97,3203,256,849
3204,97,3203,849,256
3205,97,3203,849,256
3206,97,3203,259,256
3207,97,3203,259,256
3208,97,3203,259,256
3201,97,3204,259,849
3202,97,3204,256,849
3203,97,3204,849,256
3204,97,3204,849,256
3205,97,3204,849,256
3206,97,3204,849,256
3207,97,3204,259,256
3208,97,3204,849,256
3209,97,3204,849,256
3200,97,3205,256,849
3201,97,3205,256,849
3202,97,3205,849,256
3203,97,3205,849,256
3204,97,3205,849,256
3205,97,3205,849,256
3206,97,3205,849,256
3207,97,3205,849,256
3208,97,3205,849,256
3209,97,3205,849,256
3210,97,3205,849,256
3212,97,3205,849,256
3200,97,3206,256,849
3203,97,3206,849,256
3204,97,3206,849,256
3205,97,3206,849,256
3206,97,3206,849,256
3207,97,3206,849,256
3208,97,3206,849,256
3209,97,3206,849,256
3211,97,3206,849,256
3212,97,3206,849,256
3213,97,3206,849,256
3204,97,3207,849,256
3205,97,3207,849,256
3206,97,3207,849,256
3207,97,3207,849,256
3208,97,3207,849,256
3209,97,3207,256,259
3210,97,3207,849,259
3211,97,3207,849,259
3212,97,3207,849,259
3213,97,3207,849,259
3214,97,3207,849,256
3205,97,3208,849,256
3206,97,3208,849,256
3207,97,3208,849,256
3208,97,3208,256,259
3209,97,3208,849,259
3210,97,3208,849,259
3211,97,3208,849,259
3212,97,3208,849,259
3213,97,3208,849,259
3214,97,3208,849,259
3206,97,3209,849,256
3207,97,3209,256,259
3208,97,3209,849,259
3209,97,3209,849,259
3210,97,3209,849,259
3211,97,3209,849,259
3212,97,3209,849,259
3213,97,3209,849,259
3200,97,3210,256,849
3207,97,3210,256,259
3208,97,3210,849,259
3209,97,3210,849,259
3210,97,3210,849,259
3211,97,3210,849,259
3212,97,3210,849,259
3200,97,3211,259,417
3207,97,3211,256,259
3208,97,3211,849,259
3209,97,3211,849,259
3210,97,3211,849,259
3211,97,3211,849,259
3206,97,3212,256,259
3208,97,3212,256,259
3209,97,3212,849,259
3210,97,3212,849,259
3200,97,3213,259,256
3205,97,3213,256,259
3206,97,3213,256,259
3207,97,3213,256,259
3209,97,3213,256,259
3200,97,3214,259,256
3201,97,3214,259,256
3204,97,3214,256,259
3205,97,3214,256,259
3206,97,3214,256,259
3207,97,3214,256,259
3208,97,3214,256,259
3209,97,3214,259,256
3200,97,3215,259,256
3203,97,3215,256,259
3204,97,3215,256,259
3206,97,3215,256,259
3207,97,3215,256,259
3208,97,3215,256,259
3209,97,3215,256,259
3211,97,3215,849,256
3206,98,3200,259,256
3205,98,3201,259,256
3206,98,3201,259,256
3207,98,3201,259,256
3204,98,3202,259,256
3205,98,3202,259,256
3206,98,3202,259,256
3207,98,3202,259,256
3208,98,3202,259,256
3209,98,3202,259,256
3203,98,3203,259,256
3204,98,3203,849,256
3205,98,3203,259,256
3206,98,3203,259,256
3207,98,3203,259,256
3208,98,3203,259,256
3209,98,3203,259,256
3202,98,3204,259,256
3203,98,3204,849,256
3204,98,3204,849,256
3205,98,3204,849,256
3206,98,3204,259,256
3207,98,3204,259,256
3208,98,3204,259,256
3209,98,3204,849,256
3210,98,3204,849,256
3200,98,3205,256,259
3201,98,3205,259,256
3202,98,3205,849,256
3203,98,3205,849,256
3204,98,3205,849,256
3205,98,3205,849,256
3206,98,3205,849,256
3207,98,3205,259,256
3208,98,3205,849,256
3209,98,3205,849,256
3210,98,3205,849,256
3202,98,3206,849,256
3203,98,3206,849,256
3204,98,3206,849,256
3205,98,3206,849,256
3206,98,3206,849,256
3207,98,3206,849,256
3208,98,3206,849,256
3209,98,3206,849,256
3210,98,3206,849,256
3203,98,3207,849,256
3204,98,3207,849,256
3205,98,3207,849,256
3206,98,3207,849,259
3207,98,3207,849,256
3208,98,3207,849,256
3209,98,3207,849,256
3204,98,3208,849,256
3205,98,3208,849,259
3206,98,3208,849,259
3207,98,3208,849,259
3208,98,3208,849,256
3209,98,3208,256,259
3200,98,3209,256,849
3204,98,3209,256,259
3205,98,3209,849,259
3206,98,3209,849,259
3207,98,3209,849,259
3208,98,3209,256,259
3209,98,3209,849,259
3200,98,3210,259,849
3201,98,3210,256,849
3203,98,3210,256,259
3204,98,3210,256,259
3205,98,3210,256,259
3206,98,3210,256,259
3207,98,3210,256,259
3208,98,3210,849,259
3209,98,3210,849,259
3210,98,3210,849,259
3200,98,3211,259,417
3201,98,3211,259,417
3204,98,3211,256,259
3205,98,3211,256,259
3206,98,3211,256,259
3207,98,3211,256,259
3208,98,3211,256,259
3209,98,3211,849,259
3210,98,3211,849,259
3211,98,3211,849,259
3200,98,3212,259,417
3205,98,3212,256,259
3206,98,3212,256,259
3207,98,3212,256,259
3209,98,3212,256,259
3210,98,3212,849,259
3211,98,3212,849,259
3206,98,3213,256,259
3209,98,3213,259,256
3210,98,3213,256,259
3200,98,3214,259,256
3206,98,3214,256,259
3207,98,3214,256,259
3208,98,3214,259,256
3209,98,3214,259,256
3210,98,3214,259,256
3201,98,3215,259,256
3207,98,3215,256,259
3208,98,3215,256,259
3209,98,3215,259,256
3211,98,3215,259,256
3212,98,3215,259,256
3205,99,3200,259,256
3204,99,3201,259,256
3205,99,3201,259,256
3206,99,3201,259,256
3204,99,3202,259,256
3205,99,3202,259,256
3206,99,3202,259,256
3207,99,3202,259,256
3204,99,3203,259,256
3205,99,3203,259,256
3206,99,3203,259,256
3207,99,3203,259,256
3208,99,3203,259,256
3209,99,3203,259,256
3203,99,3204,259,256
3204,99,3204,849,256
3205,99,3204,259,256
3206,99,3204,259,256
3207,99,3204,259,256
3208,99,3204,259,256
3209,99,3204,259,256
3202,99,3205,259,256
3203,99,3205,849,256
3204,99,3205,849,256
3205,99,3205,849,256
3206,99,3205,259,256
3207,99,3205,259,256
3208,99,3205,259,256
3209,99,3205,849,256
3210,99,3205,849,256
3200,99,3206,256,259
3201,99,3206,259,256
3203,99,3206,849,256
3204,99,3206,849,256
3205,99,3206,849,256
3206,99,3206,849,259
3207,99,3206,259,256
3208,99,3206,849,256
3209,99,3206,849,256
3204,99,3207,849,256
3205,99,3207,849,259
3206,99,3207,849,259
3207,99,3207,849,259
3208,99,3207,849,256
3200,99,3208,256,849
3204,99,3208,256,259
3205,99,3208,849,259
3206,99,3208,849,259
3207,99,3208,849,259
3208,99,3208,256,259
3200,99,3209,259,849
3201,99,3209,256,849
3203,99,3209,256,259
3204,99,3209,256,259
3205,99,3209,256,259
3206,99,3209,849,259
3207,99,3209,256,259
3208,99,3209,256,259
3209,99,3209,256,259
3200,99,3210,259,849
3201,99,3210,259,849
3202,99,3210,256,259
3204,99,3210,256,259
3205,99,3210,256,259
3206,99,3210,256,259
3207,99,3210,256,259
3208,99,3210,256,259
3209,99,3210,849,259
3200,99,3211,259,849
3201,99,3211,259,849
3202,99,3211,259,256
3203,99,3211,256,259
3204,99,3211,256,259
3205,99,3211,256,259
3206,99,3211,256,259
3207,99,3211,256,259
3208,99,3211,256,259
3209,99,3211,256,259
3210,99,3211,849,259
3200,99,3212,259,849
3201,99,3212,259,256
3204,99,3212,256,259
3205,99,3212,256,259
3206,99,3212,256,259
3207,99,3212,256,259
3208,99,3212,256,259
3209,99,3212,259,256
3210,99,3212,256,259
3211,99,3212,849,259
3200,99,3213,259,256
3205,99,3213,256,259
3206,99,3213,256,259
3207,99,3213,256,259
3208,99,3213,259,256
3209,99,3213,259,256
3210,99,3213,259,256
3211,99,3213,256,259
3201,99,3214,259,256
3204,99,3214,259,256
3205,99,3214,259,256
3207,99,3214,259,256
3208,99,3214,259,256
3209,99,3214,259,256
3210,99,3214,259,256
3211,99,3214,259,256
3212,99,3214,259,256
3202,99,3215,259,256
3203,99,3215,259,256
3204,99,3215,259,256
3208,99,3215,259,256
3209,99,3215,259,256
3210,99,3215,259,256
3211,99,3215,259,256
3204,100,3200,259,256
3204,100,3201,259,256
3205,100,3201,259,256
3204,100,3202,259,256
3205,100,3202,259,256
3206,100,3202,259,256
3204,100,3203,259,256
3205,100,3203,259,256
3206,100,3203,259,256
3207,100,3203,259,256
3208,100,3203,259,256
3203,100,3204,256,259
3204,100,3204,259,256
3205,100,3204,259,256
3206,100,3204,259,256
3207,100,3204,259,256
3208,100,3204,259,256
3209,100,3204,259,256
3200,100,3205,256,259
3202,100,3205,256,259
3203,100,3205,849,256
3204,100,3205,849,256
3205,100,3205,259,256
3207,100,3205,259,256
3208,100,3205,259,256
3209,100,3205,259,256
3200,100,3206,256,259
3201,100,3206,256,259
3204,100,3206,849,256
3205,100,3206,849,259
3208,100,3206,259,256
3200,100,3207,256,259
3204,100,3207,256,259
3205,100,3207,849,259
3206,100,3207,849,259
3207,100,3207,849,259
3208,100,3207,256,259
3200,100,3208,256,849
3201,100,3208,256,849
3203,100,3208,256,259
3204,100,3208,256,259
3205,100,3208,256,259
3206,100,3208,849,259
3207,100,3208,256,259
3208,100,3208,256,259
3209,100,3208,256,259
3200,100,3209,256,849
3201,100,3209,256,849
3202,100,3209,256,259
3204,100,3209,256,259
3205,100,3209,256,259
3206,100,3209,256,259
3207,100,3209,256,259
3208,100,3209,256,259
3209,100,3209,256,259
3200,100,3210,259,849
3201,100,3210,256,259
3205,100,3210,256,259
3206,100,3210,256,259
3207,100,3210,256,259
3208,100,3210,256,259
3209,100,3210,256,259
3200,100,3211,259,849
3201,100,3211,259,849
3202,100,3211,256,259
3204,100,3211,256,259
3205,100,3211,256,259
3206,100,3211,256,259
3207,100,3211,256,259
3208,100,3211,256,259
3200,100,3212,259,849
3201,100,3212,256,849
3203,100,3212,256,259
3204,100,3212,256,259
3205,100,3212,256,259
3206,100,3212,256,259
3207,100,3212,256,259
3210,100,3212,259,256
3200,100,3213,259,849
3201,100,3213,259,256
3204,100,3213,256,259
3205,100,3213,256,259
3206,100,3213,256,259
3209,100,3213,259,256
3210,100,3213,259,256
3211,100,3213,259,256
3202,100,3214,259,256
3203,100,3214,259,256
3204,100,3214,259,256
3208,100,3214,259,256
3209,100,3214,259,256
3210,100,3214,259,256
3211,100,3214,259,256
3203,100,3215,259,256
3209,100,3215,259,256
3210,100,3215,259,256
3204,101,3200,259,256
3205,101,3200,259,256
3204,101,3201,259,256
3205,101,3201,259,256
3206,101,3201,259,256
3204,101,3202,259,256
3205,101,3202,259,256
3206,101,3202,259,256
3207,101,3202,259,256
3204,101,3203,259,256
3205,101,3203,259,256
3206,101,3203,259,256
3207,101,3203,259,256
3208,101,3203,259,256
3202,101,3204,256,259
3203,101,3204,259,256
3204,101,3204,259,256
3205,101,3204,259,256
3207,101,3204,259,256
3208,101,3204,259,256
3201,101,3205,256,259
3204,101,3205,259,256
3208,101,3205,259,256
3209,101,3205,259,256
3200,101,3206,256,259
3204,101,3206,256,259
3209,101,3206,259,256
3203,101,3207,256,259
3204,101,3207,256,259
3205,101,3207,256,259
3206,101,3207,849,259
3207,101,3207,256,259
3208,101,3207,256,259
3209,101,3207,256,259
3202,101,3208,256,259
3204,101,3208,256,259
3205,101,3208,256,259
3206,101,3208,256,259
3207,101,3208,256,259
3208,101,3208,256,259
3209,101,3208,256,259
3200,101,3209,256,849
3201,101,3209,256,259
3205,101,3209,256,259
3206,101,3209,256,259
3207,101,3209,256,259
3208,101,3209,256,259
3209,101,3209,256,259
3200,101,3210,256,849
3206,101,3210,256,259
3207,101,3210,256,259
3208,101,3210,256,259
3200,101,3211,259,849
3201,101,3211,256,259
3205,101,3211,256,259
3206,101,3211,256,259
3207,101,3211,256,259
3200,101,3212,259,849
3201,101,3212,259,256
3202,101,3212,256,259
3204,101,3212,256,259
3205,101,3212,256,259
3206,101,3212,256,259
3202,101,3213,259,256
3203,101,3213,256,259
3204,101,3213,256,259
3205,101,3213,256,259
3210,101,3213,259,256
3203,101,3214,259,256
3209,101,3214,259,256
3210,101,3214,259,256
3204,102,3200,259,256
3205,102,3200,259,256
3206,102,3200,259,256
3204,102,3201,259,256
3205,102,3201,259,256
3206,102,3201,259,256
3207,102,3201,259,256
3204,102,3202,259,256
3205,102,3202,259,256
3206,102,3202,259,256
3207,102,3202,259,256
3208,102,3202,259,256
3204,102,3203,259,256
3205,102,3203,259,256
3206,102,3203,259,849
3207,102,3203,259,256
3208,102,3203,259,45
3203,102,3204,259,256
3204,102,3204,259,256
3205,102,3204,259,849
3206,102,3204,259,849
3207,102,3204,259,849
3208,102,3204,259,45
3209,102,3204,259,45
3203,102,3205,259,256
3204,102,3205,259,849
3205,102,3205,259,849
3207,102,3205,259,849
3208,102,3205,259,849
3209,102,3205,259,256
3204,102,3206,259,256
3208,102,3206,259,256
3209,102,3206,259,256
3203,102,3207,259,256
3204,102,3207,256,259
3205,102,3207,256,259
3206,102,3207,256,259
3207,102,3207,256,259
3208,102,3207,256,259
3202,102,3208,259,256
3205,102,3208,256,259
3206,102,3208,256,259
3207,102,3208,256,259
3208,102,3208,256,259
3209,102,3208,256,259
3201,102,3209,259,256
3206,102,3209,256,259
3207,102,3209,256,259
3208,102,3209,256,259
3207,102,3210,256,259
3200,102,3211,256,849
3201,102,3211,259,256
3206,102,3211,256,259
3201,102,3212,256,259
3202,102,3212,259,256
3205,102,3212,256,259
3202,102,3213,256,259
3203,102,3213,259,256
3204,102,3213,256,259
3209,102,3213,259,256
3210,102,3213,259,256
3203,102,3214,256,259
3210,102,3214,259,256
3211,102,3214,259,256
3204,103,3200,259,256
3205,103,3200,259,256
3206,103,3200,259,256
3207,103,3200,259,256
3204,103,3201,259,256
3205,103,3201,259,256
3206,103,3201,259,256
3207,103,3201,259,256
3208,103,3201,259,256
3204,103,3202,259,256
3205,103,3202,259,256
3206,103,3202,259,849
3207,103,3202,259,256
3208,103,3202,259,256
3204,103,3203,259,256
3205,103,3203,259,849
3206,103,3203,259,849
3207,103,3203,259,849
3208,103,3203,259,45
3209,103,3203,259,45
3204,103,3204,259,849
3205,103,3204,259,849
3206,103,3204,259,849
3207,103,3204,259,849
3208,103,3204,259,849
3209,103,3204,259,45
3210,103,3204,259,256
3203,103,3205,256,849
3204,103,3205,259,849
3205,103,3205,259,849
3206,103,3205,259,849
3207,103,3205,259,849
3208,103,3205,259,849
3209,103,3205,259,849
3210,103,3205,259,256
3203,103,3206,259,256
3204,103,3206,256,849
3205,103,3206,259,849
3207,103,3206,259,849
3208,103,3206,259,849
3209,103,3206,259,256
3202,103,3207,259,256
3203,103,3207,259,256
3204,103,3207,259,256
3205,103,3207,256,259
3206,103,3207,256,259
3207,103,3207,849,259
3203,103,3208,259,256
3206,103,3208,849,259
3207,103,3208,849,259
3208,103,3208,849,259
3209,103,3208,259,256
3202,103,3209,259,256
3207,103,3209,849,259
3201,103,3211,259,256
3202,103,3211,259,256
3201,103,3212,259,256
3202,103,3212,259,256
3203,103,3212,259,256
3202,103,3213,259,256
3203,103,3213,259,256
3204,103,3213,259,256
3208,103,3213,259,256
3209,103,3213,259,256
3203,103,3214,259,256
3209,103,3214,259,256
3210,103,3214,259,256
3212,103,3214,259,256
3203,103,3215,256,259
3210,103,3215,259,256
3211,103,3215,259,256
3204,104,3200,259,256
3205,104,3200,259,256
3206,104,3200,259,256
3207,104,3200,259,256
3208,104,3200,259,256
3204,104,3201,259,256
3205,104,3201,259,256
3206,104,3201,259,849
3207,104,3201,259,256
3208,104,3201,259,256
3204,104,3202,259,256
3205,104,3202,259,849
3206,104,3202,259,849
3207,104,3202,259,849
3208,104,3202,259,256
3209,104,3202,259,256
3204,104,3203,259,849
3205,104,3203,259,849
3206,104,3203,259,849
3207,104,3203,259,849
3208,104,3203,259,849
3209,104,3203,259,256
3210,104,3203,259,256
3204,104,3204,259,849
3205,104,3204,259,849
3206,104,3204,259,849
3207,104,3204,259,849
3208,104,3204,259,849
3209,104,3204,259,849
3210,104,3204,259,256
3204,104,3205,256,849
3205,104,3205,259,849
3206,104,3205,259,849
3207,104,3205,259,849
3208,104,3205,259,849
3209,104,3205,259,849
3210,104,3205,256,849
3203,104,3206,259,849
3204,104,3206,259,849
3205,104,3206,256,849
3206,104,3206,259,849
3207,104,3206,259,849
3208,104,3206,259,849
3209,104,3206,256,849
3203,104,3207,259,256
3204,104,3207,259,849
3205,104,3207,259,849
3206,104,3207,849,259
3209,104,3207,259,256
3204,104,3208,259,256
3207,104,3208,849,259
3208,104,3208,259,849
3209,104,3208,259,849
3203,104,3209,259,256
3209,104,3209,259,849
3202,104,3210,259,256
3202,104,3211,259,256
3203,104,3211,259,256
3201,104,3212,259,256
3202,104,3212,259,256
3203,104,3212,259,256
3204,104,3212,259,256
3201,104,3213,259,256
3202,104,3213,259,256
3203,104,3213,259,256
3204,104,3213,259,256
3205,104,3213,259,256
3207,104,3213,259,849
3208,104,3213,259,849
3202,104,3214,259,256
3203,104,3214,259,256
3204,104,3214,259,256
3207,104,3214,259,849
3203,104,3215,259,256
3212,104,3215,259,256
3205,105,3200,259,256
3206,105,3200,259,256
3207,105,3200,259,256
3208,105,3200,259,256
3204,105,3201,259,256
3205,105,3201,259,849
3206,105,3201,259,849
3207,105,3201,259,849
3208,105,3201,259,256
3209,105,3201,259,256
3204,105,3202,259,849
3205,105,3202,259,849
3206,105,3202,259,849
3207,105,3202,259,849
3208,105,3202,259,849
3209,105,3202,259,256
3210,105,3202,259,256
3204,105,3203,259,849
3205,105,3203,259,849
3206,105,3203,259,849
3207,105,3203,259,849
3208,105,3203,259,849
3209,105,3203,259,849
3210,105,3203,259,256
3204,105,3204,256,849
3205,105,3204,259,849
3206,105,3204,259,849
3207,105,3204,259,849
3208,105,3204,259,849
3209,105,3204,259,849
3210,105,3204,256,849
3204,105,3205,259,849
3205,105,3205,256,849
3206,105,3205,259,849
3207,105,3205,259,849
3208,105,3205,259,849
3209,105,3205,256,849
3210,105,3205,256,849
3204,105,3206,259,849
3205,105,3206,259,849
3207,105,3206,259,849
3209,105,3206,256,849
3210,105,3206,256,849
3204,105,3207,259,849
3205,105,3207,259,849
3206,105,3207,259,849
3200,105,3208,849,259
3205,105,3208,259,849
3206,105,3208,259,849
3209,105,3208,259,849
3204,105,3209,259,849
3205,105,3209,259,849
3206,105,3209,259,849
3208,105,3209,259,849
3209,105,3209,259,849
3203,105,3210,259,849
3204,105,3210,259,849
3205,105,3210,259,849
3206,105,3210,259,849
3207,105,3210,259,849
3208,105,3210,259,849
3202,105,3211,259,256
3203,105,3211,259,849
3204,105,3211,259,849
3205,105,3211,259,849
3206,105,3211,259,849
3207,105,3211,259,849
3215,105,3211,256,259
3201,105,3212,259,256
3202,105,3212,259,256
3203,105,3212,259,256
3204,105,3212,259,849
3205,105,3212,259,849
3206,105,3212,259,849
3200,105,3213,259,256
3201,105,3213,259,256
3202,105,3213,259,256
3203,105,3213,259,256
3204,105,3213,259,256
3205,105,3213,259,849
3206,105,3213,259,849
3207,105,3213,259,849
3201,105,3214,259,256
3202,105,3214,259,256
3203,105,3214,259,256
3206,105,3214,259,849
3207,105,3214,259,849
3208,105,3214,259,849
3202,105,3215,259,256
3207,105,3215,259,849
3206,106,3200,259,256
3207,106,3200,259,256
3208,106,3200,259,256
3205,106,3201,259,256
3206,106,3201,259,849
3207,106,3201,259,256
3208,106,3201,259,256
3209,106,3201,259,256
3204,106,3202,259,256
3205,106,3202,259,849
3206,106,3202,259,849
3207,106,3202,259,849
3208,106,3202,259,256
3209,106,3202,259,256
3210,106,3202,259,256
3204,106,3203,256,849
3205,106,3203,259,849
3206,106,3203,259,849
3207,106,3203,259,849
3208,106,3203,259,849
3209,106,3203,259,256
3204,106,3204,256,849
3205,106,3204,256,849
3206,106,3204,259,849
3207,106,3204,259,849
3208,106,3204,259,849
3209,106,3204,256,849
3204,106,3205,256,849
3205,106,3205,256,849
3207,106,3205,259,849
3209,106,3205,256,849
3210,106,3205,256,849
3204,106,3206,259,849
3200,106,3207,849,259
3205,106,3207,259,849
3200,106,3208,849,259
3201,106,3208,849,259
3206,106,3208,259,849
3200,106,3209,849,259
3205,106,3209,259,849
3206,106,3209,259,849
3204,106,3210,259,849
3205,106,3210,259,849
3206,106,3210,259,849
3203,106,3211,259,849
3204,106,3211,259,849
3205,106,3211,259,849
3206,106,3211,259,849
3202,106,3212,259,256
3203,106,3212,259,849
3204,106,3212,259,849
3205,106,3212,259,849
3201,106,3213,259,256
3202,106,3213,259,256
3203,106,3213,259,256
3204,106,3213,259,849
3205,106,3213,259,849
3206,106,3213,259,849
3200,106,3214,259,256
3201,106,3214,259,256
3202,106,3214,259,256
3205,106,3214,259,849
3206,106,3214,259,849
3201,106,3215,259,256
3202,106,3215,259,256
3206,106,3215,259,849
3207,106,3215,259,849
3208,106,3215,259,849
3207,107,3200,259,256
3206,107,3201,259,256
3207,107,3201,259,256
3208,107,3201,259,256
3205,107,3202,259,256
3206,107,3202,259,849
3207,107,3202,259,256
3208,107,3202,259,256
3209,107,3202,259,256
3204,107,3203,256,849
3205,107,3203,256,849
3206,107,3203,259,849
3207,107,3203,259,849
3208,107,3203,259,256
3204,107,3204,256,849
3205,107,3204,256,849
3206,107,3204,256,849
3207,107,3204,259,849
3204,107,3205,256,849
3205,107,3205,256,849
3206,107,3205,256,849
3205,107,3206,256,849
3200,107,3208,849,259
3206,107,3209,259,849
3205,107,3210,259,849
3206,107,3210,259,849
3204,107,3211,259,849
3205,107,3211,259,849
3203,107,3212,259,256
3204,107,3212,259,849
3202,107,3213,259,256
3201,107,3214,259,256
3202,107,3214,259,256
3200,107,3215,259,256
3201,107,3215,259,256
3202,107,3215,259,256
3207,108,3201,259,256
3204,108,3202,256,849
3206,108,3202,259,256
3207,108,3202,259,256
3208,108,3202,259,256
3204,108,3203,256,849
3205,108,3203,256,849
3206,108,3203,256,849
3207,108,3203,259,256
3204,108,3204,256,849
3205,108,3204,256,849
3206,108,3204,256,849
3205,108,3205,256,849
3204,108,3212,259,256
3203,108,3213,259,256
3202,108,3214,259,256
3200,108,3215,259,256
3201,108,3215,259,256
3202,108,3215,259,256
3202,109,3200,256,849
3203,109,3200,256,849
3203,109,3201,256,849
3204,109,3201,256,849
3204,109,3202,256,849
3205,109,3202,256,849
3204,109,3203,256,849
3205,109,3203,256,849
3204,109,3204,256,849
3205,109,3204,256,849
3204,109,3205,256,849
3205,109,3210,259,849
3204,109,3211,259,417
3203,109,3212,259,256
3204,109,3212,259,417
3202,109,3213,259,256
3203,109,3213,259,256
3204,109,3213,259,256
3201,109,3214,259,256
3202,109,3214,259,256
3203,109,3214,259,256
3200,109,3215,259,256
3201,109,3215,259,256
3202,109,3215,259,256
3201,110,3200,259,849
3202,110,3200,256,849
3203,110,3200,256,849
3204,110,3200,256,849
3202,110,3201,259,849
3203,110,3201,256,849
3204,110,3201,256,849
3205,110,3201,256,849
3203,110,3202,259,849
3204,110,3202,256,849
3205,110,3202,256,849
3204,110,3203,256,849
3205,110,3203,256,849
3203,110,3204,256,849
3204,110,3204,256,849
3203,110,3205,256,849
3204,110,3205,256,849
3204,110,3206,256,849
3204,110,3210,259,256
3203,110,3211,259,417
3202,110,3212,259,256
3203,110,3212,259,256
3204,110,3212,259,256
3201,110,3213,259,256
3202,110,3213,259,256
3203,110,3213,259,256
3200,110,3214,259,256
3201,110,3214,259,256
3202,110,3214,259,256
3200,110,3215,259,256
3201,110,3215,259,256
3202,110,3215,259,849
3203,110,3215,259,256
3200,111,3200,259,849
3201,111,3200,259,849
3202,111,3200,259,849
3203,111,3200,256,849
3204,111,3200,256,849
3205,111,3200,256,849
3201,111,3201,259,849
3202,111,3201,259,849
3203,111,3201,259,849
3204,111,3201,256,849
3205,111,3201,256,849
3202,111,3202,259,849
3203,111,3202,259,849
3204,111,3202,259,849
3205,111,3202,256,849
3203,111,3203,259,849
3204,111,3203,256,849
3202,111,3204,259,849
3203,111,3204,256,849
3204,111,3204,256,849
3202,111,3205,417,849
3203,111,3205,256,849
3204,111,3205,256,849
3203,111,3206,256,849
3204,111,3206,256,849
3204,111,3207,256,849
3203,111,3210,259,256
3214,111,3210,849,259
3202,111,3211,259,256
3215,111,3211,849,259
3201,111,3212,259,256
3202,111,3212,259,256
3203,111,3212,259,256
3200,111,3213,259,256
3201,111,3213,259,256
3202,111,3213,259,256
3200,111,3214,259,256
3201,111,3214,259,256
3200,111,3215,259,256
3201,111,3215,259,849
3202,111,3215,259,849
3200,112,3200,259,849
3201,112,3200,259,849
3202,112,3200,259,849
3203,112,3200,259,849
3204,112,3200,256,849
3205,112,3200,256,849
3212,112,3200,259,33
3200,112,3201,259,849
3201,112,3201,259,849
3202,112,3201,259,849
3203,112,3201,259,849
3204,112,3201,259,849
3205,112,3201,256,849
3201,112,3202,259,849
3202,112,3202,259,849
3203,112,3202,259,849
3204,112,3202,259,849
3205,112,3202,259,849
3212,112,3202,259,33
3214,112,3202,256,33
3202,112,3203,259,849
3203,112,3203,259,849
3204,112,3203,259,849
3205,112,3203,256,849
3201,112,3204,259,849
3202,112,3204,259,849
3203,112,3204,259,849
3204,112,3204,256,849
3201,112,3205,259,849
3202,112,3205,259,849
3203,112,3205,417,849
3204,112,3205,256,849
3202,112,3206,417,849
3203,112,3206,417,849
3204,112,3206,256,849
3201,112,3207,849,259
3203,112,3207,256,849
3204,112,3207,256,849
3200,112,3208,849,259
3214,112,3209,849,259
3213,112,3210,849,259
3214,112,3210,849,259
3215,112,3210,849,259
3201,112,3211,849,256
3202,112,3211,849,256
3214,112,3211,849,259
3215,112,3211,849,259
3200,112,3212,259,256
3201,112,3212,259,256
3202,112,3212,259,256
3215,112,3212,849,259
3200,112,3213,259,256
3201,112,3213,259,256
3214,112,3213,849,259
3200,112,3214,259,256
3200,112,3215,259,849
3201,112,3215,259,849
3200,113,3200,259,849
3201,113,3200,259,849
3202,113,3200,259,849
3203,113,3200,256,849
3204,113,3200,256,849
3205,113,3200,256,849
3200,113,3201,259,849
3201,113,3201,259,849
3202,113,3201,259,849
3203,113,3201,259,849
3204,113,3201,256,849
3205,113,3201,256,849
3200,113,3202,259,849
3201,113,3202,259,849
3202,113,3202,259,849
3203,113,3202,259,849
3204,113,3202,259,849
3205,113,3202,256,849
3201,113,3203,259,849
3202,113,3203,259,849
3203,113,3203,259,849
3204,113,3203,256,849
3205,113,3203,256,849
3200,113,3204,259,849
3201,113,3204,259,849
3202,113,3204,259,849
3203,113,3204,256,849
3204,113,3204,256,849
3205,113,3204,256,849
3200,113,3205,259,849
3201,113,3205,259,849
3202,113,3205,417,849
3203,113,3205,417,849
3204,113,3205,256,849
3202,113,3206,417,849
3203,113,3206,417,849
3204,113,3206,256,849
3200,113,3207,849,259
3201,113,3207,849,259
3203,113,3207,417,849
3204,113,3207,256,849
3201,113,3208,849,259
3214,113,3208,849,256
3213,113,3209,849,256
3214,113,3209,849,259
3215,113,3209,849,259
3201,113,3210,849,256
3202,113,3210,849,256
3212,113,3210,849,256
3213,113,3210,849,256
3214,113,3210,849,259
3215,113,3210,849,259
3200,113,3211,849,256
3201,113,3211,849,256
3202,113,3211,849,256
3213,113,3211,849,259
3214,113,3211,849,259
3215,113,3211,849,259
3200,113,3212,259,256
3201,113,3212,849,256
3214,113,3212,849,259
3215,113,3212,849,259
3200,113,3213,259,256
3214,113,3213,849,259
3215,113,3213,849,259
3200,113,3215,259,849
3200,114,3200,259,849
3201,114,3200,259,849
3202,114,3200,256,849
3203,114,3200,256,849
3204,114,3200,256,849
3200,114,3201,259,849
3201,114,3201,259,849
3202,114,3201,259,849
3203,114,3201,256,849
3204,114,3201,256,849
3205,114,3201,256,849
3200,114,3202,259,849
3201,114,3202,259,849
3202,114,3202,259,849
3203,114,3202,259,849
3204,114,3202,256,849
3205,114,3202,256,849
3200,114,3203,259,849
3201,114,3203,259,849
3202,114,3203,259,849
3203,114,3203,256,849
3204,114,3203,256,849
3205,114,3203,256,849
3200,114,3204,259,849
3201,114,3204,259,849
3202,114,3204,256,849
3203,114,3204,256,849
3204,114,3204,256,849
3205,114,3204,256,849
3200,114,3205,259,849
3202,114,3205,256,849
3203,114,3205,256,849
3204,114,3205,256,849
3205,114,3205,256,849
3203,114,3206,417,849
3204,114,3206,256,849
3203,114,3207,417,849
3214,114,3207,849,256
3213,114,3208,849,256
3214,114,3208,849,256
3215,114,3208,849,256
3212,114,3209,849,256
3213,114,3209,849,256
3214,114,3209,849,256
3215,114,3209,849,259
3202,114,3210,849,256
3203,114,3210,849,256
3211,114,3210,849,256
3212,114,3210,849,256
3213,114,3210,849,256
3214,114,3210,849,256
3215,114,3210,849,259
3201,114,3211,849,256
3203,114,3211,849,256
3212,114,3211,849,256
3213,114,3211,849,256
3214,114,3211,849,259
3215,114,3211,849,259
3200,114,3212,849,256
3213,114,3212,849,259
3214,114,3212,849,259
3215,114,3212,849,259
3200,114,3213,259,849
3201,114,3213,259,849
3213,114,3213,849,259
3214,114,3213,849,259
3215,114,3213,849,259
3200,114,3214,259,849
3214,114,3214,849,259
3215,114,3214,849,259
3200,114,3215,259,849
3201,114,3215,259,849
3214,114,3215,849,259
3200,115,3200,259,256
3200,115,3201,259,849
3201,115,3201,259,849
3200,115,3202,259,849
3201,115,3202,259,849
3202,115,3202,259,849
3204,115,3202,256,849
3205,115,3202,256,849
3200,115,3203,259,849
3201,115,3203,259,849
3202,115,3203,256,849
3203,115,3203,256,849
3204,115,3203,33,849
3205,115,3203,256,849
3200,115,3204,259,849
3201,115,3204,259,849
3202,115,3204,256,849
3203,115,3204,256,849
3204,115,3204,256,849
3205,115,3204,256,849
3200,115,3205,259,849
3203,115,3205,256,849
3204,115,3205,256,849
3203,115,3206,256,849
3214,115,3206,849,256
3213,115,3207,849,256
3214,115,3207,849,256
3215,115,3207,849,256
3202,115,3208,849,259
3213,115,3208,849,256
3214,115,3208,849,256
3215,115,3208,849,256
3212,115,3209,849,256
3213,115,3209,849,256
3214,115,3209,849,256
3215,115,3209,849,259
3203,115,3210,849,256
3211,115,3210,849,256
3212,115,3210,849,256
3213,115,3210,849,256
3214,115,3210,849,259
3215,115,3210,849,259
3204,115,3211,849,256
3210,115,3211,849,256
3211,115,3211,849,256
3212,115,3211,849,256
3213,115,3211,849,259
3214,115,3211,849,259
3215,115,3211,849,259
3201,115,3212,259,849
3212,115,3212,849,259
3213,115,3212,849,259
3214,115,3212,849,259
3215,115,3212,849,259
3200,115,3213,259,849
3201,115,3213,259,849
3202,115,3213,259,849
3212,115,3213,849,259
3213,115,3213,849,259
3214,115,3213,849,259
3215,115,3213,849,259
3200,115,3214,259,849
3201,115,3214,259,849
3213,115,3214,849,259
3214,115,3214,849,259
3215,115,3214,849,259
3200,115,3215,259,849
3201,115,3215,259,849
3202,115,3215,259,849
3212,115,3215,256,259
3213,115,3215,849,259
3214,115,3215,849,259
3215,115,3215,849,259
3200,116,3202,259,849
3201,116,3202,259,849
3200,116,3203,259,849
3201,116,3203,259,849
3202,116,3203,256,849
3204,116,3203,256,849
3205,116,3203,256,849
3215,116,3203,256,849
3200,116,3204,259,849
3201,116,3204,259,849
3203,116,3204,256,849
3204,116,3204,256,849
3201,116,3205,259,849
3203,116,3205,256,849
3200,116,3206,259,849
3213,116,3206,849,256
3214,116,3206,849,256
3215,116,3206,849,256
3202,116,3207,849,259
3213,116,3207,849,256
3214,116,3207,849,256
3215,116,3207,849,256
3201,116,3208,849,259
3202,116,3208,849,259
3214,116,3208,849,256
3215,116,3208,849,256
3202,116,3209,849,259
3213,116,3209,849,256
3214,116,3209,849,259
3215,116,3209,849,259
3212,116,3210,849,256
3213,116,3210,849,259
3214,116,3210,849,259
3215,116,3210,849,259
3212,116,3211,849,259
3213,116,3211,849,259
3214,116,3211,849,259
3215,116,3211,849,259
3201,116,3212,259,849
3202,116,3212,259,849
3213,116,3212,849,259
3214,116,3212,849,259
3215,116,3212,849,259
3200,116,3213,259,849
3201,116,3213,259,849
3202,116,3213,259,849
3203,116,3213,259,849
3212,116,3213,849,259
3213,116,3213,849,259
3214,116,3213,849,259
3215,116,3213,849,259
3200,116,3214,259,849
3201,116,3214,259,849
3202,116,3214,259,849
3212,116,3214,849,259
3213,116,3214,849,259
3214,116,3214,849,259
3215,116,3214,849,259
3200,116,3215,259,849
3201,116,3215,259,849
3212,116,3215,849,259
3213,116,3215,849,259
3214,116,3215,849,259
3215,116,3215,849,259
3206,117,3202,259,256
3207,117,3202,259,256
3215,117,3202,256,849
3200,117,3203,259,849
3201,117,3203,259,849
3205,117,3203,259,256
3206,117,3203,259,256
3207,117,3203,259,256
3208,117,3203,259,256
3214,117,3203,256,849
3215,117,3203,256,849
3201,117,3204,259,849
3202,117,3204,259,849
3204,117,3204,259,256
3205,117,3204,259,256
3206,117,3204,259,256
3207,117,3204,259,256
3215,117,3204,256,849
3201,117,3205,849,259
3203,117,3205,259,256
3204,117,3205,259,256
3200,117,3206,849,259
3203,117,3206,259,256
3214,117,3206,849,256
3213,117,3207,849,256
3214,117,3207,849,256
3215,117,3207,849,256
3202,117,3208,849,259
3213,117,3208,849,256
3214,117,3208,849,256
3215,117,3208,849,256
3212,117,3209,849,256
3213,117,3209,849,256
3214,117,3209,849,256
3215,117,3209,849,259
3202,117,3210,256,849
3212,117,3210,849,256
3213,117,3210,849,256
3214,117,3210,849,259
3215,117,3210,849,259
3201,117,3211,259,849
3202,117,3211,259,849
3203,117,3211,256,849
3213,117,3211,849,259
3214,117,3211,849,259
3215,117,3211,849,259
3200,117,3212,259,849
3201,117,3212,259,849
3202,117,3212,259,849
3203,117,3212,259,849
3204,117,3212,256,849
3214,117,3212,849,259
3215,117,3212,849,259
3200,117,3213,259,849
3201,117,3213,259,849
3202,117,3213,259,849
3204,117,3213,259,849
3213,117,3213,849,259
3214,117,3213,849,259
3215,117,3213,849,259
3200,117,3214,259,849
3201,117,3214,259,849
3212,117,3214,849,259
3213,117,3214,849,259
3214,117,3214,849,259
3215,117,3214,849,259
3200,117,3215,259,849
3212,117,3215,256,259
3213,117,3215,849,259
3214,117,3215,849,259
3215,117,3215,849,259
3215,118,3201,256,849
3207,118,3202,259,256
3208,118,3202,259,256
3214,118,3202,256,849
3215,118,3202,256,849
3206,118,3203,259,256
3207,118,3203,259,256
3208,118,3203,259,256
3209,118,3203,259,256
3213,118,3203,256,849
3214,118,3203,256,849
3215,118,3203,256,849
3205,118,3204,259,256
3206,118,3204,259,256
3207,118,3204,259,256
3208,118,3204,259,256
3214,118,3204,256,849
3215,118,3204,256,849
3200,118,3205,849,259
3202,118,3205,259,256
3204,118,3205,259,256
3205,118,3205,259,256
3215,118,3205,256,849
3203,118,3206,259,256
3204,118,3206,259,256
3203,118,3207,259,256
3214,118,3207,849,256
3213,118,3208,849,256
3214,118,3208,849,256
3215,118,3208,849,256
3212,118,3209,849,256
3213,118,3209,849,256
3214,118,3209,849,256
3215,118,3209,849,256
3201,118,3210,259,849
3202,118,3210,259,849
3213,118,3210,849,256
3214,118,3210,849,256
3215,118,3210,849,259
3200,118,3211,259,849
3201,118,3211,259,849
3202,118,3211,259,849
3203,118,3211,259,849
3214,118,3211,849,259
3215,118,3211,849,259
3200,118,3212,259,849
3201,118,3212,259,849
3202,118,3212,259,849
3215,118,3212,849,259
3200,118,3213,259,849
3201,118,3213,259,849
3214,118,3213,849,259
3215,118,3213,849,259
3200,118,3214,259,849
3213,118,3214,849,259
3214,118,3214,849,259
3215,118,3214,849,259
3212,118,3215,256,259
3213,118,3215,256,259
3214,118,3215,849,259
3215,118,3215,256,259
3201,119,3200,849,259
3202,119,3200,849,259
3203,119,3200,849,259
3200,119,3201,849,259
3201,119,3201,849,259
3202,119,3201,849,259
3203,119,3201,849,259
3204,119,3201,849,259
3207,119,3201,259,256
3208,119,3201,259,256
3201,119,3202,849,259
3202,119,3202,849,259
3203,119,3202,849,259
3206,119,3202,259,256
3207,119,3202,259,256
3208,119,3202,259,256
3209,119,3202,259,256
3215,119,3202,256,849
3202,119,3203,849,259
3205,119,3203,259,256
3206,119,3203,259,256
3207,119,3203,259,256
3208,119,3203,259,256
3209,119,3203,259,256
3214,119,3203,256,849
3215,119,3203,256,849
3202,119,3204,259,256
3204,119,3204,259,256
3205,119,3204,259,256
3206,119,3204,259,256
3207,119,3204,259,256
3208,119,3204,259,256
3209,119,3204,259,256
3215,119,3204,256,849
3201,119,3205,259,256
3202,119,3205,259,256
3203,119,3205,259,256
3204,119,3205,259,256
3205,119,3205,259,256
3206,119,3205,259,256
3208,119,3205,259,256
3202,119,3206,259,256
3203,119,3206,259,256
3204,119,3206,259,256
3205,119,3206,259,256
3203,119,3207,259,256
3204,119,3207,259,256
3215,119,3207,849,256
3203,119,3208,259,256
3214,119,3208,849,256
3215,119,3208,849,256
3201,119,3209,256,849
3202,119,3209,256,849
3204,119,3209,259,256
3213,119,3209,849,256
3200,119,3210,259,849
3201,119,3210,259,849
3202,119,3210,259,849
3203,119,3210,259,849
3200,119,3211,259,849
3201,119,3211,259,849
3202,119,3211,259,849
3203,119,3211,259,849
3215,119,3211,849,259
3200,119,3212,259,849
3201,119,3212,259,849
3200,119,3213,259,849
3215,119,3213,849,259
3214,119,3214,849,259
3215,119,3214,849,259
3213,119,3215,256,259
3214,119,3215,256,259
3215,119,3215,849,259
3200,120,3200,849,259
3201,120,3200,849,259
3202,120,3200,849,259
3203,120,3200,849,259
3204,120,3200,849,259
3207,120,3200,259,256
3208,120,3200,259,256
3201,120,3201,849,259
3202,120,3201,849,259
3203,120,3201,849,259
3204,120,3201,849,259
3205,120,3201,849,259
3206,120,3201,259,256
3207,120,3201,259,256
3208,120,3201,259,256
3209,120,3201,259,256
3202,120,3202,849,259
3203,120,3202,849,259
3204,120,3202,849,259
3205,120,3202,259,256
3206,120,3202,259,256
3207,120,3202,259,256
3208,120,3202,259,256
3209,120,3202,259,256
3203,120,3203,849,259
3204,120,3203,259,256
3205,120,3203,259,256
3206,120,3203,259,256
3207,120,3203,259,256
3208,120,3203,259,256
3209,120,3203,259,256
3215,120,3203,256,849
3203,120,3204,259,256
3204,120,3204,259,256
3205,120,3204,259,256
3206,120,3204,259,256
3207,120,3204,259,256
3208,120,3204,259,256
3209,120,3204,259,256
3202,120,3205,259,256
3203,120,3205,259,256
3204,120,3205,259,256
3205,120,3205,259,256
3206,120,3205,259,256
3207,120,3205,259,256
3208,120,3205,259,256
3201,120,3206,259,256
3202,120,3206,259,256
3203,120,3206,259,256
3204,120,3206,259,256
3205,120,3206,259,256
3206,120,3206,259,256
3215,120,3206,849,256
3202,120,3207,259,256
3203,120,3207,259,256
3204,120,3207,259,256
3205,120,3207,259,256
3214,120,3207,849,256
3215,120,3207,849,256
3202,120,3208,259,256
3203,120,3208,259,256
3204,120,3208,259,256
3201,120,3209,256,849
3203,120,3209,259,256
3204,120,3209,259,256
3200,120,3210,259,849
3201,120,3210,259,849
3202,120,3210,259,849
3203,120,3210,259,256
3215,120,3210,259,849
3200,120,3211,259,849
3201,120,3211,259,849
3202,120,3211,259,849
3200,120,3212,259,849
3201,121,3200,849,259
3202,121,3200,849,259
3203,121,3200,849,259
3204,121,3200,849,259
3205,121,3200,849,259
3206,121,3200,259,256
3207,121,3200,259,256
3202,121,3201,849,259
3203,121,3201,849,259
3204,121,3201,849,259
3207,121,3201,259,256
3208,121,3201,259,256
3203,121,3202,849,259
3206,121,3202,259,256
3207,121,3202,259,256
3208,121,3202,259,256
3209,121,3202,259,256
3205,121,3203,259,256
3206,121,3203,259,256
3207,121,3203,259,256
3208,121,3203,259,256
3209,121,3203,259,256
3204,121,3204,259,256
3205,121,3204,259,256
3206,121,3204,259,256
3207,121,3204,259,256
3208,121,3204,259,256
3203,121,3205,259,256
3204,121,3205,259,256
3205,121,3205,259,256
3206,121,3205,259,256
3207,121,3205,259,256
3202,121,3206,259,256
3203,121,3206,259,256
3204,121,3206,259,256
3205,121,3206,259,256
3206,121,3206,259,256
3202,121,3207,259,256
3203,121,3207,259,256
3204,121,3207,259,256
3205,121,3207,259,256
3203,121,3208,259,256
3204,121,3208,259,256
3205,121,3208,259,256
3204,121,3209,259,256
3200,121,3210,259,256
3201,121,3210,259,849
3202,121,3210,259,256
3203,121,3210,259,256
3200,121,3211,259,849
3201,121,3211,259,849
3202,121,3211,259,849
3203,121,3211,259,256
3215,121,3211,259,849
3213,121,3215,259,256
3214,121,3215,259,256
3207,122,3201,259,256
3207,122,3202,259,256
3208,122,3202,259,256
3206,122,3203,259,256
3207,122,3203,259,256
3208,122,3203,259,256
3205,122,3204,259,256
3206,122,3204,259,256
3207,122,3204,259,256
3204,122,3205,259,256
3205,122,3205,259,256
3206,122,3205,259,256
3203,122,3206,259,256
3204,122,3206,259,256
3205,122,3206,259,256
3215,122,3206,256,849
3203,122,3207,259,256
3204,122,3207,259,256
3205,122,3207,259,256
3204,122,3208,259,256
3200,122,3210,259,256
3201,122,3210,259,256
3202,122,3210,259,256
3200,122,3211,259,256
3201,122,3211,259,849
3202,122,3211,259,256
3203,122,3211,259,256
3215,122,3212,259,849
3214,122,3213,259,849
3215,122,3213,259,849
3213,122,3214,259,849
3214,122,3214,259,849
3206,122,3215,256,259
3212,122,3215,259,256
3213,122,3215,259,256
3214,122,3215,259,849
3215,122,3215,259,849
3206,123,3202,259,256
3207,123,3202,259,256
3206,123,3203,259,256
3207,123,3203,259,256
3204,123,3204,259,256
3205,123,3204,259,256
3206,123,3204,259,256
3203,123,3205,259,256
3205,123,3205,259,256
3204,123,3206,259,256
3205,123,3206,259,256
3204,123,3207,259,256
3201,123,3210,259,256
3200,123,3211,259,256
3201,123,3211,259,256
3202,123,3211,259,256
3205,123,3213,256,259
3213,123,3213,259,849
3214,123,3213,259,849
3215,123,3213,259,849
3212,123,3214,259,256
3213,123,3214,259,256
3214,123,3214,259,849
3215,123,3214,259,849
3205,123,3215,256,259
3207,123,3215,256,259
3212,123,3215,259,256
3213,123,3215,259,256
3214,123,3215,259,256
3215,123,3215,259,849
3201,124,3200,256,259
3202,124,3200,256,259
3203,124,3200,256,259
3204,124,3200,256,259
3203,124,3201,256,259
3203,124,3202,256,259
3201,124,3211,259,256
3200,124,3212,259,256
3203,124,3212,256,259
3204,124,3212,256,259
3205,124,3213,256,259
3206,124,3213,256,259
3213,124,3213,259,256
3214,124,3213,259,849
3207,124,3214,256,259
3214,124,3214,259,256
3215,124,3214,259,849
3205,124,3215,256,259
3207,124,3215,256,259
3212,124,3215,259,256
3213,124,3215,259,256
3215,124,3215,259,256
3203,125,3200,256,259
3200,125,3213,259,256
3205,125,3213,256,259
3213,125,3213,259,256
3214,125,3213,259,256
3206,125,3214,256,259
3212,125,3214,259,256
3213,125,3214,259,256
3203,125,3215,256,259
3207,125,3215,256,259
3214,125,3215,259,256
3213,126,3212,259,256
3215,126,3212,259,256
3203,126,3214,256,259
3205,126,3214,256,259
3213,126,3214,259,256
3202,126,3215,256,259
3206,126,3215,256,259
3223,1,3200,256,259
3230,1,3200,259,256
3224,1,3203,259,849
3217,1,3204,259,256
3224,1,3204,256,849
3225,1,3204,256,849
3218,1,3206,259,256
3219,1,3206,259,256
3217,1,3210,256,259
3219,1,3211,256,259
3217,1,3212,256,259
3223,2,3200,256,259
3225,2,3200,256,259
3229,2,3200,259,256
3230,2,3200,259,256
3224,2,3201,256,259
3230,2,3201,256,849
3231,2,3202,256,849
3225,2,3203,256,849
3223,2,3204,259,849
3224,2,3204,259,849
3221,2,3205,259,849
3222,2,3205,259,849
3231,2,3205,256,849
3216,2,3206,259,256
3221,2,3206,259,256
3222,2,3206,259,849
3218,2,3207,259,256
3219,2,3207,259,256
3220,2,3207,259,256
3218,2,3208,259,256
3219,2,3208,259,256
3217,2,3209,256,259
3217,2,3210,256,259
3220,2,3210,256,259
3219,2,3211,256,259
3218,2,3212,256,259
3219,2,3212,256,259
3220,2,3212,256,259
3216,2,3213,256,259
3219,2,3213,256,259
3231,2,3213,259,256
3216,2,3214,256,259
3217,2,3214,256,259
3219,2,3214,256,259
3216,2,3215,256,259
3220,2,3215,849,259
3223,3,3200,256,259
3224,3,3200,256,259
3228,3,3200,259,256
3230,3,3200,259,849
3231,3,3200,259,849
3223,3,3201,256,259
3229,3,3201,256,849
3224,3,3202,256,849
3225,3,3202,256,849
3216,3,3203,259,849
3224,3,3203,259,849
3225,3,3203,256,849
3226,3,3203,256,849
3216,3,3204,259,849
3217,3,3204,259,849
3224,3,3204,259,849
3225,3,3204,259,849
3216,3,3205,259,849
3222,3,3205,259,849
3223,3,3205,259,849
3224,3,3205,259,849
3230,3,3205,256,849
3221,3,3206,259,849
3223,3,3206,259,849
3218,3,3207,259,256
3222,3,3207,256,849
3216,3,3209,256,259
3217,3,3209,256,259
3218,3,3209,256,259
3216,3,3210,256,259
3216,3,3211,256,259
3218,3,3211,849,259
3219,3,3211,256,259
3220,3,3211,256,259
3217,3,3212,256,259
3218,3,3212,256,259
3219,3,3212,256,259
3220,3,3212,256,259
3231,3,3212,259,849
3217,3,3213,256,259
3219,3,3213,256,259
3220,3,3213,849,259
3230,3,3213,259,256
3217,3,3214,256,259
3218,3,3214,256,259
3219,3,3214,849,259
3220,3,3214,849,259
3229,3,3214,259,256
3218,3,3215,849,259
3219,3,3215,849,259
3220,3,3215,849,259
3221,3,3215,849,259
3222,3,3215,849,256
3223,3,3215,259,256
3228,3,3215,259,256
3227,4,3200,259,256
3228,4,3200,259,256
3229,4,3200,259,849
3230,4,3200,259,849
3231,4,3200,259,849
3223,4,3201,259,849
3224,4,3201,256,849
3225,4,3201,256,849
3228,4,3201,256,849
3216,4,3202,259,849
3224,4,3202,259,849
3225,4,3202,256,849
3226,4,3202,256,849
3229,4,3202,256,849
3216,4,3203,259,849
3217,4,3203,259,849
3225,4,3203,259,849
3226,4,3203,256,849
3227,4,3203,256,849
3230,4,3203,256,849
3216,4,3204,259,849
3217,4,3204,259,849
3218,4,3204,259,849
3224,4,3204,259,849
3225,4,3204,259,849
3226,4,3204,259,849
3230,4,3204,256,849
3217,4,3205,259,849
3223,4,3205,259,849
3224,4,3205,259,849
3225,4,3205,259,849
3229,4,3205,256,849
3216,4,3206,256,849
3217,4,3206,256,259
3221,4,3206,256,259
3222,4,3206,259,849
3223,4,3206,259,849
3218,4,3207,256,259
3220,4,3207,256,259
3222,4,3207,256,849
3223,4,3207,259,849
3219,4,3208,256,259
3222,4,3208,256,849
3217,4,3209,256,259
3216,4,3210,256,259
3218,4,3210,849,259
3216,4,3211,256,259
3217,4,3211,849,259
3219,4,3211,849,259
3216,4,3212,256,259
3217,4,3212,256,259
3218,4,3212,849,259
3219,4,3212,256,259
3220,4,3212,849,259
3216,4,3213,256,259
3218,4,3213,256,259
3219,4,3213,849,259
3220,4,3213,849,259
3221,4,3213,849,256
3219,4,3214,849,259
3220,4,3214,849,259
3221,4,3214,849,256
3217,4,3215,849,259
3218,4,3215,849,259
3219,4,3215,849,259
3220,4,3215,849,259
3221,4,3215,849,259
3222,4,3215,849,259
3223,4,3215,849,256
3223,5,3200,259,256
3227,5,3200,259,256
3228,5,3200,259,256
3229,5,3200,259,256
3230,5,3200,259,849
3231,5,3200,259,849
3216,5,3201,259,849
3224,5,3201,259,849
3225,5,3201,256,849
3226,5,3201,256,849
3228,5,3201,849,256
3216,5,3202,259,849
3217,5,3202,259,849
3225,5,3202,259,849
3226,5,3202,256,849
3227,5,3202,256,849
3229,5,3202,849,256
3216,5,3203,259,849
3217,5,3203,259,849
3218,5,3203,259,849
3225,5,3203,259,849
3226,5,3203,259,849
3228,5,3203,256,849
3216,5,3204,259,849
3217,5,3204,259,849
3218,5,3204,259,849
3219,5,3204,259,849
3225,5,3204,259,849
3229,5,3204,256,849
3216,5,3205,259,849
3217,5,3205,259,849
3218,5,3205,259,849
3224,5,3205,259,849
3216,5,3206,256,849
3217,5,3206,259,849
3218,5,3206,256,259
3220,5,3206,256,259
3223,5,3206,259,849
3216,5,3207,256,849
3217,5,3207,256,259
3218,5,3207,256,259
3219,5,3207,256,259
3220,5,3207,256,259
3222,5,3207,259,849
3216,5,3208,256,259
3218,5,3208,256,259
3219,5,3208,256,259
3220,5,3208,256,259
3221,5,3208,256,849
3222,5,3208,259,849
3223,5,3208,259,849
3216,5,3209,256,259
3217,5,3209,256,259
3218,5,3209,849,256
3219,5,3209,256,259
3222,5,3209,256,849
3216,5,3210,256,259
3217,5,3210,849,259
3218,5,3210,849,259
3219,5,3210,849,256
3217,5,3211,849,259
3218,5,3211,849,259
3219,5,3211,849,259
3220,5,3211,849,256
3216,5,3212,256,259
3217,5,3212,849,259
3218,5,3212,849,259
3219,5,3212,849,259
3216,5,3213,256,259
3217,5,3213,256,259
3218,5,3213,849,259
3219,5,3213,849,259
3220,5,3213,849,259
3216,5,3214,849,259
3217,5,3214,849,259
3218,5,3214,849,259
3219,5,3214,849,259
3220,5,3214,849,256
3221,5,3214,849,256
3216,5,3215,849,259
3217,5,3215,849,259
3218,5,3215,849,259
3219,5,3215,849,259
3220,5,3215,849,259
3221,5,3215,849,259
3222,5,3215,849,259
3216,6,3200,259,849
3222,6,3200,259,256
3223,6,3200,259,256
3224,6,3200,259,256
3227,6,3200,259,256
3228,6,3200,259,256
3229,6,3200,259,256
3230,6,3200,259,256
3231,6,3200,259,849
3216,6,3201,259,849
3217,6,3201,259,849
3223,6,3201,259,849
3224,6,3201,259,849
3225,6,3201,259,849
3229,6,3201,849,256
3216,6,3202,259,849
3217,6,3202,259,849
3218,6,3202,259,849
3224,6,3202,259,849
3225,6,3202,259,849
3226,6,3202,259,849
3230,6,3202,849,256
3216,6,3203,259,849
3217,6,3203,259,849
3218,6,3203,259,849
3219,6,3203,259,849
3225,6,3203,259,849
3230,6,3203,849,256
3216,6,3204,259,849
3217,6,3204,259,849
3218,6,3204,259,849
3219,6,3204,259,849
3224,6,3204,259,849
3216,6,3205,259,849
3217,6,3205,259,849
3218,6,3205,259,849
3219,6,3205,259,849
3223,6,3205,259,849
3216,6,3206,259,849
3217,6,3206,259,849
3218,6,3206,259,849
3222,6,3206,259,849
3216,6,3207,256,849
3217,6,3207,259,849
3218,6,3207,256,259
3219,6,3207,256,259
3221,6,3207,259,849
3222,6,3207,259,849
3216,6,3208,256,259
3217,6,3208,256,259
3218,6,3208,849,256
3219,6,3208,256,259
3221,6,3208,259,256
3222,6,3208,259,849
3216,6,3209,256,259
3217,6,3209,849,259
3218,6,3209,849,259
3219,6,3209,849,256
3222,6,3209,259,256
3223,6,3209,259,849
3217,6,3210,849,259
3218,6,3210,849,259
3219,6,3210,849,259
3220,6,3210,849,256
3218,6,3211,849,259
3219,6,3211,849,259
3220,6,3211,849,259
3221,6,3211,849,256
3217,6,3212,849,259
3218,6,3212,849,259
3219,6,3212,849,259
3220,6,3212,849,256
3216,6,3213,849,259
3217,6,3213,849,259
3218,6,3213,849,259
3219,6,3213,849,259
3220,6,3213,849,256
3221,6,3213,849,256
3216,6,3214,849,259
3217,6,3214,849,259
3218,6,3214,849,259
3219,6,3214,849,256
3220,6,3214,849,256
3221,6,3214,849,256
3222,6,3214,849,256
3216,6,3215,849,259
3217,6,3215,849,259
3218,6,3215,849,259
3219,6,3215,849,259
3220,6,3215,849,259
3221,6,3215,849,259
3222,6,3215,849,259
3223,6,3215,849,259
3216,7,3200,259,256
3217,7,3200,259,256
3221,7,3200,259,256
3222,7,3200,259,256
3223,7,3200,259,256
3224,7,3200,259,256
3225,7,3200,259,256
3228,7,3200,259,256
3229,7,3200,259,256
3231,7,3200,259,256
3216,7,3201,259,849
3222,7,3201,259,256
3223,7,3201,259,256
3224,7,3201,259,849
3225,7,3201,259,256
3226,7,3201,259,256
3230,7,3201,849,256
3216,7,3202,259,849
3217,7,3202,259,849
3223,7,3202,259,849
3224,7,3202,259,849
3225,7,3202,259,849
3216,7,3203,259,849
3217,7,3203,259,849
3218,7,3203,259,849
3224,7,3203,259,849
3230,7,3203,256,849
3216,7,3204,259,849
3217,7,3204,259,849
3218,7,3204,259,849
3219,7,3204,259,849
3216,7,3205,259,849
3217,7,3205,259,849
3218,7,3205,259,849
3222,7,3205,259,849
3216,7,3206,259,849
3217,7,3206,259,849
3216,7,3207,259,849
3216,7,3208,256,259
3218,7,3208,849,259
3219,7,3208,849,259
3217,7,3209,849,259
3218,7,3209,849,259
3219,7,3209,849,259
3220,7,3209,849,259
3222,7,3209,259,256
3218,7,3210,849,259
3219,7,3210,849,259
3220,7,3210,849,259
3221,7,3210,849,256
3222,7,3210,259,256
3219,7,3211,849,259
3220,7,3211,849,259
3221,7,3211,849,256
3218,7,3212,849,259
3219,7,3212,849,259
3220,7,3212,849,259
3221,7,3212,849,256
3217,7,3213,849,259
3218,7,3213,849,259
3219,7,3213,849,259
3220,7,3213,849,256
3221,7,3213,849,256
3222,7,3213,849,256
3216,7,3214,849,259
3217,7,3214,849,259
3218,7,3214,849,259
3219,7,3214,849,256
3220,7,3214,849,256
3221,7,3214,849,256
3222,7,3214,849,256
3223,7,3214,849,256
3216,7,3215,849,259
3217,7,3215,849,256
3218,7,3215,849,256
3219,7,3215,849,259
3220,7,3215,849,259
3221,7,3215,849,259
3222,7,3215,849,259
3223,7,3215,849,259
3224,7,3215,849,256
3216,8,3200,259,256
3217,8,3200,259,256
3218,8,3200,259,256
3220,8,3200,259,256
3221,8,3200,259,256
3222,8,3200,259,256
3223,8,3200,259,256
3224,8,3200,259,256
3216,8,3201,259,256
3217,8,3201,259,256
3221,8,3201,259,256
3222,8,3201,259,256
3223,8,3201,259,256
3224,8,3201,259,256
3225,8,3201,259,256
3230,8,3201,256,259
3216,8,3202,259,849
3222,8,3202,259,256
3223,8,3202,259,256
3224,8,3202,259,849
3230,8,3202,256,849
3216,8,3203,259,849
3217,8,3203,259,849
3216,8,3204,259,849
3217,8,3204,259,849
3218,8,3204,259,849
3216,8,3205,259,849
3217,8,3205,259,849
3216,8,3206,259,849
3217,8,3206,259,849
3216,8,3207,259,849
3216,8,3209,849,259
3218,8,3209,849,259
3219,8,3209,849,259
3217,8,3210,849,259
3218,8,3210,849,259
3219,8,3210,849,259
3220,8,3210,849,259
3218,8,3211,849,259
3219,8,3211,849,259
3220,8,3211,849,259
3221,8,3211,849,256
3217,8,3212,849,259
3218,8,3212,849,259
3219,8,3212,849,259
3220,8,3212,849,256
3221,8,3212,849,256
3216,8,3213,849,259
3217,8,3213,849,259
3218,8,3213,849,259
3219,8,3213,849,256
3220,8,3213,849,256
3221,8,3213,849,256
3222,8,3213,259,256
3216,8,3214,849,259
3217,8,3214,849,259
3218,8,3214,849,256
3219,8,3214,849,256
3220,8,3214,849,256
3221,8,3214,849,256
3222,8,3214,849,256
3223,8,3214,259,256
3216,8,3215,849,259
3217,8,3215,849,256
3218,8,3215,849,256
3219,8,3215,849,256
3220,8,3215,849,259
3221,8,3215,849,259
3222,8,3215,849,259
3223,8,3215,849,256
3224,8,3215,259,256
3216,9,3200,259,256
3217,9,3200,259,256
3221,9,3200,259,256
3222,9,3200,259,256
3223,9,3200,259,256
3228,9,3200,256,259
3229,9,3200,256,259
3231,9,3200,256,259
3216,9,3201,259,256
3222,9,3201,259,256
3223,9,3201,259,256
3224,9,3201,259,256
3229,9,3201,256,259
3230,9,3201,256,259
3231,9,3201,849,259
3224,9,3202,259,256
3225,9,3202,259,256
3230,9,3202,849,259
3216,9,3203,259,849
3216,9,3204,259,849
3217,9,3204,259,849
3216,9,3205,259,849
3217,9,3205,259,849
3216,9,3206,259,849
3217,9,3206,259,849
3218,9,3206,259,849
3216,9,3207,259,849
3217,9,3207,259,849
3216,9,3210,849,259
3218,9,3210,849,259
3219,9,3210,849,259
3217,9,3211,849,259
3218,9,3211,849,259
3219,9,3211,849,259
3220,9,3211,849,256
3221,9,3211,259,256
3216,9,3212,849,259
3217,9,3212,849,259
3218,9,3212,849,259
3219,9,3212,849,256
3220,9,3212,849,256
3221,9,3212,849,256
3216,9,3213,849,259
3217,9,3213,849,259
3219,9,3213,849,256
3220,9,3213,849,256
3221,9,3213,849,256
3216,9,3214,849,259
3217,9,3214,849,259
3218,9,3214,849,259
3219,9,3214,849,256
3220,9,3214,849,256
3221,9,3214,849,256
3222,9,3214,259,256
3216,9,3215,849,259
3217,9,3215,849,259
3218,9,3215,849,256
3219,9,3215,849,256
3220,9,3215,849,256
3221,9,3215,849,259
3222,9,3215,849,256
3223,9,3215,259,256
3227,9,3215,259,256
3216,10,3200,259,256
3221,10,3200,256,259
3227,10,3200,256,259
3228,10,3200,256,259
3229,10,3200,256,259
3230,10,3200,256,259
3231,10,3200,256,259
3228,10,3201,256,259
3229,10,3201,256,259
3230,10,3201,256,259
3231,10,3201,256,259
3229,10,3202,256,259
3230,10,3202,256,259
3231,10,3202,849,259
3216,10,3203,259,849
3230,10,3203,849,259
3217,10,3204,259,849
3216,10,3205,259,849
3217,10,3205,259,849
3218,10,3205,259,849
3216,10,3206,259,849
3217,10,3206,259,849
3218,10,3206,259,849
3219,10,3206,259,849
3216,10,3207,259,849
3217,10,3207,259,849
3218,10,3207,259,849
3216,10,3208,259,849
3217,10,3208,259,849
3216,10,3209,849,259
3216,10,3210,849,259
3217,10,3210,849,259
3216,10,3211,849,259
3217,10,3211,849,259
3218,10,3211,849,259
3219,10,3211,849,256
3220,10,3211,259,256
3221,10,3211,259,256
3216,10,3212,849,259
3217,10,3212,849,259
3219,10,3212,849,256
3220,10,3212,849,256
3221,10,3212,259,256
3216,10,3213,849,259
3217,10,3213,849,259
3218,10,3213,849,259
3220,10,3213,849,256
3221,10,3213,849,256
3216,10,3214,849,259
3217,10,3214,849,259
3218,10,3214,849,259
3219,10,3214,849,259
3220,10,3214,849,256
3221,10,3214,849,256
3216,10,3215,849,259
3217,10,3215,849,259
3218,10,3215,849,259
3219,10,3215,849,256
3220,10,3215,849,256
3222,10,3215,259,256
3228,10,3215,259,256
3229,10,3215,256,259
3220,11,3200,256,259
3221,11,3200,256,259
3227,11,3200,256,259
3228,11,3200,256,259
3229,11,3200,256,259
3230,11,3200,256,259
3231,11,3200,256,259
3224,11,3201,256,259
3227,11,3201,256,259
3228,11,3201,256,259
3229,11,3201,256,259
3230,11,3201,256,259
3231,11,3201,256,259
3225,11,3202,256,259
3228,11,3202,256,259
3229,11,3202,256,259
3230,11,3202,256,259
3231,11,3202,256,259
3217,11,3203,259,849
3226,11,3203,256,259
3229,11,3203,256,259
3230,11,3203,256,259
3231,11,3203,849,259
3218,11,3204,259,849
3230,11,3204,849,259
3217,11,3205,259,849
3218,11,3205,259,849
3219,11,3205,259,849
3216,11,3206,259,849
3217,11,3206,259,849
3218,11,3206,259,849
3219,11,3206,259,849
3220,11,3206,259,849
3216,11,3207,259,849
3217,11,3207,259,849
3218,11,3207,259,849
3219,11,3207,259,849
3216,11,3208,259,849
3217,11,3208,259,849
3218,11,3208,259,849
3216,11,3210,849,259
3217,11,3210,849,259
3218,11,3210,849,259
3216,11,3211,849,259
3217,11,3211,849,259
3219,11,3211,849,256
3220,11,3211,259,256
3221,11,3211,259,256
3216,11,3212,849,259
3217,11,3212,849,259
3218,11,3212,849,259
3220,11,3212,849,256
3221,11,3212,259,256
3216,11,3213,849,259
3217,11,3213,849,259
3218,11,3213,849,259
3219,11,3213,849,259
3221,11,3213,259,256
3216,11,3214,849,259
3217,11,3214,849,259
3218,11,3214,849,259
3219,11,3214,849,259
3220,11,3214,849,259
3216,11,3215,849,259
3217,11,3215,849,259
3218,11,3215,849,259
3219,11,3215,849,259
3222,11,3215,849,259
3228,11,3215,256,259
3229,11,3215,256,849
3230,11,3215,849,259
3219,12,3200,256,259
3220,12,3200,256,259
3221,12,3200,256,259
3222,12,3200,256,259
3227,12,3200,256,259
3228,12,3200,256,259
3229,12,3200,256,259
3230,12,3200,256,259
3231,12,3200,256,259
3220,12,3201,256,259
3221,12,3201,256,259
3223,12,3201,256,259
3224,12,3201,256,259
3225,12,3201,256,259
3227,12,3201,256,259
3228,12,3201,256,259
3229,12,3201,256,259
3230,12,3201,256,259
3231,12,3201,256,259
3216,12,3202,849,259
3224,12,3202,256,259
3225,12,3202,256,259
3226,12,3202,256,259
3227,12,3202,256,259
3228,12,3202,256,259
3229,12,3202,256,259
3230,12,3202,256,259
3231,12,3202,256,259
3218,12,3203,259,849
3225,12,3203,256,259
3226,12,3203,256,259
3228,12,3203,256,259
3229,12,3203,256,259
3230,12,3203,256,259
3231,12,3203,256,259
3219,12,3204,259,849
3226,12,3204,256,259
3229,12,3204,256,259
3218,12,3205,259,849
3219,12,3205,259,849
3220,12,3205,259,849
3226,12,3205,256,259
3217,12,3206,259,849
3218,12,3206,259,849
3219,12,3206,259,849
3220,12,3206,259,849
3221,12,3206,259,849
3226,12,3206,256,259
3216,12,3207,259,849
3217,12,3207,259,849
3218,12,3207,259,849
3219,12,3207,259,849
3220,12,3207,259,849
3216,12,3208,259,849
3217,12,3208,259,849
3218,12,3208,259,849
3219,12,3208,259,849
3217,12,3209,259,849
3218,12,3209,259,849
3217,12,3210,849,259
3218,12,3210,849,259
3216,12,3211,849,259
3220,12,3211,259,256
3221,12,3211,259,256
3216,12,3212,849,259
3217,12,3212,849,259
3221,12,3212,259,256
3216,12,3213,849,259
3217,12,3213,849,259
3218,12,3213,849,259
3216,12,3214,849,259
3217,12,3214,849,259
3218,12,3214,849,259
3219,12,3214,849,259
3222,12,3214,849,259
3228,12,3214,256,259
3229,12,3214,259,849
3216,12,3215,849,259
3217,12,3215,849,259
3218,12,3215,849,259
3223,12,3215,849,259
3227,12,3215,849,259
3228,12,3215,256,849
3229,12,3215,256,849
3230,12,3215,259,849
3216,13,3200,849,259
3218,13,3200,849,259
3219,13,3200,849,259
3220,13,3200,256,259
3221,13,3200,256,259
3222,13,3200,256,259
3227,13,3200,256,259
3228,13,3200,256,259
3229,13,3200,256,259
3230,13,3200,256,259
3231,13,3200,256,259
3216,13,3201,849,259
3219,13,3201,849,259
3221,13,3201,256,259
3222,13,3201,256,259
3223,13,3201,256,259
3224,13,3201,256,259
3225,13,3201,256,259
3226,13,3201,256,259
3227,13,3201,256,259
3228,13,3201,256,259
3229,13,3201,256,259
3230,13,3201,256,259
3231,13,3201,256,259
3216,13,3202,849,259
3217,13,3202,849,259
3221,13,3202,256,259
3224,13,3202,256,259
3225,13,3202,256,259
3226,13,3202,256,259
3228,13,3202,256,259
3229,13,3202,256,259
3230,13,3202,256,259
3231,13,3202,256,259
3219,13,3203,259,849
3225,13,3203,256,259
3226,13,3203,256,259
3229,13,3203,256,259
3230,13,3203,256,259
3231,13,3203,256,259
3220,13,3204,259,849
3226,13,3204,256,259
3219,13,3205,259,849
3220,13,3205,259,849
3221,13,3205,259,849
3226,13,3205,256,259
3218,13,3206,259,849
3219,13,3206,259,849
3220,13,3206,259,849
3221,13,3206,259,849
3222,13,3206,259,849
3226,13,3206,256,259
3217,13,3207,259,849
3218,13,3207,259,849
3219,13,3207,259,849
3220,13,3207,259,849
3221,13,3207,259,849
3216,13,3208,259,849
3217,13,3208,259,849
3218,13,3208,259,849
3219,13,3208,259,849
3220,13,3208,259,849
3217,13,3209,259,849
3218,13,3209,259,849
3219,13,3209,259,849
3221,13,3210,259,256
3219,13,3211,259,849
3220,13,3211,259,849
3221,13,3211,259,256
3216,13,3212,849,259
3220,13,3212,259,849
3216,13,3213,849,259
3217,13,3213,849,259
3222,13,3213,849,259
3217,13,3214,849,259
3218,13,3214,849,259
3223,13,3214,256,259
3227,13,3214,849,259
3228,13,3214,259,849
3229,13,3214,259,849
3230,13,3214,259,849
3216,13,3215,849,259
3217,13,3215,849,259
3224,13,3215,849,259
3226,13,3215,849,259
3229,13,3215,259,849
3230,13,3215,259,849
3231,13,3215,259,849
3216,14,3200,849,259
3217,14,3200,849,259
3218,14,3200,849,259
3219,14,3200,849,259
3221,14,3200,256,259
3227,14,3200,256,259
3228,14,3200,256,259
3229,14,3200,256,259
3230,14,3200,256,259
3216,14,3201,849,259
3217,14,3201,849,259
3218,14,3201,849,259
3222,14,3201,256,259
3224,14,3201,256,259
3225,14,3201,256,259
3226,14,3201,256,259
3228,14,3201,256,259
3229,14,3201,256,849
3230,14,3201,256,259
3231,14,3201,256,259
3216,14,3202,849,259
3217,14,3202,849,259
3218,14,3202,849,259
3225,14,3202,256,259
3226,14,3202,256,259
3229,14,3202,256,259
3230,14,3202,256,259
3231,14,3202,256,259
3219,14,3203,849,259
3226,14,3203,256,259
3230,14,3203,256,259
3220,14,3205,259,849
3226,14,3205,256,259
3219,14,3206,259,849
3220,14,3206,259,849
3221,14,3206,259,849
3226,14,3206,256,259
3218,14,3207,259,849
3219,14,3207,259,849
3220,14,3207,259,849
3226,14,3207,256,259
3217,14,3208,259,849
3218,14,3208,259,849
3219,14,3208,259,849
3226,14,3208,256,259
3218,14,3209,259,849
3219,14,3209,259,256
3220,14,3209,259,256
3219,14,3210,259,849
3220,14,3210,259,849
3221,14,3210,259,256
3218,14,3211,259,849
3219,14,3211,259,849
3220,14,3211,259,849
3221,14,3211,259,849
3219,14,3212,259,849
3220,14,3212,259,849
3221,14,3212,259,849
3222,14,3212,849,259
3220,14,3213,259,849
3223,14,3213,849,259
3227,14,3213,849,259
3224,14,3214,849,259
3226,14,3214,849,259
3217,14,3215,849,259
3225,14,3215,849,259
3230,14,3215,259,849
3216,15,3200,849,259
3217,15,3200,849,259
3218,15,3200,849,259
3228,15,3200,256,259
3229,15,3200,256,849
3216,15,3201,849,259
3217,15,3201,849,259
3225,15,3201,256,259
3226,15,3201,256,259
3228,15,3201,256,849
3229,15,3201,256,849
3230,15,3201,256,849
3216,15,3202,849,259
3217,15,3202,849,259
3226,15,3202,256,259
3229,15,3202,256,849
3230,15,3202,256,259
3218,15,3203,849,259
3219,15,3204,849,259
3219,15,3205,259,849
3218,15,3206,259,849
3219,15,3206,259,849
3220,15,3206,259,849
3226,15,3206,256,259
3217,15,3207,259,849
3218,15,3207,259,849
3219,15,3207,259,849
3226,15,3207,256,259
3218,15,3208,259,849
3219,15,3209,259,256
3219,15,3210,259,849
3220,15,3210,259,849
3219,15,3211,259,849
3220,15,3211,259,849
3221,15,3211,259,849
3218,15,3212,259,849
3219,15,3212,259,849
3220,15,3212,259,849
3221,15,3212,259,849
3222,15,3212,259,849
3223,15,3212,849,259
3219,15,3213,259,849
3220,15,3213,259,849
3221,15,3213,259,849
3224,15,3213,849,259
3226,15,3213,849,259
3220,15,3214,259,849
3225,15,3214,849,259
3216,16,3200,849,259
3217,16,3200,849,259
3228,16,3200,259,849
3229,16,3200,256,849
3230,16,3200,256,849
3216,16,3201,849,259
3227,16,3201,256,849
3228,16,3201,256,849
3229,16,3201,256,849
3230,16,3201,259,849
3231,16,3201,259,849
3216,16,3202,849,259
3217,16,3202,849,259
3228,16,3202,256,849
3229,16,3202,256,849
3230,16,3202,256,849
3217,16,3203,849,259
3229,16,3203,256,849
3218,16,3204,849,259
3231,16,3204,256,259
3218,16,3205,259,849
3217,16,3206,259,849
3218,16,3206,259,849
3219,16,3206,259,849
3218,16,3207,259,849
3219,16,3210,259,849
3219,16,3211,259,849
3220,16,3211,259,849
3219,16,3212,259,849
3220,16,3212,259,849
3221,16,3212,259,849
3222,16,3212,849,259
3224,16,3212,849,259
3220,16,3213,259,849
3225,16,3213,849,259
3216,17,3200,849,259
3227,17,3200,259,849
3228,17,3200,259,849
3229,17,3200,256,849
3230,17,3200,259,849
3231,17,3200,259,849
3225,17,3201,259,256
3226,17,3201,259,849
3227,17,3201,256,849
3228,17,3201,256,849
3229,17,3201,259,849
3230,17,3201,259,849
3231,17,3201,259,849
3216,17,3202,849,259
3226,17,3202,259,256
3227,17,3202,256,849
3228,17,3202,256,849
3229,17,3202,256,849
3230,17,3202,259,849
3231,17,3202,259,849
3216,17,3203,849,259
3217,17,3203,849,259
3228,17,3203,256,849
3230,17,3203,256,849
3217,17,3204,849,259
3217,17,3205,259,849
3218,17,3206,259,849
3219,17,3211,259,849
3220,17,3212,259,849
3221,17,3212,849,259
3222,17,3212,256,259
3222,17,3213,849,259
3226,18,3200,259,849
3227,18,3200,259,849
3228,18,3200,259,849
3229,18,3200,259,849
3230,18,3200,259,849
3231,18,3200,259,849
3225,18,3201,259,849
3226,18,3201,259,849
3227,18,3201,256,849
3228,18,3201,259,849
3229,18,3201,259,849
3230,18,3201,259,849
3231,18,3201,259,849
3225,18,3202,259,256
3226,18,3202,259,849
3227,18,3202,256,849
3228,18,3202,256,849
3229,18,3202,259,849
3230,18,3202,259,849
3231,18,3202,259,849
3216,18,3203,849,259
3226,18,3203,259,256
3227,18,3203,256,849
3228,18,3203,256,849
3229,18,3203,256,849
3230,18,3203,259,849
3231,18,3203,259,849
3216,18,3204,849,259
3228,18,3204,256,849
3230,18,3204,259,849
3216,18,3205,259,849
3227,18,3205,256,259
3217,18,3206,259,849
3219,18,3211,849,259
3220,18,3212,849,259
3221,18,3212,256,259
3221,18,3213,849,259
3222,18,3213,256,259
3221,18,3214,256,259
3222,18,3214,849,259
3225,19,3200,259,849
3226,19,3200,259,849
3227,19,3200,259,849
3228,19,3200,259,849
3229,19,3200,259,849
3230,19,3200,259,849
3231,19,3200,259,849
3225,19,3201,259,849
3226,19,3201,259,849
3227,19,3201,256,849
3228,19,3201,256,849
3229,19,3201,259,849
3230,19,3201,259,849
3231,19,3201,259,849
3225,19,3202,259,849
3226,19,3202,259,849
3227,19,3202,256,849
3228,19,3202,256,849
3229,19,3202,256,849
3230,19,3202,259,849
3231,19,3202,259,849
3225,19,3203,259,256
3227,19,3203,256,849
3228,19,3203,256,849
3229,19,3203,256,849
3230,19,3203,259,849
3231,19,3203,259,849
3227,19,3204,256,259
3228,19,3204,256,849
3229,19,3204,259,849
3230,19,3204,259,849
3231,19,3204,259,849
3227,19,3205,256,259
3228,19,3205,256,259
3230,19,3205,849,259
3231,19,3205,849,259
3216,19,3206,259,849
3227,19,3206,256,259
3231,19,3206,849,259
3224,19,3212,259,256
3225,19,3212,259,849
3223,19,3213,259,256
3224,19,3213,259,849
3222,19,3214,256,259
3223,19,3214,259,849
3221,19,3215,256,259
3225,20,3200,256,849
3226,20,3200,256,849
3227,20,3200,259,849
3228,20,3200,259,849
3229,20,3200,259,849
3230,20,3200,256,849
3231,20,3200,259,849
3225,20,3201,259,849
3226,20,3201,256,849
3227,20,3201,256,849
3228,20,3201,256,849
3229,20,3201,256,849
3230,20,3201,259,849
3231,20,3201,259,849
3225,20,3202,259,849
3227,20,3202,256,849
3228,20,3202,256,849
3229,20,3202,256,849
3230,20,3202,259,849
3231,20,3202,259,849
3227,20,3203,256,259
3228,20,3203,256,849
3229,20,3203,259,849
3230,20,3203,259,849
3231,20,3203,259,849
3227,20,3204,256,259
3229,20,3204,259,849
3230,20,3204,259,849
3231,20,3204,259,849
3227,20,3205,256,259
3228,20,3205,849,259
3229,20,3205,849,259
3230,20,3205,849,259
3231,20,3205,849,259
3227,20,3206,849,259
3228,20,3206,849,259
3230,20,3206,849,259
3231,20,3206,849,259
3226,20,3207,849,259
3227,20,3207,849,259
3231,20,3207,849,259
3224,20,3211,259,256
3221,20,3212,259,256
3223,20,3212,259,256
3224,20,3212,259,256
3225,20,3212,259,256
3221,20,3213,259,256
3222,20,3213,259,256
3223,20,3213,259,256
3224,20,3213,259,256
3225,20,3213,259,849
3222,20,3214,259,256
3223,20,3214,259,256
3224,20,3214,259,849
3222,20,3215,256,259
3223,20,3215,259,849
3216,21,3200,259,849
3225,21,3200,256,849
3226,21,3200,256,849
3227,21,3200,256,849
3228,21,3200,259,849
3229,21,3200,256,849
3230,21,3200,256,849
3231,21,3200,256,849
3225,21,3201,256,849
3226,21,3201,256,259
3227,21,3201,256,849
3228,21,3201,256,849
3229,21,3201,256,849
3230,21,3201,259,849
3231,21,3201,259,849
3226,21,3202,256,259
3227,21,3202,256,259
3228,21,3202,256,849
3229,21,3202,259,849
3230,21,3202,259,849
3231,21,3202,259,849
3227,21,3203,256,259
3229,21,3203,259,849
3230,21,3203,259,849
3231,21,3203,259,849
3216,21,3204,256,259
3227,21,3204,256,259
3230,21,3204,259,849
3231,21,3204,259,849
3227,21,3205,849,259
3228,21,3205,849,259
3229,21,3205,849,259
3230,21,3205,849,259
3231,21,3205,849,259
3226,21,3206,849,259
3227,21,3206,849,259
3228,21,3206,849,259
3229,21,3206,849,259
3230,21,3206,849,259
3231,21,3206,849,259
3227,21,3207,849,259
3228,21,3207,849,259
3230,21,3207,849,259
3231,21,3207,849,259
3231,21,3208,849,259
3223,21,3211,259,256
3222,21,3212,259,256
3223,21,3212,259,256
3224,21,3212,259,256
3221,21,3213,259,256
3222,21,3213,259,256
3223,21,3213,259,256
3224,21,3213,259,256
3221,21,3214,259,256
3222,21,3214,259,256
3223,21,3214,259,256
3225,21,3214,259,849
3222,21,3215,259,417
3224,21,3215,259,849
3225,22,3200,256,849
3226,22,3200,256,849
3227,22,3200,256,849
3228,22,3200,256,849
3229,22,3200,256,849
3230,22,3200,256,849
3225,22,3201,256,259
3226,22,3201,256,259
3227,22,3201,256,259
3228,22,3201,256,849
3229,22,3201,256,849
3230,22,3201,256,849
3231,22,3201,259,849
3225,22,3202,256,259
3226,22,3202,256,259
3227,22,3202,256,259
3228,22,3202,256,259
3229,22,3202,256,849
3230,22,3202,259,849
3231,22,3202,259,849
3226,22,3203,256,259
3227,22,3203,256,259
3228,22,3203,256,259
3230,22,3203,259,849
3231,22,3203,259,849
3216,22,3204,256,259
3217,22,3204,256,259
3227,22,3204,256,259
3231,22,3204,259,849
3216,22,3205,256,259
3226,22,3205,849,259
3227,22,3205,849,259
3228,22,3205,849,259
3229,22,3205,849,259
3230,22,3205,849,259
3227,22,3206,849,259
3228,22,3206,849,259
3229,22,3206,849,259
3230,22,3206,849,259
3231,22,3206,849,259
3228,22,3207,849,259
3229,22,3207,849,259
3230,22,3207,849,259
3231,22,3207,849,259
3230,22,3208,849,259
3231,22,3208,849,259
3216,22,3209,256,259
3217,22,3210,256,259
3223,22,3213,259,256
3216,23,3200,849,256
3216,23,3202,259,256
3216,23,3203,259,256
3216,24,3200,259,849
3216,24,3201,259,849
3222,24,3201,259,33
3221,24,3202,259,33
3223,24,3202,259,33
3220,24,3203,259,33
3219,24,3204,259,33
3220,24,3205,259,33
3221,24,3206,259,33
3216,24,3207,259,33
3222,24,3207,259,33
3217,24,3208,259,33
3217,24,3210,259,33
3218,24,3210,259,33
3216,24,3211,259,33
3217,24,3211,259,33
3218,24,3211,259,33
3219,24,3211,259,33
3229,24,3211,33,259
3216,24,3212,259,33
3218,24,3212,259,33
3219,24,3212,259,33
3220,24,3212,259,33
3228,24,3212,33,259
3219,24,3213,259,33
3229,24,3213,33,259
3220,24,3214,259,33
3229,24,3214,259,33
3219,24,3215,259,33
3220,24,3215,259,33
3221,24,3215,259,33
3228,24,3215,259,33
3216,25,3200,259,849
3217,25,3200,259,849
3216,25,3201,259,849
3222,25,3202,259,33
3221,25,3203,259,33
3222,25,3203,33,259
3223,25,3203,259,33
3220,25,3204,259,33
3221,25,3204,33,259
3222,25,3204,259,33
3223,25,3204,33,259
3224,25,3204,259,33
3225,25,3204,33,259
3221,25,3205,259,33
3222,25,3205,33,259
3223,25,3205,259,33
3224,25,3205,33,259
3222,25,3206,259,33
3223,25,3206,33,259
3216,25,3208,259,33
3216,25,3209,33,259
3217,25,3209,259,33
3216,25,3210,259,33
3231,25,3210,33,259
3218,25,3211,259,33
3230,25,3211,33,259
3217,25,3212,259,33
3219,25,3212,259,33
3229,25,3212,33,259
3231,25,3212,33,259
3216,25,3213,259,33
3218,25,3213,259,33
3228,25,3213,33,259
3230,25,3213,33,259
3217,25,3214,259,33
3218,25,3214,33,259
3219,25,3214,259,33
3227,25,3214,33,259
3231,25,3214,33,259
3216,25,3215,259,33
3218,25,3215,259,33
3219,25,3215,259,33
3220,25,3215,259,33
3230,25,3215,33,259
3216,26,3200,259,849
3217,26,3200,259,849
3218,26,3200,259,849
3216,26,3201,259,849
3217,26,3201,259,849
3231,26,3211,33,259
3230,26,3212,33,259
3216,26,3213,259,33
3217,26,3213,259,33
3218,26,3213,259,33
3231,26,3213,33,259
3216,26,3214,259,33
3230,26,3214,33,259
3217,26,3215,259,33
3219,26,3215,259,33
3230,26,3215,33,259
3231,26,3215,33,259
3216,27,3200,259,849
3217,27,3200,259,849
3218,27,3200,259,849
3216,27,3201,259,849
3217,27,3201,259,849
3218,27,3201,259,849
3216,27,3213,259,33
3217,27,3213,259,33
3218,27,3213,259,33
3230,27,3215,33,259
3216,28,3200,259,849
3217,28,3200,259,849
3218,28,3200,259,849
3219,28,3200,259,849
3216,28,3201,259,849
3217,28,3201,259,849
3218,28,3201,259,849
3216,28,3202,259,849
3217,28,3202,259,849
3217,28,3213,259,33
3216,29,3200,259,849
3217,29,3200,259,849
3218,29,3200,259,849
3219,29,3200,259,849
3216,29,3201,259,849
3217,29,3201,259,849
3218,29,3201,259,849
3216,29,3202,259,849
3217,29,3202,259,849
3216,30,3200,259,849
3217,30,3200,259,849
3218,30,3200,259,849
3219,30,3200,259,849
3216,30,3201,259,849
3217,30,3201,259,849
3218,30,3201,259,849
3219,30,3201,259,849
3217,30,3202,259,849
3218,30,3202,259,849
3216,31,3200,259,849
3217,31,3200,259,849
3218,31,3200,259,849
3219,31,3200,259,849
3220,31,3200,259,849
3217,31,3201,259,849
3218,31,3201,259,849
3219,31,3201,259,849
3217,31,3202,259,849
3218,31,3202,259,849
3216,32,3200,259,849
3217,32,3200,259,849
3218,32,3200,259,849
3219,32,3200,259,849
3220,32,3200,259,849
3216,32,3201,259,849
3217,32,3201,259,849
3218,32,3201,259,849
3219,32,3201,259,849
3217,32,3202,259,849
3218,32,3202,259,849
3217,32,3203,259,849
3216,33,3200,259,849
3217,33,3200,259,849
3218,33,3200,259,849
3219,33,3200,259,849
3216,33,3201,259,849
3217,33,3201,259,849
3218,33,3201,259,849
3219,33,3201,259,849
3216,33,3202,259,849
3217,33,3202,259,849
3218,33,3202,259,849
3217,33,3203,259,849
3216,33,3204,259,849
3216,34,3200,259,849
3217,34,3200,259,849
3218,34,3200,259,849
3225,34,3200,849,259
3216,34,3201,259,849
3217,34,3201,259,849
3218,34,3201,259,849
3216,34,3202,259,849
3217,34,3202,259,849
3216,34,3203,259,849
3217,34,3203,259,849
3216,34,3204,259,849
3216,34,3205,256,259
3216,34,3206,256,259
3217,34,3206,256,259
3216,34,3207,256,259
3217,34,3207,256,259
3218,34,3207,256,259
3218,34,3208,256,259
3216,34,3209,256,259
3217,34,3209,256,259
3218,34,3209,256,259
3216,34,3210,256,259
3217,34,3210,256,259
3217,34,3212,256,259
3216,35,3200,259,849
3217,35,3200,259,849
3218,35,3200,259,849
3226,35,3200,849,259
3227,35,3200,849,259
3228,35,3200,849,259
3229,35,3200,849,259
3230,35,3200,849,259
3216,35,3201,259,849
3217,35,3201,259,849
3227,35,3201,849,259
3228,35,3201,849,259
3229,35,3201,849,259
3216,35,3202,259,849
3217,35,3202,259,849
3227,35,3202,849,259
3228,35,3202,849,259
3229,35,3202,849,256
3230,35,3202,849,256
3216,35,3203,259,849
3217,35,3203,256,849
3227,35,3203,849,259
3228,35,3203,849,256
3229,35,3203,849,256
3230,35,3203,849,256
3231,35,3203,849,256
3216,35,3204,256,849
3227,35,3204,849,256
3228,35,3204,849,256
3229,35,3204,849,256
3230,35,3204,849,256
3228,35,3205,849,256
3229,35,3205,849,256
3216,35,3206,256,259
3216,35,3207,256,259
3217,35,3207,256,259
3216,35,3208,256,259
3217,35,3208,256,259
3218,35,3208,256,259
3216,35,3209,256,259
3217,35,3209,256,259
3216,35,3210,256,259
3216,36,3200,259,849
3217,36,3200,259,849
3227,36,3200,849,259
3228,36,3200,849,259
3229,36,3200,849,259
3216,36,3201,259,849
3217,36,3201,259,849
3227,36,3201,849,259
3228,36,3201,849,259
3229,36,3201,849,256
3216,36,3202,259,849
3217,36,3202,256,849
3227,36,3202,849,259
3228,36,3202,849,256
3229,36,3202,849,256
3216,36,3203,256,849
3217,36,3203,256,849
3227,36,3203,849,256
3228,36,3203,849,256
3229,36,3203,849,256
3230,36,3203,849,256
3216,36,3204,256,849
3217,36,3204,256,849
3228,36,3204,849,256
3229,36,3204,849,256
3230,36,3204,849,256
3231,36,3204,849,256
3216,36,3205,256,849
3227,36,3205,849,256
3228,36,3205,849,256
3229,36,3205,849,256
3230,36,3205,849,256
3228,36,3206,849,256
3229,36,3206,849,256
3216,36,3207,256,259
3227,36,3207,849,256
3228,36,3207,849,256
3216,36,3208,256,259
3217,36,3208,256,259
3227,36,3208,849,256
3216,36,3209,256,259
3217,36,3214,259,256
3229,36,3214,849,259
3230,36,3214,256,259
3216,36,3215,259,256
3217,36,3215,259,256
3218,36,3215,259,256
3228,36,3215,849,259
3229,36,3215,849,259
3230,36,3215,849,259
3231,36,3215,256,259
3216,37,3200,259,849
3217,37,3200,259,849
3218,37,3200,259,849
3226,37,3200,849,259
3227,37,3200,849,259
3228,37,3200,849,259
3229,37,3200,849,259
3230,37,3200,849,259
3216,37,3201,259,849
3217,37,3201,259,849
3227,37,3201,849,259
3228,37,3201,849,256
3229,37,3201,849,259
3216,37,3202,259,849
3217,37,3202,256,849
3227,37,3202,849,256
3228,37,3202,849,256
3229,37,3202,849,256
3216,37,3203,256,849
3217,37,3203,256,849
3228,37,3203,849,256
3229,37,3203,849,256
3216,37,3204,256,849
3217,37,3204,256,849
3218,37,3204,256,849
3229,37,3204,849,256
3230,37,3204,849,256
3216,37,3205,256,849
3217,37,3205,256,849
3228,37,3205,849,256
3229,37,3205,849,256
3230,37,3205,849,256
3231,37,3205,849,256
3216,37,3206,33,849
3227,37,3206,849,256
3228,37,3206,849,256
3229,37,3206,849,256
3230,37,3206,849,256
3226,37,3207,849,417
3227,37,3207,849,417
3228,37,3207,849,256
3229,37,3207,849,256
3216,37,3208,256,259
3228,37,3208,849,256
3216,37,3209,256,259
3216,37,3210,256,259
3218,37,3214,259,256
3230,37,3214,849,256
3217,37,3215,259,256
3219,37,3215,259,256
3229,37,3215,849,259
3230,37,3215,849,259
3231,37,3215,849,256
3216,38,3200,259,849
3217,38,3200,259,849
3218,38,3200,259,849
3219,38,3200,259,849
3226,38,3200,849,259
3227,38,3200,849,259
3228,38,3200,849,259
3229,38,3200,849,259
3230,38,3200,849,259
3231,38,3200,849,259
3216,38,3201,259,849
3217,38,3201,259,849
3218,38,3201,259,849
3227,38,3201,849,256
3228,38,3201,849,259
3229,38,3201,849,259
3230,38,3201,849,259
3216,38,3202,259,849
3217,38,3202,259,849
3228,38,3202,849,256
3229,38,3202,849,259
3216,38,3203,259,849
3217,38,3203,256,849
3218,38,3203,256,849
3229,38,3203,849,256
3230,38,3203,849,256
3216,38,3204,256,849
3217,38,3204,256,849
3218,38,3204,256,849
3230,38,3204,849,256
3231,38,3204,849,256
3216,38,3205,256,849
3217,38,3205,256,849
3218,38,3205,256,849
3229,38,3205,849,256
3230,38,3205,849,256
3216,38,3206,256,849
3217,38,3206,256,849
3228,38,3206,849,256
3229,38,3206,849,256
3227,38,3207,849,417
3228,38,3207,849,417
3219,38,3214,259,256
3218,38,3215,259,256
3219,38,3215,259,256
3220,38,3215,259,256
3230,38,3215,849,256
3217,39,3200,259,849
3218,39,3200,259,849
3227,39,3200,849,259
3228,39,3200,849,259
3229,39,3200,849,259
3230,39,3200,849,259
3231,39,3200,256,259
3216,39,3201,259,849
3217,39,3201,259,849
3228,39,3201,849,259
3229,39,3201,849,259
3230,39,3201,849,259
3231,39,3201,849,259
3216,39,3202,259,849
3229,39,3202,849,259
3230,39,3202,849,259
3216,39,3203,259,849
3217,39,3203,259,849
3230,39,3203,849,256
3231,39,3203,849,256
3216,39,3204,259,849
3217,39,3204,256,849
3218,39,3204,256,849
3230,39,3204,849,256
3216,39,3205,45,849
3217,39,3205,45,849
3218,39,3205,45,849
3216,39,3206,45,849
3217,39,3206,45,849
3220,39,3214,259,256
3219,39,3215,259,256
3220,39,3215,259,256
3221,39,3215,259,256
3231,39,3215,256,259
3226,40,3200,849,259
3228,40,3200,849,259
3229,40,3200,849,259
3230,40,3200,256,259
3229,40,3201,849,259
3230,40,3201,849,259
3231,40,3201,256,259
3230,40,3202,849,259
3231,40,3202,849,259
3216,40,3203,259,849
3229,40,3203,849,259
3230,40,3203,849,259
3216,40,3204,256,849
3217,40,3204,256,849
3216,40,3205,45,849
3217,40,3205,45,849
3221,40,3214,259,256
3220,40,3215,259,256
3221,40,3215,259,256
3222,40,3215,259,256
3231,40,3215,256,259
3223,41,3200,849,259
3230,41,3200,256,259
3231,41,3200,849,259
3230,41,3201,256,259
3231,41,3201,256,259
3231,41,3202,256,259
3230,41,3203,256,259
3231,41,3203,256,259
3216,41,3204,256,849
3230,41,3204,256,259
3216,41,3205,256,849
3221,41,3213,259,256
3220,41,3214,259,256
3221,41,3214,259,256
3222,41,3214,259,256
3219,41,3215,259,256
3220,41,3215,259,256
3221,41,3215,259,256
3223,41,3215,259,256
3222,42,3200,849,259
3223,42,3200,849,259
3224,42,3200,849,259
3225,42,3200,849,259
3226,42,3200,849,259
3228,42,3200,259,849
3229,42,3200,259,849
3231,42,3200,849,259
3223,42,3201,849,259
3226,42,3201,849,259
3229,42,3201,259,849
3230,42,3201,256,849
3231,42,3201,849,259
3230,42,3202,256,849
3231,42,3202,256,849
3230,42,3203,256,849
3231,42,3204,256,259
3222,42,3210,259,256
3231,42,3211,256,259
3221,42,3213,259,256
3222,42,3213,259,256
3220,42,3214,259,256
3221,42,3214,259,256
3230,42,3214,256,259
3219,42,3215,259,256
3220,42,3215,259,256
3231,42,3215,256,259
3221,43,3200,849,259
3222,43,3200,849,259
3223,43,3200,849,259
3224,43,3200,849,259
3225,43,3200,849,259
3227,43,3200,259,849
3228,43,3200,259,849
3229,43,3200,259,849
3230,43,3200,259,849
3222,43,3201,849,259
3223,43,3201,849,259
3224,43,3201,849,259
3225,43,3201,849,259
3226,43,3201,849,259
3228,43,3201,259,849
3229,43,3201,259,849
3230,43,3201,259,849
3223,43,3202,849,259
3228,43,3202,259,849
3229,43,3202,259,849
3230,43,3202,259,849
3229,43,3203,259,849
3230,43,3203,259,849
3231,43,3203,259,849
3230,43,3204,259,849
3231,43,3204,259,256
3216,43,3205,256,849
3231,43,3205,259,256
3221,43,3212,259,256
3231,43,3212,256,259
3221,43,3213,259,256
3230,43,3213,256,259
3220,43,3214,259,256
3229,43,3214,256,259
3230,43,3214,256,259
3231,43,3214,256,259
3230,43,3215,256,259
3231,43,3215,256,259
3220,44,3200,849,259
3221,44,3200,849,259
3222,44,3200,849,259
3223,44,3200,849,259
3224,44,3200,849,259
3226,44,3200,259,849
3227,44,3200,259,849
3228,44,3200,259,849
3229,44,3200,259,849
3230,44,3200,259,849
3231,44,3200,259,849
3221,44,3201,849,259
3222,44,3201,849,259
3223,44,3201,849,259
3224,44,3201,849,259
3225,44,3201,849,259
3227,44,3201,259,849
3228,44,3201,259,849
3229,44,3201,259,849
3230,44,3201,259,849
3231,44,3201,259,849
3222,44,3202,849,259
3223,44,3202,849,259
3224,44,3202,849,259
3227,44,3202,259,849
3228,44,3202,259,849
3229,44,3202,259,849
3230,44,3202,259,849
3223,44,3203,849,259
3226,44,3203,259,849
3228,44,3203,259,849
3229,44,3203,259,849
3230,44,3203,259,849
3216,44,3204,256,849
3217,44,3204,256,849
3230,44,3204,259,849
3231,44,3204,259,849
3217,44,3205,256,849
3231,44,3205,259,256
3221,44,3211,259,256
3221,44,3212,259,256
3231,44,3213,256,259
3230,44,3214,256,259
3231,44,3214,256,259
3231,44,3215,256,259
3222,45,3200,849,259
3223,45,3200,849,259
3226,45,3200,259,849
3227,45,3200,259,849
3228,45,3200,259,849
3229,45,3200,259,849
3230,45,3200,259,849
3231,45,3200,259,849
3222,45,3201,849,259
3223,45,3201,849,259
3224,45,3201,849,259
3225,45,3201,256,849
3226,45,3201,259,849
3227,45,3201,259,849
3228,45,3201,259,849
3229,45,3201,259,849
3230,45,3201,259,849
3231,45,3201,259,849
3223,45,3202,849,259
3226,45,3202,259,849
3227,45,3202,259,849
3228,45,3202,259,849
3229,45,3202,259,849
3230,45,3202,259,849
3231,45,3202,259,849
3227,45,3203,259,849
3228,45,3203,259,849
3230,45,3203,259,849
3221,45,3211,259,256
3222,45,3212,259,256
3223,45,3213,259,256
3231,45,3214,256,259
3221,46,3200,33,0
3223,46,3200,33,259
3224,46,3200,33,259
3226,46,3200,607,33
3227,46,3200,607,33
3228,46,3200,33,259
3229,46,3200,33,259
3230,46,3200,33,849
3218,46,3201,0,607
3225,46,3201,607,33
3226,46,3201,607,259
3227,46,3201,33,849
3228,46,3201,33,849
3229,46,3201,33,849
3230,46,3201,607,849
3231,46,3201,259,849
3225,46,3202,607,849
3226,46,3202,33,849
3227,46,3202,33,849
3228,46,3202,33,849
3229,46,3202,607,849
3230,46,3202,259,849
3216,46,3203,33,259
3224,46,3203,33,849
3225,46,3203,33,849
3226,46,3203,607,849
3227,46,3203,33,849
3228,46,3203,607,849
3229,46,3203,259,849
3230,46,3203,259,849
3216,46,3204,33,259
3217,46,3204,33,259
3223,46,3204,33,849
3224,46,3204,33,849
3225,46,3204,607,849
3226,46,3204,607,849
3228,46,3204,259,849
3230,46,3204,259,849
3231,46,3204,259,849
3223,46,3205,33,607
3224,46,3205,607,849
3225,46,3205,607,849
3226,46,3205,33,849
3227,46,3205,33,849
3216,46,3206,33,607
3217,46,3206,33,607
3219,46,3206,33,849
3223,46,3206,607,33
3224,46,3206,33,607
3225,46,3206,33,849
3226,46,3206,33,849
3217,46,3207,33,607
3222,46,3207,607,33
3225,46,3207,33,849
3226,46,3207,33,849
3216,46,3209,849,33
3217,46,3209,849,33
3222,46,3209,33,607
3216,46,3210,849,33
3219,46,3210,33,607
3220,46,3210,33,607
3221,46,3210,607,33
3221,46,3211,33,607
3220,46,3212,607,33
3222,46,3212,33,607
3223,46,3212,33,849
3224,46,3212,849,33
3223,46,3214,849,33
3223,47,3200,0,259
3224,47,3200,0,259
3226,47,3201,0,259
3227,47,3201,0,259
3225,47,3202,0,259
3226,47,3202,0,259
3227,47,3202,0,259
3228,47,3202,0,259
3216,47,3203,0,259
3224,47,3203,0,259
3225,47,3203,0,259
3226,47,3203,0,259
3227,47,3203,0,259
3228,47,3203,0,259
3216,47,3204,0,259
3217,47,3204,0,259
3223,47,3204,0,259
3224,47,3204,0,259
3225,47,3204,0,259
3226,47,3204,0,259
3227,47,3204,0,259
3224,47,3205,0,259
3225,47,3205,0,259
3226,47,3205,0,259
3227,47,3205,0,259
3219,47,3206,0,259
3225,47,3206,0,259
3226,47,3206,0,259
3216,47,3209,259,0
3217,47,3209,259,0
3216,47,3210,259,0
3222,48,3200,0,259
3223,48,3200,0,259
3224,48,3200,0,259
3226,48,3201,0,259
3225,48,3202,0,259
3226,48,3202,0,259
3227,48,3202,0,259
3216,48,3203,0,259
3218,48,3203,0,259
3224,48,3203,0,259
3225,48,3203,0,259
3226,48,3203,0,259
3227,48,3203,0,259
3228,48,3203,0,259
3216,48,3204,0,259
3217,48,3204,0,259
3223,48,3204,0,259
3224,48,3204,0,259
3225,48,3204,0,259
3226,48,3204,0,259
3227,48,3204,0,259
3228,48,3204,0,259
3224,48,3205,0,259
3225,48,3205,0,259
3226,48,3205,0,259
3227,48,3205,0,259
3219,48,3206,0,259
3225,48,3206,0,259
3216,48,3209,259,0
3216,49,3202,0,259
3225,49,3202,0,259
3216,49,3203,0,259
3216,49,3204,0,259
3217,49,3204,0,259
3218,49,3204,0,259
3224,49,3204,0,259
3226,49,3204,0,259
3216,49,3209,259,0
3216,50,3200,259,0
3220,50,3200,0,259
3216,50,3202,0,259
3225,50,3202,0,259
3217,50,3203,0,259
3216,50,3205,0,259
3217,50,3205,259,0
3218,50,3207,259,0
3216,50,3209,259,0
3216,51,3200,259,0
3218,51,3200,0,259
3220,51,3200,0,259
3216,51,3202,0,259
3217,51,3203,0,259
3216,51,3205,0,259
3217,51,3205,259,0
3216,51,3209,259,0
3216,52,3200,259,0
3218,52,3200,0,259
3216,52,3202,0,259
3231,52,3204,256,259
3216,52,3205,0,259
3217,52,3205,259,0
3231,52,3210,256,849
3231,52,3211,256,849
3216,53,3200,259,0
3231,53,3206,849,259
3230,53,3207,849,259
3231,53,3207,849,259
3230,53,3208,849,259
3229,53,3209,0,259
3231,53,3211,256,849
3231,53,3212,256,849
3216,54,3200,259,0
3231,54,3207,849,259
3230,54,3208,849,259
3231,54,3208,849,259
3230,54,3209,849,259
3216,55,3200,259,0
3231,55,3208,849,259
3230,55,3209,849,259
3231,55,3209,849,259
3230,55,3210,849,259
3230,55,3211,849,256
3231,55,3211,849,256
3231,55,3212,849,256
3231,56,3209,849,259
3230,56,3210,849,259
3231,56,3210,849,259
3230,56,3211,256,259
3231,56,3211,849,256
3231,57,3210,849,256
3231,58,3202,849,259
3231,58,3209,849,256
3231,59,3201,849,259
3229,59,3208,259,256
3231,59,3208,849,256
3231,60,3200,849,259
3230,60,3207,259,256
3231,60,3207,849,256
3230,61,3206,259,849
3223,66,3201,849,256
3224,66,3208,256,849
3225,66,3208,256,849
3226,66,3208,256,849
3227,66,3208,256,849
3228,66,3208,256,849
3225,66,3209,256,849
3226,66,3209,256,849
3227,66,3209,256,849
3220,67,3200,849,259
3221,67,3200,849,259
3222,67,3200,849,256
3223,67,3200,849,256
3217,67,3201,849,259
3218,67,3201,849,259
3220,67,3201,849,259
3221,67,3201,849,259
3222,67,3201,849,259
3223,67,3201,849,256
3224,67,3201,849,256
3216,67,3202,849,259
3217,67,3202,849,259
3218,67,3202,849,259
3219,67,3202,849,259
3220,67,3202,849,259
3221,67,3202,849,259
3222,67,3202,849,256
3223,67,3202,849,256
3216,67,3203,849,259
3217,67,3203,849,259
3218,67,3203,849,259
3219,67,3203,849,259
3220,67,3203,849,259
3221,67,3203,849,256
3222,67,3203,849,256
3216,67,3204,849,259
3217,67,3204,849,259
3218,67,3204,849,259
3219,67,3204,849,259
3220,67,3204,849,256
3221,67,3204,849,256
3216,67,3205,849,256
3217,67,3205,849,256
3218,67,3205,849,256
3219,67,3205,849,256
3220,67,3205,849,256
3221,67,3205,849,256
3222,67,3205,849,256
3217,67,3206,849,256
3218,67,3206,849,256
3219,67,3206,849,256
3220,67,3206,849,256
3222,67,3206,849,256
3217,67,3207,849,256
3218,67,3207,849,256
3219,67,3207,849,256
3223,67,3207,256,849
3224,67,3207,256,849
3218,67,3208,849,256
3224,67,3208,256,849
3225,67,3208,256,849
3226,67,3208,256,849
3227,67,3208,256,849
3228,67,3208,256,849
3229,67,3208,256,849
3225,67,3209,256,849
3226,67,3209,256,849
3227,67,3209,256,849
3228,67,3209,256,849
3225,67,3210,256,849
3226,67,3210,256,849
3227,67,3210,256,849
3219,68,3200,849,259
3220,68,3200,849,259
3221,68,3200,849,256
3222,68,3200,849,256
3218,68,3201,849,259
3219,68,3201,849,259
3220,68,3201,849,259
3221,68,3201,849,259
3222,68,3201,849,256
3223,68,3201,849,256
3217,68,3202,849,259
3218,68,3202,849,259
3219,68,3202,849,259
3220,68,3202,849,259
3221,68,3202,849,256
3222,68,3202,849,256
3223,68,3202,849,256
3224,68,3202,849,256
3216,68,3203,849,259
3217,68,3203,849,259
3218,68,3203,849,259
3219,68,3203,849,259
3220,68,3203,849,256
3221,68,3203,849,256
3222,68,3203,849,256
3223,68,3203,849,256
3216,68,3204,849,259
3217,68,3204,849,259
3218,68,3204,849,259
3219,68,3204,849,256
3220,68,3204,849,256
3221,68,3204,849,256
3222,68,3204,849,256
3216,68,3205,849,256
3217,68,3205,849,256
3218,68,3205,849,256
3219,68,3205,849,256
3220,68,3205,849,256
3222,68,3205,849,256
3216,68,3206,849,256
3217,68,3206,849,256
3218,68,3206,849,256
3219,68,3206,849,256
3223,68,3206,256,849
3224,68,3206,256,849
3230,68,3206,259,849
3217,68,3207,849,256
3218,68,3207,849,256
3224,68,3207,256,849
3225,68,3207,256,849
3229,68,3207,256,849
3225,68,3208,256,849
3226,68,3208,256,849
3227,68,3208,256,849
3228,68,3208,256,849
3229,68,3208,256,849
3230,68,3208,256,849
3226,68,3209,256,849
3227,68,3209,256,849
3228,68,3209,256,849
3229,68,3209,256,849
3225,68,3210,256,849
3226,68,3210,256,849
3227,68,3210,256,849
3228,68,3210,256,849
3224,68,3213,259,256
3224,68,3214,259,256
3225,68,3214,259,256
3225,68,3215,259,256
3226,68,3215,259,256
3220,69,3200,849,259
3221,69,3200,849,256
3219,69,3201,849,259
3220,69,3201,849,259
3221,69,3201,849,256
3222,69,3201,849,256
3218,69,3202,849,259
3219,69,3202,849,259
3220,69,3202,849,256
3221,69,3202,849,256
3222,69,3202,849,256
3223,69,3202,849,256
3224,69,3202,259,256
3217,69,3203,849,259
3218,69,3203,849,259
3219,69,3203,849,256
3220,69,3203,849,417
3221,69,3203,849,417
3222,69,3203,849,256
3223,69,3203,259,256
3224,69,3203,259,256
3216,69,3204,849,259
3217,69,3204,849,259
3218,69,3204,849,256
3219,69,3204,849,256
3220,69,3204,849,256
3221,69,3204,849,256
3222,69,3204,259,256
3223,69,3204,259,849
3216,69,3205,849,256
3217,69,3205,849,256
3218,69,3205,849,256
3219,69,3205,849,256
3223,69,3205,259,849
3224,69,3205,259,849
3217,69,3206,849,256
3218,69,3206,849,256
3224,69,3206,259,849
3225,69,3206,417,849
3229,69,3206,259,849
3225,69,3207,256,849
3226,69,3207,417,849
3228,69,3207,256,849
3229,69,3207,256,849
3230,69,3207,259,849
3226,69,3208,256,849
3227,69,3208,256,849
3228,69,3208,256,849
3229,69,3208,256,849
3230,69,3208,256,849
3227,69,3209,256,849
3228,69,3209,256,849
3229,69,3209,256,849
3230,69,3209,256,849
3226,69,3210,256,849
3227,69,3210,256,849
3228,69,3210,256,849
3229,69,3210,256,849
3224,69,3212,259,256
3223,69,3213,259,256
3224,69,3213,259,256
3225,69,3213,259,256
3223,69,3214,259,256
3224,69,3214,259,256
3225,69,3214,259,256
3226,69,3214,259,256
3223,69,3215,259,256
3224,69,3215,259,256
3225,69,3215,259,256
3226,69,3215,259,256
3227,69,3215,259,256
3219,70,3200,849,259
3220,70,3200,849,259
3218,70,3201,849,259
3219,70,3201,849,259
3220,70,3201,849,259
3221,70,3201,849,256
3224,70,3201,259,256
3217,70,3202,849,259
3218,70,3202,849,259
3219,70,3202,849,259
3220,70,3202,849,417
3221,70,3202,849,417
3222,70,3202,849,417
3223,70,3202,259,256
3224,70,3202,259,256
3225,70,3202,259,256
3216,70,3203,849,259
3217,70,3203,849,259
3218,70,3203,849,259
3219,70,3203,849,256
3220,70,3203,849,417
3221,70,3203,849,417
3222,70,3203,259,417
3223,70,3203,259,256
3224,70,3203,259,256
3225,70,3203,259,256
3216,70,3204,849,259
3217,70,3204,849,259
3218,70,3204,849,256
3219,70,3204,849,256
3220,70,3204,849,256
3221,70,3204,259,256
3222,70,3204,259,256
3223,70,3204,259,256
3224,70,3204,259,849
3216,70,3205,849,256
3217,70,3205,849,256
3218,70,3205,849,256
3224,70,3205,259,849
3225,70,3205,259,849
3225,70,3206,259,849
3226,70,3206,417,849
3228,70,3206,256,849
3226,70,3207,417,849
3227,70,3207,256,849
3228,70,3207,256,849
3229,70,3207,256,849
3227,70,3208,256,849
3228,70,3208,256,849
3229,70,3208,256,849
3230,70,3208,256,849
3228,70,3209,256,849
3229,70,3209,256,849
3227,70,3210,256,849
3228,70,3210,256,849
3228,70,3211,33,256
3225,70,3212,259,256
3224,70,3213,259,256
3225,70,3213,259,256
3226,70,3213,259,256
3222,70,3214,259,256
3223,70,3214,259,256
3224,70,3214,259,256
3225,70,3214,259,256
3226,70,3214,259,256
3227,70,3214,259,256
3223,70,3215,259,256
3224,70,3215,259,256
3225,70,3215,259,256
3226,70,3215,259,256
3227,70,3215,259,256
3218,71,3200,849,259
3219,71,3200,849,259
3220,71,3200,849,259
3224,71,3200,259,256
3217,71,3201,849,259
3218,71,3201,849,259
3219,71,3201,849,259
3220,71,3201,849,259
3223,71,3201,259,256
3224,71,3201,259,256
3225,71,3201,259,256
3216,71,3202,849,259
3217,71,3202,849,259
3218,71,3202,849,259
3219,71,3202,849,259
3220,71,3202,849,259
3221,71,3202,849,417
3222,71,3202,259,417
3223,71,3202,259,417
3224,71,3202,259,256
3225,71,3202,259,256
3216,71,3203,849,259
3217,71,3203,849,259
3218,71,3203,849,259
3219,71,3203,849,259
3220,71,3203,849,256
3221,71,3203,259,417
3222,71,3203,259,417
3223,71,3203,259,417
3224,71,3203,259,256
3225,71,3203,259,256
3226,71,3203,259,256
3216,71,3204,849,259
3217,71,3204,849,259
3218,71,3204,849,259
3219,71,3204,849,256
3220,71,3204,259,256
3221,71,3204,259,256
3222,71,3204,259,256
3223,71,3204,259,256
3224,71,3204,259,256
3225,71,3204,259,849
3216,71,3205,849,256
3217,71,3205,849,256
3225,71,3205,259,849
3226,71,3205,259,849
3228,71,3205,256,849
3216,71,3206,849,256
3226,71,3206,259,849
3227,71,3206,256,849
3228,71,3206,256,849
3229,71,3206,256,849
3227,71,3207,256,849
3228,71,3207,256,849
3229,71,3207,256,849
3230,71,3207,256,849
3228,71,3208,256,849
3229,71,3208,256,849
3226,71,3212,259,256
3225,71,3213,259,256
3226,71,3213,259,256
3227,71,3213,259,256
3221,71,3214,259,256
3222,71,3214,259,256
3223,71,3214,259,256
3224,71,3214,259,256
3225,71,3214,259,256
3226,71,3214,259,256
3227,71,3214,259,256
3222,71,3215,259,256
3223,71,3215,259,256
3224,71,3215,259,256
3225,71,3215,259,256
3226,71,3215,259,256
3220,72,3200,849,259
3223,72,3200,259,256
3224,72,3200,259,256
3225,72,3200,259,256
3216,72,3201,849,259
3217,72,3201,849,259
3219,72,3201,849,259
3220,72,3201,849,259
3222,72,3201,259,256
3223,72,3201,259,256
3224,72,3201,259,256
3225,72,3201,259,256
3226,72,3201,259,256
3216,72,3202,849,259
3217,72,3202,849,259
3218,72,3202,849,259
3219,72,3202,849,259
3220,72,3202,849,259
3221,72,3202,259,256
3222,72,3202,259,256
3223,72,3202,259,417
3224,72,3202,259,256
3225,72,3202,259,256
3226,72,3202,259,256
3216,72,3203,849,259
3217,72,3203,849,259
3218,72,3203,849,259
3219,72,3203,849,259
3221,72,3203,259,256
3222,72,3203,259,256
3223,72,3203,259,256
3224,72,3203,259,256
3225,72,3203,259,256
3226,72,3203,259,256
3227,72,3203,259,256
3216,72,3204,849,259
3217,72,3204,849,259
3218,72,3204,849,259
3220,72,3204,259,256
3221,72,3204,259,256
3222,72,3204,259,256
3223,72,3204,259,256
3224,72,3204,259,256
3225,72,3204,259,256
3226,72,3204,259,849
3228,72,3204,259,256
3216,72,3205,849,256
3217,72,3205,849,256
3218,72,3205,849,256
3224,72,3205,259,256
3225,72,3205,259,849
3226,72,3205,259,849
3227,72,3205,259,849
3228,72,3205,259,256
3216,72,3206,849,256
3217,72,3206,849,256
3225,72,3206,259,849
3226,72,3206,259,849
3227,72,3206,259,849
3228,72,3206,256,849
3226,72,3207,259,849
3227,72,3207,256,849
3228,72,3207,256,849
3229,72,3207,256,849
3227,72,3208,256,849
3228,72,3208,256,849
3225,72,3212,259,256
3224,72,3213,259,256
3225,72,3213,259,256
3226,72,3213,259,256
3221,72,3214,259,256
3222,72,3214,259,256
3223,72,3214,259,256
3224,72,3214,259,256
3225,72,3214,259,256
3226,72,3214,259,256
3227,72,3214,259,256
3222,72,3215,259,256
3223,72,3215,259,849
3224,72,3215,259,256
3225,72,3215,259,256
3226,72,3215,259,256
3227,72,3215,259,256
3224,73,3200,259,256
3216,73,3201,849,259
3220,73,3201,849,259
3223,73,3201,259,256
3224,73,3201,259,256
3225,73,3201,259,256
3216,73,3202,849,259
3217,73,3202,849,259
3219,73,3202,849,259
3220,73,3202,849,259
3222,73,3202,259,256
3223,73,3202,259,256
3224,73,3202,259,256
3225,73,3202,259,256
3226,73,3202,259,256
3216,73,3203,849,259
3217,73,3203,849,259
3218,73,3203,849,259
3219,73,3203,849,259
3220,73,3203,849,259
3221,73,3203,259,256
3222,73,3203,259,256
3223,73,3203,259,256
3224,73,3203,259,256
3226,73,3203,259,256
3227,73,3203,259,256
3216,73,3204,849,259
3217,73,3204,849,259
3218,73,3204,849,259
3219,73,3204,849,259
3221,73,3204,259,256
3222,73,3204,259,256
3223,73,3204,259,256
3227,73,3204,259,256
3228,73,3204,259,256
3216,73,3205,849,256
3217,73,3205,849,256
3218,73,3205,849,256
3219,73,3205,849,256
3223,73,3205,259,256
3224,73,3205,259,256
3226,73,3205,259,849
3227,73,3205,259,256
3216,73,3206,849,256
3217,73,3206,849,256
3218,73,3206,849,256
3224,73,3206,259,256
3225,73,3206,259,849
3226,73,3206,259,849
3227,73,3206,256,849
3225,73,3207,259,849
3226,73,3207,256,849
3227,73,3207,256,849
3228,73,3207,256,849
3226,73,3208,256,849
3227,73,3208,256,849
3225,73,3211,259,256
3224,73,3212,259,256
3225,73,3212,259,256
3226,73,3212,259,256
3223,73,3213,259,256
3224,73,3213,259,256
3225,73,3213,259,256
3226,73,3213,259,256
3227,73,3213,259,256
3222,73,3214,259,256
3223,73,3214,259,256
3224,73,3214,259,256
3225,73,3214,259,256
3226,73,3214,259,256
3227,73,3214,259,256
3228,73,3214,259,256
3221,73,3215,259,256
3222,73,3215,259,849
3223,73,3215,259,849
3224,73,3215,259,849
3225,73,3215,259,256
3226,73,3215,259,256
3227,73,3215,259,256
3228,73,3215,259,256
3221,74,3200,259,256
3224,74,3201,259,256
3216,74,3202,849,259
3220,74,3202,849,259
3223,74,3202,259,256
3224,74,3202,259,256
3216,74,3203,849,259
3217,74,3203,849,259
3218,74,3203,849,259
3219,74,3203,849,259
3220,74,3203,849,259
3222,74,3203,259,256
3223,74,3203,259,256
3216,74,3204,849,259
3217,74,3204,849,259
3218,74,3204,849,259
3219,74,3204,849,259
3221,74,3204,259,256
3222,74,3204,259,256
3216,74,3205,849,256
3217,74,3205,849,256
3218,74,3205,849,256
3222,74,3205,259,256
3223,74,3205,259,256
3216,74,3206,849,256
3217,74,3206,849,256
3223,74,3206,259,256
3224,74,3206,259,256
3226,74,3206,256,849
3224,74,3207,259,256
3225,74,3207,256,849
3226,74,3207,256,849
3227,74,3207,256,849
3226,74,3208,256,849
3224,74,3211,259,256
3225,74,3211,259,256
3223,74,3212,259,256
3224,74,3212,259,256
3225,74,3212,259,256
3222,74,3213,259,256
3223,74,3213,259,256
3224,74,3213,259,256
3225,74,3213,259,256
3221,74,3214,259,256
3222,74,3214,259,256
3223,74,3214,259,256
3224,74,3214,259,256
3225,74,3214,259,256
3226,74,3214,259,256
3221,74,3215,259,849
3222,74,3215,259,849
3223,74,3215,259,849
3224,74,3215,259,849
3225,74,3215,259,849
3226,74,3215,259,256
3227,74,3215,259,256
3221,75,3200,259,256
3222,75,3200,259,256
3221,75,3201,259,256
3216,75,3203,849,259
3217,75,3203,849,259
3218,75,3203,849,259
3219,75,3203,849,259
3216,75,3204,849,259
3217,75,3204,849,259
3218,75,3204,849,259
3216,75,3205,849,256
3217,75,3205,849,256
3216,75,3206,849,256
3226,75,3207,256,849
3216,75,3210,256,849
3216,75,3211,256,849
3217,75,3211,256,849
3223,75,3211,259,256
3224,75,3211,259,256
3225,75,3211,259,256
3217,75,3212,256,849
3218,75,3212,256,849
3222,75,3212,259,256
3223,75,3212,259,256
3224,75,3212,259,256
3225,75,3212,259,256
3219,75,3213,256,849
3221,75,3213,259,256
3222,75,3213,259,256
3223,75,3213,259,256
3224,75,3213,259,256
3225,75,3213,259,256
3219,75,3214,256,849
3220,75,3214,259,849
3221,75,3214,259,256
3222,75,3214,259,256
3223,75,3214,259,256
3224,75,3214,259,256
3225,75,3214,259,256
3221,75,3215,259,256
3222,75,3215,259,849
3223,75,3215,259,849
3225,75,3215,259,256
3226,75,3215,259,256
3221,76,3200,259,256
3222,76,3200,259,256
3223,76,3200,259,256
3221,76,3201,259,256
3222,76,3201,259,256
3220,76,3202,259,256
3221,76,3202,259,256
3216,76,3203,849,259
3217,76,3203,849,259
3218,76,3203,849,259
3216,76,3204,849,256
3217,76,3204,849,259
3216,76,3205,849,256
3216,76,3209,256,849
3216,76,3210,256,849
3217,76,3210,256,849
3216,76,3211,256,849
3217,76,3211,256,849
3218,76,3211,256,849
3222,76,3211,259,256
3223,76,3211,259,256
3224,76,3211,259,256
3225,76,3211,259,256
3217,76,3212,256,849
3218,76,3212,256,849
3219,76,3212,256,849
3221,76,3212,259,256
3222,76,3212,259,256
3223,76,3212,259,256
3224,76,3212,259,256
3225,76,3212,259,256
3218,76,3213,256,849
3222,76,3213,259,256
3223,76,3213,259,256
3224,76,3213,259,256
3225,76,3213,259,256
3218,76,3214,256,849
3219,76,3214,259,849
3221,76,3214,259,256
3222,76,3214,259,256
3223,76,3214,259,256
3225,76,3214,259,256
3219,76,3215,259,849
3220,76,3215,259,849
3221,76,3215,259,256
3222,76,3215,259,256
3221,77,3200,259,256
3222,77,3200,259,256
3220,77,3201,259,256
3221,77,3201,259,256
3219,77,3202,259,256
3220,77,3202,259,256
3216,77,3203,849,256
3217,77,3203,849,259
3218,77,3203,849,256
3216,77,3204,849,256
3217,77,3204,849,256
3218,77,3204,849,256
3219,77,3204,849,256
3218,77,3205,849,256
3216,77,3209,256,849
3223,77,3211,259,256
3224,77,3211,259,256
3225,77,3211,259,256
3222,77,3212,259,256
3223,77,3212,259,256
3224,77,3212,259,256
3225,77,3212,259,256
3216,77,3213,256,849
3223,77,3213,259,256
3225,77,3213,259,256
3217,77,3214,256,849
3218,77,3214,256,849
3222,77,3214,259,256
3217,77,3215,256,849
3218,77,3215,256,849
3219,77,3215,259,849
3221,77,3215,259,256
3220,78,3200,259,417
3221,78,3200,259,417
3228,78,3200,849,256
3229,78,3200,849,256
3219,78,3201,259,256
3220,78,3201,259,256
3227,78,3201,849,256
3228,78,3201,849,256
3229,78,3201,849,256
3216,78,3202,849,256
3218,78,3202,259,256
3219,78,3202,259,256
3226,78,3202,849,256
3227,78,3202,849,256
3228,78,3202,849,256
3229,78,3202,849,256
3230,78,3202,849,256
3216,78,3203,849,256
3217,78,3203,849,256
3219,78,3203,849,256
3227,78,3203,849,256
3228,78,3203,849,256
3229,78,3203,849,256
3230,78,3203,849,256
3231,78,3203,849,256
3216,78,3204,849,256
3220,78,3204,849,256
3228,78,3204,849,256
3229,78,3204,849,256
3230,78,3204,849,256
3217,78,3205,849,256
3219,78,3205,849,256
3229,78,3205,849,256
3218,78,3206,849,256
3225,78,3211,259,256
3223,78,3212,259,256
3225,78,3212,259,256
3216,78,3214,256,849
3216,78,3215,256,849
3217,78,3215,256,849
3218,78,3215,256,849
3219,79,3200,259,256
3220,79,3200,259,417
3227,79,3200,849,256
3228,79,3200,849,256
3229,79,3200,849,256
3216,79,3201,849,259
3218,79,3201,259,256
3219,79,3201,259,256
3226,79,3201,849,256
3227,79,3201,849,256
3228,79,3201,849,256
3229,79,3201,849,256
3230,79,3201,849,256
3216,79,3202,849,259
3217,79,3202,849,256
3218,79,3202,259,849
3219,79,3202,849,256
3225,79,3202,849,256
3226,79,3202,849,256
3227,79,3202,849,256
3228,79,3202,849,256
3229,79,3202,849,256
3230,79,3202,849,256
3231,79,3202,849,256
3216,79,3203,849,256
3220,79,3203,849,256
3226,79,3203,849,256
3227,79,3203,849,256
3228,79,3203,849,256
3229,79,3203,849,256
3230,79,3203,849,256
3231,79,3203,849,256
3221,79,3204,849,256
3227,79,3204,849,256
3228,79,3204,849,256
3229,79,3204,849,256
3230,79,3204,849,256
3231,79,3204,849,256
3216,79,3205,849,256
3220,79,3205,849,256
3228,79,3205,849,256
3229,79,3205,849,256
3217,79,3206,849,256
3219,79,3206,849,256
3218,79,3207,849,256
3216,79,3215,256,849
3226,80,3200,849,256
3227,80,3200,849,256
3228,80,3200,849,256
3229,80,3200,849,256
3230,80,3200,849,256
3216,80,3201,849,259
3217,80,3201,849,259
3219,80,3201,849,256
3225,80,3201,849,256
3226,80,3201,849,256
3227,80,3201,849,256
3228,80,3201,849,256
3229,80,3201,849,256
3230,80,3201,849,256
3231,80,3201,849,256
3216,80,3202,849,259
3217,80,3202,849,259
3220,80,3202,849,256
3224,80,3202,849,256
3225,80,3202,849,256
3226,80,3202,849,256
3227,80,3202,849,256
3228,80,3202,849,256
3229,80,3202,849,256
3230,80,3202,849,256
3231,80,3202,849,256
3216,80,3203,849,259
3221,80,3203,849,256
3225,80,3203,849,256
3226,80,3203,849,256
3227,80,3203,849,256
3228,80,3203,849,256
3229,80,3203,849,256
3230,80,3203,849,256
3231,80,3203,849,256
3226,80,3204,849,256
3227,80,3204,849,256
3228,80,3204,849,256
3229,80,3204,849,256
3230,80,3204,849,256
3231,80,3204,849,256
3221,80,3205,849,256
3227,80,3205,849,256
3228,80,3205,849,256
3229,80,3205,849,256
3230,80,3205,849,256
3216,80,3206,849,256
3220,80,3206,849,256
3228,80,3206,849,256
3229,80,3206,849,256
3219,80,3207,849,256
3218,81,3200,256,259
3219,81,3200,256,259
3220,81,3200,256,259
3225,81,3200,849,256
3226,81,3200,849,256
3227,81,3200,849,256
3228,81,3200,849,256
3229,81,3200,849,256
3230,81,3200,849,256
3231,81,3200,849,256
3224,81,3201,849,256
3225,81,3201,849,256
3226,81,3201,849,256
3227,81,3201,849,256
3228,81,3201,849,256
3229,81,3201,849,256
3230,81,3201,849,256
3231,81,3201,849,256
3223,81,3202,849,256
3225,81,3202,849,256
3226,81,3202,849,256
3227,81,3202,849,256
3228,81,3202,849,256
3229,81,3202,849,256
3230,81,3202,849,256
3231,81,3202,849,256
3226,81,3203,849,256
3227,81,3203,849,256
3228,81,3203,849,256
3229,81,3203,849,256
3230,81,3203,849,256
3231,81,3203,849,256
3227,81,3204,849,256
3228,81,3204,849,256
3229,81,3204,849,256
3230,81,3204,849,256
3231,81,3204,849,256
3228,81,3205,849,256
3229,81,3205,849,256
3230,81,3205,849,256
3231,81,3205,849,256
3229,81,3206,849,256
3230,81,3206,849,256
3226,81,3213,256,259
3227,81,3214,256,259
3228,81,3215,256,259
3218,82,3200,259,849
3219,82,3200,256,849
3224,82,3200,849,256
3225,82,3200,849,256
3226,82,3200,849,256
3227,82,3200,849,256
3228,82,3200,849,256
3229,82,3200,849,256
3230,82,3200,849,256
3231,82,3200,849,256
3217,82,3201,259,849
3218,82,3201,259,849
3220,82,3201,849,256
3223,82,3201,849,256
3224,82,3201,849,256
3225,82,3201,849,256
3226,82,3201,849,256
3227,82,3201,849,256
3228,82,3201,849,256
3229,82,3201,849,256
3230,82,3201,849,256
3231,82,3201,849,256
3216,82,3202,259,849
3217,82,3202,259,849
3221,82,3202,849,256
3222,82,3202,849,256
3223,82,3202,849,256
3224,82,3202,849,256
3225,82,3202,849,256
3226,82,3202,849,256
3228,82,3202,849,256
3229,82,3202,849,256
3230,82,3202,849,256
3231,82,3202,849,256
3216,82,3203,259,849
3222,82,3203,849,256
3223,82,3203,849,256
3225,82,3203,849,256
3229,82,3203,849,256
3230,82,3203,849,256
3231,82,3203,849,256
3230,82,3204,849,256
3231,82,3204,849,256
3231,82,3205,849,256
3230,82,3206,849,256
3231,82,3206,849,256
3229,82,3207,849,256
3230,82,3207,849,256
3225,82,3213,256,259
3223,82,3214,256,259
3224,82,3214,256,259
3225,82,3214,256,259
3226,82,3214,256,259
3222,82,3215,849,259
3223,82,3215,849,259
3224,82,3215,849,259
3225,82,3215,256,259
3226,82,3215,256,259
3227,82,3215,256,259
3217,83,3200,259,849
3218,83,3200,259,849
3219,83,3200,259,849
3223,83,3200,849,256
3224,83,3200,849,256
3225,83,3200,849,256
3226,83,3200,849,256
3227,83,3200,849,256
3228,83,3200,849,256
3229,83,3200,849,256
3230,83,3200,849,256
3231,83,3200,849,256
3216,83,3201,259,849
3217,83,3201,259,849
3218,83,3201,259,849
3219,83,3201,259,849
3221,83,3201,849,256
3224,83,3201,849,256
3225,83,3201,849,256
3226,83,3201,849,256
3227,83,3201,849,256
3228,83,3201,849,256
3229,83,3201,849,256
3230,83,3201,849,256
3231,83,3201,849,256
3216,83,3202,259,849
3217,83,3202,259,849
3218,83,3202,259,849
3222,83,3202,849,256
3223,83,3202,849,256
3224,83,3202,849,256
3225,83,3202,849,256
3229,83,3202,849,256
3230,83,3202,849,256
3231,83,3202,849,256
3216,83,3203,259,849
3217,83,3203,259,849
3223,83,3203,849,256
3224,83,3203,849,256
3230,83,3203,849,256
3231,83,3203,849,256
3216,83,3204,259,849
3231,83,3204,849,256
3216,83,3205,259,849
3231,83,3206,849,256
3230,83,3207,849,256
3229,83,3208,849,256
3224,83,3213,256,259
3223,83,3214,256,259
3224,83,3214,256,259
3225,83,3214,256,259
3223,83,3215,849,259
3224,83,3215,256,259
3225,83,3215,256,259
3226,83,3215,256,259
3216,84,3200,259,849
3217,84,3200,259,849
3218,84,3200,259,849
3219,84,3200,259,849
3220,84,3200,259,849
3222,84,3200,849,256
3223,84,3200,849,256
3224,84,3200,849,256
3225,84,3200,849,256
3226,84,3200,849,256
3227,84,3200,849,256
3228,84,3200,849,256
3229,84,3200,849,256
3230,84,3200,849,256
3231,84,3200,849,256
3216,84,3201,259,849
3217,84,3201,259,849
3218,84,3201,259,849
3219,84,3201,259,849
3220,84,3201,259,849
3222,84,3201,849,256
3223,84,3201,849,256
3224,84,3201,849,256
3225,84,3201,849,256
3226,84,3201,849,256
3227,84,3201,849,256
3228,84,3201,849,256
3229,84,3201,849,256
3230,84,3201,849,256
3231,84,3201,849,256
3216,84,3202,259,849
3217,84,3202,259,849
3218,84,3202,259,849
3219,84,3202,259,849
3223,84,3202,849,256
3224,84,3202,849,256
3230,84,3202,849,256
3231,84,3202,849,256
3216,84,3203,259,849
3217,84,3203,259,849
3218,84,3203,259,849
3231,84,3203,849,256
3217,84,3204,259,849
3216,84,3205,259,849
3217,84,3205,259,849
3225,84,3205,256,849
3226,84,3205,256,849
3216,84,3206,259,849
3226,84,3206,256,849
3227,84,3206,256,849
3231,84,3206,256,849
3227,84,3207,256,849
3228,84,3207,256,849
3230,84,3207,256,849
3228,84,3208,256,849
3229,84,3208,256,849
3224,84,3214,256,259
3223,84,3215,849,259
3224,84,3215,849,259
3225,84,3215,256,259
3217,85,3200,259,849
3218,85,3200,259,849
3219,85,3200,259,849
3220,85,3200,259,849
3221,85,3200,849,256
3222,85,3200,849,256
3223,85,3200,849,256
3224,85,3200,849,256
3225,85,3200,849,256
3226,85,3200,849,256
3227,85,3200,849,256
3228,85,3200,849,256
3229,85,3200,849,256
3230,85,3200,849,256
3231,85,3200,849,256
3216,85,3201,259,849
3217,85,3201,259,849
3218,85,3201,259,849
3219,85,3201,259,849
3220,85,3201,259,849
3221,85,3201,259,849
3223,85,3201,849,256
3224,85,3201,849,256
3225,85,3201,849,256
3226,85,3201,849,256
3227,85,3201,849,256
3228,85,3201,849,256
3229,85,3201,849,256
3230,85,3201,849,256
3231,85,3201,849,256
3216,85,3202,259,849
3217,85,3202,259,849
3218,85,3202,259,849
3219,85,3202,259,849
3220,85,3202,259,849
3231,85,3202,849,256
3217,85,3203,259,849
3218,85,3203,259,849
3219,85,3203,259,849
3218,85,3204,259,849
3217,85,3205,259,849
3218,85,3205,259,849
3224,85,3205,256,849
3225,85,3205,256,849
3231,85,3205,256,849
3216,85,3206,259,849
3217,85,3206,259,849
3223,85,3206,45,849
3224,85,3206,256,849
3225,85,3206,256,849
3226,85,3206,256,849
3228,85,3206,256,849
3230,85,3206,256,849
3231,85,3206,256,849
3216,85,3207,259,849
3222,85,3207,256,849
3223,85,3207,256,849
3224,85,3207,256,849
3225,85,3207,256,849
3226,85,3207,256,849
3227,85,3207,256,849
3228,85,3207,256,849
3229,85,3207,256,849
3230,85,3207,256,849
3231,85,3207,259,849
3224,85,3208,256,849
3225,85,3208,256,849
3226,85,3208,256,849
3227,85,3208,256,849
3228,85,3208,256,849
3229,85,3208,256,849
3230,85,3208,259,849
3224,85,3215,849,259
3218,86,3200,259,849
3219,86,3200,259,849
3220,86,3200,259,256
3221,86,3200,259,256
3222,86,3200,849,259
3223,86,3200,849,256
3224,86,3200,849,256
3226,86,3200,849,256
3227,86,3200,849,256
3229,86,3200,849,256
3230,86,3200,849,256
3231,86,3200,849,256
3217,86,3201,259,849
3218,86,3201,259,849
3219,86,3201,259,849
3220,86,3201,259,849
3221,86,3201,259,849
3222,86,3201,259,256
3223,86,3201,849,256
3224,86,3201,849,256
3225,86,3201,849,256
3226,86,3201,849,256
3227,86,3201,849,256
3228,86,3201,849,256
3229,86,3201,849,256
3230,86,3201,849,256
3231,86,3201,849,256
3217,86,3202,259,849
3218,86,3202,259,849
3219,86,3202,259,849
3220,86,3202,259,849
3221,86,3202,259,849
3223,86,3202,849,256
3224,86,3202,849,256
3230,86,3202,849,256
3231,86,3202,849,256
3218,86,3203,259,849
3219,86,3203,259,849
3220,86,3203,259,849
3231,86,3203,849,256
3219,86,3204,259,849
3231,86,3204,256,849
3218,86,3205,259,849
3219,86,3205,259,849
3223,86,3205,45,849
3224,86,3205,256,849
3230,86,3205,256,849
3231,86,3205,256,849
3217,86,3206,259,849
3218,86,3206,259,849
3222,86,3206,45,849
3223,86,3206,45,849
3224,86,3206,256,849
3225,86,3206,256,849
3229,86,3206,256,849
3230,86,3206,256,849
3231,86,3206,259,849
3216,86,3207,259,849
3217,86,3207,259,849
3221,86,3207,256,849
3224,86,3207,256,849
3225,86,3207,256,849
3226,86,3207,256,849
3228,86,3207,256,849
3229,86,3207,256,849
3230,86,3207,259,849
3216,86,3208,259,256
3225,86,3208,256,849
3226,86,3208,256,849
3227,86,3208,256,849
3228,86,3208,256,849
3229,86,3208,259,849
3221,87,3200,849,259
3222,87,3200,849,259
3223,87,3200,849,259
3230,87,3200,849,256
3231,87,3200,849,256
3218,87,3201,259,849
3219,87,3201,259,849
3220,87,3201,259,849
3221,87,3201,259,256
3222,87,3201,849,259
3223,87,3201,849,256
3224,87,3201,849,256
3226,87,3201,849,256
3227,87,3201,849,256
3229,87,3201,849,256
3230,87,3201,849,256
3231,87,3201,849,256
3218,87,3202,259,849
3219,87,3202,259,849
3220,87,3202,259,849
3222,87,3202,849,256
3223,87,3202,849,256
3224,87,3202,849,256
3225,87,3202,849,256
3229,87,3202,849,256
3230,87,3202,849,256
3231,87,3202,849,256
3219,87,3203,259,849
3223,87,3203,849,256
3224,87,3203,849,256
3230,87,3203,849,256
3223,87,3204,256,849
3224,87,3204,256,849
3230,87,3204,256,849
3222,87,3205,256,849
3223,87,3205,256,849
3224,87,3205,256,849
3225,87,3205,256,849
3229,87,3205,256,849
3230,87,3205,256,849
3231,87,3205,256,849
3221,87,3206,256,849
3224,87,3206,256,849
3225,87,3206,256,849
3226,87,3206,256,849
3228,87,3206,256,849
3229,87,3206,256,849
3230,87,3206,256,849
3220,87,3207,256,849
3225,87,3207,256,849
3226,87,3207,256,849
3227,87,3207,256,849
3228,87,3207,256,849
3229,87,3207,256,849
3226,87,3208,256,849
3227,87,3208,256,849
3228,87,3208,256,849
3222,88,3200,849,259
3231,88,3200,849,256
3219,88,3201,259,849
3221,88,3201,849,259
3222,88,3201,849,259
3223,88,3201,849,259
3230,88,3201,849,256
3231,88,3201,849,256
3219,88,3202,259,849
3220,88,3202,849,259
3221,88,3202,849,259
3222,88,3202,849,259
3223,88,3202,849,256
3224,88,3202,849,256
3226,88,3202,849,256
3229,88,3202,849,256
3230,88,3202,849,256
3220,88,3203,849,259
3221,88,3203,849,259
3222,88,3203,849,259
3223,88,3203,849,259
3224,88,3203,849,256
3225,88,3203,849,256
3229,88,3203,849,256
3221,88,3204,849,259
3222,88,3204,849,259
3223,88,3204,849,256
3225,88,3204,256,849
3229,88,3204,256,849
3221,88,3205,849,259
3222,88,3205,849,256
3224,88,3205,256,849
3225,88,3205,256,849
3226,88,3205,256,849
3228,88,3205,256,849
3229,88,3205,256,849
3230,88,3205,256,849
3221,88,3206,849,256
3225,88,3206,256,849
3226,88,3206,256,849
3227,88,3206,256,849
3228,88,3206,256,849
3229,88,3206,256,849
3218,88,3207,256,849
3226,88,3207,256,849
3227,88,3207,256,849
3228,88,3207,256,849
3227,88,3208,256,849
3221,89,3200,849,259
3220,89,3201,849,259
3221,89,3201,849,259
3222,89,3201,849,259
3220,89,3202,849,259
3221,89,3202,849,259
3222,89,3202,849,259
3223,89,3202,849,259
3230,89,3202,259,256
3221,89,3203,849,259
3222,89,3203,849,259
3223,89,3203,849,259
3224,89,3203,849,259
3226,89,3203,259,256
3227,89,3203,259,256
3228,89,3203,259,256
3229,89,3203,259,256
3230,89,3203,259,256
3231,89,3203,259,256
3221,89,3204,849,259
3222,89,3204,849,259
3223,89,3204,849,259
3224,89,3204,849,256
3226,89,3204,259,256
3227,89,3204,259,256
3228,89,3204,259,256
3229,89,3204,259,256
3230,89,3204,259,256
3221,89,3205,849,259
3222,89,3205,849,259
3223,89,3205,849,256
3227,89,3205,259,256
3228,89,3205,259,256
3229,89,3205,259,256
3220,89,3206,849,256
3221,89,3206,849,259
3222,89,3206,849,256
3228,89,3206,259,256
3220,90,3200,849,259
3231,90,3200,849,256
3220,90,3201,849,259
3221,90,3201,849,259
3230,90,3201,259,256
3231,90,3201,849,256
3221,90,3202,849,259
3222,90,3202,849,259
3229,90,3202,259,256
3230,90,3202,259,256
3231,90,3202,259,256
3221,90,3203,849,259
3222,90,3203,849,259
3223,90,3203,849,259
3227,90,3203,259,256
3228,90,3203,259,256
3229,90,3203,259,256
3230,90,3203,259,256
3231,90,3203,259,256
3221,90,3204,849,259
3222,90,3204,849,259
3223,90,3204,849,259
3224,90,3204,256,259
3225,90,3204,259,256
3226,90,3204,259,256
3227,90,3204,259,256
3228,90,3204,259,256
3229,90,3204,259,256
3230,90,3204,259,256
3231,90,3204,259,256
3221,90,3205,849,259
3222,90,3205,849,259
3223,90,3205,256,259
3226,90,3205,259,256
3227,90,3205,259,256
3228,90,3205,259,256
3229,90,3205,259,256
3230,90,3205,259,256
3221,90,3206,849,259
3222,90,3206,256,259
3227,90,3206,259,256
3228,90,3206,259,256
3229,90,3206,259,256
3228,90,3207,259,256
3218,91,3200,849,256
3219,91,3200,849,259
3230,91,3200,849,259
3231,91,3200,849,256
3219,91,3201,849,259
3220,91,3201,849,259
3230,91,3201,849,256
3231,91,3201,849,256
3220,91,3202,849,259
3221,91,3202,849,259
3229,91,3202,259,256
3230,91,3202,259,256
3231,91,3202,849,256
3221,91,3203,849,259
3222,91,3203,849,259
3228,91,3203,259,256
3229,91,3203,259,256
3230,91,3203,259,256
3231,91,3203,259,256
3221,91,3204,849,259
3222,91,3204,849,259
3223,91,3204,256,259
3226,91,3204,259,256
3227,91,3204,259,256
3228,91,3204,259,256
3229,91,3204,259,256
3230,91,3204,259,256
3231,91,3204,259,256
3221,91,3205,849,259
3222,91,3205,256,259
3223,91,3205,256,259
3224,91,3205,256,259
3225,91,3205,259,256
3226,91,3205,259,256
3227,91,3205,259,256
3228,91,3205,259,256
3229,91,3205,259,256
3230,91,3205,259,256
3231,91,3205,259,256
3222,91,3206,256,259
3223,91,3206,256,259
3226,91,3206,259,256
3227,91,3206,259,256
3228,91,3206,259,256
3229,91,3206,259,256
3230,91,3206,259,256
3227,91,3207,259,256
3228,91,3207,259,256
3229,91,3207,259,256
3228,91,3208,259,256
3229,92,3200,849,259
3230,92,3200,849,259
3231,92,3200,849,259
3218,92,3201,849,259
3219,92,3201,849,259
3229,92,3201,849,259
3230,92,3201,849,259
3231,92,3201,849,256
3219,92,3202,849,259
3220,92,3202,849,259
3230,92,3202,849,256
3231,92,3202,849,256
3220,92,3203,849,259
3221,92,3203,849,259
3229,92,3203,259,256
3230,92,3203,259,256
3231,92,3203,849,256
3221,92,3204,849,259
3222,92,3204,256,259
3227,92,3204,259,256
3228,92,3204,259,256
3229,92,3204,259,256
3230,92,3204,259,256
3231,92,3204,259,256
3222,92,3205,256,259
3223,92,3205,256,259
3226,92,3205,259,256
3227,92,3205,259,256
3228,92,3205,259,256
3229,92,3205,259,256
3230,92,3205,259,256
3231,92,3205,259,256
3223,92,3206,256,259
3224,92,3206,256,259
3225,92,3206,259,256
3226,92,3206,259,256
3227,92,3206,259,256
3228,92,3206,259,256
3229,92,3206,259,256
3230,92,3206,259,256
3231,92,3206,259,256
3226,92,3207,259,256
3227,92,3207,259,256
3228,92,3207,259,256
3229,92,3207,259,256
3230,92,3207,259,256
3227,92,3208,259,256
3228,92,3208,259,33
3229,92,3208,259,256
3230,92,3208,256,33
3228,92,3209,259,256
3216,92,3210,849,259
3228,93,3200,849,259
3229,93,3200,849,259
3230,93,3200,849,259
3231,93,3200,849,256
3219,93,3201,849,259
3220,93,3201,849,259
3228,93,3201,849,259
3229,93,3201,849,259
3230,93,3201,849,256
3231,93,3201,849,256
3218,93,3202,849,259
3219,93,3202,849,259
3221,93,3202,849,259
3229,93,3202,849,256
3230,93,3202,849,256
3231,93,3202,849,256
3221,93,3203,849,259
3222,93,3203,256,259
3229,93,3203,259,256
3230,93,3203,849,256
3231,93,3203,849,256
3222,93,3204,256,259
3228,93,3204,259,256
3229,93,3204,259,256
3230,93,3204,259,256
3231,93,3204,849,256
3227,93,3205,259,256
3228,93,3205,259,256
3229,93,3205,259,256
3230,93,3205,259,256
3231,93,3205,259,256
3226,93,3206,259,256
3227,93,3206,259,256
3228,93,3206,259,256
3229,93,3206,259,256
3230,93,3206,259,256
3231,93,3206,259,256
3225,93,3207,259,256
3226,93,3207,259,256
3227,93,3207,259,256
3228,93,3207,259,256
3229,93,3207,259,256
3230,93,3207,259,256
3231,93,3207,259,256
3226,93,3208,259,256
3227,93,3208,259,256
3228,93,3208,259,256
3229,93,3208,259,256
3230,93,3208,259,256
3216,93,3209,849,259
3227,93,3209,259,256
3228,93,3209,259,256
3229,93,3209,259,256
3216,93,3210,849,259
3228,93,3210,259,417
3226,93,3215,259,256
3229,94,3200,849,259
3230,94,3200,849,256
3231,94,3200,849,256
3221,94,3201,849,259
3229,94,3201,849,256
3230,94,3201,849,256
3231,94,3201,849,256
3222,94,3202,256,259
3229,94,3202,259,256
3230,94,3202,849,256
3231,94,3202,849,256
3222,94,3203,256,259
3228,94,3203,259,256
3229,94,3203,259,256
3230,94,3203,259,256
3231,94,3203,849,256
3227,94,3204,259,256
3228,94,3204,259,256
3229,94,3204,259,256
3230,94,3204,259,256
3231,94,3204,259,256
3226,94,3205,259,256
3227,94,3205,259,256
3228,94,3205,259,256
3229,94,3205,259,256
3230,94,3205,259,256
3231,94,3205,259,256
3225,94,3206,259,256
3226,94,3206,259,256
3227,94,3206,259,256
3228,94,3206,259,256
3229,94,3206,259,256
3230,94,3206,259,256
3231,94,3206,259,256
3226,94,3207,259,256
3227,94,3207,259,256
3228,94,3207,259,256
3229,94,3207,259,256
3230,94,3207,259,256
3216,94,3208,849,259
3227,94,3208,259,256
3228,94,3208,259,256
3229,94,3208,259,256
3216,94,3209,849,259
3228,94,3209,259,256
3226,94,3214,259,256
3225,94,3215,259,256
3226,94,3215,259,256
3227,94,3215,259,256
3229,95,3200,849,256
3230,95,3200,849,256
3231,95,3200,849,256
3222,95,3201,256,259
3229,95,3201,259,256
3230,95,3201,849,256
3231,95,3201,849,256
3223,95,3202,256,259
3230,95,3202,259,256
3231,95,3202,849,256
3222,95,3203,256,259
3227,95,3203,259,256
3229,95,3203,259,256
3230,95,3203,259,256
3231,95,3203,259,256
3222,95,3204,256,259
3223,95,3204,256,259
3226,95,3204,259,256
3227,95,3204,259,256
3228,95,3204,259,256
3229,95,3204,259,256
3230,95,3204,259,256
3231,95,3204,259,256
3223,95,3205,256,259
3224,95,3205,256,259
3225,95,3205,259,256
3226,95,3205,259,256
3227,95,3205,259,256
3228,95,3205,259,256
3229,95,3205,259,256
3230,95,3205,259,256
3231,95,3205,259,256
3226,95,3206,259,256
3227,95,3206,259,256
3228,95,3206,259,256
3229,95,3206,259,256
3230,95,3206,259,256
3216,95,3207,849,259
3227,95,3207,259,256
3228,95,3207,259,256
3229,95,3207,259,256
3216,95,3208,849,259
3228,95,3208,259,256
3226,95,3213,259,256
3225,95,3214,259,256
3226,95,3214,259,256
3227,95,3214,259,256
3224,95,3215,259,256
3225,95,3215,259,256
3226,95,3215,259,256
3227,95,3215,259,256
3228,95,3215,259,256
3222,96,3200,256,259
3229,96,3200,849,256
3230,96,3200,849,256
3231,96,3200,849,256
3223,96,3201,256,259
3230,96,3201,849,256
3231,96,3201,849,256
3224,96,3202,256,259
3231,96,3202,849,256
3223,96,3203,256,259
3226,96,3203,259,256
3230,96,3203,259,256
3231,96,3203,259,256
3222,96,3204,256,259
3223,96,3204,256,259
3224,96,3204,256,259
3225,96,3204,259,256
3226,96,3204,259,256
3227,96,3204,259,256
3229,96,3204,259,256
3230,96,3204,259,256
3231,96,3204,259,256
3222,96,3205,256,259
3223,96,3205,256,259
3226,96,3205,259,256
3227,96,3205,259,256
3228,96,3205,259,256
3229,96,3205,259,256
3230,96,3205,259,256
3227,96,3206,259,256
3228,96,3206,259,256
3229,96,3206,259,256
3228,96,3207,259,256
3226,96,3212,259,256
3225,96,3213,259,256
3226,96,3213,259,256
3227,96,3213,259,256
3224,96,3214,259,256
3225,96,3214,259,256
3226,96,3214,259,256
3227,96,3214,259,256
3228,96,3214,259,256
3223,96,3215,259,256
3224,96,3215,259,256
3225,96,3215,259,256
3226,96,3215,259,256
3227,96,3215,259,256
3228,96,3215,259,256
3229,96,3215,259,256
3228,97,3200,849,259
3229,97,3200,849,259
3230,97,3200,849,256
3231,97,3200,849,256
3229,97,3201,849,259
3230,97,3201,849,259
3231,97,3201,849,256
3230,97,3202,849,259
3231,97,3202,849,259
3231,97,3203,849,256
3230,97,3204,259,256
3229,97,3205,259,256
3228,97,3206,259,256
3225,97,3212,259,256
3226,97,3212,259,256
3227,97,3212,259,256
3224,97,3213,259,256
3225,97,3213,259,256
3226,97,3213,259,256
3227,97,3213,259,256
3228,97,3213,259,256
3223,97,3214,259,256
3224,97,3214,259,256
3225,97,3214,259,256
3226,97,3214,259,256
3227,97,3214,259,256
3228,97,3214,259,256
3229,97,3214,259,256
3222,97,3215,259,256
3223,97,3215,259,256
3224,97,3215,259,256
3225,97,3215,259,256
3226,97,3215,259,256
3227,97,3215,259,256
3228,97,3215,259,256
3229,97,3215,259,256
3230,97,3215,259,256
3228,98,3200,849,259
3229,98,3200,849,259
3230,98,3200,849,259
3231,98,3200,849,256
3228,98,3201,849,259
3229,98,3201,849,259
3230,98,3201,849,259
3231,98,3201,849,259
3229,98,3202,849,259
3230,98,3202,849,259
3231,98,3202,849,259
3230,98,3203,849,259
3231,98,3203,849,259
3231,98,3204,849,256
3230,98,3205,259,256
3229,98,3206,259,256
3228,98,3207,259,256
3226,98,3212,259,256
3225,98,3213,259,256
3226,98,3213,259,256
3227,98,3213,259,256
3224,98,3214,259,256
3225,98,3214,259,256
3226,98,3214,259,256
3227,98,3214,259,256
3228,98,3214,259,256
3223,98,3215,259,256
3224,98,3215,259,256
3225,98,3215,259,256
3226,98,3215,259,256
3227,98,3215,259,256
3228,98,3215,259,256
3229,98,3215,259,256
3228,99,3200,849,259
3229,99,3200,849,259
3230,99,3200,849,259
3231,99,3200,849,259
3228,99,3201,849,259
3229,99,3201,849,259
3230,99,3201,849,259
3231,99,3201,849,259
3228,99,3202,849,259
3229,99,3202,849,259
3230,99,3202,849,259
3231,99,3202,849,259
3229,99,3203,849,259
3230,99,3203,849,259
3231,99,3203,849,259
3230,99,3204,849,259
3231,99,3204,849,259
3231,99,3205,849,256
3226,99,3213,259,256
3225,99,3214,259,256
3226,99,3214,259,256
3227,99,3214,259,256
3217,99,3215,256,259
3224,99,3215,259,256
3225,99,3215,259,256
3226,99,3215,259,256
3227,99,3215,259,256
3228,99,3215,259,256
3228,100,3200,849,259
3229,100,3200,849,259
3230,100,3200,849,259
3228,100,3201,849,259
3229,100,3201,849,259
3230,100,3201,849,259
3231,100,3201,849,259
3228,100,3202,849,259
3229,100,3202,849,259
3230,100,3202,849,259
3231,100,3202,849,259
3228,100,3203,849,259
3229,100,3203,849,259
3230,100,3203,849,259
3231,100,3203,849,259
3229,100,3204,849,259
3230,100,3204,849,259
3231,100,3204,849,256
3230,100,3205,849,259
3231,100,3205,849,256
3231,100,3206,849,256
3230,100,3207,849,256
3231,100,3207,849,256
3229,100,3208,849,256
3230,100,3208,849,256
3229,100,3209,849,256
3217,100,3214,256,259
3226,100,3214,259,256
3218,100,3215,256,259
3225,100,3215,259,256
3227,100,3215,259,256
3226,101,3200,33,259
3229,101,3200,607,259
3231,101,3200,33,849
3226,101,3201,33,259
3227,101,3201,607,849
3229,101,3201,33,849
3230,101,3201,607,849
3231,101,3201,33,849
3225,101,3202,33,849
3226,101,3202,33,849
3227,101,3202,33,849
3228,101,3202,607,849
3229,101,3202,33,849
3230,101,3202,607,849
3231,101,3202,849,259
3222,101,3203,33,259
3223,101,3203,33,849
3224,101,3203,33,849
3225,101,3203,33,849
3226,101,3203,33,849
3227,101,3203,33,849
3229,101,3203,607,849
3230,101,3203,849,259
3231,101,3203,849,256
3218,101,3204,33,259
3219,101,3204,33,259
3221,101,3204,33,849
3222,101,3204,33,849
3223,101,3204,33,849
3224,101,3204,33,849
3230,101,3204,849,256
3231,101,3204,849,256
3221,101,3205,33,849
3231,101,3205,849,256
3220,101,3206,33,849
3230,101,3206,849,256
3231,101,3206,849,256
3229,101,3207,849,256
3230,101,3207,849,256
3231,101,3207,849,259
3228,101,3208,849,256
3229,101,3208,849,256
3230,101,3208,849,259
3231,101,3208,849,259
3228,101,3209,849,256
3229,101,3209,849,259
3230,101,3209,849,259
3229,101,3210,849,259
3219,101,3215,256,259
3229,102,3200,0,259
3230,102,3200,0,607
3231,102,3200,0,259
3229,102,3201,0,259
3230,102,3201,0,259
3231,102,3201,0,259
3229,102,3202,0,259
3230,102,3202,0,607
3229,102,3203,0,259
3231,102,3204,849,256
3230,102,3205,849,256
3231,102,3205,849,256
3229,102,3206,849,256
3230,102,3206,849,256
3231,102,3206,849,256
3228,102,3207,849,256
3229,102,3207,849,256
3230,102,3207,849,259
3231,102,3207,849,259
3227,102,3208,849,256
3228,102,3208,849,256
3229,102,3208,849,259
3230,102,3208,849,259
3231,102,3208,849,259
3227,102,3209,849,256
3228,102,3209,849,259
3229,102,3209,849,259
3230,102,3209,849,259
3231,102,3209,849,259
3228,102,3210,849,259
3229,102,3210,849,259
3230,102,3210,849,259
3229,102,3211,849,259
3219,102,3214,256,259
3229,103,3200,0,259
3230,103,3200,0,607
3231,103,3200,0,259
3229,103,3201,0,259
3230,103,3201,0,259
3231,103,3201,0,259
3229,103,3202,0,259
3229,103,3203,0,259
3229,103,3205,849,256
3230,103,3205,849,256
3231,103,3205,849,256
3228,103,3206,849,256
3229,103,3206,849,256
3230,103,3206,849,256
3231,103,3206,849,256
3227,103,3207,849,256
3228,103,3207,849,256
3229,103,3207,849,259
3230,103,3207,849,259
3231,103,3207,849,259
3227,103,3208,849,256
3228,103,3208,849,259
3229,103,3208,849,259
3230,103,3208,849,259
3231,103,3208,849,259
3226,103,3209,849,256
3227,103,3209,849,259
3228,103,3209,849,259
3229,103,3209,849,259
3230,103,3209,849,259
3231,103,3209,849,259
3227,103,3210,849,259
3228,103,3210,849,259
3229,103,3210,849,259
3230,103,3210,849,259
3231,103,3210,849,259
3228,103,3211,849,259
3229,103,3211,849,259
3230,103,3211,849,259
3229,103,3212,849,259
3231,104,3200,0,259
3229,104,3201,0,259
3230,104,3201,0,259
3231,104,3201,0,259
3229,104,3202,0,259
3229,104,3203,0,259
3230,104,3205,849,256
3231,104,3205,849,256
3226,104,3206,849,256
3227,104,3206,849,256
3228,104,3206,849,256
3229,104,3206,849,256
3230,104,3206,849,256
3231,104,3206,849,256
3227,104,3207,849,256
3228,104,3207,849,259
3229,104,3207,849,259
3230,104,3207,849,259
3231,104,3207,849,259
3228,104,3208,849,259
3229,104,3208,849,259
3230,104,3208,849,259
3231,104,3208,849,259
3227,104,3209,849,259
3228,104,3209,849,259
3229,104,3209,849,259
3230,104,3209,849,259
3231,104,3209,849,259
3228,104,3210,849,259
3229,104,3210,849,259
3230,104,3210,849,259
3216,104,3211,256,259
3229,104,3211,849,259
3230,105,3201,0,259
3231,105,3201,0,259
3229,105,3203,0,259
3231,105,3205,849,256
3227,105,3206,849,256
3228,105,3206,849,256
3230,105,3206,849,256
3231,105,3206,849,256
3228,105,3207,849,256
3229,105,3207,849,259
3230,105,3207,849,259
3231,105,3207,849,259
3229,105,3208,849,259
3230,105,3208,849,259
3231,105,3208,849,259
3228,105,3209,849,259
3229,105,3209,849,259
3230,105,3209,849,259
3229,105,3210,849,259
3231,106,3206,849,256
3230,106,3207,849,259
3231,106,3207,849,259
3230,106,3208,849,259
3229,106,3209,849,259
3219,108,3213,259,256
3220,109,3214,256,259
3220,110,3213,256,259
3220,110,3214,256,259
3220,110,3215,849,259
3220,111,3214,849,259
3216,112,3211,849,259
3219,113,3202,256,849
3218,113,3203,256,849
3219,113,3203,256,849
3220,113,3203,256,849
3219,113,3204,256,849
3220,113,3205,256,849
3216,113,3210,849,259
3216,113,3211,849,259
3217,113,3211,849,259
3216,113,3212,849,259
3219,113,3213,259,256
3219,113,3214,259,256
3219,114,3201,256,849
3218,114,3202,256,849
3219,114,3202,256,849
3220,114,3202,256,849
3217,114,3203,256,849
3218,114,3203,256,849
3219,114,3203,256,849
3220,114,3203,256,849
3221,114,3203,256,849
3218,114,3204,256,849
3219,114,3204,256,849
3220,114,3204,256,849
3219,114,3205,256,849
3220,114,3205,256,849
3221,114,3205,256,849
3220,114,3206,256,849
3216,114,3209,849,259
3216,114,3210,849,259
3217,114,3210,849,259
3216,114,3211,849,259
3217,114,3211,849,259
3218,114,3211,849,259
3216,114,3212,849,259
3217,114,3212,849,259
3219,114,3212,259,256
3216,114,3213,849,259
3219,114,3213,259,256
3219,115,3200,259,849
3218,115,3201,256,849
3219,115,3201,256,849
3220,115,3201,259,849
3217,115,3202,256,849
3218,115,3202,256,849
3219,115,3202,256,849
3220,115,3202,256,849
3221,115,3202,259,849
3216,115,3203,256,849
3217,115,3203,256,849
3218,115,3203,256,849
3219,115,3203,256,849
3220,115,3203,256,849
3221,115,3203,256,849
3222,115,3203,256,849
3217,115,3204,256,849
3218,115,3204,256,849
3219,115,3204,256,849
3220,115,3204,256,849
3221,115,3204,45,849
3218,115,3205,256,849
3219,115,3205,256,849
3220,115,3205,256,849
3219,115,3206,256,849
3216,115,3208,849,256
3216,115,3209,849,256
3217,115,3209,849,259
3216,115,3210,849,259
3217,115,3210,849,256
3218,115,3210,849,259
3216,115,3211,849,259
3217,115,3211,849,259
3218,115,3211,849,256
3219,115,3211,849,259
3216,115,3212,849,259
3217,115,3212,849,259
3218,115,3212,849,259
3216,115,3213,849,259
3217,115,3213,849,259
3216,115,3214,849,259
3218,116,3200,259,849
3219,116,3200,259,849
3220,116,3200,259,849
3217,116,3201,256,849
3218,116,3201,256,849
3219,116,3201,259,849
3220,116,3201,259,849
3221,116,3201,259,849
3216,116,3202,256,849
3217,116,3202,256,849
3218,116,3202,256,849
3219,116,3202,256,849
3220,116,3202,259,849
3221,116,3202,259,849
3216,116,3203,256,849
3217,116,3203,256,849
3218,116,3203,256,849
3219,116,3203,256,849
3220,116,3203,256,849
3221,116,3203,259,849
3222,116,3203,256,849
3216,116,3204,256,849
3217,116,3204,256,849
3218,116,3204,256,849
3219,116,3204,256,849
3220,116,3204,45,849
3221,116,3204,45,849
3222,116,3204,45,849
3217,116,3205,256,849
3218,116,3205,256,849
3219,116,3205,256,849
3220,116,3205,45,849
3221,116,3205,45,849
3218,116,3206,256,849
3219,116,3206,256,849
3220,116,3206,256,849
3216,116,3207,849,256
3219,116,3207,256,849
3216,116,3208,849,256
3217,116,3208,849,256
3216,116,3209,849,259
3217,116,3209,849,256
3218,116,3209,849,259
3216,116,3210,849,259
3217,116,3210,849,259
3218,116,3210,849,256
3219,116,3210,849,259
3216,116,3211,849,259
3217,116,3211,849,259
3218,116,3211,849,259
3219,116,3211,849,256
3220,116,3211,849,259
3216,116,3212,849,259
3217,116,3212,849,259
3218,116,3212,849,259
3219,116,3212,849,259
3216,116,3213,849,259
3217,116,3213,849,259
3218,116,3213,849,259
3216,116,3214,849,259
3217,116,3214,849,259
3216,116,3215,849,259
3217,117,3200,256,849
3218,117,3200,256,849
3219,117,3200,259,849
3220,117,3200,259,849
3221,117,3200,259,849
3216,117,3201,256,849
3217,117,3201,256,849
3218,117,3201,256,849
3219,117,3201,256,849
3220,117,3201,259,849
3221,117,3201,259,849
3216,117,3202,256,849
3217,117,3202,256,849
3218,117,3202,256,849
3219,117,3202,256,849
3220,117,3202,256,849
3216,117,3203,256,849
3217,117,3203,256,849
3218,117,3203,256,849
3219,117,3203,256,849
3220,117,3203,256,849
3221,117,3203,256,849
3216,117,3204,256,849
3217,117,3204,256,849
3218,117,3204,256,849
3219,117,3204,256,849
3220,117,3204,45,849
3221,117,3204,256,849
3216,117,3205,256,849
3217,117,3205,33,849
3218,117,3205,256,849
3219,117,3205,256,849
3220,117,3205,45,849
3217,117,3206,256,849
3218,117,3206,256,849
3219,117,3206,256,849
3217,117,3207,849,256
3218,117,3207,256,849
3216,117,3208,849,256
3217,117,3208,849,256
3216,117,3209,849,256
3217,117,3209,849,256
3218,117,3209,849,256
3216,117,3210,849,259
3217,117,3210,849,256
3218,117,3210,849,256
3219,117,3210,849,256
3216,117,3211,849,259
3217,117,3211,849,259
3218,117,3211,849,256
3219,117,3211,849,259
3220,117,3211,849,259
3216,117,3212,849,259
3217,117,3212,849,259
3218,117,3212,849,259
3219,117,3212,849,259
3220,117,3212,849,259
3216,117,3213,849,259
3217,117,3213,849,259
3218,117,3213,849,259
3219,117,3213,849,259
3216,117,3214,849,259
3216,118,3200,256,849
3217,118,3200,256,849
3218,118,3200,256,849
3219,118,3200,256,849
3220,118,3200,259,849
3221,118,3200,259,849
3216,118,3201,256,849
3217,118,3201,256,849
3218,118,3201,256,849
3219,118,3201,256,849
3220,118,3201,256,849
3216,118,3202,256,849
3217,118,3202,256,849
3218,118,3202,256,849
3219,118,3202,256,849
3216,118,3203,256,849
3217,118,3203,256,849
3218,118,3203,256,849
3219,118,3203,256,849
3220,118,3203,256,849
3216,118,3204,256,849
3217,118,3204,256,849
3218,118,3204,256,849
3219,118,3204,256,849
3220,118,3204,256,849
3216,118,3205,256,849
3217,118,3205,256,849
3218,118,3205,256,849
3219,118,3205,256,849
3216,118,3206,256,849
3218,118,3206,256,849
3216,118,3207,849,256
3216,118,3208,849,256
3217,118,3208,849,256
3216,118,3209,849,256
3217,118,3209,849,256
3216,118,3210,849,256
3217,118,3210,849,256
3218,118,3210,849,256
3216,118,3211,849,259
3217,118,3211,849,256
3218,118,3211,849,256
3219,118,3211,849,256
3216,118,3212,849,259
3217,118,3212,849,259
3218,118,3212,849,256
3219,118,3212,849,259
3216,118,3213,849,259
3217,118,3213,849,259
3218,118,3213,849,259
3218,118,3214,849,259
3219,118,3214,849,259
3217,118,3215,849,259
3218,118,3215,849,259
3217,119,3200,256,849
3218,119,3200,256,849
3219,119,3200,256,849
3220,119,3200,256,849
3216,119,3201,256,849
3217,119,3201,256,849
3218,119,3201,256,849
3219,119,3201,256,849
3216,119,3202,256,849
3217,119,3202,256,849
3218,119,3202,256,849
3216,119,3203,256,849
3217,119,3203,256,849
3218,119,3203,256,849
3219,119,3203,256,849
3216,119,3204,256,849
3217,119,3204,256,849
3218,119,3204,256,849
3219,119,3204,256,849
3216,119,3205,256,849
3218,119,3205,256,849
3216,119,3206,849,256
3216,119,3207,849,256
3216,119,3212,849,259
3216,119,3213,849,259
3217,119,3213,849,259
3217,119,3214,849,259
3218,119,3214,849,259
3216,119,3215,849,259
3217,119,3215,849,259
3218,119,3215,849,259
3219,119,3215,849,259
3218,120,3200,256,849
3219,120,3200,256,849
3217,120,3201,256,849
3218,120,3201,256,849
3216,120,3202,256,849
3217,120,3202,256,849
3216,120,3203,256,849
3217,120,3203,256,849
3218,120,3203,256,849
3216,120,3204,256,849
3217,120,3204,256,849
3218,120,3204,256,849
3219,120,3204,256,849
3216,120,3205,849,256
3219,120,3205,256,849
3216,120,3206,849,256
3216,120,3211,259,849
3217,120,3212,259,849
3216,121,3203,256,849
3217,121,3203,256,849
3217,121,3204,256,849
3218,121,3204,256,849
3218,121,3205,256,849
3219,121,3205,256,849
3219,121,3206,256,849
3216,121,3210,259,849
3216,121,3211,259,849
3217,121,3211,259,849
3216,121,3212,259,849
3217,121,3212,259,849
3218,121,3212,259,849
3216,121,3213,259,849
3217,121,3213,259,849
3217,121,3214,259,849
3218,121,3214,259,849
3216,121,3215,259,849
3217,121,3215,259,849
3216,122,3205,256,849
3217,122,3205,256,849
3218,122,3205,256,849
3216,122,3206,256,849
3218,122,3206,256,849
3219,122,3206,256,849
3219,122,3207,256,849
3217,122,3210,259,849
3216,122,3211,259,849
3217,122,3211,259,849
3218,122,3211,259,849
3216,122,3212,259,849
3217,122,3212,259,849
3218,122,3212,259,849
3216,122,3213,259,849
3217,122,3213,259,849
3218,122,3213,259,849
3216,122,3214,259,849
3217,122,3214,259,849
3218,122,3214,259,849
3216,122,3215,259,849
3217,122,3215,259,849
3218,122,3215,259,849
3219,122,3215,256,849
3220,122,3215,259,849
3217,123,3205,256,849
3216,123,3206,256,849
3217,123,3206,256,849
3218,123,3206,256,849
3218,123,3207,256,849
3219,123,3207,256,849
3217,123,3211,259,849
3216,123,3212,259,849
3217,123,3212,259,849
3216,123,3213,259,849
3217,123,3213,259,849
3218,123,3213,259,849
3216,123,3214,259,849
3217,123,3214,259,849
3218,123,3214,259,849
3219,123,3214,256,849
3218,123,3215,259,849
3219,123,3215,259,849
3216,124,3213,259,849
3218,124,3213,259,849
3216,124,3214,259,849
3218,124,3214,259,849
3217,124,3215,259,849
3218,124,3215,259,849
3217,125,3207,256,849
3217,125,3212,259,849
3218,125,3212,259,849
3217,125,3215,259,849
3218,126,3213,259,256
3237,2,3200,256,849
3232,2,3203,256,849
3233,2,3205,256,849
3235,2,3205,256,849
3235,2,3207,256,849
3232,2,3212,259,849
3238,2,3212,256,849
3236,2,3213,256,849
3238,2,3213,256,849
3236,2,3214,256,849
3239,2,3214,256,849
3235,2,3215,259,849
3237,2,3215,256,849
3238,2,3215,256,849
3242,2,3215,256,849
3232,3,3200,259,849
3238,3,3200,256,849
3238,3,3202,256,849
3237,3,3203,256,849
3236,3,3204,256,849
3236,3,3205,256,849
3235,3,3206,256,849
3236,3,3209,256,849
3236,3,3212,256,849
3237,3,3212,256,849
3236,3,3215,259,849
3242,3,3215,256,849
3232,4,3200,259,849
3233,4,3200,259,849
3239,4,3202,256,849
3238,4,3203,256,849
3237,4,3204,256,849
3237,4,3205,256,849
3236,4,3206,256,849
3237,4,3209,256,849
3238,4,3209,256,849
3236,4,3210,256,849
3237,4,3210,256,849
3238,4,3210,256,849
3236,4,3211,256,849
3237,4,3211,256,849
3236,4,3212,256,849
3236,4,3215,849,259
3232,5,3200,259,849
3233,5,3200,259,849
3239,5,3200,849,256
3240,5,3201,849,256
3239,5,3202,849,256
3238,5,3203,849,256
3238,5,3205,256,849
3237,5,3206,256,849
3238,5,3209,256,849
3237,5,3210,256,849
3236,5,3211,256,849
3237,5,3215,849,259
3232,6,3200,259,849
3233,6,3200,259,849
3238,6,3200,849,256
3239,6,3201,849,256
3238,6,3202,849,256
3235,6,3203,849,259
3239,6,3205,256,849
3238,6,3206,256,849
3238,6,3207,849,256
3239,6,3208,849,256
3238,6,3209,849,256
3237,6,3210,849,256
3238,6,3210,849,256
3239,6,3210,849,256
3237,6,3211,849,256
3239,6,3211,849,256
3232,7,3200,259,849
3237,7,3200,849,256
3238,7,3201,849,256
3235,7,3202,849,259
3234,7,3203,849,259
3235,7,3203,849,259
3236,7,3203,849,259
3235,7,3204,849,259
3240,7,3205,256,849
3239,7,3206,256,849
3238,7,3207,256,849
3238,7,3208,849,256
3237,7,3209,849,256
3238,7,3210,849,256
3238,7,3211,849,256
3235,8,3201,849,259
3234,8,3202,849,259
3235,8,3202,849,259
3236,8,3202,849,259
3233,8,3203,849,259
3234,8,3203,849,259
3235,8,3203,849,259
3236,8,3203,849,259
3237,8,3203,849,259
3234,8,3204,849,259
3235,8,3204,849,259
3236,8,3204,849,259
3235,8,3205,849,259
3241,8,3205,256,849
3240,8,3206,256,849
3239,8,3207,256,849
3238,8,3208,256,849
3237,8,3209,256,849
3232,9,3200,849,259
3235,9,3200,849,259
3236,9,3200,849,256
3234,9,3201,849,259
3235,9,3201,849,259
3236,9,3201,849,259
3237,9,3201,849,256
3233,9,3202,849,259
3234,9,3202,849,259
3235,9,3202,849,259
3236,9,3202,849,259
3237,9,3202,849,259
3232,9,3203,849,259
3233,9,3203,849,259
3234,9,3203,849,259
3235,9,3203,849,259
3236,9,3203,849,259
3237,9,3203,849,259
3238,9,3203,849,259
3233,9,3204,849,259
3234,9,3204,849,259
3235,9,3204,849,259
3236,9,3204,849,259
3237,9,3204,849,259
3234,9,3205,849,259
3235,9,3205,849,259
3236,9,3205,849,259
3241,9,3205,849,256
3235,9,3206,849,259
3240,9,3206,849,256
3239,9,3207,849,256
3238,9,3208,849,256
3237,9,3209,849,256
3232,10,3200,256,259
3233,10,3200,849,259
3234,10,3200,849,259
3235,10,3200,849,259
3236,10,3200,256,259
3232,10,3201,849,259
3233,10,3201,849,259
3234,10,3201,849,259
3235,10,3201,849,259
3236,10,3201,849,259
3237,10,3201,849,259
3232,10,3202,849,259
3233,10,3202,849,259
3234,10,3202,849,259
3235,10,3202,849,259
3236,10,3202,849,259
3237,10,3202,849,259
3238,10,3202,849,259
3232,10,3203,849,259
3233,10,3203,849,259
3234,10,3203,849,259
3235,10,3203,849,259
3236,10,3203,849,259
3237,10,3203,849,259
3238,10,3203,849,259
3233,10,3204,849,259
3234,10,3204,849,259
3236,10,3204,849,259
3237,10,3204,849,259
3238,10,3204,849,259
3237,10,3205,849,259
3236,10,3206,849,259
3237,10,3208,849,256
3236,10,3209,849,256
3232,11,3200,256,259
3233,11,3200,256,259
3234,11,3200,849,256
3235,11,3200,256,259
3232,11,3201,256,259
3233,11,3201,849,259
3234,11,3201,849,259
3235,11,3201,849,259
3236,11,3201,849,259
3232,11,3202,849,259
3233,11,3202,849,259
3234,11,3202,849,259
3235,11,3202,849,259
3236,11,3202,849,259
3237,11,3202,849,259
3232,11,3203,849,259
3233,11,3203,849,259
3234,11,3203,849,259
3236,11,3203,849,259
3237,11,3203,849,259
3238,11,3203,849,259
3237,11,3204,849,259
3236,11,3208,849,256
3235,11,3209,849,256
3232,12,3200,256,259
3233,12,3200,256,259
3232,12,3201,256,259
3233,12,3201,256,259
3232,12,3202,256,259
3233,12,3202,849,259
3234,12,3202,849,259
3236,12,3202,849,259
3232,12,3203,849,259
3233,12,3203,849,259
3237,12,3203,849,259
3233,13,3200,256,259
3232,13,3201,256,259
3232,13,3202,256,259
3232,17,3201,259,849
3232,18,3200,259,849
3232,18,3201,259,849
3233,18,3201,259,849
3232,18,3202,259,849
3234,18,3207,256,259
3232,19,3200,259,849
3233,19,3200,259,849
3232,19,3201,259,849
3233,19,3201,259,849
3234,19,3201,259,849
3232,19,3202,259,849
3233,19,3202,259,849
3232,19,3203,259,849
3232,19,3206,849,259
3232,19,3207,849,259
3233,19,3207,849,259
3233,19,3208,849,256
3234,19,3208,849,256
3232,20,3200,259,849
3233,20,3200,259,849
3234,20,3200,259,849
3232,20,3201,259,849
3233,20,3201,259,849
3234,20,3201,259,849
3232,20,3202,259,849
3233,20,3202,259,849
3234,20,3202,259,849
3232,20,3203,259,849
3233,20,3203,259,849
3232,20,3204,259,849
3232,20,3205,849,259
3232,20,3206,849,259
3233,20,3206,849,259
3232,20,3207,849,259
3233,20,3207,849,259
3234,20,3207,849,259
3232,20,3208,849,256
3233,20,3208,849,256
3234,20,3208,849,259
3235,20,3208,849,259
3233,20,3209,849,256
3234,20,3209,849,256
3232,21,3200,259,849
3233,21,3200,259,849
3234,21,3200,259,849
3232,21,3201,259,849
3233,21,3201,259,849
3234,21,3201,259,849
3232,21,3202,259,849
3233,21,3202,259,849
3234,21,3202,259,849
3232,21,3203,259,849
3233,21,3203,259,849
3234,21,3203,259,849
3232,21,3204,259,849
3233,21,3204,259,849
3232,21,3205,849,259
3233,21,3205,849,259
3232,21,3206,849,259
3233,21,3206,849,259
3234,21,3206,849,259
3232,21,3207,849,259
3233,21,3207,849,259
3234,21,3207,849,259
3235,21,3207,849,259
3232,21,3208,849,256
3233,21,3208,849,259
3234,21,3208,849,259
3235,21,3208,849,259
3236,21,3208,849,259
3232,21,3209,849,256
3233,21,3209,849,256
3234,21,3209,849,259
3235,21,3209,849,259
3233,21,3210,849,256
3234,21,3210,849,256
3233,21,3211,849,256
3232,22,3200,256,849
3233,22,3200,259,849
3232,22,3201,259,849
3233,22,3201,259,849
3234,22,3201,259,849
3232,22,3202,259,849
3232,22,3203,259,849
3233,22,3203,259,849
3232,22,3204,259,849
3233,22,3205,849,259
3232,22,3206,849,259
3234,22,3207,849,259
3232,22,3208,849,259
3233,22,3208,849,256
3235,22,3208,849,259
3232,22,3209,849,256
3233,22,3209,849,256
3234,24,3213,259,33
3235,24,3213,259,33
3236,24,3213,259,33
3237,24,3214,259,33
3233,24,3215,259,33
3236,24,3215,259,33
3232,25,3210,33,259
3233,25,3210,33,259
3232,25,3211,33,259
3233,25,3212,33,259
3232,25,3213,33,259
3235,25,3213,259,33
3233,25,3214,259,33
3232,25,3215,33,259
3233,25,3215,259,33
3234,25,3215,33,259
3232,26,3210,33,259
3233,26,3211,33,259
3232,26,3212,33,259
3234,26,3212,33,259
3233,26,3213,33,259
3232,26,3214,33,259
3233,26,3214,259,33
3247,34,3212,258,259
3247,34,3213,258,259
3232,35,3201,256,849
3233,35,3201,256,849
3232,35,3203,256,849
3233,35,3203,259,849
3233,35,3204,256,849
3235,35,3205,259,849
3234,35,3207,849,256
3235,35,3208,849,256
3233,36,3200,256,849
3233,36,3201,256,849
3234,36,3201,259,849
3234,36,3202,259,849
3233,36,3203,259,849
3234,36,3203,259,849
3235,36,3203,259,849
3232,36,3204,256,849
3233,36,3204,259,849
3234,36,3204,259,849
3235,36,3204,259,849
3236,36,3204,259,849
3233,36,3205,849,256
3234,36,3205,259,849
3235,36,3205,259,849
3236,36,3205,259,849
3232,36,3206,849,256
3235,36,3206,259,849
3233,36,3207,849,256
3239,36,3207,849,256
3234,36,3208,849,256
3238,36,3208,849,256
3235,36,3209,849,256
3237,36,3209,849,256
3236,36,3210,849,256
3233,37,3200,256,849
3234,37,3200,259,849
3235,37,3200,259,849
3236,37,3200,259,849
3234,37,3201,259,849
3235,37,3201,259,849
3236,37,3201,259,849
3237,37,3201,259,256
3235,37,3202,259,849
3236,37,3202,259,849
3237,37,3202,259,256
3238,37,3202,259,256
3234,37,3203,259,849
3235,37,3203,259,849
3236,37,3203,259,849
3237,37,3203,259,849
3238,37,3203,259,256
3233,37,3204,259,849
3234,37,3204,259,849
3235,37,3204,259,849
3236,37,3204,259,849
3237,37,3204,259,849
3238,37,3204,259,849
3239,37,3204,849,256
3232,37,3205,849,256
3233,37,3205,259,849
3234,37,3205,259,849
3235,37,3205,259,849
3236,37,3205,259,849
3237,37,3205,259,849
3240,37,3205,849,256
3234,37,3206,259,849
3235,37,3206,259,849
3236,37,3206,259,849
3232,37,3207,849,256
3240,37,3207,849,256
3233,37,3208,849,256
3239,37,3208,849,256
3234,37,3209,849,256
3238,37,3209,849,256
3235,37,3210,849,256
3237,37,3210,849,256
3236,37,3211,849,256
3232,38,3200,256,849
3233,38,3200,259,849
3235,38,3200,259,849
3247,38,3200,259,849
3233,38,3201,256,849
3234,38,3201,259,849
3235,38,3201,259,849
3236,38,3201,259,849
3237,38,3201,849,256
3234,38,3202,259,849
3235,38,3202,259,849
3236,38,3202,259,849
3237,38,3202,259,849
3238,38,3202,849,256
3233,38,3203,259,849
3234,38,3203,259,849
3235,38,3203,259,849
3237,38,3203,259,849
3238,38,3203,259,849
3239,38,3203,849,256
3233,38,3204,259,849
3234,38,3204,259,849
3235,38,3204,259,849
3236,38,3204,259,849
3237,38,3204,259,849
3240,38,3204,849,256
3234,38,3205,259,849
3235,38,3205,259,849
3236,38,3205,259,849
3235,38,3206,259,849
3232,38,3208,849,417
3240,38,3208,849,256
3233,38,3209,849,417
3239,38,3209,849,256
3234,38,3210,849,417
3238,38,3210,849,256
3236,39,3200,259,849
3237,39,3200,849,256
3246,39,3200,259,849
3247,39,3200,259,849
3232,39,3201,256,849
3233,39,3201,259,849
3235,39,3201,259,849
3236,39,3201,259,849
3238,39,3201,849,256
3234,39,3202,259,849
3235,39,3202,259,849
3237,39,3202,259,849
3239,39,3202,849,256
3233,39,3203,259,849
3234,39,3203,259,849
3238,39,3203,259,849
3240,39,3203,849,256
3234,39,3204,259,849
3235,39,3204,259,849
3237,39,3204,259,849
3235,39,3205,259,849
3236,39,3205,259,849
3233,39,3210,849,417
3239,39,3210,849,256
3232,39,3214,45,259
3237,40,3200,259,849
3237,40,3201,259,849
3238,40,3201,256,849
3232,40,3202,256,849
3233,40,3202,259,849
3238,40,3202,259,849
3239,40,3202,256,849
3232,40,3203,256,849
3233,40,3203,259,849
3239,40,3203,259,849
3240,40,3203,256,849
3234,40,3204,259,849
3238,40,3204,259,849
3235,40,3205,259,849
3237,40,3205,259,849
3236,40,3206,259,849
3232,41,3201,849,259
3238,41,3201,259,256
3232,41,3202,256,259
3233,41,3202,849,259
3239,41,3202,259,256
3232,41,3203,259,256
3240,41,3203,259,256
3232,41,3204,256,849
3233,41,3204,259,849
3239,41,3204,259,849
3240,41,3204,256,849
3234,41,3205,259,849
3238,41,3205,259,849
3237,41,3206,259,849
3232,41,3208,256,849
3232,42,3200,849,259
3236,42,3200,849,259
3238,42,3200,259,256
3232,42,3201,849,259
3233,42,3201,849,259
3235,42,3201,849,259
3239,42,3201,259,256
3232,42,3202,849,259
3233,42,3202,849,259
3234,42,3202,849,259
3240,42,3202,259,256
3233,42,3203,849,259
3241,42,3203,259,256
3232,42,3204,259,256
3240,42,3204,259,256
3232,42,3205,256,849
3233,42,3205,259,849
3239,42,3205,259,849
3238,42,3206,259,849
3232,43,3200,849,259
3233,43,3200,849,259
3235,43,3200,849,259
3236,43,3200,849,259
3239,43,3200,259,256
3232,43,3201,849,259
3233,43,3201,849,259
3234,43,3201,849,259
3235,43,3201,849,259
3236,43,3201,849,259
3240,43,3201,259,256
3233,43,3202,849,259
3234,43,3202,849,259
3235,43,3202,849,259
3241,43,3202,259,256
3232,43,3203,849,259
3233,43,3203,849,259
3234,43,3203,849,259
3233,43,3204,849,259
3232,43,3205,259,256
3232,43,3206,259,849
3232,43,3215,256,259
3233,44,3200,849,259
3234,44,3200,849,259
3235,44,3200,849,259
3236,44,3200,849,259
3240,44,3200,259,256
3233,44,3201,849,259
3234,44,3201,849,259
3235,44,3201,849,259
3236,44,3201,849,259
3241,44,3201,259,256
3234,44,3202,849,259
3235,44,3202,849,259
3236,44,3202,849,259
3242,44,3202,259,256
3233,44,3203,849,259
3234,44,3203,849,259
3235,44,3203,849,259
3232,44,3204,849,259
3233,44,3204,849,259
3234,44,3204,849,259
3232,44,3214,256,259
3232,44,3215,256,259
3233,44,3215,256,259
3232,45,3200,259,849
3233,45,3200,849,259
3234,45,3200,849,259
3235,45,3200,849,259
3236,45,3200,849,259
3240,45,3200,256,259
3232,45,3201,259,849
3234,45,3201,849,259
3235,45,3201,849,259
3236,45,3201,849,259
3241,45,3201,256,259
3235,45,3202,849,259
3236,45,3202,849,259
3242,45,3202,256,259
3234,45,3203,849,259
3235,45,3203,849,259
3236,45,3203,849,259
3233,45,3204,849,259
3234,45,3204,849,259
3235,45,3204,849,259
3232,45,3214,256,259
3233,45,3214,256,259
3234,45,3214,256,259
3232,45,3215,256,259
3233,45,3215,256,259
3232,46,3200,259,256
3233,46,3200,849,259
3239,46,3200,256,259
3233,46,3201,849,259
3234,46,3201,849,259
3240,46,3201,256,259
3241,46,3202,256,259
3233,46,3203,849,259
3242,46,3203,256,259
3232,46,3204,849,259
3233,46,3204,849,259
3241,46,3204,256,259
3232,46,3213,256,259
3232,46,3214,256,259
3233,46,3214,256,259
3239,47,3201,256,259
3240,47,3202,256,259
3241,47,3203,256,259
3232,47,3214,256,259
3238,48,3201,256,259
3238,49,3201,256,259
3239,49,3201,256,259
3238,49,3202,256,259
3235,49,3205,256,259
3234,49,3206,256,259
3239,50,3200,256,259
3238,50,3201,256,259
3239,50,3201,256,259
3240,50,3201,256,259
3237,50,3202,256,259
3238,50,3202,256,259
3239,50,3202,256,259
3238,50,3203,256,259
3237,50,3204,256,259
3235,50,3205,256,259
3236,50,3205,256,259
3234,50,3206,256,259
3235,50,3206,256,259
3234,50,3207,256,259
3233,50,3208,256,849
3232,50,3209,256,849
3238,51,3200,256,259
3237,51,3203,256,259
3232,51,3204,256,259
3236,51,3204,256,259
3237,51,3204,256,259
3238,51,3204,256,259
3233,51,3205,256,259
3235,51,3205,256,259
3236,51,3205,256,259
3237,51,3205,256,259
3232,51,3206,849,259
3233,51,3206,849,259
3234,51,3206,256,259
3235,51,3206,256,259
3236,51,3206,256,259
3233,51,3207,849,259
3234,51,3207,849,259
3235,51,3207,256,259
3236,51,3207,256,849
3234,51,3208,256,259
3233,51,3209,256,849
3232,51,3210,256,849
3233,51,3210,256,849
3232,51,3211,256,849
3233,52,3200,259,849
3235,52,3200,259,849
3233,52,3201,259,849
3234,52,3201,259,849
3237,52,3204,256,259
3232,52,3205,849,259
3236,52,3205,256,259
3233,52,3206,849,259
3235,52,3206,256,259
3236,52,3206,256,849
3234,52,3207,849,259
3236,52,3207,256,849
3235,52,3208,256,849
3236,52,3208,256,849
3234,52,3209,256,849
3233,52,3210,256,849
3234,52,3210,256,849
3232,52,3211,256,849
3233,52,3211,256,849
3232,52,3212,256,849
3232,53,3200,259,849
3233,53,3200,259,849
3234,53,3200,259,849
3235,53,3200,259,849
3236,53,3200,259,849
3232,53,3201,259,849
3233,53,3201,259,849
3234,53,3201,259,849
3235,53,3201,259,849
3233,53,3202,259,849
3234,53,3202,259,849
3236,53,3205,259,849
3232,53,3206,849,259
3233,53,3206,259,849
3235,53,3206,259,849
3234,53,3207,259,849
3236,53,3208,256,849
3235,53,3209,256,849
3236,53,3209,256,849
3234,53,3210,256,849
3235,53,3210,256,849
3233,53,3211,256,849
3234,53,3211,256,849
3232,53,3212,256,849
3233,53,3212,256,849
3232,53,3213,256,849
3232,54,3200,259,849
3233,54,3200,259,849
3234,54,3200,259,849
3235,54,3200,259,849
3236,54,3200,259,849
3237,54,3200,259,849
3233,54,3201,259,849
3234,54,3201,259,849
3235,54,3201,259,849
3236,54,3201,259,849
3234,54,3202,259,849
3235,54,3202,259,849
3235,54,3205,259,849
3236,54,3205,259,849
3234,54,3206,259,849
3235,54,3206,259,849
3236,54,3206,259,849
3232,54,3207,849,259
3233,54,3207,259,849
3234,54,3207,259,849
3235,54,3207,259,849
3234,54,3208,259,849
3233,55,3200,259,849
3234,55,3200,259,849
3235,55,3200,259,849
3236,55,3200,259,849
3234,55,3201,259,849
3235,55,3201,259,849
3235,55,3203,259,256
3235,55,3204,259,849
3236,55,3204,259,849
3235,55,3205,259,849
3236,55,3205,259,849
3235,55,3206,259,849
3232,55,3207,849,259
3233,55,3207,849,259
3234,55,3207,259,849
3232,55,3208,849,259
3235,55,3209,849,256
3234,55,3210,849,256
3235,55,3210,849,256
3233,55,3211,849,256
3234,55,3211,849,256
3232,55,3212,849,256
3233,55,3212,849,256
3232,55,3213,849,417
3234,56,3200,259,849
3236,56,3200,259,256
3237,56,3200,259,256
3234,56,3201,849,259
3235,56,3201,259,256
3236,56,3201,259,256
3233,56,3202,849,259
3235,56,3202,259,256
3235,56,3203,259,849
3236,56,3203,259,849
3235,56,3204,259,849
3236,56,3204,259,849
3235,56,3205,259,849
3233,56,3207,849,259
3234,56,3207,849,259
3232,56,3208,849,259
3233,56,3208,849,259
3232,56,3209,849,259
3234,56,3209,849,256
3233,56,3210,849,256
3234,56,3210,849,256
3232,56,3211,849,256
3233,56,3211,849,256
3232,56,3212,849,256
3241,56,3214,256,259
3241,56,3215,256,259
3242,56,3215,256,259
3235,57,3200,849,256
3236,57,3200,849,256
3233,57,3201,849,259
3234,57,3201,849,259
3235,57,3201,849,256
3236,57,3201,259,849
3237,57,3201,259,849
3232,57,3202,849,259
3233,57,3202,849,259
3234,57,3202,849,259
3235,57,3202,259,849
3236,57,3202,259,849
3233,57,3203,849,259
3235,57,3203,259,849
3236,57,3203,259,849
3235,57,3204,259,849
3233,57,3209,849,256
3232,57,3210,849,256
3233,57,3210,849,256
3232,57,3211,849,256
3240,57,3214,256,259
3241,57,3214,256,259
3242,57,3214,256,259
3240,57,3215,256,259
3241,57,3215,256,259
3242,57,3215,256,259
3243,57,3215,256,259
3233,58,3200,849,259
3234,58,3200,849,259
3235,58,3200,849,256
3232,58,3201,849,259
3233,58,3201,849,259
3234,58,3201,849,259
3235,58,3201,849,259
3232,58,3202,849,259
3233,58,3202,849,259
3234,58,3202,849,259
3232,58,3203,849,259
3233,58,3203,849,259
3234,58,3203,849,259
3233,58,3204,849,259
3234,58,3204,849,259
3232,58,3209,849,256
3232,58,3210,849,256
3240,58,3214,256,259
3241,58,3214,256,259
3242,58,3214,256,259
3243,58,3214,256,259
3241,58,3215,256,259
3242,58,3215,256,259
3243,58,3215,256,259
3244,58,3215,256,259
3232,59,3200,849,259
3233,59,3200,849,259
3234,59,3200,849,259
3232,59,3201,849,259
3233,59,3201,849,259
3234,59,3201,849,259
3235,59,3201,849,259
3232,59,3202,849,259
3233,59,3202,849,259
3234,59,3202,849,259
3233,59,3203,849,259
3234,59,3204,849,259
3232,59,3208,849,256
3232,59,3209,849,256
3243,59,3213,256,259
3241,59,3214,256,259
3242,59,3214,256,259
3243,59,3214,256,259
3244,59,3214,256,259
3242,59,3215,256,259
3243,59,3215,256,259
3244,59,3215,256,259
3245,59,3215,256,259
3232,60,3200,849,259
3232,60,3201,849,259
3233,60,3201,849,259
3234,60,3201,849,259
3233,60,3202,849,259
3232,60,3208,849,256
3243,60,3213,256,259
3244,60,3213,256,259
3243,60,3214,256,259
3244,60,3214,256,259
3245,60,3214,256,259
3241,60,3215,256,259
3242,60,3215,256,259
3243,60,3215,256,259
3244,60,3215,256,259
3245,60,3215,256,259
3246,60,3215,256,259
3244,61,3214,256,259
3243,61,3215,256,259
3244,61,3215,256,259
3245,61,3215,256,259
3244,62,3215,256,259
3232,79,3203,849,256
3232,80,3202,849,256
3234,80,3202,849,256
3232,80,3203,849,256
3233,80,3203,849,256
3232,80,3204,849,256
3232,81,3201,849,256
3234,81,3201,849,256
3232,81,3202,849,256
3233,81,3202,849,256
3234,81,3202,849,256
3235,81,3202,849,256
3232,81,3203,849,256
3233,81,3203,849,256
3234,81,3203,849,256
3232,81,3204,849,256
3233,81,3204,849,256
3232,82,3200,849,256
3234,82,3200,849,259
3232,82,3201,849,256
3233,82,3201,849,256
3234,82,3201,849,256
3235,82,3201,849,259
3232,82,3202,849,256
3233,82,3202,849,256
3234,82,3202,849,256
3235,82,3202,849,256
3236,82,3202,849,259
3232,82,3203,849,256
3233,82,3203,849,256
3234,82,3203,849,256
3235,82,3203,849,256
3232,82,3204,849,256
3233,82,3204,849,256
3234,82,3204,849,256
3232,82,3205,849,256
3233,82,3205,849,256
3232,83,3200,849,256
3233,83,3200,849,259
3232,83,3201,849,256
3233,83,3201,849,256
3234,83,3201,849,259
3232,83,3202,849,256
3233,83,3202,849,256
3234,83,3202,849,256
3235,83,3202,849,259
3232,83,3203,849,256
3233,83,3203,849,256
3234,83,3203,849,256
3232,83,3204,849,256
3233,83,3204,849,256
3232,83,3205,849,256
3232,84,3200,849,256
3232,84,3201,849,256
3233,84,3201,849,259
3232,84,3202,849,256
3233,84,3202,849,256
3234,84,3202,849,259
3232,84,3203,849,256
3233,84,3203,849,256
3232,84,3204,849,256
3232,84,3205,256,849
3232,85,3200,849,256
3233,85,3200,849,259
3232,85,3201,849,256
3244,85,3201,259,256
3245,85,3201,259,256
3232,85,3202,849,256
3233,85,3202,849,259
3232,85,3203,849,256
3232,85,3204,256,849
3232,85,3205,256,849
3233,85,3205,256,849
3232,85,3206,259,849
3232,86,3200,849,256
3233,86,3200,849,259
3247,86,3200,849,259
3232,86,3201,849,256
3233,86,3201,849,259
3232,86,3202,849,256
3232,86,3205,259,849
3232,87,3200,849,256
3233,87,3200,849,259
3247,87,3200,849,259
3232,87,3201,849,256
3247,87,3201,849,259
3232,88,3200,849,256
3246,88,3200,849,259
3247,88,3200,849,259
3245,88,3201,256,259
3246,88,3201,849,259
3247,88,3201,849,259
3246,88,3202,256,259
3247,88,3202,256,259
3232,89,3200,849,256
3233,89,3200,849,256
3245,89,3200,256,259
3246,89,3200,849,259
3247,89,3200,849,259
3232,89,3201,849,256
3244,89,3201,256,259
3245,89,3201,256,259
3246,89,3201,256,259
3247,89,3201,849,259
3245,89,3202,256,259
3246,89,3202,256,259
3247,89,3202,256,259
3232,90,3200,849,256
3233,90,3200,849,256
3234,90,3200,849,256
3246,90,3200,256,259
3247,90,3200,849,259
3232,90,3201,849,256
3233,90,3201,849,256
3245,90,3201,256,259
3246,90,3201,256,259
3247,90,3201,256,259
3232,90,3202,849,256
3246,90,3202,256,259
3247,90,3202,256,259
3232,90,3203,259,256
3232,91,3200,849,256
3233,91,3200,849,256
3234,91,3200,849,256
3235,91,3200,849,256
3247,91,3200,256,259
3232,91,3201,849,256
3233,91,3201,849,256
3234,91,3201,849,256
3246,91,3201,256,259
3247,91,3201,256,259
3232,91,3202,849,256
3233,91,3202,849,256
3247,91,3202,256,259
3232,91,3203,849,256
3233,91,3203,259,256
3232,91,3204,259,256
3232,92,3200,849,256
3233,92,3200,849,256
3234,92,3200,849,256
3235,92,3200,849,256
3232,92,3201,849,256
3233,92,3201,849,256
3234,92,3201,849,256
3235,92,3201,849,256
3247,92,3201,256,259
3232,92,3202,849,256
3233,92,3202,849,256
3234,92,3202,849,256
3232,92,3203,849,256
3233,92,3203,849,256
3232,92,3204,849,256
3233,92,3204,259,256
3232,92,3205,259,256
3232,93,3200,849,256
3233,93,3200,849,256
3234,93,3200,849,256
3232,93,3201,849,256
3233,93,3201,849,256
3234,93,3201,849,256
3235,93,3201,849,256
3232,93,3202,849,256
3233,93,3202,849,256
3234,93,3202,849,256
3235,93,3202,849,256
3232,93,3203,849,256
3233,93,3203,849,256
3234,93,3203,849,256
3232,93,3204,849,256
3233,93,3204,849,256
3232,93,3205,849,256
3233,93,3205,259,256
3232,93,3206,259,256
3232,94,3200,849,256
3233,94,3200,849,256
3232,94,3201,849,256
3233,94,3201,849,256
3234,94,3201,849,256
3232,94,3202,849,256
3233,94,3202,849,256
3234,94,3202,849,256
3232,94,3203,849,256
3233,94,3203,849,256
3232,94,3204,849,256
3233,94,3204,259,256
3232,94,3205,259,256
3232,95,3200,849,256
3233,95,3200,849,256
3234,95,3200,849,256
3232,95,3201,849,256
3233,95,3201,849,256
3234,95,3201,849,256
3232,95,3202,849,256
3233,95,3202,849,256
3232,95,3203,849,256
3233,95,3203,259,256
3232,95,3204,259,256
3232,96,3200,849,256
3233,96,3200,849,256
3234,96,3200,849,256
3232,96,3201,849,256
3233,96,3201,849,256
3232,96,3202,849,256
3232,96,3203,259,256
3241,96,3215,256,849
3232,97,3200,849,256
3233,97,3200,849,256
3234,97,3200,849,256
3232,97,3201,849,256
3233,97,3201,849,256
3232,97,3202,849,256
3247,97,3203,849,256
3241,97,3214,256,849
3240,97,3215,256,849
3241,97,3215,256,849
3242,97,3215,256,849
3232,98,3200,849,256
3233,98,3200,849,256
3234,98,3200,849,256
3232,98,3201,849,256
3233,98,3201,849,256
3234,98,3201,849,256
3232,98,3202,849,259
3233,98,3202,849,256
3247,98,3202,849,256
3232,98,3203,849,256
3246,98,3203,849,256
3247,98,3203,849,256
3247,98,3204,849,256
3241,98,3213,256,849
3240,98,3214,256,849
3241,98,3214,256,849
3242,98,3214,256,849
3239,98,3215,256,849
3240,98,3215,256,849
3241,98,3215,256,849
3242,98,3215,256,849
3243,98,3215,256,849
3232,99,3200,849,256
3233,99,3200,849,256
3234,99,3200,849,256
3246,99,3200,849,256
3247,99,3200,849,256
3232,99,3201,849,259
3233,99,3201,849,256
3234,99,3201,849,256
3245,99,3201,849,256
3246,99,3201,849,256
3247,99,3201,849,256
3232,99,3202,849,259
3233,99,3202,849,259
3234,99,3202,849,256
3246,99,3202,849,256
3247,99,3202,849,256
3232,99,3203,849,259
3233,99,3203,849,256
3245,99,3203,849,256
3246,99,3203,849,256
3247,99,3203,849,256
3232,99,3204,849,256
3246,99,3204,849,256
3247,99,3204,849,256
3247,99,3205,849,256
3241,99,3214,256,849
3240,99,3215,256,849
3241,99,3215,256,849
3242,99,3215,256,849
3232,100,3200,849,256
3233,100,3200,849,256
3234,100,3200,849,256
3245,100,3200,849,256
3246,100,3200,849,256
3247,100,3200,849,256
3232,100,3201,849,256
3233,100,3201,849,256
3234,100,3201,849,256
3244,100,3201,849,256
3245,100,3201,849,256
3246,100,3201,849,256
3247,100,3201,849,256
3232,100,3202,849,259
3233,100,3202,849,256
3234,100,3202,849,256
3245,100,3202,849,256
3246,100,3202,849,256
3247,100,3202,849,256
3232,100,3203,849,256
3233,100,3203,849,256
3234,100,3203,849,256
3245,100,3203,849,256
3246,100,3203,849,256
3232,100,3204,849,256
3233,100,3204,849,256
3246,100,3204,849,256
3247,100,3204,849,256
3232,100,3205,849,256
3233,100,3205,849,256
3247,100,3205,849,256
3232,100,3206,849,256
3247,100,3206,849,256
3238,100,3215,256,849
3241,100,3215,256,849
3232,101,3200,33,849
3233,101,3200,33,849
3245,101,3200,849,256
3246,101,3200,849,256
3232,101,3201,33,849
3233,101,3201,849,256
3234,101,3201,849,256
3246,101,3201,849,256
3247,101,3201,849,256
3232,101,3202,849,256
3233,101,3202,849,256
3234,101,3202,849,256
3245,101,3202,849,256
3246,101,3202,849,256
3232,101,3203,849,256
3233,101,3203,849,256
3232,101,3204,849,256
3233,101,3204,849,256
3232,101,3205,849,256
3233,101,3205,849,256
3234,101,3205,849,256
3247,101,3205,849,256
3232,101,3206,849,256
3233,101,3206,849,256
3247,101,3206,849,256
3232,101,3207,849,259
3247,101,3207,849,256
3237,101,3215,256,849
3238,101,3215,256,849
3239,101,3215,256,849
3232,102,3200,0,607
3233,102,3200,0,259
3234,102,3200,849,607
3232,102,3201,0,259
3234,102,3201,849,256
3232,102,3203,849,256
3233,102,3203,849,256
3232,102,3204,849,256
3233,102,3204,849,256
3234,102,3204,849,256
3232,102,3205,849,256
3233,102,3205,849,256
3234,102,3205,849,256
3235,102,3205,849,256
3232,102,3206,849,256
3233,102,3206,849,256
3234,102,3206,849,256
3247,102,3206,849,256
3232,102,3207,849,259
3233,102,3207,849,259
3232,102,3208,849,259
3236,102,3215,256,849
3237,102,3215,256,849
3239,102,3215,256,849
3240,102,3215,256,849
3241,102,3215,849,259
3232,103,3200,0,607
3233,103,3200,0,259
3232,103,3201,0,259
3233,103,3203,849,256
3234,103,3203,849,256
3232,103,3204,849,256
3233,103,3204,849,256
3234,103,3204,849,256
3235,103,3204,849,256
3245,103,3204,256,849
3232,103,3205,849,256
3233,103,3205,849,256
3234,103,3205,849,256
3235,103,3205,849,256
3246,103,3205,256,849
3232,103,3206,849,256
3233,103,3206,849,256
3234,103,3206,849,256
3235,103,3206,849,259
3247,103,3206,256,849
3232,103,3207,849,259
3233,103,3207,849,259
3234,103,3207,849,259
3232,103,3208,849,259
3233,103,3208,849,259
3232,103,3209,849,259
3241,103,3214,849,259
3240,103,3215,849,259
3241,103,3215,849,259
3242,103,3215,849,259
3232,104,3201,0,259
3233,104,3203,849,256
3232,104,3204,849,256
3233,104,3204,849,256
3234,104,3204,849,256
3246,104,3204,256,849
3232,104,3205,849,256
3233,104,3205,849,256
3234,104,3205,849,256
3235,104,3205,849,259
3245,104,3205,256,849
3246,104,3205,256,849
3247,104,3205,256,849
3232,104,3206,849,256
3233,104,3206,849,256
3234,104,3206,849,259
3246,104,3206,256,849
3247,104,3206,256,849
3232,104,3207,849,259
3233,104,3207,849,259
3232,104,3208,849,259
3242,104,3214,849,259
3241,104,3215,849,259
3242,104,3215,849,259
3243,104,3215,849,259
3232,105,3201,0,162
3232,105,3204,849,256
3233,105,3204,849,256
3245,105,3204,256,849
3246,105,3204,256,849
3247,105,3204,256,849
3232,105,3205,849,33
3233,105,3205,849,256
3234,105,3205,849,259
3246,105,3205,256,849
3247,105,3205,256,849
3232,105,3206,849,256
3233,105,3206,849,259
3232,105,3207,849,259
3243,105,3214,256,259
3242,105,3215,849,259
3243,105,3215,256,259
3245,106,3203,256,849
3246,106,3204,256,849
3247,106,3204,256,849
3232,106,3205,849,256
3233,106,3205,849,259
3232,106,3206,849,256
3241,106,3215,849,259
3246,107,3203,256,849
3240,107,3215,256,259
3247,108,3203,259,849
3240,108,3214,256,259
3236,108,3215,849,256
3237,108,3215,849,256
3239,108,3215,849,259
3240,108,3215,849,259
3241,109,3214,256,259
3240,109,3215,256,259
3241,109,3215,256,259
3256,1,3200,259,258
3256,1,3201,259,258
3256,1,3203,259,257
3252,1,3204,259,258
3248,1,3213,259,258
3256,2,3200,259,258
3257,2,3200,259,258
3259,2,3200,259,258
3256,2,3201,259,258
3257,2,3202,259,257
3253,2,3204,259,257
3256,2,3204,259,257
3252,2,3205,259,257
3253,2,3205,259,257
3252,2,3206,259,258
3250,7,3200,256,259
3251,7,3200,256,259
3251,7,3201,256,259
3252,7,3201,256,259
3252,7,3202,256,259
3253,7,3202,256,259
3253,7,3203,256,259
3250,8,3200,256,259
3258,8,3200,256,259
3259,8,3200,256,259
3251,8,3201,256,259
3251,8,3202,256,259
3252,8,3202,256,259
3254,8,3202,256,259
3252,8,3203,256,259
3253,8,3203,256,259
3254,8,3203,256,259
3253,8,3204,256,259
3257,9,3200,256,259
3259,9,3200,256,259
3260,9,3200,256,259
3256,9,3201,256,259
3257,9,3201,256,259
3251,9,3202,256,259
3255,9,3202,256,259
3256,9,3202,256,259
3251,9,3203,256,259
3252,9,3203,256,259
3254,9,3203,256,259
3255,9,3203,256,259
3252,9,3204,256,259
3253,9,3204,256,259
3254,9,3204,256,259
3253,9,3205,256,259
3260,10,3200,256,259
3261,10,3200,256,259
3257,10,3201,256,259
3258,10,3201,256,259
3256,10,3202,256,259
3257,10,3202,256,259
3251,10,3203,256,259
3255,10,3203,256,259
3256,10,3203,256,259
3251,10,3204,256,259
3252,10,3204,256,259
3254,10,3204,256,259
3255,10,3204,256,259
3252,10,3205,256,259
3253,10,3205,256,259
3254,10,3205,256,259
3253,10,3206,256,259
3258,11,3201,256,259
3257,11,3202,256,259
3258,11,3202,256,259
3250,11,3203,256,259
3256,11,3203,256,259
3257,11,3203,256,259
3250,11,3204,256,259
3251,11,3204,256,259
3255,11,3204,256,259
3256,11,3204,256,259
3251,11,3205,849,259
3252,11,3205,256,259
3254,11,3205,256,259
3255,11,3205,256,259
3252,11,3206,849,259
3253,11,3206,256,259
3254,11,3206,256,259
3253,11,3207,849,259
3260,12,3200,259,256
3261,12,3200,259,256
3258,13,3201,259,256
3249,13,3202,259,256
3257,13,3202,259,256
3258,13,3202,259,256
3249,13,3203,259,256
3250,13,3203,259,256
3256,13,3203,259,256
3257,13,3203,259,256
3250,13,3204,259,849
3251,13,3204,259,849
3255,13,3204,259,256
3256,13,3204,259,256
3251,13,3205,259,849
3252,13,3205,259,849
3254,13,3205,259,256
3255,13,3205,259,256
3252,13,3206,259,849
3253,13,3206,259,849
3254,13,3206,259,849
3253,13,3207,259,849
3248,14,3200,259,256
3249,14,3201,259,256
3249,14,3202,259,256
3250,14,3202,259,256
3256,14,3202,259,256
3257,14,3202,259,256
3250,14,3203,259,849
3251,14,3203,259,849
3255,14,3203,259,256
3256,14,3203,259,256
3251,14,3204,259,849
3252,14,3204,259,849
3254,14,3204,259,256
3255,14,3204,259,256
3252,14,3205,259,849
3253,14,3205,259,849
3254,14,3205,259,849
3253,14,3206,259,849
3255,15,3202,259,417
3256,15,3202,259,256
3251,15,3203,259,849
3252,15,3203,259,849
3254,15,3203,259,256
3255,15,3203,259,256
3252,15,3204,259,849
3253,15,3204,259,849
3254,15,3204,259,849
3253,15,3205,259,849
3254,16,3202,259,417
3255,16,3202,259,417
3252,16,3203,259,849
3253,16,3203,259,256
3254,16,3203,259,256
3253,16,3204,259,849
3254,17,3202,259,256
3253,17,3203,259,256
3258,19,3200,849,258
3259,19,3200,849,258
3259,19,3201,259,257
3256,20,3200,849,258
3257,20,3200,849,258
3258,20,3200,849,258
3259,20,3200,849,258
3260,20,3200,849,258
3261,20,3200,849,258
3255,20,3201,258,849
3257,20,3201,849,258
3258,20,3201,259,257
3259,20,3201,259,257
3260,20,3201,259,257
3256,20,3203,259,257
3252,20,3204,849,258
3253,20,3204,259,257
3254,20,3204,259,257
3255,20,3204,259,257
3256,20,3204,259,257
3257,20,3204,259,257
3252,20,3205,259,257
3253,20,3205,259,257
3252,20,3206,849,258
3253,20,3206,259,257
3252,20,3207,849,258
3253,20,3207,259,257
3252,20,3208,849,258
3253,20,3208,259,257
3252,20,3209,849,258
3253,20,3209,849,258
3252,20,3210,849,258
3253,20,3210,849,258
3252,20,3211,849,258
3253,20,3211,849,258
3251,20,3212,849,258
3252,20,3212,849,258
3253,20,3212,849,258
3255,21,3200,258,849
3258,21,3200,849,258
3259,21,3200,849,258
3260,21,3200,849,258
3261,21,3200,849,258
3255,21,3201,258,849
3259,21,3201,259,257
3260,21,3201,259,257
3255,21,3202,257,259
3252,21,3204,849,258
3253,21,3204,259,257
3254,21,3204,259,257
3252,21,3205,259,257
3253,21,3205,259,257
3252,21,3206,849,258
3252,21,3207,849,258
3253,21,3207,259,257
3252,21,3208,849,258
3253,21,3208,259,257
3252,21,3209,849,258
3253,21,3209,849,258
3252,21,3210,849,258
3252,21,3211,849,258
3248,21,3212,849,258
3248,21,3213,849,258
3248,21,3215,849,258
3255,22,3200,258,849
3259,22,3200,849,258
3260,22,3200,849,258
3261,22,3200,849,258
3255,22,3201,258,849
3255,22,3202,257,259
3252,22,3204,849,258
3253,22,3204,259,257
3254,22,3204,259,257
3252,22,3205,259,257
3253,22,3205,259,257
3252,22,3206,849,258
3252,22,3207,849,258
3252,22,3208,849,258
3253,22,3208,259,257
3252,22,3209,849,258
3252,22,3210,849,258
3248,22,3212,849,258
3248,22,3213,849,258
3248,22,3214,849,258
3248,22,3215,849,258
3255,23,3202,33,259
3253,23,3204,259,33
3254,23,3204,259,33
3252,23,3205,259,33
3253,23,3205,259,33
3253,23,3208,259,33
3248,23,3212,849,258
3248,23,3213,849,258
3248,23,3214,849,258
3248,23,3215,849,258
3250,24,3200,33,259
3248,24,3201,33,259
3249,24,3201,33,259
3250,24,3201,33,259
3249,24,3202,33,259
3253,24,3204,259,33
3254,24,3204,259,33
3252,24,3205,259,33
3253,24,3205,259,33
3253,24,3208,259,33
3250,25,3200,33,259
3249,25,3201,33,259
3252,25,3205,259,33
3253,25,3205,259,33
3251,33,3212,259,258
3248,34,3212,259,258
3249,34,3212,259,258
3250,34,3212,259,258
3251,34,3212,259,258
3252,34,3212,259,258
3250,34,3213,259,258
3251,34,3213,259,258
3256,35,3200,259,258
3257,35,3200,259,258
3256,35,3201,259,258
3255,35,3203,257,259
3252,35,3204,259,258
3252,35,3207,259,258
3252,35,3208,259,258
3252,35,3209,259,258
3252,35,3210,259,258
3252,35,3211,259,258
3248,35,3212,259,258
3249,35,3212,259,258
3250,35,3212,259,258
3251,35,3212,259,258
3252,35,3212,259,258
3248,35,3213,259,258
3249,35,3213,259,258
3250,35,3213,259,258
3251,35,3213,259,258
3248,35,3214,259,258
3249,35,3214,259,258
3248,35,3215,259,258
3256,36,3200,259,258
3257,36,3200,259,258
3256,36,3201,259,258
3255,36,3203,257,259
3252,36,3204,259,258
3253,36,3204,259,257
3252,36,3205,259,257
3253,36,3205,259,257
3252,36,3206,259,258
3253,36,3206,259,257
3252,36,3207,259,258
3253,36,3207,259,257
3252,36,3208,259,258
3253,36,3208,259,257
3252,36,3209,259,258
3252,36,3210,259,258
3248,36,3212,259,258
3249,36,3212,259,258
3250,36,3212,259,258
3248,36,3213,259,258
3256,37,3200,259,258
3256,37,3201,259,258
3256,37,3202,259,257
3252,37,3204,259,258
3253,37,3204,259,257
3254,37,3204,259,257
3252,37,3205,259,257
3253,37,3205,259,257
3248,38,3200,259,849
3248,39,3200,259,849
3249,39,3200,259,849
3248,40,3200,259,849
3249,40,3200,259,849
3250,40,3200,259,849
3249,41,3200,259,849
3250,41,3200,259,849
3251,41,3200,259,849
3250,42,3200,259,849
3253,66,3200,256,849
3254,66,3200,256,849
3255,66,3200,256,849
3256,66,3200,256,849
3257,66,3200,256,849
3254,66,3201,256,849
3255,66,3201,256,849
3256,66,3201,256,849
3257,66,3201,256,849
3258,66,3201,256,849
3255,66,3202,256,849
3256,66,3202,256,849
3257,66,3202,256,849
3255,66,3203,256,849
3256,66,3203,256,849
3255,66,3204,256,849
3252,67,3200,256,849
3253,67,3200,256,849
3254,67,3200,256,849
3255,67,3200,256,849
3256,67,3200,256,849
3257,67,3200,256,849
3258,67,3200,256,849
3253,67,3201,256,849
3254,67,3201,256,849
3255,67,3201,256,849
3256,67,3201,256,849
3257,67,3201,256,849
3258,67,3201,256,849
3259,67,3201,256,849
3254,67,3202,256,849
3255,67,3202,256,849
3256,67,3202,256,849
3257,67,3202,256,849
3258,67,3202,256,849
3255,67,3203,256,849
3256,67,3203,256,849
3257,67,3203,256,849
3254,67,3204,256,849
3255,67,3204,256,849
3256,67,3204,256,849
3255,67,3205,256,849
3251,68,3200,256,849
3252,68,3200,256,849
3253,68,3200,256,849
3254,68,3200,256,849
3255,68,3200,256,849
3256,68,3200,256,849
3257,68,3200,256,849
3258,68,3200,256,849
3260,68,3200,256,259
3252,68,3201,256,849
3253,68,3201,256,849
3254,68,3201,256,849
3255,68,3201,256,849
3256,68,3201,256,849
3257,68,3201,256,849
3258,68,3201,256,849
3259,68,3201,256,849
3260,68,3201,256,849
3253,68,3202,256,849
3254,68,3202,256,849
3255,68,3202,256,849
3256,68,3202,256,849
3257,68,3202,256,849
3258,68,3202,256,849
3259,68,3202,256,849
3254,68,3203,256,849
3255,68,3203,256,849
3256,68,3203,256,849
3257,68,3203,256,849
3258,68,3203,256,849
3253,68,3204,256,849
3254,68,3204,256,849
3255,68,3204,256,849
3256,68,3204,256,849
3257,68,3204,256,849
3254,68,3205,256,849
3255,68,3205,256,849
3256,68,3205,256,849
3255,68,3206,256,849
3253,69,3200,256,849
3254,69,3200,256,849
3255,69,3200,256,849
3256,69,3200,256,849
3257,69,3200,256,849
3259,69,3200,849,259
3260,69,3200,849,259
3261,69,3200,256,259
3254,69,3201,256,849
3255,69,3201,256,849
3256,69,3201,256,849
3257,69,3201,417,849
3258,69,3201,417,849
3260,69,3201,256,259
3261,69,3201,256,849
3255,69,3202,256,849
3256,69,3202,417,849
3257,69,3202,417,849
3258,69,3202,417,849
3259,69,3202,256,849
3260,69,3202,256,849
3254,69,3203,256,849
3255,69,3203,256,849
3256,69,3203,417,849
3257,69,3203,417,849
3258,69,3203,256,849
3259,69,3203,256,849
3253,69,3204,256,849
3254,69,3204,256,849
3255,69,3204,256,849
3256,69,3204,256,849
3257,69,3204,256,849
3258,69,3204,256,849
3253,69,3205,256,849
3254,69,3205,256,849
3255,69,3205,256,849
3256,69,3205,256,849
3257,69,3205,256,849
3254,69,3206,256,849
3255,69,3206,256,849
3256,69,3206,256,849
3255,69,3207,256,849
3254,70,3200,256,849
3255,70,3200,256,849
3256,70,3200,256,849
3258,70,3200,849,259
3259,70,3200,849,259
3260,70,3200,849,259
3261,70,3200,849,259
3262,70,3200,256,259
3255,70,3201,256,849
3256,70,3201,256,849
3257,70,3201,417,849
3259,70,3201,849,259
3260,70,3201,849,259
3261,70,3201,256,259
3262,70,3201,256,849
3256,70,3202,417,849
3257,70,3202,417,849
3258,70,3202,417,849
3260,70,3202,256,259
3261,70,3202,256,849
3255,70,3203,256,849
3256,70,3203,417,849
3257,70,3203,417,849
3258,70,3203,256,849
3259,70,3203,256,849
3260,70,3203,256,849
3254,70,3204,256,849
3255,70,3204,256,849
3256,70,3204,256,849
3257,70,3204,256,849
3258,70,3204,256,849
3259,70,3204,256,849
3253,70,3205,256,849
3254,70,3205,256,849
3255,70,3205,256,849
3256,70,3205,256,849
3257,70,3205,256,849
3258,70,3205,256,849
3254,70,3206,256,849
3255,70,3206,256,849
3256,70,3206,256,849
3257,70,3206,256,849
3255,70,3207,256,849
3256,70,3207,256,849
3255,70,3208,256,849
3255,71,3200,259,849
3257,71,3200,849,259
3258,71,3200,849,259
3259,71,3200,849,259
3260,71,3200,849,259
3261,71,3200,849,259
3262,71,3200,849,259
3263,71,3200,256,259
3256,71,3201,259,849
3258,71,3201,849,259
3259,71,3201,849,259
3260,71,3201,849,259
3261,71,3201,849,259
3262,71,3201,256,259
3257,71,3202,259,849
3259,71,3202,849,259
3260,71,3202,849,259
3261,71,3202,256,259
3256,71,3203,259,849
3257,71,3203,259,849
3258,71,3203,259,849
3260,71,3203,256,259
3255,71,3204,256,849
3256,71,3204,256,849
3257,71,3204,259,849
3258,71,3204,256,849
3254,71,3205,256,849
3255,71,3205,256,849
3256,71,3205,256,849
3257,71,3205,256,849
3255,71,3206,256,849
3256,71,3206,256,849
3257,72,3200,849,259
3258,72,3200,849,259
3259,72,3200,849,259
3260,72,3200,849,259
3261,72,3200,849,259
3258,72,3201,849,259
3259,72,3201,849,259
3260,72,3201,849,259
3259,72,3202,849,259
3259,72,3203,259,256
3256,72,3204,259,849
3258,72,3204,259,256
3255,72,3205,256,849
3256,72,3205,256,849
3257,72,3205,259,256
3258,73,3200,849,259
3259,73,3200,849,259
3260,73,3200,849,259
3263,73,3200,259,256
3259,73,3201,849,259
3262,73,3201,259,256
3261,73,3202,259,256
3260,73,3203,259,256
3259,73,3204,259,256
3256,73,3205,259,256
3258,73,3205,259,256
3260,74,3200,417,259
3263,74,3201,259,256
3262,74,3202,259,256
3261,74,3203,259,256
3260,74,3204,259,256
3255,74,3205,259,256
3259,74,3205,259,256
3258,75,3200,259,849
3259,75,3200,417,849
3260,75,3200,417,849
3259,75,3201,259,849
3263,75,3201,256,259
3262,75,3202,256,259
3261,75,3203,256,259
3260,75,3204,256,259
3255,75,3205,256,259
3259,75,3205,256,259
3257,76,3200,259,849
3258,76,3200,259,849
3259,76,3200,259,849
3260,76,3200,259,849
3261,76,3200,259,849
3263,76,3200,256,259
3258,76,3201,259,849
3259,76,3201,259,849
3260,76,3201,259,849
3262,76,3201,256,259
3259,76,3202,259,849
3261,76,3202,256,259
3260,76,3203,256,259
3255,76,3204,256,259
3259,76,3204,256,259
3256,76,3205,256,259
3258,76,3205,256,259
3258,77,3200,259,849
3259,77,3200,259,849
3260,77,3200,259,849
3261,77,3200,259,849
3262,77,3200,256,849
3257,77,3201,259,849
3258,77,3201,259,849
3259,77,3201,259,849
3260,77,3201,259,849
3261,77,3201,256,849
3258,77,3202,259,849
3259,77,3202,259,849
3260,77,3202,256,849
3255,77,3203,256,259
3259,77,3203,256,849
3256,77,3204,256,259
3258,77,3204,256,259
3257,77,3205,256,259
3259,78,3200,256,849
3260,78,3200,256,849
3261,78,3200,256,849
3258,78,3201,256,849
3259,78,3201,256,849
3260,78,3201,256,849
3257,78,3202,256,259
3258,78,3202,256,259
3259,78,3202,256,849
3256,78,3203,256,259
3257,78,3203,256,259
3258,78,3203,256,259
3257,78,3204,256,259
3260,79,3200,256,849
3259,79,3201,256,849
3248,80,3200,259,849
3249,80,3200,259,849
3250,80,3200,259,849
3259,80,3200,256,849
3249,80,3201,259,849
3248,81,3200,259,849
3249,81,3200,259,849
3250,81,3200,259,849
3251,81,3200,259,849
3249,81,3201,259,849
3250,81,3201,259,849
3249,82,3200,259,849
3250,82,3200,259,849
3251,82,3200,259,849
3252,82,3200,259,849
3250,82,3201,259,849
3251,82,3201,259,849
3253,82,3201,259,256
3252,82,3202,259,849
3250,83,3200,259,849
3251,83,3200,259,849
3252,83,3200,259,849
3251,83,3201,259,849
3252,83,3201,259,849
3253,83,3201,259,256
3252,83,3202,259,849
3253,83,3202,259,256
3251,84,3200,259,849
3250,84,3201,259,849
3251,84,3201,259,849
3252,84,3201,259,256
3251,84,3202,259,256
3252,84,3202,259,256
3253,84,3202,259,256
3253,84,3203,259,256
3248,85,3200,849,259
3249,85,3200,849,259
3250,85,3200,849,259
3252,85,3200,259,256
3249,85,3201,849,259
3251,85,3201,259,256
3252,85,3201,259,256
3253,85,3201,259,256
3250,85,3202,259,256
3251,85,3202,259,256
3253,85,3202,259,256
3254,85,3202,259,256
3254,85,3203,259,256
3248,86,3200,849,259
3249,86,3200,849,259
3250,86,3200,849,259
3251,86,3200,849,259
3248,86,3201,849,259
3249,86,3201,849,259
3250,86,3201,849,259
3248,87,3200,849,259
3249,87,3200,849,259
3250,87,3200,849,259
3251,87,3200,849,259
3252,87,3200,849,259
3253,87,3200,259,849
3254,87,3200,259,849
3248,87,3201,849,259
3249,87,3201,849,259
3250,87,3201,849,259
3251,87,3201,849,259
3254,87,3201,259,849
3248,88,3200,849,259
3249,88,3200,849,259
3250,88,3200,849,259
3254,88,3200,259,849
3255,88,3200,259,849
3256,88,3200,259,849
3248,88,3201,849,259
3249,88,3201,849,259
3250,88,3201,849,259
3251,88,3201,849,259
3252,88,3201,849,259
3253,88,3201,259,849
3255,88,3201,259,849
3255,88,3202,849,256
3255,88,3203,849,256
3256,88,3203,849,256
3256,88,3204,849,256
3248,89,3200,849,259
3249,89,3200,849,259
3255,89,3200,259,849
3256,89,3200,259,849
3257,89,3200,259,849
3248,89,3201,849,259
3249,89,3201,849,259
3250,89,3201,849,259
3256,89,3201,259,849
3248,89,3202,256,259
3249,89,3202,256,259
3250,89,3202,256,259
3251,89,3202,849,259
3256,89,3202,849,256
3250,89,3203,256,259
3254,89,3203,849,259
3255,89,3203,849,256
3256,89,3203,849,256
3257,89,3203,849,256
3255,89,3204,849,256
3256,89,3204,849,256
3257,89,3204,849,256
3256,89,3205,849,256
3248,90,3200,849,259
3256,90,3200,259,849
3248,90,3201,849,259
3249,90,3201,849,259
3257,90,3201,259,849
3260,90,3201,849,256
3261,90,3201,849,256
3248,90,3202,256,259
3249,90,3202,256,259
3250,90,3202,849,259
3257,90,3202,849,256
3259,90,3202,849,256
3260,90,3202,849,256
3249,90,3203,256,259
3251,90,3203,849,259
3253,90,3203,849,259
3254,90,3203,849,256
3255,90,3203,849,256
3256,90,3203,849,256
3257,90,3203,849,256
3258,90,3203,849,256
3259,90,3203,849,256
3254,90,3204,849,256
3255,90,3204,849,256
3256,90,3204,849,256
3257,90,3204,849,256
3258,90,3204,849,256
3255,90,3205,849,256
3256,90,3205,849,256
3257,90,3205,849,256
3256,90,3206,849,256
3255,90,3207,849,256
3257,91,3200,259,849
3260,91,3200,849,258
3248,91,3201,849,259
3257,91,3201,849,256
3259,91,3201,849,256
3260,91,3201,259,257
3248,91,3202,256,259
3249,91,3202,849,259
3256,91,3202,849,256
3257,91,3202,849,256
3258,91,3202,849,256
3259,91,3202,849,256
3260,91,3202,849,256
3248,91,3203,256,259
3252,91,3203,849,259
3253,91,3203,849,256
3254,91,3203,849,256
3255,91,3203,849,256
3256,91,3203,849,256
3257,91,3203,849,256
3258,91,3203,849,256
3259,91,3203,849,256
3260,91,3203,849,256
3253,91,3204,849,256
3254,91,3204,849,256
3255,91,3204,849,256
3256,91,3204,849,256
3257,91,3204,849,256
3258,91,3204,849,256
3259,91,3204,849,256
3254,91,3205,849,256
3255,91,3205,849,256
3256,91,3205,849,256
3257,91,3205,849,256
3258,91,3205,849,256
3255,91,3206,849,256
3256,91,3206,849,256
3257,91,3206,849,256
3256,91,3207,849,256
3257,92,3200,849,256
3258,92,3200,849,256
3260,92,3200,849,258
3256,92,3201,849,256
3257,92,3201,849,256
3258,92,3201,849,256
3259,92,3201,849,256
3260,92,3201,259,257
3248,92,3202,256,259
3255,92,3202,849,256
3256,92,3202,849,256
3257,92,3202,849,256
3258,92,3202,849,256
3259,92,3202,849,256
3253,92,3203,849,256
3254,92,3203,849,256
3255,92,3203,849,256
3256,92,3203,849,256
3257,92,3203,849,256
3258,92,3203,849,256
3259,92,3203,849,256
3254,92,3204,849,256
3255,92,3204,849,256
3256,92,3204,849,256
3257,92,3204,849,256
3258,92,3204,849,256
3255,92,3205,849,256
3256,92,3205,849,256
3257,92,3205,849,256
3256,92,3206,849,256
3256,93,3200,849,256
3257,93,3200,849,256
3258,93,3200,849,256
3259,93,3200,849,256
3260,93,3200,849,258
3256,93,3201,849,256
3257,93,3201,849,256
3258,93,3201,849,256
3259,93,3201,849,256
3255,93,3202,849,256
3256,93,3202,259,256
3257,93,3202,849,256
3258,93,3202,849,256
3259,93,3202,849,256
3252,93,3203,849,256
3253,93,3203,849,256
3254,93,3203,849,256
3255,93,3203,849,256
3256,93,3203,849,256
3257,93,3203,849,256
3258,93,3203,849,256
3253,93,3204,849,256
3254,93,3204,849,256
3255,93,3204,849,256
3256,93,3204,849,256
3257,93,3204,849,256
3254,93,3205,849,256
3255,93,3205,849,256
3256,93,3205,849,256
3255,93,3206,849,256
3256,94,3200,849,256
3257,94,3200,849,256
3258,94,3200,849,256
3256,94,3201,259,256
3257,94,3201,849,256
3258,94,3201,849,256
3259,94,3201,849,256
3257,94,3202,259,256
3258,94,3202,849,256
3253,94,3203,849,256
3254,94,3203,849,256
3255,94,3203,849,256
3256,94,3203,259,256
3257,94,3203,849,256
3254,94,3204,849,256
3255,94,3204,849,256
3256,94,3204,849,256
3255,94,3205,849,256
3256,95,3200,259,256
3257,95,3200,849,256
3257,95,3201,259,256
3258,95,3201,849,256
3258,95,3202,259,256
3249,95,3203,849,256
3250,95,3203,849,256
3251,95,3203,849,256
3254,95,3203,849,256
3255,95,3203,259,256
3257,95,3203,259,256
3255,95,3204,849,256
3256,95,3204,259,256
3257,96,3200,259,256
3258,96,3201,259,256
3259,96,3202,259,256
3248,96,3203,849,256
3249,96,3203,849,256
3250,96,3203,849,256
3251,96,3203,849,256
3252,96,3203,849,256
3254,96,3203,259,256
3258,96,3203,259,256
3249,96,3204,849,256
3250,96,3204,849,256
3251,96,3204,849,256
3255,96,3204,259,256
3257,96,3204,259,256
3256,96,3205,259,256
3255,97,3200,849,259
3258,97,3200,259,256
3254,97,3201,849,259
3259,97,3201,259,256
3248,97,3202,849,256
3249,97,3202,849,256
3248,97,3203,849,256
3249,97,3203,849,256
3251,97,3203,849,256
3252,97,3203,849,256
3253,97,3203,259,256
3259,97,3203,259,256
3248,97,3204,849,256
3249,97,3204,849,256
3250,97,3204,849,256
3251,97,3204,849,256
3252,97,3204,849,256
3254,97,3204,259,256
3258,97,3204,259,256
3249,97,3205,849,256
3250,97,3205,849,256
3251,97,3205,849,256
3255,97,3205,259,45
3257,97,3205,259,256
3256,97,3206,259,256
3254,98,3200,849,259
3255,98,3200,849,259
3256,98,3200,849,259
3259,98,3200,259,256
3248,98,3201,849,256
3249,98,3201,849,256
3253,98,3201,849,259
3254,98,3201,849,259
3255,98,3201,849,259
3248,98,3202,849,256
3249,98,3202,849,256
3254,98,3202,849,259
3248,98,3203,849,256
3252,98,3203,259,256
3248,98,3204,849,256
3249,98,3204,849,256
3251,98,3204,849,256
3252,98,3204,849,256
3253,98,3204,259,256
3259,98,3204,259,256
3248,98,3205,849,256
3249,98,3205,849,256
3250,98,3205,849,256
3251,98,3205,849,256
3252,98,3205,849,256
3254,98,3205,259,256
3258,98,3205,259,256
3255,98,3206,259,256
3257,98,3206,259,45
3256,98,3207,259,256
3248,99,3200,849,256
3254,99,3200,849,259
3255,99,3200,849,259
3256,99,3200,849,259
3257,99,3200,849,259
3248,99,3201,849,256
3249,99,3201,849,256
3253,99,3201,849,259
3254,99,3201,849,259
3255,99,3201,849,259
3256,99,3201,849,259
3248,99,3202,849,256
3251,99,3202,259,849
3253,99,3202,849,259
3254,99,3202,849,259
3255,99,3202,849,259
3251,99,3203,259,849
3248,99,3204,849,256
3252,99,3204,259,256
3248,99,3205,849,256
3249,99,3205,849,256
3251,99,3205,849,256
3252,99,3205,849,256
3253,99,3205,259,256
3259,99,3205,259,256
3248,99,3206,849,256
3249,99,3206,849,256
3254,99,3206,259,256
3258,99,3206,259,256
3255,99,3207,259,256
3257,99,3207,259,256
3255,100,3200,849,259
3256,100,3200,849,259
3248,100,3201,849,256
3254,100,3201,849,259
3255,100,3201,849,259
3256,100,3201,849,259
3257,100,3201,849,259
3251,100,3202,259,849
3253,100,3202,849,259
3254,100,3202,849,259
3255,100,3202,849,259
3256,100,3202,849,259
3252,100,3204,849,259
3248,100,3205,849,256
3252,100,3205,849,256
3253,100,3205,849,259
3259,100,3205,256,259
3248,100,3206,849,256
3249,100,3206,849,256
3252,100,3206,849,256
3253,100,3206,849,256
3254,100,3206,256,259
3258,100,3206,256,259
3248,100,3207,849,256
3255,100,3207,256,259
3257,100,3207,256,259
3256,101,3200,849,259
3257,101,3200,849,259
3259,101,3200,256,259
3255,101,3201,849,259
3256,101,3201,849,259
3260,101,3201,256,259
3252,101,3202,259,849
3254,101,3202,849,259
3255,101,3202,849,259
3261,101,3202,256,259
3260,101,3203,256,259
3253,101,3204,849,259
3259,101,3204,256,259
3253,101,3205,849,256
3254,101,3205,849,259
3258,101,3205,256,259
3248,101,3206,849,256
3252,101,3206,849,256
3253,101,3206,849,256
3254,101,3206,849,256
3255,101,3206,256,259
3257,101,3206,256,259
3253,101,3207,849,256
3256,101,3207,256,259
3258,102,3200,256,259
3259,102,3201,256,259
3253,102,3202,259,849
3260,102,3202,256,259
3259,102,3203,256,259
3254,102,3204,849,259
3258,102,3204,256,259
3254,102,3205,849,256
3255,102,3205,256,259
3257,102,3205,256,259
3253,102,3206,849,256
3256,102,3206,256,259
3257,103,3200,256,259
3258,103,3201,256,259
3259,103,3202,256,259
3254,103,3203,849,259
3258,103,3203,256,259
3255,103,3204,256,259
3257,103,3204,256,259
3254,103,3205,256,849
3256,103,3205,256,259
3253,103,3206,256,849
3256,104,3200,849,259
3255,104,3201,849,259
3257,104,3201,849,259
3254,104,3202,849,259
3258,104,3202,256,259
3255,104,3203,849,259
3257,104,3203,256,259
3254,104,3204,256,849
3256,104,3204,256,259
3253,104,3205,256,849
3254,104,3205,256,849
3255,104,3205,256,849
3253,104,3206,256,849
3254,104,3206,256,849
3252,104,3207,256,849
3253,104,3207,256,849
3256,105,3201,849,259
3255,105,3202,849,259
3257,105,3202,849,259
3250,105,3203,849,259
3256,105,3203,849,259
3253,105,3204,256,849
3253,105,3205,256,849
3254,105,3205,256,849
3256,106,3202,849,259
3251,106,3203,849,259
3248,107,3203,259,849
3249,107,3203,259,849
3252,107,3203,849,259
3248,108,3202,259,849
3249,108,3202,259,849
3252,108,3202,849,259
3248,108,3203,259,849
3249,108,3203,259,849
3250,108,3203,259,849
3251,108,3203,849,259
3249,109,3202,259,849
3250,109,3202,259,849
3251,109,3202,849,259
3248,109,3203,259,849
3249,109,3203,259,849
3249,111,3200,256,849
3250,111,3200,256,849
3251,111,3200,849,256
3260,116,3200,259,256
3259,117,3200,259,256
3260,117,3200,259,256
3261,117,3200,259,256
3260,117,3201,259,256
3258,118,3200,259,256
3259,118,3200,259,256
3260,118,3200,259,256
3261,118,3200,259,256
3262,118,3200,259,256
3259,118,3201,259,256
3260,118,3201,259,256
3261,118,3201,259,256
3260,118,3202,259,256
3257,119,3200,259,256
3258,119,3200,259,256
3259,119,3200,259,256
3260,119,3200,259,256
3261,119,3200,259,256
3262,119,3200,259,256
3263,119,3200,259,256
3258,119,3201,259,256
3259,119,3201,259,256
3260,119,3201,259,256
3261,119,3201,259,256
3262,119,3201,259,256
3259,119,3202,259,256
3260,119,3202,259,256
3261,119,3202,259,256
3260,119,3203,259,256
3256,120,3200,259,256
3257,120,3200,259,256
3258,120,3200,259,256
3259,120,3200,259,256
3260,120,3200,259,256
3261,120,3200,259,256
3262,120,3200,259,256
3263,120,3200,259,256
3257,120,3201,259,256
3258,120,3201,259,256
3259,120,3201,259,256
3260,120,3201,259,256
3261,120,3201,259,256
3262,120,3201,259,256
3263,120,3201,259,256
3258,120,3202,259,256
3259,120,3202,259,256
3260,120,3202,259,256
3261,120,3202,259,256
3262,120,3202,259,256
3259,120,3203,259,256
3260,120,3203,259,256
3261,120,3203,259,256
3260,120,3204,259,256
3255,121,3200,259,256
3256,121,3200,259,256
3257,121,3200,259,256
3258,121,3200,259,256
3259,121,3200,259,256
3260,121,3200,259,256
3261,121,3200,259,256
3262,121,3200,259,256
3263,121,3200,259,256
3256,121,3201,259,256
3257,121,3201,259,256
3258,121,3201,259,256
3259,121,3201,259,256
3260,121,3201,259,256
3261,121,3201,259,256
3262,121,3201,259,256
3263,121,3201,259,256
3257,121,3202,259,256
3258,121,3202,259,256
3259,121,3202,259,256
3260,121,3202,259,256
3261,121,3202,259,256
3262,121,3202,259,256
3263,121,3202,259,256
3258,121,3203,259,256
3259,121,3203,259,256
3260,121,3203,259,256
3261,121,3203,259,256
3262,121,3203,259,256
3259,121,3204,259,256
3260,121,3204,259,256
3261,121,3204,259,256
3260,121,3205,259,256
3254,122,3200,259,849
3255,122,3200,259,256
3256,122,3200,259,256
3257,122,3200,259,256
3258,122,3200,259,256
3259,122,3200,259,256
3260,122,3200,259,256
3261,122,3200,259,256
3262,122,3200,259,256
3263,122,3200,259,256
3255,122,3201,259,849
3256,122,3201,259,256
3257,122,3201,259,256
3258,122,3201,259,256
3259,122,3201,259,256
3260,122,3201,259,256
3261,122,3201,259,256
3262,122,3201,259,256
3263,122,3201,259,256
3256,122,3202,259,849
3257,122,3202,259,256
3258,122,3202,259,256
3259,122,3202,259,256
3260,122,3202,259,256
3261,122,3202,259,256
3262,122,3202,259,256
3263,122,3202,259,256
3257,122,3203,259,849
3258,122,3203,259,256
3259,122,3203,259,256
3260,122,3203,259,256
3261,122,3203,259,256
3262,122,3203,259,256
3263,122,3203,259,256
3258,122,3204,259,256
3259,122,3204,259,256
3260,122,3204,259,256
3261,122,3204,259,256
3262,122,3204,259,256
3259,122,3205,259,256
3260,122,3205,259,256
3261,122,3205,259,256
3260,122,3206,259,256
3256,123,3200,259,256
3257,123,3200,259,256
3258,123,3200,259,256
3260,123,3200,259,256
3261,123,3200,259,256
3262,123,3200,259,256
3263,123,3200,259,256
3256,123,3201,259,849
3257,123,3201,259,256
3258,123,3201,259,256
3259,123,3201,259,256
3261,123,3201,259,256
3262,123,3201,259,256
3263,123,3201,259,256
3257,123,3202,259,849
3258,123,3202,259,256
3259,123,3202,259,256
3260,123,3202,259,256
3262,123,3202,259,256
3263,123,3202,259,256
3259,123,3203,259,256
3260,123,3203,259,256
3261,123,3203,259,256
3259,123,3204,259,256
3260,123,3204,259,256
3261,123,3204,259,256
3260,123,3205,259,256
3256,124,3200,259,256
3257,124,3200,259,256
3259,124,3200,259,256
3261,124,3200,259,256
3263,124,3200,259,256
3260,124,3201,259,256
3261,124,3201,259,256
3263,124,3201,259,256
3258,124,3202,259,256
3262,124,3202,259,256
3259,124,3203,259,256
3261,124,3203,259,256
3260,124,3204,259,256
3258,125,3200,259,256
3262,125,3200,259,256
3259,125,3201,259,256
3260,125,3201,259,256
3260,125,3202,259,256
3260,126,3200,259,256
3259,126,3201,259,256
3260,126,3201,259,256
3201,1,3216,256,259
3203,1,3219,259,256
3209,2,3216,259,256
3215,2,3217,256,259
3215,2,3218,256,259
3210,2,3221,259,256
3210,2,3223,259,256
3211,2,3223,256,259
3204,2,3224,849,259
3209,2,3224,259,256
3210,2,3224,849,256
3203,2,3225,849,259
3206,2,3225,849,259
3207,2,3225,849,259
3208,2,3225,849,256
3209,2,3225,849,256
3200,2,3226,849,259
3201,2,3226,849,259
3202,2,3226,849,259
3203,2,3226,849,259
3204,2,3226,849,259
3206,2,3226,849,259
3207,2,3226,849,259
3201,2,3227,849,256
3205,2,3227,849,259
3212,3,3222,256,259
3204,3,3224,849,259
3202,3,3225,849,259
3203,3,3225,849,259
3205,3,3225,849,259
3206,3,3225,849,259
3207,3,3225,849,259
3208,3,3225,849,259
3201,3,3226,849,259
3202,3,3226,849,259
3203,3,3226,849,259
3204,3,3226,849,259
3205,3,3226,849,259
3206,3,3226,849,259
3205,3,3228,849,259
3200,3,3230,259,849
3207,3,3230,849,259
3215,3,3230,256,849
3200,3,3231,259,849
3201,3,3231,259,849
3206,3,3231,849,259
3207,3,3231,849,259
3202,4,3220,849,259
3203,4,3221,849,259
3203,4,3223,849,259
3204,4,3223,849,259
3205,4,3223,849,259
3209,4,3223,849,259
3202,4,3224,849,259
3203,4,3224,849,259
3204,4,3224,849,259
3205,4,3224,849,259
3206,4,3224,849,259
3208,4,3224,849,259
3201,4,3225,849,259
3202,4,3225,849,259
3203,4,3225,849,259
3204,4,3225,849,259
3205,4,3225,849,259
3207,4,3225,849,259
3202,4,3226,849,259
3203,4,3226,849,259
3204,4,3226,849,259
3205,4,3226,849,259
3206,4,3226,849,259
3204,4,3227,849,259
3205,4,3227,849,259
3205,4,3228,259,849
3206,4,3229,259,849
3215,4,3229,259,849
3201,4,3230,259,849
3207,4,3230,259,849
3215,4,3230,259,849
3200,4,3231,259,849
3201,4,3231,259,849
3202,4,3231,259,849
3215,4,3231,256,849
3203,5,3220,849,259
3203,5,3221,849,259
3204,5,3221,849,259
3204,5,3222,849,259
3205,5,3222,849,259
3203,5,3223,849,259
3204,5,3223,849,259
3205,5,3223,849,259
3206,5,3223,849,259
3208,5,3223,849,259
3202,5,3224,849,259
3203,5,3224,849,259
3204,5,3224,849,259
3205,5,3224,849,259
3206,5,3224,849,259
3207,5,3224,849,259
3202,5,3225,849,259
3203,5,3225,849,259
3204,5,3225,849,259
3205,5,3225,849,259
3206,5,3225,849,259
3203,5,3226,849,259
3204,5,3226,849,259
3205,5,3226,849,259
3204,5,3227,256,259
3203,5,3228,849,259
3215,5,3228,259,849
3203,5,3229,849,259
3205,5,3229,259,849
3215,5,3229,259,849
3206,5,3230,259,849
3215,5,3230,259,849
3200,5,3231,259,849
3201,5,3231,259,849
3207,5,3231,259,849
3215,5,3231,259,849
3204,6,3223,849,259
3205,6,3223,849,259
3206,6,3223,849,259
3207,6,3223,849,259
3203,6,3224,849,259
3204,6,3224,849,259
3205,6,3224,849,259
3206,6,3224,849,259
3207,6,3224,849,259
3208,6,3224,849,259
3203,6,3225,849,259
3204,6,3225,849,259
3205,6,3225,849,259
3204,6,3226,849,259
3204,6,3228,259,849
3205,6,3228,259,849
3215,6,3228,259,849
3204,6,3229,259,849
3205,6,3229,259,849
3206,6,3229,259,849
3215,6,3229,259,849
3205,6,3230,259,849
3206,6,3230,259,849
3207,6,3230,259,849
3215,6,3230,259,849
3203,6,3231,259,849
3206,6,3231,259,849
3207,6,3231,259,849
3215,6,3231,259,849
3215,7,3216,849,259
3215,7,3217,849,259
3205,7,3223,849,259
3206,7,3223,849,259
3207,7,3223,259,256
3204,7,3224,849,259
3205,7,3224,849,259
3206,7,3224,849,259
3207,7,3224,849,259
3204,7,3225,849,259
3205,7,3228,259,849
3204,7,3229,259,849
3205,7,3229,259,849
3206,7,3229,259,849
3215,7,3229,259,849
3204,7,3230,259,849
3205,7,3230,259,849
3206,7,3230,259,849
3207,7,3230,259,849
3215,7,3230,259,849
3202,7,3231,259,849
3205,7,3231,259,849
3206,7,3231,259,849
3207,7,3231,259,849
3208,7,3231,259,256
3214,7,3231,259,849
3215,7,3231,259,849
3214,8,3216,849,259
3215,8,3216,849,259
3214,8,3217,849,259
3215,8,3217,849,259
3215,8,3218,849,259
3206,8,3222,259,256
3207,8,3222,259,256
3204,8,3223,849,259
3205,8,3223,849,256
3206,8,3223,259,256
3207,8,3223,259,256
3205,8,3224,849,259
3206,8,3224,849,256
3205,8,3229,259,849
3205,8,3230,259,849
3206,8,3230,259,849
3215,8,3230,259,849
3206,8,3231,259,849
3209,8,3231,849,259
3214,8,3231,259,849
3215,8,3231,259,849
3213,9,3216,849,259
3214,9,3216,849,259
3215,9,3216,849,259
3213,9,3217,849,259
3214,9,3217,849,259
3215,9,3217,849,259
3214,9,3218,849,259
3215,9,3218,849,259
3215,9,3219,849,259
3202,9,3220,256,259
3207,9,3222,259,256
3205,9,3223,849,259
3206,9,3223,849,256
3207,9,3223,259,256
3206,9,3224,849,259
3207,9,3224,849,256
3205,9,3225,849,259
3206,9,3225,849,259
3208,9,3225,849,259
3205,9,3226,256,849
3209,9,3226,849,259
3205,9,3228,259,849
3205,9,3229,259,849
3206,9,3229,259,849
3206,9,3230,259,849
3210,9,3231,259,256
3215,9,3231,259,45
3212,10,3216,849,259
3213,10,3216,849,259
3214,10,3216,849,259
3215,10,3216,849,259
3209,10,3217,259,256
3211,10,3217,259,256
3212,10,3217,849,259
3213,10,3217,849,259
3214,10,3217,849,259
3215,10,3217,849,259
3213,10,3218,849,259
3214,10,3218,849,259
3215,10,3218,849,259
3214,10,3219,849,259
3215,10,3219,849,259
3206,10,3223,849,259
3207,10,3223,259,256
3208,10,3223,259,256
3207,10,3224,849,259
3208,10,3224,259,256
3206,10,3225,849,259
3207,10,3225,849,259
3208,10,3225,849,259
3205,10,3226,256,259
3206,10,3226,256,259
3208,10,3226,849,259
3205,10,3227,256,849
3205,10,3228,259,849
3206,10,3228,259,849
3206,10,3229,259,849
3207,10,3229,259,256
3207,10,3230,259,256
3208,10,3230,259,256
3208,10,3231,259,256
3209,10,3231,259,256
3210,10,3231,259,849
3211,11,3216,849,259
3212,11,3216,849,259
3213,11,3216,849,259
3214,11,3216,849,259
3215,11,3216,849,259
3211,11,3217,849,259
3212,11,3217,849,259
3213,11,3217,849,259
3214,11,3217,849,259
3215,11,3217,849,259
3212,11,3218,849,259
3213,11,3218,849,259
3214,11,3218,849,259
3215,11,3218,849,259
3213,11,3219,849,259
3214,11,3219,849,259
3215,11,3219,849,259
3208,11,3223,259,256
3207,11,3225,849,259
3206,11,3226,256,259
3207,11,3226,256,259
3205,11,3227,256,259
3206,11,3227,256,259
3208,11,3231,259,256
3210,12,3216,256,259
3211,12,3216,849,259
3212,12,3216,849,259
3214,12,3216,849,259
3215,12,3216,849,259
3202,12,3217,256,259
3203,12,3217,256,259
3209,12,3217,256,259
3212,12,3217,849,259
3213,12,3217,849,259
3214,12,3217,849,259
3215,12,3217,849,259
3212,12,3218,256,259
3213,12,3218,849,259
3214,12,3218,849,259
3215,12,3218,849,259
3214,12,3219,849,259
3215,12,3219,849,259
3202,13,3216,256,259
3209,13,3216,256,259
3210,13,3216,256,259
3215,13,3216,849,259
3201,13,3217,256,259
3202,13,3217,256,259
3208,13,3217,256,259
3209,13,3217,256,259
3214,13,3217,849,259
3215,13,3217,849,259
3213,13,3218,256,259
3214,13,3218,849,259
3215,13,3218,849,259
3215,13,3219,849,259
3204,13,3228,256,259
3200,14,3216,259,256
3201,14,3216,256,259
3208,14,3216,417,259
3209,14,3216,417,259
3207,14,3217,256,259
3208,14,3217,417,259
3215,14,3217,849,259
3214,14,3218,849,259
3215,14,3218,849,259
3215,14,3219,849,259
3204,14,3227,256,259
3203,14,3228,256,259
3204,14,3228,256,259
3200,14,3229,259,849
3202,14,3229,259,849
3204,14,3229,256,259
3205,14,3229,256,259
3200,14,3230,259,849
3201,14,3230,259,849
3200,14,3231,259,849
3211,14,3231,259,256
3212,14,3231,259,256
3214,14,3231,259,256
3208,15,3216,417,259
3215,15,3218,849,259
3203,15,3227,256,259
3202,15,3228,256,259
3203,15,3228,256,849
3204,15,3228,256,259
3203,15,3229,256,259
3204,15,3229,256,849
3205,15,3229,849,259
3215,15,3229,259,256
3202,15,3230,849,259
3211,15,3230,259,256
3212,15,3230,259,256
3214,15,3230,259,256
3201,15,3231,849,259
3211,15,3231,259,256
3212,15,3231,259,256
3213,15,3231,259,256
3214,15,3231,259,256
3215,15,3231,259,256
3203,16,3227,259,849
3201,16,3228,256,259
3202,16,3228,256,259
3203,16,3228,256,259
3204,16,3228,259,849
3201,16,3229,256,259
3202,16,3229,256,259
3203,16,3229,256,259
3204,16,3229,849,259
3205,16,3229,259,849
3211,16,3229,259,256
3212,16,3229,259,256
3214,16,3229,259,256
3202,16,3230,849,259
3203,16,3230,256,259
3211,16,3230,259,256
3212,16,3230,259,256
3213,16,3230,259,256
3214,16,3230,259,256
3215,16,3230,259,256
3201,16,3231,256,259
3202,16,3231,849,259
3212,16,3231,259,256
3213,16,3231,259,256
3215,16,3231,259,256
3215,17,3218,849,259
3207,17,3222,259,849
3204,17,3227,259,256
3201,17,3228,256,259
3202,17,3228,256,259
3202,17,3229,849,259
3203,17,3229,256,259
3212,17,3229,259,256
3213,17,3229,259,256
3203,17,3230,849,259
3204,17,3230,849,259
3212,17,3230,259,256
3213,17,3230,259,256
3202,17,3231,849,259
3203,17,3231,256,259
3206,18,3222,259,849
3207,18,3222,259,849
3207,18,3223,259,849
3208,18,3223,259,849
3200,18,3228,256,259
3201,18,3228,256,259
3202,18,3228,849,259
3203,18,3228,256,259
3201,18,3229,849,259
3202,18,3229,849,259
3203,18,3229,849,259
3202,18,3230,849,259
3203,18,3230,849,259
3204,18,3230,849,259
3201,18,3231,849,259
3202,18,3231,849,259
3203,18,3231,849,259
3204,18,3231,849,259
3203,19,3220,259,256
3204,19,3221,259,849
3205,19,3222,259,849
3206,19,3222,259,849
3206,19,3223,259,849
3207,19,3223,259,849
3207,19,3224,259,849
3208,19,3224,259,849
3201,19,3228,849,259
3202,19,3228,849,259
3200,19,3229,849,259
3201,19,3229,849,259
3202,19,3229,849,259
3203,19,3229,849,259
3201,19,3230,849,259
3202,19,3230,849,259
3203,19,3230,849,259
3200,19,3231,849,259
3201,19,3231,849,259
3202,19,3231,849,259
3203,19,3231,849,259
3204,19,3231,849,259
3202,20,3220,259,256
3203,20,3221,259,256
3206,20,3222,259,849
3206,20,3223,259,849
3207,20,3224,259,849
3201,20,3229,849,259
3202,20,3229,849,259
3203,20,3229,849,259
3200,20,3230,849,259
3201,20,3230,849,259
3202,20,3230,849,259
3203,20,3230,849,259
3204,20,3230,849,259
3200,20,3231,849,259
3201,20,3231,849,259
3202,20,3231,849,259
3203,20,3231,849,259
3204,20,3231,849,259
3205,20,3231,849,259
3201,21,3230,849,259
3214,24,3216,259,33
3200,29,3216,259,33
3210,36,3216,259,849
3215,36,3216,259,256
3209,36,3217,256,849
3215,36,3217,259,256
3208,36,3218,256,259
3209,36,3218,256,259
3215,36,3218,259,256
3215,36,3219,259,256
3215,36,3220,259,256
3209,37,3216,256,849
3210,37,3216,259,849
3211,37,3216,259,849
3208,37,3217,256,849
3209,37,3217,256,849
3210,37,3217,259,849
3215,37,3217,259,256
3208,37,3218,256,259
3209,37,3218,259,849
3209,37,3219,256,259
3215,37,3219,259,256
3215,37,3220,259,256
3215,37,3221,259,256
3208,38,3216,256,849
3209,38,3216,256,849
3210,38,3216,259,849
3211,38,3216,259,849
3207,38,3217,256,849
3208,38,3217,256,849
3209,38,3217,259,849
3210,38,3217,259,849
3211,38,3217,259,849
3208,38,3218,259,849
3209,38,3218,259,849
3210,38,3218,259,849
3209,38,3219,259,849
3215,38,3219,259,256
3215,38,3220,259,256
3205,39,3216,259,849
3207,39,3216,256,849
3208,39,3216,256,849
3209,39,3216,259,849
3210,39,3216,259,849
3206,39,3217,259,849
3207,39,3217,256,849
3208,39,3217,259,849
3209,39,3217,259,849
3210,39,3217,259,849
3211,39,3217,259,849
3207,39,3218,259,849
3208,39,3218,259,849
3209,39,3218,259,849
3210,39,3218,259,849
3211,39,3218,259,849
3208,39,3219,259,849
3209,39,3219,259,849
3210,39,3219,259,849
3204,40,3216,259,849
3205,40,3216,259,849
3207,40,3216,256,849
3208,40,3216,259,849
3209,40,3216,259,849
3205,40,3217,259,849
3206,40,3217,259,849
3207,40,3217,259,849
3208,40,3217,259,849
3209,40,3217,259,849
3210,40,3217,259,849
3206,40,3218,259,849
3207,40,3218,259,849
3208,40,3218,259,849
3209,40,3218,259,849
3210,40,3218,259,849
3211,40,3218,259,849
3207,40,3219,259,849
3208,40,3219,259,849
3209,40,3219,259,849
3210,40,3219,259,849
3211,40,3219,259,849
3203,41,3216,259,849
3208,41,3216,259,849
3209,41,3216,259,849
3210,41,3216,259,849
3204,41,3217,259,849
3205,41,3217,259,849
3207,41,3217,256,849
3208,41,3217,259,849
3209,41,3217,259,849
3210,41,3217,259,849
3211,41,3217,259,849
3205,41,3218,259,849
3206,41,3218,259,849
3207,41,3218,259,849
3208,41,3218,259,849
3209,41,3218,259,849
3210,41,3218,259,849
3211,41,3218,259,849
3212,41,3218,259,849
3206,41,3219,259,849
3207,41,3219,259,849
3208,41,3219,259,849
3209,41,3219,259,849
3210,41,3219,259,849
3211,41,3219,259,849
3212,41,3219,259,849
3207,42,3216,256,849
3208,42,3216,259,849
3209,42,3216,259,849
3205,42,3217,259,849
3206,42,3217,256,849
3207,42,3217,256,849
3208,42,3217,259,849
3209,42,3217,259,849
3210,42,3217,259,849
3206,42,3218,259,849
3207,42,3218,259,849
3208,42,3218,259,849
3209,42,3218,259,849
3210,42,3218,259,849
3211,42,3218,259,849
3207,42,3219,259,849
3208,42,3219,259,849
3209,42,3219,259,849
3210,42,3219,259,849
3211,42,3219,259,849
3208,42,3231,256,259
3207,43,3216,256,849
3208,43,3216,259,849
3206,43,3217,256,849
3207,43,3217,256,849
3208,43,3217,259,849
3209,43,3217,259,849
3207,43,3218,259,849
3208,43,3218,259,849
3209,43,3218,259,849
3210,43,3218,259,849
3208,43,3219,259,849
3209,43,3219,259,849
3210,43,3219,259,849
3213,43,3227,849,259
3214,43,3227,849,259
3210,43,3228,849,259
3211,43,3228,849,259
3212,43,3228,849,259
3211,43,3229,849,259
3212,43,3229,849,259
3213,43,3229,849,259
3211,43,3230,849,259
3212,43,3230,849,259
3213,43,3230,849,259
3214,43,3230,849,259
3215,43,3230,849,259
3210,43,3231,849,259
3211,43,3231,849,259
3212,43,3231,849,259
3213,43,3231,849,259
3214,43,3231,849,259
3212,44,3227,849,259
3213,44,3227,849,259
3214,44,3227,849,259
3215,44,3227,849,259
3210,44,3228,849,259
3211,44,3228,849,259
3212,44,3228,849,259
3213,44,3228,849,259
3214,44,3228,849,259
3215,44,3228,849,259
3210,44,3229,849,259
3211,44,3229,849,259
3212,44,3229,849,259
3213,44,3229,849,259
3214,44,3229,849,259
3215,44,3229,849,259
3211,44,3230,849,259
3212,44,3230,849,259
3213,44,3230,849,259
3214,44,3230,849,259
3215,44,3230,849,259
3211,44,3231,849,259
3212,44,3231,849,259
3213,44,3231,849,259
3214,44,3231,849,259
3215,44,3231,849,259
3210,45,3216,849,33
3212,45,3216,33,849
3207,45,3217,849,33
3208,45,3217,849,33
3212,45,3217,849,33
3213,45,3218,849,33
3215,45,3226,849,259
3212,45,3227,849,259
3210,45,3228,849,259
3211,45,3228,849,259
3209,45,3229,849,259
3210,45,3229,849,259
3211,45,3229,849,259
3212,45,3229,849,259
3210,45,3230,849,259
3211,45,3230,849,259
3212,45,3230,849,259
3213,45,3230,849,259
3215,45,3230,849,259
3211,45,3231,849,259
3212,45,3231,849,259
3213,45,3231,849,259
3214,45,3231,849,259
3215,45,3231,256,259
3212,46,3216,0,259
3212,46,3217,259,0
3213,46,3218,259,0
3210,46,3228,849,259
3208,46,3229,849,259
3209,46,3229,849,259
3210,46,3229,849,259
3211,46,3229,849,259
3209,46,3230,849,259
3210,46,3230,849,259
3211,46,3230,849,259
3212,46,3230,849,259
3210,46,3231,849,259
3211,46,3231,849,259
3212,46,3231,849,259
3213,46,3231,849,259
3215,46,3231,256,259
3212,47,3217,259,0
3213,47,3218,259,0
3209,47,3229,849,259
3210,47,3229,849,259
3210,47,3230,849,259
3211,47,3230,849,259
3211,47,3231,849,259
3212,47,3231,849,259
3212,48,3217,259,0
3213,48,3218,259,0
3213,49,3218,259,0
3215,52,3225,259,849
3214,53,3225,259,256
3215,53,3225,259,256
3215,53,3226,259,256
3215,53,3231,259,849
3214,54,3225,259,256
3215,54,3225,259,256
3215,54,3226,259,256
3215,54,3227,259,256
3215,54,3229,259,256
3214,54,3230,259,256
3215,54,3230,259,849
3214,54,3231,259,849
3215,54,3231,259,849
3215,55,3225,259,256
3215,55,3226,259,256
3215,55,3227,259,256
3215,55,3228,259,256
3213,55,3231,259,849
3214,55,3231,259,849
3215,56,3226,259,256
3215,56,3227,259,256
3215,57,3225,259,256
3215,57,3226,259,256
3215,58,3229,256,259
3212,78,3216,256,849
3213,78,3216,256,849
3214,78,3216,256,849
3215,78,3216,256,849
3212,78,3217,256,849
3213,78,3217,256,849
3214,78,3217,256,849
3215,78,3217,256,849
3213,78,3218,256,849
3214,78,3218,256,849
3213,78,3220,849,256
3214,78,3220,849,256
3215,78,3220,849,256
3215,78,3221,849,256
3200,79,3216,259,256
3212,79,3216,256,849
3213,79,3216,256,849
3214,79,3216,256,849
3215,79,3216,256,849
3213,79,3217,256,849
3214,79,3217,256,849
3215,79,3217,256,849
3213,79,3219,849,256
3214,79,3219,849,256
3212,79,3220,849,256
3213,79,3220,849,256
3214,79,3220,849,256
3215,79,3220,849,256
3211,79,3221,849,256
3212,79,3221,849,256
3213,79,3221,849,256
3214,79,3221,849,256
3215,79,3221,849,256
3200,80,3216,259,256
3201,80,3216,259,256
3213,80,3216,256,849
3214,80,3216,256,849
3215,80,3216,256,849
3200,80,3217,259,256
3214,80,3217,256,849
3215,80,3217,256,849
3213,80,3218,849,256
3214,80,3218,849,256
3200,80,3219,256,259
3212,80,3219,849,256
3213,80,3219,849,256
3214,80,3219,849,256
3215,80,3219,849,256
3211,80,3220,849,256
3212,80,3220,259,256
3213,80,3220,849,256
3214,80,3220,849,256
3215,80,3220,849,256
3211,80,3221,259,256
3212,80,3221,259,256
3213,80,3221,259,256
3214,80,3221,849,256
3215,80,3221,849,256
3211,80,3222,849,256
3212,80,3222,259,256
3213,80,3222,849,417
3214,80,3222,849,256
3215,80,3222,849,256
3200,81,3216,259,256
3214,81,3216,256,849
3215,81,3216,256,849
3215,81,3217,256,849
3213,81,3218,849,256
3214,81,3218,849,256
3215,81,3218,849,256
3213,81,3219,849,256
3214,81,3219,849,256
3215,81,3219,849,256
3200,81,3220,256,259
3212,81,3220,259,256
3213,81,3220,259,256
3214,81,3220,849,256
3215,81,3220,849,256
3210,81,3221,259,256
3211,81,3221,259,417
3212,81,3221,259,417
3213,81,3221,259,256
3214,81,3221,259,256
3211,81,3222,259,417
3212,81,3222,259,417
3213,81,3222,259,417
3214,81,3222,849,256
3215,81,3222,849,256
3215,82,3216,256,849
3213,82,3218,849,256
3214,82,3218,849,256
3215,82,3218,849,256
3213,82,3219,259,256
3214,82,3219,849,256
3215,82,3219,849,256
3213,82,3220,259,256
3214,82,3220,259,256
3200,82,3221,256,259
3209,82,3221,259,256
3210,82,3221,259,417
3211,82,3221,259,417
3212,82,3221,259,417
3213,82,3221,259,256
3214,82,3221,259,849
3215,82,3221,259,849
3210,82,3222,259,417
3211,82,3222,259,417
3212,82,3222,259,417
3213,82,3222,259,256
3214,82,3222,259,256
3211,82,3223,259,256
3212,82,3223,259,256
3213,82,3223,259,256
3214,82,3223,849,256
3215,82,3223,849,256
3214,83,3218,849,256
3215,83,3218,849,256
3213,83,3219,259,256
3214,83,3219,259,256
3213,83,3220,259,256
3214,83,3220,259,849
3215,83,3220,259,849
3208,83,3221,259,256
3209,83,3221,259,256
3210,83,3221,259,256
3211,83,3221,259,256
3212,83,3221,259,256
3213,83,3221,259,849
3214,83,3221,259,849
3215,83,3221,259,849
3209,83,3222,259,256
3210,83,3222,259,256
3211,83,3222,259,256
3212,83,3222,259,256
3213,83,3222,259,256
3214,83,3222,259,849
3215,83,3222,259,849
3210,83,3223,259,256
3211,83,3223,259,256
3212,83,3223,259,256
3213,83,3223,259,256
3214,83,3223,259,256
3202,83,3224,849,256
3204,83,3226,849,256
3204,83,3227,849,256
3205,83,3227,849,256
3207,83,3227,256,259
3208,83,3227,256,259
3209,83,3227,256,259
3214,83,3227,259,849
3205,83,3228,849,259
3206,83,3228,849,259
3207,83,3228,256,259
3209,83,3229,256,259
3207,83,3231,256,259
3208,83,3231,256,259
3202,84,3216,256,259
3201,84,3217,256,259
3202,84,3217,256,259
3203,84,3217,256,259
3202,84,3218,256,259
3213,84,3219,259,256
3214,84,3219,259,849
3215,84,3219,259,849
3213,84,3220,259,849
3214,84,3220,259,849
3215,84,3220,259,849
3207,84,3221,259,256
3208,84,3221,259,256
3209,84,3221,259,256
3210,84,3221,259,256
3211,84,3221,259,256
3212,84,3221,259,849
3213,84,3221,259,849
3214,84,3221,259,849
3215,84,3221,259,849
3208,84,3222,259,256
3209,84,3222,259,256
3210,84,3222,259,256
3211,84,3222,259,256
3212,84,3222,259,256
3213,84,3222,259,849
3214,84,3222,259,849
3215,84,3222,259,849
3202,84,3223,849,256
3209,84,3223,259,256
3211,84,3223,259,256
3212,84,3223,259,256
3213,84,3223,259,256
3214,84,3223,259,849
3215,84,3223,259,849
3201,84,3224,849,256
3202,84,3224,849,256
3203,84,3224,849,256
3209,84,3224,256,259
3212,84,3224,259,256
3213,84,3224,259,256
3214,84,3224,259,256
3201,84,3225,849,256
3202,84,3225,849,256
3203,84,3225,849,256
3204,84,3225,849,256
3207,84,3225,256,259
3208,84,3225,256,259
3209,84,3225,256,259
3210,84,3225,256,259
3213,84,3225,259,256
3214,84,3225,256,849
3215,84,3225,256,849
3200,84,3226,849,256
3201,84,3226,849,256
3203,84,3226,849,256
3204,84,3226,849,256
3205,84,3226,849,256
3206,84,3226,256,259
3207,84,3226,256,259
3208,84,3226,256,259
3209,84,3226,256,259
3214,84,3226,259,849
3215,84,3226,256,849
3204,84,3227,849,256
3205,84,3227,849,259
3206,84,3227,849,259
3207,84,3227,256,259
3208,84,3227,256,259
3215,84,3227,259,849
3204,84,3228,849,259
3205,84,3228,849,259
3206,84,3228,849,259
3207,84,3228,849,259
3214,84,3228,259,849
3215,84,3228,259,849
3205,84,3229,849,259
3206,84,3229,849,259
3208,84,3229,256,259
3213,84,3229,259,256
3214,84,3229,259,849
3215,84,3229,259,849
3205,84,3230,849,259
3206,84,3230,256,259
3207,84,3230,256,259
3208,84,3230,256,259
3209,84,3230,256,259
3212,84,3230,259,256
3206,84,3231,256,259
3207,84,3231,256,259
3208,84,3231,256,259
3209,84,3231,256,259
3210,84,3231,256,259
3214,84,3231,849,259
3215,84,3231,849,259
3201,85,3216,256,259
3202,85,3216,256,259
3203,85,3216,256,259
3200,85,3217,256,259
3201,85,3217,256,259
3202,85,3217,256,259
3203,85,3217,256,259
3204,85,3217,256,259
3201,85,3218,256,259
3202,85,3218,256,259
3203,85,3218,256,259
3214,85,3218,259,849
3202,85,3219,256,259
3213,85,3219,259,849
3214,85,3219,259,849
3215,85,3219,259,849
3212,85,3220,259,849
3213,85,3220,259,849
3214,85,3220,259,849
3215,85,3220,259,849
3206,85,3221,259,256
3207,85,3221,259,256
3208,85,3221,259,256
3209,85,3221,259,256
3210,85,3221,259,256
3211,85,3221,259,849
3212,85,3221,259,849
3213,85,3221,259,849
3214,85,3221,259,849
3215,85,3221,259,849
3202,85,3222,849,256
3207,85,3222,259,256
3208,85,3222,259,256
3209,85,3222,259,256
3211,85,3222,259,256
3212,85,3222,259,849
3213,85,3222,259,849
3214,85,3222,259,849
3215,85,3222,259,849
3203,85,3223,849,256
3208,85,3223,259,256
3212,85,3223,259,256
3213,85,3223,259,849
3214,85,3223,259,849
3215,85,3223,259,849
3202,85,3224,849,256
3203,85,3224,849,256
3204,85,3224,849,256
3208,85,3224,256,259
3213,85,3224,259,256
3214,85,3224,259,849
3215,85,3224,259,849
3201,85,3225,849,256
3203,85,3225,849,256
3204,85,3225,849,256
3205,85,3225,849,256
3206,85,3225,256,259
3207,85,3225,256,259
3208,85,3225,256,259
3209,85,3225,256,259
3214,85,3225,259,849
3215,85,3225,256,849
3200,85,3226,849,256
3204,85,3226,849,256
3205,85,3226,849,259
3206,85,3226,849,259
3207,85,3226,256,259
3208,85,3226,256,259
3215,85,3226,259,849
3204,85,3227,849,259
3205,85,3227,849,259
3206,85,3227,849,259
3207,85,3227,849,259
3203,85,3228,849,259
3204,85,3228,849,259
3205,85,3228,849,259
3206,85,3228,849,259
3215,85,3228,259,849
3202,85,3229,849,259
3203,85,3229,849,259
3204,85,3229,849,259
3205,85,3229,849,259
3214,85,3229,259,849
3215,85,3229,259,849
3203,85,3230,849,259
3204,85,3230,849,259
3205,85,3230,849,259
3206,85,3230,849,259
3208,85,3230,256,259
3214,85,3230,259,849
3215,85,3230,259,849
3204,85,3231,849,259
3205,85,3231,849,259
3206,85,3231,256,259
3207,85,3231,256,259
3208,85,3231,256,259
3209,85,3231,256,259
3215,85,3231,259,849
3200,86,3216,256,259
3201,86,3216,256,259
3203,86,3216,256,259
3204,86,3216,417,259
3200,86,3217,256,259
3204,86,3217,45,259
3205,86,3217,45,259
3200,86,3218,256,259
3201,86,3218,256,259
3203,86,3218,417,259
3204,86,3218,45,259
3213,86,3218,259,849
3214,86,3218,259,849
3215,86,3218,256,849
3201,86,3219,256,259
3202,86,3219,256,259
3203,86,3219,417,259
3212,86,3219,259,849
3213,86,3219,259,849
3214,86,3219,259,849
3215,86,3219,259,849
3202,86,3220,256,259
3211,86,3220,259,849
3212,86,3220,259,849
3213,86,3220,259,849
3214,86,3220,259,849
3215,86,3220,259,849
3202,86,3221,849,256
3207,86,3221,259,256
3208,86,3221,259,256
3209,86,3221,259,256
3210,86,3221,259,256
3211,86,3221,259,849
3212,86,3221,259,849
3213,86,3221,259,849
3214,86,3221,259,849
3215,86,3221,259,849
3203,86,3222,849,256
3208,86,3222,259,256
3209,86,3222,259,256
3210,86,3222,259,256
3211,86,3222,259,849
3212,86,3222,259,849
3213,86,3222,259,849
3214,86,3222,259,849
3215,86,3222,259,849
3204,86,3223,849,256
3209,86,3223,259,256
3211,86,3223,259,256
3212,86,3223,259,849
3213,86,3223,259,849
3214,86,3223,259,849
3215,86,3223,259,849
3203,86,3224,849,256
3204,86,3224,849,256
3205,86,3224,849,256
3207,86,3224,259,256
3209,86,3224,256,259
3212,86,3224,259,256
3213,86,3224,259,849
3214,86,3224,259,849
3215,86,3224,256,849
3204,86,3225,849,256
3205,86,3225,849,259
3206,86,3225,849,259
3207,86,3225,256,259
3208,86,3225,256,259
3213,86,3225,259,849
3214,86,3225,259,849
3215,86,3225,259,849
3204,86,3226,849,259
3205,86,3226,849,259
3206,86,3226,849,259
3207,86,3226,849,259
3214,86,3226,259,849
3215,86,3226,259,849
3202,86,3227,259,849
3203,86,3227,849,259
3204,86,3227,849,259
3205,86,3227,849,259
3206,86,3227,849,259
3215,86,3227,259,849
3202,86,3228,849,259
3203,86,3228,849,259
3204,86,3228,849,259
3205,86,3228,849,259
3214,86,3228,259,849
3215,86,3228,259,849
3202,86,3229,849,259
3203,86,3229,849,259
3204,86,3229,849,259
3214,86,3229,259,849
3215,86,3229,259,849
3202,86,3230,849,259
3203,86,3230,849,259
3204,86,3230,849,259
3205,86,3230,849,259
3214,86,3230,259,849
3215,86,3230,259,849
3204,86,3231,849,259
3205,86,3231,849,259
3206,86,3231,849,259
3208,86,3231,256,259
3215,86,3231,259,849
3200,87,3216,256,259
3204,87,3216,417,259
3205,87,3216,45,259
3205,87,3217,45,259
3200,87,3218,256,259
3204,87,3218,45,259
3205,87,3218,45,259
3212,87,3218,259,849
3213,87,3218,259,849
3214,87,3218,256,849
3215,87,3218,256,849
3200,87,3219,256,259
3201,87,3219,256,259
3203,87,3219,417,259
3204,87,3219,256,259
3211,87,3219,259,849
3212,87,3219,259,849
3213,87,3219,259,849
3214,87,3219,259,849
3215,87,3219,256,849
3202,87,3220,256,259
3203,87,3220,256,259
3210,87,3220,259,849
3211,87,3220,259,849
3212,87,3220,259,849
3213,87,3220,259,849
3214,87,3220,259,849
3215,87,3220,259,849
3208,87,3221,259,256
3209,87,3221,259,256
3210,87,3221,259,849
3211,87,3221,259,849
3212,87,3221,259,849
3213,87,3221,259,849
3214,87,3221,259,849
3215,87,3221,259,849
3209,87,3222,259,256
3210,87,3222,259,256
3211,87,3222,259,849
3212,87,3222,259,849
3213,87,3222,259,849
3214,87,3222,259,849
3215,87,3222,259,849
3207,87,3223,259,256
3210,87,3223,259,256
3211,87,3223,259,849
3212,87,3223,259,849
3213,87,3223,259,849
3214,87,3223,259,849
3215,87,3223,256,849
3204,87,3224,849,256
3206,87,3224,259,256
3207,87,3224,259,256
3208,87,3224,259,256
3211,87,3224,259,256
3212,87,3224,259,849
3213,87,3224,259,849
3214,87,3224,256,849
3215,87,3224,256,849
3205,87,3225,849,256
3206,87,3225,256,259
3208,87,3225,256,259
3212,87,3225,259,256
3213,87,3225,259,849
3214,87,3225,259,849
3215,87,3225,256,849
3202,87,3226,259,849
3205,87,3226,849,259
3206,87,3226,849,259
3213,87,3226,259,849
3214,87,3226,259,849
3215,87,3226,259,849
3201,87,3227,259,849
3202,87,3227,259,849
3203,87,3227,259,849
3204,87,3227,849,259
3205,87,3227,849,259
3214,87,3227,259,849
3215,87,3227,259,849
3202,87,3228,259,849
3203,87,3228,849,259
3204,87,3228,849,259
3213,87,3228,259,849
3214,87,3228,259,849
3215,87,3228,259,849
3202,87,3229,849,259
3203,87,3229,849,259
3214,87,3229,259,849
3215,87,3229,259,849
3203,87,3230,849,259
3204,87,3230,849,259
3215,87,3230,259,849
3204,87,3231,849,259
3205,87,3231,849,259
3209,87,3231,256,259
3205,88,3216,256,259
3206,88,3216,256,259
3211,88,3216,256,849
3212,88,3216,256,849
3206,88,3217,256,259
3212,88,3217,256,849
3213,88,3217,256,849
3200,88,3218,849,259
3205,88,3218,256,259
3206,88,3218,256,259
3211,88,3218,256,849
3212,88,3218,259,849
3213,88,3218,256,849
3214,88,3218,256,849
3215,88,3218,256,849
3200,88,3219,256,259
3204,88,3219,256,259
3205,88,3219,256,259
3208,88,3219,256,849
3210,88,3219,256,849
3211,88,3219,259,849
3212,88,3219,259,849
3213,88,3219,259,849
3214,88,3219,256,849
3215,88,3219,256,849
3203,88,3220,256,259
3204,88,3220,256,259
3208,88,3220,256,849
3209,88,3220,256,849
3210,88,3220,259,849
3211,88,3220,259,849
3212,88,3220,259,849
3213,88,3220,259,849
3214,88,3220,259,849
3215,88,3220,256,849
3209,88,3221,259,849
3210,88,3221,259,849
3211,88,3221,259,849
3212,88,3221,259,849
3213,88,3221,259,849
3214,88,3221,259,849
3215,88,3221,259,849
3207,88,3222,259,256
3210,88,3222,259,849
3211,88,3222,259,849
3212,88,3222,259,849
3213,88,3222,259,849
3214,88,3222,259,849
3215,88,3222,256,849
3206,88,3223,259,256
3207,88,3223,259,256
3208,88,3223,259,256
3210,88,3223,259,256
3211,88,3223,259,849
3212,88,3223,259,849
3213,88,3223,259,849
3214,88,3223,256,849
3215,88,3223,256,849
3205,88,3224,259,256
3206,88,3224,259,256
3207,88,3224,259,256
3208,88,3224,259,256
3209,88,3224,259,256
3210,88,3224,259,256
3211,88,3224,259,256
3212,88,3224,259,256
3213,88,3224,256,849
3214,88,3224,256,849
3215,88,3224,259,849
3205,88,3225,256,849
3206,88,3225,259,256
3208,88,3225,259,256
3209,88,3225,259,256
3211,88,3225,259,256
3212,88,3225,259,256
3213,88,3225,259,256
3214,88,3225,256,849
3215,88,3225,256,849
3203,88,3226,259,849
3212,88,3226,259,256
3213,88,3226,259,849
3214,88,3226,259,849
3215,88,3226,259,849
3200,88,3227,259,849
3201,88,3227,259,849
3202,88,3227,259,849
3203,88,3227,259,849
3204,88,3227,259,849
3213,88,3227,259,849
3214,88,3227,259,849
3201,88,3228,259,849
3202,88,3228,259,849
3203,88,3228,259,849
3214,88,3228,259,849
3215,88,3228,259,849
3202,88,3229,259,849
3215,88,3229,259,849
3203,89,3216,259,849
3206,89,3216,256,259
3210,89,3216,256,849
3211,89,3216,256,849
3212,89,3216,256,849
3213,89,3216,256,259
3211,89,3217,256,849
3212,89,3217,256,849
3213,89,3217,256,849
3214,89,3217,256,849
3200,89,3218,849,259
3201,89,3218,849,259
3208,89,3218,256,849
3210,89,3218,256,849
3211,89,3218,256,849
3212,89,3218,256,849
3213,89,3218,256,849
3214,89,3218,256,849
3215,89,3218,256,849
3200,89,3219,849,259
3205,89,3219,256,259
3208,89,3219,256,849
3209,89,3219,256,849
3210,89,3219,256,849
3211,89,3219,256,849
3212,89,3219,259,849
3213,89,3219,256,849
3214,89,3219,256,849
3215,89,3219,256,849
3208,89,3220,256,849
3209,89,3220,256,849
3210,89,3220,256,849
3211,89,3220,259,849
3212,89,3220,259,849
3213,89,3220,259,849
3214,89,3220,256,849
3215,89,3220,256,849
3207,89,3221,259,256
3208,89,3221,256,849
3209,89,3221,256,849
3210,89,3221,259,849
3211,89,3221,259,849
3212,89,3221,259,849
3213,89,3221,259,849
3214,89,3221,259,849
3215,89,3221,256,849
3206,89,3222,259,256
3207,89,3222,259,256
3208,89,3222,259,256
3209,89,3222,256,849
3210,89,3222,259,849
3211,89,3222,259,849
3212,89,3222,259,849
3213,89,3222,259,849
3214,89,3222,256,849
3215,89,3222,256,849
3207,89,3223,259,256
3208,89,3223,259,256
3209,89,3223,259,256
3210,89,3223,259,849
3211,89,3223,259,849
3212,89,3223,259,849
3213,89,3223,256,849
3214,89,3223,256,849
3215,89,3223,259,849
3206,89,3224,259,256
3207,89,3224,259,256
3208,89,3224,259,256
3209,89,3224,259,256
3211,89,3224,259,849
3212,89,3224,259,256
3214,89,3224,259,849
3215,89,3224,259,849
3205,89,3225,259,849
3206,89,3225,259,849
3207,89,3225,259,256
3208,89,3225,259,256
3212,89,3225,259,256
3213,89,3225,259,256
3204,89,3226,259,849
3205,89,3226,259,849
3206,89,3226,259,849
3213,89,3226,259,256
3214,89,3226,259,849
3200,89,3227,259,849
3201,89,3227,259,849
3203,89,3227,259,849
3204,89,3227,259,849
3205,89,3227,259,849
3200,89,3228,259,849
3201,89,3228,259,849
3202,89,3228,259,849
3203,89,3228,259,849
3204,89,3228,259,849
3201,89,3229,259,849
3202,89,3229,259,849
3203,89,3229,259,849
3202,89,3230,259,849
3203,89,3230,259,849
3204,89,3230,259,849
3204,89,3231,259,849
3202,90,3216,259,849
3203,90,3216,259,849
3204,90,3216,259,849
3207,90,3216,256,259
3208,90,3216,256,849
3209,90,3216,256,849
3210,90,3216,256,849
3211,90,3216,256,849
3212,90,3216,256,259
3213,90,3216,256,259
3214,90,3216,256,259
3203,90,3217,259,849
3207,90,3217,259,256
3208,90,3217,256,849
3210,90,3217,256,849
3211,90,3217,256,849
3212,90,3217,256,849
3213,90,3217,256,259
3214,90,3217,256,849
3201,90,3218,849,259
3202,90,3218,849,259
3206,90,3218,259,256
3208,90,3218,256,849
3209,90,3218,256,849
3210,90,3218,256,849
3212,90,3218,256,849
3213,90,3218,256,849
3214,90,3218,256,849
3215,90,3218,256,849
3200,90,3219,849,259
3201,90,3219,849,259
3206,90,3219,256,259
3208,90,3219,256,849
3209,90,3219,256,849
3213,90,3219,256,849
3214,90,3219,256,849
3215,90,3219,256,849
3203,90,3220,259,256
3204,90,3220,259,256
3205,90,3220,256,259
3208,90,3220,256,849
3209,90,3220,256,849
3210,90,3220,256,849
3211,90,3220,849,259
3212,90,3220,259,849
3213,90,3220,256,849
3214,90,3220,256,849
3215,90,3220,256,849
3206,90,3221,259,256
3207,90,3221,259,256
3208,90,3221,259,849
3209,90,3221,256,849
3210,90,3221,256,259
3213,90,3221,259,849
3214,90,3221,256,849
3215,90,3221,256,849
3205,90,3222,259,256
3206,90,3222,259,256
3207,90,3222,259,256
3208,90,3222,259,849
3210,90,3222,256,259
3211,90,3222,256,259
3213,90,3222,256,259
3214,90,3222,256,849
3215,90,3222,259,849
3206,90,3223,259,256
3207,90,3223,259,256
3208,90,3223,259,256
3209,90,3223,259,849
3211,90,3223,256,259
3212,90,3223,256,259
3213,90,3223,256,849
3214,90,3223,259,849
3215,90,3223,259,849
3205,90,3224,259,256
3206,90,3224,259,256
3207,90,3224,259,256
3208,90,3224,259,256
3209,90,3224,259,256
3210,90,3224,259,849
3212,90,3224,256,849
3215,90,3224,259,849
3204,90,3225,259,849
3205,90,3225,259,849
3206,90,3225,259,256
3207,90,3225,259,256
3208,90,3225,259,256
3209,90,3225,259,256
3211,90,3225,259,849
3203,90,3226,259,849
3204,90,3226,259,849
3205,90,3226,259,849
3206,90,3226,259,849
3207,90,3226,259,256
3208,90,3226,259,256
3214,90,3226,256,259
3200,90,3227,259,849
3201,90,3227,259,849
3204,90,3227,259,849
3205,90,3227,259,849
3206,90,3227,259,849
3200,90,3228,259,849
3201,90,3228,259,849
3203,90,3228,259,849
3204,90,3228,259,849
3205,90,3228,259,849
3200,90,3229,259,849
3201,90,3229,259,849
3202,90,3229,259,849
3203,90,3229,259,849
3204,90,3229,259,849
3201,90,3230,259,849
3202,90,3230,259,849
3203,90,3230,259,849
3204,90,3230,259,849
3203,90,3231,259,849
3204,90,3231,259,849
3201,91,3216,259,849
3202,91,3216,259,849
3203,91,3216,259,849
3206,91,3216,256,259
3207,91,3216,256,259
3208,91,3216,256,259
3209,91,3216,256,849
3210,91,3216,256,849
3211,91,3216,256,259
3212,91,3216,256,259
3213,91,3216,256,259
3214,91,3216,256,259
3202,91,3217,259,849
3203,91,3217,259,849
3204,91,3217,259,849
3207,91,3217,256,259
3208,91,3217,256,849
3209,91,3217,256,849
3210,91,3217,256,849
3212,91,3217,256,259
3213,91,3217,256,259
3214,91,3217,256,259
3203,91,3218,259,849
3206,91,3218,256,259
3208,91,3218,256,849
3209,91,3218,256,849
3213,91,3218,256,259
3214,91,3218,256,849
3202,91,3219,849,259
3205,91,3219,256,259
3206,91,3219,256,259
3207,91,3219,256,259
3208,91,3219,256,849
3211,91,3219,849,259
3214,91,3219,256,849
3215,91,3219,256,849
3202,91,3220,259,256
3203,91,3220,259,256
3204,91,3220,256,259
3205,91,3220,256,259
3206,91,3220,256,259
3208,91,3220,256,849
3209,91,3220,256,849
3210,91,3220,849,259
3211,91,3220,849,259
3212,91,3220,849,259
3213,91,3220,256,849
3214,91,3220,256,849
3215,91,3220,256,849
3206,91,3221,259,256
3207,91,3221,259,256
3208,91,3221,259,849
3210,91,3221,256,259
3211,91,3221,849,259
3212,91,3221,256,259
3213,91,3221,256,259
3214,91,3221,256,849
3215,91,3221,259,849
3204,91,3222,259,256
3205,91,3222,259,256
3206,91,3222,259,256
3207,91,3222,259,256
3211,91,3222,256,259
3212,91,3222,256,259
3213,91,3222,256,259
3215,91,3222,259,849
3205,91,3223,259,256
3206,91,3223,259,256
3207,91,3223,259,256
3208,91,3223,259,256
3212,91,3223,256,259
3215,91,3223,259,849
3204,91,3224,259,256
3205,91,3224,259,256
3206,91,3224,259,256
3207,91,3224,259,256
3208,91,3224,259,256
3209,91,3224,259,256
3203,91,3225,259,849
3204,91,3225,259,849
3205,91,3225,259,256
3206,91,3225,259,256
3207,91,3225,259,256
3208,91,3225,259,256
3209,91,3225,259,256
3210,91,3225,259,256
3202,91,3226,259,849
3203,91,3226,259,849
3204,91,3226,259,849
3205,91,3226,259,849
3206,91,3226,259,256
3207,91,3226,259,256
3208,91,3226,259,256
3209,91,3226,259,256
3200,91,3227,259,849
3201,91,3227,259,849
3202,91,3227,259,849
3205,91,3227,259,849
3206,91,3227,259,849
3207,91,3227,259,256
3208,91,3227,259,256
3200,91,3228,259,849
3201,91,3228,259,849
3204,91,3228,259,849
3205,91,3228,259,849
3206,91,3228,259,849
3200,91,3229,259,849
3201,91,3229,259,849
3203,91,3229,259,849
3204,91,3229,259,849
3205,91,3229,259,849
3201,91,3230,259,849
3202,91,3230,259,849
3203,91,3230,259,849
3204,91,3230,259,849
3205,91,3230,259,849
3203,91,3231,259,849
3204,91,3231,259,849
3200,92,3216,259,849
3201,92,3216,259,849
3202,92,3216,259,849
3205,92,3216,256,259
3206,92,3216,256,259
3207,92,3216,256,259
3208,92,3216,256,259
3209,92,3216,256,259
3210,92,3216,256,259
3211,92,3216,849,259
3212,92,3216,256,259
3213,92,3216,256,259
3201,92,3217,259,849
3202,92,3217,259,849
3203,92,3217,259,849
3206,92,3217,256,259
3207,92,3217,256,259
3208,92,3217,256,259
3209,92,3217,256,849
3211,92,3217,849,259
3212,92,3217,849,259
3213,92,3217,256,259
3214,92,3217,256,259
3201,92,3218,259,849
3202,92,3218,259,849
3203,92,3218,259,849
3204,92,3218,259,849
3205,92,3218,256,259
3206,92,3218,256,259
3207,92,3218,256,259
3208,92,3218,256,849
3211,92,3218,849,259
3212,92,3218,849,259
3213,92,3218,849,259
3214,92,3218,256,259
3200,92,3219,259,849
3201,92,3219,259,849
3202,92,3219,259,849
3203,92,3219,259,849
3204,92,3219,256,259
3205,92,3219,256,259
3206,92,3219,256,259
3207,92,3219,256,259
3208,92,3219,849,259
3210,92,3219,849,259
3211,92,3219,849,259
3212,92,3219,849,259
3201,92,3220,256,849
3202,92,3220,259,256
3203,92,3220,256,259
3204,92,3220,256,259
3205,92,3220,256,259
3206,92,3220,256,259
3207,92,3220,256,259
3208,92,3220,256,849
3209,92,3220,849,259
3210,92,3220,849,259
3211,92,3220,849,259
3212,92,3220,849,259
3213,92,3220,849,259
3214,92,3220,256,849
3215,92,3220,259,849
3207,92,3221,259,256
3211,92,3221,849,259
3212,92,3221,849,259
3213,92,3221,256,259
3215,92,3221,259,849
3203,92,3222,259,256
3204,92,3222,259,256
3206,92,3222,259,256
3212,92,3222,256,259
3204,92,3223,259,256
3205,92,3223,259,256
3206,92,3223,259,256
3207,92,3223,259,256
3203,92,3224,259,256
3204,92,3224,259,256
3205,92,3224,259,256
3206,92,3224,259,256
3207,92,3224,259,256
3208,92,3224,259,256
3204,92,3225,259,256
3205,92,3225,259,256
3206,92,3225,259,256
3207,92,3225,259,256
3208,92,3225,259,256
3209,92,3225,259,849
3201,92,3226,259,849
3202,92,3226,259,849
3205,92,3226,259,256
3206,92,3226,259,256
3207,92,3226,259,256
3208,92,3226,259,849
3200,92,3227,259,849
3201,92,3227,259,849
3206,92,3227,259,256
3207,92,3227,259,849
3200,92,3228,259,849
3205,92,3228,259,849
3206,92,3228,259,849
3200,92,3229,259,849
3204,92,3229,259,849
3205,92,3229,259,849
3200,92,3230,259,849
3201,92,3230,259,849
3203,92,3230,259,849
3204,92,3230,259,849
3205,92,3230,259,256
3206,92,3230,259,256
3202,92,3231,259,849
3203,92,3231,259,849
3204,92,3231,259,256
3205,92,3231,259,256
3201,93,3216,259,849
3204,93,3216,256,259
3205,93,3216,256,259
3206,93,3216,256,259
3207,93,3216,256,259
3208,93,3216,256,259
3209,93,3216,256,259
3210,93,3216,849,259
3211,93,3216,849,259
3212,93,3216,849,259
3213,93,3216,256,259
3214,93,3216,256,259
3201,93,3217,259,849
3202,93,3217,259,849
3205,93,3217,256,259
3206,93,3217,256,259
3207,93,3217,256,259
3208,93,3217,256,259
3209,93,3217,849,259
3211,93,3217,849,259
3212,93,3217,849,259
3213,93,3217,849,259
3214,93,3217,256,259
3200,93,3218,259,849
3201,93,3218,259,849
3202,93,3218,259,849
3203,93,3218,259,849
3204,93,3218,256,259
3205,93,3218,256,259
3206,93,3218,256,259
3207,93,3218,256,259
3208,93,3218,849,259
3210,93,3218,849,259
3211,93,3218,849,259
3212,93,3218,849,259
3214,93,3218,849,256
3200,93,3219,259,849
3201,93,3219,256,849
3203,93,3219,256,259
3204,93,3219,256,259
3206,93,3219,256,259
3207,93,3219,256,259
3208,93,3219,849,259
3209,93,3219,849,259
3210,93,3219,849,259
3211,93,3219,849,259
3212,93,3219,849,259
3213,93,3219,849,259
3200,93,3220,256,849
3202,93,3220,256,259
3203,93,3220,256,259
3204,93,3220,256,259
3205,93,3220,256,259
3206,93,3220,256,259
3207,93,3220,256,259
3208,93,3220,849,259
3209,93,3220,849,259
3210,93,3220,849,259
3211,93,3220,849,259
3212,93,3220,849,259
3213,93,3220,849,259
3214,93,3220,849,259
3202,93,3221,259,256
3212,93,3221,849,259
3213,93,3221,849,259
3202,93,3222,259,256
3203,93,3222,259,256
3203,93,3223,259,256
3204,93,3223,259,256
3206,93,3223,259,256
3204,93,3224,259,256
3205,93,3224,259,256
3206,93,3224,259,256
3207,93,3224,259,256
3205,93,3225,259,256
3206,93,3225,259,256
3207,93,3225,259,256
3208,93,3225,259,849
3200,93,3226,259,849
3201,93,3226,259,849
3206,93,3226,259,256
3207,93,3226,259,849
3208,93,3226,259,849
3209,93,3226,259,849
3200,93,3227,259,849
3207,93,3227,259,849
3208,93,3227,259,849
3206,93,3228,259,849
3207,93,3228,259,849
3205,93,3229,259,256
3206,93,3229,259,849
3200,93,3230,259,256
3204,93,3230,259,256
3205,93,3230,259,256
3206,93,3230,259,256
3207,93,3230,259,849
3200,93,3231,849,256
3201,93,3231,259,256
3203,93,3231,259,256
3204,93,3231,849,256
3206,93,3231,259,256
3201,94,3216,259,256
3203,94,3216,256,259
3204,94,3216,256,259
3205,94,3216,256,259
3206,94,3216,256,259
3207,94,3216,256,259
3208,94,3216,256,259
3209,94,3216,849,259
3210,94,3216,849,259
3211,94,3216,849,259
3212,94,3216,849,259
3213,94,3216,849,259
3200,94,3217,259,849
3201,94,3217,259,256
3204,94,3217,256,259
3205,94,3217,256,259
3206,94,3217,256,259
3207,94,3217,256,259
3208,94,3217,849,259
3209,94,3217,849,259
3210,94,3217,849,259
3211,94,3217,849,259
3212,94,3217,849,259
3214,94,3217,849,256
3200,94,3218,259,849
3201,94,3218,256,849
3203,94,3218,256,259
3204,94,3218,256,259
3206,94,3218,256,259
3207,94,3218,256,259
3208,94,3218,849,259
3209,94,3218,849,259
3210,94,3218,849,259
3211,94,3218,849,259
3214,94,3218,259,256
3200,94,3219,256,849
3201,94,3219,256,259
3202,94,3219,256,259
3203,94,3219,256,259
3207,94,3219,256,259
3208,94,3219,849,259
3209,94,3219,849,259
3210,94,3219,849,259
3211,94,3219,849,259
3212,94,3219,849,259
3214,94,3219,849,259
3201,94,3220,256,259
3203,94,3220,256,259
3204,94,3220,256,259
3206,94,3220,256,259
3207,94,3220,256,259
3208,94,3220,849,259
3209,94,3220,849,259
3210,94,3220,849,259
3211,94,3220,849,259
3212,94,3220,849,259
3213,94,3220,849,259
3214,94,3220,849,259
3201,94,3221,259,256
3211,94,3221,849,259
3212,94,3221,849,259
3213,94,3221,849,259
3214,94,3221,849,259
3201,94,3222,259,256
3202,94,3222,259,256
3212,94,3222,849,259
3213,94,3222,849,259
3206,94,3224,259,256
3206,94,3225,259,256
3207,94,3225,259,849
3200,94,3226,259,849
3207,94,3226,259,849
3208,94,3226,259,849
3208,94,3227,259,849
3209,94,3227,259,849
3207,94,3228,259,849
3208,94,3228,259,849
3206,94,3229,259,849
3207,94,3229,259,849
3204,94,3230,849,259
3206,94,3230,259,849
3207,94,3230,259,849
3208,94,3230,259,849
3200,94,3231,849,256
3201,94,3231,849,259
3203,94,3231,849,259
3204,94,3231,849,256
3205,94,3231,849,256
3207,94,3231,259,849
3200,95,3216,259,256
3201,95,3216,259,256
3202,95,3216,256,259
3203,95,3216,256,259
3204,95,3216,256,259
3205,95,3216,256,259
3206,95,3216,256,259
3207,95,3216,256,259
3208,95,3216,849,259
3209,95,3216,849,259
3210,95,3216,849,259
3211,95,3216,849,256
3212,95,3216,849,256
3200,95,3217,259,256
3201,95,3217,256,259
3202,95,3217,256,259
3203,95,3217,256,259
3204,95,3217,256,259
3206,95,3217,256,259
3207,95,3217,256,259
3208,95,3217,849,259
3209,95,3217,849,259
3210,95,3217,849,256
3211,95,3217,849,259
3212,95,3217,849,256
3213,95,3217,259,256
3200,95,3218,256,849
3201,95,3218,256,259
3202,95,3218,256,259
3203,95,3218,256,259
3207,95,3218,256,259
3208,95,3218,849,259
3209,95,3218,849,259
3210,95,3218,849,259
3214,95,3218,259,256
3200,95,3219,256,259
3201,95,3219,256,259
3208,95,3219,849,259
3209,95,3219,849,259
3210,95,3219,849,259
3211,95,3219,849,259
3214,95,3219,259,256
3200,95,3220,256,259
3207,95,3220,256,259
3209,95,3220,849,259
3210,95,3220,849,259
3211,95,3220,849,259
3212,95,3220,849,259
3214,95,3220,849,259
3200,95,3221,259,256
3210,95,3221,849,259
3211,95,3221,849,259
3212,95,3221,849,259
3213,95,3221,849,259
3214,95,3221,849,259
3200,95,3222,259,256
3201,95,3222,259,256
3211,95,3222,849,259
3212,95,3222,849,259
3213,95,3222,849,259
3214,95,3222,849,259
3212,95,3223,849,259
3213,95,3223,849,259
3207,95,3224,259,256
3207,95,3225,259,849
3208,95,3225,259,849
3212,95,3225,256,259
3208,95,3226,259,849
3209,95,3226,259,849
3211,95,3226,849,259
3213,95,3226,256,849
3208,95,3227,259,849
3209,95,3227,259,849
3214,95,3227,259,849
3205,95,3228,849,259
3206,95,3228,849,259
3215,95,3228,259,849
3204,95,3229,849,259
3205,95,3229,849,259
3207,95,3229,259,849
3208,95,3229,259,849
3203,95,3230,849,259
3204,95,3230,849,259
3205,95,3230,849,259
3207,95,3230,259,849
3201,95,3231,849,259
3202,95,3231,849,259
3203,95,3231,849,259
3204,95,3231,849,259
3205,95,3231,849,256
3200,96,3216,259,256
3201,96,3216,256,259
3202,96,3216,256,259
3203,96,3216,256,259
3204,96,3216,256,259
3206,96,3216,256,259
3207,96,3216,256,259
3208,96,3216,256,259
3209,96,3216,849,259
3210,96,3216,849,256
3211,96,3216,849,256
3200,96,3217,256,259
3201,96,3217,256,259
3202,96,3217,256,259
3203,96,3217,256,259
3207,96,3217,256,259
3208,96,3217,849,259
3209,96,3217,849,259
3210,96,3217,849,259
3211,96,3217,259,256
3212,96,3217,259,256
3200,96,3218,256,259
3201,96,3218,256,259
3202,96,3218,256,259
3208,96,3218,849,259
3209,96,3218,849,259
3200,96,3219,256,259
3209,96,3219,849,259
3210,96,3219,849,259
3214,96,3219,259,256
3210,96,3220,849,259
3211,96,3220,849,259
3214,96,3220,259,256
3211,96,3221,849,259
3212,96,3221,849,259
3214,96,3221,849,259
3200,96,3222,259,256
3212,96,3222,849,259
3213,96,3222,849,259
3214,96,3222,256,259
3200,96,3223,259,256
3211,96,3223,849,259
3212,96,3223,849,259
3213,96,3223,256,259
3212,96,3224,256,259
3206,96,3225,259,849
3207,96,3225,259,849
3209,96,3225,259,849
3211,96,3225,849,259
3212,96,3225,849,259
3213,96,3225,256,849
3204,96,3226,256,259
3207,96,3226,259,849
3208,96,3226,259,849
3209,96,3226,259,849
3211,96,3226,849,259
3214,96,3226,259,849
3205,96,3227,849,259
3208,96,3227,259,849
3215,96,3227,259,849
3204,96,3228,849,259
3205,96,3228,849,259
3206,96,3228,849,259
3210,96,3228,849,259
3203,96,3229,849,259
3204,96,3229,849,259
3205,96,3229,849,259
3207,96,3229,259,849
3215,96,3229,259,849
3201,96,3230,849,259
3202,96,3230,849,259
3203,96,3230,849,259
3204,96,3230,849,259
3214,96,3230,256,849
3200,96,3231,849,45
3201,96,3231,849,259
3202,96,3231,849,259
3203,96,3231,849,259
3213,96,3231,256,849
3201,97,3216,259,256
3202,97,3216,256,259
3203,97,3216,256,259
3207,97,3216,256,259
3208,97,3216,256,259
3210,97,3216,849,256
3211,97,3216,259,256
3212,97,3216,259,256
3200,97,3217,259,256
3201,97,3217,256,259
3202,97,3217,256,259
3208,97,3217,256,259
3209,97,3217,849,259
3210,97,3217,259,256
3211,97,3217,259,256
3200,97,3218,256,259
3201,97,3218,256,259
3209,97,3218,849,259
3200,97,3219,256,259
3215,97,3219,259,256
3200,97,3220,256,259
3214,97,3220,259,256
3215,97,3220,259,256
3200,97,3221,259,256
3214,97,3221,259,256
3200,97,3222,259,256
3201,97,3222,259,256
3214,97,3222,256,259
3200,97,3223,259,256
3201,97,3223,259,256
3212,97,3223,256,259
3213,97,3223,256,259
3200,97,3224,259,256
3211,97,3224,256,259
3212,97,3224,256,259
3203,97,3225,256,259
3204,97,3225,256,259
3205,97,3225,259,256
3206,97,3225,259,849
3211,97,3225,849,259
3213,97,3225,849,256
3204,97,3226,849,259
3205,97,3226,849,259
3206,97,3226,259,849
3207,97,3226,259,849
3214,97,3226,849,259
3204,97,3227,849,259
3205,97,3227,849,259
3206,97,3227,849,259
3207,97,3227,259,849
3210,97,3227,849,259
3215,97,3227,849,259
3203,97,3228,849,259
3204,97,3228,849,259
3205,97,3228,849,259
3209,97,3228,849,259
3210,97,3228,849,259
3211,97,3228,849,259
3201,97,3229,849,259
3202,97,3229,849,259
3203,97,3229,849,259
3204,97,3229,849,259
3210,97,3229,849,259
3215,97,3229,849,259
3200,97,3230,849,45
3201,97,3230,849,259
3202,97,3230,849,259
3203,97,3230,849,259
3214,97,3230,849,256
3202,97,3231,849,259
3213,97,3231,849,256
3202,98,3216,259,256
3210,98,3216,259,256
3211,98,3216,259,256
3201,98,3217,259,256
3210,98,3217,259,256
3200,98,3218,259,256
3215,98,3220,259,256
3201,98,3221,259,256
3214,98,3221,259,256
3215,98,3221,259,256
3200,98,3222,259,256
3201,98,3222,259,256
3202,98,3222,259,256
3214,98,3222,259,256
3201,98,3223,259,256
3202,98,3223,259,256
3203,98,3223,259,256
3213,98,3223,259,256
3200,98,3224,259,256
3200,98,3225,259,256
3202,98,3225,256,259
3203,98,3225,256,259
3212,98,3225,849,256
3203,98,3226,256,259
3204,98,3226,256,259
3205,98,3226,849,256
3210,98,3226,849,259
3213,98,3226,849,259
3203,98,3227,256,259
3204,98,3227,849,259
3205,98,3227,849,259
3209,98,3227,849,259
3210,98,3227,849,259
3211,98,3227,849,259
3214,98,3227,849,259
3201,98,3228,849,259
3202,98,3228,849,259
3203,98,3228,849,259
3204,98,3228,849,259
3208,98,3228,849,259
3209,98,3228,849,259
3210,98,3228,849,259
3211,98,3228,849,259
3212,98,3228,849,259
3215,98,3228,849,259
3200,98,3229,849,256
3201,98,3229,849,259
3202,98,3229,849,259
3203,98,3229,849,259
3209,98,3229,849,259
3210,98,3229,849,259
3211,98,3229,849,259
3214,98,3229,849,259
3202,98,3230,849,259
3210,98,3230,849,259
3213,98,3230,849,256
3212,98,3231,849,256
3203,99,3216,259,256
3209,99,3216,259,256
3210,99,3216,259,256
3202,99,3217,259,256
3201,99,3218,259,256
3200,99,3219,259,256
3200,99,3220,259,256
3201,99,3220,259,256
3201,99,3221,259,256
3202,99,3221,259,256
3215,99,3221,259,256
3201,99,3222,259,256
3202,99,3222,259,256
3203,99,3222,259,256
3214,99,3222,259,256
3215,99,3222,259,256
3202,99,3223,259,256
3203,99,3223,259,256
3204,99,3223,259,256
3212,99,3223,259,256
3213,99,3223,259,256
3214,99,3223,259,256
3204,99,3224,259,256
3205,99,3224,259,256
3200,99,3225,259,256
3202,99,3225,256,259
3204,99,3225,256,849
3210,99,3225,849,259
3211,99,3225,849,256
3200,99,3226,259,256
3202,99,3226,256,259
3203,99,3226,256,259
3205,99,3226,256,849
3206,99,3226,849,256
3209,99,3226,849,259
3210,99,3226,849,259
3211,99,3226,849,259
3212,99,3226,849,259
3201,99,3227,45,259
3202,99,3227,256,259
3203,99,3227,849,259
3204,99,3227,849,259
3208,99,3227,849,259
3209,99,3227,849,259
3210,99,3227,849,259
3211,99,3227,849,259
3212,99,3227,849,259
3213,99,3227,849,259
3201,99,3228,849,259
3202,99,3228,849,259
3203,99,3228,849,259
3207,99,3228,849,259
3208,99,3228,849,259
3209,99,3228,849,259
3210,99,3228,849,259
3211,99,3228,849,259
3212,99,3228,849,259
3213,99,3228,849,259
3214,99,3228,849,259
3202,99,3229,849,259
3208,99,3229,849,259
3209,99,3229,849,259
3210,99,3229,849,259
3211,99,3229,849,259
3212,99,3229,849,259
3213,99,3229,849,259
3209,99,3230,849,259
3210,99,3230,849,259
3211,99,3230,849,259
3212,99,3230,849,259
3211,99,3231,849,259
3212,99,3231,256,259
3213,99,3231,256,259
3201,100,3219,259,256
3200,100,3220,259,256
3201,100,3220,259,256
3202,100,3220,259,256
3200,100,3221,259,256
3201,100,3221,259,256
3202,100,3221,259,256
3203,100,3221,259,256
3201,100,3222,259,256
3202,100,3222,259,256
3203,100,3222,259,256
3204,100,3222,259,256
3202,100,3223,259,256
3203,100,3223,259,256
3204,100,3223,259,256
3205,100,3223,259,256
3203,100,3224,259,256
3204,100,3224,259,256
3205,100,3224,259,256
3206,100,3224,259,256
3210,100,3224,256,259
3203,100,3225,256,849
3205,100,3225,256,849
3209,100,3225,849,259
3210,100,3225,849,259
3211,100,3225,256,259
3202,100,3226,256,259
3206,100,3226,256,849
3207,100,3226,849,256
3208,100,3226,849,259
3209,100,3226,849,259
3210,100,3226,849,259
3211,100,3226,849,259
3201,100,3227,45,259
3202,100,3227,849,259
3203,100,3227,849,259
3207,100,3227,849,259
3208,100,3227,849,259
3209,100,3227,849,259
3210,100,3227,849,259
3211,100,3227,849,259
3212,100,3227,849,259
3200,100,3228,45,849
3202,100,3228,849,259
3206,100,3228,849,259
3207,100,3228,849,259
3208,100,3228,849,259
3209,100,3228,849,259
3210,100,3228,849,259
3211,100,3228,849,259
3212,100,3228,849,259
3213,100,3228,849,259
3207,100,3229,849,259
3208,100,3229,849,259
3209,100,3229,849,259
3210,100,3229,849,259
3211,100,3229,849,259
3212,100,3229,849,259
3208,100,3230,849,259
3209,100,3230,849,259
3210,100,3230,849,259
3211,100,3230,849,259
3212,100,3230,256,259
3213,100,3230,256,259
3209,100,3231,849,259
3210,100,3231,849,259
3211,100,3231,256,259
3212,100,3231,256,259
3213,100,3231,256,259
3201,101,3220,259,256
3200,101,3221,259,256
3201,101,3221,259,256
3202,101,3221,259,256
3210,101,3221,256,259
3215,101,3221,256,259
3202,101,3222,259,256
3203,101,3222,259,256
3214,101,3222,256,259
3215,101,3222,256,259
3203,101,3223,259,256
3204,101,3223,259,256
3210,101,3223,256,259
3212,101,3223,256,259
3213,101,3223,256,259
3214,101,3223,256,259
3204,101,3224,259,256
3205,101,3224,259,45
3206,101,3224,259,256
3209,101,3224,256,259
3210,101,3224,256,259
3211,101,3224,256,259
3213,101,3224,256,259
3203,101,3225,849,256
3205,101,3225,849,256
3208,101,3225,256,259
3209,101,3225,849,259
3210,101,3225,256,259
3211,101,3225,256,259
3212,101,3225,256,259
3202,101,3226,849,256
3206,101,3226,849,256
3207,101,3226,256,259
3208,101,3226,849,259
3209,101,3226,849,259
3210,101,3226,849,259
3211,101,3226,256,259
3212,101,3226,256,259
3201,101,3227,849,256
3202,101,3227,849,259
3206,101,3227,849,259
3207,101,3227,849,259
3208,101,3227,849,259
3209,101,3227,849,259
3210,101,3227,849,259
3211,101,3227,849,259
3200,101,3228,849,256
3205,101,3228,849,259
3206,101,3228,849,259
3207,101,3228,849,259
3208,101,3228,849,259
3209,101,3228,849,259
3210,101,3228,849,259
3211,101,3228,849,259
3212,101,3228,849,259
3206,101,3229,849,259
3207,101,3229,849,259
3208,101,3229,849,259
3209,101,3229,849,259
3210,101,3229,849,259
3211,101,3229,849,259
3212,101,3229,256,259
3213,101,3229,256,259
3207,101,3230,849,259
3208,101,3230,849,259
3209,101,3230,849,259
3210,101,3230,849,259
3211,101,3230,256,259
3212,101,3230,256,259
3213,101,3230,256,259
3208,101,3231,849,259
3209,101,3231,849,259
3210,101,3231,849,259
3211,101,3231,849,259
3212,101,3231,256,259
3210,102,3220,45,259
3209,102,3221,256,259
3208,102,3222,256,259
3207,102,3223,256,259
3208,102,3223,256,259
3209,102,3223,256,259
3213,102,3223,256,259
3205,102,3224,259,45
3208,102,3224,256,259
3209,102,3224,256,259
3210,102,3224,256,259
3212,102,3224,256,259
3204,102,3225,849,256
3207,102,3225,256,259
3208,102,3225,256,259
3209,102,3225,256,259
3210,102,3225,256,259
3211,102,3225,256,259
3212,102,3225,256,259
3213,102,3225,256,259
3203,102,3226,849,256
3205,102,3226,849,256
3206,102,3226,256,259
3207,102,3226,256,259
3208,102,3226,256,259
3209,102,3226,256,259
3210,102,3226,256,259
3211,102,3226,256,259
3212,102,3226,256,259
3213,102,3226,256,259
3202,102,3227,849,256
3205,102,3227,849,259
3206,102,3227,849,259
3207,102,3227,256,259
3208,102,3227,256,259
3209,102,3227,256,259
3210,102,3227,256,259
3211,102,3227,256,259
3212,102,3227,256,259
3201,102,3228,849,256
3205,102,3228,849,259
3206,102,3228,849,259
3207,102,3228,849,259
3208,102,3228,256,259
3209,102,3228,256,259
3210,102,3228,256,259
3211,102,3228,256,259
3212,102,3228,256,259
3213,102,3228,256,259
3200,102,3229,849,256
3201,102,3229,849,259
3205,102,3229,849,259
3206,102,3229,849,259
3207,102,3229,849,259
3208,102,3229,849,259
3209,102,3229,256,259
3210,102,3229,256,259
3211,102,3229,256,259
3212,102,3229,256,259
3213,102,3229,256,259
3214,102,3229,256,259
3206,102,3230,849,259
3207,102,3230,849,259
3208,102,3230,849,259
3209,102,3230,849,259
3210,102,3230,256,259
3211,102,3230,256,259
3212,102,3230,256,259
3213,102,3230,256,259
3214,102,3230,256,259
3207,102,3231,849,259
3208,102,3231,849,259
3209,102,3231,849,259
3210,102,3231,849,259
3211,102,3231,256,259
3212,102,3231,256,259
3213,102,3231,256,259
3201,103,3220,259,256
3200,103,3221,259,256
3201,103,3221,259,256
3208,103,3221,256,259
3215,103,3221,259,256
3207,103,3222,256,259
3215,103,3222,259,256
3206,103,3223,256,259
3207,103,3223,256,259
3214,103,3223,259,417
3209,103,3224,256,259
3208,103,3225,256,259
3209,103,3225,256,259
3210,103,3225,256,259
3212,103,3225,256,259
3204,103,3226,849,256
3207,103,3226,256,259
3208,103,3226,256,259
3209,103,3226,256,259
3210,103,3226,256,259
3211,103,3226,256,259
3212,103,3226,256,259
3213,103,3226,256,259
3202,103,3227,256,849
3206,103,3227,256,259
3207,103,3227,256,259
3208,103,3227,256,259
3209,103,3227,256,259
3210,103,3227,256,259
3211,103,3227,256,259
3212,103,3227,256,259
3213,103,3227,256,259
3201,103,3228,256,259
3205,103,3228,849,259
3206,103,3228,849,259
3207,103,3228,256,259
3208,103,3228,256,259
3209,103,3228,256,259
3210,103,3228,256,259
3211,103,3228,256,259
3212,103,3228,256,259
3213,103,3228,256,259
3214,103,3228,256,259
3200,103,3229,256,259
3201,103,3229,849,259
3202,103,3229,849,259
3206,103,3229,849,259
3207,103,3229,849,259
3208,103,3229,45,259
3209,103,3229,256,259
3210,103,3229,256,259
3211,103,3229,256,259
3212,103,3229,256,259
3213,103,3229,256,259
3214,103,3229,256,259
3201,103,3230,849,259
3207,103,3230,849,259
3208,103,3230,849,259
3209,103,3230,256,259
3210,103,3230,256,259
3211,103,3230,256,259
3212,103,3230,256,259
3213,103,3230,256,259
3214,103,3230,256,259
3208,103,3231,849,259
3209,103,3231,849,259
3210,103,3231,256,259
3211,103,3231,256,259
3213,103,3231,256,259
3214,103,3231,256,259
3201,104,3219,259,256
3200,104,3220,259,256
3201,104,3220,259,256
3202,104,3220,259,256
3215,104,3220,259,256
3201,104,3221,259,256
3202,104,3221,259,256
3215,104,3221,259,256
3209,104,3225,256,259
3202,104,3226,259,256
3208,104,3226,256,259
3209,104,3226,256,259
3210,104,3226,256,259
3212,104,3226,256,259
3201,104,3227,256,259
3202,104,3227,256,849
3203,104,3227,256,849
3205,104,3227,256,849
3206,104,3227,256,849
3207,104,3227,256,259
3208,104,3227,256,259
3209,104,3227,256,259
3210,104,3227,256,259
3211,104,3227,256,259
3212,104,3227,256,259
3213,104,3227,256,259
3200,104,3228,256,259
3201,104,3228,256,259
3202,104,3228,256,259
3206,104,3228,256,259
3207,104,3228,256,259
3208,104,3228,256,259
3209,104,3228,256,259
3210,104,3228,256,259
3211,104,3228,256,259
3212,104,3228,256,259
3213,104,3228,256,259
3214,104,3228,256,259
3200,104,3229,256,259
3201,104,3229,256,259
3202,104,3229,849,259
3203,104,3229,849,259
3207,104,3229,45,259
3208,104,3229,45,259
3209,104,3229,256,259
3210,104,3229,256,259
3211,104,3229,256,259
3212,104,3229,256,259
3213,104,3229,256,259
3200,104,3230,256,259
3201,104,3230,849,259
3202,104,3230,849,259
3208,104,3230,256,259
3209,104,3230,256,259
3210,104,3230,256,259
3211,104,3230,256,259
3213,104,3230,256,259
3201,104,3231,849,259
3209,104,3231,256,259
3210,104,3231,256,259
3214,104,3231,256,259
3212,105,3216,259,256
3202,105,3217,259,256
3201,105,3218,259,256
3200,105,3219,259,256
3201,105,3219,259,256
3202,105,3219,259,256
3200,105,3220,259,256
3201,105,3220,259,256
3202,105,3220,259,256
3203,105,3220,259,256
3215,105,3220,259,256
3202,105,3221,259,256
3203,105,3221,259,256
3204,105,3221,259,256
3204,105,3222,259,256
3205,105,3222,259,417
3205,105,3223,259,256
3206,105,3223,259,256
3203,105,3226,259,256
3209,105,3226,256,259
3203,105,3227,256,849
3205,105,3227,256,849
3206,105,3227,256,849
3207,105,3227,256,849
3208,105,3227,256,259
3209,105,3227,256,259
3210,105,3227,256,259
3212,105,3227,256,259
3200,105,3228,256,259
3201,105,3228,256,259
3202,105,3228,256,259
3203,105,3228,849,259
3206,105,3228,256,849
3207,105,3228,256,259
3208,105,3228,256,259
3209,105,3228,256,259
3210,105,3228,256,259
3211,105,3228,256,259
3212,105,3228,256,259
3213,105,3228,256,259
3200,105,3229,256,259
3201,105,3229,256,259
3202,105,3229,849,259
3203,105,3229,849,259
3204,105,3229,849,259
3207,105,3229,256,849
3208,105,3229,256,259
3209,105,3229,256,259
3210,105,3229,256,259
3211,105,3229,256,259
3200,105,3230,256,259
3201,105,3230,849,259
3202,105,3230,849,259
3203,105,3230,849,259
3208,105,3230,256,849
3209,105,3230,256,259
3210,105,3230,256,259
3200,105,3231,256,259
3201,105,3231,849,259
3202,105,3231,849,259
3208,105,3231,256,849
3209,105,3231,256,849
3202,106,3216,259,256
3201,106,3217,259,256
3202,106,3217,259,256
3212,106,3217,259,256
3200,106,3218,259,256
3201,106,3218,259,256
3202,106,3218,259,256
3200,106,3219,259,256
3201,106,3219,259,256
3202,106,3219,259,256
3203,106,3219,259,256
3200,106,3220,259,256
3201,106,3220,259,256
3202,106,3220,259,256
3203,106,3220,259,256
3204,106,3220,259,256
3214,106,3220,259,417
3201,106,3221,259,256
3202,106,3221,259,256
3203,106,3221,259,256
3204,106,3221,259,256
3205,106,3221,259,256
3203,106,3222,259,256
3204,106,3222,259,256
3205,106,3222,259,256
3206,106,3222,259,256
3204,106,3223,259,256
3205,106,3223,259,256
3206,106,3223,259,256
3207,106,3223,259,256
3203,106,3225,259,256
3203,106,3226,259,256
3204,106,3226,259,256
3210,106,3226,256,259
3206,106,3227,256,849
3207,106,3227,256,849
3209,106,3227,256,259
3210,106,3227,256,259
3211,106,3227,256,259
3200,106,3228,256,259
3201,106,3228,256,259
3203,106,3228,849,259
3204,106,3228,849,259
3207,106,3228,256,849
3208,106,3228,256,259
3209,106,3228,256,259
3210,106,3228,256,259
3211,106,3228,256,259
3200,106,3229,256,259
3201,106,3229,849,259
3202,106,3229,849,259
3203,106,3229,849,259
3204,106,3229,849,259
3205,106,3229,849,259
3208,106,3229,256,849
3209,106,3229,256,259
3210,106,3229,256,259
3200,106,3230,849,259
3201,106,3230,849,259
3202,106,3230,849,259
3203,106,3230,849,259
3204,106,3230,849,259
3209,106,3230,256,849
3200,106,3231,256,259
3201,106,3231,849,259
3202,106,3231,849,259
3203,106,3231,849,259
3208,106,3231,256,849
3209,106,3231,259,849
3201,107,3216,259,256
3202,107,3216,259,256
3200,107,3217,259,256
3201,107,3217,259,256
3202,107,3217,259,256
3200,107,3218,259,256
3201,107,3218,259,256
3202,107,3218,259,256
3200,107,3219,259,256
3201,107,3219,259,256
3202,107,3219,259,256
3214,107,3219,259,256
3200,107,3220,259,256
3201,107,3220,259,256
3202,107,3220,259,256
3203,107,3220,259,256
3200,107,3221,259,256
3201,107,3221,259,256
3203,107,3221,259,256
3204,107,3221,259,256
3204,107,3222,259,256
3205,107,3222,259,256
3202,107,3223,259,417
3205,107,3223,259,256
3206,107,3223,259,256
3203,107,3224,259,256
3202,107,3225,259,256
3203,107,3225,259,256
3204,107,3225,259,256
3204,107,3226,259,256
3205,107,3226,259,256
3210,107,3227,256,259
3200,107,3228,256,259
3204,107,3228,849,259
3205,107,3228,849,259
3209,107,3228,256,259
3210,107,3228,45,259
3211,107,3228,45,259
3200,107,3229,849,259
3203,107,3229,849,259
3204,107,3229,849,259
3205,107,3229,849,259
3206,107,3229,849,259
3210,107,3229,45,259
3200,107,3230,849,259
3201,107,3230,849,259
3202,107,3230,849,259
3203,107,3230,849,259
3204,107,3230,849,259
3205,107,3230,849,259
3200,107,3231,849,259
3201,107,3231,849,259
3202,107,3231,849,259
3203,107,3231,849,259
3204,107,3231,849,259
3200,108,3216,259,256
3201,108,3216,259,256
3202,108,3216,259,256
3200,108,3217,259,256
3201,108,3217,259,256
3202,108,3217,259,256
3200,108,3218,259,256
3201,108,3218,259,256
3202,108,3218,259,256
3213,108,3218,259,256
3214,108,3218,259,256
3200,108,3219,259,256
3201,108,3219,259,256
3202,108,3219,259,256
3203,108,3219,259,256
3213,108,3219,259,256
3214,108,3219,259,256
3215,108,3219,259,256
3200,108,3220,259,256
3201,108,3220,259,256
3202,108,3220,259,256
3203,108,3220,259,256
3204,108,3220,259,256
3200,108,3221,259,256
3204,108,3221,259,256
3205,108,3221,259,256
3202,108,3222,259,256
3205,108,3222,259,256
3201,108,3223,259,417
3202,108,3223,259,417
3203,108,3223,259,417
3202,108,3224,259,417
3203,108,3224,259,417
3204,108,3224,259,256
3201,108,3225,259,256
3202,108,3225,259,256
3203,108,3225,259,256
3204,108,3225,259,256
3205,108,3225,259,256
3205,108,3226,259,256
3206,108,3226,259,256
3206,108,3227,849,256
3207,108,3227,849,256
3205,108,3228,849,259
3206,108,3228,849,259
3207,108,3228,849,256
3208,108,3228,849,256
3210,108,3228,45,259
3204,108,3229,849,259
3205,108,3229,849,259
3206,108,3229,849,259
3207,108,3229,849,259
3208,108,3229,849,256
3209,108,3229,849,259
3200,108,3230,849,259
3203,108,3230,849,259
3204,108,3230,849,259
3205,108,3230,849,259
3206,108,3230,849,259
3209,108,3230,849,259
3210,108,3230,849,259
3200,108,3231,849,259
3201,108,3231,849,259
3202,108,3231,849,259
3203,108,3231,849,259
3204,108,3231,849,259
3205,108,3231,849,259
3208,108,3231,849,256
3209,108,3231,849,259
3200,109,3216,259,256
3201,109,3216,259,256
3202,109,3216,259,256
3200,109,3217,259,256
3201,109,3217,259,256
3202,109,3217,259,256
3200,109,3218,259,256
3201,109,3218,259,256
3202,109,3218,259,256
3203,109,3218,259,256
3200,109,3219,259,256
3201,109,3219,259,256
3202,109,3219,259,256
3203,109,3219,259,256
3204,109,3219,259,256
3213,109,3219,256,259
3200,109,3220,259,256
3201,109,3220,259,256
3202,109,3220,259,256
3203,109,3220,259,256
3204,109,3220,259,256
3205,109,3220,259,256
3214,109,3220,256,259
3202,109,3221,259,256
3205,109,3221,259,256
3201,109,3222,259,256
3202,109,3222,259,256
3203,109,3222,259,256
3200,109,3223,259,417
3201,109,3223,259,417
3202,109,3223,259,417
3203,109,3223,259,417
3204,109,3223,259,256
3200,109,3224,849,259
3201,109,3224,259,417
3202,109,3224,259,417
3203,109,3224,259,417
3204,109,3224,259,417
3205,109,3224,259,256
3200,109,3225,259,417
3201,109,3225,259,417
3202,109,3225,259,256
3203,109,3225,259,256
3204,109,3225,259,256
3205,109,3225,259,256
3206,109,3225,259,256
3200,109,3226,849,259
3206,109,3226,259,256
3207,109,3226,259,256
3207,109,3227,849,256
3208,109,3227,849,256
3206,109,3228,849,259
3207,109,3228,849,259
3208,109,3228,849,256
3209,109,3228,849,256
3205,109,3229,849,259
3206,109,3229,849,259
3207,109,3229,849,259
3208,109,3229,849,256
3209,109,3229,849,256
3210,109,3229,849,259
3204,109,3230,849,259
3205,109,3230,849,259
3206,109,3230,849,259
3207,109,3230,849,259
3208,109,3230,849,256
3209,109,3230,849,259
3210,109,3230,849,259
3211,109,3230,849,259
3200,109,3231,849,259
3202,109,3231,849,259
3203,109,3231,849,259
3204,109,3231,849,259
3205,109,3231,849,259
3206,109,3231,849,259
3207,109,3231,849,256
3208,109,3231,849,256
3209,109,3231,849,259
3210,109,3231,849,259
3200,110,3216,259,256
3201,110,3216,259,849
3202,110,3216,259,849
3200,110,3217,259,256
3201,110,3217,259,256
3202,110,3217,259,849
3203,110,3217,259,256
3200,110,3218,259,256
3201,110,3218,259,256
3202,110,3218,259,256
3203,110,3218,259,256
3204,110,3218,259,256
3213,110,3218,256,259
3201,110,3219,259,256
3202,110,3219,259,256
3203,110,3219,259,256
3204,110,3219,259,256
3205,110,3219,259,256
3213,110,3219,256,259
3214,110,3219,256,259
3202,110,3220,259,256
3205,110,3220,259,256
3213,110,3220,256,259
3214,110,3220,256,259
3215,110,3220,256,259
3214,110,3221,256,259
3200,110,3222,259,256
3201,110,3222,259,256
3202,110,3222,259,256
3203,110,3222,259,256
3204,110,3222,259,256
3201,110,3223,259,417
3202,110,3223,259,256
3203,110,3223,259,256
3204,110,3223,259,256
3205,110,3223,259,256
3202,110,3224,259,256
3203,110,3224,259,256
3204,110,3224,259,417
3205,110,3224,259,256
3206,110,3224,259,256
3200,110,3225,849,259
3201,110,3225,259,256
3202,110,3225,259,256
3203,110,3225,259,256
3204,110,3225,259,256
3205,110,3225,259,256
3206,110,3225,259,256
3207,110,3225,259,256
3200,110,3226,849,259
3201,110,3226,849,259
3205,110,3226,259,256
3206,110,3226,259,256
3207,110,3226,259,256
3208,110,3226,259,256
3200,110,3227,849,259
3206,110,3227,259,256
3207,110,3227,259,256
3207,110,3228,849,256
3208,110,3228,849,256
3206,110,3229,849,259
3207,110,3229,849,259
3208,110,3229,849,256
3209,110,3229,849,256
3205,110,3230,849,259
3206,110,3230,849,259
3207,110,3230,849,256
3208,110,3230,849,256
3209,110,3230,849,256
3210,110,3230,849,259
3203,110,3231,849,259
3204,110,3231,849,259
3205,110,3231,849,259
3206,110,3231,849,256
3207,110,3231,849,256
3208,110,3231,849,256
3209,110,3231,849,259
3200,111,3216,259,849
3201,111,3216,259,849
3202,111,3216,259,849
3203,111,3216,259,849
3212,111,3216,256,259
3200,111,3217,259,256
3201,111,3217,259,849
3202,111,3217,259,849
3203,111,3217,259,849
3204,111,3217,259,256
3212,111,3217,256,259
3213,111,3217,256,259
3200,111,3218,259,256
3201,111,3218,259,256
3202,111,3218,259,849
3203,111,3218,259,256
3204,111,3218,259,256
3205,111,3218,259,256
3213,111,3218,256,259
3214,111,3218,256,259
3202,111,3219,259,256
3205,111,3219,259,256
3213,111,3219,256,259
3214,111,3219,256,259
3213,111,3220,256,259
3214,111,3220,256,259
3215,111,3220,256,259
3213,111,3221,256,259
3214,111,3221,256,259
3215,111,3221,256,259
3200,111,3222,45,259
3201,111,3222,259,45
3202,111,3222,259,256
3203,111,3222,259,256
3214,111,3222,256,259
3202,111,3223,259,256
3203,111,3223,259,256
3204,111,3223,259,256
3200,111,3224,849,259
3203,111,3224,259,256
3204,111,3224,259,256
3205,111,3224,259,256
3200,111,3225,849,259
3201,111,3225,849,259
3203,111,3225,259,256
3204,111,3225,259,256
3205,111,3225,259,256
3206,111,3225,259,256
3200,111,3226,849,259
3201,111,3226,849,259
3202,111,3226,849,259
3204,111,3226,259,256
3205,111,3226,259,256
3206,111,3226,259,256
3207,111,3226,259,256
3200,111,3227,849,259
3201,111,3227,849,259
3205,111,3227,259,256
3206,111,3227,259,256
3200,111,3228,849,259
3206,111,3228,849,256
3207,111,3228,849,256
3206,111,3229,849,259
3207,111,3229,849,256
3208,111,3229,849,256
3205,111,3230,849,259
3206,111,3230,849,256
3207,111,3230,849,256
3208,111,3230,849,256
3209,111,3230,849,256
3204,111,3231,849,259
3205,111,3231,849,256
3206,111,3231,849,256
3207,111,3231,849,256
3208,111,3231,849,256
3200,112,3216,259,849
3201,112,3216,259,849
3202,112,3216,259,849
3212,112,3216,256,259
3213,112,3216,256,259
3200,112,3217,259,849
3201,112,3217,259,849
3202,112,3217,259,849
3203,112,3217,259,849
3211,112,3217,256,259
3212,112,3217,256,259
3213,112,3217,256,259
3214,112,3217,256,259
3200,112,3218,259,256
3201,112,3218,259,849
3202,112,3218,259,849
3204,112,3218,849,256
3212,112,3218,256,259
3213,112,3218,256,259
3214,112,3218,256,259
3200,112,3219,259,256
3201,112,3219,849,256
3203,112,3219,849,256
3213,112,3219,256,259
3202,112,3220,849,256
3213,112,3220,256,259
3214,112,3220,256,259
3213,112,3221,256,259
3214,112,3221,256,259
3215,112,3221,256,259
3202,112,3222,259,256
3213,112,3222,256,259
3214,112,3222,256,259
3215,112,3222,256,259
3200,112,3223,849,259
3201,112,3223,259,45
3202,112,3223,259,256
3203,112,3223,259,256
3214,112,3223,256,259
3200,112,3224,849,259
3201,112,3224,849,259
3203,112,3224,259,256
3204,112,3224,259,256
3200,112,3225,849,259
3201,112,3225,849,259
3202,112,3225,849,259
3204,112,3225,259,256
3205,112,3225,259,256
3200,112,3226,849,259
3201,112,3226,849,259
3202,112,3226,849,259
3203,112,3226,849,259
3205,112,3226,259,256
3206,112,3226,259,256
3200,112,3227,849,259
3201,112,3227,849,259
3202,112,3227,849,259
3212,112,3227,259,256
3200,112,3228,849,259
3201,112,3228,849,259
3206,112,3228,849,259
3200,112,3229,849,259
3206,112,3229,259,256
3207,112,3229,849,256
3205,112,3230,259,256
3206,112,3230,849,256
3207,112,3230,849,256
3208,112,3230,849,256
3204,112,3231,259,256
3205,112,3231,849,256
3206,112,3231,849,256
3207,112,3231,849,256
3200,113,3216,259,849
3201,113,3216,259,849
3213,113,3216,256,259
3200,113,3217,259,849
3201,113,3217,259,849
3202,113,3217,259,849
3212,113,3217,256,259
3213,113,3217,256,259
3214,113,3217,256,259
3200,113,3218,259,849
3211,113,3218,256,259
3212,113,3218,256,259
3213,113,3218,256,259
3200,113,3219,849,256
3204,113,3219,849,256
3212,113,3219,256,259
3201,113,3220,849,256
3203,113,3220,849,256
3213,113,3220,256,259
3202,113,3221,849,256
3213,113,3221,256,259
3214,113,3221,256,259
3214,113,3222,256,259
3202,113,3223,259,256
3200,113,3224,849,259
3200,113,3225,849,259
3201,113,3225,849,259
3200,113,3226,849,259
3201,113,3226,849,259
3202,113,3226,849,259
3212,113,3226,259,256
3200,113,3227,849,259
3201,113,3227,849,259
3206,113,3227,256,259
3211,113,3227,259,256
3212,113,3227,259,256
3213,113,3227,259,256
3200,113,3228,849,259
3207,113,3228,256,259
3212,113,3228,259,256
3207,113,3229,259,256
3206,113,3230,259,256
3207,113,3230,849,256
3205,113,3231,259,256
3206,113,3231,849,256
3200,114,3216,259,849
3201,114,3216,259,849
3212,114,3216,256,259
3200,114,3217,259,849
3211,114,3217,256,259
3212,114,3217,256,259
3213,114,3217,256,259
3211,114,3218,256,259
3212,114,3218,256,259
3205,114,3219,849,256
3200,114,3220,849,256
3204,114,3220,849,256
3201,114,3221,849,256
3203,114,3221,849,256
3202,114,3222,849,256
3200,114,3224,256,259
3201,114,3224,256,259
3203,114,3224,256,259
3204,114,3224,256,259
3200,114,3225,849,259
3204,114,3225,256,259
3205,114,3225,256,259
3212,114,3225,259,256
3200,114,3226,849,259
3201,114,3226,849,259
3206,114,3226,256,259
3211,114,3226,259,256
3212,114,3226,259,256
3213,114,3226,259,256
3200,114,3227,849,259
3207,114,3227,256,259
3210,114,3227,259,256
3211,114,3227,259,256
3212,114,3227,259,256
3213,114,3227,259,256
3214,114,3227,259,256
3208,114,3228,256,259
3211,114,3228,259,256
3212,114,3228,259,256
3213,114,3228,259,256
3212,114,3229,259,256
3207,114,3230,259,256
3206,114,3231,259,256
3213,114,3231,849,256
3200,115,3216,259,849
3201,115,3216,259,849
3211,115,3216,256,259
3212,115,3216,256,259
3213,115,3216,256,259
3214,115,3216,849,259
3211,115,3217,256,259
3212,115,3217,256,259
3206,115,3219,849,256
3205,115,3220,849,256
3200,115,3221,849,256
3204,115,3221,849,256
3201,115,3222,849,256
3203,115,3222,849,256
3202,115,3223,849,256
3201,115,3224,256,259
3202,115,3224,256,259
3203,115,3224,256,259
3212,115,3224,259,256
3200,115,3225,256,259
3201,115,3225,256,259
3203,115,3225,256,259
3204,115,3225,256,259
3211,115,3225,259,256
3212,115,3225,259,256
3213,115,3225,259,256
3200,115,3226,849,259
3205,115,3226,256,259
3210,115,3226,259,256
3211,115,3226,259,256
3212,115,3226,259,256
3213,115,3226,259,256
3214,115,3226,259,256
3206,115,3227,256,259
3209,115,3227,259,256
3210,115,3227,259,256
3211,115,3227,259,256
3212,115,3227,259,256
3213,115,3227,259,256
3214,115,3227,259,256
3215,115,3227,259,256
3207,115,3228,256,259
3210,115,3228,259,256
3211,115,3228,259,256
3212,115,3228,259,256
3213,115,3228,259,256
3214,115,3228,259,256
3207,115,3229,259,256
3211,115,3229,259,256
3212,115,3229,259,256
3213,115,3229,259,256
3206,115,3230,259,256
3212,115,3230,259,256
3213,115,3230,849,256
3205,115,3231,259,256
3212,115,3231,849,256
3213,115,3231,849,256
3214,115,3231,849,256
3200,116,3216,259,849
3201,116,3216,259,849
3202,116,3216,259,849
3203,116,3216,849,259
3212,116,3216,256,259
3213,116,3216,849,259
3214,116,3216,849,259
3215,116,3216,849,259
3201,116,3217,259,849
3206,116,3219,256,849
3205,116,3220,256,849
3200,116,3221,256,849
3204,116,3221,256,849
3201,116,3222,256,849
3203,116,3222,256,849
3202,116,3223,256,849
3212,116,3223,259,256
3202,116,3224,256,259
3211,116,3224,259,256
3212,116,3224,259,256
3213,116,3224,259,256
3201,116,3225,256,259
3202,116,3225,256,259
3203,116,3225,256,259
3210,116,3225,259,256
3211,116,3225,259,256
3212,116,3225,259,256
3213,116,3225,259,256
3214,116,3225,259,256
3204,116,3226,256,259
3209,116,3226,259,256
3210,116,3226,259,256
3211,116,3226,259,256
3212,116,3226,259,256
3213,116,3226,259,256
3214,116,3226,259,256
3215,116,3226,259,256
3205,116,3227,256,259
3209,116,3227,259,256
3210,116,3227,259,256
3211,116,3227,259,256
3212,116,3227,259,256
3213,116,3227,259,256
3214,116,3227,259,256
3215,116,3227,259,256
3206,116,3228,256,259
3209,116,3228,259,256
3210,116,3228,259,256
3211,116,3228,259,256
3212,116,3228,259,256
3213,116,3228,259,256
3214,116,3228,259,256
3215,116,3228,259,256
3206,116,3229,259,256
3210,116,3229,259,256
3211,116,3229,259,256
3212,116,3229,259,256
3213,116,3229,259,256
3214,116,3229,259,256
3205,116,3230,259,256
3211,116,3230,259,256
3212,116,3230,259,256
3213,116,3230,259,256
3214,116,3230,849,256
3215,116,3230,259,256
3204,116,3231,259,849
3205,116,3231,256,849
3211,116,3231,849,256
3212,116,3231,259,256
3213,116,3231,849,256
3214,116,3231,849,256
3215,116,3231,849,256
3200,117,3216,259,849
3201,117,3216,259,849
3204,117,3216,849,259
3214,117,3216,849,259
3200,117,3217,259,849
3201,117,3217,259,849
3202,117,3217,259,849
3203,117,3217,849,259
3201,117,3218,259,849
3206,117,3218,256,849
3205,117,3219,256,849
3200,117,3220,256,849
3204,117,3220,256,849
3200,117,3221,256,849
3201,117,3221,256,849
3203,117,3221,256,849
3200,117,3222,256,849
3202,117,3222,256,849
3211,117,3223,259,256
3212,117,3223,259,256
3213,117,3223,259,256
3210,117,3224,259,256
3211,117,3224,259,256
3212,117,3224,259,256
3213,117,3224,259,256
3214,117,3224,259,256
3202,117,3225,256,259
3209,117,3225,259,256
3210,117,3225,259,256
3211,117,3225,259,256
3212,117,3225,259,256
3213,117,3225,259,256
3214,117,3225,259,256
3215,117,3225,259,256
3200,117,3226,259,256
3203,117,3226,256,259
3209,117,3226,259,256
3210,117,3226,259,256
3211,117,3226,259,256
3212,117,3226,259,256
3213,117,3226,259,256
3214,117,3226,259,256
3215,117,3226,259,256
3204,117,3227,256,259
3209,117,3227,259,256
3210,117,3227,259,256
3211,117,3227,259,256
3212,117,3227,259,256
3213,117,3227,259,256
3214,117,3227,259,256
3215,117,3227,259,256
3205,117,3228,256,259
3209,117,3228,259,256
3210,117,3228,259,256
3211,117,3228,259,256
3212,117,3228,259,256
3213,117,3228,259,256
3214,117,3228,259,256
3215,117,3228,259,256
3205,117,3229,259,256
3209,117,3229,259,256
3210,117,3229,259,256
3211,117,3229,259,256
3212,117,3229,259,256
3213,117,3229,259,256
3214,117,3229,259,256
3215,117,3229,259,256
3204,117,3230,259,849
3205,117,3230,256,849
3210,117,3230,259,256
3211,117,3230,259,256
3212,117,3230,259,256
3213,117,3230,259,256
3214,117,3230,259,256
3215,117,3230,849,256
3200,117,3231,259,849
3201,117,3231,259,849
3203,117,3231,259,849
3204,117,3231,256,849
3205,117,3231,256,849
3206,117,3231,256,849
3210,117,3231,849,256
3211,117,3231,259,256
3212,117,3231,259,256
3213,117,3231,259,256
3214,117,3231,849,256
3215,117,3231,849,256
3200,118,3216,259,849
3205,118,3216,849,259
3200,118,3217,259,849
3201,118,3217,259,849
3204,118,3217,849,259
3206,118,3217,256,849
3200,118,3218,259,849
3201,118,3218,259,849
3202,118,3218,259,849
3203,118,3218,849,259
3205,118,3218,256,849
3200,118,3219,256,849
3204,118,3219,256,849
3200,118,3220,256,849
3201,118,3220,256,849
3203,118,3220,256,849
3201,118,3221,256,849
3202,118,3221,256,849
3200,118,3222,256,849
3201,118,3222,256,849
3200,118,3223,256,849
3212,118,3223,259,256
3211,118,3224,259,256
3212,118,3224,259,256
3213,118,3224,259,256
3210,118,3225,259,256
3211,118,3225,259,256
3212,118,3225,259,256
3213,118,3225,259,256
3214,118,3225,259,256
3201,118,3226,259,256
3202,118,3226,256,259
3209,118,3226,259,256
3210,118,3226,259,256
3211,118,3226,259,256
3212,118,3226,259,256
3213,118,3226,259,256
3214,118,3226,259,256
3215,118,3226,259,256
3200,118,3227,259,256
3203,118,3227,256,259
3209,118,3227,259,256
3210,118,3227,259,256
3211,118,3227,259,256
3212,118,3227,259,256
3213,118,3227,259,256
3214,118,3227,259,256
3215,118,3227,259,256
3204,118,3228,256,259
3209,118,3228,259,256
3210,118,3228,259,256
3211,118,3228,259,256
3212,118,3228,259,256
3213,118,3228,259,256
3214,118,3228,259,256
3215,118,3228,259,256
3204,118,3229,259,849
3205,118,3229,256,849
3210,118,3229,259,256
3211,118,3229,259,256
3212,118,3229,259,256
3213,118,3229,259,256
3214,118,3229,259,256
3215,118,3229,259,256
3200,118,3230,259,849
3201,118,3230,259,849
3203,118,3230,259,849
3204,118,3230,256,849
3205,118,3230,256,849
3206,118,3230,256,849
3211,118,3230,259,256
3212,118,3230,259,256
3213,118,3230,259,256
3214,118,3230,259,256
3215,118,3230,259,256
3200,118,3231,259,849
3201,118,3231,259,849
3202,118,3231,259,849
3203,118,3231,256,849
3204,118,3231,259,849
3205,118,3231,256,849
3206,118,3231,256,849
3211,118,3231,849,256
3212,118,3231,259,256
3213,118,3231,259,256
3214,118,3231,259,256
3215,118,3231,849,256
3206,119,3216,256,259
3200,119,3217,259,849
3205,119,3217,256,259
3200,119,3218,259,849
3201,119,3218,259,849
3204,119,3218,256,259
3200,119,3219,256,849
3201,119,3219,256,849
3203,119,3219,256,849
3201,119,3220,256,849
3202,119,3220,256,849
3203,119,3220,256,849
3202,119,3221,256,849
3203,119,3221,256,849
3201,119,3222,256,849
3202,119,3222,256,849
3200,119,3223,256,849
3201,119,3223,256,849
3212,119,3224,259,256
3211,119,3225,259,256
3212,119,3225,259,256
3213,119,3225,259,256
3210,119,3226,259,256
3211,119,3226,259,256
3212,119,3226,259,256
3213,119,3226,259,256
3214,119,3226,259,256
3201,119,3227,259,256
3202,119,3227,256,259
3209,119,3227,259,256
3210,119,3227,259,256
3211,119,3227,259,256
3213,119,3227,259,256
3214,119,3227,259,256
3215,119,3227,259,256
3200,119,3228,259,849
3203,119,3228,256,259
3210,119,3228,259,256
3211,119,3228,259,256
3212,119,3228,259,256
3213,119,3228,259,256
3214,119,3228,259,256
3215,119,3228,259,256
3200,119,3229,259,849
3201,119,3229,259,849
3203,119,3229,259,849
3204,119,3229,256,849
3209,119,3229,259,256
3210,119,3229,259,256
3211,119,3229,259,256
3212,119,3229,259,256
3213,119,3229,259,256
3214,119,3229,259,256
3215,119,3229,259,256
3200,119,3230,259,849
3201,119,3230,259,849
3202,119,3230,259,849
3203,119,3230,256,849
3204,119,3230,259,849
3205,119,3230,256,849
3210,119,3230,259,256
3211,119,3230,259,256
3212,119,3230,259,256
3213,119,3230,259,256
3214,119,3230,259,256
3215,119,3230,259,256
3200,119,3231,256,849
3201,119,3231,259,849
3202,119,3231,256,849
3203,119,3231,259,849
3204,119,3231,259,849
3205,119,3231,259,849
3206,119,3231,256,849
3211,119,3231,259,256
3212,119,3231,259,256
3213,119,3231,259,256
3214,119,3231,259,256
3215,119,3231,259,256
3206,120,3217,256,259
3200,120,3218,259,849
3205,120,3218,256,259
3201,120,3219,256,849
3202,120,3219,256,849
3203,120,3219,256,849
3202,120,3220,256,849
3203,120,3220,256,849
3213,120,3224,259,256
3212,120,3225,259,256
3213,120,3225,259,256
3214,120,3225,259,256
3211,120,3226,259,256
3213,120,3226,259,256
3214,120,3226,259,256
3215,120,3226,259,256
3210,120,3227,259,256
3214,120,3227,259,256
3215,120,3227,259,256
3200,120,3228,256,849
3201,120,3228,259,849
3202,120,3228,256,849
3209,120,3228,259,256
3210,120,3228,259,256
3211,120,3228,259,256
3213,120,3228,259,256
3214,120,3228,259,256
3215,120,3228,259,256
3200,120,3229,259,849
3201,120,3229,259,849
3202,120,3229,259,849
3203,120,3229,256,849
3208,120,3229,259,256
3209,120,3229,259,256
3210,120,3229,259,256
3211,120,3229,259,256
3212,120,3229,259,256
3213,120,3229,259,256
3214,120,3229,259,256
3215,120,3229,259,256
3200,120,3230,256,849
3201,120,3230,259,849
3202,120,3230,256,849
3203,120,3230,256,849
3204,120,3230,256,849
3209,120,3230,259,256
3210,120,3230,259,256
3211,120,3230,259,256
3212,120,3230,259,256
3213,120,3230,259,256
3214,120,3230,259,256
3215,120,3230,259,256
3200,120,3231,256,849
3201,120,3231,256,849
3202,120,3231,256,849
3203,120,3231,256,849
3204,120,3231,259,849
3205,120,3231,256,849
3210,120,3231,259,256
3211,120,3231,259,256
3212,120,3231,259,256
3213,120,3231,259,256
3214,120,3231,259,256
3206,121,3216,256,259
3214,121,3216,259,256
3215,121,3216,259,256
3205,121,3217,256,259
3206,121,3217,256,259
3207,121,3217,256,259
3204,121,3218,256,259
3205,121,3218,256,259
3206,121,3218,256,259
3202,121,3219,256,849
3203,121,3219,256,849
3212,121,3224,259,256
3213,121,3224,259,256
3214,121,3224,259,256
3211,121,3225,259,256
3213,121,3225,259,256
3214,121,3225,259,256
3215,121,3225,259,256
3210,121,3226,259,256
3214,121,3226,259,256
3215,121,3226,259,256
3209,121,3227,259,256
3215,121,3227,259,256
3201,121,3228,256,849
3210,121,3228,259,256
3214,121,3228,259,256
3215,121,3228,259,256
3200,121,3229,256,849
3201,121,3229,259,849
3211,121,3229,259,256
3213,121,3229,259,256
3214,121,3229,259,256
3215,121,3229,259,256
3200,121,3230,256,849
3201,121,3230,256,849
3202,121,3230,256,849
3210,121,3230,259,256
3211,121,3230,259,256
3212,121,3230,259,256
3213,121,3230,259,256
3214,121,3230,259,256
3200,121,3231,256,849
3201,121,3231,256,849
3202,121,3231,256,849
3203,121,3231,256,849
3209,121,3231,259,256
3210,121,3231,259,256
3211,121,3231,259,256
3212,121,3231,259,256
3213,121,3231,259,256
3205,122,3216,256,259
3206,122,3216,256,259
3207,122,3216,256,259
3213,122,3216,259,256
3214,122,3216,259,256
3215,122,3216,259,849
3204,122,3217,256,259
3205,122,3217,256,259
3206,122,3217,256,259
3207,122,3217,256,259
3214,122,3217,259,256
3215,122,3217,259,256
3203,122,3218,256,259
3204,122,3218,256,259
3205,122,3218,256,259
3206,122,3218,256,259
3207,122,3218,256,259
3201,122,3219,256,849
3202,122,3219,256,849
3211,122,3224,259,256
3213,122,3224,259,256
3214,122,3224,259,256
3215,122,3224,259,256
3210,122,3225,259,256
3214,122,3225,259,256
3215,122,3225,259,256
3209,122,3226,259,256
3215,122,3226,259,256
3215,122,3228,259,256
3214,122,3229,259,256
3215,122,3229,259,256
3200,122,3230,256,849
3201,122,3230,256,849
3211,122,3230,259,256
3213,122,3230,259,256
3214,122,3230,259,256
3215,122,3230,259,256
3200,122,3231,256,849
3201,122,3231,256,849
3202,122,3231,256,849
3210,122,3231,259,256
3211,122,3231,259,256
3212,122,3231,259,256
3213,122,3231,259,256
3214,122,3231,259,256
3205,123,3216,256,259
3206,123,3216,256,259
3207,123,3216,256,259
3212,123,3216,259,256
3213,123,3216,259,256
3214,123,3216,259,256
3215,123,3216,259,256
3203,123,3217,256,259
3204,123,3217,256,259
3205,123,3217,256,259
3213,123,3217,259,256
3214,123,3217,259,256
3215,123,3217,259,256
3202,123,3218,256,259
3203,123,3218,256,259
3204,123,3218,256,259
3205,123,3218,256,259
3206,123,3218,256,259
3214,123,3218,259,256
3215,123,3218,259,256
3200,123,3219,256,849
3201,123,3219,256,849
3212,123,3223,256,259
3211,123,3224,256,259
3214,123,3224,259,256
3215,123,3230,259,256
3200,123,3231,256,849
3201,123,3231,256,849
3213,123,3231,259,256
3214,123,3231,259,256
3215,123,3231,259,256
3203,124,3216,256,259
3205,124,3216,256,259
3206,124,3216,256,259
3207,124,3216,256,259
3213,124,3216,259,256
3215,124,3216,259,256
3202,124,3217,256,259
3205,124,3217,256,259
3214,124,3217,259,256
3215,124,3217,259,256
3200,124,3218,256,849
3202,124,3218,256,259
3203,124,3218,256,259
3204,124,3218,256,259
3205,124,3218,256,259
3215,124,3218,259,256
3200,124,3219,256,849
3211,124,3223,256,259
3213,124,3223,256,259
3210,124,3224,256,259
3211,124,3224,256,259
3214,124,3224,256,259
3210,124,3225,256,259
3214,124,3231,259,256
3204,125,3216,256,259
3205,125,3216,256,259
3206,125,3216,256,259
3214,125,3216,259,256
3215,125,3216,259,256
3201,125,3217,256,259
3202,125,3217,256,259
3205,125,3217,256,259
3200,125,3218,256,849
3204,125,3218,256,259
3211,125,3224,256,259
3214,125,3225,256,259
3214,125,3230,259,256
3215,125,3231,259,256
3201,126,3216,256,259
3202,126,3216,256,259
3204,126,3216,256,259
3203,126,3217,256,259
3204,126,3217,256,259
3212,126,3224,256,259
3212,126,3225,256,259
3211,126,3227,256,259
3214,126,3229,259,256
3211,126,3230,259,256
3213,126,3231,259,256
3216,2,3216,256,259
3223,2,3216,259,256
3228,2,3216,259,256
3216,2,3217,256,259
3223,2,3217,259,256
3224,2,3217,259,256
3225,2,3217,259,256
3227,2,3217,259,256
3225,2,3218,259,256
3226,2,3218,259,256
3225,2,3219,259,256
3223,2,3220,259,256
3228,2,3220,259,256
3223,2,3221,259,256
3219,2,3223,256,259
3220,2,3223,256,259
3226,2,3223,259,256
3227,2,3223,259,256
3231,2,3223,259,256
3224,2,3224,259,256
3228,2,3224,259,256
3229,2,3224,259,256
3230,2,3224,259,256
3223,2,3225,259,256
3227,2,3225,259,256
3228,2,3225,259,256
3218,2,3226,256,259
3225,2,3226,259,256
3229,2,3226,259,256
3230,2,3226,259,256
3229,2,3227,259,256
3218,2,3228,256,849
3223,3,3216,259,256
3224,3,3216,259,256
3225,3,3216,259,256
3220,3,3217,849,259
3225,3,3217,259,256
3226,3,3217,259,256
3225,3,3218,259,256
3226,3,3218,259,256
3224,3,3219,259,256
3227,3,3220,259,256
3222,3,3221,259,256
3224,3,3221,259,256
3227,3,3221,259,256
3228,3,3221,259,256
3220,3,3222,256,259
3221,3,3222,256,259
3225,3,3222,259,256
3226,3,3222,259,256
3219,3,3223,256,259
3224,3,3223,259,256
3225,3,3223,259,256
3226,3,3223,259,256
3229,3,3223,259,256
3218,3,3224,256,259
3219,3,3224,256,259
3221,3,3224,256,259
3225,3,3224,259,256
3228,3,3224,259,256
3230,3,3224,259,256
3218,3,3225,256,259
3219,3,3225,256,259
3223,3,3225,259,256
3224,3,3225,259,256
3225,3,3225,259,256
3226,3,3225,259,256
3228,3,3225,259,256
3230,3,3225,259,256
3231,3,3225,259,256
3219,3,3226,256,259
3224,3,3226,259,256
3226,3,3226,259,256
3227,3,3226,259,256
3228,3,3226,259,256
3229,3,3226,259,256
3231,3,3226,259,256
3219,3,3227,259,849
3220,3,3227,256,849
3224,3,3227,259,256
3227,3,3227,259,256
3228,3,3227,259,256
3230,3,3227,259,256
3217,3,3228,259,849
3219,3,3228,256,849
3220,3,3228,256,849
3221,3,3228,256,849
3227,3,3228,259,256
3230,3,3228,259,256
3216,3,3229,259,849
3217,3,3229,259,849
3218,3,3229,256,849
3220,3,3229,256,849
3222,3,3229,256,849
3227,3,3229,259,256
3230,3,3229,259,256
3217,3,3230,256,849
3219,3,3230,256,849
3220,3,3230,256,849
3222,3,3230,256,849
3231,3,3230,259,256
3216,3,3231,256,849
3219,3,3231,256,849
3221,3,3231,256,849
3222,3,3231,256,849
3217,4,3216,256,259
3219,4,3216,849,259
3220,4,3216,849,259
3221,4,3216,849,259
3222,4,3216,849,259
3224,4,3216,259,256
3227,4,3216,256,259
3219,4,3217,849,259
3220,4,3217,849,259
3225,4,3217,259,256
3225,4,3219,259,256
3224,4,3220,259,256
3226,4,3220,259,256
3225,4,3221,259,256
3226,4,3221,259,256
3227,4,3221,259,256
3227,4,3222,259,256
3228,4,3222,259,256
3221,4,3223,256,259
3225,4,3223,259,256
3226,4,3223,259,256
3227,4,3223,259,256
3228,4,3223,259,256
3219,4,3224,256,259
3220,4,3224,256,259
3222,4,3224,259,256
3224,4,3224,259,256
3225,4,3224,259,256
3226,4,3224,259,256
3227,4,3224,259,256
3229,4,3224,259,256
3230,4,3224,259,256
3221,4,3225,259,256
3222,4,3225,259,256
3223,4,3225,259,256
3224,4,3225,259,256
3225,4,3225,259,256
3226,4,3225,259,256
3227,4,3225,259,256
3228,4,3225,259,256
3229,4,3225,259,256
3230,4,3225,259,256
3231,4,3225,259,256
3219,4,3226,259,849
3220,4,3226,256,849
3223,4,3226,259,256
3224,4,3226,259,256
3225,4,3226,259,256
3226,4,3226,259,256
3227,4,3226,259,256
3228,4,3226,259,256
3229,4,3226,259,256
3230,4,3226,259,256
3231,4,3226,259,256
3218,4,3227,259,849
3219,4,3227,259,849
3220,4,3227,259,849
3223,4,3227,259,256
3224,4,3227,259,256
3225,4,3227,259,256
3226,4,3227,259,256
3227,4,3227,259,256
3228,4,3227,259,256
3229,4,3227,259,256
3231,4,3227,259,256
3216,4,3228,259,849
3217,4,3228,259,849
3218,4,3228,259,849
3219,4,3228,259,849
3220,4,3228,256,849
3222,4,3228,256,849
3224,4,3228,259,256
3225,4,3228,259,256
3227,4,3228,259,256
3228,4,3228,259,256
3230,4,3228,259,256
3231,4,3228,259,256
3217,4,3229,259,849
3218,4,3229,259,849
3220,4,3229,256,849
3221,4,3229,256,849
3222,4,3229,256,849
3223,4,3229,256,849
3225,4,3229,259,256
3226,4,3229,259,256
3227,4,3229,259,256
3217,4,3230,259,849
3218,4,3230,256,849
3219,4,3230,256,849
3220,4,3230,256,849
3221,4,3230,256,849
3222,4,3230,256,849
3223,4,3230,256,849
3224,4,3230,256,849
3226,4,3230,259,256
3216,4,3231,259,849
3218,4,3231,259,849
3219,4,3231,256,849
3220,4,3231,256,849
3221,4,3231,256,849
3222,4,3231,256,849
3223,4,3231,256,849
3216,5,3216,256,259
3217,5,3216,849,259
3218,5,3216,849,259
3219,5,3216,849,259
3220,5,3216,849,259
3221,5,3216,849,259
3222,5,3216,849,259
3223,5,3216,849,259
3224,5,3216,256,259
3228,5,3216,256,259
3218,5,3217,849,259
3219,5,3217,849,259
3220,5,3217,849,259
3221,5,3217,849,259
3222,5,3217,849,259
3225,5,3217,256,259
3227,5,3217,256,259
3219,5,3218,849,259
3220,5,3218,849,259
3221,5,3218,849,259
3226,5,3218,256,259
3220,5,3219,849,259
3225,5,3219,256,259
3226,5,3219,259,256
3225,5,3220,259,256
3226,5,3220,259,256
3227,5,3220,259,256
3226,5,3221,259,256
3227,5,3221,259,256
3228,5,3221,259,256
3227,5,3222,259,256
3228,5,3222,259,256
3229,5,3222,259,256
3219,5,3223,256,259
3220,5,3223,256,259
3226,5,3223,259,256
3227,5,3223,259,256
3228,5,3223,259,256
3229,5,3223,259,256
3230,5,3223,259,256
3219,5,3224,256,259
3221,5,3224,259,256
3225,5,3224,259,256
3226,5,3224,259,256
3227,5,3224,259,256
3228,5,3224,259,256
3229,5,3224,259,256
3230,5,3224,259,256
3231,5,3224,259,256
3219,5,3225,259,849
3220,5,3225,256,849
3221,5,3225,259,256
3222,5,3225,259,256
3224,5,3225,259,256
3225,5,3225,259,256
3226,5,3225,259,256
3228,5,3225,259,256
3229,5,3225,259,256
3230,5,3225,259,256
3231,5,3225,259,256
3218,5,3226,259,849
3219,5,3226,259,849
3220,5,3226,259,849
3221,5,3226,259,849
3222,5,3226,259,256
3223,5,3226,259,256
3224,5,3226,259,256
3225,5,3226,259,256
3226,5,3226,259,256
3227,5,3226,259,256
3228,5,3226,259,256
3229,5,3226,259,256
3230,5,3226,259,256
3231,5,3226,259,256
3217,5,3227,259,849
3218,5,3227,259,849
3219,5,3227,259,849
3220,5,3227,259,849
3221,5,3227,259,849
3222,5,3227,259,849
3223,5,3227,259,256
3224,5,3227,259,256
3225,5,3227,259,256
3226,5,3227,259,256
3227,5,3227,259,256
3228,5,3227,259,256
3230,5,3227,259,256
3231,5,3227,259,256
3216,5,3228,259,849
3217,5,3228,259,849
3218,5,3228,259,849
3219,5,3228,259,849
3220,5,3228,259,849
3221,5,3228,256,849
3222,5,3228,256,849
3223,5,3228,259,849
3224,5,3228,259,256
3225,5,3228,259,256
3226,5,3228,259,256
3227,5,3228,259,256
3231,5,3228,259,256
3216,5,3229,259,849
3217,5,3229,259,849
3218,5,3229,259,849
3219,5,3229,259,849
3220,5,3229,256,849
3221,5,3229,256,849
3222,5,3229,256,849
3223,5,3229,256,849
3224,5,3229,259,849
3225,5,3229,259,256
3226,5,3229,259,256
3216,5,3230,259,849
3217,5,3230,259,849
3218,5,3230,259,849
3219,5,3230,256,849
3220,5,3230,256,849
3221,5,3230,256,849
3222,5,3230,256,849
3223,5,3230,256,849
3224,5,3230,256,849
3225,5,3230,259,849
3216,5,3231,259,849
3217,5,3231,259,849
3218,5,3231,259,849
3219,5,3231,259,849
3220,5,3231,256,849
3221,5,3231,256,849
3222,5,3231,256,849
3223,5,3231,256,849
3224,5,3231,256,849
3216,6,3216,849,259
3217,6,3216,849,259
3218,6,3216,849,259
3219,6,3216,849,259
3220,6,3216,849,259
3221,6,3216,849,259
3222,6,3216,849,259
3223,6,3216,849,259
3224,6,3216,849,259
3225,6,3216,256,259
3229,6,3216,256,259
3217,6,3217,849,259
3218,6,3217,849,259
3219,6,3217,849,259
3220,6,3217,849,259
3221,6,3217,849,259
3222,6,3217,849,259
3223,6,3217,849,259
3224,6,3217,256,259
3225,6,3217,256,259
3226,6,3217,256,259
3228,6,3217,256,259
3218,6,3218,849,259
3219,6,3218,849,259
3220,6,3218,849,259
3221,6,3218,849,259
3222,6,3218,849,259
3225,6,3218,256,259
3226,6,3218,256,259
3227,6,3218,256,259
3219,6,3219,849,259
3220,6,3219,849,259
3221,6,3219,849,259
3225,6,3219,256,259
3226,6,3219,256,259
3227,6,3219,259,256
3228,6,3219,256,259
3220,6,3220,849,259
3226,6,3220,259,256
3227,6,3220,259,256
3228,6,3220,259,256
3229,6,3220,256,259
3227,6,3221,259,256
3228,6,3221,259,256
3229,6,3221,259,256
3228,6,3222,259,256
3229,6,3222,259,256
3230,6,3222,259,256
3219,6,3223,256,259
3227,6,3223,259,256
3228,6,3223,259,256
3229,6,3223,259,256
3230,6,3223,259,256
3231,6,3223,259,256
3219,6,3224,259,256
3226,6,3224,259,256
3228,6,3224,259,256
3229,6,3224,259,256
3230,6,3224,259,256
3231,6,3224,259,256
3218,6,3225,259,849
3220,6,3225,259,849
3221,6,3225,259,849
3225,6,3225,259,256
3229,6,3225,259,256
3230,6,3225,259,256
3231,6,3225,259,256
3217,6,3226,259,849
3221,6,3226,259,849
3222,6,3226,259,849
3224,6,3226,259,256
3225,6,3226,259,256
3226,6,3226,259,256
3228,6,3226,259,256
3229,6,3226,259,256
3230,6,3226,259,256
3231,6,3226,259,256
3216,6,3227,259,849
3222,6,3227,259,849
3223,6,3227,259,849
3224,6,3227,259,256
3225,6,3227,259,256
3226,6,3227,259,256
3227,6,3227,259,256
3228,6,3227,259,256
3229,6,3227,259,256
3230,6,3227,259,256
3231,6,3227,259,256
3216,6,3228,259,849
3217,6,3228,259,849
3221,6,3228,259,849
3222,6,3228,256,849
3223,6,3228,256,849
3224,6,3228,259,849
3225,6,3228,259,256
3226,6,3228,259,256
3227,6,3228,259,256
3228,6,3228,259,256
3230,6,3228,259,256
3231,6,3228,259,256
3216,6,3229,259,849
3217,6,3229,259,849
3218,6,3229,259,849
3220,6,3229,259,849
3221,6,3229,256,849
3222,6,3229,256,849
3223,6,3229,256,849
3224,6,3229,256,849
3225,6,3229,259,849
3226,6,3229,259,256
3227,6,3229,259,256
3231,6,3229,259,256
3216,6,3230,259,849
3217,6,3230,259,849
3218,6,3230,259,849
3219,6,3230,259,849
3220,6,3230,256,849
3221,6,3230,256,849
3222,6,3230,256,849
3223,6,3230,256,849
3224,6,3230,256,849
3225,6,3230,256,849
3226,6,3230,259,849
3216,6,3231,259,849
3217,6,3231,259,849
3218,6,3231,259,849
3219,6,3231,259,849
3220,6,3231,259,849
3221,6,3231,256,849
3222,6,3231,256,849
3223,6,3231,256,849
3224,6,3231,256,849
3225,6,3231,256,849
3216,7,3216,849,259
3217,7,3216,849,259
3218,7,3216,849,259
3219,7,3216,849,259
3220,7,3216,849,259
3221,7,3216,849,259
3222,7,3216,849,259
3223,7,3216,849,259
3224,7,3216,849,259
3225,7,3216,849,256
3216,7,3217,849,259
3217,7,3217,849,259
3218,7,3217,849,259
3219,7,3217,849,259
3220,7,3217,849,259
3221,7,3217,849,259
3222,7,3217,849,259
3223,7,3217,849,259
3224,7,3217,849,259
3225,7,3217,256,259
3229,7,3217,256,259
3217,7,3218,849,259
3218,7,3218,849,259
3219,7,3218,849,259
3220,7,3218,849,259
3221,7,3218,849,259
3222,7,3218,849,259
3223,7,3218,849,259
3225,7,3218,256,259
3226,7,3218,256,259
3228,7,3218,256,259
3218,7,3219,849,259
3219,7,3219,849,259
3220,7,3219,849,259
3221,7,3219,849,259
3222,7,3219,849,259
3229,7,3219,256,849
3219,7,3220,849,259
3220,7,3220,849,259
3221,7,3220,849,259
3227,7,3220,259,256
3228,7,3220,256,849
3229,7,3220,259,849
3230,7,3220,256,849
3220,7,3221,849,259
3228,7,3221,259,256
3229,7,3221,259,849
3230,7,3221,259,256
3229,7,3222,259,256
3230,7,3222,259,256
3231,7,3222,259,256
3228,7,3223,259,256
3229,7,3223,259,256
3230,7,3223,259,256
3231,7,3223,259,256
3218,7,3224,259,256
3229,7,3224,259,256
3230,7,3224,259,256
3231,7,3224,259,256
3217,7,3225,259,256
3230,7,3225,259,256
3231,7,3225,259,256
3216,7,3226,259,256
3225,7,3226,259,256
3229,7,3226,259,256
3230,7,3226,259,256
3231,7,3226,259,256
3224,7,3227,259,256
3225,7,3227,259,256
3226,7,3227,259,256
3228,7,3227,259,256
3229,7,3227,259,256
3230,7,3227,259,256
3231,7,3227,259,256
3216,7,3228,259,849
3222,7,3228,259,849
3223,7,3228,256,849
3225,7,3228,259,256
3226,7,3228,259,256
3227,7,3228,259,256
3228,7,3228,259,256
3229,7,3228,259,256
3231,7,3228,259,256
3216,7,3229,259,849
3217,7,3229,259,849
3221,7,3229,259,849
3222,7,3229,256,849
3223,7,3229,256,849
3224,7,3229,256,849
3226,7,3229,259,256
3227,7,3229,259,256
3228,7,3229,259,256
3216,7,3230,259,849
3217,7,3230,259,849
3218,7,3230,259,849
3220,7,3230,259,849
3221,7,3230,256,849
3222,7,3230,256,849
3223,7,3230,256,849
3224,7,3230,256,849
3225,7,3230,256,849
3227,7,3230,259,256
3216,7,3231,259,849
3217,7,3231,259,849
3218,7,3231,259,849
3219,7,3231,259,849
3220,7,3231,259,849
3221,7,3231,259,849
3222,7,3231,256,849
3223,7,3231,256,849
3224,7,3231,256,849
3216,8,3216,849,259
3217,8,3216,849,256
3218,8,3216,849,256
3219,8,3216,849,259
3220,8,3216,849,259
3221,8,3216,849,259
3222,8,3216,849,259
3223,8,3216,849,259
3224,8,3216,849,256
3225,8,3216,849,256
3226,8,3216,849,256
3216,8,3217,849,259
3217,8,3217,849,259
3218,8,3217,849,259
3219,8,3217,849,259
3220,8,3217,849,259
3221,8,3217,849,259
3222,8,3217,849,259
3223,8,3217,849,259
3224,8,3217,849,259
3225,8,3217,849,256
3229,8,3217,256,259
3216,8,3218,849,259
3217,8,3218,849,259
3218,8,3218,849,259
3219,8,3218,849,259
3220,8,3218,849,259
3221,8,3218,849,259
3222,8,3218,849,259
3223,8,3218,849,259
3224,8,3218,849,259
3228,8,3218,256,259
3229,8,3218,256,849
3217,8,3219,849,259
3218,8,3219,849,259
3219,8,3219,849,259
3220,8,3219,849,259
3221,8,3219,849,259
3222,8,3219,849,259
3223,8,3219,849,259
3228,8,3219,256,849
3229,8,3219,259,849
3218,8,3220,849,259
3219,8,3220,849,259
3220,8,3220,849,259
3221,8,3220,849,259
3222,8,3220,849,259
3228,8,3220,259,849
3229,8,3220,259,849
3230,8,3220,259,849
3219,8,3221,849,259
3220,8,3221,849,259
3221,8,3221,849,259
3229,8,3221,259,849
3230,8,3221,259,849
3230,8,3222,259,256
3231,8,3222,259,256
3229,8,3223,259,256
3230,8,3223,259,256
3231,8,3223,259,256
3230,8,3224,259,256
3231,8,3224,259,256
3231,8,3225,259,256
3230,8,3226,259,256
3231,8,3226,259,256
3225,8,3227,259,256
3229,8,3227,259,256
3230,8,3227,259,256
3231,8,3227,259,256
3222,8,3228,256,259
3226,8,3228,259,256
3228,8,3228,259,256
3229,8,3228,259,256
3230,8,3228,259,256
3216,8,3229,259,849
3221,8,3229,256,259
3222,8,3229,256,849
3223,8,3229,256,849
3227,8,3229,259,256
3229,8,3229,259,256
3216,8,3230,259,849
3217,8,3230,259,849
3220,8,3230,256,259
3221,8,3230,256,849
3222,8,3230,256,849
3223,8,3230,256,849
3224,8,3230,256,849
3216,8,3231,259,849
3217,8,3231,259,849
3218,8,3231,259,849
3219,8,3231,259,849
3220,8,3231,259,849
3221,8,3231,256,849
3222,8,3231,256,849
3223,8,3231,256,849
3216,9,3216,849,259
3217,9,3216,849,256
3218,9,3216,849,256
3219,9,3216,849,256
3220,9,3216,849,259
3221,9,3216,849,259
3222,9,3216,849,259
3223,9,3216,849,259
3224,9,3216,849,259
3225,9,3216,849,256
3229,9,3216,256,259
3216,9,3217,849,259
3217,9,3217,849,256
3218,9,3217,849,256
3219,9,3217,849,259
3220,9,3217,849,259
3221,9,3217,849,259
3222,9,3217,849,259
3223,9,3217,849,259
3224,9,3217,849,259
3228,9,3217,256,259
3229,9,3217,256,849
3230,9,3217,849,259
3216,9,3218,849,259
3217,9,3218,849,259
3218,9,3218,849,259
3219,9,3218,849,259
3220,9,3218,849,259
3221,9,3218,849,259
3222,9,3218,849,259
3223,9,3218,849,259
3227,9,3218,256,259
3228,9,3218,256,849
3218,9,3219,849,259
3219,9,3219,849,259
3220,9,3219,849,259
3221,9,3219,849,259
3222,9,3219,849,259
3228,9,3219,259,849
3229,9,3219,259,849
3230,9,3219,259,849
3219,9,3220,849,259
3220,9,3220,849,259
3221,9,3220,849,259
3229,9,3220,259,849
3230,9,3220,259,849
3231,9,3220,259,849
3220,9,3221,849,259
3230,9,3221,259,849
3231,9,3221,259,849
3230,9,3223,259,256
3231,9,3223,259,256
3231,9,3224,259,256
3231,9,3226,259,256
3230,9,3227,259,256
3231,9,3227,259,256
3221,9,3228,256,259
3226,9,3228,256,259
3229,9,3228,259,256
3230,9,3228,259,256
3231,9,3228,259,256
3220,9,3229,256,259
3221,9,3229,256,259
3222,9,3229,256,259
3227,9,3229,256,259
3228,9,3229,259,256
3229,9,3229,259,256
3230,9,3229,259,256
3216,9,3230,259,849
3221,9,3230,256,259
3222,9,3230,256,849
3223,9,3230,256,849
3216,9,3231,259,849
3217,9,3231,259,849
3218,9,3231,259,849
3219,9,3231,259,849
3221,9,3231,259,849
3222,9,3231,256,849
3216,10,3216,849,259
3217,10,3216,849,259
3218,10,3216,849,256
3219,10,3216,849,256
3221,10,3216,849,259
3223,10,3216,849,259
3224,10,3216,849,256
3228,10,3216,256,259
3229,10,3216,256,849
3230,10,3216,849,259
3216,10,3217,849,259
3217,10,3217,849,259
3218,10,3217,849,256
3220,10,3217,849,259
3221,10,3217,849,259
3222,10,3217,849,259
3223,10,3217,849,259
3227,10,3217,256,259
3228,10,3217,256,849
3231,10,3217,849,259
3216,10,3218,849,259
3217,10,3218,849,256
3219,10,3218,849,259
3220,10,3218,849,259
3221,10,3218,849,259
3222,10,3218,849,259
3226,10,3218,256,259
3227,10,3218,256,849
3216,10,3219,849,259
3218,10,3219,259,849
3220,10,3219,849,259
3221,10,3219,849,259
3229,10,3219,259,849
3220,10,3220,849,259
3228,10,3220,259,849
3229,10,3220,259,849
3230,10,3220,259,849
3229,10,3221,259,849
3230,10,3221,259,849
3231,10,3221,259,849
3230,10,3222,259,849
3231,10,3222,259,849
3231,10,3223,259,256
3219,10,3225,256,259
3220,10,3226,256,259
3221,10,3227,256,259
3225,10,3227,256,259
3226,10,3227,256,259
3231,10,3227,259,256
3220,10,3228,256,259
3221,10,3228,256,259
3222,10,3228,256,259
3225,10,3228,256,259
3226,10,3228,256,259
3227,10,3228,256,259
3230,10,3228,259,256
3221,10,3229,256,259
3226,10,3229,256,259
3227,10,3229,256,259
3228,10,3229,256,259
3229,10,3229,259,256
3217,10,3230,259,849
3222,10,3230,256,259
3227,10,3230,256,259
3217,10,3231,259,849
3218,10,3231,259,849
3224,10,3231,256,259
3216,11,3216,849,259
3217,11,3216,849,259
3218,11,3216,849,259
3228,11,3216,256,849
3231,11,3216,849,259
3216,11,3217,849,259
3217,11,3217,849,259
3218,11,3217,849,259
3221,11,3217,849,259
3224,11,3217,256,849
3227,11,3217,256,849
3216,11,3218,849,259
3217,11,3218,849,259
3220,11,3218,849,259
3221,11,3218,849,259
3225,11,3218,256,849
3226,11,3218,256,849
3216,11,3219,849,259
3218,11,3219,259,849
3219,11,3219,256,849
3226,11,3219,256,849
3227,11,3219,849,259
3218,11,3220,259,849
3219,11,3220,256,849
3227,11,3220,849,259
3228,11,3220,849,259
3229,11,3220,259,849
3230,11,3221,259,849
3231,11,3222,259,849
3220,11,3226,256,259
3221,11,3226,256,259
3225,11,3226,256,259
3226,11,3226,256,259
3220,11,3227,256,259
3221,11,3227,256,259
3222,11,3227,256,259
3224,11,3227,256,259
3225,11,3227,256,259
3226,11,3227,256,259
3227,11,3227,256,259
3231,11,3227,256,259
3219,11,3228,849,259
3220,11,3228,256,259
3221,11,3228,256,259
3224,11,3228,256,259
3225,11,3228,256,259
3226,11,3228,256,259
3227,11,3228,256,259
3228,11,3228,256,259
3230,11,3228,256,259
3218,11,3229,849,259
3219,11,3229,849,259
3220,11,3229,849,259
3222,11,3229,256,259
3225,11,3229,256,259
3226,11,3229,256,259
3227,11,3229,256,259
3228,11,3229,256,259
3229,11,3229,256,259
3217,11,3230,849,259
3218,11,3230,849,259
3219,11,3230,849,259
3220,11,3230,849,259
3221,11,3230,849,259
3223,11,3230,256,259
3224,11,3230,256,259
3226,11,3230,256,259
3227,11,3230,256,259
3228,11,3230,256,259
3218,11,3231,849,259
3219,11,3231,849,259
3220,11,3231,849,259
3225,11,3231,256,259
3216,12,3216,849,259
3217,12,3216,849,259
3223,12,3216,256,849
3224,12,3216,256,849
3227,12,3216,256,849
3228,12,3216,256,849
3229,12,3216,256,849
3231,12,3216,259,849
3216,12,3217,849,259
3217,12,3217,849,259
3218,12,3217,849,259
3219,12,3217,849,259
3222,12,3217,256,849
3223,12,3217,256,849
3224,12,3217,256,849
3225,12,3217,256,849
3226,12,3217,256,849
3227,12,3217,256,849
3228,12,3217,256,849
3216,12,3218,849,259
3217,12,3218,849,259
3218,12,3218,849,259
3221,12,3218,256,259
3222,12,3218,259,849
3224,12,3218,256,849
3225,12,3218,256,849
3226,12,3218,256,849
3227,12,3218,256,849
3231,12,3218,259,849
3217,12,3219,849,259
3220,12,3219,256,849
3221,12,3219,259,849
3225,12,3219,256,849
3226,12,3219,256,259
3227,12,3219,849,259
3228,12,3219,849,259
3218,12,3220,849,259
3219,12,3220,45,849
3220,12,3220,259,849
3226,12,3220,256,259
3227,12,3220,256,259
3228,12,3220,849,259
3229,12,3220,849,259
3219,12,3221,256,259
3227,12,3221,256,259
3228,12,3221,256,259
3230,12,3221,849,259
3231,12,3222,849,259
3225,12,3225,256,259
3226,12,3225,256,259
3221,12,3226,256,259
3222,12,3226,256,259
3224,12,3226,256,259
3225,12,3226,256,259
3226,12,3226,256,259
3227,12,3226,256,259
3231,12,3226,256,259
3221,12,3227,256,259
3222,12,3227,256,259
3223,12,3227,256,259
3224,12,3227,256,259
3225,12,3227,256,259
3226,12,3227,256,259
3227,12,3227,256,259
3228,12,3227,256,259
3230,12,3227,256,259
3231,12,3227,256,259
3220,12,3228,849,259
3221,12,3228,256,259
3222,12,3228,256,259
3223,12,3228,256,259
3224,12,3228,256,259
3225,12,3228,256,259
3226,12,3228,256,259
3227,12,3228,256,259
3228,12,3228,256,259
3230,12,3228,256,259
3219,12,3229,849,259
3220,12,3229,849,259
3221,12,3229,849,259
3222,12,3229,256,259
3223,12,3229,256,259
3224,12,3229,256,259
3225,12,3229,256,259
3226,12,3229,256,259
3227,12,3229,256,259
3218,12,3230,849,259
3219,12,3230,849,259
3220,12,3230,849,259
3221,12,3230,849,259
3222,12,3230,849,259
3223,12,3230,256,259
3225,12,3230,256,259
3226,12,3230,256,259
3227,12,3230,256,259
3228,12,3230,256,259
3217,12,3231,849,259
3218,12,3231,849,259
3219,12,3231,849,259
3220,12,3231,849,259
3221,12,3231,849,259
3226,12,3231,256,259
3227,12,3231,256,259
3216,13,3216,849,259
3222,13,3216,417,849
3223,13,3216,417,849
3228,13,3216,256,849
3229,13,3216,256,849
3230,13,3216,259,849
3231,13,3216,259,849
3216,13,3217,849,259
3217,13,3217,849,259
3218,13,3217,849,259
3219,13,3217,849,259
3220,13,3217,849,259
3221,13,3217,417,849
3222,13,3217,259,849
3223,13,3217,417,849
3224,13,3217,256,849
3225,13,3217,256,849
3227,13,3217,256,849
3228,13,3217,256,849
3229,13,3217,256,849
3231,13,3217,259,849
3216,13,3218,849,259
3217,13,3218,849,259
3218,13,3218,849,259
3219,13,3218,849,259
3221,13,3218,259,849
3223,13,3218,259,849
3224,13,3218,256,849
3225,13,3218,256,849
3226,13,3218,256,849
3227,13,3218,256,849
3228,13,3218,256,849
3230,13,3218,259,849
3231,13,3218,259,849
3216,13,3219,849,259
3217,13,3219,849,259
3218,13,3219,849,259
3220,13,3219,259,849
3224,13,3219,259,849
3225,13,3219,256,849
3226,13,3219,256,849
3227,13,3219,256,259
3231,13,3219,259,849
3218,13,3220,849,259
3225,13,3220,259,849
3226,13,3220,256,259
3227,13,3220,256,259
3228,13,3220,256,259
3219,13,3221,256,259
3226,13,3221,256,259
3227,13,3221,256,259
3228,13,3221,256,259
3229,13,3221,256,259
3227,13,3222,256,259
3228,13,3222,256,259
3230,13,3222,256,259
3226,13,3223,256,259
3227,13,3223,256,259
3225,13,3224,256,259
3226,13,3224,256,259
3224,13,3225,256,259
3225,13,3225,256,259
3226,13,3225,256,259
3227,13,3225,256,259
3222,13,3226,256,259
3223,13,3226,256,259
3224,13,3226,256,259
3225,13,3226,256,259
3226,13,3226,256,259
3227,13,3226,256,259
3228,13,3226,256,259
3230,13,3226,256,259
3221,13,3227,256,259
3222,13,3227,256,259
3223,13,3227,256,259
3224,13,3227,256,259
3225,13,3227,256,259
3226,13,3227,256,259
3227,13,3227,256,259
3228,13,3227,256,259
3230,13,3227,256,259
3220,13,3228,849,259
3221,13,3228,849,259
3222,13,3228,256,259
3223,13,3228,256,259
3224,13,3228,256,259
3225,13,3228,256,259
3226,13,3228,417,259
3227,13,3228,417,259
3219,13,3229,849,259
3220,13,3229,849,259
3221,13,3229,849,259
3222,13,3229,849,259
3223,13,3229,256,259
3225,13,3229,417,259
3226,13,3229,417,259
3218,13,3230,849,259
3219,13,3230,849,259
3220,13,3230,849,259
3221,13,3230,849,259
3222,13,3230,849,259
3223,13,3230,849,259
3226,13,3230,256,259
3227,13,3230,256,259
3217,13,3231,849,259
3218,13,3231,849,259
3219,13,3231,849,259
3220,13,3231,849,259
3221,13,3231,849,259
3222,13,3231,849,259
3221,14,3216,256,849
3222,14,3216,259,849
3229,14,3216,259,849
3230,14,3216,259,849
3231,14,3216,259,849
3216,14,3217,849,259
3217,14,3217,849,259
3218,14,3217,849,259
3219,14,3217,849,259
3220,14,3217,849,259
3223,14,3217,259,849
3228,14,3217,256,849
3229,14,3217,256,849
3230,14,3217,259,849
3231,14,3217,259,849
3216,14,3218,849,259
3217,14,3218,849,259
3218,14,3218,849,259
3219,14,3218,849,259
3224,14,3218,259,849
3225,14,3218,256,849
3227,14,3218,256,849
3228,14,3218,256,849
3229,14,3218,256,849
3230,14,3218,259,849
3231,14,3218,259,849
3216,14,3219,849,259
3217,14,3219,849,259
3218,14,3219,849,259
3225,14,3219,259,849
3226,14,3219,256,849
3227,14,3219,256,849
3228,14,3219,256,849
3231,14,3219,259,849
3226,14,3220,259,849
3227,14,3220,256,259
3228,14,3220,256,849
3225,14,3221,259,849
3226,14,3221,256,259
3227,14,3221,256,259
3228,14,3221,256,259
3229,14,3221,256,849
3226,14,3222,256,259
3227,14,3222,256,259
3228,14,3222,256,259
3229,14,3222,256,259
3225,14,3223,256,259
3226,14,3223,256,259
3227,14,3223,256,259
3228,14,3223,256,259
3224,14,3224,256,259
3225,14,3224,256,259
3226,14,3224,256,259
3227,14,3224,256,259
3224,14,3225,256,259
3225,14,3225,256,259
3226,14,3225,256,259
3227,14,3225,256,259
3228,14,3225,256,259
3223,14,3226,256,259
3224,14,3226,256,259
3225,14,3226,256,259
3226,14,3226,256,259
3227,14,3226,256,259
3228,14,3226,256,259
3222,14,3227,256,259
3223,14,3227,256,259
3224,14,3227,256,259
3225,14,3227,256,259
3226,14,3227,256,259
3227,14,3227,256,259
3221,14,3228,849,259
3222,14,3228,849,259
3223,14,3228,256,259
3224,14,3228,256,259
3225,14,3228,256,259
3226,14,3228,417,259
3220,14,3229,849,259
3221,14,3229,849,259
3222,14,3229,849,259
3223,14,3229,849,259
3225,14,3229,417,259
3219,14,3230,849,259
3220,14,3230,849,259
3221,14,3230,849,259
3222,14,3230,849,259
3223,14,3230,849,259
3224,14,3230,849,259
3218,14,3231,849,259
3219,14,3231,849,259
3220,14,3231,849,259
3221,14,3231,849,259
3222,14,3231,849,259
3223,14,3231,849,259
3230,15,3216,259,849
3216,15,3217,849,259
3217,15,3217,849,259
3218,15,3217,849,259
3219,15,3217,849,259
3229,15,3217,259,849
3230,15,3217,259,849
3231,15,3217,259,849
3216,15,3218,849,259
3217,15,3218,849,259
3218,15,3218,849,259
3228,15,3218,256,849
3229,15,3218,256,849
3230,15,3218,259,849
3231,15,3218,259,849
3216,15,3219,849,259
3217,15,3219,849,259
3227,15,3219,256,849
3228,15,3219,256,849
3231,15,3219,259,849
3227,15,3220,259,849
3226,15,3221,259,849
3227,15,3221,256,259
3228,15,3221,256,849
3225,15,3222,259,256
3226,15,3222,256,259
3227,15,3222,256,259
3228,15,3222,256,259
3224,15,3223,259,256
3225,15,3223,256,259
3226,15,3223,256,259
3227,15,3223,256,259
3223,15,3224,259,256
3224,15,3224,256,259
3225,15,3224,256,259
3226,15,3224,256,259
3225,15,3225,256,259
3226,15,3225,256,259
3227,15,3225,256,259
3222,15,3226,259,256
3223,15,3226,259,256
3224,15,3226,256,259
3225,15,3226,256,259
3226,15,3226,256,259
3227,15,3226,256,259
3225,15,3227,256,259
3226,15,3227,256,259
3222,15,3228,849,259
3223,15,3228,849,259
3229,15,3228,259,417
3230,15,3228,259,417
3221,15,3229,849,259
3222,15,3229,849,259
3223,15,3229,849,259
3224,15,3229,849,259
3226,15,3229,259,256
3229,15,3229,259,417
3230,15,3229,259,417
3220,15,3230,849,259
3221,15,3230,849,259
3222,15,3230,849,259
3223,15,3230,849,259
3224,15,3230,849,259
3225,15,3230,849,259
3218,15,3231,849,259
3219,15,3231,849,259
3220,15,3231,849,259
3221,15,3231,849,259
3222,15,3231,849,259
3223,15,3231,849,259
3224,15,3231,849,259
3218,16,3217,849,259
3230,16,3217,259,849
3216,16,3218,849,259
3217,16,3218,849,259
3231,16,3218,259,849
3228,16,3220,259,849
3227,16,3221,259,849
3226,16,3222,259,256
3227,16,3222,256,259
3225,16,3223,259,256
3226,16,3223,256,259
3224,16,3224,259,256
3225,16,3224,256,259
3223,16,3225,259,256
3224,16,3225,256,259
3225,16,3225,256,259
3226,16,3225,256,259
3222,16,3226,259,256
3225,16,3226,256,259
3226,16,3226,256,259
3222,16,3227,849,259
3223,16,3227,849,256
3221,16,3228,849,259
3222,16,3228,849,259
3223,16,3228,849,256
3224,16,3228,849,256
3226,16,3228,259,256
3228,16,3228,259,256
3220,16,3229,849,259
3221,16,3229,849,259
3222,16,3229,849,259
3223,16,3229,849,259
3224,16,3229,849,256
3225,16,3229,849,256
3226,16,3229,259,256
3227,16,3229,259,256
3229,16,3229,259,417
3230,16,3229,259,417
3219,16,3230,849,259
3220,16,3230,849,259
3221,16,3230,849,259
3222,16,3230,849,259
3223,16,3230,849,259
3224,16,3230,849,259
3225,16,3230,849,256
3226,16,3230,259,256
3216,16,3231,259,256
3218,16,3231,849,259
3219,16,3231,849,259
3220,16,3231,849,259
3221,16,3231,849,259
3222,16,3231,849,259
3223,16,3231,849,259
3224,16,3231,849,259
3225,16,3231,849,259
3231,17,3217,259,849
3216,17,3218,849,259
3229,17,3220,259,849
3228,17,3221,259,849
3227,17,3222,259,256
3226,17,3223,259,256
3227,17,3223,256,259
3225,17,3224,259,256
3226,17,3224,256,259
3224,17,3225,259,256
3225,17,3225,256,259
3226,17,3225,256,259
3227,17,3225,256,259
3221,17,3226,259,256
3223,17,3226,259,256
3226,17,3226,256,259
3227,17,3226,256,259
3223,17,3227,259,256
3224,17,3228,259,256
3226,17,3228,259,256
3227,17,3228,259,256
3225,17,3229,259,256
3226,17,3229,259,256
3227,17,3229,259,256
3228,17,3229,259,256
3226,17,3230,259,256
3227,17,3230,259,256
3217,17,3231,259,256
3218,17,3231,849,259
3226,17,3231,256,259
3231,18,3216,259,849
3230,18,3217,849,259
3229,18,3218,849,259
3230,18,3218,849,259
3231,18,3218,849,259
3228,18,3219,849,259
3229,18,3219,849,259
3230,18,3219,849,259
3229,18,3220,849,259
3228,18,3221,849,259
3227,18,3222,849,259
3226,18,3223,256,259
3225,18,3224,256,259
3227,18,3224,256,259
3224,18,3225,256,259
3226,18,3225,256,259
3227,18,3225,256,259
3224,18,3227,259,256
3225,18,3228,259,256
3226,18,3229,259,256
3227,18,3229,259,256
3227,18,3230,259,256
3228,18,3230,259,256
3218,18,3231,259,256
3227,18,3231,256,259
3230,19,3217,849,259
3231,19,3217,849,259
3228,19,3218,849,259
3229,19,3218,849,259
3230,19,3218,849,259
3231,19,3218,849,259
3227,19,3219,849,259
3227,19,3221,849,259
3228,19,3221,849,259
3226,19,3222,849,259
3227,19,3222,849,259
3228,19,3222,849,259
3227,19,3223,256,259
3224,19,3226,259,256
3228,19,3231,256,259
3221,20,3216,417,259
3223,20,3216,256,259
3224,20,3217,849,259
3225,20,3218,849,259
3227,20,3218,849,259
3228,20,3218,849,259
3229,20,3218,849,259
3230,20,3218,849,259
3231,20,3218,849,259
3226,20,3219,849,259
3227,20,3219,849,259
3227,20,3220,849,259
3226,20,3221,849,259
3227,20,3221,849,259
3228,20,3221,849,259
3226,20,3222,849,259
3227,20,3222,849,259
3228,20,3222,849,259
3229,20,3222,849,259
3227,20,3223,256,259
3228,20,3223,256,259
3222,21,3216,417,259
3224,21,3216,849,259
3223,21,3217,849,259
3224,21,3217,849,259
3225,21,3217,849,259
3224,21,3218,849,259
3225,21,3218,849,259
3226,21,3218,849,259
3227,21,3218,849,259
3228,21,3218,849,259
3229,21,3218,849,259
3230,21,3218,849,259
3231,21,3218,849,259
3225,21,3219,849,259
3226,21,3219,849,259
3227,21,3219,849,259
3228,21,3219,849,259
3231,21,3219,849,259
3226,21,3220,849,259
3227,21,3220,849,259
3228,21,3220,849,259
3226,21,3221,849,259
3227,21,3221,849,259
3228,21,3221,849,259
3229,21,3221,849,259
3230,21,3221,849,259
3227,21,3222,849,259
3228,21,3222,849,259
3229,21,3222,849,259
3230,21,3222,849,259
3228,21,3223,256,259
3229,21,3223,256,259
3216,23,3217,259,33
3216,24,3216,259,33
3218,24,3216,259,33
3219,24,3216,259,33
3220,24,3216,259,33
3229,24,3216,259,33
3230,24,3216,259,33
3216,24,3217,259,33
3217,24,3217,259,33
3218,24,3217,259,33
3219,24,3217,259,33
3231,24,3217,259,33
3217,25,3216,259,33
3219,25,3216,259,33
3230,25,3216,259,33
3218,25,3217,259,33
3231,25,3217,259,33
3216,36,3216,259,256
3217,36,3216,259,256
3219,36,3216,259,256
3225,36,3216,256,849
3227,36,3216,849,259
3228,36,3216,849,259
3229,36,3216,849,259
3230,36,3216,849,259
3231,36,3216,849,259
3216,36,3217,259,256
3220,36,3217,259,256
3222,36,3217,256,849
3223,36,3217,256,849
3224,36,3217,256,849
3225,36,3217,256,259
3226,36,3217,849,259
3227,36,3217,849,259
3228,36,3217,849,259
3229,36,3217,849,259
3230,36,3217,849,259
3231,36,3217,849,259
3220,36,3218,256,259
3222,36,3218,256,849
3223,36,3218,256,849
3224,36,3218,256,259
3225,36,3218,849,259
3226,36,3218,849,259
3227,36,3218,849,259
3228,36,3218,849,259
3229,36,3218,849,259
3230,36,3218,849,259
3231,36,3218,849,259
3216,36,3219,259,256
3219,36,3219,256,259
3222,36,3219,256,849
3223,36,3219,256,849
3225,36,3219,849,259
3226,36,3219,849,259
3230,36,3219,849,259
3231,36,3219,849,259
3216,36,3220,259,256
3217,36,3220,259,256
3222,36,3220,45,849
3231,36,3220,849,259
3216,36,3221,259,256
3231,36,3221,849,259
3231,36,3222,849,607
3230,36,3223,849,607
3231,36,3223,849,607
3230,36,3224,849,607
3231,36,3224,849,607
3216,37,3216,259,256
3220,37,3216,259,256
3224,37,3216,256,849
3228,37,3216,849,259
3229,37,3216,849,259
3230,37,3216,849,259
3231,37,3216,849,259
3221,37,3217,259,256
3222,37,3217,259,849
3223,37,3217,259,849
3225,37,3217,849,259
3226,37,3217,849,259
3227,37,3217,849,259
3228,37,3217,849,259
3230,37,3217,849,259
3231,37,3217,849,259
3222,37,3218,259,849
3223,37,3218,259,849
3225,37,3218,849,259
3226,37,3218,849,259
3227,37,3218,849,259
3231,37,3218,849,259
3220,37,3219,256,259
3222,37,3219,259,849
3226,37,3219,849,259
3227,37,3219,849,259
3228,37,3219,849,259
3230,37,3219,849,259
3231,37,3219,849,259
3216,37,3220,259,256
3227,37,3220,849,259
3228,37,3220,849,259
3229,37,3220,849,259
3230,37,3220,849,259
3231,37,3220,849,259
3222,37,3221,256,849
3228,37,3221,849,259
3229,37,3221,849,259
3230,37,3221,849,259
3231,37,3221,849,259
3222,37,3222,256,849
3223,37,3222,256,849
3229,37,3222,849,259
3230,37,3222,849,259
3231,37,3222,849,259
3229,37,3223,849,256
3230,37,3223,849,607
3231,37,3223,849,607
3228,37,3224,849,607
3229,37,3224,849,607
3230,37,3224,849,607
3231,37,3224,849,607
3228,37,3225,849,607
3229,37,3225,849,607
3230,37,3225,849,607
3231,37,3225,849,607
3229,37,3226,849,607
3230,37,3226,849,607
3217,38,3216,259,256
3219,38,3216,259,256
3220,38,3216,259,256
3221,38,3216,259,256
3223,38,3216,259,849
3230,38,3216,849,259
3231,38,3216,849,256
3220,38,3217,259,256
3221,38,3217,259,256
3222,38,3217,259,849
3226,38,3217,849,259
3227,38,3217,849,259
3231,38,3217,849,259
3221,38,3218,259,256
3222,38,3218,259,849
3223,38,3218,259,849
3225,38,3218,849,259
3226,38,3218,849,259
3220,38,3219,259,256
3221,38,3219,259,256
3222,38,3219,259,849
3223,38,3219,259,849
3225,38,3219,849,259
3226,38,3219,849,259
3227,38,3219,849,259
3231,38,3219,849,259
3222,38,3220,259,849
3226,38,3220,849,259
3227,38,3220,849,259
3228,38,3220,849,259
3230,38,3220,849,259
3231,38,3220,849,259
3222,38,3221,256,849
3223,38,3221,256,849
3227,38,3221,849,259
3229,38,3221,849,259
3230,38,3221,849,259
3231,38,3221,849,259
3222,38,3222,256,849
3223,38,3222,256,849
3224,38,3222,256,849
3229,38,3222,849,256
3230,38,3222,849,259
3231,38,3222,849,259
3225,38,3223,256,849
3228,38,3223,849,256
3229,38,3223,849,256
3230,38,3223,849,259
3231,38,3223,849,259
3226,38,3224,256,849
3227,38,3224,849,256
3228,38,3224,849,256
3229,38,3224,849,256
3230,38,3224,849,259
3231,38,3224,849,259
3228,38,3225,849,256
3229,38,3225,849,256
3230,38,3225,849,259
3231,38,3225,849,259
3229,38,3226,849,256
3230,38,3226,256,259
3231,38,3226,849,259
3231,38,3227,849,259
3218,39,3216,259,256
3219,39,3216,259,256
3220,39,3216,259,256
3221,39,3216,259,256
3222,39,3216,259,256
3231,39,3216,256,259
3219,39,3217,259,256
3220,39,3217,259,256
3221,39,3217,259,256
3220,39,3218,259,256
3221,39,3218,259,256
3222,39,3218,259,849
3221,39,3219,259,256
3222,39,3219,259,849
3223,39,3219,259,849
3225,39,3219,849,259
3226,39,3219,849,259
3222,39,3220,259,849
3223,39,3220,259,849
3225,39,3220,849,259
3226,39,3220,849,259
3227,39,3220,849,259
3231,39,3220,849,259
3222,39,3221,259,849
3223,39,3221,256,849
3224,39,3221,256,849
3226,39,3221,849,259
3227,39,3221,849,259
3228,39,3221,849,259
3229,39,3221,259,256
3230,39,3221,849,259
3231,39,3221,849,259
3223,39,3222,256,849
3224,39,3222,256,849
3225,39,3222,256,849
3228,39,3222,849,256
3229,39,3222,849,256
3230,39,3222,849,259
3224,39,3223,256,849
3225,39,3223,256,849
3226,39,3223,256,849
3227,39,3223,849,256
3228,39,3223,849,256
3229,39,3223,849,256
3228,39,3224,849,256
3231,39,3224,259,849
3229,39,3225,849,256
3230,39,3225,256,849
3230,39,3226,256,259
3219,40,3216,259,256
3220,40,3216,259,256
3221,40,3216,259,256
3219,40,3217,259,256
3220,40,3217,259,256
3221,40,3218,259,256
3222,40,3219,259,849
3222,40,3220,259,849
3223,40,3220,259,849
3225,40,3220,849,259
3226,40,3220,849,259
3222,40,3221,259,256
3224,40,3221,256,849
3225,40,3221,256,259
3226,40,3221,849,259
3227,40,3221,849,259
3225,40,3222,256,849
3226,40,3222,256,849
3227,40,3222,849,256
3228,40,3222,849,256
3229,40,3222,259,256
3228,40,3223,849,256
3231,40,3223,259,849
3228,40,3224,256,849
3230,40,3224,259,849
3231,40,3224,259,849
3229,40,3225,256,849
3230,40,3225,256,849
3231,40,3225,259,849
3230,40,3226,256,849
3219,41,3216,259,256
3220,41,3216,259,256
3223,41,3219,259,849
3231,41,3219,259,256
3222,41,3220,259,256
3224,41,3220,256,849
3225,41,3220,256,259
3230,41,3220,259,256
3231,41,3220,259,849
3225,41,3221,256,849
3226,41,3221,256,259
3229,41,3221,259,256
3230,41,3221,259,849
3231,41,3221,259,849
3226,41,3222,259,849
3228,41,3222,259,256
3229,41,3222,259,849
3230,41,3222,259,849
3231,41,3222,259,849
3227,41,3223,259,256
3228,41,3223,256,849
3230,41,3223,259,849
3231,41,3223,259,849
3226,41,3224,259,256
3227,41,3224,259,849
3228,41,3224,259,849
3229,41,3224,256,849
3230,41,3224,259,849
3231,41,3224,259,849
3225,41,3225,259,256
3226,41,3225,259,256
3227,41,3225,259,256
3228,41,3225,259,849
3229,41,3225,259,849
3230,41,3225,259,849
3231,41,3225,259,849
3225,41,3226,259,256
3226,41,3226,259,256
3227,41,3226,259,256
3228,41,3226,259,256
3229,41,3226,259,849
3230,41,3226,259,849
3231,41,3226,259,849
3226,41,3227,259,256
3227,41,3227,259,256
3228,41,3227,259,256
3230,41,3227,256,849
3227,41,3228,259,256
3224,42,3219,256,849
3225,42,3219,256,259
3231,42,3219,259,849
3225,42,3220,256,849
3226,42,3220,256,259
3230,42,3220,259,849
3231,42,3220,259,849
3226,42,3221,259,849
3227,42,3221,256,259
3228,42,3221,259,849
3229,42,3221,259,849
3230,42,3221,259,849
3231,42,3221,259,849
3227,42,3222,259,849
3228,42,3222,256,849
3229,42,3222,259,849
3230,42,3222,259,849
3231,42,3222,259,849
3227,42,3223,259,849
3228,42,3223,259,849
3229,42,3223,256,849
3230,42,3223,259,849
3231,42,3223,259,849
3227,42,3224,259,849
3228,42,3224,259,849
3229,42,3224,259,849
3230,42,3224,259,849
3231,42,3224,259,849
3226,42,3225,259,256
3227,42,3225,259,849
3228,42,3225,259,849
3229,42,3225,259,849
3230,42,3225,259,849
3231,42,3225,259,849
3225,42,3226,259,256
3226,42,3226,259,256
3227,42,3226,259,256
3228,42,3226,259,849
3229,42,3226,259,849
3230,42,3226,259,849
3231,42,3226,259,849
3225,42,3227,259,849
3226,42,3227,259,256
3227,42,3227,259,256
3228,42,3227,259,256
3229,42,3227,259,849
3230,42,3227,259,849
3231,42,3227,259,849
3226,42,3228,259,849
3227,42,3228,259,256
3228,42,3228,259,256
3230,42,3228,256,849
3226,42,3229,259,849
3227,42,3229,259,849
3231,42,3229,256,849
3225,42,3230,259,849
3226,42,3230,259,849
3231,43,3216,256,259
3225,43,3219,259,849
3226,43,3220,259,849
3231,43,3220,259,849
3227,43,3221,259,849
3228,43,3221,256,849
3230,43,3221,259,849
3231,43,3221,259,849
3227,43,3222,259,849
3228,43,3222,259,849
3229,43,3222,256,849
3230,43,3222,259,849
3227,43,3223,259,849
3228,43,3223,259,849
3229,43,3223,259,849
3227,43,3224,259,849
3228,43,3224,259,849
3229,43,3224,259,849
3230,43,3224,259,849
3227,43,3225,259,849
3228,43,3225,259,849
3229,43,3225,259,849
3230,43,3225,259,849
3231,43,3225,259,849
3220,43,3226,259,256
3226,43,3226,259,256
3227,43,3226,259,849
3228,43,3226,259,849
3229,43,3226,259,849
3230,43,3226,259,849
3231,43,3226,259,849
3216,43,3227,849,259
3217,43,3227,256,259
3219,43,3227,259,849
3225,43,3227,259,849
3226,43,3227,259,849
3227,43,3227,259,256
3228,43,3227,259,849
3230,43,3227,259,849
3231,43,3227,259,849
3217,43,3228,849,259
3225,43,3228,259,849
3226,43,3228,259,849
3227,43,3228,259,849
3231,43,3228,259,849
3225,43,3229,259,849
3226,43,3229,259,849
3230,43,3229,256,259
3231,43,3229,256,259
3224,43,3230,259,849
3225,43,3230,259,849
3226,43,3230,259,849
3227,43,3230,259,849
3231,43,3230,259,849
3217,43,3231,256,849
3225,43,3231,259,849
3226,43,3231,259,849
3222,44,3219,256,259
3226,44,3219,259,849
3231,44,3219,259,849
3225,44,3220,259,849
3226,44,3220,259,849
3227,44,3220,259,849
3228,44,3220,259,849
3230,44,3220,259,849
3231,44,3220,259,849
3226,44,3221,259,849
3227,44,3221,259,849
3228,44,3221,259,849
3229,44,3221,417,849
3230,44,3221,417,849
3227,44,3222,259,849
3228,44,3222,259,849
3229,44,3222,259,849
3227,44,3223,259,849
3228,44,3223,259,849
3229,44,3223,259,849
3230,44,3223,259,849
3227,44,3224,259,849
3228,44,3224,259,849
3229,44,3224,259,849
3230,44,3224,259,849
3231,44,3224,259,849
3220,44,3225,259,256
3226,44,3225,259,849
3227,44,3225,259,849
3228,44,3225,259,849
3229,44,3225,259,849
3230,44,3225,259,849
3231,44,3225,259,849
3216,44,3226,849,259
3217,44,3226,256,259
3219,44,3226,259,256
3220,44,3226,259,256
3221,44,3226,259,256
3225,44,3226,259,256
3226,44,3226,259,849
3227,44,3226,259,849
3228,44,3226,259,849
3230,44,3226,259,849
3231,44,3226,259,849
3216,44,3227,849,259
3217,44,3227,849,259
3219,44,3227,259,849
3220,44,3227,259,256
3221,44,3227,259,256
3222,44,3227,259,256
3224,44,3227,259,849
3225,44,3227,259,849
3226,44,3227,259,256
3227,44,3227,259,849
3231,44,3227,259,849
3216,44,3228,849,259
3217,44,3228,849,259
3218,44,3228,849,259
3220,44,3228,259,849
3221,44,3228,259,256
3222,44,3228,259,849
3223,44,3228,259,849
3224,44,3228,259,849
3225,44,3228,259,849
3226,44,3228,259,849
3216,44,3229,849,259
3217,44,3229,849,259
3219,44,3229,259,849
3220,44,3229,259,849
3222,44,3229,259,849
3223,44,3229,259,849
3224,44,3229,259,849
3225,44,3229,259,849
3231,44,3229,256,259
3216,44,3230,849,259
3217,44,3230,256,259
3218,44,3230,256,849
3219,44,3230,259,849
3223,44,3230,259,849
3224,44,3230,259,849
3225,44,3230,259,849
3226,44,3230,259,849
3230,44,3230,256,259
3231,44,3230,256,259
3216,44,3231,256,259
3217,44,3231,256,849
3218,44,3231,256,849
3224,44,3231,259,849
3225,44,3231,259,849
3226,44,3231,259,849
3227,44,3231,259,849
3229,44,3231,849,259
3230,44,3231,256,259
3231,45,3218,259,849
3228,45,3219,259,849
3230,45,3219,259,849
3229,45,3220,259,849
3231,45,3220,849,259
3225,45,3221,259,849
3226,45,3221,259,849
3227,45,3221,259,849
3228,45,3221,259,849
3230,45,3221,849,259
3231,45,3221,849,259
3226,45,3222,259,849
3227,45,3222,259,849
3229,45,3222,849,259
3230,45,3222,849,259
3231,45,3222,849,259
3227,45,3223,259,849
3228,45,3223,259,849
3230,45,3223,849,259
3231,45,3223,849,259
3226,45,3224,259,849
3227,45,3224,259,849
3228,45,3224,259,849
3229,45,3224,259,849
3231,45,3224,849,259
3219,45,3225,259,256
3221,45,3225,259,256
3225,45,3225,259,256
3226,45,3225,259,849
3227,45,3225,259,849
3228,45,3225,259,849
3230,45,3225,259,849
3216,45,3226,256,259
3217,45,3226,256,259
3219,45,3226,259,256
3220,45,3226,259,256
3221,45,3226,259,256
3222,45,3226,259,256
3224,45,3226,259,256
3225,45,3226,259,256
3226,45,3226,259,256
3227,45,3226,259,849
3231,45,3226,259,849
3216,45,3227,849,259
3220,45,3227,259,256
3221,45,3227,259,256
3222,45,3227,259,256
3223,45,3227,259,256
3224,45,3227,259,849
3225,45,3227,259,256
3226,45,3227,259,256
3217,45,3228,849,259
3221,45,3228,259,256
3222,45,3228,259,256
3223,45,3228,259,849
3224,45,3228,259,849
3225,45,3228,259,849
3216,45,3229,849,259
3220,45,3229,259,849
3221,45,3229,259,256
3222,45,3229,259,849
3223,45,3229,259,849
3224,45,3229,259,849
3225,45,3229,259,849
3231,45,3229,256,259
3216,45,3230,256,259
3217,45,3230,256,259
3219,45,3230,259,849
3220,45,3230,259,849
3222,45,3230,259,849
3223,45,3230,259,849
3224,45,3230,259,849
3225,45,3230,259,849
3230,45,3230,256,259
3231,45,3230,256,259
3216,45,3231,256,259
3217,45,3231,256,259
3218,45,3231,256,259
3219,45,3231,259,849
3223,45,3231,259,849
3225,45,3231,259,849
3226,45,3231,259,849
3228,45,3231,849,259
3229,45,3231,256,259
3230,45,3231,256,259
3231,45,3231,256,259
3231,46,3217,259,256
3230,46,3218,259,256
3229,46,3219,259,849
3231,46,3219,849,259
3230,46,3220,849,259
3231,46,3220,849,259
3226,46,3221,259,849
3227,46,3221,259,849
3229,46,3221,849,259
3230,46,3221,849,259
3231,46,3221,849,259
3225,46,3222,259,849
3226,46,3222,259,849
3228,46,3222,849,259
3229,46,3222,849,259
3230,46,3222,849,259
3231,46,3222,849,259
3226,46,3223,259,256
3227,46,3223,259,849
3229,46,3223,849,259
3230,46,3223,849,259
3231,46,3223,849,259
3219,46,3224,259,256
3221,46,3224,259,849
3225,46,3224,259,256
3226,46,3224,259,849
3227,46,3224,259,849
3228,46,3224,259,849
3230,46,3224,849,259
3231,46,3224,849,259
3217,46,3225,256,259
3219,46,3225,259,256
3220,46,3225,259,256
3221,46,3225,259,849
3222,46,3225,259,849
3224,46,3225,259,256
3225,46,3225,259,256
3226,46,3225,259,256
3227,46,3225,259,849
3231,46,3225,849,259
3216,46,3226,256,259
3220,46,3226,259,256
3221,46,3226,259,256
3222,46,3226,259,849
3223,46,3226,259,256
3224,46,3226,259,256
3225,46,3226,259,256
3226,46,3226,259,256
3221,46,3227,259,256
3222,46,3227,259,256
3223,46,3227,259,256
3224,46,3227,259,256
3225,46,3227,259,256
3222,46,3228,259,256
3223,46,3228,259,256
3224,46,3228,259,849
3225,46,3228,259,256
3221,46,3229,259,256
3222,46,3229,259,256
3223,46,3229,259,849
3224,46,3229,259,849
3225,46,3229,259,849
3216,46,3230,256,259
3220,46,3230,259,849
3221,46,3230,259,256
3222,46,3230,259,849
3223,46,3230,259,849
3224,46,3230,259,849
3225,46,3230,259,849
3231,46,3230,256,259
3216,46,3231,256,259
3217,46,3231,256,259
3220,46,3231,259,849
3222,46,3231,259,849
3223,46,3231,259,849
3224,46,3231,259,849
3227,46,3231,849,259
3228,46,3231,256,259
3230,46,3231,256,259
3231,46,3231,849,259
3230,47,3217,259,256
3231,47,3217,259,256
3229,47,3218,259,256
3231,47,3218,849,259
3230,47,3219,849,259
3231,47,3219,849,259
3229,47,3220,849,259
3230,47,3220,849,259
3231,47,3220,849,259
3228,47,3221,849,259
3229,47,3221,849,259
3230,47,3221,849,259
3231,47,3221,849,259
3227,47,3222,849,259
3228,47,3222,849,259
3229,47,3222,849,259
3230,47,3222,849,259
3231,47,3222,849,259
3221,47,3223,259,849
3222,47,3223,259,849
3223,47,3223,259,849
3224,47,3223,259,849
3225,47,3223,259,849
3226,47,3223,259,849
3228,47,3223,849,259
3229,47,3223,849,259
3230,47,3223,849,259
3231,47,3223,849,259
3220,47,3224,259,849
3221,47,3224,259,849
3222,47,3224,259,849
3223,47,3224,259,849
3224,47,3224,259,849
3225,47,3224,259,849
3226,47,3224,259,256
3227,47,3224,259,849
3230,47,3224,849,259
3231,47,3224,849,259
3217,47,3225,256,259
3219,47,3225,259,256
3220,47,3225,259,849
3221,47,3225,259,849
3222,47,3225,259,849
3223,47,3225,259,849
3224,47,3225,259,849
3225,47,3225,259,256
3226,47,3225,259,256
3227,47,3225,259,256
3228,47,3225,259,849
3231,47,3225,849,259
3217,47,3226,256,259
3219,47,3226,259,256
3220,47,3226,259,256
3221,47,3226,259,849
3222,47,3226,259,849
3223,47,3226,259,849
3224,47,3226,259,256
3225,47,3226,259,256
3226,47,3226,259,256
3227,47,3226,259,256
3220,47,3227,259,256
3221,47,3227,259,256
3222,47,3227,259,849
3223,47,3227,259,256
3224,47,3227,259,256
3225,47,3227,259,256
3226,47,3227,259,256
3221,47,3228,259,256
3222,47,3228,259,256
3223,47,3228,259,256
3224,47,3228,259,256
3225,47,3228,259,256
3220,47,3229,259,256
3221,47,3229,259,256
3222,47,3229,259,256
3223,47,3229,259,256
3224,47,3229,259,849
3225,47,3229,259,256
3217,47,3230,256,259
3219,47,3230,259,849
3220,47,3230,259,256
3221,47,3230,259,256
3222,47,3230,259,256
3223,47,3230,259,849
3224,47,3230,259,849
3225,47,3230,259,849
3216,47,3231,256,259
3217,47,3231,256,259
3218,47,3231,849,259
3220,47,3231,849,259
3221,47,3231,259,256
3222,47,3231,259,849
3223,47,3231,259,849
3224,47,3231,259,849
3225,47,3231,259,849
3227,47,3231,256,259
3231,47,3231,849,259
3230,48,3217,259,256
3230,48,3218,849,259
3231,48,3218,849,259
3229,48,3219,849,259
3230,48,3219,849,259
3231,48,3219,849,259
3229,48,3220,849,259
3230,48,3220,849,259
3231,48,3220,849,259
3226,48,3221,849,259
3227,48,3221,849,259
3228,48,3221,849,259
3229,48,3221,849,259
3230,48,3221,849,259
3231,48,3221,849,259
3225,48,3222,849,259
3226,48,3222,849,259
3227,48,3222,849,259
3228,48,3222,849,259
3229,48,3222,849,259
3230,48,3222,849,259
3231,48,3222,849,259
3220,48,3223,259,849
3221,48,3223,259,849
3222,48,3223,259,849
3223,48,3223,259,849
3224,48,3223,259,849
3225,48,3223,259,849
3227,48,3223,849,259
3228,48,3223,849,259
3230,48,3223,849,259
3231,48,3223,849,259
3219,48,3224,259,849
3220,48,3224,259,849
3221,48,3224,259,849
3222,48,3224,259,849
3223,48,3224,259,849
3224,48,3224,259,849
3225,48,3224,259,849
3226,48,3224,259,849
3231,48,3224,849,259
3218,48,3225,259,256
3219,48,3225,259,849
3220,48,3225,259,849
3221,48,3225,259,849
3222,48,3225,259,849
3223,48,3225,259,849
3224,48,3225,259,849
3225,48,3225,259,849
3226,48,3225,259,256
3227,48,3225,259,256
3218,48,3226,259,256
3219,48,3226,259,849
3220,48,3226,259,849
3221,48,3226,259,849
3222,48,3226,259,849
3223,48,3226,259,849
3224,48,3226,259,849
3225,48,3226,259,256
3226,48,3226,259,256
3227,48,3226,259,256
3228,48,3226,259,256
3219,48,3227,259,849
3220,48,3227,259,849
3221,48,3227,259,849
3222,48,3227,259,849
3223,48,3227,259,849
3224,48,3227,259,256
3225,48,3227,259,256
3226,48,3227,259,256
3227,48,3227,259,256
3231,48,3227,259,849
3220,48,3228,259,849
3221,48,3228,259,849
3222,48,3228,259,849
3223,48,3228,259,256
3224,48,3228,259,256
3225,48,3228,259,256
3226,48,3228,259,256
3219,48,3229,259,849
3220,48,3229,259,849
3221,48,3229,259,256
3222,48,3229,259,256
3223,48,3229,259,256
3224,48,3229,259,256
3225,48,3229,259,256
3219,48,3230,259,849
3220,48,3230,259,256
3221,48,3230,259,256
3222,48,3230,259,256
3223,48,3230,259,256
3224,48,3230,259,849
3225,48,3230,259,256
3226,48,3230,259,256
3217,48,3231,849,259
3218,48,3231,849,259
3219,48,3231,849,259
3220,48,3231,259,256
3221,48,3231,259,256
3222,48,3231,259,256
3223,48,3231,259,849
3224,48,3231,259,849
3225,48,3231,259,849
3226,48,3231,259,256
3227,48,3231,259,256
3231,48,3231,259,849
3230,49,3218,256,259
3231,49,3218,849,259
3229,49,3219,256,259
3230,49,3219,849,259
3231,49,3219,849,259
3227,49,3221,256,259
3226,49,3222,849,259
3221,49,3223,259,849
3222,49,3223,259,849
3223,49,3223,259,849
3224,49,3223,259,849
3225,49,3223,259,849
3220,49,3224,259,849
3221,49,3224,259,849
3222,49,3224,259,849
3223,49,3224,259,849
3224,49,3224,259,849
3225,49,3224,259,849
3226,49,3224,259,256
3217,49,3225,259,256
3219,49,3225,259,849
3220,49,3225,259,849
3221,49,3225,259,849
3222,49,3225,259,849
3223,49,3225,259,849
3224,49,3225,259,849
3225,49,3225,259,256
3226,49,3225,259,256
3227,49,3225,259,256
3217,49,3226,259,256
3218,49,3226,259,849
3219,49,3226,259,849
3220,49,3226,259,849
3221,49,3226,259,849
3222,49,3226,259,849
3224,49,3226,259,256
3225,49,3226,259,256
3226,49,3226,259,256
3227,49,3226,259,256
3218,49,3227,259,849
3219,49,3227,259,849
3220,49,3227,259,849
3221,49,3227,259,849
3225,49,3227,259,256
3226,49,3227,259,256
3219,49,3228,259,849
3220,49,3228,259,849
3218,49,3229,259,849
3219,49,3229,259,849
3218,49,3230,259,849
3220,49,3230,259,849
3226,49,3230,259,256
3227,49,3230,259,256
3231,49,3230,259,849
3218,49,3231,849,259
3220,49,3231,849,256
3221,49,3231,259,256
3225,49,3231,259,256
3226,49,3231,259,256
3227,49,3231,259,256
3228,49,3231,259,256
3230,49,3231,259,849
3231,49,3231,259,849
3231,50,3218,256,259
3230,50,3219,256,259
3231,50,3219,849,259
3223,50,3223,259,849
3224,50,3223,259,849
3221,50,3224,259,849
3222,50,3224,259,849
3223,50,3224,259,849
3224,50,3224,259,849
3225,50,3224,259,256
3217,50,3225,259,849
3218,50,3225,259,849
3220,50,3225,259,849
3221,50,3225,259,849
3222,50,3225,259,849
3224,50,3225,259,256
3225,50,3225,259,256
3226,50,3225,259,256
3216,50,3226,259,256
3217,50,3226,259,849
3218,50,3226,259,849
3219,50,3226,259,849
3220,50,3226,259,849
3221,50,3226,259,849
3225,50,3226,259,256
3226,50,3226,259,256
3217,50,3227,259,849
3218,50,3227,259,849
3219,50,3227,259,849
3220,50,3227,259,849
3218,50,3228,259,849
3219,50,3228,259,849
3217,50,3229,259,849
3218,50,3229,259,849
3217,50,3230,259,849
3218,50,3230,259,849
3219,50,3230,259,849
3218,50,3231,259,849
3226,50,3231,259,256
3227,50,3231,259,256
3231,51,3219,256,259
3224,51,3224,259,256
3216,51,3225,259,849
3217,51,3225,259,849
3221,51,3225,259,849
3225,51,3225,259,256
3217,51,3226,259,849
3218,51,3226,259,849
3220,51,3226,259,849
3218,51,3227,259,849
3219,51,3227,259,849
3231,51,3227,849,259
3218,51,3228,259,849
3218,51,3230,259,849
3218,51,3231,849,259
3216,52,3225,259,849
3216,52,3226,259,849
3217,52,3226,259,849
3217,52,3227,259,849
3218,52,3227,259,849
3228,52,3227,256,259
3230,52,3227,256,259
3231,52,3227,849,259
3231,52,3228,256,259
3216,53,3225,259,849
3217,53,3225,259,849
3216,53,3226,259,256
3217,53,3226,259,849
3218,53,3226,259,849
3216,53,3227,259,256
3229,53,3227,256,259
3230,53,3227,256,259
3231,53,3227,256,259
3230,53,3228,256,259
3216,54,3225,259,256
3216,54,3226,259,256
3217,54,3226,259,256
3216,54,3227,259,256
3217,54,3227,259,256
3218,54,3227,259,256
3230,54,3227,256,259
3216,54,3228,259,256
3216,54,3231,259,849
3216,55,3226,259,256
3216,55,3227,259,256
3216,56,3224,259,417
3218,56,3228,849,259
3219,56,3228,849,259
3217,57,3228,849,259
3218,57,3228,849,259
3219,57,3228,849,259
3218,57,3229,849,259
3219,57,3229,849,259
3219,57,3230,849,259
3217,58,3227,849,259
3218,58,3227,849,259
3220,58,3227,849,259
3216,58,3228,849,259
3217,58,3228,849,259
3218,58,3228,849,259
3219,58,3228,849,259
3217,58,3229,849,259
3218,58,3229,849,259
3219,58,3229,849,259
3220,58,3229,849,259
3218,58,3230,849,259
3219,58,3230,849,259
3220,58,3230,849,259
3219,58,3231,849,259
3217,59,3226,849,259
3218,59,3226,849,259
3220,59,3226,849,259
3216,59,3227,849,259
3217,59,3227,849,259
3219,59,3227,849,259
3220,59,3227,849,259
3221,59,3227,849,259
3217,59,3228,849,259
3218,59,3228,849,259
3219,59,3228,849,259
3220,59,3228,849,259
3217,59,3229,849,259
3218,59,3229,849,259
3219,59,3229,849,259
3220,59,3229,849,259
3221,59,3229,849,259
3217,59,3230,849,259
3218,59,3230,849,259
3219,59,3230,849,259
3220,59,3230,849,259
3221,59,3230,849,259
3218,59,3231,849,259
3219,59,3231,849,259
3220,59,3231,849,259
3218,60,3228,849,259
3221,60,3228,849,259
3220,60,3229,849,259
3221,60,3229,849,259
3222,60,3229,849,259
3218,60,3230,849,259
3219,60,3230,849,259
3220,60,3230,849,259
3219,60,3231,849,259
3221,61,3229,849,259
3220,62,3230,256,259
3219,62,3231,256,259
3219,63,3231,256,259
3226,68,3216,259,256
3227,68,3216,259,256
3226,68,3217,259,256
3227,68,3217,259,256
3226,68,3218,259,256
3229,68,3228,259,256
3229,68,3229,259,256
3224,69,3216,259,256
3225,69,3216,259,256
3226,69,3216,259,256
3227,69,3216,259,256
3225,69,3217,259,256
3226,69,3217,259,256
3225,69,3218,259,256
3224,70,3216,259,256
3225,70,3216,259,256
3226,70,3216,259,256
3224,70,3217,259,256
3225,70,3217,259,256
3225,70,3218,259,256
3223,71,3216,259,849
3224,71,3216,259,256
3225,71,3216,259,256
3224,71,3217,259,849
3225,71,3217,259,256
3225,71,3218,259,849
3223,72,3216,259,849
3224,72,3216,259,849
3225,72,3216,259,256
3226,72,3216,259,256
3223,72,3217,259,849
3224,72,3217,259,849
3225,72,3217,259,849
3224,72,3218,259,849
3225,72,3218,259,849
3225,72,3219,259,849
3222,73,3216,259,849
3223,73,3216,259,849
3224,73,3216,259,849
3225,73,3216,259,849
3226,73,3216,259,256
3227,73,3216,259,256
3223,73,3217,259,849
3225,73,3217,259,849
3226,73,3217,259,849
3224,73,3218,259,849
3225,73,3218,259,849
3222,74,3216,259,849
3223,74,3216,259,849
3225,74,3216,259,849
3226,74,3216,259,849
3228,74,3216,259,256
3222,74,3217,259,849
3223,74,3218,259,849
3229,74,3228,259,849
3221,75,3216,259,849
3222,75,3216,259,849
3222,75,3218,259,849
3223,75,3219,259,849
3223,75,3221,256,849
3229,75,3228,259,849
3230,75,3228,259,849
3229,75,3229,259,849
3221,75,3231,256,259
3222,75,3231,256,259
3221,76,3216,259,256
3221,76,3218,259,849
3222,76,3219,259,849
3223,76,3220,256,849
3223,76,3221,256,849
3229,76,3227,259,849
3230,76,3227,259,849
3228,76,3228,259,849
3229,76,3228,259,849
3230,76,3228,259,849
3231,76,3228,259,849
3222,76,3229,256,259
3223,76,3229,256,259
3228,76,3229,259,849
3229,76,3229,259,849
3230,76,3229,259,849
3221,76,3230,256,259
3222,76,3230,256,259
3229,76,3230,259,849
3221,76,3231,256,259
3217,77,3216,256,849
3218,77,3216,256,849
3219,77,3216,256,849
3220,77,3216,259,849
3217,77,3217,256,849
3218,77,3217,256,849
3219,77,3217,256,849
3220,77,3217,256,259
3217,77,3218,256,849
3218,77,3218,256,849
3221,77,3218,256,259
3217,77,3219,256,849
3222,77,3219,256,259
3223,77,3220,256,259
3230,77,3226,259,849
3230,77,3227,259,849
3231,77,3227,259,849
3229,77,3228,259,849
3230,77,3228,259,849
3231,77,3228,259,849
3221,77,3229,256,259
3222,77,3229,256,259
3228,77,3229,259,849
3229,77,3229,259,849
3230,77,3229,259,849
3231,77,3229,259,849
3221,77,3230,256,259
3228,77,3230,259,849
3229,77,3230,259,849
3230,77,3230,259,849
3229,77,3231,259,849
3216,78,3216,256,849
3217,78,3216,256,849
3218,78,3216,256,849
3219,78,3216,256,849
3216,78,3217,256,849
3217,78,3217,256,849
3218,78,3217,256,849
3219,78,3217,256,849
3220,78,3217,256,849
3221,78,3217,256,259
3216,78,3218,256,849
3217,78,3218,256,849
3218,78,3218,256,849
3219,78,3218,256,849
3220,78,3218,256,259
3221,78,3218,849,259
3222,78,3218,849,259
3217,78,3219,256,849
3218,78,3219,256,849
3221,78,3219,256,259
3222,78,3219,849,259
3223,78,3219,849,259
3216,78,3220,849,256
3217,78,3220,849,256
3222,78,3220,256,259
3216,78,3221,849,256
3217,78,3221,849,256
3218,78,3221,849,256
3231,78,3225,256,849
3230,78,3226,259,849
3231,78,3226,259,849
3230,78,3227,259,849
3231,78,3227,259,849
3230,78,3228,259,849
3231,78,3228,259,849
3221,78,3229,256,259
3229,78,3229,259,849
3230,78,3229,259,849
3231,78,3229,259,849
3228,78,3230,259,849
3229,78,3230,259,849
3230,78,3230,259,849
3231,78,3230,259,849
3228,78,3231,259,849
3229,78,3231,259,849
3230,78,3231,259,849
3216,79,3216,256,849
3217,79,3216,256,849
3218,79,3216,256,849
3216,79,3217,256,849
3217,79,3217,256,849
3218,79,3217,256,849
3219,79,3217,256,849
3221,79,3217,849,259
3222,79,3217,849,259
3217,79,3218,256,849
3218,79,3218,256,849
3220,79,3218,849,259
3221,79,3218,849,259
3222,79,3218,849,259
3223,79,3218,849,259
3220,79,3219,256,259
3221,79,3219,849,259
3222,79,3219,849,259
3223,79,3219,849,259
3224,79,3219,849,259
3226,79,3219,256,259
3216,79,3220,849,256
3217,79,3220,849,256
3218,79,3220,849,256
3221,79,3220,417,259
3222,79,3220,849,259
3223,79,3220,849,259
3216,79,3221,849,256
3217,79,3221,849,256
3218,79,3221,849,256
3219,79,3221,849,256
3222,79,3221,256,259
3216,79,3222,849,256
3217,79,3222,849,256
3218,79,3222,849,256
3231,79,3224,256,849
3230,79,3225,259,849
3231,79,3225,259,849
3230,79,3226,259,849
3231,79,3226,259,849
3230,79,3227,259,849
3231,79,3227,259,849
3229,79,3228,259,849
3230,79,3228,259,849
3231,79,3228,259,849
3228,79,3229,259,849
3229,79,3229,259,849
3230,79,3229,259,849
3231,79,3229,259,849
3227,79,3230,259,849
3228,79,3230,259,849
3229,79,3230,259,849
3230,79,3230,259,849
3231,79,3230,259,849
3228,79,3231,259,849
3229,79,3231,259,849
3230,79,3231,259,849
3231,79,3231,259,849
3216,80,3216,256,849
3228,80,3216,256,259
3216,80,3217,256,849
3217,80,3217,256,849
3218,80,3217,256,849
3222,80,3217,849,259
3223,80,3217,849,259
3227,80,3217,256,259
3219,80,3218,849,256
3221,80,3218,849,259
3222,80,3218,849,259
3223,80,3218,849,259
3224,80,3218,849,259
3226,80,3218,849,259
3217,80,3219,849,256
3218,80,3219,849,256
3220,80,3219,849,259
3221,80,3219,849,259
3222,80,3219,849,259
3223,80,3219,849,259
3224,80,3219,849,259
3225,80,3219,849,259
3226,80,3219,849,259
3216,80,3220,849,256
3217,80,3220,849,256
3218,80,3220,849,256
3219,80,3220,849,256
3220,80,3220,417,259
3221,80,3220,849,259
3222,80,3220,849,259
3223,80,3220,849,259
3224,80,3220,849,259
3226,80,3220,256,259
3216,80,3221,849,256
3217,80,3221,849,256
3218,80,3221,849,256
3219,80,3221,849,256
3221,80,3221,417,259
3222,80,3221,849,259
3223,80,3221,849,259
3216,80,3222,849,256
3217,80,3222,849,256
3218,80,3222,849,256
3219,80,3222,849,256
3222,80,3222,256,259
3217,80,3223,849,256
3218,80,3223,849,256
3230,80,3224,256,849
3230,80,3225,259,849
3231,80,3225,256,849
3230,80,3226,259,849
3229,80,3227,259,849
3228,80,3228,259,849
3227,80,3229,259,849
3228,80,3229,259,849
3229,80,3229,259,849
3228,80,3230,259,849
3229,80,3230,259,849
3230,80,3230,259,849
3229,80,3231,259,849
3230,80,3231,259,849
3231,80,3231,256,849
3222,81,3216,849,259
3223,81,3216,849,259
3227,81,3216,256,259
3228,81,3216,256,259
3216,81,3217,256,849
3219,81,3217,849,256
3221,81,3217,849,259
3222,81,3217,849,259
3223,81,3217,849,259
3224,81,3217,849,259
3226,81,3217,849,259
3227,81,3217,849,259
3228,81,3217,256,259
3217,81,3218,849,256
3218,81,3218,849,256
3219,81,3218,849,256
3220,81,3218,849,259
3221,81,3218,849,259
3222,81,3218,849,259
3223,81,3218,849,259
3224,81,3218,849,259
3225,81,3218,849,259
3226,81,3218,849,259
3227,81,3218,849,259
3216,81,3219,849,256
3217,81,3219,849,256
3218,81,3219,849,256
3219,81,3219,849,256
3220,81,3219,849,259
3221,81,3219,849,259
3222,81,3219,849,259
3223,81,3219,849,259
3224,81,3219,849,259
3225,81,3219,849,259
3226,81,3219,849,259
3216,81,3220,849,256
3217,81,3220,849,256
3218,81,3220,849,256
3219,81,3220,849,256
3221,81,3220,849,259
3222,81,3220,849,259
3223,81,3220,849,259
3224,81,3220,849,259
3225,81,3220,849,259
3226,81,3220,849,259
3227,81,3220,256,259
3216,81,3221,849,256
3217,81,3221,849,256
3218,81,3221,849,256
3222,81,3221,849,259
3223,81,3221,849,259
3224,81,3221,849,259
3226,81,3221,256,259
3216,81,3222,849,256
3217,81,3222,849,256
3223,81,3222,849,259
3216,81,3223,849,256
3217,81,3223,849,256
3218,81,3223,849,256
3217,81,3224,849,256
3218,81,3224,849,256
3230,81,3225,256,849
3229,81,3226,259,849
3221,81,3227,259,256
3222,81,3227,259,256
3228,81,3227,259,849
3227,81,3228,259,849
3226,81,3229,259,256
3227,81,3229,259,256
3228,81,3229,259,849
3227,81,3230,259,256
3228,81,3230,259,256
3229,81,3230,259,849
3228,81,3231,259,256
3229,81,3231,259,256
3230,81,3231,256,849
3221,82,3216,849,259
3222,82,3216,849,259
3223,82,3216,849,259
3224,82,3216,849,259
3225,82,3216,849,259
3226,82,3216,256,259
3227,82,3216,256,259
3228,82,3216,256,259
3216,82,3217,256,849
3220,82,3217,849,259
3221,82,3217,849,259
3222,82,3217,849,259
3223,82,3217,849,259
3224,82,3217,849,259
3225,82,3217,849,259
3226,82,3217,849,259
3227,82,3217,256,259
3228,82,3217,256,259
3216,82,3218,849,256
3217,82,3218,849,256
3219,82,3218,849,256
3220,82,3218,849,259
3221,82,3218,849,259
3222,82,3218,849,259
3223,82,3218,849,259
3224,82,3218,849,259
3225,82,3218,849,259
3226,82,3218,849,259
3227,82,3218,849,259
3216,82,3219,849,256
3217,82,3219,849,256
3218,82,3219,849,256
3221,82,3219,849,259
3222,82,3219,849,259
3223,82,3219,849,259
3224,82,3219,849,259
3225,82,3219,849,259
3226,82,3219,849,259
3227,82,3219,256,259
3216,82,3220,849,256
3217,82,3220,849,256
3218,82,3220,849,256
3222,82,3220,849,259
3223,82,3220,849,259
3224,82,3220,849,259
3225,82,3220,849,259
3226,82,3220,256,259
3217,82,3221,849,256
3223,82,3221,849,259
3224,82,3221,849,259
3225,82,3221,849,259
3216,82,3222,849,256
3217,82,3222,849,256
3224,82,3222,849,259
3216,82,3223,849,256
3217,82,3223,849,256
3217,82,3224,849,256
3217,82,3226,256,849
3223,82,3227,259,256
3222,82,3228,259,256
3221,82,3229,259,256
3222,83,3216,849,259
3223,83,3216,849,259
3224,83,3216,849,259
3225,83,3216,256,259
3226,83,3216,256,259
3227,83,3216,256,259
3221,83,3217,849,259
3222,83,3217,849,259
3223,83,3217,849,259
3224,83,3217,849,259
3225,83,3217,849,259
3226,83,3217,256,259
3227,83,3217,256,259
3216,83,3218,849,256
3221,83,3218,849,259
3222,83,3218,849,259
3223,83,3218,849,259
3224,83,3218,849,259
3225,83,3218,849,259
3226,83,3218,849,259
3216,83,3219,849,256
3217,83,3219,849,256
3222,83,3219,849,259
3223,83,3219,849,259
3224,83,3219,849,259
3225,83,3219,849,259
3226,83,3219,256,259
3217,83,3220,849,256
3223,83,3220,849,259
3224,83,3220,849,259
3225,83,3220,849,259
3216,83,3221,259,849
3224,83,3221,849,259
3217,83,3222,849,256
3216,83,3223,849,256
3217,83,3223,849,256
3217,83,3225,256,849
3216,83,3226,256,849
3217,83,3226,256,849
3216,83,3227,256,849
3224,83,3227,256,259
3225,83,3228,256,259
3226,83,3229,256,259
3225,83,3230,259,849
3227,83,3230,256,259
3223,84,3216,849,259
3224,84,3216,849,259
3225,84,3216,849,259
3226,84,3216,256,259
3222,84,3217,849,259
3223,84,3217,849,259
3224,84,3217,849,259
3225,84,3217,849,259
3226,84,3217,849,259
3222,84,3218,849,259
3223,84,3218,849,259
3224,84,3218,849,259
3225,84,3218,849,259
3223,84,3219,849,259
3224,84,3219,849,259
3225,84,3219,849,259
3216,84,3220,259,849
3224,84,3220,849,259
3216,84,3221,259,849
3217,84,3221,259,849
3216,84,3222,259,849
3216,84,3224,256,849
3217,84,3224,256,849
3216,84,3225,256,849
3217,84,3225,256,849
3216,84,3226,256,849
3225,84,3227,256,259
3216,84,3228,259,849
3220,84,3228,849,256
3219,84,3229,849,256
3220,84,3229,849,259
3221,84,3229,849,259
3225,84,3229,259,849
3218,84,3230,849,256
3219,84,3230,849,259
3220,84,3230,849,259
3224,84,3230,259,849
3226,84,3230,259,849
3217,84,3231,849,259
3218,84,3231,849,259
3219,84,3231,849,259
3225,84,3231,259,849
3223,85,3216,849,259
3224,85,3216,849,259
3225,85,3216,849,259
3223,85,3217,849,259
3224,85,3217,849,259
3225,85,3217,849,259
3223,85,3218,849,259
3224,85,3218,849,259
3224,85,3219,849,259
3216,85,3220,259,849
3216,85,3221,259,849
3217,85,3221,259,849
3216,85,3222,259,849
3217,85,3222,259,849
3216,85,3223,259,849
3217,85,3223,256,849
3216,85,3224,256,849
3217,85,3224,256,849
3216,85,3225,256,849
3217,85,3225,256,849
3218,85,3225,256,849
3216,85,3226,256,849
3217,85,3226,256,849
3219,85,3226,256,849
3216,85,3227,259,849
3216,85,3228,259,849
3217,85,3228,259,849
3220,85,3228,849,256
3216,85,3229,259,849
3220,85,3229,849,256
3224,85,3229,259,849
3216,85,3230,259,849
3219,85,3230,849,256
3223,85,3230,259,849
3216,85,3231,259,849
3217,85,3231,259,849
3218,85,3231,849,259
3224,85,3231,259,849
3226,85,3231,259,849
3224,86,3216,849,259
3223,86,3217,849,259
3224,86,3217,849,259
3216,86,3219,256,849
3216,86,3220,259,849
3217,86,3220,256,849
3216,86,3221,259,849
3217,86,3221,259,849
3216,86,3222,259,849
3217,86,3222,256,849
3216,86,3223,256,849
3217,86,3223,256,849
3216,86,3224,256,849
3217,86,3224,256,849
3218,86,3224,256,849
3216,86,3225,256,849
3217,86,3225,256,849
3218,86,3225,256,849
3219,86,3225,256,849
3216,86,3226,259,849
3217,86,3226,256,849
3218,86,3226,256,259
3219,86,3226,256,849
3224,86,3226,259,256
3225,86,3226,259,256
3216,86,3227,259,849
3218,86,3227,849,259
3219,86,3227,256,259
3223,86,3227,259,256
3225,86,3227,259,849
3216,86,3228,259,849
3217,86,3228,259,849
3218,86,3228,849,259
3221,86,3228,259,256
3222,86,3228,259,256
3224,86,3228,259,849
3216,86,3229,259,849
3217,86,3229,259,849
3220,86,3229,259,256
3221,86,3229,259,256
3223,86,3229,259,849
3216,86,3230,259,849
3217,86,3230,259,849
3219,86,3230,259,849
3220,86,3230,259,256
3222,86,3230,259,849
3216,86,3231,259,849
3217,86,3231,259,849
3218,86,3231,259,849
3223,86,3231,259,849
3227,86,3231,259,849
3216,87,3218,256,849
3216,87,3219,256,849
3217,87,3219,256,849
3219,87,3219,256,849
3216,87,3220,256,849
3217,87,3220,256,849
3218,87,3220,256,849
3219,87,3220,256,849
3216,87,3221,259,849
3217,87,3221,256,849
3218,87,3221,256,849
3216,87,3222,256,849
3217,87,3222,256,849
3216,87,3223,256,849
3217,87,3223,256,849
3218,87,3223,256,849
3216,87,3224,256,849
3217,87,3224,256,849
3218,87,3224,256,849
3216,87,3225,256,849
3217,87,3225,256,849
3218,87,3225,256,259
3219,87,3225,256,849
3216,87,3226,256,849
3217,87,3226,256,259
3218,87,3226,256,259
3219,87,3226,256,259
3224,87,3226,259,256
3225,87,3226,256,849
3217,87,3227,256,259
3218,87,3227,256,259
3219,87,3227,256,259
3220,87,3227,256,259
3223,87,3227,259,256
3224,87,3227,259,849
3226,87,3227,256,849
3216,87,3228,259,849
3218,87,3228,849,259
3219,87,3228,256,259
3222,87,3228,259,256
3223,87,3228,259,849
3216,87,3229,259,849
3217,87,3229,259,849
3218,87,3229,849,259
3221,87,3229,259,256
3222,87,3229,259,849
3216,87,3230,259,849
3217,87,3230,259,849
3218,87,3230,259,849
3219,87,3230,849,259
3221,87,3230,259,849
3216,87,3231,259,849
3217,87,3231,259,849
3222,87,3231,259,849
3228,87,3231,259,849
3216,88,3218,256,849
3217,88,3218,256,849
3216,88,3219,256,849
3217,88,3219,256,849
3218,88,3219,256,849
3216,88,3220,256,849
3217,88,3220,256,849
3218,88,3220,256,849
3219,88,3220,256,849
3216,88,3221,256,849
3217,88,3221,256,849
3218,88,3221,256,849
3219,88,3221,256,849
3216,88,3222,256,849
3217,88,3222,256,849
3218,88,3222,256,849
3219,88,3222,256,849
3216,88,3223,259,849
3217,88,3223,256,849
3218,88,3223,256,849
3216,88,3224,259,849
3217,88,3224,259,849
3218,88,3224,256,259
3217,88,3225,256,259
3218,88,3225,256,259
3219,88,3225,256,259
3225,88,3225,256,849
3216,88,3226,256,259
3217,88,3226,256,259
3218,88,3226,256,259
3219,88,3226,256,259
3220,88,3226,256,259
3224,88,3226,256,849
3226,88,3226,256,849
3217,88,3227,256,259
3218,88,3227,256,259
3219,88,3227,256,259
3220,88,3227,256,259
3221,88,3227,256,259
3223,88,3227,256,849
3227,88,3227,256,849
3218,88,3228,256,259
3219,88,3228,256,259
3220,88,3228,256,259
3222,88,3228,256,849
3216,88,3229,259,849
3219,88,3229,256,259
3221,88,3229,256,849
3227,88,3229,849,259
3216,88,3230,259,849
3217,88,3230,259,849
3228,88,3230,849,259
3216,88,3231,259,849
3221,88,3231,259,849
3229,88,3231,256,849
3216,89,3218,256,849
3216,89,3219,256,849
3217,89,3219,256,849
3216,89,3220,256,849
3217,89,3220,256,849
3218,89,3220,256,849
3216,89,3221,256,849
3217,89,3221,256,849
3218,89,3221,256,849
3219,89,3221,256,849
3216,89,3222,259,849
3217,89,3222,256,849
3218,89,3222,256,849
3216,89,3223,259,849
3217,89,3223,259,849
3218,89,3223,256,259
3216,89,3224,259,849
3219,89,3224,256,259
3225,89,3224,256,849
3218,89,3225,256,259
3219,89,3225,256,259
3220,89,3225,256,259
3224,89,3225,256,849
3226,89,3225,256,849
3217,89,3226,256,259
3218,89,3226,256,259
3219,89,3226,256,259
3220,89,3226,256,259
3221,89,3226,256,259
3223,89,3226,256,849
3227,89,3226,256,849
3218,89,3227,256,259
3219,89,3227,256,259
3220,89,3227,256,259
3221,89,3227,256,259
3222,89,3227,256,259
3228,89,3227,256,259
3219,89,3228,256,259
3220,89,3228,256,259
3221,89,3228,256,259
3227,89,3228,849,259
3220,89,3229,256,259
3226,89,3229,849,259
3227,89,3229,849,259
3228,89,3229,849,259
3216,89,3230,259,849
3220,89,3230,259,256
3227,89,3230,849,259
3228,89,3230,849,259
3229,89,3230,849,259
3220,89,3231,259,256
3228,89,3231,849,259
3216,90,3219,256,849
3216,90,3220,256,849
3217,90,3220,256,849
3216,90,3221,259,849
3217,90,3221,256,849
3218,90,3221,256,849
3216,90,3222,259,849
3217,90,3222,259,849
3218,90,3222,256,259
3216,90,3223,259,849
3219,90,3223,256,259
3225,90,3223,256,849
3220,90,3224,256,259
3223,90,3224,259,256
3224,90,3224,256,849
3226,90,3224,256,849
3219,90,3225,256,259
3220,90,3225,256,259
3221,90,3225,256,259
3222,90,3225,259,256
3223,90,3225,259,849
3224,90,3225,259,849
3227,90,3225,256,849
3218,90,3226,256,259
3219,90,3226,256,259
3220,90,3226,256,259
3221,90,3226,256,259
3222,90,3226,256,259
3223,90,3226,259,849
3228,90,3226,256,259
3217,90,3227,256,259
3218,90,3227,256,259
3219,90,3227,256,259
3220,90,3227,256,259
3221,90,3227,256,259
3222,90,3227,849,259
3227,90,3227,849,259
3228,90,3227,849,259
3229,90,3227,256,259
3218,90,3228,256,259
3219,90,3228,256,259
3220,90,3228,256,259
3221,90,3228,849,259
3222,90,3228,849,259
3226,90,3228,849,259
3227,90,3228,849,259
3228,90,3228,849,259
3219,90,3229,256,259
3220,90,3229,256,259
3221,90,3229,849,259
3225,90,3229,849,259
3226,90,3229,849,259
3227,90,3229,849,259
3228,90,3229,849,259
3229,90,3229,849,259
3220,90,3230,256,259
3226,90,3230,849,259
3227,90,3230,849,259
3228,90,3230,849,259
3229,90,3230,849,259
3230,90,3230,256,259
3220,90,3231,259,256
3227,90,3231,849,259
3228,90,3231,849,259
3229,90,3231,849,259
3226,91,3217,259,256
3225,91,3218,259,256
3226,91,3218,259,256
3226,91,3219,259,256
3216,91,3220,259,849
3216,91,3221,259,849
3217,91,3221,259,849
3218,91,3221,256,259
3216,91,3222,259,849
3219,91,3222,256,259
3220,91,3223,256,259
3223,91,3223,259,256
3225,91,3223,849,256
3220,91,3224,256,259
3221,91,3224,256,259
3222,91,3224,259,256
3223,91,3224,259,256
3224,91,3224,259,256
3226,91,3224,849,256
3220,91,3225,256,259
3223,91,3225,259,256
3224,91,3225,259,849
3225,91,3225,259,849
3227,91,3225,849,256
3228,91,3225,256,259
3219,91,3226,256,259
3220,91,3226,256,259
3221,91,3226,256,259
3223,91,3226,259,849
3224,91,3226,259,849
3227,91,3226,849,259
3228,91,3226,849,259
3229,91,3226,256,259
3218,91,3227,256,259
3219,91,3227,256,259
3220,91,3227,256,259
3221,91,3227,849,259
3222,91,3227,849,259
3223,91,3227,259,849
3226,91,3227,849,259
3227,91,3227,849,259
3228,91,3227,849,259
3229,91,3227,849,259
3230,91,3227,849,259
3231,91,3227,259,256
3217,91,3228,256,259
3218,91,3228,256,259
3219,91,3228,256,259
3220,91,3228,256,259
3221,91,3228,849,259
3222,91,3228,849,259
3225,91,3228,849,259
3226,91,3228,849,259
3227,91,3228,849,259
3228,91,3228,849,259
3229,91,3228,849,259
3230,91,3228,849,259
3231,91,3228,849,259
3218,91,3229,256,259
3219,91,3229,256,259
3220,91,3229,256,259
3221,91,3229,849,259
3222,91,3229,849,259
3225,91,3229,849,259
3226,91,3229,849,259
3227,91,3229,849,259
3228,91,3229,849,259
3229,91,3229,849,259
3230,91,3229,849,259
3219,91,3230,256,259
3220,91,3230,256,259
3221,91,3230,849,259
3225,91,3230,849,259
3226,91,3230,849,259
3227,91,3230,849,259
3228,91,3230,849,259
3229,91,3230,849,259
3220,91,3231,256,259
3226,91,3231,849,259
3227,91,3231,849,259
3228,91,3231,849,259
3229,91,3231,849,259
3230,91,3231,256,259
3231,91,3231,259,256
3226,92,3216,259,256
3225,92,3217,259,256
3226,92,3217,259,256
3227,92,3217,259,256
3224,92,3218,259,256
3225,92,3218,259,256
3226,92,3218,259,256
3227,92,3218,259,256
3225,92,3219,259,256
3226,92,3219,259,256
3227,92,3219,259,256
3226,92,3220,259,256
3216,92,3221,259,849
3223,92,3222,259,256
3222,92,3223,259,256
3223,92,3223,259,256
3224,92,3223,259,256
3220,92,3224,256,259
3221,92,3224,259,256
3222,92,3224,259,256
3223,92,3224,259,256
3224,92,3224,259,256
3225,92,3224,259,256
3228,92,3224,256,259
3222,92,3225,259,256
3223,92,3225,259,256
3224,92,3225,259,256
3225,92,3225,259,849
3226,92,3225,259,256
3227,92,3225,256,259
3228,92,3225,256,259
3229,92,3225,256,259
3220,92,3226,256,259
3223,92,3226,259,256
3224,92,3226,259,849
3225,92,3226,259,849
3226,92,3226,849,259
3227,92,3226,849,259
3228,92,3226,256,259
3229,92,3226,256,259
3230,92,3226,849,259
3231,92,3226,259,256
3219,92,3227,256,259
3220,92,3227,256,259
3221,92,3227,256,259
3223,92,3227,259,849
3224,92,3227,259,849
3225,92,3227,849,259
3226,92,3227,849,259
3227,92,3227,849,259
3228,92,3227,849,259
3229,92,3227,849,259
3230,92,3227,849,259
3231,92,3227,849,259
3218,92,3228,256,259
3219,92,3228,256,259
3220,92,3228,256,259
3221,92,3228,849,259
3222,92,3228,849,259
3223,92,3228,259,849
3225,92,3228,849,259
3226,92,3228,849,259
3227,92,3228,849,259
3228,92,3228,849,259
3229,92,3228,849,259
3230,92,3228,849,259
3231,92,3228,849,259
3219,92,3229,256,259
3220,92,3229,256,259
3221,92,3229,849,259
3225,92,3229,849,259
3226,92,3229,849,259
3227,92,3229,849,259
3228,92,3229,849,259
3229,92,3229,849,259
3230,92,3229,849,259
3231,92,3229,849,259
3218,92,3230,256,259
3219,92,3230,256,259
3220,92,3230,256,259
3225,92,3230,849,259
3226,92,3230,849,259
3227,92,3230,849,259
3228,92,3230,849,259
3229,92,3230,849,259
3230,92,3230,849,259
3219,92,3231,256,259
3225,92,3231,849,259
3226,92,3231,849,259
3227,92,3231,849,259
3228,92,3231,849,259
3229,92,3231,849,259
3225,93,3216,259,256
3226,93,3216,259,256
3227,93,3216,259,256
3224,93,3217,259,256
3225,93,3217,259,256
3226,93,3217,259,256
3227,93,3217,259,256
3228,93,3217,259,256
3223,93,3218,259,256
3224,93,3218,259,256
3225,93,3218,259,256
3226,93,3218,259,256
3227,93,3218,259,256
3228,93,3218,259,256
3224,93,3219,259,256
3225,93,3219,259,256
3226,93,3219,259,256
3227,93,3219,259,256
3228,93,3219,259,256
3225,93,3220,259,256
3226,93,3220,259,256
3227,93,3220,259,256
3226,93,3221,259,256
3222,93,3222,259,256
3223,93,3222,259,256
3224,93,3222,259,256
3221,93,3223,259,256
3222,93,3223,259,256
3223,93,3223,259,256
3224,93,3223,259,256
3225,93,3223,259,256
3228,93,3223,256,259
3220,93,3224,259,256
3221,93,3224,259,256
3222,93,3224,259,256
3223,93,3224,259,417
3224,93,3224,259,256
3225,93,3224,259,256
3226,93,3224,259,256
3227,93,3224,256,259
3228,93,3224,256,259
3229,93,3224,256,259
3221,93,3225,259,256
3222,93,3225,259,256
3223,93,3225,259,256
3224,93,3225,259,256
3225,93,3225,259,256
3228,93,3225,256,259
3229,93,3225,256,259
3230,93,3225,849,259
3222,93,3226,259,256
3223,93,3226,259,256
3224,93,3226,259,256
3227,93,3226,256,259
3228,93,3226,256,259
3229,93,3226,849,259
3230,93,3226,849,259
3231,93,3226,849,259
3220,93,3227,256,259
3223,93,3227,259,256
3224,93,3227,259,849
3226,93,3227,849,259
3227,93,3227,849,259
3228,93,3227,849,259
3229,93,3227,849,259
3230,93,3227,849,259
3231,93,3227,849,259
3219,93,3228,256,259
3220,93,3228,256,259
3221,93,3228,256,259
3222,93,3228,259,256
3223,93,3228,259,849
3224,93,3228,259,849
3225,93,3228,849,259
3226,93,3228,849,259
3227,93,3228,849,259
3228,93,3228,849,259
3229,93,3228,849,259
3230,93,3228,849,259
3231,93,3228,849,259
3218,93,3229,256,259
3219,93,3229,256,259
3220,93,3229,256,259
3221,93,3229,849,256
3225,93,3229,849,259
3226,93,3229,849,259
3227,93,3229,849,259
3228,93,3229,849,259
3229,93,3229,849,259
3230,93,3229,849,259
3231,93,3229,849,259
3217,93,3230,256,259
3218,93,3230,256,259
3219,93,3230,256,259
3225,93,3230,849,259
3226,93,3230,849,259
3227,93,3230,849,259
3228,93,3230,849,259
3229,93,3230,849,259
3230,93,3230,849,259
3231,93,3230,849,259
3216,93,3231,259,256
3217,93,3231,259,256
3218,93,3231,256,259
3221,93,3231,849,256
3225,93,3231,849,259
3226,93,3231,849,259
3227,93,3231,849,259
3228,93,3231,849,259
3229,93,3231,849,259
3230,93,3231,849,259
3224,94,3216,259,256
3225,94,3216,259,256
3226,94,3216,259,256
3227,94,3216,259,256
3228,94,3216,259,256
3223,94,3217,259,256
3224,94,3217,259,256
3225,94,3217,259,256
3226,94,3217,259,256
3227,94,3217,259,256
3228,94,3217,259,256
3229,94,3217,259,256
3222,94,3218,259,256
3223,94,3218,259,256
3224,94,3218,259,256
3225,94,3218,259,256
3226,94,3218,259,256
3227,94,3218,259,256
3228,94,3218,259,256
3229,94,3218,259,256
3230,94,3218,259,256
3223,94,3219,259,256
3224,94,3219,259,256
3225,94,3219,259,256
3226,94,3219,259,256
3227,94,3219,259,256
3228,94,3219,259,256
3229,94,3219,259,256
3224,94,3220,259,256
3225,94,3220,259,256
3226,94,3220,259,256
3227,94,3220,259,256
3228,94,3220,259,256
3225,94,3221,259,256
3226,94,3221,259,256
3227,94,3221,259,256
3223,94,3222,259,256
3226,94,3222,259,256
3228,94,3222,256,259
3222,94,3223,259,256
3223,94,3223,259,256
3224,94,3223,259,256
3227,94,3223,256,259
3228,94,3223,256,259
3229,94,3223,256,259
3221,94,3224,259,256
3222,94,3224,259,256
3223,94,3224,259,417
3224,94,3224,259,256
3225,94,3224,259,256
3226,94,3224,256,259
3227,94,3224,256,259
3228,94,3224,256,259
3229,94,3224,256,259
3230,94,3224,849,259
3220,94,3225,259,256
3221,94,3225,259,256
3222,94,3225,259,256
3223,94,3225,259,417
3224,94,3225,259,417
3227,94,3225,256,259
3228,94,3225,256,259
3229,94,3225,849,259
3230,94,3225,849,259
3231,94,3225,849,259
3220,94,3226,256,259
3221,94,3226,259,256
3222,94,3226,259,256
3223,94,3226,259,417
3224,94,3226,259,417
3226,94,3226,256,259
3227,94,3226,256,259
3228,94,3226,849,259
3229,94,3226,849,259
3230,94,3226,849,259
3231,94,3226,849,259
3220,94,3227,256,259
3221,94,3227,256,259
3222,94,3227,259,256
3223,94,3227,259,256
3224,94,3227,259,256
3225,94,3227,849,259
3226,94,3227,849,259
3227,94,3227,849,259
3228,94,3227,849,259
3229,94,3227,849,259
3230,94,3227,849,259
3231,94,3227,849,259
3219,94,3228,256,259
3220,94,3228,256,259
3223,94,3228,259,256
3225,94,3228,849,259
3226,94,3228,849,259
3227,94,3228,849,259
3228,94,3228,849,259
3229,94,3228,849,259
3230,94,3228,849,259
3231,94,3228,849,259
3218,94,3229,256,259
3219,94,3229,256,259
3222,94,3229,849,256
3225,94,3229,849,259
3226,94,3229,849,259
3227,94,3229,849,259
3228,94,3229,849,259
3229,94,3229,849,259
3230,94,3229,849,259
3231,94,3229,849,259
3218,94,3230,256,259
3221,94,3230,849,256
3225,94,3230,849,259
3226,94,3230,849,259
3227,94,3230,849,259
3228,94,3230,849,259
3229,94,3230,849,259
3230,94,3230,849,259
3231,94,3230,849,259
3225,94,3231,849,259
3226,94,3231,849,259
3227,94,3231,849,259
3228,94,3231,849,259
3229,94,3231,849,259
3230,94,3231,849,259
3231,94,3231,849,259
3223,95,3216,259,256
3224,95,3216,259,256
3225,95,3216,259,256
3226,95,3216,259,256
3227,95,3216,259,256
3228,95,3216,259,256
3229,95,3216,259,256
3222,95,3217,259,256
3223,95,3217,259,256
3224,95,3217,259,256
3225,95,3217,259,256
3226,95,3217,259,256
3227,95,3217,259,256
3228,95,3217,259,256
3229,95,3217,259,256
3230,95,3217,259,256
3221,95,3218,259,256
3222,95,3218,259,256
3223,95,3218,259,256
3224,95,3218,259,256
3225,95,3218,259,256
3226,95,3218,259,256
3227,95,3218,259,256
3228,95,3218,259,256
3229,95,3218,259,256
3230,95,3218,259,256
3231,95,3218,259,256
3222,95,3219,259,256
3223,95,3219,259,256
3224,95,3219,259,256
3225,95,3219,259,256
3226,95,3219,259,256
3227,95,3219,259,256
3228,95,3219,259,256
3229,95,3219,259,256
3230,95,3219,259,256
3223,95,3220,259,256
3224,95,3220,259,256
3225,95,3220,259,256
3226,95,3220,259,256
3227,95,3220,259,256
3228,95,3220,259,256
3229,95,3220,259,256
3224,95,3221,259,256
3225,95,3221,259,256
3226,95,3221,259,256
3227,95,3221,259,256
3228,95,3221,259,256
3225,95,3222,259,256
3226,95,3222,259,256
3227,95,3222,259,256
3223,95,3223,259,256
3226,95,3223,259,256
3228,95,3223,256,259
3230,95,3223,849,256
3222,95,3224,259,417
3223,95,3224,259,417
3224,95,3224,259,256
3227,95,3224,256,259
3228,95,3224,256,259
3229,95,3224,849,259
3230,95,3224,849,256
3231,95,3224,849,256
3221,95,3225,259,256
3222,95,3225,259,256
3223,95,3225,259,417
3224,95,3225,259,417
3225,95,3225,259,849
3226,95,3225,256,259
3227,95,3225,256,259
3228,95,3225,849,259
3229,95,3225,849,259
3230,95,3225,849,259
3231,95,3225,849,256
3222,95,3226,259,256
3223,95,3226,259,417
3224,95,3226,259,849
3225,95,3226,849,259
3226,95,3226,849,259
3227,95,3226,849,259
3228,95,3226,849,259
3229,95,3226,849,259
3230,95,3226,849,259
3231,95,3226,849,259
3223,95,3227,259,417
3225,95,3227,849,259
3226,95,3227,849,259
3227,95,3227,849,259
3228,95,3227,849,259
3229,95,3227,849,259
3230,95,3227,849,259
3231,95,3227,849,259
3224,95,3228,849,256
3225,95,3228,849,259
3226,95,3228,849,259
3227,95,3228,849,259
3228,95,3228,849,259
3229,95,3228,849,259
3230,95,3228,849,259
3231,95,3228,849,259
3225,95,3229,849,259
3226,95,3229,849,259
3227,95,3229,849,259
3228,95,3229,849,259
3229,95,3229,849,259
3230,95,3229,849,259
3231,95,3229,849,259
3225,95,3230,849,259
3226,95,3230,849,259
3227,95,3230,849,259
3228,95,3230,849,259
3229,95,3230,849,259
3230,95,3230,849,259
3231,95,3230,849,259
3225,95,3231,849,259
3226,95,3231,849,259
3227,95,3231,849,259
3228,95,3231,849,259
3229,95,3231,849,259
3230,95,3231,849,259
3231,95,3231,849,259
3222,96,3216,259,256
3223,96,3216,259,256
3224,96,3216,259,256
3225,96,3216,259,256
3226,96,3216,259,256
3227,96,3216,259,256
3228,96,3216,259,256
3229,96,3216,259,256
3230,96,3216,259,256
3221,96,3217,259,256
3222,96,3217,259,256
3223,96,3217,259,256
3224,96,3217,259,256
3225,96,3217,259,256
3226,96,3217,259,256
3227,96,3217,259,256
3228,96,3217,259,256
3229,96,3217,259,256
3230,96,3217,259,256
3231,96,3217,259,256
3220,96,3218,259,256
3221,96,3218,259,256
3222,96,3218,259,256
3223,96,3218,259,256
3224,96,3218,259,256
3225,96,3218,259,256
3226,96,3218,259,256
3227,96,3218,259,256
3228,96,3218,259,256
3229,96,3218,259,256
3230,96,3218,259,256
3231,96,3218,259,256
3221,96,3219,259,256
3222,96,3219,259,256
3223,96,3219,259,256
3224,96,3219,259,256
3225,96,3219,259,256
3226,96,3219,259,256
3227,96,3219,259,256
3228,96,3219,259,256
3229,96,3219,259,256
3230,96,3219,259,256
3231,96,3219,259,256
3222,96,3220,259,256
3223,96,3220,259,256
3224,96,3220,259,256
3225,96,3220,259,256
3226,96,3220,259,256
3227,96,3220,259,256
3228,96,3220,259,256
3229,96,3220,259,256
3230,96,3220,259,256
3223,96,3221,259,256
3224,96,3221,259,256
3225,96,3221,259,256
3226,96,3221,259,256
3227,96,3221,259,256
3228,96,3221,259,256
3229,96,3221,259,256
3224,96,3222,259,256
3225,96,3222,259,256
3226,96,3222,259,256
3227,96,3222,259,256
3228,96,3222,259,256
3225,96,3223,259,256
3226,96,3223,259,256
3227,96,3223,259,256
3223,96,3224,259,417
3226,96,3224,259,256
3228,96,3224,256,259
3230,96,3224,849,256
3222,96,3225,259,256
3223,96,3225,259,417
3224,96,3225,259,849
3227,96,3225,256,259
3228,96,3225,256,259
3229,96,3225,849,259
3230,96,3225,849,256
3231,96,3225,849,256
3223,96,3226,259,849
3226,96,3226,849,259
3227,96,3226,849,259
3228,96,3226,849,259
3229,96,3226,849,259
3230,96,3226,849,259
3231,96,3226,849,259
3225,96,3227,849,259
3226,96,3227,849,259
3227,96,3227,849,259
3228,96,3227,849,259
3229,96,3227,849,259
3230,96,3227,849,259
3231,96,3227,849,259
3216,96,3228,259,849
3225,96,3228,849,259
3226,96,3228,849,259
3227,96,3228,849,259
3228,96,3228,849,259
3229,96,3228,849,259
3230,96,3228,849,259
3231,96,3228,849,259
3225,96,3229,849,259
3226,96,3229,849,259
3227,96,3229,849,259
3228,96,3229,849,259
3229,96,3229,849,259
3230,96,3229,849,259
3231,96,3229,849,259
3225,96,3230,849,259
3226,96,3230,849,259
3227,96,3230,849,259
3228,96,3230,849,259
3229,96,3230,849,259
3230,96,3230,849,259
3231,96,3230,849,259
3225,96,3231,849,259
3226,96,3231,849,259
3227,96,3231,256,259
3228,96,3231,256,259
3229,96,3231,849,259
3230,96,3231,849,259
3221,97,3216,259,256
3222,97,3216,259,256
3223,97,3216,259,256
3224,97,3216,259,256
3225,97,3216,259,256
3226,97,3216,259,256
3227,97,3216,259,256
3228,97,3216,259,256
3229,97,3216,259,256
3230,97,3216,259,256
3231,97,3216,259,256
3220,97,3217,259,256
3221,97,3217,259,256
3222,97,3217,259,256
3223,97,3217,259,256
3224,97,3217,259,256
3225,97,3217,259,256
3226,97,3217,259,256
3227,97,3217,259,256
3228,97,3217,259,256
3229,97,3217,259,256
3230,97,3217,259,256
3231,97,3217,259,256
3216,97,3218,259,256
3220,97,3218,259,256
3221,97,3218,259,256
3222,97,3218,259,256
3223,97,3218,259,256
3224,97,3218,259,256
3225,97,3218,259,256
3226,97,3218,259,256
3227,97,3218,259,256
3228,97,3218,259,256
3229,97,3218,259,256
3230,97,3218,259,256
3231,97,3218,259,256
3216,97,3219,259,256
3220,97,3219,259,256
3221,97,3219,259,256
3222,97,3219,259,256
3223,97,3219,259,256
3224,97,3219,259,256
3225,97,3219,259,256
3226,97,3219,259,256
3227,97,3219,259,256
3228,97,3219,259,256
3229,97,3219,259,256
3230,97,3219,259,256
3231,97,3219,259,256
3221,97,3220,259,256
3222,97,3220,259,256
3223,97,3220,259,256
3224,97,3220,259,256
3225,97,3220,259,256
3226,97,3220,259,256
3227,97,3220,259,256
3228,97,3220,259,256
3229,97,3220,259,256
3230,97,3220,259,256
3231,97,3220,259,256
3222,97,3221,259,256
3223,97,3221,259,256
3224,97,3221,259,256
3225,97,3221,259,256
3226,97,3221,259,256
3227,97,3221,259,256
3228,97,3221,259,256
3229,97,3221,259,256
3230,97,3221,259,256
3223,97,3222,259,256
3224,97,3222,259,256
3225,97,3222,259,256
3226,97,3222,259,256
3227,97,3222,259,256
3228,97,3222,259,256
3229,97,3222,259,256
3224,97,3223,259,256
3225,97,3223,259,849
3226,97,3223,259,256
3227,97,3223,259,256
3228,97,3223,259,256
3225,97,3224,259,849
3226,97,3224,259,849
3227,97,3224,259,256
3228,97,3225,256,259
3230,97,3225,849,256
3227,97,3226,849,259
3228,97,3226,849,259
3229,97,3226,849,259
3230,97,3226,849,256
3231,97,3226,849,256
3226,97,3227,849,259
3227,97,3227,849,259
3228,97,3227,849,259
3229,97,3227,849,259
3230,97,3227,849,259
3231,97,3227,849,259
3216,97,3228,849,259
3225,97,3228,849,259
3226,97,3228,849,259
3227,97,3228,849,259
3228,97,3228,849,259
3229,97,3228,849,259
3230,97,3228,849,259
3231,97,3228,849,259
3225,97,3229,849,259
3226,97,3229,256,259
3227,97,3229,256,259
3228,97,3229,849,259
3229,97,3229,849,259
3230,97,3229,849,259
3231,97,3229,849,259
3225,97,3230,849,259
3226,97,3230,849,259
3227,97,3230,256,259
3228,97,3230,256,259
3229,97,3230,849,259
3230,97,3230,849,259
3226,97,3231,849,259
3227,97,3231,849,259
3228,97,3231,256,259
3229,97,3231,256,259
3222,98,3216,259,256
3223,98,3216,259,256
3224,98,3216,259,256
3225,98,3216,259,256
3226,98,3216,259,256
3227,98,3216,259,256
3228,98,3216,259,256
3229,98,3216,259,256
3230,98,3216,259,256
3216,98,3217,259,256
3221,98,3217,259,256
3222,98,3217,259,256
3223,98,3217,259,256
3224,98,3217,259,256
3225,98,3217,259,256
3227,98,3217,259,256
3228,98,3217,259,256
3229,98,3217,259,256
3230,98,3217,259,256
3231,98,3217,259,256
3220,98,3218,259,256
3221,98,3218,259,256
3222,98,3218,259,256
3223,98,3218,259,256
3224,98,3218,259,256
3228,98,3218,259,256
3229,98,3218,259,256
3230,98,3218,259,256
3231,98,3218,259,256
3216,98,3219,259,256
3221,98,3219,259,256
3222,98,3219,259,256
3223,98,3219,259,256
3224,98,3219,259,256
3225,98,3219,259,256
3227,98,3219,259,256
3228,98,3219,259,256
3229,98,3219,259,256
3230,98,3219,259,256
3231,98,3219,259,256
3216,98,3220,259,256
3222,98,3220,259,256
3223,98,3220,259,256
3224,98,3220,259,256
3225,98,3220,259,256
3226,98,3220,259,256
3227,98,3220,259,256
3228,98,3220,259,256
3229,98,3220,259,256
3230,98,3220,259,256
3223,98,3221,259,256
3224,98,3221,259,256
3225,98,3221,259,256
3226,98,3221,259,256
3227,98,3221,259,256
3228,98,3221,259,256
3229,98,3221,259,256
3224,98,3222,259,256
3225,98,3222,259,849
3226,98,3222,259,256
3227,98,3222,259,256
3228,98,3222,259,256
3225,98,3223,259,849
3226,98,3223,259,849
3227,98,3223,259,256
3226,98,3224,259,849
3228,98,3226,849,259
3230,98,3226,849,256
3227,98,3227,849,259
3228,98,3227,849,259
3229,98,3227,849,259
3230,98,3227,849,256
3231,98,3227,849,256
3226,98,3228,849,259
3227,98,3228,849,259
3228,98,3228,849,259
3229,98,3228,849,259
3230,98,3228,849,259
3231,98,3228,849,259
3225,98,3229,849,259
3226,98,3229,849,259
3227,98,3229,256,259
3228,98,3229,256,259
3229,98,3229,849,259
3230,98,3229,849,259
3226,98,3230,256,259
3227,98,3230,256,259
3228,98,3230,256,259
3229,98,3230,256,259
3227,98,3231,256,259
3228,98,3231,256,259
3223,99,3216,259,256
3224,99,3216,259,256
3225,99,3216,259,256
3227,99,3216,259,256
3228,99,3216,259,256
3229,99,3216,259,256
3222,99,3217,259,256
3223,99,3217,259,256
3224,99,3217,259,256
3228,99,3217,259,256
3229,99,3217,259,256
3230,99,3217,259,256
3221,99,3218,259,256
3222,99,3218,259,256
3223,99,3218,259,256
3229,99,3218,259,256
3230,99,3218,259,256
3231,99,3218,259,256
3222,99,3219,259,256
3223,99,3219,259,256
3224,99,3219,259,256
3228,99,3219,259,256
3229,99,3219,259,256
3230,99,3219,259,256
3216,99,3220,259,256
3223,99,3220,259,256
3224,99,3220,259,256
3225,99,3220,259,256
3227,99,3220,259,256
3228,99,3220,259,256
3229,99,3220,259,256
3216,99,3221,259,256
3224,99,3221,259,256
3225,99,3221,259,849
3226,99,3221,259,256
3227,99,3221,259,256
3228,99,3221,259,256
3225,99,3222,259,849
3226,99,3222,259,849
3227,99,3222,259,256
3226,99,3223,259,849
3228,99,3227,849,259
3230,99,3227,849,256
3227,99,3228,849,259
3228,99,3228,849,259
3229,99,3228,849,259
3230,99,3228,849,256
3226,99,3229,849,259
3227,99,3229,849,259
3228,99,3229,256,259
3229,99,3229,256,259
3227,99,3230,256,259
3228,99,3230,256,259
3218,100,3216,259,256
3224,100,3216,259,256
3228,100,3216,259,256
3217,100,3217,259,256
3223,100,3217,259,256
3229,100,3217,259,256
3222,100,3218,259,256
3230,100,3218,259,45
3223,100,3219,259,256
3229,100,3219,259,256
3224,100,3220,259,256
3228,100,3220,259,256
3225,100,3221,259,849
3227,100,3221,259,256
3226,100,3222,259,849
3228,100,3228,849,259
3227,100,3229,849,259
3228,100,3229,849,259
3219,101,3216,259,256
3218,101,3217,259,256
3217,101,3218,259,256
3216,101,3220,256,259
3216,101,3221,256,259
3219,102,3217,259,256
3218,102,3218,259,256
3217,102,3219,259,256
3219,103,3218,259,256
3218,103,3219,259,256
3216,103,3220,259,256
3217,103,3220,259,256
3216,103,3221,259,256
3218,104,3219,256,259
3216,104,3220,259,256
3219,105,3217,256,259
3218,105,3218,256,259
3219,105,3218,256,259
3217,105,3219,256,259
3218,105,3219,256,259
3219,105,3219,256,259
3219,106,3218,256,259
3218,106,3219,256,259
3219,107,3218,259,256
3218,107,3219,259,256
3219,108,3217,259,256
3218,108,3218,259,256
3219,108,3218,259,256
3217,108,3219,259,256
3218,108,3219,259,256
3219,108,3219,259,256
3219,109,3216,259,256
3218,109,3217,259,256
3219,109,3217,259,256
3217,109,3218,259,256
3218,109,3218,259,256
3219,109,3218,259,256
3216,109,3219,259,256
3217,109,3219,259,256
3218,109,3219,259,256
3219,110,3217,259,256
3218,110,3218,259,256
3217,110,3219,259,256
3221,110,3231,259,256
3219,111,3217,256,259
3218,111,3218,256,259
3221,111,3230,259,256
3220,111,3231,259,256
3221,111,3231,259,256
3222,111,3231,259,256
3218,112,3217,256,259
3219,112,3217,256,259
3218,112,3218,256,259
3219,112,3218,256,259
3221,112,3231,259,256
3218,113,3217,256,259
3216,116,3229,259,256
3216,116,3230,259,256
3217,116,3230,259,256
3216,116,3231,259,256
3217,116,3231,259,256
3218,116,3231,259,256
3216,117,3228,259,256
3216,117,3229,259,256
3217,117,3229,259,256
3216,117,3230,259,256
3217,117,3230,259,256
3218,117,3230,259,256
3216,117,3231,849,256
3217,117,3231,259,256
3218,117,3231,259,256
3219,117,3231,259,256
3217,118,3216,849,259
3216,118,3227,259,256
3216,118,3228,259,256
3217,118,3228,259,256
3216,118,3229,259,256
3217,118,3229,259,256
3218,118,3229,259,256
3216,118,3230,259,256
3217,118,3230,259,256
3218,118,3230,259,256
3219,118,3230,259,256
3216,118,3231,259,256
3218,118,3231,259,256
3219,118,3231,259,256
3216,119,3216,849,259
3217,119,3216,849,259
3218,119,3216,849,259
3217,119,3217,849,259
3216,119,3226,259,256
3216,119,3227,259,256
3217,119,3227,259,256
3216,119,3228,259,256
3217,119,3228,259,256
3218,119,3228,259,256
3216,119,3229,259,256
3217,119,3229,259,256
3218,119,3229,259,256
3219,119,3229,259,256
3216,119,3230,259,256
3218,119,3230,259,256
3219,119,3230,259,256
3219,119,3231,259,256
3216,120,3216,849,259
3218,120,3216,849,259
3219,120,3216,849,259
3216,120,3217,849,259
3217,120,3217,849,259
3218,120,3217,849,259
3216,120,3227,259,256
3216,120,3228,259,256
3217,120,3228,259,256
3216,120,3229,259,256
3218,120,3229,259,256
3219,120,3230,259,256
3216,121,3216,259,849
3216,121,3226,259,256
3216,121,3227,259,256
3217,121,3227,259,256
3216,121,3228,259,256
3217,121,3228,259,256
3218,121,3228,259,256
3219,121,3229,259,256
3219,121,3230,256,259
3220,121,3231,256,259
3216,122,3216,259,849
3217,122,3216,259,849
3218,122,3216,256,849
3219,122,3216,259,849
3216,122,3217,259,849
3217,122,3217,256,849
3218,122,3217,259,849
3216,122,3225,259,256
3216,122,3226,259,256
3217,122,3226,259,256
3216,122,3227,259,256
3217,122,3227,259,256
3218,122,3227,259,256
3216,122,3228,259,256
3217,122,3228,259,256
3218,122,3228,259,256
3219,122,3228,259,256
3216,122,3229,259,256
3218,122,3229,259,256
3219,122,3229,259,256
3220,122,3229,259,256
3219,122,3230,259,256
3219,122,3231,256,259
3216,123,3216,259,849
3217,123,3216,259,849
3218,123,3216,259,849
3216,123,3217,259,256
3217,123,3217,259,849
3216,123,3226,259,256
3216,123,3227,259,256
3217,123,3228,259,256
3218,123,3228,259,256
3216,123,3229,259,256
3217,123,3229,259,256
3218,123,3229,259,256
3219,123,3229,259,256
3216,123,3230,259,256
3218,123,3230,259,256
3216,124,3216,259,256
3217,124,3216,259,849
3217,124,3228,259,256
3216,124,3229,259,256
3218,124,3229,259,256
3217,124,3230,259,256
3217,124,3231,256,259
3241,1,3228,259,258
3239,1,3230,258,259
3238,1,3231,258,259
3238,2,3216,256,849
3237,2,3217,259,849
3237,2,3219,259,849
3244,2,3219,258,259
3242,2,3220,258,259
3235,2,3221,259,256
3236,2,3221,256,849
3237,2,3221,256,849
3234,2,3222,259,256
3237,2,3222,256,849
3240,2,3223,258,259
3232,2,3224,259,256
3233,2,3226,259,256
3240,2,3227,259,258
3237,2,3230,258,259
3238,2,3231,258,259
3237,3,3216,259,849
3237,3,3220,259,849
3235,3,3222,259,256
3234,3,3223,259,256
3233,3,3224,259,256
3234,3,3224,259,256
3233,3,3225,259,256
3233,3,3226,259,256
3232,3,3227,259,256
3234,3,3227,259,256
3233,3,3228,259,256
3232,3,3229,259,256
3237,4,3216,849,259
3238,4,3218,849,259
3239,4,3218,849,259
3239,4,3219,849,259
3240,4,3219,849,259
3238,4,3220,849,259
3239,4,3220,849,259
3237,4,3221,849,259
3238,4,3221,849,259
3235,4,3222,256,259
3237,4,3222,849,259
3242,4,3222,849,256
3243,4,3222,849,256
3236,4,3223,256,259
3239,4,3223,849,256
3241,4,3223,849,256
3242,4,3223,849,256
3234,4,3224,259,256
3240,4,3224,849,256
3233,4,3225,259,256
3233,4,3226,259,256
3234,4,3226,259,256
3233,4,3227,259,256
3234,4,3227,259,256
3233,4,3228,259,256
3232,4,3229,259,256
3237,5,3216,849,259
3238,5,3216,849,259
3238,5,3217,849,259
3239,5,3217,849,259
3239,5,3218,849,259
3240,5,3218,849,259
3240,5,3219,849,259
3239,5,3220,849,259
3240,5,3220,849,259
3238,5,3221,849,259
3239,5,3221,849,259
3235,5,3222,256,259
3237,5,3222,256,259
3238,5,3222,849,259
3239,5,3222,849,256
3241,5,3222,849,256
3242,5,3222,849,256
3234,5,3223,259,256
3235,5,3223,256,259
3236,5,3223,256,259
3237,5,3223,256,259
3239,5,3223,849,256
3240,5,3223,849,256
3241,5,3223,849,256
3233,5,3224,259,256
3234,5,3224,259,256
3236,5,3224,256,259
3240,5,3224,849,256
3232,5,3225,259,256
3233,5,3225,259,256
3234,5,3225,259,256
3232,5,3226,259,256
3233,5,3226,259,256
3234,5,3226,259,256
3232,5,3227,259,256
3233,5,3227,259,256
3232,5,3228,259,256
3238,6,3216,849,259
3239,6,3217,849,259
3240,6,3218,849,259
3240,6,3220,849,259
3239,6,3221,849,259
3240,6,3221,849,259
3241,6,3221,849,256
3242,6,3221,849,256
3238,6,3222,849,259
3239,6,3222,849,259
3240,6,3222,849,256
3241,6,3222,849,256
3233,6,3223,259,256
3235,6,3223,256,259
3237,6,3223,256,259
3238,6,3223,849,259
3240,6,3223,849,256
3232,6,3224,259,256
3233,6,3224,259,256
3234,6,3224,259,256
3235,6,3224,256,259
3236,6,3224,256,259
3237,6,3224,256,259
3232,6,3225,259,256
3233,6,3225,259,256
3234,6,3225,259,256
3236,6,3225,256,259
3232,6,3226,259,256
3233,6,3226,259,256
3234,6,3226,259,256
3232,6,3227,259,256
3233,6,3227,259,256
3232,6,3228,259,256
3241,7,3220,849,256
3240,7,3221,849,259
3242,7,3221,256,849
3243,7,3221,256,849
3239,7,3222,256,259
3240,7,3222,849,259
3241,7,3222,256,849
3242,7,3222,256,849
3243,7,3222,256,849
3244,7,3222,256,849
3232,7,3223,259,256
3238,7,3223,256,259
3239,7,3223,256,259
3241,7,3223,256,849
3242,7,3223,256,849
3243,7,3223,256,849
3244,7,3223,256,849
3245,7,3223,256,849
3232,7,3224,259,256
3233,7,3224,259,256
3235,7,3224,417,259
3237,7,3224,256,259
3238,7,3224,256,259
3242,7,3224,256,849
3243,7,3224,256,849
3244,7,3224,256,849
3232,7,3225,259,256
3233,7,3225,259,256
3234,7,3225,259,417
3235,7,3225,417,259
3236,7,3225,256,259
3237,7,3225,256,259
3243,7,3225,256,849
3232,7,3226,259,256
3233,7,3226,259,256
3236,7,3226,256,259
3232,7,3227,259,256
3232,8,3221,849,259
3233,8,3221,849,259
3241,8,3221,256,849
3243,8,3221,256,849
3244,8,3221,256,849
3233,8,3222,256,259
3234,8,3222,256,259
3238,8,3222,256,259
3240,8,3222,256,849
3241,8,3222,256,849
3242,8,3222,256,849
3243,8,3222,256,849
3244,8,3222,256,849
3245,8,3222,256,849
3247,8,3222,256,849
3232,8,3223,259,256
3233,8,3223,259,256
3234,8,3223,256,259
3235,8,3223,256,259
3237,8,3223,256,259
3238,8,3223,256,259
3240,8,3223,256,849
3241,8,3223,256,849
3242,8,3223,256,849
3243,8,3223,256,849
3244,8,3223,256,849
3245,8,3223,256,849
3246,8,3223,256,849
3232,8,3224,259,256
3233,8,3224,259,256
3234,8,3224,259,417
3235,8,3224,417,259
3236,8,3224,256,259
3237,8,3224,256,259
3241,8,3224,256,849
3242,8,3224,256,849
3243,8,3224,256,849
3244,8,3224,256,849
3245,8,3224,256,849
3232,8,3225,259,256
3233,8,3225,259,256
3236,8,3225,256,259
3242,8,3225,256,849
3243,8,3225,256,849
3244,8,3225,257,849
3232,8,3226,259,256
3243,8,3226,256,849
3233,9,3220,849,259
3243,9,3220,256,849
3244,9,3220,256,849
3233,9,3221,849,259
3234,9,3221,849,259
3242,9,3221,256,849
3243,9,3221,256,849
3244,9,3221,256,849
3245,9,3221,256,849
3234,9,3222,256,259
3235,9,3222,256,259
3237,9,3222,256,259
3241,9,3222,256,849
3242,9,3222,256,849
3243,9,3222,256,849
3244,9,3222,256,849
3245,9,3222,256,849
3246,9,3222,256,849
3247,9,3222,256,849
3232,9,3223,259,256
3233,9,3223,259,256
3234,9,3223,259,256
3235,9,3223,256,259
3236,9,3223,256,259
3237,9,3223,256,259
3240,9,3223,256,849
3241,9,3223,256,849
3242,9,3223,256,849
3243,9,3223,256,849
3244,9,3223,256,849
3245,9,3223,256,849
3246,9,3223,256,849
3247,9,3223,256,849
3232,9,3224,259,256
3233,9,3224,259,417
3234,9,3224,259,417
3236,9,3224,256,259
3240,9,3224,256,849
3241,9,3224,256,849
3242,9,3224,256,849
3243,9,3224,256,849
3244,9,3224,256,849
3245,9,3224,256,849
3246,9,3224,256,849
3232,9,3225,259,256
3233,9,3225,259,417
3234,9,3225,259,417
3241,9,3225,256,849
3242,9,3225,256,849
3243,9,3225,256,849
3244,9,3225,256,849
3245,9,3225,256,849
3232,9,3226,259,256
3233,9,3226,259,256
3242,9,3226,256,849
3243,9,3226,256,849
3244,9,3226,256,849
3232,9,3227,259,256
3243,9,3227,256,849
3234,10,3218,849,259
3233,10,3219,849,259
3234,10,3220,849,259
3244,10,3220,256,849
3233,10,3221,849,259
3234,10,3221,849,259
3235,10,3221,849,259
3243,10,3221,256,849
3244,10,3221,256,849
3245,10,3221,256,849
3233,10,3222,849,259
3234,10,3222,849,259
3235,10,3222,256,259
3236,10,3222,256,259
3242,10,3222,256,849
3243,10,3222,256,849
3244,10,3222,256,849
3245,10,3222,256,849
3246,10,3222,256,849
3232,10,3223,259,256
3233,10,3223,259,256
3236,10,3223,256,259
3241,10,3223,256,849
3242,10,3223,256,849
3243,10,3223,256,849
3244,10,3223,256,849
3245,10,3223,256,849
3246,10,3223,256,849
3247,10,3223,256,849
3232,10,3224,259,256
3233,10,3224,259,417
3234,10,3224,259,417
3239,10,3224,256,849
3240,10,3224,256,849
3241,10,3224,256,849
3242,10,3224,256,849
3243,10,3224,256,849
3244,10,3224,256,849
3245,10,3224,256,849
3246,10,3224,256,849
3247,10,3224,256,849
3233,10,3225,259,417
3240,10,3225,256,849
3241,10,3225,256,849
3242,10,3225,256,849
3243,10,3225,256,849
3244,10,3225,256,849
3245,10,3225,256,849
3246,10,3225,256,849
3232,10,3226,259,256
3241,10,3226,256,849
3242,10,3226,256,849
3243,10,3226,256,849
3244,10,3226,256,849
3245,10,3226,256,849
3242,10,3227,256,849
3243,10,3227,256,849
3244,10,3227,256,849
3243,10,3228,256,849
3232,11,3217,849,259
3232,11,3218,259,849
3243,11,3218,256,849
3233,11,3219,259,849
3244,11,3219,256,849
3234,11,3220,259,849
3235,11,3220,849,259
3243,11,3220,256,849
3244,11,3220,256,849
3245,11,3220,256,849
3234,11,3221,849,259
3235,11,3221,849,256
3236,11,3221,849,256
3242,11,3221,256,849
3243,11,3221,256,849
3244,11,3221,256,849
3245,11,3221,256,849
3246,11,3221,256,849
3233,11,3222,849,259
3234,11,3222,849,256
3235,11,3222,849,256
3241,11,3222,256,849
3242,11,3222,256,849
3243,11,3222,256,849
3244,11,3222,256,849
3245,11,3222,256,849
3246,11,3222,256,849
3247,11,3222,256,849
3232,11,3223,259,256
3233,11,3223,849,256
3234,11,3223,849,256
3240,11,3223,256,849
3241,11,3223,256,849
3242,11,3223,256,849
3243,11,3223,256,849
3244,11,3223,256,849
3245,11,3223,256,849
3246,11,3223,256,849
3247,11,3223,256,849
3233,11,3224,259,256
3237,11,3224,259,256
3239,11,3224,256,849
3240,11,3224,256,849
3241,11,3224,256,849
3242,11,3224,256,849
3243,11,3224,256,849
3244,11,3224,256,849
3245,11,3224,256,849
3246,11,3224,256,849
3247,11,3224,256,849
3233,11,3225,256,259
3239,11,3225,256,849
3240,11,3225,256,849
3241,11,3225,256,849
3242,11,3225,256,849
3243,11,3225,256,849
3244,11,3225,256,849
3245,11,3225,256,849
3246,11,3225,256,849
3247,11,3225,256,849
3232,11,3226,256,259
3240,11,3226,256,849
3241,11,3226,256,849
3242,11,3226,256,849
3243,11,3226,256,849
3244,11,3226,256,849
3245,11,3226,256,849
3246,11,3226,256,849
3241,11,3227,256,849
3242,11,3227,256,849
3243,11,3227,256,849
3244,11,3227,256,849
3245,11,3227,256,849
3242,11,3228,256,849
3243,11,3228,256,849
3244,11,3228,256,849
3243,11,3229,256,849
3232,12,3217,259,849
3243,12,3217,256,849
3232,12,3218,259,849
3233,12,3218,259,849
3242,12,3218,256,849
3232,12,3219,259,849
3233,12,3219,259,849
3234,12,3219,259,849
3233,12,3220,259,849
3234,12,3220,259,849
3235,12,3220,259,849
3236,12,3220,849,256
3234,12,3221,259,849
3235,12,3221,849,256
3241,12,3221,256,849
3247,12,3221,256,849
3234,12,3222,849,256
3240,12,3222,256,849
3241,12,3222,256,849
3242,12,3222,256,849
3246,12,3222,256,849
3247,12,3222,256,849
3232,12,3223,849,259
3233,12,3223,849,256
3237,12,3223,259,256
3239,12,3223,256,849
3240,12,3223,256,849
3241,12,3223,256,849
3242,12,3223,256,849
3243,12,3223,256,849
3245,12,3223,256,849
3246,12,3223,256,849
3247,12,3223,256,849
3233,12,3224,256,259
3236,12,3224,259,256
3237,12,3224,259,256
3238,12,3224,259,256
3239,12,3224,256,849
3240,12,3224,256,849
3241,12,3224,256,849
3242,12,3224,256,849
3243,12,3224,256,849
3244,12,3224,256,849
3245,12,3224,256,849
3246,12,3224,256,849
3247,12,3224,256,849
3232,12,3225,256,259
3233,12,3225,256,259
3237,12,3225,259,256
3240,12,3225,256,849
3241,12,3225,256,849
3242,12,3225,256,849
3243,12,3225,256,849
3244,12,3225,256,849
3245,12,3225,256,849
3246,12,3225,256,849
3232,12,3226,256,259
3233,12,3226,256,259
3241,12,3226,256,849
3242,12,3226,256,849
3243,12,3226,256,849
3244,12,3226,256,849
3245,12,3226,256,849
3232,12,3227,256,259
3242,12,3227,256,849
3243,12,3227,256,849
3244,12,3227,256,849
3243,12,3228,256,849
3232,13,3216,259,849
3232,13,3217,259,849
3233,13,3217,259,849
3244,13,3217,849,256
3232,13,3218,259,849
3233,13,3218,259,849
3234,13,3218,259,849
3245,13,3218,849,256
3232,13,3219,259,849
3233,13,3219,259,849
3234,13,3219,259,849
3235,13,3219,259,849
3236,13,3219,259,256
3246,13,3219,849,256
3232,13,3220,259,849
3233,13,3220,259,849
3234,13,3220,259,849
3235,13,3220,259,849
3236,13,3220,259,849
3247,13,3220,849,256
3233,13,3221,259,849
3234,13,3221,259,849
3235,13,3221,259,849
3240,13,3221,256,849
3234,13,3222,259,849
3237,13,3222,259,256
3239,13,3222,256,849
3240,13,3222,256,849
3241,13,3222,256,849
3247,13,3222,256,849
3233,13,3223,256,849
3236,13,3223,259,256
3237,13,3223,259,256
3238,13,3223,259,256
3239,13,3223,256,849
3240,13,3223,256,849
3241,13,3223,256,849
3242,13,3223,256,849
3246,13,3223,257,849
3247,13,3223,256,849
3235,13,3224,259,256
3236,13,3224,259,256
3237,13,3224,259,256
3238,13,3224,259,256
3239,13,3224,259,256
3240,13,3224,256,849
3241,13,3224,256,849
3242,13,3224,256,849
3243,13,3224,256,849
3245,13,3224,256,849
3246,13,3224,257,849
3233,13,3225,256,259
3236,13,3225,259,256
3237,13,3225,259,256
3238,13,3225,259,256
3241,13,3225,256,849
3242,13,3225,256,849
3243,13,3225,256,849
3244,13,3225,256,849
3245,13,3225,256,849
3232,13,3226,256,259
3237,13,3226,259,256
3242,13,3226,256,849
3243,13,3226,256,849
3244,13,3226,256,849
3243,13,3227,256,849
3232,14,3217,259,849
3245,14,3217,849,256
3232,14,3218,259,849
3233,14,3218,259,849
3244,14,3218,849,256
3245,14,3218,849,256
3246,14,3218,849,256
3232,14,3219,259,849
3233,14,3219,259,849
3234,14,3219,259,849
3235,14,3219,259,256
3245,14,3219,849,256
3246,14,3219,849,256
3247,14,3219,849,256
3232,14,3220,259,849
3233,14,3220,259,849
3234,14,3220,259,849
3235,14,3220,259,849
3236,14,3220,259,256
3246,14,3220,849,256
3247,14,3220,849,256
3232,14,3221,259,849
3233,14,3221,259,849
3234,14,3221,259,849
3235,14,3221,259,256
3236,14,3221,259,256
3237,14,3221,259,256
3247,14,3221,849,257
3233,14,3222,259,849
3234,14,3222,259,256
3235,14,3222,259,256
3236,14,3222,259,256
3237,14,3222,259,256
3238,14,3222,259,256
3240,14,3222,256,849
3234,14,3223,259,256
3235,14,3223,259,256
3236,14,3223,259,256
3237,14,3223,259,256
3238,14,3223,259,256
3239,14,3223,259,256
3240,14,3223,256,849
3241,14,3223,256,849
3235,14,3224,259,256
3236,14,3224,259,256
3237,14,3224,259,256
3238,14,3224,259,256
3239,14,3224,259,256
3240,14,3224,259,256
3241,14,3224,256,849
3242,14,3224,256,849
3235,14,3225,259,256
3236,14,3225,259,256
3237,14,3225,259,256
3238,14,3225,259,256
3239,14,3225,259,256
3242,14,3225,256,849
3243,14,3225,256,849
3236,14,3226,259,256
3237,14,3226,259,256
3238,14,3226,259,256
3243,14,3226,256,849
3237,14,3227,259,256
3244,15,3217,849,256
3245,15,3217,849,256
3246,15,3217,849,256
3247,15,3217,849,256
3232,15,3218,259,849
3244,15,3218,849,256
3245,15,3218,849,256
3246,15,3218,849,256
3247,15,3218,849,256
3232,15,3219,259,849
3233,15,3219,259,849
3234,15,3219,259,256
3236,15,3219,259,256
3245,15,3219,849,256
3246,15,3219,849,256
3247,15,3219,849,256
3232,15,3220,259,849
3233,15,3220,259,849
3234,15,3220,259,849
3235,15,3220,259,256
3236,15,3220,259,256
3237,15,3220,259,256
3241,15,3220,849,256
3245,15,3220,849,256
3246,15,3220,849,256
3247,15,3220,849,256
3233,15,3221,259,849
3234,15,3221,259,256
3235,15,3221,259,256
3236,15,3221,259,256
3237,15,3221,259,256
3238,15,3221,259,256
3240,15,3221,849,256
3246,15,3221,849,256
3247,15,3221,849,257
3234,15,3222,259,256
3235,15,3222,259,256
3236,15,3222,259,256
3237,15,3222,259,256
3238,15,3222,259,256
3239,15,3222,259,256
3247,15,3222,849,257
3235,15,3223,259,256
3236,15,3223,259,256
3237,15,3223,259,256
3238,15,3223,259,256
3239,15,3223,259,256
3240,15,3223,259,256
3246,15,3223,849,256
3247,15,3223,849,256
3236,15,3224,259,256
3237,15,3224,259,256
3238,15,3224,259,256
3239,15,3224,259,256
3240,15,3224,259,256
3241,15,3224,259,256
3245,15,3224,849,256
3246,15,3224,849,256
3235,15,3225,259,256
3236,15,3225,259,256
3237,15,3225,259,256
3238,15,3225,259,256
3239,15,3225,259,256
3240,15,3225,259,256
3244,15,3225,849,256
3245,15,3225,849,256
3235,15,3226,259,256
3236,15,3226,259,256
3237,15,3226,259,256
3238,15,3226,259,256
3239,15,3226,259,256
3244,15,3226,849,256
3236,15,3227,259,256
3237,15,3227,259,256
3238,15,3227,259,256
3237,15,3228,259,256
3244,16,3216,849,256
3244,16,3217,849,256
3245,16,3217,849,256
3246,16,3217,849,256
3245,16,3218,849,256
3246,16,3218,849,256
3247,16,3218,849,256
3232,16,3219,259,849
3233,16,3219,259,256
3237,16,3219,259,256
3246,16,3219,849,256
3247,16,3219,849,256
3234,16,3220,259,256
3235,16,3220,259,256
3236,16,3220,259,256
3237,16,3220,259,256
3238,16,3220,259,256
3240,16,3220,849,256
3241,16,3220,849,256
3245,16,3220,849,256
3246,16,3220,849,256
3247,16,3220,849,256
3234,16,3221,259,256
3235,16,3221,259,256
3236,16,3221,259,256
3237,16,3221,259,256
3238,16,3221,259,256
3239,16,3221,259,256
3240,16,3221,849,256
3241,16,3221,849,256
3242,16,3221,849,256
3244,16,3221,849,256
3245,16,3221,849,256
3246,16,3221,849,256
3247,16,3221,849,256
3235,16,3222,259,256
3236,16,3222,259,256
3237,16,3222,259,256
3238,16,3222,259,256
3239,16,3222,259,256
3240,16,3222,259,256
3241,16,3222,849,256
3242,16,3222,849,256
3243,16,3222,849,256
3244,16,3222,849,256
3245,16,3222,849,256
3246,16,3222,849,256
3247,16,3222,849,256
3236,16,3223,259,256
3237,16,3223,259,256
3238,16,3223,259,256
3239,16,3223,259,256
3240,16,3223,259,256
3241,16,3223,259,256
3242,16,3223,849,256
3243,16,3223,849,256
3244,16,3223,849,256
3245,16,3223,849,256
3246,16,3223,849,256
3237,16,3224,259,256
3238,16,3224,259,256
3239,16,3224,259,256
3240,16,3224,259,256
3241,16,3224,259,256
3242,16,3224,259,256
3243,16,3224,849,256
3244,16,3224,849,256
3245,16,3224,849,256
3236,16,3225,259,256
3237,16,3225,259,256
3238,16,3225,259,256
3239,16,3225,259,256
3240,16,3225,259,256
3241,16,3225,259,256
3244,16,3225,849,256
3235,16,3226,259,256
3236,16,3226,259,256
3237,16,3226,259,256
3238,16,3226,259,256
3239,16,3226,259,256
3240,16,3226,259,256
3235,16,3227,259,256
3236,16,3227,259,256
3237,16,3227,259,256
3238,16,3227,259,256
3239,16,3227,259,256
3236,16,3228,259,256
3237,16,3228,259,256
3238,16,3228,259,256
3237,16,3229,259,256
3244,17,3216,849,256
3245,17,3217,849,256
3232,17,3218,259,849
3246,17,3218,849,256
3238,17,3219,259,256
3247,17,3219,849,256
3234,17,3220,259,256
3235,17,3220,259,256
3236,17,3220,259,256
3237,17,3220,259,256
3238,17,3220,259,256
3239,17,3220,259,256
3240,17,3220,849,256
3246,17,3220,849,256
3247,17,3220,849,256
3234,17,3221,259,256
3235,17,3221,259,256
3236,17,3221,259,256
3237,17,3221,259,256
3238,17,3221,259,256
3239,17,3221,259,256
3240,17,3221,259,256
3241,17,3221,849,256
3245,17,3221,849,256
3246,17,3221,849,256
3247,17,3221,849,256
3234,17,3222,259,256
3235,17,3222,259,256
3236,17,3222,259,256
3237,17,3222,259,256
3238,17,3222,259,256
3239,17,3222,259,256
3240,17,3222,259,256
3241,17,3222,259,256
3242,17,3222,849,256
3244,17,3222,849,256
3245,17,3222,849,256
3246,17,3222,849,256
3235,17,3223,259,256
3236,17,3223,259,256
3237,17,3223,259,256
3238,17,3223,259,256
3239,17,3223,259,256
3240,17,3223,259,256
3241,17,3223,259,256
3242,17,3223,259,256
3243,17,3223,849,256
3244,17,3223,849,256
3245,17,3223,849,256
3236,17,3224,259,256
3237,17,3224,259,256
3238,17,3224,259,256
3239,17,3224,259,256
3240,17,3224,259,256
3241,17,3224,259,256
3242,17,3224,259,256
3243,17,3224,259,256
3244,17,3224,849,256
3237,17,3225,259,256
3238,17,3225,259,256
3239,17,3225,259,256
3240,17,3225,259,256
3241,17,3225,259,256
3242,17,3225,259,256
3236,17,3226,259,256
3238,17,3226,259,256
3239,17,3226,259,256
3240,17,3226,259,256
3241,17,3226,259,256
3239,17,3227,259,256
3240,17,3227,259,256
3232,18,3217,259,849
3234,18,3220,259,256
3238,18,3220,259,256
3239,18,3220,259,256
3247,18,3220,849,256
3234,18,3221,259,256
3235,18,3221,259,256
3237,18,3221,259,256
3238,18,3221,259,256
3239,18,3221,259,256
3240,18,3221,259,256
3246,18,3221,849,256
3235,18,3222,259,256
3236,18,3222,259,256
3237,18,3222,259,256
3238,18,3222,259,256
3239,18,3222,259,256
3240,18,3222,259,256
3241,18,3222,259,256
3245,18,3222,849,256
3236,18,3223,259,256
3237,18,3223,259,256
3238,18,3223,259,256
3239,18,3223,259,256
3240,18,3223,259,256
3241,18,3223,259,256
3242,18,3223,259,256
3244,18,3223,849,256
3237,18,3224,259,256
3238,18,3224,259,256
3239,18,3224,259,256
3240,18,3224,259,256
3241,18,3224,259,256
3242,18,3224,259,256
3243,18,3224,259,256
3244,18,3224,259,256
3238,18,3225,259,256
3239,18,3225,259,256
3240,18,3225,259,256
3241,18,3225,259,256
3242,18,3225,259,256
3243,18,3225,259,256
3239,18,3226,259,256
3240,18,3226,259,256
3241,18,3226,259,256
3242,18,3226,259,256
3240,18,3227,259,256
3241,18,3227,259,256
3232,19,3218,849,259
3234,19,3221,259,256
3238,19,3221,259,256
3239,19,3221,259,256
3237,19,3222,259,256
3238,19,3222,259,256
3239,19,3222,259,256
3240,19,3222,259,256
3237,19,3223,259,256
3238,19,3223,259,256
3239,19,3223,259,256
3240,19,3223,259,256
3241,19,3223,259,256
3238,19,3224,259,256
3239,19,3224,259,256
3240,19,3224,259,256
3241,19,3224,259,256
3242,19,3224,259,256
3239,19,3225,259,256
3240,19,3225,259,256
3241,19,3225,259,256
3242,19,3225,259,256
3240,19,3226,259,256
3241,19,3226,259,256
3232,20,3219,849,259
3238,20,3222,259,256
3239,20,3222,259,256
3238,20,3223,259,256
3239,20,3223,259,256
3240,20,3223,259,256
3239,20,3224,259,256
3240,20,3224,259,256
3241,20,3224,259,256
3240,20,3225,259,256
3241,20,3225,259,256
3232,21,3219,849,259
3246,21,3219,258,849
3244,21,3220,849,258
3242,21,3222,258,849
3243,21,3222,258,849
3242,21,3223,258,849
3243,21,3223,258,849
3240,21,3226,849,258
3241,21,3226,849,258
3240,21,3227,849,258
3241,21,3227,849,258
3240,21,3228,849,258
3241,21,3228,849,258
3240,21,3229,849,258
3244,22,3220,849,258
3245,22,3220,849,258
3240,22,3226,849,258
3241,22,3226,849,258
3240,22,3227,849,258
3241,22,3227,849,258
3240,22,3228,849,258
3241,22,3228,849,258
3240,22,3229,849,258
3241,22,3229,849,258
3247,23,3219,258,849
3244,23,3224,849,258
3242,23,3225,849,258
3243,23,3225,849,258
3240,23,3226,849,258
3241,23,3226,849,258
3240,23,3227,849,258
3241,23,3227,849,258
3240,23,3228,849,258
3241,23,3228,849,258
3240,23,3229,849,258
3235,24,3216,259,33
3233,24,3217,259,33
3232,24,3218,259,33
3232,24,3219,259,33
3233,25,3216,33,259
3232,25,3217,33,259
3233,25,3217,259,33
3234,25,3217,33,259
3232,25,3218,259,33
3233,25,3218,33,259
3233,26,3216,33,259
3233,27,3216,33,259
3244,33,3219,258,259
3245,33,3219,258,259
3240,33,3224,259,258
3244,34,3218,258,259
3245,34,3218,258,259
3244,34,3219,258,259
3245,34,3219,258,259
3246,34,3219,258,259
3247,34,3219,258,259
3244,34,3223,259,258
3240,34,3224,259,258
3241,34,3224,259,258
3242,34,3224,259,258
3243,34,3224,259,258
3244,34,3224,259,258
3245,34,3224,259,258
3240,34,3225,259,258
3241,34,3225,259,258
3242,34,3225,259,258
3243,34,3225,259,258
3244,34,3225,259,258
3240,34,3226,259,258
3240,34,3227,259,258
3245,35,3218,258,259
3246,35,3218,258,259
3244,35,3219,258,259
3245,35,3219,258,259
3246,35,3219,258,259
3247,35,3219,258,259
3244,35,3223,259,258
3245,35,3223,259,258
3240,35,3224,259,258
3241,35,3224,259,258
3242,35,3224,259,258
3243,35,3224,259,258
3244,35,3224,259,258
3245,35,3224,259,258
3240,35,3225,259,258
3241,35,3225,259,258
3242,35,3225,259,258
3243,35,3225,259,258
3244,35,3225,259,258
3245,35,3225,259,258
3240,35,3226,259,258
3240,35,3227,259,258
3240,35,3228,259,258
3239,35,3230,258,259
3239,35,3231,258,259
3232,36,3216,256,259
3232,36,3217,849,259
3233,36,3217,256,259
3232,36,3218,849,259
3233,36,3218,849,259
3234,36,3218,256,259
3232,36,3219,849,259
3233,36,3219,849,259
3234,36,3219,849,256
3232,36,3220,849,259
3233,36,3220,849,259
3234,36,3220,849,259
3235,36,3220,849,256
3232,36,3221,849,259
3233,36,3221,849,259
3234,36,3221,849,259
3235,36,3221,256,259
3232,36,3222,849,607
3233,36,3222,849,607
3236,36,3222,256,259
3232,36,3223,849,607
3236,36,3223,256,259
3236,36,3224,256,259
3240,36,3225,259,258
3233,36,3226,849,259
3239,36,3229,258,259
3238,36,3230,258,259
3239,36,3230,258,259
3239,36,3231,258,259
3232,37,3216,849,256
3232,37,3217,849,259
3233,37,3217,849,256
3232,37,3218,849,259
3233,37,3218,849,259
3234,37,3218,849,256
3232,37,3219,849,259
3233,37,3219,849,259
3234,37,3219,849,259
3235,37,3219,849,256
3232,37,3220,849,259
3233,37,3220,849,259
3234,37,3220,849,259
3235,37,3220,849,259
3236,37,3220,849,256
3232,37,3221,849,259
3233,37,3221,849,259
3234,37,3221,849,259
3235,37,3221,849,259
3236,37,3221,256,259
3232,37,3222,849,259
3233,37,3222,849,259
3234,37,3222,849,259
3235,37,3222,256,259
3236,37,3222,256,259
3232,37,3223,849,607
3233,37,3223,849,607
3235,37,3223,849,259
3236,37,3223,256,259
3232,37,3224,849,607
3234,37,3224,849,259
3235,37,3224,849,259
3236,37,3224,849,259
3234,37,3225,849,259
3235,37,3225,849,259
3236,37,3225,849,259
3232,37,3226,849,259
3233,37,3226,849,259
3234,37,3226,849,259
3235,37,3226,849,259
3232,37,3227,849,259
3233,37,3227,849,259
3234,37,3227,849,259
3233,37,3228,849,259
3239,37,3228,258,259
3239,37,3229,258,259
3232,38,3217,849,256
3233,38,3217,256,259
3232,38,3218,849,259
3233,38,3218,849,259
3234,38,3218,256,259
3232,38,3219,849,259
3233,38,3219,849,259
3234,38,3219,849,259
3235,38,3219,256,259
3232,38,3220,849,259
3233,38,3220,849,259
3234,38,3220,849,259
3235,38,3220,849,259
3232,38,3221,849,259
3233,38,3221,849,259
3234,38,3221,849,259
3235,38,3221,256,259
3236,38,3221,256,259
3232,38,3222,849,259
3233,38,3222,849,259
3235,38,3222,256,259
3236,38,3222,256,259
3232,38,3223,849,259
3236,38,3223,849,259
3235,38,3224,849,259
3236,38,3224,849,259
3232,38,3225,849,259
3234,38,3225,849,259
3235,38,3225,849,259
3236,38,3225,849,259
3232,38,3226,849,259
3233,38,3226,849,259
3234,38,3226,849,259
3235,38,3226,849,259
3236,38,3226,849,259
3232,38,3227,849,259
3233,38,3227,849,259
3234,38,3227,849,259
3235,38,3227,849,259
3232,38,3228,849,259
3233,38,3228,849,259
3234,38,3228,849,259
3233,38,3229,849,259
3233,39,3216,256,259
3232,39,3217,256,259
3233,39,3217,256,259
3234,39,3217,256,259
3233,39,3218,256,259
3234,39,3218,256,259
3235,39,3218,256,259
3232,39,3219,849,259
3233,39,3219,849,259
3234,39,3219,256,259
3235,39,3219,256,259
3232,39,3220,849,259
3233,39,3220,849,259
3234,39,3220,849,259
3232,39,3221,849,259
3233,39,3221,849,259
3235,39,3221,256,259
3232,39,3222,849,259
3236,39,3222,256,259
3232,39,3223,259,849
3232,39,3224,259,849
3233,39,3224,259,849
3236,39,3224,849,259
3232,39,3225,259,849
3235,39,3225,849,259
3236,39,3225,849,259
3232,39,3226,849,259
3234,39,3226,849,259
3235,39,3226,849,259
3232,39,3227,849,259
3233,39,3227,849,259
3234,39,3227,849,259
3233,39,3228,849,259
3232,40,3216,256,259
3233,40,3217,256,259
3234,40,3218,256,259
3234,40,3219,256,259
3232,40,3220,849,259
3233,40,3220,849,259
3232,40,3221,849,259
3232,40,3222,259,849
3232,40,3223,259,849
3233,40,3223,259,849
3232,40,3224,259,849
3233,40,3224,259,849
3234,40,3224,259,849
3232,40,3225,259,849
3233,40,3225,259,849
3232,40,3226,259,849
3232,40,3227,849,259
3232,40,3228,849,259
3232,41,3218,259,256
3232,41,3221,259,849
3232,41,3222,259,849
3233,41,3222,259,849
3232,41,3223,259,849
3233,41,3223,259,849
3234,41,3223,259,849
3232,41,3224,259,849
3233,41,3224,259,849
3234,41,3224,259,849
3235,41,3224,259,849
3232,41,3225,259,849
3233,41,3225,259,849
3234,41,3225,259,849
3232,41,3226,259,849
3233,41,3226,259,849
3232,41,3227,259,849
3232,42,3216,256,259
3233,42,3217,259,256
3232,42,3218,259,256
3233,42,3218,259,256
3234,42,3218,259,256
3232,42,3219,259,256
3234,42,3219,259,256
3232,42,3220,259,849
3232,42,3221,259,849
3233,42,3221,259,849
3232,42,3222,259,849
3233,42,3222,259,849
3234,42,3222,259,849
3232,42,3223,259,849
3233,42,3223,259,849
3234,42,3223,259,849
3235,42,3223,259,849
3232,42,3224,259,849
3233,42,3224,259,849
3234,42,3224,259,849
3235,42,3224,259,849
3236,42,3224,259,849
3232,42,3225,259,849
3233,42,3225,259,849
3234,42,3225,259,849
3235,42,3225,259,849
3232,42,3226,259,849
3233,42,3226,259,849
3234,42,3226,259,849
3232,42,3227,259,849
3233,42,3227,259,849
3232,42,3228,259,849
3232,43,3216,256,259
3234,43,3217,259,256
3233,43,3218,259,256
3234,43,3218,259,256
3235,43,3218,259,256
3232,43,3219,259,849
3233,43,3219,259,256
3234,43,3219,259,256
3235,43,3219,259,256
3232,43,3220,259,849
3233,43,3220,259,849
3234,43,3220,259,256
3232,43,3221,259,849
3233,43,3221,259,849
3234,43,3221,259,849
3235,43,3221,259,256
3232,43,3222,259,849
3233,43,3222,259,849
3234,43,3222,259,849
3235,43,3222,259,849
3236,43,3222,259,256
3233,43,3223,259,849
3234,43,3223,259,849
3235,43,3223,259,849
3236,43,3223,259,849
3234,43,3224,259,849
3235,43,3224,259,849
3236,43,3224,259,849
3237,43,3224,256,849
3233,43,3225,259,849
3234,43,3225,259,849
3235,43,3225,259,849
3236,43,3225,259,849
3232,43,3226,259,849
3233,43,3226,259,849
3234,43,3226,259,849
3235,43,3226,259,849
3232,43,3227,259,849
3233,43,3227,259,849
3234,43,3227,259,849
3232,43,3228,259,849
3233,43,3228,259,849
3232,43,3229,259,849
3232,44,3216,256,259
3233,44,3216,256,259
3233,44,3217,259,256
3232,44,3218,259,849
3233,44,3218,259,256
3234,44,3218,259,256
3232,44,3219,259,849
3233,44,3219,259,849
3234,44,3219,259,256
3235,44,3219,259,256
3232,44,3220,259,849
3233,44,3220,259,849
3234,44,3220,259,849
3235,44,3220,259,256
3232,44,3221,259,849
3233,44,3221,259,849
3234,44,3221,259,849
3235,44,3221,259,849
3236,44,3221,259,256
3233,44,3222,259,849
3234,44,3222,259,849
3235,44,3222,259,849
3236,44,3222,259,849
3234,44,3223,259,849
3235,44,3223,259,849
3236,44,3223,259,849
3237,44,3223,256,849
3235,44,3224,259,849
3236,44,3224,259,849
3237,44,3224,256,849
3238,44,3224,256,849
3232,44,3225,259,849
3234,44,3225,259,849
3235,44,3225,259,849
3236,44,3225,259,849
3237,44,3225,256,849
3232,44,3226,259,849
3233,44,3226,259,849
3234,44,3226,259,849
3235,44,3226,259,849
3236,44,3226,259,849
3232,44,3227,259,849
3233,44,3227,259,849
3234,44,3227,259,849
3235,44,3227,259,849
3232,44,3228,259,849
3233,44,3228,259,849
3234,44,3228,259,849
3233,44,3229,259,849
3232,44,3230,259,849
3232,45,3217,259,256
3233,45,3217,259,256
3232,45,3218,259,256
3233,45,3218,259,256
3232,45,3219,259,849
3233,45,3219,259,256
3234,45,3219,259,256
3233,45,3220,259,849
3234,45,3220,259,256
3235,45,3220,259,256
3232,45,3221,849,259
3234,45,3221,259,849
3235,45,3221,259,256
3236,45,3221,259,256
3232,45,3222,849,259
3233,45,3222,849,259
3235,45,3222,259,849
3236,45,3222,259,256
3232,45,3223,849,259
3233,45,3223,849,259
3235,45,3223,259,849
3236,45,3223,259,849
3232,45,3224,849,259
3236,45,3224,259,849
3237,45,3224,256,849
3235,45,3225,259,849
3236,45,3225,259,849
3232,45,3226,259,849
3234,45,3226,259,849
3235,45,3226,259,849
3233,45,3227,259,849
3234,45,3227,259,849
3232,45,3228,256,259
3233,45,3228,259,849
3232,45,3229,256,259
3232,45,3230,256,259
3232,46,3217,259,256
3232,46,3219,256,259
3233,46,3219,259,256
3232,46,3220,849,259
3234,46,3220,259,256
3232,46,3221,849,259
3233,46,3221,849,259
3235,46,3221,259,256
3232,46,3222,849,259
3233,46,3222,849,259
3234,46,3222,849,259
3236,46,3222,259,256
3232,46,3223,849,259
3233,46,3223,849,259
3234,46,3223,849,259
3236,46,3223,259,256
3232,46,3224,849,259
3233,46,3224,849,259
3232,46,3225,849,259
3232,46,3227,849,259
3232,46,3229,256,259
3232,46,3230,256,259
3232,46,3231,256,259
3232,47,3218,256,259
3232,47,3219,849,259
3233,47,3219,256,259
3232,47,3220,849,259
3233,47,3220,849,259
3232,47,3221,849,259
3233,47,3221,849,259
3234,47,3221,849,259
3232,47,3222,849,259
3233,47,3222,849,259
3234,47,3222,849,259
3235,47,3222,849,259
3236,47,3222,256,259
3232,47,3223,849,259
3233,47,3223,849,259
3234,47,3223,849,259
3235,47,3223,849,259
3236,47,3223,849,256
3232,47,3224,849,259
3233,47,3224,849,259
3234,47,3224,849,259
3236,47,3224,849,256
3237,47,3224,849,256
3232,47,3225,849,259
3233,47,3225,849,259
3235,47,3225,849,256
3236,47,3225,849,259
3232,47,3226,849,259
3234,47,3226,849,256
3235,47,3226,849,259
3232,47,3227,259,849
3233,47,3227,849,256
3234,47,3227,849,259
3232,47,3230,256,259
3232,48,3218,849,259
3233,48,3218,256,259
3232,48,3219,849,259
3233,48,3219,849,259
3232,48,3220,849,259
3233,48,3220,849,259
3234,48,3220,849,259
3232,48,3221,849,259
3233,48,3221,849,259
3234,48,3221,849,259
3235,48,3221,849,259
3232,48,3222,849,259
3233,48,3222,849,259
3234,48,3222,849,259
3235,48,3222,849,259
3236,48,3222,849,259
3237,48,3222,256,259
3232,48,3223,849,259
3233,48,3223,849,259
3234,48,3223,849,259
3235,48,3223,849,259
3236,48,3223,849,259
3237,48,3223,849,256
3232,48,3224,849,259
3233,48,3224,849,259
3234,48,3224,849,259
3235,48,3224,849,259
3236,48,3224,849,259
3237,48,3224,849,256
3238,48,3224,849,256
3232,48,3225,849,259
3233,48,3225,849,259
3234,48,3225,849,259
3235,48,3225,849,259
3236,48,3225,849,259
3237,48,3225,849,259
3233,48,3226,849,259
3234,48,3226,849,259
3235,48,3226,849,259
3236,48,3226,849,259
3232,48,3227,259,256
3234,48,3227,849,259
3235,48,3227,849,259
3232,48,3230,259,849
3232,49,3218,256,259
3232,49,3219,849,259
3232,49,3220,849,259
3233,49,3220,849,259
3233,49,3221,849,259
3234,49,3221,849,259
3234,49,3222,849,259
3235,49,3222,849,259
3235,49,3223,849,259
3236,49,3223,849,256
3234,49,3224,849,259
3235,49,3224,849,259
3236,49,3224,849,259
3237,49,3224,849,259
3233,49,3225,849,259
3234,49,3225,849,259
3235,49,3225,849,259
3236,49,3225,849,259
3232,49,3226,849,259
3233,49,3226,849,259
3234,49,3226,849,259
3235,49,3226,849,259
3233,49,3227,849,259
3234,49,3227,849,259
3232,49,3231,259,849
3235,50,3224,849,259
3236,50,3224,849,259
3234,50,3225,849,256
3235,50,3225,849,259
3233,50,3226,849,256
3234,50,3226,849,259
3232,50,3227,849,259
3233,50,3227,849,259
3232,50,3229,256,259
3232,50,3230,259,256
3232,50,3231,259,256
3232,51,3227,849,259
3233,51,3227,256,259
3232,51,3228,256,259
3233,51,3229,256,259
3232,52,3227,256,259
3232,52,3228,256,259
3233,52,3228,256,259
3232,52,3229,256,259
3232,53,3228,256,259
3242,56,3216,256,259
3243,56,3216,256,259
3241,57,3216,256,259
3242,57,3216,256,259
3243,57,3216,256,259
3244,57,3216,256,259
3240,58,3216,256,259
3241,58,3216,256,259
3242,58,3216,256,259
3243,58,3216,256,259
3244,58,3216,256,259
3245,58,3216,256,259
3241,59,3216,256,259
3242,59,3216,256,259
3243,59,3216,256,259
3244,59,3216,256,259
3245,59,3216,256,259
3246,59,3216,256,259
3240,60,3216,256,259
3241,60,3216,256,259
3242,60,3216,256,259
3243,60,3216,256,259
3244,60,3216,256,259
3245,60,3216,256,259
3246,60,3216,256,259
3247,60,3216,256,259
3241,61,3216,256,259
3242,61,3216,256,259
3243,61,3216,256,259
3244,61,3216,256,259
3245,61,3216,256,259
3246,61,3216,256,259
3243,62,3216,256,259
3244,62,3216,256,259
3245,62,3216,256,259
3244,63,3216,256,259
3232,77,3228,259,849
3232,78,3226,259,849
3232,78,3227,259,849
3233,78,3227,259,849
3232,78,3228,259,849
3233,78,3228,259,849
3234,78,3228,259,849
3232,78,3229,259,849
3232,79,3225,259,849
3232,79,3226,259,849
3233,79,3226,259,849
3232,79,3227,259,849
3233,79,3227,259,849
3234,79,3227,259,849
3232,79,3228,259,849
3233,79,3228,259,849
3234,79,3228,259,849
3235,79,3228,259,849
3232,79,3229,259,849
3233,79,3229,259,849
3234,79,3229,259,849
3232,79,3230,259,849
3233,79,3230,259,849
3232,79,3231,256,849
3232,80,3226,259,849
3233,80,3227,259,849
3234,80,3228,259,849
3233,80,3229,259,849
3232,80,3230,256,849
3234,82,3231,256,849
3235,83,3231,256,849
3236,84,3231,256,849
3237,85,3231,256,849
3237,86,3230,256,849
3238,86,3231,256,849
3236,87,3229,849,256
3237,87,3230,849,256
3238,87,3231,849,256
3235,88,3229,849,256
3236,88,3230,849,256
3237,88,3231,849,256
3234,89,3229,259,256
3235,89,3229,259,256
3233,89,3230,259,256
3234,89,3230,259,849
3235,89,3230,849,256
3232,89,3231,849,256
3233,89,3231,259,849
3236,89,3231,849,256
3233,90,3226,259,256
3233,90,3227,259,256
3234,90,3227,259,256
3238,90,3227,256,259
3234,90,3228,259,256
3235,90,3228,259,256
3237,90,3228,256,259
3238,90,3228,256,259
3239,90,3228,256,259
3235,90,3229,259,256
3236,90,3229,259,256
3238,90,3229,256,259
3232,90,3230,259,256
3234,90,3230,259,256
3235,90,3230,259,256
3232,90,3231,259,256
3233,90,3231,259,256
3234,90,3231,259,849
3235,90,3231,849,256
3232,91,3226,259,256
3233,91,3226,259,256
3234,91,3226,259,256
3238,91,3226,256,259
3232,91,3227,259,256
3234,91,3227,259,256
3235,91,3227,259,256
3237,91,3227,256,259
3238,91,3227,256,259
3239,91,3227,256,259
3235,91,3228,259,256
3237,91,3228,256,259
3238,91,3228,256,259
3239,91,3228,256,259
3240,91,3228,256,259
3236,91,3229,259,256
3238,91,3229,256,259
3239,91,3229,256,259
3235,91,3230,259,256
3236,91,3230,259,256
3238,91,3230,256,259
3232,91,3231,259,256
3234,91,3231,259,256
3235,91,3231,259,256
3238,92,3225,256,259
3232,92,3226,259,256
3234,92,3226,259,256
3235,92,3226,259,256
3237,92,3226,256,259
3238,92,3226,256,259
3239,92,3226,256,259
3235,92,3227,259,256
3237,92,3227,256,259
3238,92,3227,256,259
3239,92,3227,256,259
3240,92,3227,256,259
3232,92,3228,849,259
3238,92,3228,256,259
3239,92,3228,256,259
3240,92,3228,256,259
3241,92,3228,256,259
3238,92,3229,256,259
3239,92,3229,256,259
3240,92,3229,256,259
3236,92,3230,259,256
3238,92,3230,256,259
3239,92,3230,256,259
3235,92,3231,259,256
3236,92,3231,259,256
3238,92,3231,256,259
3238,93,3224,256,259
3237,93,3225,256,259
3238,93,3225,256,259
3239,93,3225,256,259
3235,93,3226,259,256
3237,93,3226,256,259
3238,93,3226,256,259
3239,93,3226,256,259
3240,93,3226,256,259
3232,93,3227,849,259
3238,93,3227,256,259
3239,93,3227,256,259
3240,93,3227,256,259
3241,93,3227,256,259
3232,93,3228,849,259
3233,93,3228,849,259
3238,93,3228,256,259
3239,93,3228,256,259
3240,93,3228,256,259
3241,93,3228,256,259
3242,93,3228,256,259
3232,93,3229,849,259
3238,93,3229,256,259
3239,93,3229,256,259
3240,93,3229,256,259
3241,93,3229,256,259
3238,93,3230,256,259
3239,93,3230,256,259
3240,93,3230,256,259
3236,93,3231,259,256
3238,93,3231,256,259
3239,93,3231,256,259
3237,94,3224,256,259
3238,94,3224,256,259
3239,94,3224,256,259
3236,94,3225,256,259
3237,94,3225,256,259
3238,94,3225,256,259
3239,94,3225,256,259
3240,94,3225,256,259
3232,94,3226,849,259
3236,94,3226,256,259
3237,94,3226,256,259
3238,94,3226,256,259
3239,94,3226,256,259
3240,94,3226,256,259
3241,94,3226,256,259
3232,94,3227,849,259
3233,94,3227,849,259
3237,94,3227,256,259
3238,94,3227,256,259
3239,94,3227,256,259
3240,94,3227,256,259
3241,94,3227,256,259
3242,94,3227,256,259
3232,94,3228,849,259
3233,94,3228,849,259
3234,94,3228,849,259
3238,94,3228,256,259
3239,94,3228,256,259
3240,94,3228,256,259
3241,94,3228,256,259
3242,94,3228,256,259
3243,94,3228,256,259
3232,94,3229,849,259
3233,94,3229,849,259
3238,94,3229,256,259
3239,94,3229,256,259
3240,94,3229,256,259
3241,94,3229,256,259
3242,94,3229,256,259
3232,94,3230,849,259
3238,94,3230,256,259
3239,94,3230,256,259
3240,94,3230,256,259
3241,94,3230,256,259
3237,94,3231,256,259
3238,94,3231,256,259
3239,94,3231,256,259
3240,94,3231,256,259
3241,95,3216,256,849
3240,95,3217,256,849
3241,95,3217,256,849
3242,95,3217,256,849
3239,95,3218,256,849
3240,95,3218,256,849
3241,95,3218,256,849
3242,95,3218,256,849
3243,95,3218,256,849
3238,95,3219,256,849
3239,95,3219,256,849
3240,95,3219,256,849
3241,95,3219,256,849
3242,95,3219,256,849
3243,95,3219,256,849
3244,95,3219,256,849
3239,95,3220,256,849
3240,95,3220,256,849
3241,95,3220,256,849
3242,95,3220,256,849
3243,95,3220,256,849
3240,95,3221,256,849
3241,95,3221,256,849
3242,95,3221,256,849
3241,95,3222,256,849
3238,95,3224,256,259
3232,95,3225,849,256
3237,95,3225,256,259
3238,95,3225,256,259
3239,95,3225,256,259
3232,95,3226,849,259
3233,95,3226,849,259
3235,95,3226,256,259
3236,95,3226,256,259
3237,95,3226,256,259
3238,95,3226,256,259
3239,95,3226,256,259
3240,95,3226,256,259
3232,95,3227,849,259
3233,95,3227,849,259
3234,95,3227,849,259
3236,95,3227,256,259
3237,95,3227,256,259
3238,95,3227,256,259
3239,95,3227,256,259
3240,95,3227,256,259
3241,95,3227,256,259
3232,95,3228,849,259
3233,95,3228,849,259
3234,95,3228,849,259
3235,95,3228,849,259
3237,95,3228,256,259
3238,95,3228,256,259
3239,95,3228,256,259
3240,95,3228,256,259
3241,95,3228,256,259
3242,95,3228,256,259
3232,95,3229,849,259
3233,95,3229,849,259
3234,95,3229,849,259
3238,95,3229,256,259
3239,95,3229,256,259
3240,95,3229,256,259
3241,95,3229,256,259
3232,95,3230,849,259
3233,95,3230,849,259
3237,95,3230,256,259
3238,95,3230,256,259
3239,95,3230,256,259
3240,95,3230,256,259
3232,95,3231,849,259
3236,95,3231,256,259
3237,95,3231,256,259
3238,95,3231,256,259
3239,95,3231,256,259
3240,96,3216,256,849
3241,96,3216,256,849
3242,96,3216,256,849
3239,96,3217,256,849
3240,96,3217,256,849
3241,96,3217,256,849
3242,96,3217,256,849
3243,96,3217,256,849
3232,96,3218,259,256
3238,96,3218,256,849
3239,96,3218,256,849
3240,96,3218,256,849
3241,96,3218,256,849
3242,96,3218,256,849
3243,96,3218,256,849
3244,96,3218,256,849
3238,96,3219,256,849
3239,96,3219,256,849
3240,96,3219,256,849
3241,96,3219,256,849
3242,96,3219,256,849
3243,96,3219,256,849
3244,96,3219,256,849
3239,96,3220,256,849
3240,96,3220,256,849
3241,96,3220,256,849
3242,96,3220,256,849
3243,96,3220,256,849
3240,96,3221,256,849
3241,96,3221,256,849
3242,96,3221,256,849
3240,96,3222,256,849
3241,96,3222,256,849
3238,96,3225,256,259
3232,96,3226,849,259
3234,96,3226,256,259
3235,96,3226,256,259
3237,96,3226,256,259
3238,96,3226,256,259
3232,96,3227,849,259
3233,96,3227,849,259
3235,96,3227,256,259
3236,96,3227,256,259
3237,96,3227,256,259
3232,96,3228,849,259
3233,96,3228,849,259
3234,96,3228,849,259
3236,96,3228,256,259
3237,96,3228,256,259
3238,96,3228,256,259
3240,96,3228,256,259
3241,96,3228,256,259
3232,96,3229,849,259
3233,96,3229,849,259
3237,96,3229,256,259
3238,96,3229,256,259
3239,96,3229,256,259
3240,96,3229,256,259
3232,96,3230,849,259
3236,96,3230,256,259
3237,96,3230,256,259
3238,96,3230,256,259
3239,96,3230,256,259
3235,96,3231,849,259
3236,96,3231,849,259
3238,96,3231,256,259
3239,97,3216,256,849
3240,97,3216,256,849
3241,97,3216,256,849
3242,97,3216,256,849
3243,97,3216,256,849
3232,97,3217,259,256
3238,97,3217,256,849
3239,97,3217,256,849
3240,97,3217,256,849
3241,97,3217,256,849
3242,97,3217,256,849
3243,97,3217,256,849
3244,97,3217,256,849
3232,97,3218,259,256
3238,97,3218,256,849
3239,97,3218,256,849
3240,97,3218,256,849
3241,97,3218,256,849
3242,97,3218,256,849
3243,97,3218,256,849
3244,97,3218,256,849
3232,97,3219,259,256
3239,97,3219,256,849
3240,97,3219,256,849
3241,97,3219,256,849
3242,97,3219,256,849
3243,97,3219,256,849
3240,97,3220,256,849
3241,97,3220,256,849
3242,97,3220,256,849
3241,97,3221,256,849
3240,97,3222,256,849
3232,97,3226,256,259
3233,97,3226,256,259
3234,97,3226,256,259
3232,97,3227,849,259
3234,97,3227,256,259
3235,97,3227,256,259
3232,97,3228,849,259
3233,97,3228,849,259
3235,97,3228,256,259
3236,97,3228,256,259
3237,97,3228,256,259
3232,97,3229,849,259
3236,97,3229,256,259
3237,97,3229,256,259
3238,97,3229,256,259
3235,97,3230,849,259
3236,97,3230,849,259
3238,97,3230,256,259
3234,97,3231,849,259
3235,97,3231,849,259
3238,98,3216,256,849
3239,98,3216,256,849
3240,98,3216,256,849
3241,98,3216,256,849
3242,98,3216,256,849
3243,98,3216,256,849
3244,98,3216,256,849
3238,98,3217,256,849
3239,98,3217,256,849
3240,98,3217,256,849
3241,98,3217,256,849
3242,98,3217,256,849
3243,98,3217,256,849
3244,98,3217,256,849
3232,98,3218,259,256
3239,98,3218,256,849
3240,98,3218,256,849
3241,98,3218,256,849
3242,98,3218,256,849
3243,98,3218,256,849
3240,98,3219,256,849
3241,98,3219,256,849
3242,98,3219,256,849
3241,98,3220,256,849
3233,98,3226,256,259
3232,98,3227,256,259
3233,98,3227,256,259
3234,98,3227,256,259
3232,98,3228,849,259
3234,98,3228,256,259
3235,98,3228,849,259
3235,98,3229,849,259
3236,98,3229,849,259
3234,98,3230,849,259
3235,98,3230,849,259
3234,98,3231,849,259
3238,99,3216,256,849
3239,99,3216,256,849
3240,99,3216,256,849
3241,99,3216,256,849
3242,99,3216,256,849
3243,99,3216,256,849
3239,99,3217,256,849
3240,99,3217,256,849
3241,99,3217,256,849
3242,99,3217,256,849
3243,99,3217,256,849
3244,99,3217,256,849
3240,99,3218,256,849
3241,99,3218,256,849
3242,99,3218,256,849
3243,99,3218,256,849
3244,99,3218,256,849
3241,99,3219,256,849
3242,99,3219,256,849
3243,99,3219,256,849
3242,99,3220,256,849
3233,99,3227,256,259
3232,99,3228,256,259
3233,99,3228,256,259
3234,99,3228,849,259
3234,99,3229,849,259
3235,99,3229,849,259
3234,99,3230,849,259
3237,100,3216,256,849
3238,100,3216,256,849
3239,100,3216,256,849
3240,100,3216,256,849
3241,100,3216,256,849
3242,100,3216,256,849
3236,100,3217,256,849
3238,100,3217,256,849
3239,100,3217,256,849
3240,100,3217,256,849
3241,100,3217,256,259
3242,100,3217,256,849
3243,100,3217,256,849
3235,100,3218,256,849
3239,100,3218,256,849
3240,100,3218,256,259
3241,100,3218,256,259
3242,100,3218,256,259
3243,100,3218,256,849
3244,100,3218,256,849
3240,100,3219,256,849
3241,100,3219,256,259
3242,100,3219,256,849
3243,100,3219,256,849
3244,100,3219,256,849
3241,100,3220,256,849
3242,100,3220,256,849
3243,100,3220,256,849
3242,100,3221,256,849
3241,100,3222,256,849
3233,100,3228,849,259
3234,100,3229,849,259
3236,101,3216,256,849
3237,101,3216,256,849
3238,101,3216,256,849
3239,101,3216,256,849
3240,101,3216,256,849
3241,101,3216,849,259
3235,101,3217,256,849
3236,101,3217,256,849
3237,101,3217,256,849
3238,101,3217,256,849
3239,101,3217,256,849
3240,101,3217,849,259
3241,101,3217,849,259
3242,101,3217,849,259
3235,101,3218,256,849
3236,101,3218,256,849
3238,101,3218,256,849
3239,101,3218,849,259
3240,101,3218,849,259
3241,101,3218,849,259
3242,101,3218,849,259
3243,101,3218,849,259
3235,101,3219,256,849
3240,101,3219,849,259
3241,101,3219,849,259
3242,101,3219,849,259
3241,101,3220,849,259
3235,102,3216,256,849
3236,102,3216,256,849
3237,102,3216,256,849
3238,102,3216,256,849
3239,102,3216,256,849
3240,102,3216,849,259
3241,102,3216,849,259
3242,102,3216,849,259
3235,102,3217,256,849
3236,102,3217,256,849
3237,102,3217,256,849
3238,102,3217,256,849
3239,102,3217,849,259
3240,102,3217,849,259
3241,102,3217,849,259
3242,102,3217,849,259
3243,102,3217,849,259
3235,102,3218,256,849
3236,102,3218,256,849
3237,102,3218,256,849
3238,102,3218,849,259
3239,102,3218,849,259
3240,102,3218,849,259
3241,102,3218,849,259
3242,102,3218,849,259
3243,102,3218,849,259
3244,102,3218,849,259
3235,102,3219,256,849
3236,102,3219,256,849
3239,102,3219,849,259
3240,102,3219,849,259
3241,102,3219,849,259
3242,102,3219,849,259
3243,102,3219,849,259
3244,102,3219,849,256
3235,102,3220,256,849
3240,102,3220,849,259
3241,102,3220,849,259
3242,102,3220,849,259
3243,102,3220,849,256
3244,102,3220,849,256
3241,102,3221,849,259
3242,102,3221,849,256
3243,102,3221,849,256
3242,102,3222,849,256
3241,102,3223,849,256
3236,103,3216,256,849
3237,103,3216,256,849
3239,103,3216,849,259
3240,103,3216,849,259
3241,103,3216,849,259
3242,103,3216,849,259
3243,103,3216,849,259
3235,103,3217,256,849
3236,103,3217,256,849
3237,103,3217,256,849
3238,103,3217,849,259
3239,103,3217,849,259
3240,103,3217,849,259
3241,103,3217,849,259
3242,103,3217,849,259
3243,103,3217,849,259
3235,103,3218,256,849
3236,103,3218,256,849
3237,103,3218,256,259
3238,103,3218,849,259
3239,103,3218,849,259
3240,103,3218,849,259
3241,103,3218,849,259
3242,103,3218,849,259
3243,103,3218,849,259
3244,103,3218,849,259
3235,103,3219,256,849
3236,103,3219,256,849
3238,103,3219,849,259
3239,103,3219,849,259
3240,103,3219,849,259
3241,103,3219,849,259
3242,103,3219,849,259
3243,103,3219,849,259
3244,103,3219,849,259
3235,103,3220,256,849
3236,103,3220,256,849
3239,103,3220,849,259
3240,103,3220,849,259
3241,103,3220,849,259
3242,103,3220,849,259
3243,103,3220,849,259
3244,103,3220,849,256
3235,103,3221,256,849
3240,103,3221,849,259
3241,103,3221,849,259
3242,103,3221,849,259
3243,103,3221,849,256
3244,103,3221,849,256
3238,103,3222,256,849
3241,103,3222,849,259
3242,103,3222,849,256
3243,103,3222,849,256
3238,103,3223,256,849
3240,103,3223,849,256
3241,103,3223,849,256
3242,103,3223,849,256
3241,103,3224,849,256
3240,104,3216,849,259
3241,104,3216,849,259
3242,104,3216,849,259
3243,104,3216,849,259
3236,104,3217,256,849
3237,104,3217,256,259
3239,104,3217,849,259
3240,104,3217,849,259
3241,104,3217,849,259
3242,104,3217,849,259
3235,104,3218,256,849
3236,104,3218,256,849
3237,104,3218,849,259
3238,104,3218,849,259
3239,104,3218,849,259
3240,104,3218,849,259
3241,104,3218,849,259
3242,104,3218,849,259
3243,104,3218,849,259
3235,104,3219,256,849
3237,104,3219,849,259
3238,104,3219,849,259
3239,104,3219,849,259
3240,104,3219,849,259
3241,104,3219,849,259
3242,104,3219,849,259
3243,104,3219,849,259
3244,104,3219,849,259
3234,104,3220,256,849
3235,104,3220,256,849
3238,104,3220,849,259
3239,104,3220,849,259
3240,104,3220,849,259
3241,104,3220,849,259
3242,104,3220,849,259
3243,104,3220,849,259
3244,104,3220,849,259
3235,104,3221,256,849
3236,104,3221,256,849
3239,104,3221,849,259
3240,104,3221,849,259
3241,104,3221,849,259
3242,104,3221,849,259
3243,104,3221,849,259
3244,104,3221,849,256
3236,104,3222,256,849
3237,104,3222,256,849
3240,104,3222,849,259
3241,104,3222,849,259
3242,104,3222,849,259
3243,104,3222,849,256
3244,104,3222,849,256
3237,104,3223,256,849
3238,104,3223,256,849
3239,104,3223,849,256
3240,104,3223,849,256
3241,104,3223,849,259
3242,104,3223,849,256
3243,104,3223,849,256
3240,104,3224,849,256
3241,104,3224,849,256
3242,104,3224,849,256
3241,104,3225,849,256
3241,105,3216,849,259
3242,105,3216,849,259
3240,105,3217,849,259
3241,105,3217,849,259
3237,105,3218,849,259
3238,105,3218,849,259
3239,105,3218,849,259
3240,105,3218,849,259
3241,105,3218,849,259
3242,105,3218,849,259
3237,105,3219,849,259
3238,105,3219,849,259
3239,105,3219,849,259
3240,105,3219,849,259
3241,105,3219,849,259
3242,105,3219,849,259
3243,105,3219,849,259
3237,105,3220,849,259
3238,105,3220,849,259
3239,105,3220,849,259
3240,105,3220,849,259
3241,105,3220,849,259
3242,105,3220,849,259
3243,105,3220,849,259
3244,105,3220,849,259
3238,105,3221,849,259
3239,105,3221,849,259
3240,105,3221,849,259
3241,105,3221,849,259
3242,105,3221,849,259
3243,105,3221,849,259
3244,105,3221,849,259
3239,105,3222,849,259
3240,105,3222,849,259
3241,105,3222,849,259
3242,105,3222,849,259
3243,105,3222,849,259
3240,105,3223,849,259
3241,105,3223,849,259
3242,105,3223,849,259
3241,105,3224,849,259
3240,106,3216,849,259
3241,106,3216,849,259
3236,106,3217,849,256
3237,106,3217,849,259
3239,106,3217,849,259
3240,106,3217,849,259
3235,106,3218,849,256
3236,106,3218,849,256
3237,106,3218,849,259
3238,106,3218,849,259
3239,106,3218,849,259
3240,106,3218,849,259
3241,106,3218,849,259
3237,106,3219,849,259
3238,106,3219,849,259
3239,106,3219,849,259
3240,106,3219,849,259
3241,106,3219,849,259
3242,106,3219,849,259
3237,106,3220,849,259
3238,106,3220,849,259
3239,106,3220,849,259
3240,106,3220,849,259
3241,106,3220,849,259
3242,106,3220,849,259
3243,106,3220,849,259
3238,106,3221,849,259
3239,106,3221,849,259
3240,106,3221,849,259
3241,106,3221,849,259
3242,106,3221,849,259
3243,106,3221,849,259
3244,106,3221,256,259
3237,106,3222,849,256
3238,106,3222,849,259
3239,106,3222,849,259
3240,106,3222,849,259
3241,106,3222,849,259
3242,106,3222,849,259
3243,106,3222,256,259
3244,106,3222,256,259
3237,106,3223,849,256
3238,106,3223,849,256
3239,106,3223,256,259
3240,106,3223,256,259
3241,106,3223,849,259
3242,106,3223,256,259
3243,106,3223,256,259
3240,106,3224,256,259
3241,106,3224,256,259
3242,106,3224,256,259
3241,106,3225,256,259
3236,107,3216,849,256
3237,107,3216,849,259
3239,107,3216,849,259
3240,107,3216,849,259
3235,107,3217,849,256
3236,107,3217,849,256
3237,107,3217,849,259
3238,107,3217,849,259
3239,107,3217,849,259
3240,107,3217,849,259
3236,107,3218,849,256
3237,107,3218,849,259
3238,107,3218,849,259
3239,107,3218,849,259
3240,107,3218,849,259
3237,107,3219,849,259
3238,107,3219,849,259
3239,107,3219,849,259
3240,107,3219,849,259
3241,107,3219,849,259
3238,107,3220,849,259
3239,107,3220,849,259
3240,107,3220,849,259
3241,107,3220,849,259
3242,107,3220,849,259
3239,107,3221,849,259
3240,107,3221,849,259
3241,107,3221,849,259
3242,107,3221,849,259
3243,107,3221,256,259
3238,107,3222,849,256
3239,107,3222,849,259
3240,107,3222,849,259
3241,107,3222,849,259
3242,107,3222,256,259
3243,107,3222,256,259
3240,107,3223,256,259
3241,107,3223,256,259
3242,107,3223,256,259
3241,107,3224,256,259
3235,108,3216,849,256
3236,108,3216,849,256
3237,108,3216,849,256
3238,108,3216,849,259
3239,108,3216,849,259
3240,108,3216,849,259
3236,108,3217,849,256
3237,108,3217,849,259
3238,108,3217,849,259
3239,108,3217,849,259
3240,108,3217,849,259
3237,108,3218,849,259
3238,108,3218,849,259
3239,108,3218,849,259
3240,108,3218,849,259
3238,108,3219,849,259
3239,108,3219,849,259
3240,108,3219,849,259
3239,108,3220,849,259
3240,108,3220,849,259
3241,108,3220,849,259
3240,108,3221,849,259
3241,108,3221,849,259
3242,108,3221,256,259
3239,108,3222,849,256
3240,108,3222,849,259
3241,108,3222,849,259
3242,108,3222,256,259
3241,108,3223,256,259
3236,109,3216,849,256
3237,109,3216,849,256
3239,109,3216,849,259
3240,109,3216,849,259
3237,109,3217,849,256
3238,109,3217,849,259
3239,109,3217,849,259
3240,109,3217,849,259
3238,109,3218,849,259
3239,109,3218,849,259
3240,109,3218,849,259
3239,109,3219,849,259
3240,109,3219,849,259
3241,109,3219,849,259
3240,109,3220,849,259
3241,109,3220,849,259
3242,109,3220,256,259
3241,109,3221,849,259
3242,109,3221,256,259
3240,109,3222,849,256
3241,109,3222,256,259
3241,110,3216,256,259
3240,110,3217,849,259
3239,110,3218,849,259
3240,110,3218,849,259
3241,110,3218,849,259
3240,110,3219,849,259
3241,110,3219,849,259
3242,110,3219,256,259
3241,110,3220,849,259
3242,110,3220,256,259
3237,111,3217,849,256
3241,111,3217,256,259
3238,111,3218,849,256
3240,111,3218,849,259
3241,111,3218,256,259
3242,111,3218,256,259
3239,111,3219,849,256
3240,111,3219,849,259
3241,111,3219,849,259
3242,111,3219,256,259
3240,111,3220,849,256
3241,111,3220,256,259
3237,112,3218,849,256
3241,112,3218,256,259
3242,112,3218,256,259
3240,112,3219,849,256
3241,112,3219,256,259
3237,113,3219,849,256
3249,2,3216,259,258
3248,13,3220,849,256
3248,14,3219,849,256
3248,14,3220,849,256
3249,14,3220,849,256
3248,14,3221,849,256
3248,15,3218,849,256
3248,15,3219,849,256
3249,15,3219,849,256
3248,15,3220,849,256
3249,15,3220,849,256
3248,15,3221,849,256
3249,15,3221,849,256
3248,15,3222,849,256
3248,16,3219,849,256
3248,16,3220,849,256
3249,16,3220,849,256
3248,16,3221,849,256
3248,17,3220,849,256
3248,21,3216,849,258
3248,21,3217,849,258
3248,21,3218,849,258
3248,22,3216,849,258
3248,22,3217,849,258
3249,22,3217,849,258
3248,22,3218,849,258
3248,23,3216,849,258
3248,23,3217,849,258
3249,23,3217,849,258
3248,23,3218,849,258
3248,33,3216,259,258
3249,33,3216,259,258
3248,33,3217,259,258
3249,33,3217,259,258
3248,33,3218,259,258
3248,34,3216,259,258
3248,34,3217,259,258
3249,34,3217,259,258
3248,34,3218,259,258
3249,34,3218,259,258
3248,34,3219,259,258
3248,35,3216,259,258
3248,35,3217,259,258
3248,35,3218,259,258
3206,3,3232,849,259
3207,3,3232,849,259
3209,3,3232,849,259
3213,3,3232,849,259
3206,3,3233,849,259
3208,3,3233,849,259
3209,3,3233,849,259
3210,3,3233,849,259
3213,3,3233,256,259
3200,3,3234,259,849
3201,3,3234,256,849
3202,3,3234,256,849
3206,3,3234,849,259
3207,3,3234,849,259
3208,3,3234,849,259
3209,3,3234,849,259
3210,3,3234,849,259
3211,3,3234,849,259
3212,3,3234,849,259
3213,3,3234,256,259
3200,3,3235,259,849
3205,3,3235,849,259
3206,3,3235,849,259
3207,3,3235,849,259
3208,3,3235,849,259
3209,3,3235,849,259
3211,3,3235,849,259
3213,3,3235,849,259
3214,3,3235,256,259
3205,3,3236,849,259
3206,3,3236,849,259
3207,3,3236,849,259
3208,3,3236,849,259
3214,3,3236,849,259
3206,3,3237,849,259
3208,3,3237,849,259
3209,3,3237,849,259
3210,3,3237,849,259
3211,3,3237,849,259
3212,3,3237,256,259
3214,3,3237,849,259
3210,3,3238,849,259
3211,3,3238,256,259
3212,3,3238,849,259
3213,3,3238,849,259
3211,3,3239,849,259
3212,3,3239,256,259
3209,3,3240,849,259
3211,3,3240,849,259
3213,3,3240,256,849
3201,4,3232,259,849
3208,4,3232,849,259
3214,4,3232,256,259
3200,4,3233,259,849
3206,4,3233,849,259
3208,4,3233,849,259
3209,4,3233,849,259
3213,4,3233,256,259
3214,4,3233,256,259
3200,4,3234,259,849
3201,4,3234,259,849
3202,4,3234,256,849
3203,4,3234,256,849
3207,4,3234,849,259
3208,4,3234,849,259
3209,4,3234,849,259
3210,4,3234,849,259
3212,4,3234,849,259
3213,4,3234,849,259
3214,4,3234,256,259
3215,4,3234,259,256
3200,4,3235,259,849
3205,4,3235,849,259
3206,4,3235,849,259
3207,4,3235,849,259
3208,4,3235,849,259
3210,4,3235,849,259
3211,4,3235,849,259
3212,4,3235,849,259
3213,4,3235,849,259
3214,4,3235,849,259
3215,4,3235,259,256
3200,4,3236,259,849
3206,4,3236,849,259
3207,4,3236,849,259
3208,4,3236,849,259
3209,4,3236,849,259
3210,4,3236,849,259
3212,4,3236,849,259
3213,4,3236,849,259
3214,4,3236,849,259
3207,4,3237,849,259
3210,4,3237,849,259
3211,4,3237,849,259
3212,4,3237,849,259
3213,4,3237,849,259
3211,4,3238,849,259
3212,4,3238,849,259
3210,4,3239,849,259
3211,4,3239,256,259
3215,4,3239,849,259
3214,4,3240,849,259
3213,4,3241,256,259
3215,4,3241,256,259
3212,4,3242,256,259
3213,4,3242,256,259
3214,4,3242,256,259
3215,4,3242,256,259
3211,4,3243,849,259
3212,4,3243,849,259
3214,4,3243,849,259
3215,4,3243,849,259
3210,4,3244,849,259
3211,4,3244,849,259
3212,4,3244,849,259
3215,4,3244,849,259
3212,4,3245,849,259
3213,4,3245,849,259
3214,4,3245,849,259
3215,4,3245,849,259
3206,4,3246,256,849
3212,4,3246,849,259
3213,4,3246,849,259
3214,4,3246,849,259
3215,4,3246,849,259
3206,4,3247,256,849
3208,4,3247,259,849
3214,4,3247,849,259
3215,4,3247,849,259
3200,5,3232,259,849
3207,5,3232,849,259
3215,5,3232,256,849
3202,5,3233,256,849
3203,5,3233,256,849
3206,5,3233,849,259
3207,5,3233,849,259
3208,5,3233,849,259
3214,5,3233,256,259
3215,5,3233,259,256
3200,5,3234,259,849
3201,5,3234,259,849
3203,5,3234,256,849
3204,5,3234,256,849
3206,5,3234,849,259
3207,5,3234,849,259
3208,5,3234,849,259
3209,5,3234,849,259
3213,5,3234,849,259
3214,5,3234,849,259
3215,5,3234,259,256
3200,5,3235,259,849
3206,5,3235,849,259
3207,5,3235,849,259
3208,5,3235,849,259
3209,5,3235,849,259
3210,5,3235,849,259
3212,5,3235,849,259
3213,5,3235,849,259
3214,5,3235,849,259
3207,5,3236,849,259
3210,5,3236,849,259
3211,5,3236,849,259
3212,5,3236,849,259
3213,5,3236,849,259
3211,5,3237,849,259
3212,5,3237,849,259
3215,5,3238,849,259
3214,5,3239,849,259
3215,5,3239,849,259
3211,5,3240,256,849
3213,5,3240,849,259
3214,5,3240,849,259
3215,5,3240,849,259
3212,5,3241,256,259
3213,5,3241,849,259
3214,5,3241,849,259
3215,5,3241,849,259
3211,5,3242,256,259
3212,5,3242,256,259
3213,5,3242,256,259
3214,5,3242,849,259
3215,5,3242,256,259
3200,5,3243,849,259
3210,5,3243,849,259
3211,5,3243,849,259
3212,5,3243,849,259
3213,5,3243,849,259
3214,5,3243,849,259
3215,5,3243,849,259
3209,5,3244,849,259
3210,5,3244,849,259
3211,5,3244,849,259
3212,5,3244,849,259
3213,5,3244,849,259
3214,5,3244,849,259
3215,5,3244,849,259
3210,5,3245,849,259
3211,5,3245,849,259
3212,5,3245,849,259
3213,5,3245,849,259
3214,5,3245,849,259
3215,5,3245,849,259
3206,5,3246,256,849
3211,5,3246,849,259
3212,5,3246,849,259
3213,5,3246,849,259
3214,5,3246,849,259
3215,5,3246,849,259
3206,5,3247,259,849
3207,5,3247,259,849
3212,5,3247,849,259
3213,5,3247,849,259
3214,5,3247,849,259
3215,5,3247,849,259
3202,6,3232,256,849
3203,6,3232,256,849
3208,6,3232,849,259
3214,6,3232,259,849
3215,6,3232,259,849
3201,6,3233,259,849
3202,6,3233,259,849
3203,6,3233,256,849
3204,6,3233,256,849
3207,6,3233,849,259
3208,6,3233,849,259
3209,6,3233,849,259
3214,6,3233,259,849
3215,6,3233,259,849
3200,6,3234,259,849
3204,6,3234,256,849
3206,6,3234,849,259
3207,6,3234,849,259
3208,6,3234,849,259
3209,6,3234,849,259
3210,6,3234,849,259
3214,6,3234,849,259
3207,6,3235,849,259
3210,6,3235,849,259
3211,6,3235,849,259
3213,6,3235,849,259
3211,6,3236,849,259
3212,6,3236,849,259
3215,6,3239,849,259
3214,6,3240,849,259
3215,6,3240,849,259
3211,6,3241,256,849
3213,6,3241,849,259
3214,6,3241,849,259
3215,6,3241,849,259
3200,6,3242,849,259
3212,6,3242,256,259
3213,6,3242,849,259
3214,6,3242,849,259
3215,6,3242,849,259
3201,6,3243,849,259
3211,6,3243,849,259
3212,6,3243,849,259
3213,6,3243,849,259
3214,6,3243,849,259
3200,6,3244,849,259
3210,6,3244,849,259
3211,6,3244,849,259
3212,6,3244,849,259
3213,6,3244,849,259
3214,6,3244,849,259
3215,6,3244,849,259
3200,6,3245,256,849
3206,6,3245,256,849
3211,6,3245,849,259
3212,6,3245,849,259
3213,6,3245,849,259
3214,6,3245,849,259
3215,6,3245,849,259
3201,6,3246,256,849
3212,6,3246,849,259
3213,6,3246,849,259
3214,6,3246,849,259
3215,6,3246,849,259
3205,6,3247,259,256
3206,6,3247,259,849
3213,6,3247,849,259
3214,6,3247,849,259
3215,6,3247,849,259
3201,7,3232,259,849
3202,7,3232,259,849
3204,7,3232,256,849
3207,7,3232,849,259
3208,7,3232,849,256
3209,7,3232,849,256
3213,7,3232,259,256
3214,7,3232,259,849
3215,7,3232,259,849
3200,7,3233,259,849
3203,7,3233,259,849
3204,7,3233,256,849
3205,7,3233,256,849
3206,7,3233,849,259
3207,7,3233,849,259
3208,7,3233,849,259
3209,7,3233,259,256
3210,7,3233,259,256
3212,7,3233,259,256
3213,7,3233,259,849
3214,7,3233,259,849
3215,7,3233,259,849
3204,7,3234,256,849
3207,7,3234,849,259
3210,7,3234,259,849
3211,7,3234,259,256
3212,7,3234,259,849
3213,7,3234,259,849
3214,7,3234,259,849
3211,7,3235,259,849
3212,7,3235,259,849
3213,7,3235,259,849
3212,7,3236,259,849
3215,7,3240,849,259
3214,7,3241,849,259
3215,7,3241,849,259
3201,7,3242,849,259
3213,7,3242,849,259
3214,7,3242,849,259
3215,7,3242,849,259
3202,7,3243,849,259
3212,7,3243,849,259
3213,7,3243,849,259
3214,7,3243,849,259
3215,7,3243,849,259
3201,7,3244,849,259
3211,7,3244,849,259
3212,7,3244,849,259
3213,7,3244,849,259
3214,7,3244,849,259
3201,7,3245,256,849
3203,7,3245,256,849
3212,7,3245,849,259
3213,7,3245,849,259
3214,7,3245,849,259
3215,7,3245,849,259
3200,7,3246,256,849
3201,7,3246,256,849
3202,7,3246,256,849
3205,7,3246,259,256
3213,7,3246,849,259
3214,7,3246,849,259
3215,7,3246,849,259
3201,7,3247,256,849
3204,7,3247,259,256
3205,7,3247,259,256
3214,7,3247,849,259
3215,7,3247,849,259
3205,8,3232,256,849
3206,8,3232,849,259
3207,8,3232,849,259
3208,8,3232,849,259
3209,8,3232,259,256
3210,8,3232,259,256
3212,8,3232,259,256
3213,8,3232,259,849
3214,8,3232,259,849
3215,8,3232,259,849
3204,8,3233,256,849
3207,8,3233,849,259
3210,8,3233,259,849
3211,8,3233,259,256
3212,8,3233,259,849
3213,8,3233,259,849
3214,8,3233,259,849
3215,8,3233,259,849
3211,8,3234,259,849
3212,8,3234,259,849
3213,8,3234,259,849
3214,8,3234,259,849
3215,8,3234,259,849
3212,8,3235,259,849
3213,8,3235,259,849
3214,8,3235,259,849
3213,8,3236,259,849
3202,8,3241,256,849
3202,8,3242,849,259
3203,8,3243,849,259
3215,8,3243,849,259
3202,8,3244,849,259
3212,8,3244,849,259
3214,8,3244,849,259
3215,8,3244,849,259
3202,8,3245,256,849
3213,8,3245,849,259
3214,8,3245,849,259
3215,8,3245,849,259
3200,8,3246,849,259
3201,8,3246,256,849
3202,8,3246,256,849
3203,8,3246,256,849
3214,8,3246,849,259
3215,8,3246,849,259
3200,8,3247,256,849
3201,8,3247,256,849
3202,8,3247,256,849
3205,8,3247,259,256
3215,8,3247,849,259
3210,9,3232,259,849
3211,9,3232,259,256
3212,9,3232,259,256
3214,9,3232,259,849
3211,9,3233,259,849
3212,9,3233,259,256
3213,9,3233,259,849
3214,9,3233,259,849
3215,9,3233,259,849
3212,9,3234,259,849
3213,9,3234,259,849
3214,9,3234,259,849
3215,9,3234,259,849
3213,9,3235,259,849
3214,9,3235,259,849
3215,9,3235,259,849
3214,9,3236,259,849
3202,9,3240,256,849
3202,9,3242,849,259
3203,9,3242,849,259
3202,9,3243,849,259
3203,9,3243,849,259
3204,9,3243,849,259
3201,9,3244,849,259
3202,9,3244,849,259
3203,9,3244,849,259
3215,9,3244,849,259
3200,9,3245,849,259
3202,9,3245,849,259
3214,9,3245,849,259
3215,9,3245,849,259
3200,9,3246,849,259
3201,9,3246,849,259
3202,9,3246,256,849
3215,9,3246,849,259
3200,9,3247,256,259
3201,9,3247,256,849
3202,9,3247,256,849
3203,9,3247,256,849
3205,9,3247,849,256
3206,9,3247,849,256
3209,10,3232,259,849
3210,10,3232,259,849
3211,10,3232,259,849
3210,10,3233,259,849
3211,10,3233,259,849
3212,10,3233,259,849
3213,10,3233,259,256
3214,10,3233,259,849
3211,10,3234,259,849
3212,10,3234,259,849
3213,10,3234,259,849
3214,10,3234,259,849
3215,10,3234,259,849
3212,10,3235,259,849
3213,10,3235,259,849
3214,10,3235,259,849
3215,10,3235,259,849
3214,10,3236,259,849
3215,10,3236,259,849
3201,10,3239,259,849
3202,10,3239,259,849
3201,10,3240,259,849
3202,10,3240,256,849
3201,10,3242,849,259
3202,10,3242,849,259
3201,10,3243,849,259
3202,10,3243,849,259
3203,10,3243,849,259
3200,10,3244,849,259
3201,10,3244,849,259
3202,10,3244,849,259
3200,10,3245,849,259
3201,10,3245,849,259
3215,10,3245,849,259
3200,10,3246,849,259
3201,10,3246,256,259
3200,10,3247,256,259
3201,10,3247,256,259
3202,10,3247,256,849
3206,10,3247,849,256
3207,10,3247,849,256
3208,11,3232,259,849
3209,11,3232,259,849
3210,11,3232,259,849
3209,11,3233,259,849
3210,11,3233,259,849
3211,11,3233,259,849
3212,11,3233,259,849
3213,11,3233,259,849
3210,11,3234,259,849
3211,11,3234,259,849
3212,11,3234,259,849
3213,11,3234,259,849
3214,11,3234,259,849
3202,11,3235,849,259
3203,11,3235,849,259
3211,11,3235,259,849
3212,11,3235,259,849
3213,11,3235,259,849
3214,11,3235,259,849
3215,11,3235,259,849
3201,11,3238,259,256
3202,11,3238,259,256
3200,11,3239,259,256
3201,11,3239,259,849
3202,11,3239,259,256
3203,11,3239,259,256
3200,11,3240,259,849
3201,11,3240,259,849
3202,11,3240,259,849
3201,11,3241,259,849
3201,11,3242,849,259
3200,11,3243,849,259
3201,11,3243,849,259
3202,11,3243,849,259
3200,11,3244,849,259
3201,11,3244,849,259
3200,11,3245,849,259
3200,11,3246,256,259
3200,11,3247,256,259
3201,11,3247,256,259
3208,11,3247,849,256
3208,12,3232,259,849
3210,12,3232,259,849
3211,12,3232,259,849
3200,12,3233,259,849
3208,12,3233,259,849
3209,12,3233,259,849
3210,12,3233,259,849
3211,12,3233,259,849
3212,12,3233,259,849
3213,12,3233,259,849
3214,12,3233,259,849
3201,12,3234,849,259
3205,12,3234,849,259
3209,12,3234,259,849
3210,12,3234,259,849
3211,12,3234,259,849
3212,12,3234,259,849
3213,12,3234,259,849
3214,12,3234,259,849
3215,12,3234,259,849
3203,12,3235,849,259
3204,12,3235,849,259
3210,12,3235,259,849
3211,12,3235,259,849
3212,12,3235,259,849
3213,12,3235,259,849
3214,12,3235,259,849
3211,12,3236,259,849
3212,12,3236,259,849
3202,12,3237,259,256
3201,12,3238,259,256
3202,12,3238,259,256
3203,12,3238,259,256
3200,12,3239,259,256
3201,12,3239,259,256
3202,12,3239,259,256
3200,12,3240,259,256
3201,12,3240,259,849
3200,12,3241,259,849
3200,12,3247,256,259
3200,13,3232,259,849
3211,13,3232,259,849
3212,13,3232,259,849
3200,13,3233,259,849
3205,13,3233,849,259
3206,13,3233,849,256
3211,13,3233,259,849
3212,13,3233,259,849
3213,13,3233,259,849
3214,13,3233,259,256
3200,13,3234,849,259
3201,13,3234,849,259
3202,13,3234,849,259
3204,13,3234,849,259
3205,13,3234,849,259
3206,13,3234,849,259
3210,13,3234,259,849
3211,13,3234,259,849
3212,13,3234,259,849
3213,13,3234,259,849
3214,13,3234,259,849
3204,13,3235,849,259
3205,13,3235,849,259
3211,13,3235,259,849
3212,13,3235,259,849
3213,13,3235,259,849
3212,13,3236,259,849
3202,13,3238,259,256
3201,13,3239,259,256
3202,13,3239,259,256
3203,13,3239,259,256
3200,13,3240,259,256
3201,13,3240,259,256
3202,13,3240,259,256
3200,13,3241,259,256
3201,13,3241,259,256
3200,13,3246,256,259
3200,13,3247,256,259
3201,13,3247,849,256
3200,14,3232,259,849
3211,14,3232,259,849
3212,14,3232,259,256
3213,14,3232,259,256
3214,14,3232,259,256
3204,14,3233,849,259
3205,14,3233,849,259
3212,14,3233,259,849
3213,14,3233,259,256
3215,14,3233,259,256
3201,14,3234,849,259
3203,14,3234,849,259
3204,14,3234,849,259
3205,14,3234,849,259
3211,14,3234,259,849
3212,14,3234,259,849
3203,14,3235,849,259
3204,14,3235,849,259
3212,14,3235,259,849
3202,14,3239,259,256
3201,14,3240,259,256
3202,14,3240,259,256
3203,14,3240,259,256
3201,14,3241,259,256
3202,14,3241,259,256
3201,14,3246,849,259
3200,14,3247,256,259
3201,14,3247,849,259
3202,14,3247,849,259
3200,15,3232,849,259
3212,15,3232,259,256
3213,15,3232,259,256
3215,15,3232,259,256
3200,15,3233,259,849
3202,15,3233,259,849
3203,15,3233,849,259
3204,15,3233,849,259
3204,15,3234,849,259
3203,15,3235,849,259
3202,15,3240,259,256
3202,15,3241,259,256
3203,15,3241,259,256
3212,15,3242,256,849
3202,15,3246,849,259
3201,15,3247,849,259
3202,15,3247,849,259
3203,15,3247,849,259
3201,16,3232,849,259
3202,16,3232,259,849
3203,16,3232,849,259
3201,16,3233,259,849
3204,16,3235,849,259
3203,16,3236,849,259
3202,16,3240,259,256
3203,16,3241,259,256
3212,16,3241,256,849
3213,16,3242,256,849
3202,16,3247,849,259
3203,16,3247,849,259
3202,17,3239,259,256
3203,17,3239,256,259
3203,17,3240,259,256
3210,17,3242,849,256
3211,17,3242,849,256
3213,17,3242,849,256
3214,17,3243,849,256
3201,17,3247,256,259
3202,17,3247,256,259
3202,18,3232,849,259
3202,18,3239,256,259
3211,18,3242,849,417
3212,18,3242,849,256
3213,18,3243,849,256
3214,18,3244,849,256
3215,18,3245,849,256
3201,19,3232,849,259
3202,19,3232,849,259
3203,19,3232,849,259
3202,19,3233,849,259
3201,19,3239,256,259
3212,19,3243,849,256
3200,19,3246,256,259
3200,20,3232,849,259
3201,20,3232,849,259
3202,20,3232,849,259
3203,20,3232,849,259
3204,20,3232,849,259
3201,20,3233,849,259
3202,20,3233,849,259
3203,20,3233,849,259
3200,20,3245,256,259
3200,20,3246,256,259
3200,21,3245,256,259
3200,21,3246,256,259
3200,21,3247,259,256
3201,22,3247,259,256
3200,37,3241,259,256
3200,37,3242,259,256
3201,37,3242,259,849
3200,38,3234,259,256
3200,38,3235,259,256
3200,38,3236,259,256
3200,38,3237,259,256
3201,38,3237,256,259
3202,38,3237,256,259
3201,38,3238,256,259
3200,38,3239,259,256
3201,38,3239,256,259
3202,38,3239,256,259
3200,38,3240,259,256
3202,38,3240,256,259
3203,38,3240,256,259
3200,38,3241,259,256
3201,38,3241,259,849
3203,38,3241,256,259
3204,38,3241,256,259
3200,38,3242,259,849
3201,38,3242,259,849
3202,38,3242,259,849
3204,38,3242,256,259
3200,39,3233,259,256
3200,39,3234,259,256
3202,39,3235,256,259
3203,39,3235,256,259
3200,39,3236,259,256
3201,39,3236,256,259
3202,39,3236,256,259
3201,39,3237,256,259
3201,39,3239,256,259
3200,39,3240,259,256
3201,39,3240,256,259
3202,39,3240,256,259
3200,39,3241,259,849
3201,39,3241,256,849
3202,39,3241,256,259
3203,39,3241,256,259
3200,39,3242,259,849
3201,39,3242,259,849
3202,39,3242,256,849
3203,39,3242,256,259
3201,40,3235,256,259
3201,40,3236,256,259
3200,40,3238,259,849
3200,40,3240,256,259
3201,40,3240,256,259
3200,40,3241,256,849
3201,40,3241,256,259
3202,40,3241,256,259
3201,40,3242,259,849
3202,40,3242,256,259
3203,40,3242,256,259
3201,41,3236,256,259
3211,41,3236,259,256
3213,41,3236,259,256
3201,41,3237,256,259
3210,41,3237,259,256
3211,41,3237,259,256
3212,41,3237,259,256
3213,41,3237,259,256
3214,41,3237,259,256
3210,41,3238,259,256
3211,41,3238,259,256
3200,41,3239,256,259
3201,41,3239,256,259
3210,41,3239,259,256
3200,41,3240,256,849
3201,41,3240,256,259
3202,41,3240,256,259
3200,41,3241,256,259
3201,41,3241,259,849
3202,41,3241,256,259
3203,41,3241,256,259
3202,41,3242,259,849
3203,41,3242,256,259
3203,41,3243,259,849
3212,42,3232,849,259
3207,42,3233,259,256
3208,42,3234,259,256
3209,42,3235,259,256
3215,42,3235,259,849
3210,42,3236,259,256
3214,42,3236,259,256
3201,42,3237,256,259
3210,42,3237,259,256
3211,42,3237,259,256
3213,42,3237,259,256
3200,42,3238,256,259
3200,42,3239,256,849
3201,42,3239,256,259
3200,42,3240,256,259
3201,42,3240,259,849
3202,42,3240,256,259
3202,42,3241,259,849
3203,42,3241,256,259
3202,42,3242,259,849
3203,42,3242,259,849
3202,42,3243,259,849
3211,43,3232,849,259
3212,43,3232,849,259
3213,43,3232,849,259
3212,43,3233,849,259
3200,43,3237,256,259
3200,43,3239,256,259
3201,43,3239,259,849
3200,43,3240,259,849
3201,43,3240,259,849
3202,43,3240,259,849
3201,43,3241,259,849
3202,43,3241,259,849
3203,43,3241,259,849
3202,43,3242,259,849
3210,44,3232,849,259
3211,44,3232,849,259
3212,44,3232,849,259
3213,44,3232,849,259
3214,44,3232,849,259
3211,44,3233,849,259
3212,44,3233,849,259
3213,44,3233,849,259
3202,44,3237,259,256
3201,44,3238,259,849
3200,44,3239,259,849
3201,44,3239,259,849
3202,44,3239,259,849
3201,44,3240,259,849
3202,44,3240,259,849
3203,44,3240,259,849
3200,44,3241,259,849
3201,44,3241,259,849
3202,44,3241,259,849
3201,44,3242,259,849
3211,45,3232,849,259
3212,45,3232,849,259
3213,45,3232,849,259
3212,45,3233,849,259
3201,45,3237,259,256
3202,45,3237,259,256
3203,45,3237,259,256
3200,45,3238,259,849
3201,45,3238,259,849
3202,45,3238,259,849
3201,45,3239,259,849
3202,45,3240,259,849
3201,45,3241,259,849
3200,45,3242,259,849
3201,45,3247,259,849
3211,46,3232,849,259
3212,46,3232,849,259
3215,46,3232,256,259
3215,46,3236,256,259
3201,46,3237,259,256
3202,46,3237,259,256
3204,46,3237,259,256
3215,46,3237,256,259
3201,46,3238,259,849
3202,46,3241,259,849
3201,46,3246,259,849
3202,46,3247,259,849
3212,47,3232,849,259
3215,47,3232,256,259
3215,47,3233,256,259
3215,47,3235,256,259
3201,47,3236,259,256
3214,47,3236,256,259
3215,47,3236,256,259
3201,47,3237,259,256
3205,47,3237,259,256
3214,47,3237,256,259
3215,47,3237,256,259
3215,47,3238,256,259
3201,47,3247,259,849
3202,47,3247,259,849
3215,48,3233,256,259
3201,48,3235,259,256
3215,48,3235,256,259
3201,48,3236,259,256
3214,48,3236,256,259
3215,48,3236,256,259
3206,48,3237,259,256
3213,48,3237,256,259
3214,48,3237,256,259
3215,48,3237,256,259
3215,48,3243,259,256
3201,49,3236,259,256
3215,49,3236,256,259
3214,49,3237,256,259
3215,49,3237,256,259
3215,49,3242,259,256
3214,49,3243,259,256
3215,49,3244,259,256
3201,50,3235,259,256
3202,50,3236,259,256
3213,50,3238,259,256
3215,50,3240,259,256
3214,50,3241,259,256
3215,50,3241,259,256
3214,50,3242,259,256
3203,51,3236,259,256
3214,51,3238,259,256
3215,51,3238,259,256
3215,51,3239,259,256
3214,51,3240,259,256
3215,51,3240,259,256
3213,51,3241,849,256
3214,51,3241,259,256
3213,51,3242,849,256
3214,51,3242,849,259
3214,51,3243,849,259
3215,51,3243,849,259
3215,52,3237,259,849
3215,52,3238,259,849
3214,52,3241,849,259
3213,52,3242,849,259
3214,52,3242,849,259
3215,52,3242,849,259
3213,52,3243,849,259
3214,52,3243,849,259
3215,52,3243,849,259
3214,52,3244,849,259
3215,52,3244,849,259
3215,53,3232,259,849
3215,53,3236,259,849
3214,53,3237,259,849
3215,53,3237,259,849
3214,53,3238,259,849
3215,53,3238,259,849
3215,53,3239,256,849
3214,53,3240,849,259
3213,53,3241,849,259
3214,53,3241,849,259
3215,53,3241,849,259
3212,53,3242,849,256
3213,53,3242,849,259
3214,53,3242,849,259
3215,53,3242,849,259
3212,53,3243,849,256
3213,53,3243,849,259
3214,53,3243,849,259
3215,53,3243,849,259
3213,53,3244,849,259
3214,53,3244,849,259
3215,53,3244,849,259
3214,53,3245,849,259
3215,53,3245,849,259
3214,54,3232,259,849
3215,54,3232,259,849
3215,54,3233,259,849
3215,54,3235,259,849
3214,54,3236,259,849
3215,54,3236,259,849
3213,54,3237,259,849
3214,54,3237,259,849
3215,54,3237,259,849
3213,54,3238,259,849
3214,54,3238,256,849
3215,54,3238,256,849
3214,54,3239,256,849
3215,54,3239,259,849
3213,54,3240,849,45
3214,54,3240,259,256
3215,54,3240,259,849
3212,54,3241,259,256
3213,54,3241,259,256
3214,54,3241,849,259
3212,54,3242,259,256
3213,54,3242,849,259
3214,54,3242,849,259
3215,54,3242,849,259
3213,54,3243,849,259
3214,54,3243,849,259
3215,54,3243,849,259
3214,54,3244,849,259
3215,54,3244,849,259
3214,55,3232,259,849
3215,55,3232,259,849
3215,55,3233,259,849
3215,55,3235,259,849
3214,55,3236,259,849
3215,55,3236,259,849
3213,55,3237,259,849
3214,55,3237,256,849
3215,55,3237,33,849
3212,55,3238,259,849
3213,55,3238,256,849
3214,55,3238,256,849
3215,55,3238,259,849
3213,55,3239,256,849
3214,55,3239,259,849
3215,55,3239,259,849
3212,55,3240,259,45
3213,55,3240,259,45
3214,55,3240,45,849
3215,55,3240,259,849
3211,55,3241,259,256
3212,55,3241,259,256
3213,55,3241,259,45
3214,55,3241,259,45
3215,55,3241,45,849
3214,55,3242,849,259
3214,55,3243,849,259
3215,55,3243,849,259
3215,56,3236,259,849
3214,56,3237,259,849
3215,56,3237,259,849
3213,56,3238,259,849
3214,56,3238,256,849
3215,56,3238,259,849
3212,56,3239,259,256
3213,56,3239,259,256
3214,56,3239,256,849
3215,56,3239,259,849
3211,56,3240,259,256
3212,56,3240,259,256
3213,56,3240,259,256
3214,56,3240,259,256
3215,56,3240,259,849
3211,56,3241,259,256
3212,56,3241,259,256
3213,56,3241,259,256
3214,56,3241,259,45
3215,56,3241,259,45
3212,56,3242,259,256
3213,56,3242,259,256
3214,56,3242,259,256
3214,56,3243,849,259
3215,56,3245,259,45
3215,56,3246,259,45
3215,57,3237,259,849
3214,57,3238,259,849
3215,57,3238,256,849
3211,57,3239,259,256
3213,57,3239,259,256
3214,57,3239,259,256
3215,57,3239,256,849
3211,57,3240,259,256
3212,57,3240,259,256
3213,57,3240,259,256
3214,57,3240,259,256
3215,57,3240,259,256
3212,57,3241,259,256
3213,57,3241,259,256
3214,57,3241,259,256
3215,57,3241,259,256
3211,57,3242,259,256
3212,57,3242,259,256
3213,57,3242,259,256
3214,57,3242,259,256
3215,57,3242,259,256
3212,57,3243,259,256
3213,57,3243,259,256
3214,57,3243,259,256
3214,57,3244,259,256
3215,57,3244,259,256
3215,57,3245,259,256
3215,57,3246,259,45
3215,58,3238,259,849
3214,58,3239,259,256
3215,58,3239,259,256
3213,58,3240,259,256
3214,58,3240,259,256
3213,58,3241,259,256
3214,58,3241,259,256
3215,58,3241,259,256
3212,58,3242,259,256
3213,58,3242,259,256
3214,58,3242,259,256
3215,58,3242,259,256
3211,58,3243,259,256
3212,58,3243,259,256
3213,58,3243,259,256
3214,58,3243,259,256
3215,58,3243,259,256
3212,58,3244,259,256
3213,58,3244,259,256
3214,58,3244,259,256
3215,58,3244,259,256
3214,58,3245,259,256
3215,58,3245,259,256
3214,59,3241,259,256
3213,59,3242,259,256
3214,59,3242,259,256
3215,59,3242,259,256
3212,59,3243,259,256
3213,59,3243,259,256
3214,59,3243,259,256
3215,59,3243,259,256
3211,59,3244,259,256
3212,59,3244,259,256
3213,59,3244,259,256
3214,59,3244,259,256
3215,59,3244,259,256
3212,59,3245,259,256
3213,59,3245,259,256
3214,59,3245,259,256
3214,60,3242,259,256
3213,60,3243,259,256
3214,60,3243,259,256
3215,60,3243,259,256
3212,60,3244,259,256
3213,60,3244,259,256
3214,60,3244,259,256
3211,60,3245,259,256
3214,61,3239,259,256
3215,61,3242,259,256
3214,61,3243,259,256
3215,61,3243,259,256
3212,61,3244,256,259
3214,61,3244,259,256
3215,61,3244,259,256
3211,61,3245,256,259
3215,62,3243,259,256
3209,62,3244,256,259
3211,62,3244,417,259
3213,62,3244,256,259
3215,62,3244,259,256
3211,62,3245,417,259
3212,62,3245,256,259
3214,63,3242,256,259
3215,63,3242,256,259
3213,63,3243,256,259
3214,63,3243,256,259
3212,63,3244,417,259
3213,63,3244,256,259
3214,63,3244,256,259
3211,63,3245,417,259
3212,63,3245,256,259
3213,63,3245,256,259
3215,63,3245,259,256
3212,63,3246,256,259
3214,63,3246,259,256
3215,63,3246,259,256
3213,63,3247,259,256
3214,63,3247,259,256
3213,64,3244,256,259
3212,64,3245,256,259
3214,64,3245,259,256
3215,64,3245,259,256
3213,64,3246,259,256
3214,64,3246,259,256
3215,64,3246,259,256
3214,64,3247,259,256
3215,64,3247,259,256
3215,65,3242,259,256
3214,65,3243,259,849
3215,65,3243,259,849
3213,65,3244,259,849
3214,65,3244,259,849
3215,65,3244,259,256
3212,65,3245,259,849
3213,65,3245,259,849
3214,65,3245,259,256
3215,65,3245,259,256
3212,65,3246,259,849
3213,65,3246,259,256
3214,65,3246,259,256
3215,65,3246,259,256
3214,65,3247,259,256
3215,65,3247,259,256
3215,66,3241,259,256
3214,66,3242,259,849
3215,66,3242,259,849
3213,66,3243,259,849
3214,66,3243,259,849
3212,66,3244,259,849
3213,66,3244,259,849
3214,66,3244,259,849
3215,66,3244,259,849
3211,66,3245,259,849
3212,66,3245,259,849
3213,66,3245,259,849
3214,66,3245,259,849
3215,66,3245,259,256
3213,66,3246,259,849
3214,66,3246,259,256
3215,66,3246,259,256
3214,66,3247,259,256
3215,66,3247,259,256
3214,67,3241,259,849
3215,67,3241,259,849
3213,67,3242,259,849
3214,67,3242,259,849
3212,67,3243,259,849
3213,67,3243,259,849
3211,67,3244,259,849
3212,67,3244,259,849
3213,67,3244,259,849
3214,67,3244,259,849
3211,67,3245,259,849
3212,67,3245,259,849
3213,67,3245,259,849
3214,67,3245,259,849
3215,67,3245,259,849
3213,67,3246,259,849
3214,67,3246,259,849
3215,67,3246,259,256
3214,67,3247,259,256
3215,67,3247,259,256
3214,68,3240,259,256
3213,68,3241,259,849
3212,68,3242,259,849
3211,68,3244,259,849
3212,68,3244,259,849
3213,68,3244,256,849
3211,68,3245,259,849
3212,68,3245,256,849
3213,68,3245,256,849
3214,68,3245,259,849
3213,68,3246,259,849
3214,68,3246,259,256
3215,68,3246,259,256
3214,68,3247,259,256
3215,68,3247,259,256
3211,69,3244,259,849
3212,69,3244,256,849
3211,69,3245,256,849
3212,69,3245,256,849
3213,69,3245,256,849
3214,69,3246,259,256
3214,69,3247,259,256
3215,69,3247,259,256
3211,70,3244,256,849
3212,70,3245,256,849
3214,70,3247,259,256
3213,79,3246,849,256
3204,80,3241,849,259
3205,80,3241,849,259
3204,80,3242,849,259
3212,80,3246,849,417
3213,80,3246,849,417
3213,80,3247,849,256
3203,81,3238,256,259
3202,81,3239,256,259
3203,81,3239,256,259
3204,81,3239,256,259
3203,81,3240,256,259
3204,81,3240,256,259
3205,81,3240,849,259
3204,81,3241,849,259
3205,81,3241,849,259
3204,81,3242,256,259
3205,81,3242,849,259
3204,81,3243,849,259
3212,81,3246,849,256
3213,81,3247,849,256
3214,81,3247,849,256
3200,82,3236,256,259
3201,82,3236,256,259
3202,82,3236,256,259
3200,82,3237,256,259
3201,82,3237,256,259
3202,82,3237,256,259
3203,82,3237,256,259
3200,82,3238,256,259
3201,82,3238,256,259
3202,82,3238,256,259
3203,82,3238,256,259
3204,82,3238,256,259
3201,82,3239,256,259
3202,82,3239,256,259
3203,82,3239,256,259
3204,82,3239,256,259
3205,82,3239,256,259
3202,82,3240,256,259
3203,82,3240,256,259
3204,82,3240,256,259
3205,82,3240,256,259
3203,82,3241,849,259
3204,82,3241,256,259
3205,82,3241,849,259
3204,82,3242,849,259
3205,82,3242,256,259
3203,82,3243,849,259
3204,82,3243,849,259
3205,82,3243,849,259
3213,82,3247,849,256
3214,82,3247,849,256
3215,82,3247,849,256
3213,83,3232,849,259
3214,83,3232,849,259
3215,83,3232,849,259
3213,83,3233,849,259
3214,83,3233,849,259
3215,83,3233,849,259
3214,83,3234,849,259
3215,83,3234,849,259
3215,83,3235,849,259
3200,83,3237,256,259
3201,83,3237,256,259
3201,83,3238,256,259
3202,83,3238,256,259
3202,83,3239,256,259
3203,83,3239,256,259
3204,83,3239,256,259
3203,83,3240,849,259
3204,83,3240,256,259
3205,83,3240,256,259
3202,83,3241,849,259
3203,83,3241,849,259
3204,83,3241,849,259
3205,83,3241,256,259
3203,83,3242,849,259
3204,83,3242,849,259
3205,83,3242,849,259
3203,83,3243,849,259
3204,83,3243,849,259
3213,83,3247,849,256
3214,83,3247,849,256
3215,83,3247,849,256
3213,84,3232,849,259
3214,84,3232,849,259
3215,84,3232,849,259
3213,84,3233,849,259
3214,84,3233,849,259
3215,84,3233,849,259
3214,84,3234,849,259
3215,84,3234,849,259
3214,84,3235,849,259
3215,84,3235,849,259
3203,84,3240,849,259
3203,84,3241,849,259
3204,84,3241,849,259
3205,84,3241,849,259
3202,84,3242,849,259
3203,84,3242,849,259
3204,84,3242,849,259
3202,84,3243,849,259
3203,84,3243,849,259
3212,84,3246,849,256
3213,84,3246,849,256
3215,84,3246,849,256
3212,84,3247,849,256
3213,84,3247,849,256
3214,84,3247,849,256
3215,84,3247,849,256
3214,85,3235,256,259
3203,85,3241,849,259
3203,85,3242,849,259
3202,85,3243,849,259
3215,85,3245,849,256
3213,85,3246,849,256
3214,85,3246,849,256
3215,85,3246,849,256
3212,85,3247,849,256
3213,85,3247,849,256
3214,85,3247,849,256
3215,85,3247,849,256
3215,86,3238,256,259
3202,86,3242,849,259
3201,86,3243,849,259
3215,86,3245,849,256
3214,86,3246,849,256
3215,86,3246,849,256
3213,86,3247,849,256
3214,86,3247,849,256
3215,86,3247,849,256
3215,87,3239,417,259
3215,87,3247,849,256
3200,95,3232,849,256
3201,95,3232,849,256
3200,96,3232,849,256
3201,96,3232,849,256
3200,96,3233,849,256
3200,97,3232,849,256
3200,97,3233,849,256
3201,97,3233,849,256
3200,98,3233,849,256
3215,99,3246,256,259
3200,100,3234,256,849
3213,100,3236,256,259
3209,101,3232,849,259
3210,101,3232,849,259
3211,101,3232,256,259
3212,101,3232,256,259
3213,101,3232,256,259
3209,101,3233,849,259
3210,101,3233,256,259
3211,101,3233,256,259
3212,101,3233,256,259
3213,101,3233,256,259
3214,101,3233,256,259
3200,101,3234,849,256
3208,101,3234,849,259
3209,101,3234,256,259
3210,101,3234,256,259
3211,101,3234,256,259
3212,101,3234,256,259
3213,101,3234,256,259
3214,101,3234,256,259
3215,101,3234,256,259
3201,101,3235,849,256
3207,101,3235,849,256
3209,101,3235,256,259
3210,101,3235,256,259
3211,101,3235,256,259
3212,101,3235,256,259
3213,101,3235,256,259
3214,101,3235,256,259
3215,101,3235,256,259
3206,101,3236,849,256
3210,101,3236,256,259
3211,101,3236,256,259
3212,101,3236,256,259
3213,101,3236,256,259
3214,101,3236,256,259
3203,101,3237,849,259
3205,101,3237,849,256
3203,101,3238,256,259
3204,101,3238,256,259
3203,101,3239,256,259
3208,102,3232,849,259
3209,102,3232,849,259
3210,102,3232,256,259
3211,102,3232,256,259
3213,102,3232,256,259
3214,102,3232,256,259
3200,102,3233,849,256
3208,102,3233,849,259
3209,102,3233,256,259
3210,102,3233,256,259
3211,102,3233,256,259
3212,102,3233,256,259
3213,102,3233,256,259
3214,102,3233,256,259
3215,102,3233,256,259
3201,102,3234,849,256
3207,102,3234,849,256
3208,102,3234,256,259
3209,102,3234,256,259
3210,102,3234,256,259
3211,102,3234,256,259
3212,102,3234,256,259
3213,102,3234,256,259
3214,102,3234,256,259
3215,102,3234,256,259
3202,102,3235,849,256
3206,102,3235,849,256
3208,102,3235,256,259
3209,102,3235,256,259
3210,102,3235,256,259
3211,102,3235,256,259
3212,102,3235,256,259
3213,102,3235,256,259
3214,102,3235,256,259
3215,102,3235,256,259
3203,102,3236,849,259
3205,102,3236,849,256
3209,102,3236,256,259
3210,102,3236,256,259
3211,102,3236,256,259
3212,102,3236,256,259
3213,102,3236,256,259
3214,102,3236,256,259
3215,102,3236,256,259
3202,102,3237,256,259
3203,102,3237,256,259
3204,102,3237,849,259
3202,102,3238,256,259
3203,102,3238,256,259
3204,102,3238,256,259
3205,102,3238,256,259
3202,102,3239,256,259
3203,102,3239,256,259
3204,102,3239,256,259
3203,102,3240,256,259
3203,102,3242,849,256
3203,102,3243,849,256
3204,102,3243,849,256
3200,103,3232,849,256
3208,103,3232,849,259
3209,103,3232,256,259
3210,103,3232,256,259
3214,103,3232,256,259
3215,103,3232,256,259
3201,103,3233,849,256
3207,103,3233,849,256
3208,103,3233,256,259
3209,103,3233,256,259
3210,103,3233,256,259
3211,103,3233,256,259
3213,103,3233,256,259
3214,103,3233,256,259
3215,103,3233,256,259
3202,103,3234,849,256
3206,103,3234,849,256
3208,103,3234,256,259
3209,103,3234,256,259
3210,103,3234,256,259
3211,103,3234,256,259
3212,103,3234,256,259
3213,103,3234,256,259
3214,103,3234,256,259
3215,103,3234,256,259
3203,103,3235,849,259
3205,103,3235,849,256
3209,103,3235,256,259
3210,103,3235,256,259
3211,103,3235,256,259
3212,103,3235,256,259
3213,103,3235,256,259
3214,103,3235,256,259
3215,103,3235,256,259
3202,103,3236,256,259
3203,103,3236,256,259
3204,103,3236,849,259
3210,103,3236,256,259
3212,103,3236,256,259
3213,103,3236,256,259
3214,103,3236,256,259
3201,103,3237,256,259
3202,103,3237,256,259
3204,103,3237,256,259
3205,103,3237,256,259
3201,103,3238,256,259
3205,103,3238,256,259
3206,103,3238,256,259
3201,103,3239,256,259
3202,103,3239,256,259
3204,103,3239,256,259
3205,103,3239,256,259
3202,103,3240,256,259
3203,103,3240,256,259
3204,103,3240,256,259
3203,103,3241,849,259
3202,103,3242,849,256
3203,103,3242,849,256
3204,103,3242,849,256
3202,103,3243,849,256
3203,103,3243,849,256
3204,103,3243,849,256
3205,103,3243,849,256
3202,103,3244,849,256
3203,103,3244,849,256
3204,103,3244,849,256
3203,103,3245,849,256
3200,104,3232,256,849
3208,104,3232,256,849
3209,104,3232,256,259
3215,104,3232,256,259
3201,104,3233,256,849
3207,104,3233,256,849
3208,104,3233,256,259
3209,104,3233,256,259
3210,104,3233,256,259
3214,104,3233,256,259
3215,104,3233,256,259
3203,104,3234,849,259
3205,104,3234,849,256
3209,104,3234,256,259
3210,104,3234,256,259
3211,104,3234,256,259
3213,104,3234,256,259
3214,104,3234,256,259
3215,104,3234,256,259
3202,104,3235,256,259
3203,104,3235,256,259
3204,104,3235,849,259
3210,104,3235,256,259
3212,104,3235,256,259
3213,104,3235,256,259
3214,104,3235,256,259
3201,104,3236,256,259
3202,104,3236,256,259
3204,104,3236,256,259
3205,104,3236,256,259
3213,104,3236,256,259
3201,104,3237,256,259
3205,104,3237,256,259
3206,104,3237,256,259
3206,104,3238,256,259
3207,104,3238,256,259
3201,104,3239,256,259
3205,104,3239,256,259
3206,104,3239,256,259
3201,104,3240,256,259
3202,104,3240,256,259
3204,104,3240,256,259
3205,104,3240,256,259
3202,104,3241,849,259
3203,104,3241,849,259
3204,104,3241,849,259
3201,104,3242,849,256
3202,104,3242,849,256
3203,104,3242,849,259
3204,104,3242,849,256
3205,104,3242,849,256
3201,104,3243,849,256
3202,104,3243,849,256
3203,104,3243,849,256
3204,104,3243,849,256
3205,104,3243,849,256
3206,104,3243,849,256
3201,104,3244,849,256
3202,104,3244,849,256
3203,104,3244,849,256
3204,104,3244,849,256
3205,104,3244,849,256
3202,104,3245,849,256
3203,104,3245,849,256
3204,104,3245,849,256
3203,104,3246,849,256
3200,105,3232,256,849
3201,105,3232,256,259
3207,105,3232,256,849
3208,105,3232,256,849
3209,105,3232,259,849
3200,105,3233,256,849
3201,105,3233,256,849
3202,105,3233,256,849
3206,105,3233,256,849
3207,105,3233,256,849
3208,105,3233,256,849
3209,105,3233,256,259
3215,105,3233,256,259
3202,105,3234,256,259
3203,105,3234,256,259
3204,105,3234,849,259
3210,105,3234,256,259
3214,105,3234,256,259
3201,105,3235,256,259
3202,105,3235,256,259
3204,105,3235,256,259
3205,105,3235,256,259
3213,105,3235,256,259
3201,105,3236,256,259
3205,105,3236,256,259
3206,105,3236,256,259
3206,105,3237,256,259
3207,105,3237,256,259
3207,105,3238,256,259
3208,105,3238,256,259
3206,105,3239,256,259
3207,105,3239,256,259
3201,105,3240,256,259
3205,105,3240,256,259
3206,105,3240,256,259
3201,105,3241,849,259
3202,105,3241,849,259
3204,105,3241,849,259
3205,105,3241,849,259
3201,105,3242,849,256
3202,105,3242,849,259
3203,105,3242,849,259
3204,105,3242,849,259
3205,105,3242,849,256
3206,105,3242,849,256
3201,105,3243,849,256
3202,105,3243,849,256
3203,105,3243,849,259
3204,105,3243,849,256
3205,105,3243,849,256
3206,105,3243,849,256
3207,105,3243,849,256
3202,105,3244,849,256
3203,105,3244,849,256
3204,105,3244,849,256
3205,105,3244,849,256
3206,105,3244,849,256
3203,105,3245,849,256
3204,105,3245,849,256
3205,105,3245,849,256
3203,105,3246,849,256
3204,105,3246,849,256
3203,105,3247,849,259
3200,106,3232,256,259
3201,106,3232,256,259
3202,106,3232,849,259
3207,106,3232,256,849
3208,106,3232,256,849
3201,106,3233,256,849
3202,106,3233,256,849
3206,106,3233,256,849
3207,106,3233,256,849
3201,106,3234,256,259
3202,106,3234,256,259
3204,106,3234,256,259
3205,106,3234,256,259
3200,106,3235,256,259
3201,106,3235,256,259
3205,106,3235,256,259
3206,106,3235,256,259
3206,106,3236,256,259
3207,106,3236,256,259
3207,106,3239,256,259
3208,106,3239,256,259
3206,106,3240,256,259
3207,106,3240,256,259
3201,106,3241,849,259
3205,106,3241,849,259
3206,106,3241,849,259
3201,106,3242,849,259
3202,106,3242,849,259
3204,106,3242,849,259
3205,106,3242,849,259
3206,106,3242,849,256
3207,106,3242,849,256
3202,106,3243,849,259
3203,106,3243,849,259
3204,106,3243,849,259
3205,106,3243,849,256
3206,106,3243,849,256
3207,106,3243,849,256
3208,106,3243,849,256
3203,106,3244,849,259
3204,106,3244,849,256
3205,106,3244,849,256
3206,106,3244,849,256
3207,106,3244,849,256
3203,106,3245,849,256
3204,106,3245,849,256
3205,106,3245,849,256
3206,106,3245,849,256
3203,106,3246,849,256
3204,106,3246,849,256
3205,106,3246,849,256
3203,106,3247,849,259
3204,106,3247,849,259
3200,107,3232,256,259
3201,107,3232,849,259
3202,107,3232,849,259
3203,107,3232,849,259
3201,107,3233,256,259
3200,107,3234,256,259
3201,107,3234,256,259
3205,107,3234,256,259
3206,107,3234,256,259
3200,107,3235,256,259
3206,107,3235,256,259
3207,107,3235,256,259
3207,107,3240,256,259
3208,107,3240,256,259
3206,107,3241,256,259
3207,107,3241,256,259
3200,107,3242,849,259
3201,107,3242,849,259
3205,107,3242,849,259
3206,107,3242,849,259
3201,107,3243,849,259
3202,107,3243,849,259
3204,107,3243,849,259
3205,107,3243,849,259
3206,107,3243,849,256
3207,107,3243,849,256
3202,107,3244,849,259
3203,107,3244,849,259
3204,107,3244,849,259
3205,107,3244,849,256
3206,107,3244,849,256
3203,107,3245,849,259
3204,107,3245,849,256
3205,107,3245,849,256
3203,107,3246,849,256
3204,107,3246,849,256
3203,107,3247,849,256
3200,108,3232,849,259
3201,108,3232,849,259
3202,108,3232,849,259
3203,108,3232,849,259
3204,108,3232,849,259
3207,108,3232,849,256
3208,108,3232,849,256
3201,108,3233,849,256
3202,108,3233,849,259
3206,108,3233,849,256
3207,108,3233,849,256
3200,109,3232,849,259
3201,109,3232,849,259
3202,109,3232,849,259
3203,109,3232,849,259
3204,109,3232,849,259
3205,109,3232,849,259
3206,109,3232,849,256
3207,109,3232,849,256
3208,109,3232,849,256
3209,109,3232,849,259
3203,109,3233,849,259
3205,109,3233,849,259
3206,109,3233,849,256
3207,109,3233,849,256
3208,109,3233,849,256
3200,109,3234,259,849
3201,109,3234,259,849
3200,109,3235,259,849
3207,109,3236,259,256
3208,109,3236,259,256
3208,109,3239,259,256
3207,109,3240,259,256
3208,109,3240,259,256
3200,109,3241,259,256
3206,109,3241,259,256
3207,109,3241,259,256
3200,109,3242,259,849
3201,109,3242,259,849
3205,109,3242,259,849
3206,109,3242,259,849
3200,109,3243,259,849
3201,109,3243,259,849
3202,109,3243,259,849
3204,109,3243,259,849
3205,109,3243,259,849
3206,109,3243,256,849
3207,109,3243,256,849
3200,109,3244,259,849
3201,109,3244,259,849
3202,109,3244,259,849
3203,109,3244,259,849
3204,109,3244,259,849
3205,109,3244,256,849
3206,109,3244,256,849
3201,109,3245,259,849
3202,109,3245,259,849
3203,109,3245,259,849
3204,109,3245,256,849
3205,109,3245,256,849
3202,109,3246,259,849
3203,109,3246,259,849
3204,109,3246,256,849
3203,109,3247,259,849
3200,110,3232,849,259
3202,110,3232,849,259
3203,110,3232,849,259
3204,110,3232,849,259
3205,110,3232,849,259
3206,110,3232,849,256
3207,110,3232,849,256
3208,110,3232,849,256
3200,110,3233,256,849
3204,110,3233,849,259
3205,110,3233,849,259
3206,110,3233,849,259
3207,110,3233,849,256
3200,110,3234,256,849
3201,110,3234,259,849
3202,110,3234,259,849
3206,110,3234,256,259
3207,110,3234,256,259
3200,110,3235,259,849
3201,110,3235,259,849
3207,110,3235,256,259
3208,110,3235,256,259
3200,110,3236,259,849
3207,110,3237,259,256
3208,110,3237,259,256
3208,110,3238,259,256
3207,110,3239,259,256
3208,110,3239,259,256
3200,110,3240,259,256
3206,110,3240,259,256
3207,110,3240,259,256
3200,110,3241,259,849
3201,110,3241,259,849
3205,110,3241,259,849
3206,110,3241,259,849
3200,110,3242,259,849
3201,110,3242,259,849
3202,110,3242,259,849
3204,110,3242,259,849
3205,110,3242,259,849
3200,110,3243,259,849
3201,110,3243,259,849
3202,110,3243,259,849
3203,110,3243,259,849
3204,110,3243,259,849
3205,110,3243,256,849
3206,110,3243,256,849
3200,110,3244,259,849
3201,110,3244,259,849
3202,110,3244,259,849
3203,110,3244,259,849
3204,110,3244,256,849
3205,110,3244,256,849
3206,110,3244,256,849
3207,110,3244,256,849
3200,110,3245,259,849
3201,110,3245,259,849
3202,110,3245,259,849
3203,110,3245,259,849
3204,110,3245,256,849
3205,110,3245,256,849
3206,110,3245,256,849
3201,110,3246,259,849
3202,110,3246,259,849
3203,110,3246,259,849
3204,110,3246,259,849
3205,110,3246,256,849
3202,110,3247,259,849
3203,110,3247,259,849
3204,110,3247,259,849
3203,111,3232,849,259
3204,111,3232,849,259
3205,111,3232,849,259
3206,111,3232,849,259
3207,111,3232,849,256
3200,111,3233,256,849
3201,111,3233,256,849
3205,111,3233,849,259
3206,111,3233,849,259
3207,111,3233,256,259
3200,111,3234,256,849
3201,111,3234,259,849
3202,111,3234,259,849
3203,111,3234,259,849
3206,111,3234,256,259
3207,111,3234,256,259
3208,111,3234,256,259
3200,111,3235,259,849
3201,111,3235,259,849
3202,111,3235,259,849
3207,111,3235,256,259
3208,111,3235,256,259
3209,111,3235,256,259
3200,111,3236,259,849
3201,111,3236,259,849
3207,111,3236,256,259
3208,111,3236,256,259
3200,111,3237,259,849
3208,111,3238,259,256
3200,111,3239,259,256
3200,111,3240,259,256
3201,111,3241,259,849
3200,111,3242,256,849
3201,111,3242,256,849
3202,111,3242,259,849
3200,111,3243,259,849
3201,111,3243,256,849
3200,111,3244,259,849
3206,111,3244,256,849
3201,111,3245,259,849
3205,111,3245,256,849
3202,111,3246,259,849
3204,111,3246,256,849
3203,111,3247,259,849
3203,112,3232,259,849
3205,112,3232,849,259
3206,112,3232,849,256
3200,112,3233,256,849
3201,112,3233,259,849
3202,112,3233,259,849
3206,112,3233,256,259
3200,112,3234,259,849
3201,112,3234,259,849
3202,112,3234,259,849
3203,112,3234,259,849
3204,112,3234,259,849
3207,112,3234,256,259
3200,112,3235,259,849
3201,112,3235,259,849
3202,112,3235,259,849
3203,112,3235,259,849
3208,112,3235,256,259
3200,112,3236,259,849
3201,112,3236,259,849
3202,112,3236,259,849
3207,112,3236,256,259
3200,112,3237,259,849
3201,112,3237,259,849
3200,112,3238,259,849
3200,112,3239,259,256
3201,112,3242,256,849
3200,112,3243,256,849
3200,113,3232,259,849
3204,113,3232,259,849
3200,113,3233,259,849
3201,113,3233,259,849
3202,113,3233,259,849
3203,113,3233,259,849
3205,113,3233,259,849
3206,113,3233,259,849
3200,113,3234,259,849
3201,113,3234,259,849
3202,113,3234,259,849
3203,113,3234,259,849
3204,113,3234,259,849
3205,113,3234,259,849
3207,113,3234,259,256
3200,113,3235,259,849
3201,113,3235,259,849
3202,113,3235,259,849
3203,113,3235,259,849
3204,113,3235,259,849
3208,113,3235,259,256
3200,113,3236,259,849
3201,113,3236,259,849
3202,113,3236,259,849
3203,113,3236,259,849
3200,113,3237,259,849
3201,113,3237,259,849
3202,113,3237,259,849
3200,113,3238,259,849
3201,113,3238,259,849
3200,113,3239,259,849
3205,114,3232,259,256
3206,114,3232,259,256
3213,114,3232,849,256
3214,114,3232,849,256
3200,114,3233,259,849
3201,114,3233,259,849
3202,114,3233,259,849
3203,114,3233,259,849
3204,114,3233,259,849
3205,114,3233,259,849
3206,114,3233,259,256
3207,114,3233,259,256
3200,114,3234,259,849
3201,114,3234,259,849
3202,114,3234,259,849
3203,114,3234,259,849
3204,114,3234,259,849
3207,114,3234,259,256
3208,114,3234,259,256
3200,114,3235,259,849
3201,114,3235,259,849
3202,114,3235,259,849
3203,114,3235,259,849
3208,114,3235,259,256
3209,114,3235,259,417
3200,114,3236,259,849
3201,114,3236,259,849
3202,114,3236,259,849
3200,114,3237,259,849
3201,114,3237,259,849
3200,114,3238,259,849
3200,115,3232,259,849
3204,115,3232,259,256
3205,115,3232,259,256
3211,115,3232,849,256
3212,115,3232,849,256
3213,115,3232,849,256
3214,115,3232,849,256
3215,115,3232,849,256
3200,115,3233,259,849
3201,115,3233,259,849
3202,115,3233,259,849
3203,115,3233,259,849
3204,115,3233,259,849
3205,115,3233,259,256
3206,115,3233,259,256
3200,115,3234,259,849
3201,115,3234,259,849
3202,115,3234,259,849
3203,115,3234,259,849
3206,115,3234,259,256
3207,115,3234,259,256
3201,115,3235,259,849
3202,115,3235,259,849
3207,115,3235,259,256
3208,115,3235,259,256
3200,115,3236,259,849
3201,115,3236,259,849
3200,115,3237,259,849
3201,115,3237,259,256
3200,116,3232,259,849
3201,116,3232,259,849
3203,116,3232,259,849
3204,116,3232,259,849
3210,116,3232,849,256
3211,116,3232,849,256
3212,116,3232,849,256
3213,116,3232,849,256
3214,116,3232,849,256
3215,116,3232,849,256
3200,116,3233,256,849
3201,116,3233,259,849
3202,116,3233,259,849
3203,116,3233,259,849
3205,116,3233,259,256
3200,116,3234,259,849
3201,116,3234,259,849
3202,116,3234,259,849
3206,116,3234,259,256
3201,116,3235,259,849
3207,116,3235,259,256
3201,116,3237,259,256
3200,117,3232,259,849
3201,117,3232,259,849
3202,117,3232,259,849
3203,117,3232,259,849
3204,117,3232,259,849
3205,117,3232,256,849
3210,117,3232,849,256
3211,117,3232,849,256
3212,117,3232,849,256
3213,117,3232,849,256
3214,117,3232,849,256
3215,117,3232,849,256
3200,117,3233,256,849
3201,117,3233,256,849
3202,117,3233,259,849
3203,117,3233,259,849
3204,117,3233,259,849
3200,117,3234,256,849
3201,117,3234,259,849
3202,117,3234,259,849
3203,117,3234,259,849
3200,117,3237,256,259
3200,118,3232,256,849
3201,118,3232,259,849
3202,118,3232,256,849
3203,118,3232,259,849
3204,118,3232,259,849
3205,118,3232,259,849
3206,118,3232,256,849
3210,118,3232,849,256
3211,118,3232,849,256
3212,118,3232,849,256
3213,118,3232,259,256
3214,118,3232,849,256
3215,118,3232,849,256
3200,118,3233,256,849
3201,118,3233,256,849
3202,118,3233,259,849
3203,118,3233,259,849
3204,118,3233,259,849
3205,118,3233,259,849
3200,118,3234,256,849
3201,118,3234,259,849
3202,118,3234,259,849
3203,118,3234,259,849
3204,118,3234,259,849
3200,118,3238,256,259
3200,119,3232,256,849
3201,119,3232,256,849
3202,119,3232,259,849
3203,119,3232,259,849
3204,119,3232,259,849
3205,119,3232,259,849
3211,119,3232,849,256
3212,119,3232,259,256
3213,119,3232,259,256
3214,119,3232,259,256
3215,119,3232,849,259
3200,119,3233,256,849
3201,119,3233,259,849
3202,119,3233,259,849
3203,119,3233,259,849
3204,119,3233,259,849
3215,119,3233,259,256
3200,119,3234,259,849
3201,119,3234,259,849
3202,119,3234,259,849
3203,119,3234,259,849
3200,119,3242,259,256
3200,120,3232,256,849
3201,120,3232,256,849
3202,120,3232,256,849
3203,120,3232,259,849
3204,120,3232,259,849
3211,120,3232,259,256
3212,120,3232,259,256
3213,120,3232,259,256
3200,120,3233,256,849
3201,120,3233,256,849
3202,120,3233,259,849
3203,120,3233,259,849
3212,120,3233,259,256
3214,120,3233,259,256
3200,120,3234,256,849
3201,120,3234,259,849
3202,120,3234,259,849
3215,120,3234,259,256
3200,120,3241,259,256
3200,120,3242,259,256
3200,120,3243,259,256
3200,121,3232,256,849
3201,121,3232,256,849
3202,121,3232,256,849
3203,121,3232,256,849
3210,121,3232,259,256
3211,121,3232,259,256
3212,121,3232,259,256
3200,121,3233,256,849
3201,121,3233,256,849
3202,121,3233,256,849
3211,121,3233,259,256
3212,121,3233,259,256
3213,121,3233,259,256
3201,121,3234,256,849
3212,121,3234,259,256
3214,121,3234,259,256
3200,121,3235,256,259
3215,121,3235,259,256
3200,121,3240,259,256
3200,121,3241,259,256
3200,121,3242,259,256
3200,121,3243,259,256
3200,121,3244,259,256
3200,122,3232,256,849
3201,122,3232,256,849
3202,122,3232,256,849
3209,122,3232,259,256
3210,122,3232,259,256
3211,122,3232,259,256
3212,122,3232,259,256
3213,122,3232,259,256
3201,122,3233,256,849
3210,122,3233,259,256
3211,122,3233,259,256
3212,122,3233,259,256
3213,122,3233,259,256
3214,122,3233,259,256
3211,122,3234,259,256
3212,122,3234,259,256
3213,122,3234,259,256
3214,122,3234,259,256
3215,122,3234,259,256
3214,122,3235,259,256
3215,122,3235,259,256
3215,122,3236,259,256
3200,122,3239,259,256
3200,122,3240,259,256
3200,122,3241,259,256
3200,122,3242,259,256
3200,122,3243,259,256
3200,122,3244,259,256
3200,122,3245,259,256
3201,123,3232,256,849
3211,123,3232,259,256
3213,123,3232,259,256
3214,123,3232,259,256
3211,123,3233,259,256
3212,123,3233,259,256
3213,123,3233,259,256
3214,123,3233,259,256
3215,123,3233,259,256
3212,123,3234,259,256
3213,123,3234,259,256
3214,123,3234,259,256
3200,123,3239,259,256
3200,123,3241,259,256
3200,123,3244,259,256
3200,123,3246,259,256
3213,124,3232,259,256
3214,124,3232,259,256
3213,124,3233,259,256
3200,124,3239,259,256
3200,124,3244,259,256
3200,124,3245,259,256
3212,125,3232,259,256
3214,125,3232,259,256
3200,125,3243,259,256
3200,126,3243,259,256
3220,3,3232,256,849
3221,3,3232,256,849
3218,3,3233,259,849
3219,3,3233,259,849
3217,3,3234,259,256
3219,3,3234,259,849
3224,3,3234,256,259
3225,3,3234,256,259
3216,3,3235,259,256
3219,3,3235,259,256
3220,3,3235,259,256
3221,3,3235,259,256
3223,3,3235,256,259
3224,3,3235,256,259
3225,3,3235,256,259
3216,3,3236,259,256
3219,3,3236,259,256
3230,3,3247,258,259
3216,4,3232,256,849
3217,4,3232,259,849
3218,4,3232,259,849
3219,4,3232,259,849
3220,4,3232,256,849
3221,4,3232,256,849
3216,4,3233,259,256
3217,4,3233,259,849
3218,4,3233,259,849
3219,4,3233,259,849
3220,4,3233,259,849
3216,4,3234,259,256
3217,4,3234,259,256
3218,4,3234,259,849
3219,4,3234,259,849
3220,4,3234,259,849
3221,4,3234,259,256
3223,4,3234,256,259
3224,4,3234,256,259
3225,4,3234,256,259
3216,4,3235,259,256
3217,4,3235,259,256
3221,4,3235,259,256
3222,4,3235,256,259
3223,4,3235,256,259
3224,4,3235,256,259
3225,4,3235,256,259
3216,4,3236,259,256
3217,4,3236,259,256
3218,4,3236,259,256
3219,4,3236,259,256
3223,4,3236,256,259
3225,4,3236,256,259
3217,4,3237,259,256
3219,4,3237,259,256
3220,4,3237,259,256
3221,4,3237,256,259
3222,4,3237,256,259
3223,4,3237,256,259
3224,4,3237,256,259
3225,4,3237,256,259
3218,4,3238,259,256
3221,4,3238,256,259
3222,4,3238,256,259
3223,4,3238,256,259
3224,4,3238,256,259
3225,4,3238,256,259
3226,4,3238,256,259
3222,4,3239,256,259
3223,4,3239,256,259
3224,4,3239,256,259
3225,4,3239,256,259
3216,4,3240,256,259
3219,4,3240,256,259
3220,4,3240,256,259
3221,4,3240,256,259
3222,4,3240,256,259
3223,4,3240,256,259
3224,4,3240,256,259
3216,4,3241,256,259
3217,4,3241,256,259
3221,4,3241,256,259
3222,4,3241,256,259
3225,4,3241,256,259
3218,4,3242,256,259
3222,4,3242,256,259
3223,4,3242,256,259
3224,4,3242,256,259
3225,4,3242,256,259
3216,4,3243,849,259
3217,4,3243,256,259
3218,4,3243,256,259
3219,4,3243,256,259
3221,4,3243,259,256
3222,4,3243,256,259
3223,4,3243,256,259
3224,4,3243,256,259
3226,4,3243,849,256
3227,4,3243,849,256
3229,4,3243,256,259
3231,4,3243,256,259
3216,4,3244,849,259
3217,4,3244,256,259
3218,4,3244,256,259
3219,4,3244,256,259
3222,4,3244,259,256
3225,4,3244,849,256
3226,4,3244,849,256
3228,4,3244,849,259
3229,4,3244,849,259
3230,4,3244,256,259
3231,4,3244,256,259
3216,4,3245,849,259
3218,4,3245,256,259
3220,4,3245,259,256
3222,4,3245,259,256
3223,4,3245,259,256
3224,4,3245,849,256
3225,4,3245,849,256
3227,4,3245,849,259
3228,4,3245,849,259
3229,4,3245,849,259
3230,4,3245,849,259
3231,4,3245,256,259
3216,4,3246,849,259
3219,4,3246,259,256
3223,4,3246,259,256
3224,4,3246,849,256
3225,4,3246,849,256
3228,4,3246,849,259
3229,4,3246,849,259
3230,4,3246,849,259
3231,4,3246,256,259
3216,4,3247,849,259
3218,4,3247,259,256
3225,4,3247,849,256
3226,4,3247,849,256
3228,4,3247,849,259
3229,4,3247,849,259
3230,4,3247,849,259
3231,4,3247,256,259
3216,5,3232,259,849
3217,5,3232,259,849
3218,5,3232,259,849
3219,5,3232,259,849
3220,5,3232,259,849
3221,5,3232,256,849
3222,5,3232,256,849
3223,5,3232,256,849
3216,5,3233,259,849
3217,5,3233,259,849
3218,5,3233,259,849
3219,5,3233,259,849
3220,5,3233,259,849
3221,5,3233,259,849
3222,5,3233,256,849
3216,5,3234,259,256
3217,5,3234,259,849
3218,5,3234,259,849
3219,5,3234,259,849
3220,5,3234,259,849
3221,5,3234,259,849
3222,5,3234,256,259
3223,5,3234,256,259
3224,5,3234,256,259
3225,5,3234,256,259
3216,5,3235,259,256
3217,5,3235,259,256
3218,5,3235,259,849
3219,5,3235,259,849
3220,5,3235,259,849
3222,5,3235,256,259
3223,5,3235,256,259
3224,5,3235,256,259
3225,5,3235,256,259
3217,5,3236,259,256
3218,5,3236,259,256
3219,5,3236,259,256
3220,5,3236,259,256
3222,5,3236,256,259
3223,5,3236,256,259
3224,5,3236,256,259
3225,5,3236,256,259
3218,5,3237,259,256
3219,5,3237,259,256
3220,5,3237,259,256
3222,5,3237,256,259
3223,5,3237,256,259
3224,5,3237,256,259
3225,5,3237,256,259
3219,5,3238,259,256
3221,5,3238,256,259
3222,5,3238,256,259
3223,5,3238,256,259
3224,5,3238,256,259
3225,5,3238,256,259
3216,5,3239,849,259
3218,5,3239,259,256
3220,5,3239,256,259
3221,5,3239,256,259
3222,5,3239,256,259
3223,5,3239,256,259
3224,5,3239,256,259
3216,5,3240,849,259
3217,5,3240,256,259
3219,5,3240,256,259
3220,5,3240,256,259
3221,5,3240,849,259
3222,5,3240,256,259
3223,5,3240,256,259
3216,5,3241,256,259
3217,5,3241,256,259
3218,5,3241,256,259
3219,5,3241,256,259
3220,5,3241,849,259
3221,5,3241,849,259
3222,5,3241,849,259
3223,5,3241,256,259
3224,5,3241,256,259
3216,5,3242,256,259
3217,5,3242,256,259
3218,5,3242,256,259
3219,5,3242,849,259
3220,5,3242,849,259
3221,5,3242,849,259
3222,5,3242,849,259
3223,5,3242,849,259
3224,5,3242,256,259
3225,5,3242,256,259
3217,5,3243,256,259
3218,5,3243,849,259
3219,5,3243,849,259
3220,5,3243,849,259
3221,5,3243,849,259
3222,5,3243,849,259
3223,5,3243,849,259
3224,5,3243,849,259
3225,5,3243,849,259
3226,5,3243,849,256
3228,5,3243,849,259
3229,5,3243,849,259
3230,5,3243,256,259
3231,5,3243,256,259
3216,5,3244,849,259
3218,5,3244,256,259
3219,5,3244,849,259
3220,5,3244,849,259
3221,5,3244,849,259
3224,5,3244,849,256
3225,5,3244,849,256
3226,5,3244,849,256
3227,5,3244,849,259
3228,5,3244,849,259
3229,5,3244,849,259
3230,5,3244,849,259
3231,5,3244,256,259
3216,5,3245,849,259
3220,5,3245,849,259
3223,5,3245,259,256
3224,5,3245,849,256
3225,5,3245,849,256
3226,5,3245,849,259
3227,5,3245,849,259
3228,5,3245,849,259
3229,5,3245,849,259
3230,5,3245,849,259
3231,5,3245,256,259
3216,5,3246,849,259
3224,5,3246,849,256
3225,5,3246,849,259
3226,5,3246,849,259
3227,5,3246,849,259
3228,5,3246,849,259
3229,5,3246,849,259
3230,5,3246,849,259
3231,5,3246,256,259
3216,5,3247,849,259
3224,5,3247,849,259
3225,5,3247,849,256
3226,5,3247,849,259
3227,5,3247,849,259
3228,5,3247,849,259
3229,5,3247,849,259
3230,5,3247,849,259
3231,5,3247,256,259
3216,6,3232,259,849
3217,6,3232,259,849
3218,6,3232,259,849
3219,6,3232,259,849
3220,6,3232,259,849
3221,6,3232,259,849
3222,6,3232,256,849
3223,6,3232,256,849
3224,6,3232,256,849
3216,6,3233,259,849
3217,6,3233,259,849
3218,6,3233,259,849
3219,6,3233,259,849
3220,6,3233,259,849
3221,6,3233,259,849
3222,6,3233,256,849
3223,6,3233,256,849
3216,6,3234,259,849
3217,6,3234,259,849
3218,6,3234,259,849
3219,6,3234,259,849
3220,6,3234,259,849
3221,6,3234,259,849
3222,6,3234,256,849
3223,6,3234,256,259
3224,6,3234,256,259
3225,6,3234,256,259
3217,6,3235,259,849
3218,6,3235,259,849
3219,6,3235,259,849
3220,6,3235,259,849
3221,6,3235,259,849
3222,6,3235,256,259
3223,6,3235,256,259
3224,6,3235,256,259
3225,6,3235,256,259
3218,6,3236,259,256
3219,6,3236,259,256
3220,6,3236,259,256
3222,6,3236,256,259
3223,6,3236,256,259
3224,6,3236,256,259
3225,6,3236,256,259
3219,6,3237,259,256
3220,6,3237,259,256
3222,6,3237,256,259
3223,6,3237,256,259
3224,6,3237,256,259
3225,6,3237,256,259
3220,6,3238,259,256
3222,6,3238,256,259
3223,6,3238,256,259
3224,6,3238,256,259
3219,6,3239,259,256
3221,6,3239,849,259
3222,6,3239,256,259
3223,6,3239,256,259
3216,6,3240,849,259
3218,6,3240,259,256
3220,6,3240,849,259
3221,6,3240,849,259
3216,6,3241,849,259
3217,6,3241,256,259
3218,6,3241,259,256
3220,6,3241,849,259
3221,6,3241,849,259
3222,6,3241,849,259
3223,6,3241,849,259
3217,6,3242,256,259
3218,6,3242,849,259
3221,6,3242,849,259
3222,6,3242,849,259
3223,6,3242,849,259
3224,6,3242,849,259
3218,6,3243,849,259
3219,6,3243,849,259
3222,6,3243,849,259
3223,6,3243,849,259
3224,6,3243,849,259
3229,6,3243,849,259
3230,6,3243,849,259
3231,6,3243,256,259
3219,6,3244,849,259
3220,6,3244,849,259
3225,6,3244,849,256
3226,6,3244,849,259
3228,6,3244,849,259
3229,6,3244,849,259
3230,6,3244,849,259
3231,6,3244,256,259
3216,6,3245,849,259
3224,6,3245,849,256
3225,6,3245,849,259
3226,6,3245,849,259
3227,6,3245,849,259
3228,6,3245,849,259
3229,6,3245,849,259
3230,6,3245,849,259
3231,6,3245,256,259
3216,6,3246,849,259
3220,6,3246,259,849
3224,6,3246,849,259
3225,6,3246,849,259
3226,6,3246,849,259
3227,6,3246,849,259
3228,6,3246,849,259
3229,6,3246,849,259
3230,6,3246,849,259
3231,6,3246,256,259
3216,6,3247,849,259
3221,6,3247,259,849
3224,6,3247,849,259
3225,6,3247,849,259
3226,6,3247,849,259
3227,6,3247,849,259
3228,6,3247,849,259
3229,6,3247,849,259
3230,6,3247,849,259
3231,6,3247,256,259
3216,7,3232,259,849
3217,7,3232,259,849
3218,7,3232,259,849
3219,7,3232,259,849
3220,7,3232,259,849
3221,7,3232,259,849
3222,7,3232,256,849
3223,7,3232,256,849
3216,7,3233,259,849
3217,7,3233,259,849
3218,7,3233,259,849
3219,7,3233,259,849
3220,7,3233,259,849
3221,7,3233,259,849
3222,7,3233,256,849
3217,7,3234,259,849
3218,7,3234,259,849
3219,7,3234,259,849
3220,7,3234,259,849
3221,7,3234,259,849
3222,7,3234,256,259
3223,7,3234,256,259
3224,7,3234,256,259
3225,7,3234,256,259
3218,7,3235,259,849
3219,7,3235,259,849
3220,7,3235,259,849
3222,7,3235,256,259
3223,7,3235,256,259
3224,7,3235,256,259
3225,7,3235,256,259
3219,7,3236,259,256
3220,7,3236,259,256
3223,7,3236,256,259
3224,7,3236,256,259
3225,7,3236,256,259
3220,7,3237,259,256
3222,7,3237,256,259
3223,7,3237,256,259
3224,7,3237,256,259
3220,7,3238,259,256
3222,7,3238,256,259
3223,7,3238,256,259
3220,7,3239,259,849
3219,7,3240,259,849
3216,7,3241,849,259
3218,7,3241,259,849
3219,7,3241,259,849
3221,7,3241,849,259
3216,7,3242,849,259
3218,7,3242,259,849
3222,7,3242,849,259
3223,7,3242,849,259
3231,7,3242,256,259
3223,7,3243,849,259
3230,7,3243,849,259
3231,7,3243,256,259
3225,7,3244,849,259
3229,7,3244,849,259
3230,7,3244,849,259
3231,7,3244,256,259
3219,7,3245,259,849
3220,7,3245,259,849
3224,7,3245,849,259
3225,7,3245,849,259
3226,7,3245,849,259
3228,7,3245,849,259
3229,7,3245,849,259
3230,7,3245,849,259
3231,7,3245,256,259
3216,7,3246,849,259
3218,7,3246,259,849
3219,7,3246,259,849
3220,7,3246,259,849
3221,7,3246,259,849
3223,7,3246,849,259
3224,7,3246,849,259
3225,7,3246,849,259
3226,7,3246,849,259
3227,7,3246,849,259
3228,7,3246,849,259
3229,7,3246,849,259
3230,7,3246,849,259
3231,7,3246,256,259
3217,7,3247,259,849
3220,7,3247,259,849
3221,7,3247,259,849
3222,7,3247,259,849
3224,7,3247,849,259
3225,7,3247,849,259
3226,7,3247,849,259
3227,7,3247,849,259
3228,7,3247,849,259
3229,7,3247,849,259
3230,7,3247,849,259
3231,7,3247,256,259
3216,8,3232,259,849
3217,8,3232,259,849
3218,8,3232,259,849
3219,8,3232,259,849
3220,8,3232,259,849
3221,8,3232,259,849
3222,8,3232,256,849
3216,8,3233,259,849
3217,8,3233,259,849
3218,8,3233,259,849
3219,8,3233,259,849
3220,8,3233,259,849
3221,8,3233,259,849
3218,8,3234,259,849
3219,8,3234,259,849
3220,8,3234,259,849
3221,8,3234,259,256
3223,8,3234,256,259
3224,8,3234,256,259
3225,8,3234,256,259
3219,8,3235,259,849
3220,8,3235,259,256
3221,8,3235,259,256
3223,8,3235,417,259
3224,8,3235,256,259
3225,8,3235,256,259
3220,8,3236,259,256
3224,8,3236,256,259
3220,8,3237,259,256
3223,8,3237,256,259
3220,8,3238,259,256
3220,8,3239,259,849
3221,8,3239,259,849
3220,8,3240,259,849
3216,8,3242,849,259
3218,8,3242,259,849
3216,8,3243,849,259
3218,8,3243,259,849
3219,8,3243,259,849
3223,8,3243,849,259
3231,8,3243,256,259
3219,8,3244,259,849
3220,8,3244,259,849
3224,8,3244,849,259
3230,8,3244,849,259
3231,8,3244,256,259
3218,8,3245,259,849
3219,8,3245,259,849
3220,8,3245,259,849
3221,8,3245,259,849
3223,8,3245,849,259
3224,8,3245,849,259
3225,8,3245,849,259
3229,8,3245,849,259
3230,8,3245,849,259
3231,8,3245,256,259
3216,8,3246,849,259
3217,8,3246,259,849
3218,8,3246,259,849
3219,8,3246,259,849
3220,8,3246,259,849
3221,8,3246,259,849
3222,8,3246,259,849
3223,8,3246,849,259
3224,8,3246,849,259
3230,8,3246,849,259
3231,8,3246,256,259
3216,8,3247,259,849
3217,8,3247,259,849
3218,8,3247,259,849
3219,8,3247,259,849
3220,8,3247,259,849
3221,8,3247,259,849
3222,8,3247,259,849
3224,8,3247,849,259
3225,8,3247,849,259
3229,8,3247,849,259
3230,8,3247,849,259
3231,8,3247,256,259
3217,9,3232,259,849
3218,9,3232,259,849
3219,9,3232,259,849
3220,9,3232,259,849
3221,9,3232,259,849
3224,9,3232,256,259
3218,9,3233,259,849
3219,9,3233,259,849
3220,9,3233,259,849
3216,9,3234,259,849
3219,9,3234,259,849
3221,9,3234,259,256
3222,9,3234,259,256
3224,9,3234,417,259
3225,9,3234,256,259
3220,9,3235,259,256
3221,9,3235,259,256
3222,9,3235,259,417
3224,9,3235,417,259
3219,9,3236,259,256
3220,9,3236,259,256
3221,9,3236,259,417
3220,9,3237,259,256
3220,9,3238,259,256
3221,9,3238,259,256
3220,9,3239,259,849
3219,9,3240,259,849
3220,9,3240,259,849
3217,9,3242,259,849
3217,9,3243,259,849
3218,9,3243,259,849
3218,9,3244,259,849
3219,9,3244,259,849
3223,9,3244,849,259
3231,9,3244,256,259
3216,9,3245,849,259
3217,9,3245,259,849
3218,9,3245,259,849
3219,9,3245,259,849
3220,9,3245,259,849
3224,9,3245,849,259
3230,9,3245,849,259
3231,9,3245,256,259
3218,9,3246,259,849
3219,9,3246,259,849
3220,9,3246,259,849
3221,9,3246,259,849
3223,9,3246,849,259
3231,9,3246,256,259
3217,9,3247,259,849
3218,9,3247,259,849
3219,9,3247,259,849
3220,9,3247,259,849
3221,9,3247,259,849
3222,9,3247,259,849
3224,9,3247,849,259
3230,9,3247,849,259
3231,9,3247,256,259
3218,10,3232,259,849
3219,10,3232,259,849
3225,10,3232,256,259
3219,10,3233,259,849
3224,10,3233,256,259
3222,10,3234,259,256
3223,10,3234,259,256
3216,10,3235,259,849
3221,10,3235,259,256
3222,10,3235,259,256
3223,10,3235,259,417
3219,10,3236,259,256
3220,10,3236,259,256
3221,10,3236,259,256
3222,10,3236,259,417
3220,10,3237,259,256
3221,10,3237,259,256
3220,10,3238,259,256
3221,10,3238,259,256
3219,10,3239,259,849
3220,10,3239,259,849
3218,10,3240,259,849
3219,10,3240,259,849
3217,10,3243,259,849
3231,10,3243,256,259
3216,10,3244,849,259
3217,10,3244,259,849
3218,10,3244,259,849
3223,10,3244,849,259
3224,10,3244,849,259
3230,10,3244,256,259
3231,10,3244,256,259
3218,10,3245,259,849
3219,10,3245,259,849
3223,10,3245,849,259
3224,10,3245,259,849
3231,10,3245,256,259
3219,10,3246,259,849
3220,10,3246,259,849
3223,10,3246,259,849
3218,10,3247,259,849
3219,10,3247,259,849
3220,10,3247,259,849
3221,10,3247,259,849
3231,10,3247,256,259
3219,11,3232,849,259
3223,11,3234,259,256
3222,11,3235,259,256
3223,11,3235,259,256
3220,11,3236,259,256
3221,11,3236,259,256
3222,11,3236,259,256
3223,11,3236,259,256
3221,11,3237,259,256
3220,11,3238,259,256
3219,11,3239,259,849
3231,11,3242,256,259
3230,11,3243,256,259
3231,11,3243,256,259
3231,11,3244,256,259
3222,11,3245,849,259
3223,11,3246,259,849
3219,11,3247,259,849
3220,11,3247,259,849
3218,12,3232,849,259
3219,12,3232,849,259
3220,12,3232,849,259
3219,12,3233,849,259
3222,12,3234,259,256
3221,12,3235,259,256
3222,12,3235,259,256
3223,12,3235,259,256
3221,12,3236,259,256
3222,12,3236,259,256
3223,12,3236,259,256
3230,12,3242,256,259
3231,12,3242,256,259
3229,12,3243,256,259
3230,12,3243,256,259
3231,12,3243,256,259
3230,12,3244,256,259
3231,12,3244,256,259
3221,12,3245,849,259
3222,12,3245,849,259
3223,12,3245,849,259
3231,12,3245,256,259
3219,12,3247,849,259
3222,12,3247,256,259
3223,12,3247,256,259
3231,12,3247,45,259
3217,13,3232,849,259
3218,13,3232,849,259
3219,13,3232,849,259
3220,13,3232,849,259
3221,13,3232,849,259
3218,13,3233,849,259
3219,13,3233,849,259
3220,13,3233,849,259
3219,13,3234,849,259
3216,13,3239,849,259
3217,13,3239,849,259
3218,13,3240,259,849
3229,13,3242,256,259
3230,13,3242,256,259
3231,13,3242,256,259
3226,13,3243,256,259
3228,13,3243,256,259
3229,13,3243,256,259
3230,13,3243,256,259
3231,13,3243,256,259
3229,13,3244,256,259
3230,13,3244,256,259
3231,13,3244,256,259
3222,13,3245,849,259
3230,13,3245,256,259
3231,13,3245,256,259
3231,13,3246,45,259
3218,13,3247,849,259
3219,13,3247,849,259
3222,13,3247,256,259
3230,13,3247,256,259
3231,13,3247,45,259
3217,14,3232,849,259
3218,14,3232,849,259
3219,14,3232,849,259
3220,14,3232,849,259
3221,14,3232,849,259
3222,14,3232,849,259
3217,14,3233,849,259
3218,14,3233,849,259
3219,14,3233,849,259
3220,14,3233,849,259
3221,14,3233,849,259
3218,14,3234,849,259
3219,14,3234,849,259
3220,14,3234,849,259
3226,14,3234,259,256
3219,14,3235,849,259
3230,14,3242,256,259
3231,14,3242,256,259
3229,14,3243,256,259
3230,14,3243,256,259
3231,14,3243,256,259
3228,14,3244,256,259
3229,14,3244,256,259
3230,14,3244,256,259
3231,14,3244,256,259
3229,14,3245,256,259
3230,14,3245,256,259
3231,14,3245,256,259
3230,14,3246,256,259
3231,14,3246,256,259
3229,14,3247,256,259
3230,14,3247,256,259
3231,14,3247,256,259
3218,15,3232,849,259
3219,15,3232,849,259
3220,15,3232,849,259
3221,15,3232,849,259
3222,15,3232,849,259
3223,15,3232,849,259
3217,15,3233,849,259
3218,15,3233,849,259
3219,15,3233,849,259
3220,15,3233,849,259
3221,15,3233,849,259
3222,15,3233,849,259
3217,15,3234,849,259
3218,15,3234,849,259
3219,15,3234,849,259
3220,15,3234,849,259
3221,15,3234,849,259
3218,15,3235,849,259
3219,15,3235,849,259
3220,15,3235,849,259
3231,15,3242,256,259
3230,15,3243,256,259
3231,15,3243,256,259
3229,15,3244,256,259
3230,15,3244,256,259
3231,15,3244,256,259
3230,15,3245,256,259
3231,15,3245,256,259
3231,15,3246,256,259
3230,15,3247,256,259
3231,15,3247,256,259
3218,16,3232,849,259
3219,16,3232,849,259
3220,16,3232,849,259
3221,16,3232,849,259
3222,16,3232,849,259
3223,16,3232,849,259
3224,16,3232,849,259
3218,16,3233,849,259
3219,16,3233,849,259
3220,16,3233,849,259
3221,16,3233,849,259
3222,16,3233,849,259
3223,16,3233,849,259
3217,16,3234,849,259
3218,16,3234,849,259
3219,16,3234,849,259
3220,16,3234,849,259
3221,16,3234,849,259
3222,16,3234,849,259
3217,16,3235,849,259
3218,16,3235,849,259
3219,16,3235,849,259
3220,16,3235,849,259
3221,16,3235,849,259
3231,16,3247,256,259
3218,17,3232,849,259
3219,17,3232,849,259
3217,17,3233,849,259
3218,17,3233,849,259
3219,17,3233,849,259
3220,17,3233,849,259
3226,17,3233,256,259
3217,17,3234,849,259
3218,17,3234,849,259
3219,17,3234,849,259
3220,17,3234,849,259
3221,17,3234,849,259
3227,17,3234,256,259
3218,17,3235,849,259
3219,17,3235,849,259
3220,17,3235,849,259
3217,17,3247,259,849
3217,18,3232,849,259
3218,18,3232,849,259
3226,18,3232,256,259
3217,18,3233,849,259
3218,18,3233,849,259
3219,18,3233,849,259
3225,18,3233,256,259
3226,18,3233,256,259
3227,18,3233,256,259
3218,18,3234,849,259
3219,18,3234,849,259
3220,18,3234,849,259
3226,18,3234,256,259
3219,18,3235,849,259
3216,18,3246,849,256
3227,19,3232,256,259
3218,19,3233,849,259
3226,19,3233,256,259
3219,19,3234,849,259
3228,23,3247,258,849
3231,34,3241,258,259
3231,34,3245,258,259
3228,34,3247,258,259
3231,35,3245,258,259
3228,35,3246,257,259
3229,35,3246,258,259
3231,35,3246,258,259
3228,35,3247,258,259
3229,35,3247,258,259
3230,35,3247,258,259
3227,36,3247,257,259
3228,36,3247,258,259
3229,36,3247,258,259
3230,36,3247,258,259
3231,36,3247,258,259
3230,37,3242,849,256
3231,37,3243,849,256
3230,37,3245,256,849
3229,37,3246,256,849
3230,37,3246,256,849
3224,37,3247,256,849
3228,37,3247,256,849
3229,37,3247,256,849
3230,37,3247,256,849
3229,38,3241,849,256
3230,38,3241,849,256
3229,38,3242,849,256
3230,38,3242,849,256
3231,38,3242,849,259
3231,38,3243,849,259
3231,38,3244,849,259
3223,38,3245,849,256
3223,38,3246,849,256
3230,38,3246,256,849
3220,38,3247,849,256
3221,38,3247,849,256
3223,38,3247,849,256
3229,38,3247,256,849
3230,38,3247,259,849
3228,39,3240,849,256
3229,39,3241,849,256
3226,39,3242,259,849
3230,39,3242,849,259
3225,39,3243,259,849
3226,39,3243,259,849
3227,39,3243,259,849
3231,39,3243,849,259
3222,39,3244,849,256
3224,39,3244,259,849
3225,39,3244,259,849
3226,39,3244,259,849
3227,39,3244,259,849
3228,39,3244,259,849
3219,39,3245,849,256
3220,39,3245,849,256
3223,39,3245,259,256
3224,39,3245,259,849
3225,39,3245,259,849
3226,39,3245,259,849
3227,39,3245,259,849
3228,39,3245,259,849
3229,39,3245,259,849
3230,39,3245,256,849
3220,39,3246,849,256
3221,39,3246,849,256
3223,39,3246,849,256
3224,39,3246,259,849
3225,39,3246,259,849
3226,39,3246,259,849
3227,39,3246,259,849
3228,39,3246,259,849
3229,39,3246,256,849
3230,39,3246,259,849
3221,39,3247,849,256
3222,39,3247,849,256
3223,39,3247,849,256
3225,39,3247,259,849
3226,39,3247,259,849
3227,39,3247,259,849
3228,39,3247,256,849
3229,39,3247,259,849
3230,39,3247,259,849
3226,40,3238,256,849
3227,40,3239,256,849
3228,40,3240,256,849
3226,40,3241,259,849
3229,40,3241,256,849
3225,40,3242,259,849
3226,40,3242,259,849
3227,40,3242,259,849
3230,40,3242,259,849
3221,40,3243,256,849
3224,40,3243,259,849
3225,40,3243,259,849
3226,40,3243,259,849
3227,40,3243,259,849
3228,40,3243,259,849
3231,40,3243,259,849
3222,40,3244,256,849
3223,40,3244,259,849
3224,40,3244,259,849
3225,40,3244,259,849
3226,40,3244,259,849
3227,40,3244,259,849
3228,40,3244,259,849
3229,40,3244,259,849
3230,40,3244,259,849
3222,40,3245,259,256
3223,40,3245,259,849
3224,40,3245,259,849
3225,40,3245,259,849
3226,40,3245,259,849
3227,40,3245,259,849
3228,40,3245,259,849
3229,40,3245,259,849
3230,40,3245,259,849
3222,40,3246,849,256
3223,40,3246,259,256
3224,40,3246,259,849
3225,40,3246,259,849
3226,40,3246,259,849
3227,40,3246,259,849
3228,40,3246,259,849
3229,40,3246,259,849
3230,40,3246,259,849
3222,40,3247,849,256
3224,40,3247,259,849
3225,40,3247,259,849
3226,40,3247,259,849
3227,40,3247,259,849
3228,40,3247,259,849
3229,40,3247,259,849
3230,40,3247,259,849
3226,41,3237,256,849
3226,41,3238,256,849
3227,41,3238,256,849
3226,41,3239,256,849
3227,41,3239,256,849
3228,41,3239,256,849
3227,41,3240,256,849
3228,41,3240,256,849
3229,41,3240,256,849
3225,41,3241,259,849
3226,41,3241,259,849
3227,41,3241,259,849
3228,41,3241,256,849
3229,41,3241,259,849
3230,41,3241,259,849
3224,41,3242,259,849
3225,41,3242,259,849
3226,41,3242,259,849
3227,41,3242,259,849
3228,41,3242,259,849
3229,41,3242,259,849
3230,41,3242,45,849
3231,41,3242,259,849
3221,41,3243,256,849
3223,41,3243,259,849
3224,41,3243,259,849
3225,41,3243,259,849
3226,41,3243,259,849
3227,41,3243,259,849
3228,41,3243,259,849
3229,41,3243,259,849
3230,41,3243,259,849
3231,41,3243,259,849
3221,41,3244,256,849
3222,41,3244,259,849
3223,41,3244,259,849
3224,41,3244,259,849
3225,41,3244,259,849
3226,41,3244,259,849
3227,41,3244,259,849
3228,41,3244,259,849
3229,41,3244,259,849
3230,41,3244,259,849
3231,41,3244,259,849
3221,41,3245,259,417
3222,41,3245,259,849
3223,41,3245,259,849
3224,41,3245,259,849
3225,41,3245,259,849
3226,41,3245,259,849
3227,41,3245,259,849
3228,41,3245,259,849
3229,41,3245,259,849
3230,41,3245,259,849
3222,41,3246,259,256
3223,41,3246,259,849
3224,41,3246,259,849
3225,41,3246,259,849
3226,41,3246,259,849
3227,41,3246,259,849
3228,41,3246,259,849
3229,41,3246,259,849
3230,41,3246,259,849
3221,41,3247,849,256
3223,41,3247,259,45
3224,41,3247,259,849
3226,41,3247,259,849
3227,41,3247,259,849
3228,41,3247,259,849
3229,41,3247,259,849
3230,41,3247,259,849
3217,42,3233,259,849
3218,42,3233,256,849
3219,42,3233,256,849
3220,42,3233,256,849
3216,42,3234,259,849
3219,42,3234,256,849
3226,42,3238,256,849
3226,42,3239,256,849
3227,42,3239,256,849
3226,42,3240,256,849
3227,42,3240,256,849
3228,42,3240,256,849
3226,42,3241,259,849
3227,42,3241,259,849
3228,42,3241,259,849
3229,42,3241,259,849
3225,42,3242,259,849
3226,42,3242,259,849
3227,42,3242,259,849
3228,42,3242,259,849
3229,42,3242,259,849
3230,42,3242,259,849
3224,42,3243,259,849
3225,42,3243,259,849
3226,42,3243,259,849
3227,42,3243,259,849
3228,42,3243,259,849
3229,42,3243,259,849
3230,42,3243,259,849
3231,42,3243,259,849
3221,42,3244,259,256
3223,42,3244,259,849
3224,42,3244,259,849
3225,42,3244,259,849
3226,42,3244,259,849
3227,42,3244,259,849
3228,42,3244,259,849
3229,42,3244,259,849
3230,42,3244,259,849
3221,42,3245,259,256
3222,42,3245,259,256
3223,42,3245,259,849
3224,42,3245,259,849
3225,42,3245,259,849
3226,42,3245,259,849
3227,42,3245,259,849
3228,42,3245,259,849
3229,42,3245,259,849
3222,42,3246,259,849
3223,42,3246,259,45
3224,42,3246,259,849
3226,42,3246,259,849
3227,42,3246,259,849
3228,42,3246,259,849
3229,42,3246,259,849
3230,42,3246,259,849
3222,42,3247,259,849
3223,42,3247,259,45
3227,42,3247,259,849
3228,42,3247,259,849
3229,42,3247,259,849
3217,43,3232,259,849
3218,43,3232,256,849
3226,43,3232,259,849
3219,43,3233,256,849
3226,43,3239,256,849
3226,43,3240,256,849
3227,43,3240,256,849
3226,43,3241,259,849
3227,43,3241,259,849
3228,43,3241,259,849
3226,43,3242,259,849
3227,43,3242,259,849
3228,43,3242,259,849
3229,43,3242,259,849
3225,43,3243,259,849
3226,43,3243,259,849
3227,43,3243,259,849
3228,43,3243,259,849
3229,43,3243,259,849
3230,43,3243,259,849
3224,43,3244,259,849
3225,43,3244,259,849
3226,43,3244,259,849
3227,43,3244,259,849
3228,43,3244,259,849
3229,43,3244,259,849
3222,43,3245,259,849
3223,43,3245,259,849
3224,43,3245,259,849
3226,43,3245,259,849
3227,43,3245,259,849
3228,43,3245,259,849
3223,43,3246,259,849
3227,43,3246,259,849
3228,43,3246,259,849
3229,43,3246,259,849
3222,43,3247,259,849
3228,43,3247,259,849
3217,44,3232,256,849
3218,44,3232,256,259
3219,44,3232,256,849
3225,44,3232,259,849
3226,44,3232,259,849
3227,44,3232,259,849
3229,44,3232,256,259
3218,44,3233,256,259
3219,44,3233,256,259
3220,44,3233,256,849
3219,44,3234,256,259
3226,44,3240,256,849
3226,44,3241,259,849
3227,44,3241,259,849
3228,44,3241,259,256
3225,44,3242,259,849
3226,44,3242,259,849
3227,44,3242,259,849
3228,44,3242,259,849
3224,44,3243,259,849
3225,44,3243,259,849
3226,44,3243,259,849
3227,44,3243,259,849
3229,44,3243,259,849
3223,44,3244,259,417
3224,44,3244,259,849
3226,44,3244,259,849
3223,44,3245,259,417
3216,45,3232,256,259
3217,45,3232,256,259
3218,45,3232,256,259
3219,45,3232,849,259
3226,45,3232,259,849
3228,45,3232,256,259
3229,45,3232,256,259
3230,45,3232,256,259
3217,45,3233,256,259
3218,45,3233,256,259
3219,45,3233,256,259
3220,45,3233,849,259
3221,45,3233,256,849
3229,45,3233,256,259
3218,45,3234,256,259
3219,45,3234,256,259
3220,45,3234,256,259
3218,45,3235,256,259
3219,45,3235,256,259
3226,45,3238,259,256
3218,45,3239,256,259
3226,45,3239,259,256
3227,45,3239,259,256
3226,45,3240,259,256
3227,45,3240,259,256
3228,45,3240,259,256
3225,45,3241,259,256
3226,45,3241,259,849
3227,45,3241,259,256
3224,45,3242,259,256
3225,45,3242,259,849
3226,45,3242,259,849
3227,45,3242,259,849
3223,45,3243,259,256
3224,45,3243,259,849
3226,45,3243,259,849
3223,45,3244,259,417
3216,46,3232,256,259
3217,46,3232,256,259
3218,46,3232,849,259
3220,46,3232,849,259
3227,46,3232,256,259
3228,46,3232,256,259
3229,46,3232,256,259
3230,46,3232,849,259
3231,46,3232,849,259
3216,46,3233,256,259
3217,46,3233,256,259
3218,46,3233,256,259
3219,46,3233,849,259
3220,46,3233,849,259
3221,46,3233,849,259
3228,46,3233,256,259
3229,46,3233,849,259
3230,46,3233,849,259
3217,46,3234,256,259
3218,46,3234,256,259
3219,46,3234,256,259
3220,46,3234,849,259
3221,46,3234,256,259
3223,46,3234,256,849
3229,46,3234,849,259
3216,46,3235,256,259
3217,46,3235,256,259
3218,46,3235,256,259
3219,46,3235,256,259
3220,46,3235,256,259
3224,46,3235,256,849
3216,46,3236,256,259
3218,46,3236,256,259
3219,46,3236,256,259
3226,46,3237,259,256
3216,46,3238,256,259
3218,46,3238,256,259
3226,46,3238,259,256
3227,46,3238,259,256
3217,46,3239,256,259
3218,46,3239,256,259
3226,46,3239,259,256
3227,46,3239,259,256
3228,46,3239,259,256
3225,46,3240,259,256
3226,46,3240,259,256
3227,46,3240,259,256
3228,46,3240,259,256
3229,46,3240,259,256
3224,46,3241,259,256
3225,46,3241,259,256
3226,46,3241,259,256
3227,46,3241,259,256
3226,46,3242,259,849
3216,47,3232,256,259
3217,47,3232,849,259
3218,47,3232,849,259
3219,47,3232,849,259
3220,47,3232,849,259
3221,47,3232,849,259
3222,47,3232,849,256
3228,47,3232,256,259
3230,47,3232,849,259
3216,47,3233,256,259
3217,47,3233,256,259
3218,47,3233,849,259
3219,47,3233,849,259
3220,47,3233,849,259
3221,47,3233,849,259
3222,47,3233,849,259
3223,47,3233,256,849
3229,47,3233,849,259
3216,47,3234,256,259
3217,47,3234,256,259
3218,47,3234,256,259
3219,47,3234,849,259
3220,47,3234,849,259
3221,47,3234,849,259
3222,47,3234,256,259
3223,47,3234,256,259
3224,47,3234,256,849
3216,47,3235,256,259
3217,47,3235,256,259
3218,47,3235,256,259
3219,47,3235,256,259
3220,47,3235,849,259
3221,47,3235,256,259
3223,47,3235,256,259
3224,47,3235,256,259
3225,47,3235,256,849
3216,47,3236,256,259
3217,47,3236,256,259
3218,47,3236,256,259
3219,47,3236,256,259
3220,47,3236,256,259
3224,47,3236,256,849
3226,47,3236,259,256
3216,47,3237,256,259
3218,47,3237,256,259
3219,47,3237,256,259
3225,47,3237,259,256
3226,47,3237,259,256
3227,47,3237,259,256
3216,47,3238,256,259
3217,47,3238,256,259
3218,47,3238,256,259
3226,47,3238,259,256
3216,47,3239,256,259
3217,47,3239,256,259
3218,47,3239,256,259
3219,47,3239,256,259
3225,47,3239,259,256
3226,47,3239,259,256
3227,47,3239,259,256
3224,47,3240,259,256
3225,47,3240,259,256
3226,47,3240,259,256
3227,47,3240,259,256
3223,47,3241,259,256
3224,47,3241,259,256
3226,47,3241,259,256
3216,48,3232,849,259
3217,48,3232,849,259
3218,48,3232,849,259
3219,48,3232,849,259
3220,48,3232,849,259
3221,48,3232,849,256
3222,48,3232,849,256
3228,48,3232,259,849
3230,48,3232,259,849
3216,48,3233,256,259
3217,48,3233,849,259
3218,48,3233,849,259
3219,48,3233,849,259
3220,48,3233,849,259
3221,48,3233,849,259
3224,48,3233,256,849
3229,48,3233,259,849
3216,48,3234,256,259
3217,48,3234,256,259
3218,48,3234,849,259
3219,48,3234,849,259
3220,48,3234,849,259
3221,48,3234,849,259
3222,48,3234,849,259
3223,48,3234,256,849
3224,48,3234,256,849
3225,48,3234,256,849
3216,48,3235,256,259
3217,48,3235,256,259
3218,48,3235,256,259
3219,48,3235,849,259
3220,48,3235,849,259
3221,48,3235,849,259
3222,48,3235,256,259
3223,48,3235,256,259
3224,48,3235,256,849
3225,48,3235,256,849
3226,48,3235,259,849
3216,48,3236,256,259
3217,48,3236,256,259
3218,48,3236,256,259
3219,48,3236,256,259
3220,48,3236,849,259
3221,48,3236,256,259
3223,48,3236,256,849
3224,48,3236,256,849
3225,48,3236,259,849
3226,48,3236,259,849
3227,48,3236,259,849
3216,48,3237,256,259
3217,48,3237,256,259
3218,48,3237,256,259
3219,48,3237,256,259
3220,48,3237,256,259
3224,48,3237,259,849
3225,48,3237,259,256
3226,48,3237,259,256
3216,48,3238,256,259
3217,48,3238,256,259
3218,48,3238,256,259
3219,48,3238,256,259
3225,48,3238,259,256
3217,48,3239,256,259
3218,48,3239,256,259
3219,48,3239,256,259
3224,48,3239,259,256
3225,48,3239,259,256
3226,48,3239,259,256
3223,48,3240,259,256
3224,48,3240,259,256
3225,48,3240,259,256
3226,48,3240,259,256
3223,48,3241,259,256
3224,48,3241,259,256
3225,48,3241,259,256
3216,48,3242,259,256
3224,48,3242,259,256
3217,49,3232,849,259
3218,49,3232,849,259
3219,49,3232,849,259
3220,49,3232,849,259
3221,49,3232,849,256
3227,49,3232,259,256
3228,49,3232,259,256
3229,49,3232,259,849
3230,49,3232,259,849
3231,49,3232,259,849
3216,49,3233,849,259
3218,49,3233,849,259
3219,49,3233,849,259
3220,49,3233,849,259
3221,49,3233,849,259
3225,49,3233,256,849
3228,49,3233,259,849
3229,49,3233,259,849
3230,49,3233,259,849
3217,49,3234,849,259
3218,49,3234,849,259
3219,49,3234,849,259
3220,49,3234,849,259
3221,49,3234,849,259
3224,49,3234,256,849
3225,49,3234,256,849
3226,49,3234,259,849
3216,49,3235,256,259
3217,49,3235,256,259
3218,49,3235,849,259
3219,49,3235,849,259
3220,49,3235,849,259
3221,49,3235,849,259
3222,49,3235,849,259
3223,49,3235,256,849
3224,49,3235,256,849
3225,49,3235,259,849
3226,49,3235,259,849
3227,49,3235,259,849
3216,49,3236,256,259
3218,49,3236,256,259
3219,49,3236,849,259
3220,49,3236,849,259
3221,49,3236,849,259
3222,49,3236,256,849
3223,49,3236,256,849
3224,49,3236,259,849
3225,49,3236,259,849
3226,49,3236,259,849
3219,49,3237,256,259
3220,49,3237,256,259
3221,49,3237,256,849
3223,49,3237,259,849
3224,49,3237,259,849
3225,49,3237,259,849
3218,49,3238,256,259
3219,49,3238,256,259
3224,49,3238,259,849
3218,49,3239,256,259
3223,49,3239,259,849
3224,49,3239,259,256
3225,49,3239,259,256
3216,49,3240,259,256
3223,49,3240,259,256
3224,49,3240,259,256
3225,49,3240,259,256
3216,49,3241,259,256
3217,49,3241,259,256
3223,49,3241,259,256
3224,49,3241,259,256
3217,49,3242,259,256
3218,50,3232,849,259
3220,50,3232,849,259
3221,50,3232,849,259
3225,50,3232,256,849
3226,50,3232,259,256
3227,50,3232,259,849
3228,50,3232,259,256
3230,50,3232,259,849
3231,50,3232,259,849
3219,50,3233,849,259
3220,50,3233,849,259
3221,50,3233,849,259
3222,50,3233,849,259
3225,50,3233,256,849
3227,50,3233,259,849
3228,50,3233,259,849
3230,50,3233,259,849
3231,50,3233,259,849
3218,50,3234,849,259
3219,50,3234,849,259
3220,50,3234,849,259
3221,50,3234,849,259
3225,50,3234,256,849
3226,50,3234,256,849
3218,50,3235,849,259
3219,50,3235,849,259
3220,50,3235,849,259
3221,50,3235,849,259
3224,50,3235,256,849
3225,50,3235,256,849
3226,50,3235,259,849
3219,50,3236,849,259
3220,50,3236,849,259
3223,50,3236,256,849
3224,50,3236,256,849
3225,50,3236,259,849
3220,50,3237,256,849
3221,50,3237,256,849
3222,50,3237,256,849
3223,50,3237,256,849
3224,50,3237,259,849
3216,50,3238,259,256
3221,50,3238,256,849
3223,50,3238,259,849
3216,50,3239,259,256
3217,50,3239,259,256
3222,50,3239,256,849
3223,50,3239,259,849
3224,50,3239,259,849
3216,50,3240,259,256
3217,50,3240,259,256
3223,50,3240,259,849
3224,50,3240,259,256
3217,50,3241,259,256
3218,50,3241,259,256
3223,50,3241,259,256
3218,50,3242,259,256
3219,51,3232,849,259
3220,51,3232,849,259
3226,51,3232,259,849
3227,51,3232,259,849
3220,51,3233,849,259
3221,51,3233,849,259
3226,51,3233,259,849
3227,51,3233,259,849
3231,51,3233,259,849
3219,51,3234,849,259
3220,51,3234,849,259
3221,51,3234,849,259
3222,51,3234,849,259
3225,51,3234,256,849
3219,51,3235,849,259
3220,51,3235,849,259
3221,51,3235,849,259
3225,51,3235,256,849
3220,51,3236,849,259
3224,51,3236,256,849
3220,51,3237,259,849
3221,51,3237,256,849
3222,51,3237,256,849
3223,51,3237,256,849
3219,51,3238,259,256
3220,51,3238,256,849
3221,51,3238,256,849
3222,51,3238,256,849
3223,51,3238,256,849
3216,51,3239,259,256
3218,51,3239,259,256
3221,51,3239,256,849
3222,51,3239,256,849
3223,51,3239,259,849
3217,51,3240,259,256
3218,51,3240,259,256
3222,51,3240,256,849
3223,51,3240,259,849
3218,51,3241,259,256
3219,51,3241,259,256
3227,52,3232,259,849
3228,52,3232,259,849
3227,52,3233,259,849
3228,52,3233,259,849
3230,52,3233,259,849
3220,52,3234,849,259
3221,52,3234,849,259
3217,52,3235,259,849
3218,52,3235,259,849
3220,52,3235,849,259
3221,52,3235,849,259
3222,52,3235,849,259
3216,52,3236,259,849
3217,52,3236,259,849
3221,52,3236,849,259
3225,52,3236,256,849
3216,52,3237,259,849
3221,52,3237,259,849
3222,52,3237,256,849
3224,52,3237,256,849
3220,52,3238,259,256
3221,52,3238,259,849
3222,52,3238,259,849
3223,52,3238,256,849
3219,52,3239,259,256
3220,52,3239,259,256
3221,52,3239,259,256
3222,52,3239,259,849
3223,52,3239,259,849
3218,52,3240,259,256
3219,52,3240,259,256
3220,52,3240,259,256
3221,52,3240,259,256
3222,52,3240,259,256
3219,52,3241,259,256
3220,52,3241,259,256
3221,52,3241,259,256
3216,52,3243,849,259
3216,53,3232,259,849
3228,53,3232,259,849
3216,53,3233,259,849
3217,53,3233,259,849
3228,53,3233,259,849
3229,53,3233,259,849
3217,53,3234,259,849
3218,53,3234,259,849
3216,53,3235,259,849
3217,53,3235,259,849
3218,53,3235,259,849
3219,53,3235,259,849
3221,53,3235,849,259
3216,53,3236,259,849
3217,53,3236,259,849
3218,53,3236,259,849
3221,53,3236,259,849
3216,53,3237,259,849
3217,53,3237,259,849
3220,53,3237,259,256
3221,53,3237,259,849
3222,53,3237,259,849
3225,53,3237,259,849
3216,53,3238,259,849
3219,53,3238,259,256
3220,53,3238,259,256
3221,53,3238,259,256
3222,53,3238,259,849
3223,53,3238,259,849
3218,53,3239,259,256
3219,53,3239,259,256
3220,53,3239,259,256
3221,53,3239,259,256
3222,53,3239,259,256
3219,53,3240,259,256
3220,53,3240,259,256
3221,53,3240,259,256
3220,53,3241,259,256
3216,53,3242,849,259
3230,53,3242,45,259
3216,53,3243,849,259
3217,53,3243,849,259
3216,53,3244,849,259
3216,54,3232,259,849
3217,54,3232,259,849
3216,54,3233,259,849
3217,54,3233,259,849
3218,54,3233,259,849
3216,54,3234,259,849
3217,54,3234,259,849
3218,54,3234,259,849
3219,54,3234,259,849
3216,54,3235,259,849
3217,54,3235,259,849
3218,54,3235,259,849
3219,54,3235,259,849
3220,54,3235,259,849
3221,54,3235,259,849
3216,54,3236,259,849
3217,54,3236,259,849
3218,54,3236,259,849
3219,54,3236,259,849
3220,54,3236,259,849
3221,54,3236,259,849
3222,54,3236,259,849
3225,54,3236,259,849
3216,54,3237,259,849
3217,54,3237,259,849
3218,54,3237,259,849
3219,54,3237,259,256
3220,54,3237,259,256
3221,54,3237,259,256
3222,54,3237,259,849
3223,54,3237,259,849
3224,54,3237,259,849
3225,54,3237,259,256
3226,54,3237,259,256
3216,54,3238,259,849
3217,54,3238,259,849
3218,54,3238,259,256
3219,54,3238,259,256
3220,54,3238,259,256
3221,54,3238,259,256
3222,54,3238,259,256
3223,54,3238,259,849
3224,54,3238,259,256
3216,54,3239,259,849
3217,54,3239,259,256
3218,54,3239,259,256
3219,54,3239,259,256
3220,54,3239,259,256
3221,54,3239,259,256
3222,54,3239,259,256
3223,54,3239,259,256
3218,54,3240,259,256
3219,54,3240,259,256
3220,54,3240,259,256
3221,54,3240,259,256
3222,54,3240,259,256
3219,54,3241,259,256
3220,54,3241,259,256
3221,54,3241,259,256
3230,54,3241,256,259
3220,54,3242,259,256
3228,54,3242,256,259
3229,54,3242,256,259
3216,54,3243,849,259
3227,54,3243,256,259
3226,54,3244,849,259
3217,54,3245,256,259
3216,55,3233,259,849
3218,55,3233,259,849
3219,55,3233,259,849
3216,55,3234,259,849
3217,55,3234,259,849
3218,55,3234,259,849
3219,55,3234,259,849
3220,55,3234,259,849
3221,55,3234,259,849
3222,55,3234,259,849
3216,55,3235,259,849
3217,55,3235,259,849
3218,55,3235,259,849
3219,55,3235,259,849
3220,55,3235,259,849
3221,55,3235,259,849
3222,55,3235,259,849
3225,55,3235,259,849
3216,55,3236,259,849
3217,55,3236,259,849
3218,55,3236,259,849
3219,55,3236,259,849
3220,55,3236,259,849
3221,55,3236,259,849
3222,55,3236,259,849
3223,55,3236,259,849
3224,55,3236,259,849
3225,55,3236,259,849
3226,55,3236,259,849
3216,55,3237,259,849
3217,55,3237,259,849
3218,55,3237,259,849
3219,55,3237,259,849
3220,55,3237,259,256
3221,55,3237,259,256
3222,55,3237,259,256
3223,55,3237,259,849
3224,55,3237,259,256
3225,55,3237,259,256
3226,55,3237,259,256
3216,55,3238,259,849
3217,55,3238,259,849
3218,55,3238,259,849
3219,55,3238,259,256
3220,55,3238,259,256
3221,55,3238,259,256
3222,55,3238,259,256
3223,55,3238,259,256
3224,55,3238,259,256
3225,55,3238,259,256
3216,55,3239,259,849
3217,55,3239,259,849
3218,55,3239,259,256
3219,55,3239,259,256
3220,55,3239,259,256
3221,55,3239,259,256
3222,55,3239,259,256
3223,55,3239,259,256
3224,55,3239,259,256
3227,55,3239,256,259
3216,55,3240,259,849
3217,55,3240,259,256
3218,55,3240,259,256
3219,55,3240,259,256
3220,55,3240,259,256
3221,55,3240,259,256
3222,55,3240,259,256
3223,55,3240,259,256
3227,55,3240,256,259
3228,55,3240,256,259
3230,55,3240,256,259
3218,55,3241,259,256
3219,55,3241,259,256
3220,55,3241,259,256
3221,55,3241,259,256
3222,55,3241,259,256
3228,55,3241,256,259
3229,55,3241,256,259
3219,55,3242,259,256
3220,55,3242,259,256
3221,55,3242,259,256
3222,55,3242,259,256
3223,55,3242,259,256
3227,55,3242,256,259
3228,55,3242,256,259
3220,55,3243,259,256
3221,55,3243,259,256
3222,55,3243,259,256
3223,55,3243,259,256
3226,55,3243,256,259
3227,55,3243,256,259
3219,55,3244,259,256
3220,55,3244,259,256
3221,55,3244,259,256
3222,55,3244,259,256
3223,55,3244,259,849
3224,55,3244,849,259
3225,55,3244,849,259
3226,55,3244,849,259
3218,55,3245,259,256
3219,55,3245,259,256
3220,55,3245,259,256
3221,55,3245,259,256
3222,55,3245,259,849
3225,55,3245,849,259
3219,55,3246,259,256
3220,55,3246,259,256
3221,55,3246,259,849
3226,55,3246,849,259
3220,55,3247,259,849
3227,55,3247,849,259
3220,56,3232,259,849
3221,56,3233,259,849
3218,56,3234,259,849
3219,56,3234,259,849
3220,56,3234,259,849
3221,56,3234,259,849
3222,56,3234,259,849
3225,56,3234,259,849
3216,56,3235,259,849
3217,56,3235,259,849
3218,56,3235,259,849
3219,56,3235,259,849
3220,56,3235,259,849
3221,56,3235,259,849
3222,56,3235,259,849
3224,56,3235,259,849
3225,56,3235,259,849
3226,56,3235,259,849
3216,56,3236,259,849
3217,56,3236,259,849
3218,56,3236,259,849
3219,56,3236,259,849
3220,56,3236,259,849
3221,56,3236,259,849
3222,56,3236,259,849
3223,56,3236,259,849
3224,56,3236,259,256
3225,56,3236,259,849
3226,56,3236,259,849
3227,56,3236,259,849
3216,56,3237,259,849
3217,56,3237,259,849
3218,56,3237,259,849
3219,56,3237,259,256
3220,56,3237,259,256
3221,56,3237,259,256
3222,56,3237,259,256
3223,56,3237,259,256
3224,56,3237,259,256
3225,56,3237,259,256
3216,56,3238,259,849
3217,56,3238,259,849
3218,56,3238,259,256
3219,56,3238,259,256
3220,56,3238,259,256
3221,56,3238,259,256
3222,56,3238,259,256
3223,56,3238,259,256
3224,56,3238,259,256
3216,56,3239,259,849
3217,56,3239,259,256
3218,56,3239,259,256
3219,56,3239,259,256
3220,56,3239,259,256
3221,56,3239,259,256
3222,56,3239,259,256
3223,56,3239,259,256
3227,56,3239,256,259
3228,56,3239,256,259
3230,56,3239,256,259
3216,56,3240,259,256
3217,56,3240,259,256
3218,56,3240,259,256
3219,56,3240,259,256
3220,56,3240,259,256
3221,56,3240,259,256
3222,56,3240,259,256
3223,56,3240,259,256
3227,56,3240,256,259
3228,56,3240,256,259
3229,56,3240,256,259
3217,56,3241,259,256
3218,56,3241,259,256
3219,56,3241,259,256
3220,56,3241,259,256
3221,56,3241,259,256
3222,56,3241,259,256
3223,56,3241,259,256
3227,56,3241,256,259
3228,56,3241,256,259
3218,56,3242,259,256
3219,56,3242,259,256
3220,56,3242,259,256
3221,56,3242,259,256
3222,56,3242,259,256
3223,56,3242,259,256
3226,56,3242,256,259
3219,56,3243,259,256
3220,56,3243,259,256
3221,56,3243,259,256
3222,56,3243,259,256
3223,56,3243,259,256
3224,56,3243,256,259
3225,56,3243,256,259
3226,56,3243,256,259
3218,56,3244,259,256
3219,56,3244,259,256
3220,56,3244,259,256
3221,56,3244,259,256
3222,56,3244,259,849
3224,56,3244,849,259
3225,56,3244,849,259
3217,56,3245,259,256
3218,56,3245,259,256
3219,56,3245,259,256
3220,56,3245,259,256
3221,56,3245,259,849
3224,56,3245,849,259
3225,56,3245,849,259
3216,56,3246,259,45
3217,56,3246,259,256
3220,56,3246,259,849
3225,56,3246,849,259
3226,56,3247,849,259
3220,57,3233,259,849
3219,57,3234,259,849
3220,57,3234,259,849
3221,57,3234,259,849
3217,57,3235,259,849
3218,57,3235,259,849
3219,57,3235,259,849
3220,57,3235,259,849
3221,57,3235,259,849
3224,57,3235,259,256
3225,57,3235,259,849
3227,57,3235,259,849
3216,57,3236,259,849
3217,57,3236,259,849
3218,57,3236,259,849
3219,57,3236,259,849
3221,57,3236,259,849
3222,57,3236,259,849
3223,57,3236,259,256
3224,57,3236,259,256
3225,57,3236,259,256
3226,57,3236,259,849
3227,57,3236,259,849
3228,57,3236,259,849
3216,57,3237,259,849
3217,57,3237,259,849
3218,57,3237,259,256
3222,57,3237,259,256
3223,57,3237,259,256
3224,57,3237,259,256
3216,57,3238,259,849
3217,57,3238,259,256
3223,57,3238,259,256
3229,57,3238,256,259
3230,57,3238,256,259
3216,57,3239,259,256
3228,57,3239,256,259
3229,57,3239,256,259
3230,57,3239,256,259
3227,57,3240,256,259
3228,57,3240,256,259
3229,57,3240,256,259
3230,57,3240,256,259
3216,57,3241,259,256
3226,57,3241,256,259
3228,57,3241,256,259
3229,57,3241,256,259
3217,57,3242,259,256
3223,57,3242,259,256
3218,57,3243,259,256
3222,57,3243,259,256
3217,57,3244,259,256
3218,57,3244,259,256
3219,57,3244,259,256
3221,57,3244,259,256
3216,57,3245,259,256
3217,57,3245,259,256
3218,57,3245,259,256
3219,57,3245,259,256
3220,57,3245,259,849
3217,57,3246,259,256
3218,57,3246,259,256
3226,57,3247,849,259
3227,57,3247,849,259
3220,58,3234,259,849
3227,58,3234,259,849
3218,58,3235,259,849
3225,58,3235,259,256
3226,58,3235,259,849
3227,58,3235,259,849
3228,58,3235,259,849
3217,58,3236,259,849
3222,58,3236,259,256
3223,58,3236,259,256
3224,58,3236,259,256
3225,58,3236,259,256
3226,58,3236,259,256
3227,58,3236,259,849
3228,58,3236,259,256
3229,58,3236,259,256
3216,58,3237,259,849
3223,58,3237,259,256
3224,58,3237,259,256
3225,58,3237,259,256
3229,58,3237,259,256
3230,58,3237,259,256
3216,58,3238,259,256
3224,58,3238,259,256
3229,58,3239,256,259
3230,58,3239,256,259
3228,58,3240,256,259
3229,58,3240,256,259
3230,58,3240,256,259
3229,58,3241,256,259
3230,58,3241,256,259
3216,58,3242,259,256
3216,58,3243,259,256
3217,58,3243,259,256
3216,58,3244,259,256
3217,58,3244,259,256
3218,58,3244,259,256
3217,58,3245,259,256
3218,58,3245,259,256
3219,58,3245,259,256
3218,58,3246,259,256
3219,58,3246,259,256
3227,58,3247,849,259
3228,58,3247,849,259
3219,59,3232,849,259
3227,59,3234,259,849
3228,59,3234,259,849
3226,59,3235,259,256
3227,59,3235,259,849
3228,59,3235,259,256
3229,59,3235,259,256
3223,59,3236,259,256
3224,59,3236,259,256
3225,59,3236,259,256
3226,59,3236,259,256
3227,59,3236,259,256
3228,59,3236,259,256
3229,59,3236,259,256
3230,59,3236,259,256
3224,59,3237,259,256
3225,59,3237,259,256
3226,59,3237,259,256
3228,59,3237,259,256
3229,59,3237,259,256
3230,59,3237,259,256
3231,59,3237,259,256
3225,59,3238,259,256
3229,59,3238,259,256
3230,59,3238,259,256
3229,59,3240,256,259
3230,59,3240,256,259
3230,59,3241,256,259
3216,59,3243,259,256
3217,59,3244,259,256
3218,59,3245,259,256
3220,59,3245,256,259
3220,59,3246,256,259
3228,60,3234,259,256
3229,60,3234,259,256
3227,60,3235,259,256
3228,60,3235,259,256
3229,60,3235,259,256
3230,60,3235,259,256
3224,60,3236,259,256
3225,60,3236,259,256
3226,60,3236,259,256
3227,60,3236,259,256
3228,60,3236,259,256
3229,60,3236,259,256
3230,60,3236,259,256
3231,60,3236,259,256
3225,60,3237,259,256
3226,60,3237,259,256
3227,60,3237,259,256
3228,60,3237,259,256
3229,60,3237,259,256
3230,60,3237,259,256
3231,60,3237,259,256
3226,60,3238,259,256
3228,60,3238,259,256
3229,60,3238,259,256
3230,60,3238,259,256
3231,60,3238,259,256
3229,60,3239,259,256
3230,60,3239,259,256
3220,60,3246,256,259
3228,61,3234,259,256
3227,61,3235,259,256
3228,61,3235,259,256
3229,61,3235,259,256
3224,61,3236,259,256
3225,61,3236,259,256
3226,61,3236,259,256
3227,61,3236,259,256
3228,61,3236,259,256
3229,61,3236,259,256
3230,61,3236,259,256
3224,61,3237,259,256
3225,61,3237,259,256
3226,61,3237,259,256
3227,61,3237,259,256
3228,61,3237,259,256
3229,61,3237,259,256
3230,61,3237,259,256
3231,61,3237,259,256
3225,61,3238,259,256
3226,61,3238,259,256
3227,61,3238,259,256
3228,61,3238,259,256
3229,61,3238,259,256
3230,61,3238,259,256
3226,61,3239,259,256
3228,61,3239,259,256
3229,61,3239,259,256
3229,61,3240,259,256
3230,61,3240,259,256
3230,61,3241,259,256
3216,61,3243,259,256
3230,61,3243,259,256
3217,61,3244,259,256
3231,61,3244,256,849
3218,61,3245,259,256
3219,61,3246,259,256
3228,62,3235,259,256
3224,62,3236,259,256
3225,62,3236,259,256
3227,62,3236,259,256
3228,62,3236,259,256
3229,62,3236,259,256
3224,62,3237,259,256
3225,62,3237,259,256
3226,62,3237,259,256
3227,62,3237,259,256
3228,62,3237,259,256
3229,62,3237,259,256
3230,62,3237,259,256
3224,62,3238,259,256
3225,62,3238,259,256
3226,62,3238,259,256
3227,62,3238,259,256
3228,62,3238,259,256
3229,62,3238,259,256
3225,62,3239,259,256
3226,62,3239,259,256
3227,62,3239,259,256
3228,62,3239,259,256
3229,62,3239,259,256
3230,62,3239,259,256
3228,62,3240,259,256
3229,62,3240,259,256
3230,62,3240,259,256
3229,62,3241,259,256
3230,62,3241,259,256
3216,62,3242,259,256
3230,62,3242,259,256
3229,62,3243,259,256
3230,62,3243,259,256
3216,62,3244,259,256
3230,62,3244,259,849
3219,62,3247,256,849
3224,63,3236,259,256
3228,63,3236,259,256
3224,63,3237,259,256
3225,63,3237,259,256
3226,63,3237,259,256
3227,63,3237,259,256
3228,63,3237,259,256
3229,63,3237,259,256
3223,63,3238,259,256
3224,63,3238,259,256
3225,63,3238,259,256
3226,63,3238,259,256
3227,63,3238,259,256
3228,63,3238,259,256
3229,63,3238,259,256
3230,63,3238,259,256
3224,63,3239,259,256
3225,63,3239,259,256
3227,63,3239,259,256
3228,63,3239,259,256
3229,63,3239,259,256
3230,63,3239,259,256
3228,63,3240,259,256
3229,63,3240,259,256
3230,63,3240,259,256
3228,63,3241,259,256
3229,63,3241,259,256
3230,63,3241,259,256
3229,63,3242,259,256
3230,63,3242,259,256
3230,63,3243,259,256
3216,63,3245,259,256
3231,63,3245,849,259
3217,63,3246,259,256
3218,63,3247,259,849
3224,63,3247,256,849
3223,64,3237,259,256
3224,64,3237,259,256
3225,64,3237,259,256
3226,64,3237,259,256
3227,64,3237,259,256
3228,64,3237,259,256
3224,64,3238,259,256
3225,64,3238,259,256
3227,64,3238,259,256
3228,64,3238,259,256
3229,64,3238,259,256
3228,64,3239,259,256
3229,64,3239,259,256
3230,64,3239,259,256
3216,64,3240,259,256
3229,64,3240,259,256
3230,64,3240,259,256
3229,64,3241,259,256
3230,64,3241,259,256
3230,64,3242,259,256
3231,64,3244,849,259
3231,64,3245,849,259
3216,64,3246,259,256
3230,64,3246,849,259
3231,64,3246,849,259
3217,64,3247,259,849
3225,64,3247,849,259
3229,64,3247,849,259
3230,64,3247,849,259
3231,65,3235,259,256
3230,65,3236,259,256
3231,65,3236,259,256
3224,65,3237,259,256
3225,65,3237,259,256
3227,65,3237,259,256
3231,65,3237,259,256
3224,65,3238,259,256
3228,65,3238,259,256
3224,65,3239,256,259
3229,65,3239,259,256
3230,65,3240,259,256
3216,65,3241,259,256
3230,65,3241,259,256
3231,65,3243,256,259
3231,65,3244,849,259
3216,65,3245,259,256
3230,65,3245,849,259
3231,65,3245,849,259
3216,65,3246,259,256
3217,65,3246,259,256
3225,65,3246,849,259
3229,65,3246,849,259
3230,65,3246,849,259
3231,65,3246,849,259
3216,65,3247,259,256
3217,65,3247,259,849
3218,65,3247,259,849
3224,65,3247,849,259
3225,65,3247,849,259
3226,65,3247,849,259
3228,65,3247,849,259
3229,65,3247,849,259
3230,65,3247,849,259
3231,65,3247,849,259
3219,66,3233,259,256
3220,66,3233,259,256
3220,66,3234,259,256
3231,66,3234,259,256
3230,66,3235,259,256
3231,66,3235,259,256
3229,66,3236,259,256
3230,66,3236,259,256
3231,66,3236,259,256
3227,66,3237,256,259
3230,66,3237,259,256
3231,66,3237,259,256
3224,66,3238,256,259
3226,66,3238,256,259
3228,66,3238,256,259
3231,66,3238,259,256
3223,66,3239,256,259
3224,66,3239,256,259
3225,66,3239,256,259
3229,66,3239,256,259
3224,66,3240,256,259
3230,66,3240,256,259
3216,66,3242,259,256
3231,66,3242,256,259
3216,66,3243,259,849
3231,66,3243,256,259
3216,66,3244,259,256
3230,66,3244,849,259
3231,66,3244,849,259
3216,66,3245,259,256
3217,66,3245,259,256
3225,66,3245,256,259
3229,66,3245,849,259
3230,66,3245,849,259
3231,66,3245,849,259
3216,66,3246,259,256
3217,66,3246,259,256
3218,66,3246,259,256
3224,66,3246,256,259
3225,66,3246,256,259
3226,66,3246,849,259
3228,66,3246,849,259
3229,66,3246,849,259
3230,66,3246,849,259
3231,66,3246,849,259
3216,66,3247,259,256
3217,66,3247,259,256
3218,66,3247,259,849
3224,66,3247,256,259
3225,66,3247,849,259
3226,66,3247,849,259
3227,66,3247,849,259
3228,66,3247,849,259
3229,66,3247,849,259
3230,66,3247,849,259
3231,66,3247,849,259
3220,67,3233,259,256
3231,67,3233,259,256
3230,67,3234,259,256
3231,67,3234,259,256
3229,67,3235,259,256
3230,67,3235,259,256
3231,67,3235,259,256
3228,67,3236,259,256
3229,67,3236,259,256
3230,67,3236,259,256
3231,67,3236,259,256
3226,67,3237,256,259
3227,67,3237,256,259
3228,67,3237,256,259
3229,67,3237,259,256
3230,67,3237,259,256
3231,67,3237,259,256
3225,67,3238,256,259
3226,67,3238,256,259
3227,67,3238,256,259
3228,67,3238,256,259
3229,67,3238,256,259
3230,67,3238,259,256
3231,67,3238,259,256
3224,67,3239,256,259
3225,67,3239,256,259
3226,67,3239,256,259
3228,67,3239,256,259
3229,67,3239,256,259
3230,67,3239,256,259
3231,67,3239,259,256
3223,67,3240,256,259
3224,67,3240,256,259
3225,67,3240,256,259
3229,67,3240,256,259
3230,67,3240,256,259
3231,67,3240,256,259
3224,67,3241,256,259
3230,67,3241,256,259
3216,67,3242,259,849
3217,67,3243,259,849
3230,67,3243,256,259
3231,67,3243,256,259
3216,67,3244,259,849
3217,67,3244,259,256
3225,67,3244,256,259
3229,67,3244,256,259
3230,67,3244,849,259
3231,67,3244,256,259
3216,67,3245,259,256
3217,67,3245,259,256
3218,67,3245,259,256
3224,67,3245,256,259
3225,67,3245,256,259
3226,67,3245,256,259
3228,67,3245,256,259
3229,67,3245,849,259
3230,67,3245,849,259
3231,67,3245,849,259
3216,67,3246,259,256
3217,67,3246,259,256
3218,67,3246,259,256
3224,67,3246,256,259
3225,67,3246,256,259
3226,67,3246,256,259
3227,67,3246,256,259
3228,67,3246,849,259
3229,67,3246,849,259
3230,67,3246,849,259
3231,67,3246,849,259
3216,67,3247,259,256
3217,67,3247,259,256
3225,67,3247,256,259
3226,67,3247,849,259
3227,67,3247,849,259
3228,67,3247,849,259
3229,67,3247,849,259
3230,67,3247,849,259
3231,67,3247,849,259
3230,68,3233,259,256
3231,68,3233,259,256
3229,68,3234,259,256
3230,68,3234,259,256
3231,68,3234,259,256
3228,68,3235,259,256
3229,68,3235,259,256
3230,68,3235,259,256
3231,68,3235,259,256
3229,68,3236,259,256
3230,68,3236,259,256
3231,68,3236,259,256
3227,68,3237,256,259
3230,68,3237,259,256
3231,68,3237,259,256
3226,68,3238,256,259
3227,68,3238,256,259
3228,68,3238,256,259
3231,68,3238,259,256
3225,68,3239,256,259
3226,68,3239,256,259
3227,68,3239,256,259
3228,68,3239,256,259
3229,68,3239,256,259
3224,68,3240,256,259
3225,68,3240,256,259
3226,68,3240,256,259
3228,68,3240,256,259
3229,68,3240,256,259
3230,68,3240,256,259
3231,68,3240,256,259
3225,68,3241,256,259
3229,68,3241,256,259
3230,68,3241,256,259
3231,68,3241,256,259
3224,68,3242,256,259
3230,68,3242,256,259
3225,68,3243,256,259
3229,68,3243,256,259
3230,68,3243,256,259
3217,68,3244,259,256
3224,68,3244,256,259
3225,68,3244,256,259
3226,68,3244,256,259
3228,68,3244,256,259
3229,68,3244,256,259
3230,68,3244,256,259
3231,68,3244,256,259
3216,68,3245,259,256
3217,68,3245,259,256
3218,68,3245,259,256
3224,68,3245,256,259
3225,68,3245,256,259
3226,68,3245,256,259
3227,68,3245,256,259
3228,68,3245,256,259
3229,68,3245,256,259
3230,68,3245,849,259
3231,68,3245,256,259
3216,68,3246,259,256
3217,68,3246,259,256
3225,68,3246,256,259
3226,68,3246,256,259
3227,68,3246,256,259
3228,68,3246,256,259
3229,68,3246,849,259
3230,68,3246,849,259
3231,68,3246,849,259
3216,68,3247,259,256
3226,68,3247,256,259
3227,68,3247,256,259
3228,68,3247,849,259
3229,68,3247,849,259
3230,68,3247,849,259
3231,69,3236,259,256
3228,69,3237,256,259
3231,69,3237,259,256
3227,69,3238,256,259
3228,69,3238,256,259
3229,69,3238,256,259
3226,69,3239,256,259
3227,69,3239,256,259
3228,69,3239,256,259
3229,69,3239,256,259
3230,69,3239,256,259
3225,69,3240,256,259
3226,69,3240,256,259
3227,69,3240,256,259
3228,69,3240,256,259
3229,69,3240,256,259
3230,69,3240,256,259
3231,69,3240,256,259
3226,69,3241,256,259
3228,69,3241,256,259
3229,69,3241,256,259
3230,69,3241,256,259
3231,69,3241,256,259
3225,69,3242,256,259
3229,69,3242,256,259
3230,69,3242,256,259
3231,69,3242,256,259
3224,69,3243,256,259
3225,69,3243,256,259
3226,69,3243,256,259
3228,69,3243,256,259
3229,69,3243,256,259
3230,69,3243,256,259
3224,69,3244,256,259
3225,69,3244,256,259
3226,69,3244,256,259
3227,69,3244,256,259
3228,69,3244,256,259
3229,69,3244,256,259
3230,69,3244,256,259
3217,69,3245,259,256
3225,69,3245,256,259
3226,69,3245,256,259
3227,69,3245,256,259
3228,69,3245,256,259
3229,69,3245,256,259
3230,69,3245,256,259
3231,69,3245,256,259
3216,69,3246,259,256
3217,69,3246,259,256
3218,69,3246,259,256
3226,69,3246,256,259
3227,69,3246,256,259
3228,69,3246,256,259
3229,69,3246,256,259
3230,69,3246,849,259
3216,69,3247,259,256
3217,69,3247,259,256
3227,69,3247,256,259
3228,69,3247,256,259
3229,69,3247,849,259
3231,69,3247,849,259
3231,70,3237,259,256
3228,70,3238,256,259
3230,70,3238,256,259
3231,70,3238,259,256
3229,70,3239,256,259
3230,70,3239,256,259
3231,70,3239,256,259
3230,70,3240,256,259
3231,70,3240,256,259
3231,70,3241,256,259
3223,70,3245,259,256
3229,70,3245,256,259
3230,70,3245,256,259
3217,70,3246,259,256
3228,70,3246,256,259
3229,70,3246,256,259
3230,70,3246,256,259
3231,70,3246,256,259
3216,70,3247,259,256
3217,70,3247,259,256
3218,70,3247,259,256
3227,70,3247,256,259
3228,70,3247,256,259
3229,70,3247,256,259
3230,70,3247,849,259
3231,70,3247,256,259
3230,71,3239,256,259
3231,71,3240,256,259
3230,71,3245,256,259
3231,71,3245,256,259
3229,71,3246,256,259
3230,71,3246,256,259
3231,71,3246,256,259
3217,71,3247,259,256
3227,71,3247,256,259
3228,71,3247,256,259
3229,71,3247,256,259
3230,71,3247,256,259
3231,71,3247,256,259
3231,72,3239,256,259
3230,72,3246,256,259
3231,72,3246,256,259
3220,72,3247,259,256
3227,72,3247,256,259
3228,72,3247,256,259
3229,72,3247,256,259
3230,72,3247,256,259
3231,72,3247,256,259
3231,73,3238,256,259
3227,73,3247,256,259
3228,73,3247,256,259
3229,73,3247,256,259
3230,73,3247,256,259
3231,73,3247,256,259
3222,74,3232,256,259
3231,74,3239,256,259
3231,74,3245,256,259
3227,74,3247,256,259
3228,74,3247,256,259
3229,74,3247,256,259
3230,74,3247,256,259
3222,75,3232,256,259
3223,75,3232,256,259
3221,75,3233,256,259
3222,75,3233,256,259
3222,75,3240,256,849
3223,75,3240,256,849
3231,75,3240,256,259
3221,75,3241,256,849
3222,75,3241,259,849
3221,75,3242,259,256
3221,75,3243,259,256
3220,75,3244,259,45
3231,75,3244,256,259
3219,75,3245,259,256
3230,75,3245,256,259
3231,75,3245,256,259
3219,75,3246,259,256
3221,76,3233,256,259
3221,76,3234,256,259
3222,76,3234,256,259
3221,76,3237,256,259
3221,76,3238,256,259
3222,76,3240,259,849
3222,76,3241,259,849
3223,76,3241,259,849
3231,76,3241,256,259
3221,76,3242,259,849
3222,76,3242,259,849
3220,76,3243,259,256
3231,76,3243,256,259
3219,76,3244,259,256
3230,76,3244,256,259
3231,76,3244,256,259
3219,76,3245,259,256
3229,76,3245,256,259
3230,76,3245,256,259
3231,76,3245,256,259
3219,76,3246,259,256
3219,76,3247,259,256
3221,77,3234,256,259
3221,77,3235,256,259
3222,77,3235,256,259
3221,77,3236,256,259
3221,77,3237,256,259
3222,77,3237,256,259
3222,77,3241,259,849
3222,77,3242,259,849
3223,77,3242,259,849
3231,77,3242,256,259
3230,77,3243,256,259
3231,77,3243,256,259
3229,77,3244,256,259
3230,77,3244,256,259
3231,77,3244,256,259
3219,77,3245,259,256
3226,77,3245,256,259
3230,77,3245,256,259
3231,77,3245,256,259
3219,77,3246,259,256
3226,77,3246,256,259
3229,78,3232,259,849
3221,78,3235,256,259
3221,78,3236,256,259
3222,78,3236,256,259
3222,78,3242,259,849
3231,78,3243,256,259
3230,78,3244,256,259
3231,78,3244,256,259
3231,78,3245,256,259
3226,78,3246,256,259
3226,78,3247,256,259
3229,79,3232,259,849
3230,79,3232,259,849
3231,79,3232,256,849
3228,79,3233,256,259
3229,79,3233,256,259
3230,79,3233,256,849
3231,79,3236,259,256
3222,79,3237,849,259
3222,79,3241,259,849
3222,79,3242,259,849
3223,79,3242,259,849
3231,79,3242,256,259
3230,79,3243,256,259
3231,79,3243,256,259
3231,79,3244,256,259
3226,79,3245,256,259
3226,79,3246,256,259
3226,79,3247,256,259
3230,80,3232,256,849
3231,80,3235,259,256
3230,80,3236,259,256
3231,80,3236,259,256
3231,80,3237,259,256
3222,80,3238,849,259
3223,80,3241,259,849
3231,80,3241,849,259
3222,80,3242,259,849
3223,80,3242,259,849
3224,80,3242,259,849
3230,80,3242,849,259
3231,80,3242,849,259
3222,80,3243,259,849
3224,80,3243,259,849
3225,80,3243,259,849
3229,80,3243,849,256
3230,80,3243,849,256
3231,80,3243,849,259
3221,80,3244,259,849
3225,80,3244,259,849
3228,80,3244,849,256
3229,80,3244,849,256
3230,80,3244,849,256
3231,80,3244,849,256
3220,80,3245,259,849
3226,80,3245,256,849
3228,80,3245,849,256
3229,80,3245,849,256
3230,80,3245,849,256
3219,80,3246,259,256
3229,80,3246,849,256
3219,80,3247,259,256
3226,80,3247,256,259
3229,81,3232,259,256
3230,81,3232,259,256
3227,81,3234,259,256
3231,81,3234,259,256
3226,81,3235,259,256
3230,81,3235,259,256
3231,81,3235,259,256
3229,81,3236,259,256
3230,81,3236,259,256
3231,81,3236,259,256
3230,81,3237,259,256
3231,81,3237,259,849
3231,81,3238,259,256
3222,81,3239,849,259
3222,81,3240,849,259
3223,81,3240,849,259
3231,81,3240,849,256
3223,81,3241,849,259
3230,81,3241,849,256
3231,81,3241,849,256
3229,81,3242,849,256
3230,81,3242,849,256
3231,81,3242,849,256
3228,81,3243,849,256
3229,81,3243,849,256
3230,81,3243,849,256
3231,81,3243,849,256
3220,81,3244,259,849
3227,81,3244,849,256
3228,81,3244,849,256
3229,81,3244,849,256
3230,81,3244,849,256
3231,81,3244,849,256
3219,81,3245,259,256
3227,81,3245,849,256
3228,81,3245,849,256
3229,81,3245,849,256
3230,81,3245,849,256
3231,81,3245,849,256
3228,81,3246,849,256
3229,81,3246,849,256
3230,81,3246,849,256
3229,81,3247,849,256
3231,82,3233,259,256
3218,82,3234,849,259
3230,82,3234,259,256
3231,82,3234,259,849
3217,82,3235,849,259
3218,82,3235,849,259
3219,82,3235,849,259
3229,82,3235,259,256
3230,82,3235,259,256
3231,82,3235,259,256
3219,82,3236,849,259
3220,82,3236,256,259
3228,82,3236,259,256
3229,82,3236,849,256
3230,82,3236,259,256
3231,82,3236,259,849
3220,82,3237,256,259
3221,82,3237,849,259
3225,82,3237,849,259
3229,82,3237,849,256
3230,82,3237,259,849
3231,82,3237,259,849
3221,82,3238,849,259
3222,82,3238,849,259
3224,82,3238,849,259
3230,82,3238,259,256
3231,82,3238,259,849
3222,82,3239,849,259
3223,82,3239,849,259
3231,82,3239,259,256
3222,82,3240,849,259
3223,82,3240,849,259
3224,82,3240,849,259
3230,82,3240,259,256
3231,82,3240,259,256
3222,82,3241,849,259
3224,82,3241,849,259
3229,82,3241,849,256
3230,82,3241,259,256
3231,82,3241,849,256
3221,82,3242,849,259
3228,82,3242,849,256
3229,82,3242,849,256
3230,82,3242,849,256
3231,82,3242,849,256
3220,82,3243,849,259
3227,82,3243,849,256
3228,82,3243,849,256
3229,82,3243,849,256
3230,82,3243,849,256
3231,82,3243,849,256
3227,82,3244,849,256
3228,82,3244,849,256
3229,82,3244,849,256
3230,82,3244,849,256
3231,82,3244,849,256
3228,82,3245,849,256
3229,82,3245,849,256
3230,82,3245,849,256
3231,82,3245,849,256
3229,82,3246,849,256
3230,82,3246,849,256
3231,82,3246,849,256
3228,82,3247,849,256
3229,82,3247,849,256
3230,82,3247,849,256
3216,83,3232,849,259
3217,83,3232,849,259
3216,83,3233,849,259
3217,83,3233,849,259
3218,83,3233,849,256
3216,83,3234,849,259
3217,83,3234,849,256
3218,83,3234,849,259
3219,83,3234,849,259
3231,83,3234,259,849
3216,83,3235,849,256
3217,83,3235,849,259
3218,83,3235,849,259
3219,83,3235,849,259
3220,83,3235,849,259
3226,83,3235,256,259
3230,83,3235,259,256
3231,83,3235,259,849
3219,83,3236,849,259
3220,83,3236,849,259
3221,83,3236,256,259
3225,83,3236,256,259
3226,83,3236,256,259
3227,83,3236,259,256
3229,83,3236,849,256
3230,83,3236,259,849
3231,83,3236,259,849
3217,83,3237,849,259
3219,83,3237,849,259
3220,83,3237,256,259
3221,83,3237,256,259
3222,83,3237,849,259
3224,83,3237,849,259
3225,83,3237,256,259
3228,83,3237,849,256
3229,83,3237,259,849
3230,83,3237,259,849
3231,83,3237,259,849
3220,83,3238,256,259
3221,83,3238,849,259
3222,83,3238,849,259
3223,83,3238,849,259
3224,83,3238,849,259
3225,83,3238,849,259
3229,83,3238,259,256
3230,83,3238,259,849
3231,83,3238,259,849
3221,83,3239,849,259
3222,83,3239,849,259
3223,83,3239,849,259
3224,83,3239,849,259
3230,83,3239,259,256
3231,83,3239,259,849
3222,83,3240,849,259
3224,83,3240,849,259
3229,83,3240,259,256
3230,83,3240,259,256
3231,83,3240,259,256
3221,83,3241,849,259
3228,83,3241,849,256
3229,83,3241,259,256
3230,83,3241,259,256
3231,83,3241,259,256
3220,83,3242,849,259
3227,83,3242,849,256
3228,83,3242,849,256
3229,83,3242,849,256
3230,83,3242,259,256
3231,83,3242,849,256
3227,83,3243,849,256
3228,83,3243,849,256
3229,83,3243,849,256
3230,83,3243,849,256
3231,83,3243,849,256
3228,83,3244,849,256
3229,83,3244,849,256
3230,83,3244,849,256
3231,83,3244,849,256
3229,83,3245,849,256
3230,83,3245,849,256
3231,83,3245,849,256
3216,83,3246,849,256
3230,83,3246,849,256
3231,83,3246,849,256
3216,83,3247,849,256
3229,83,3247,849,256
3230,83,3247,849,256
3231,83,3247,849,256
3216,84,3232,849,259
3217,84,3232,849,259
3218,84,3232,849,259
3216,84,3233,849,259
3217,84,3233,849,259
3218,84,3233,849,259
3219,84,3233,849,259
3216,84,3234,849,259
3217,84,3234,849,259
3218,84,3234,849,256
3219,84,3234,849,259
3220,84,3234,849,259
3216,84,3235,849,259
3217,84,3235,849,256
3218,84,3235,849,259
3219,84,3235,849,259
3220,84,3235,849,259
3221,84,3235,849,259
3231,84,3235,259,849
3219,84,3236,849,259
3220,84,3236,849,259
3221,84,3236,849,259
3222,84,3236,256,259
3226,84,3236,256,259
3230,84,3236,259,256
3216,84,3237,849,256
3217,84,3237,849,259
3218,84,3237,849,259
3219,84,3237,849,259
3220,84,3237,849,259
3221,84,3237,256,259
3222,84,3237,256,259
3223,84,3237,849,259
3225,84,3237,256,259
3226,84,3237,256,259
3227,84,3237,259,256
3229,84,3237,259,256
3217,84,3238,849,259
3219,84,3238,849,259
3220,84,3238,256,259
3221,84,3238,256,259
3222,84,3238,849,259
3223,84,3238,849,259
3224,84,3238,849,259
3225,84,3238,256,259
3228,84,3238,259,256
3229,84,3238,259,849
3230,84,3238,259,256
3220,84,3239,256,259
3221,84,3239,849,259
3222,84,3239,849,259
3224,84,3239,849,259
3225,84,3239,849,256
3229,84,3239,259,849
3230,84,3239,259,849
3231,84,3239,259,256
3221,84,3240,849,259
3226,84,3240,849,256
3228,84,3240,259,849
3229,84,3240,259,849
3230,84,3240,259,849
3231,84,3240,259,849
3220,84,3241,849,259
3228,84,3241,259,849
3229,84,3241,259,849
3230,84,3241,259,849
3231,84,3241,259,849
3220,84,3242,849,256
3221,84,3242,849,259
3229,84,3242,259,849
3230,84,3242,259,849
3231,84,3242,259,849
3230,84,3243,259,849
3216,84,3245,849,256
3216,84,3246,849,256
3230,84,3246,849,256
3231,84,3246,849,256
3216,84,3247,849,256
3230,84,3247,849,256
3225,85,3232,259,849
3218,85,3233,849,259
3217,85,3234,849,259
3218,85,3234,849,259
3219,85,3234,849,256
3216,85,3235,849,259
3217,85,3235,849,259
3218,85,3235,849,256
3219,85,3235,849,259
3220,85,3235,849,259
3220,85,3236,849,259
3221,85,3236,256,259
3217,85,3237,849,259
3218,85,3237,849,259
3219,85,3237,849,259
3220,85,3237,256,259
3221,85,3237,256,259
3222,85,3237,256,259
3218,85,3238,849,259
3219,85,3238,256,259
3220,85,3238,256,259
3221,85,3238,256,259
3222,85,3238,256,259
3226,85,3238,259,256
3227,85,3238,259,256
3229,85,3238,259,849
3230,85,3238,259,849
3219,85,3239,256,259
3220,85,3239,256,259
3221,85,3239,256,259
3225,85,3239,259,256
3226,85,3239,259,256
3228,85,3239,259,849
3229,85,3239,259,849
3230,85,3239,259,849
3231,85,3239,259,849
3220,85,3240,256,259
3226,85,3240,259,849
3227,85,3240,259,849
3228,85,3240,259,849
3229,85,3240,259,849
3230,85,3240,259,849
3231,85,3240,259,849
3227,85,3241,259,849
3228,85,3241,259,849
3229,85,3241,259,849
3230,85,3241,259,849
3231,85,3241,259,849
3228,85,3242,259,849
3229,85,3242,259,849
3230,85,3242,259,849
3231,85,3242,259,849
3229,85,3243,259,849
3230,85,3243,259,849
3231,85,3243,259,849
3216,85,3244,849,256
3216,85,3245,849,256
3216,85,3246,849,256
3216,85,3247,849,256
3227,85,3247,256,849
3228,85,3247,256,849
3224,86,3232,259,849
3226,86,3232,259,849
3225,86,3233,259,849
3218,86,3234,849,259
3220,86,3234,259,256
3217,86,3235,849,259
3218,86,3235,849,259
3219,86,3235,849,256
3226,86,3236,259,256
3218,86,3237,849,259
3219,86,3237,256,259
3220,86,3237,256,259
3221,86,3237,256,259
3225,86,3237,259,256
3226,86,3237,259,256
3227,86,3237,259,256
3229,86,3237,259,849
3230,86,3237,259,849
3219,86,3238,256,259
3220,86,3238,256,259
3221,86,3238,256,259
3225,86,3238,259,256
3226,86,3238,259,256
3227,86,3238,259,849
3228,86,3238,259,849
3229,86,3238,259,849
3230,86,3238,259,849
3231,86,3238,259,849
3220,86,3239,256,259
3226,86,3239,259,849
3227,86,3239,259,849
3228,86,3239,259,849
3229,86,3239,259,849
3230,86,3239,259,849
3231,86,3239,259,849
3227,86,3240,259,849
3228,86,3240,259,849
3229,86,3240,259,849
3230,86,3240,259,849
3231,86,3240,259,849
3227,86,3241,259,849
3228,86,3241,259,849
3229,86,3241,259,849
3230,86,3241,259,849
3231,86,3241,259,849
3227,86,3242,259,849
3228,86,3242,259,849
3229,86,3242,259,849
3230,86,3242,259,849
3231,86,3242,259,849
3228,86,3243,259,849
3229,86,3243,259,849
3230,86,3243,259,849
3216,86,3244,849,256
3216,86,3245,849,256
3216,86,3246,849,256
3227,86,3246,256,849
3228,86,3246,256,849
3216,86,3247,849,256
3226,86,3247,256,849
3227,86,3247,256,849
3228,86,3247,256,849
3229,86,3247,256,849
3230,86,3247,256,849
3223,87,3232,259,849
3227,87,3232,259,849
3224,87,3233,259,849
3226,87,3233,259,849
3219,87,3234,849,259
3221,87,3234,259,256
3225,87,3234,259,849
3231,87,3234,849,259
3218,87,3235,849,259
3219,87,3235,849,259
3222,87,3235,259,256
3226,87,3235,259,256
3221,87,3236,256,259
3223,87,3236,259,256
3225,87,3236,259,256
3226,87,3236,259,256
3227,87,3236,259,256
3229,87,3236,259,849
3230,87,3236,259,849
3220,87,3237,256,259
3221,87,3237,256,259
3222,87,3237,256,259
3224,87,3237,259,256
3225,87,3237,259,256
3226,87,3237,259,256
3227,87,3237,259,849
3228,87,3237,259,849
3229,87,3237,259,849
3230,87,3237,259,849
3231,87,3237,259,849
3220,87,3238,256,259
3226,87,3238,259,849
3227,87,3238,259,849
3228,87,3238,259,849
3229,87,3238,259,849
3230,87,3238,259,849
3231,87,3238,259,849
3227,87,3239,259,849
3228,87,3239,259,849
3229,87,3239,259,849
3230,87,3239,259,849
3231,87,3239,259,849
3227,87,3240,259,849
3228,87,3240,259,849
3229,87,3240,259,849
3230,87,3240,259,849
3231,87,3240,259,849
3227,87,3241,259,849
3228,87,3241,259,849
3229,87,3241,259,849
3230,87,3241,259,849
3231,87,3241,259,849
3227,87,3242,259,849
3228,87,3242,259,849
3229,87,3242,259,849
3230,87,3242,259,849
3227,87,3243,259,849
3228,87,3243,259,849
3229,87,3243,259,849
3228,87,3244,256,849
3216,87,3246,849,256
3228,87,3246,256,849
3216,87,3247,849,256
3221,87,3247,256,849
3227,87,3247,256,849
3228,87,3247,256,849
3229,87,3247,256,849
3222,88,3232,259,849
3228,88,3232,259,849
3230,88,3232,849,256
3221,88,3233,259,256
3223,88,3233,259,849
3227,88,3233,259,849
3231,88,3233,849,259
3221,88,3234,259,256
3222,88,3234,259,256
3224,88,3234,259,849
3226,88,3234,259,849
3230,88,3234,849,259
3231,88,3234,849,259
3222,88,3235,259,256
3223,88,3235,259,256
3225,88,3235,259,849
3226,88,3235,259,256
3221,88,3236,256,259
3223,88,3236,259,256
3224,88,3236,259,256
3225,88,3236,259,256
3229,88,3236,259,849
3221,88,3237,256,259
3222,88,3237,256,259
3224,88,3237,259,256
3226,88,3237,259,256
3228,88,3237,259,849
3229,88,3237,259,849
3230,88,3237,259,849
3227,88,3238,259,849
3228,88,3238,259,849
3229,88,3238,259,849
3230,88,3238,259,849
3231,88,3238,259,849
3227,88,3239,259,849
3228,88,3239,259,849
3229,88,3239,259,849
3230,88,3239,259,849
3231,88,3239,259,849
3227,88,3240,259,849
3228,88,3240,259,849
3229,88,3240,259,849
3230,88,3240,259,849
3231,88,3240,259,849
3227,88,3241,259,849
3228,88,3241,259,849
3229,88,3241,259,849
3230,88,3241,259,849
3231,88,3241,259,849
3227,88,3242,259,849
3228,88,3242,259,849
3229,88,3242,259,849
3228,88,3243,259,849
3221,88,3247,256,849
3222,88,3247,256,849
3228,88,3247,256,849
3221,89,3232,259,849
3229,89,3232,256,849
3231,89,3232,849,256
3220,89,3233,259,256
3221,89,3233,259,256
3222,89,3233,259,849
3228,89,3233,259,849
3230,89,3233,849,256
3231,89,3233,849,259
3219,89,3234,259,256
3220,89,3234,259,256
3222,89,3234,259,256
3223,89,3234,259,849
3227,89,3234,256,849
3230,89,3234,849,259
3218,89,3235,259,256
3219,89,3235,259,256
3223,89,3235,259,256
3224,89,3235,259,849
3226,89,3235,256,849
3230,89,3235,259,417
3231,89,3235,259,417
3224,89,3236,259,256
3225,89,3236,256,849
3221,89,3237,256,259
3229,89,3237,259,849
3227,89,3238,259,256
3228,89,3238,259,849
3229,89,3238,259,849
3230,89,3238,259,849
3227,89,3239,259,849
3228,89,3239,259,849
3229,89,3239,259,849
3230,89,3239,259,849
3231,89,3239,259,849
3227,89,3240,259,849
3228,89,3240,259,849
3229,89,3240,259,849
3230,89,3240,259,849
3231,89,3240,259,849
3227,89,3241,259,849
3228,89,3241,259,849
3229,89,3241,259,849
3230,89,3241,259,849
3231,89,3241,259,849
3228,89,3242,259,849
3229,89,3242,259,849
3230,89,3242,259,849
3229,89,3243,259,849
3229,89,3247,256,849
3220,90,3232,259,256
3228,90,3232,849,259
3219,90,3233,259,256
3220,90,3233,259,256
3221,90,3233,256,849
3229,90,3233,256,849
3231,90,3233,849,256
3218,90,3234,259,256
3219,90,3234,259,256
3222,90,3234,256,849
3228,90,3234,256,849
3230,90,3234,849,256
3223,90,3235,256,849
3227,90,3235,256,849
3230,90,3235,259,417
3224,90,3236,256,849
3226,90,3236,256,849
3230,90,3236,259,417
3231,90,3236,259,417
3225,90,3237,256,849
3230,90,3237,259,417
3227,90,3238,259,256
3228,90,3238,259,256
3229,90,3238,259,849
3227,90,3239,259,256
3228,90,3239,259,849
3229,90,3239,259,849
3230,90,3239,259,849
3227,90,3240,259,849
3228,90,3240,259,849
3229,90,3240,259,849
3230,90,3240,259,849
3231,90,3240,259,849
3227,90,3241,256,849
3228,90,3241,259,849
3229,90,3241,259,849
3230,90,3241,259,849
3231,90,3241,259,849
3227,90,3242,256,849
3228,90,3242,256,849
3229,90,3242,259,849
3230,90,3242,259,849
3231,90,3242,259,849
3228,90,3243,256,849
3229,90,3243,256,849
3230,90,3243,259,849
3229,90,3244,256,849
3229,90,3246,256,849
3220,91,3232,259,256
3227,91,3232,849,259
3228,91,3232,849,259
3229,91,3232,849,259
3219,91,3233,259,256
3221,91,3233,849,256
3228,91,3233,849,259
3229,91,3233,849,256
3218,91,3234,259,256
3222,91,3234,849,256
3228,91,3234,849,256
3231,91,3234,849,256
3223,91,3235,849,256
3227,91,3235,849,256
3224,91,3236,849,256
3226,91,3236,849,256
3230,91,3236,259,417
3231,91,3236,256,259
3225,91,3237,849,256
3230,91,3237,259,417
3228,91,3238,259,256
3229,91,3238,259,256
3227,91,3239,259,256
3228,91,3239,259,256
3229,91,3239,259,256
3230,91,3239,259,256
3228,91,3240,259,256
3229,91,3240,259,256
3230,91,3240,259,256
3231,91,3240,259,256
3229,91,3241,259,256
3230,91,3241,259,256
3219,92,3232,259,256
3221,92,3232,849,256
3226,92,3232,849,259
3227,92,3232,849,259
3228,92,3232,849,259
3229,92,3232,849,259
3230,92,3232,256,259
3231,92,3232,259,256
3222,92,3233,849,256
3227,92,3233,849,259
3228,92,3233,849,259
3229,92,3233,256,259
3223,92,3234,849,256
3227,92,3234,849,256
3228,92,3234,256,259
3224,92,3235,849,256
3226,92,3235,849,256
3225,92,3236,849,256
3231,92,3236,256,259
3231,92,3237,256,259
3229,92,3238,259,256
3230,92,3238,259,256
3228,92,3239,259,256
3229,92,3239,259,256
3230,92,3239,259,256
3231,92,3239,259,256
3229,92,3240,259,256
3230,92,3240,259,256
3222,93,3232,849,417
3225,93,3232,849,259
3226,93,3232,849,259
3227,93,3232,849,259
3228,93,3232,849,259
3229,93,3232,256,259
3223,93,3233,849,417
3226,93,3233,849,259
3227,93,3233,849,259
3228,93,3233,256,259
3229,93,3233,256,259
3230,93,3233,256,259
3224,93,3234,849,256
3226,93,3234,849,256
3227,93,3234,256,259
3228,93,3234,256,259
3229,93,3234,256,259
3225,93,3235,849,256
3228,93,3235,256,259
3230,93,3238,259,256
3229,93,3239,259,256
3230,93,3239,259,256
3231,93,3239,259,256
3222,93,3245,256,259
3221,93,3246,849,259
3222,93,3246,849,259
3223,93,3246,256,259
3222,93,3247,849,259
3224,93,3247,256,259
3225,93,3247,256,259
3226,93,3247,256,259
3225,94,3232,849,259
3226,94,3232,849,259
3227,94,3232,849,259
3228,94,3232,256,259
3229,94,3232,256,259
3230,94,3232,849,259
3225,94,3233,849,259
3226,94,3233,849,259
3227,94,3233,256,259
3228,94,3233,256,259
3229,94,3233,256,259
3230,94,3233,256,259
3231,94,3233,256,259
3226,94,3234,849,259
3227,94,3234,849,259
3228,94,3234,256,259
3229,94,3234,256,259
3230,94,3234,256,259
3227,94,3235,256,259
3228,94,3235,256,259
3229,94,3235,256,259
3228,94,3236,256,259
3230,94,3239,259,256
3222,94,3244,256,259
3221,94,3245,256,259
3222,94,3245,256,259
3223,94,3245,256,259
3225,94,3245,256,259
3220,94,3246,256,259
3221,94,3246,849,259
3222,94,3246,256,259
3223,94,3246,256,259
3224,94,3246,256,259
3225,94,3246,256,259
3226,94,3246,256,259
3221,94,3247,849,259
3222,94,3247,849,259
3223,94,3247,256,259
3224,94,3247,256,259
3225,94,3247,256,259
3226,94,3247,256,259
3227,94,3247,256,259
3225,95,3232,849,259
3226,95,3232,849,259
3227,95,3232,256,259
3228,95,3232,256,259
3229,95,3232,849,259
3230,95,3232,849,259
3231,95,3232,849,259
3226,95,3233,849,259
3227,95,3233,849,259
3228,95,3233,256,259
3229,95,3233,256,259
3230,95,3233,849,259
3227,95,3234,849,259
3228,95,3234,256,259
3229,95,3234,256,259
3228,95,3235,256,259
3222,95,3243,256,259
3221,95,3244,256,259
3222,95,3244,256,259
3223,95,3244,256,259
3220,95,3245,256,259
3221,95,3245,256,259
3222,95,3245,256,259
3223,95,3245,256,259
3224,95,3245,256,259
3225,95,3245,256,259
3226,95,3245,256,259
3219,95,3246,256,259
3220,95,3246,256,259
3221,95,3246,256,259
3222,95,3246,256,259
3223,95,3246,256,259
3224,95,3246,256,259
3225,95,3246,256,259
3226,95,3246,256,259
3227,95,3246,256,259
3220,95,3247,256,259
3221,95,3247,849,259
3222,95,3247,256,259
3223,95,3247,256,259
3224,95,3247,256,259
3225,95,3247,256,259
3226,95,3247,256,259
3227,95,3247,256,259
3228,95,3247,256,259
3226,96,3232,849,259
3227,96,3232,849,259
3228,96,3232,256,259
3229,96,3232,256,259
3230,96,3232,849,259
3231,96,3232,256,259
3227,96,3233,849,259
3228,96,3233,256,259
3229,96,3233,256,259
3228,96,3234,256,259
3222,96,3242,256,259
3221,96,3243,256,259
3222,96,3243,256,259
3223,96,3243,256,259
3225,96,3243,256,259
3220,96,3244,256,259
3221,96,3244,256,259
3222,96,3244,256,259
3223,96,3244,256,259
3224,96,3244,256,259
3225,96,3244,256,259
3226,96,3244,256,259
3219,96,3245,256,259
3220,96,3245,256,259
3221,96,3245,256,259
3222,96,3245,256,259
3223,96,3245,256,259
3224,96,3245,256,259
3225,96,3245,849,259
3226,96,3245,256,259
3227,96,3245,256,259
3218,96,3246,256,259
3219,96,3246,256,259
3220,96,3246,256,259
3221,96,3246,256,259
3222,96,3246,256,259
3223,96,3246,256,259
3224,96,3246,849,259
3225,96,3246,849,259
3226,96,3246,849,259
3227,96,3246,256,259
3228,96,3246,256,259
3219,96,3247,256,259
3220,96,3247,256,259
3221,96,3247,256,259
3222,96,3247,256,259
3223,96,3247,849,259
3224,96,3247,849,259
3225,96,3247,849,259
3226,96,3247,849,259
3227,96,3247,849,259
3228,96,3247,256,259
3229,96,3247,256,259
3227,97,3232,849,259
3228,97,3232,256,259
3229,97,3232,256,259
3228,97,3233,256,259
3222,97,3241,256,259
3221,97,3242,256,259
3222,97,3242,256,259
3223,97,3242,256,259
3220,97,3243,256,259
3221,97,3243,256,259
3222,97,3243,256,259
3223,97,3243,256,259
3224,97,3243,256,259
3219,97,3244,256,259
3220,97,3244,256,259
3221,97,3244,256,259
3222,97,3244,256,259
3223,97,3244,256,259
3224,97,3244,256,259
3225,97,3244,849,259
3218,97,3245,256,259
3219,97,3245,256,259
3220,97,3245,256,259
3221,97,3245,256,259
3222,97,3245,256,259
3223,97,3245,256,259
3224,97,3245,849,259
3225,97,3245,849,259
3226,97,3245,849,259
3217,97,3246,256,259
3218,97,3246,256,259
3219,97,3246,256,259
3220,97,3246,256,259
3221,97,3246,256,259
3222,97,3246,256,259
3223,97,3246,849,259
3224,97,3246,849,259
3225,97,3246,849,259
3226,97,3246,849,259
3227,97,3246,849,259
3218,97,3247,256,259
3219,97,3247,256,259
3220,97,3247,256,259
3221,97,3247,256,259
3222,97,3247,849,259
3223,97,3247,849,259
3224,97,3247,849,259
3225,97,3247,849,259
3226,97,3247,849,259
3227,97,3247,849,259
3228,97,3247,849,259
3228,98,3232,256,259
3221,98,3241,256,259
3222,98,3241,256,259
3223,98,3241,256,259
3220,98,3242,256,259
3221,98,3242,256,259
3222,98,3242,256,259
3223,98,3242,256,259
3224,98,3242,256,259
3219,98,3243,256,259
3220,98,3243,256,259
3221,98,3243,256,259
3222,98,3243,256,259
3223,98,3243,256,259
3224,98,3243,256,259
3225,98,3243,849,259
3218,98,3244,256,259
3219,98,3244,256,259
3220,98,3244,256,259
3221,98,3244,256,259
3222,98,3244,256,259
3223,98,3244,256,259
3224,98,3244,849,259
3225,98,3244,849,259
3226,98,3244,849,259
3217,98,3245,256,259
3218,98,3245,256,259
3219,98,3245,256,259
3220,98,3245,256,259
3221,98,3245,256,259
3222,98,3245,256,259
3223,98,3245,849,259
3224,98,3245,849,259
3225,98,3245,849,259
3226,98,3245,849,259
3227,98,3245,849,259
3216,98,3246,256,259
3217,98,3246,256,259
3218,98,3246,256,259
3219,98,3246,256,259
3220,98,3246,256,259
3221,98,3246,256,259
3222,98,3246,849,259
3223,98,3246,849,259
3224,98,3246,849,259
3225,98,3246,849,259
3226,98,3246,849,259
3227,98,3246,849,259
3228,98,3246,849,259
3217,98,3247,256,259
3219,98,3247,256,259
3220,98,3247,256,259
3221,98,3247,849,259
3222,98,3247,849,259
3223,98,3247,849,259
3224,98,3247,849,259
3225,98,3247,849,259
3226,98,3247,849,259
3227,98,3247,849,259
3228,98,3247,849,256
3229,98,3247,849,256
3220,99,3241,256,259
3221,99,3241,256,259
3222,99,3241,256,259
3223,99,3241,256,259
3224,99,3241,256,259
3219,99,3242,256,259
3220,99,3242,256,259
3221,99,3242,256,259
3222,99,3242,256,259
3223,99,3242,256,259
3224,99,3242,256,259
3225,99,3242,849,259
3218,99,3243,256,259
3219,99,3243,256,259
3220,99,3243,256,259
3221,99,3243,256,259
3222,99,3243,256,259
3223,99,3243,256,259
3224,99,3243,849,259
3225,99,3243,849,259
3226,99,3243,849,259
3217,99,3244,256,259
3218,99,3244,256,259
3219,99,3244,256,259
3220,99,3244,256,259
3221,99,3244,256,259
3222,99,3244,256,259
3223,99,3244,849,259
3224,99,3244,849,259
3225,99,3244,849,259
3226,99,3244,849,259
3227,99,3244,849,259
3216,99,3245,256,259
3217,99,3245,256,259
3218,99,3245,256,259
3219,99,3245,256,259
3220,99,3245,256,259
3221,99,3245,256,259
3222,99,3245,849,259
3223,99,3245,849,259
3224,99,3245,849,259
3225,99,3245,849,259
3226,99,3245,849,259
3227,99,3245,849,259
3228,99,3245,849,259
3216,99,3246,256,259
3217,99,3246,256,259
3219,99,3246,256,259
3220,99,3246,256,259
3221,99,3246,849,259
3222,99,3246,849,259
3223,99,3246,849,259
3224,99,3246,849,259
3225,99,3246,849,259
3226,99,3246,849,259
3227,99,3246,849,259
3228,99,3246,849,259
3229,99,3246,849,259
3216,99,3247,256,259
3220,99,3247,256,259
3221,99,3247,849,259
3222,99,3247,849,259
3223,99,3247,849,259
3224,99,3247,849,259
3225,99,3247,849,259
3226,99,3247,849,259
3227,99,3247,849,259
3228,99,3247,849,259
3229,99,3247,849,256
3225,100,3235,259,849
3221,100,3241,256,259
3222,100,3241,256,259
3223,100,3241,256,259
3225,100,3241,849,256
3220,100,3242,256,259
3221,100,3242,256,259
3222,100,3242,256,259
3223,100,3242,256,259
3224,100,3242,849,259
3225,100,3242,849,256
3226,100,3242,849,256
3219,100,3243,256,259
3220,100,3243,256,259
3221,100,3243,256,259
3222,100,3243,256,259
3223,100,3243,849,259
3224,100,3243,849,259
3225,100,3243,849,259
3226,100,3243,849,256
3227,100,3243,849,256
3218,100,3244,256,259
3219,100,3244,256,259
3220,100,3244,256,259
3221,100,3244,256,259
3222,100,3244,849,259
3223,100,3244,849,259
3224,100,3244,849,259
3225,100,3244,849,259
3226,100,3244,849,259
3227,100,3244,849,256
3228,100,3244,849,256
3217,100,3245,256,259
3218,100,3245,256,259
3219,100,3245,256,259
3220,100,3245,256,259
3221,100,3245,849,259
3222,100,3245,849,259
3223,100,3245,849,259
3224,100,3245,849,259
3225,100,3245,849,259
3226,100,3245,849,259
3227,100,3245,849,259
3228,100,3245,849,256
3229,100,3245,849,256
3216,100,3246,256,259
3217,100,3246,256,259
3218,100,3246,256,259
3219,100,3246,256,259
3220,100,3246,256,259
3221,100,3246,849,259
3222,100,3246,849,259
3223,100,3246,849,259
3224,100,3246,849,259
3225,100,3246,849,259
3226,100,3246,849,259
3227,100,3246,849,259
3228,100,3246,849,259
3229,100,3246,849,256
3217,100,3247,256,259
3219,100,3247,256,259
3220,100,3247,256,259
3221,100,3247,849,259
3222,100,3247,849,259
3223,100,3247,849,259
3224,100,3247,849,259
3225,100,3247,849,259
3226,100,3247,849,259
3227,100,3247,849,259
3228,100,3247,849,256
3229,100,3247,849,256
3225,101,3234,259,256
3224,101,3235,259,256
3225,101,3235,259,256
3226,101,3235,259,256
3225,101,3236,259,256
3222,101,3241,256,259
3221,101,3242,256,259
3222,101,3242,256,259
3223,101,3242,256,259
3225,101,3242,849,256
3220,101,3243,256,259
3221,101,3243,256,259
3222,101,3243,256,259
3223,101,3243,256,259
3224,101,3243,849,259
3225,101,3243,849,256
3219,101,3244,256,259
3220,101,3244,256,259
3221,101,3244,256,259
3222,101,3244,256,259
3223,101,3244,849,259
3224,101,3244,849,259
3225,101,3244,849,259
3226,101,3244,849,256
3227,101,3244,849,256
3218,101,3245,256,259
3219,101,3245,256,259
3220,101,3245,256,259
3221,101,3245,256,259
3222,101,3245,849,259
3223,101,3245,849,259
3224,101,3245,849,259
3225,101,3245,849,259
3226,101,3245,849,259
3227,101,3245,849,256
3228,101,3245,849,256
3217,101,3246,256,259
3218,101,3246,256,259
3219,101,3246,256,259
3220,101,3246,256,259
3221,101,3246,849,259
3222,101,3246,849,259
3223,101,3246,849,259
3224,101,3246,849,259
3225,101,3246,849,259
3226,101,3246,849,259
3227,101,3246,849,259
3228,101,3246,849,256
3229,101,3246,849,256
3218,101,3247,256,259
3219,101,3247,256,259
3220,101,3247,256,259
3221,101,3247,849,259
3222,101,3247,849,259
3224,101,3247,849,259
3225,101,3247,849,259
3226,101,3247,849,259
3227,101,3247,849,256
3228,101,3247,849,256
3229,101,3247,849,256
3216,102,3234,256,259
3225,102,3234,259,256
3226,102,3234,259,256
3216,102,3235,256,259
3224,102,3235,259,256
3225,102,3235,259,256
3226,102,3235,259,256
3227,102,3235,259,256
3224,102,3236,259,256
3225,102,3236,259,256
3226,102,3236,259,256
3225,102,3237,259,256
3222,102,3242,256,259
3221,102,3243,256,259
3222,102,3243,256,259
3223,102,3243,256,259
3225,102,3243,849,256
3220,102,3244,256,259
3221,102,3244,256,259
3222,102,3244,256,259
3223,102,3244,256,259
3224,102,3244,849,259
3225,102,3244,849,256
3226,102,3244,849,256
3220,102,3245,256,259
3221,102,3245,256,259
3222,102,3245,256,259
3223,102,3245,849,259
3224,102,3245,849,259
3225,102,3245,849,259
3226,102,3245,849,256
3227,102,3245,849,256
3219,102,3246,256,259
3220,102,3246,256,259
3221,102,3246,256,259
3222,102,3246,849,259
3224,102,3246,849,259
3225,102,3246,849,259
3226,102,3246,849,259
3227,102,3246,849,256
3228,102,3246,849,256
3219,102,3247,256,259
3220,102,3247,256,259
3221,102,3247,849,259
3225,102,3247,849,259
3226,102,3247,849,256
3227,102,3247,849,256
3228,102,3247,849,256
3229,102,3247,849,256
3216,103,3233,256,259
3225,103,3233,259,256
3226,103,3233,259,256
3216,103,3234,256,259
3224,103,3234,259,256
3225,103,3234,259,256
3226,103,3234,259,256
3227,103,3234,259,256
3222,103,3235,259,849
3223,103,3235,259,849
3224,103,3235,259,256
3225,103,3235,259,256
3226,103,3235,259,256
3227,103,3235,259,256
3228,103,3235,259,256
3223,103,3236,259,849
3224,103,3236,259,849
3225,103,3236,259,256
3226,103,3236,259,256
3227,103,3236,259,256
3224,103,3237,259,849
3225,103,3237,259,849
3226,103,3237,259,256
3225,103,3238,259,256
3222,103,3243,256,259
3221,103,3244,256,259
3222,103,3244,256,259
3223,103,3244,256,259
3225,103,3244,849,256
3221,103,3245,256,259
3222,103,3245,256,259
3224,103,3245,849,259
3225,103,3245,849,256
3226,103,3245,849,256
3220,103,3246,256,259
3221,103,3246,256,259
3225,103,3246,849,259
3226,103,3246,849,256
3227,103,3246,849,256
3220,103,3247,256,259
3226,103,3247,849,256
3227,103,3247,849,256
3228,103,3247,849,256
3226,104,3232,259,256
3216,104,3233,256,259
3225,104,3233,259,256
3226,104,3233,259,256
3227,104,3233,259,256
3222,104,3234,259,849
3223,104,3234,259,849
3224,104,3234,259,256
3225,104,3234,259,256
3226,104,3234,259,256
3227,104,3234,259,256
3228,104,3234,259,256
3221,104,3235,259,849
3222,104,3235,259,849
3223,104,3235,259,849
3224,104,3235,259,849
3225,104,3235,259,256
3226,104,3235,259,256
3227,104,3235,259,256
3228,104,3235,259,256
3229,104,3235,259,256
3222,104,3236,259,849
3223,104,3236,259,849
3224,104,3236,259,849
3225,104,3236,259,849
3226,104,3236,259,256
3227,104,3236,259,256
3228,104,3236,259,256
3223,104,3237,259,849
3224,104,3237,259,849
3225,104,3237,259,849
3226,104,3237,259,849
3227,104,3237,259,256
3224,104,3238,259,849
3225,104,3238,259,849
3226,104,3238,259,256
3222,104,3244,256,259
3225,104,3245,849,256
3221,104,3246,417,259
3226,104,3246,849,256
3221,104,3247,417,259
3227,104,3247,849,256
3227,105,3232,259,256
3222,105,3233,259,256
3226,105,3233,259,256
3227,105,3233,259,256
3228,105,3233,259,256
3221,105,3234,259,849
3222,105,3234,259,849
3223,105,3234,259,849
3224,105,3234,259,849
3225,105,3234,259,256
3226,105,3234,259,256
3227,105,3234,259,256
3228,105,3234,259,256
3229,105,3234,259,256
3220,105,3235,259,849
3221,105,3235,259,849
3222,105,3235,259,849
3223,105,3235,259,849
3224,105,3235,259,849
3225,105,3235,259,849
3226,105,3235,259,256
3227,105,3235,259,256
3228,105,3235,259,256
3229,105,3235,259,256
3230,105,3235,259,256
3221,105,3236,259,849
3222,105,3236,259,849
3223,105,3236,259,849
3224,105,3236,259,849
3225,105,3236,259,849
3226,105,3236,259,849
3227,105,3236,259,256
3228,105,3236,259,256
3229,105,3236,259,256
3222,105,3237,259,849
3223,105,3237,259,849
3224,105,3237,259,849
3225,105,3237,259,849
3226,105,3237,259,849
3227,105,3237,259,256
3228,105,3237,259,256
3223,105,3238,259,849
3224,105,3238,259,849
3225,105,3238,259,849
3226,105,3238,259,849
3227,105,3238,259,256
3227,106,3233,259,256
3222,106,3234,259,849
3223,106,3234,259,849
3224,106,3234,259,256
3225,106,3234,259,256
3226,106,3234,259,256
3227,106,3234,259,256
3228,106,3234,259,256
3221,106,3235,259,849
3222,106,3235,259,849
3223,106,3235,259,849
3224,106,3235,259,849
3225,106,3235,259,256
3226,106,3235,259,256
3227,106,3235,259,256
3228,106,3235,259,256
3229,106,3235,259,256
3222,106,3236,259,849
3223,106,3236,259,849
3224,106,3236,259,849
3225,106,3236,259,849
3226,106,3236,259,256
3227,106,3236,259,256
3228,106,3236,259,256
3223,106,3237,259,849
3224,106,3237,259,849
3225,106,3237,259,849
3226,106,3237,259,849
3227,106,3237,259,256
3224,106,3238,259,849
3225,106,3238,259,849
3226,106,3238,259,256
3223,107,3234,259,256
3224,107,3234,259,256
3225,107,3234,259,256
3226,107,3234,259,256
3227,107,3234,259,256
3222,107,3235,259,849
3223,107,3235,259,849
3224,107,3235,259,256
3225,107,3235,259,256
3226,107,3235,259,256
3227,107,3235,259,256
3228,107,3235,259,256
3223,107,3236,259,849
3224,107,3236,259,849
3225,107,3236,259,256
3226,107,3236,259,256
3227,107,3236,259,256
3224,107,3237,259,849
3225,107,3237,259,849
3226,107,3237,259,256
3225,107,3238,259,256
3221,108,3233,259,256
3224,108,3234,259,256
3225,108,3234,259,256
3226,108,3234,259,256
3223,108,3235,259,256
3224,108,3235,259,256
3225,108,3235,259,256
3226,108,3235,259,256
3227,108,3235,259,256
3224,108,3236,259,256
3225,108,3236,259,256
3226,108,3236,259,256
3225,108,3237,259,256
3221,109,3232,259,256
3220,109,3233,259,256
3221,109,3233,259,256
3222,109,3233,259,256
3221,109,3234,259,256
3225,109,3234,259,256
3224,109,3235,259,256
3225,109,3235,259,256
3226,109,3235,259,256
3225,109,3236,259,256
3220,110,3232,259,256
3221,110,3232,259,256
3222,110,3232,259,256
3219,110,3233,259,256
3220,110,3233,259,256
3221,110,3233,259,256
3222,110,3233,259,256
3223,110,3233,259,256
3220,110,3234,259,256
3221,110,3234,259,256
3222,110,3234,259,256
3221,110,3235,259,256
3225,110,3235,259,256
3219,111,3232,259,256
3220,111,3232,259,256
3221,111,3232,259,256
3222,111,3232,259,256
3223,111,3232,259,256
3218,111,3233,259,256
3219,111,3233,259,256
3220,111,3233,259,256
3221,111,3233,259,256
3222,111,3233,259,256
3223,111,3233,259,256
3224,111,3233,259,256
3219,111,3234,259,256
3220,111,3234,259,256
3221,111,3234,259,256
3222,111,3234,259,256
3223,111,3234,259,256
3220,111,3235,259,45
3221,111,3235,259,45
3222,111,3235,259,256
3221,111,3236,259,45
3220,112,3232,259,256
3221,112,3232,259,256
3222,112,3232,259,256
3219,112,3233,259,256
3220,112,3233,259,256
3221,112,3233,259,256
3222,112,3233,259,256
3223,112,3233,259,256
3220,112,3234,259,256
3221,112,3234,259,256
3222,112,3234,259,256
3221,112,3235,259,256
3221,113,3232,259,256
3220,113,3233,259,256
3221,113,3233,259,256
3222,113,3233,259,256
3221,113,3234,259,256
3222,113,3242,849,256
3223,113,3242,849,256
3221,114,3233,259,256
3222,114,3241,849,256
3223,114,3241,849,256
3221,114,3242,849,256
3222,114,3242,849,256
3223,114,3242,849,256
3222,114,3243,849,256
3223,115,3239,849,256
3222,115,3240,849,256
3223,115,3240,849,256
3221,115,3241,849,256
3222,115,3241,849,256
3223,115,3241,849,256
3220,115,3242,849,256
3221,115,3242,849,256
3222,115,3242,849,256
3221,115,3243,849,256
3222,115,3244,849,256
3223,115,3245,849,256
3216,116,3232,849,256
3217,116,3232,259,256
3218,116,3232,259,256
3219,116,3232,259,256
3216,116,3233,259,256
3217,116,3233,259,256
3218,116,3233,259,256
3219,116,3233,259,256
3217,116,3234,259,256
3218,116,3234,259,256
3219,116,3234,259,256
3218,116,3235,259,256
3223,116,3238,849,256
3222,116,3239,849,256
3223,116,3239,849,256
3221,116,3240,849,256
3222,116,3240,849,256
3223,116,3240,849,256
3220,116,3241,849,256
3221,116,3241,849,256
3222,116,3241,849,256
3219,116,3242,849,256
3220,116,3242,849,256
3221,116,3242,849,256
3220,116,3243,849,256
3221,116,3243,849,256
3221,116,3244,849,256
3222,116,3245,849,256
3223,116,3246,849,259
3216,117,3232,849,256
3217,117,3232,259,256
3218,117,3232,259,256
3219,117,3232,259,256
3217,117,3233,259,256
3218,117,3233,259,256
3219,117,3233,259,256
3218,117,3234,259,256
3219,117,3234,259,256
3219,117,3235,259,256
3223,117,3237,849,256
3222,117,3238,849,256
3223,117,3238,849,256
3221,117,3239,849,256
3222,117,3239,849,256
3223,117,3239,849,256
3220,117,3240,849,256
3221,117,3240,849,256
3222,117,3240,849,256
3219,117,3241,849,256
3220,117,3241,849,256
3221,117,3241,849,256
3219,117,3242,849,256
3220,117,3242,849,256
3219,117,3243,849,256
3220,117,3243,849,256
3221,117,3243,849,256
3220,117,3244,849,256
3221,117,3244,849,256
3222,117,3244,849,256
3221,117,3245,849,256
3222,117,3245,849,259
3223,117,3245,849,259
3222,117,3246,849,259
3223,117,3246,849,259
3224,117,3246,849,259
3223,117,3247,849,259
3216,118,3232,849,259
3219,118,3232,259,256
3216,118,3233,259,256
3218,118,3233,259,256
3219,118,3233,259,256
3217,118,3234,259,256
3218,118,3234,259,256
3219,118,3234,259,256
3218,118,3235,259,256
3219,118,3235,259,256
3219,118,3236,259,256
3223,118,3236,849,256
3222,118,3237,849,256
3223,118,3237,849,256
3221,118,3238,849,256
3222,118,3238,849,256
3223,118,3238,849,256
3220,118,3239,849,256
3221,118,3239,849,256
3222,118,3239,849,256
3219,118,3240,849,256
3220,118,3240,849,256
3221,118,3240,849,256
3223,118,3240,259,849
3219,118,3241,849,256
3220,118,3241,849,256
3219,118,3242,849,256
3219,118,3243,849,256
3220,118,3243,849,256
3219,118,3244,849,256
3220,118,3244,849,256
3221,118,3244,849,256
3220,118,3245,849,256
3221,118,3245,849,259
3222,118,3245,849,259
3224,118,3245,849,259
3226,118,3245,849,259
3221,118,3246,849,259
3222,118,3246,849,259
3223,118,3246,849,259
3224,118,3246,849,259
3225,118,3246,849,259
3222,118,3247,849,259
3223,118,3247,849,259
3224,118,3247,849,259
3219,119,3233,259,256
3216,119,3234,259,256
3218,119,3234,259,256
3219,119,3234,259,256
3217,119,3235,259,256
3218,119,3235,259,256
3219,119,3235,259,256
3223,119,3235,849,256
3218,119,3236,259,256
3219,119,3236,259,256
3222,119,3236,849,256
3223,119,3236,849,256
3224,119,3236,849,256
3219,119,3237,259,256
3221,119,3237,849,256
3222,119,3237,849,256
3223,119,3237,849,256
3218,119,3238,259,256
3220,119,3238,849,256
3221,119,3238,849,256
3222,119,3238,849,256
3217,119,3239,259,256
3219,119,3239,849,256
3220,119,3239,849,256
3221,119,3239,849,256
3223,119,3239,259,849
3216,119,3240,259,256
3219,119,3240,849,256
3220,119,3240,849,256
3222,119,3240,259,849
3223,119,3240,259,849
3224,119,3240,259,849
3219,119,3241,849,256
3223,119,3241,259,849
3219,119,3243,849,256
3219,119,3244,849,256
3220,119,3244,849,256
3226,119,3244,849,256
3219,119,3245,849,256
3220,119,3245,849,256
3221,119,3245,849,256
3225,119,3245,849,259
3226,119,3245,849,259
3227,119,3245,849,256
3220,119,3246,849,256
3221,119,3246,849,259
3222,119,3246,849,259
3224,119,3246,849,259
3225,119,3246,849,259
3221,119,3247,849,259
3222,119,3247,849,259
3223,119,3247,849,259
3224,119,3247,849,259
3225,119,3247,849,259
3220,120,3232,256,259
3219,120,3234,259,256
3216,120,3235,259,256
3218,120,3235,259,256
3219,120,3235,259,256
3217,120,3236,259,256
3218,120,3236,259,256
3219,120,3236,259,256
3223,120,3236,849,256
3218,120,3237,259,256
3222,120,3237,849,256
3224,120,3237,849,256
3217,120,3238,259,256
3221,120,3238,849,256
3223,120,3238,259,849
3216,120,3239,259,256
3220,120,3239,849,256
3222,120,3239,259,849
3223,120,3239,259,849
3224,120,3239,259,849
3219,120,3240,849,256
3221,120,3240,259,849
3222,120,3240,259,849
3223,120,3240,259,849
3224,120,3240,259,849
3225,120,3240,259,849
3222,120,3241,259,849
3223,120,3241,259,849
3224,120,3241,259,849
3223,120,3242,259,849
3219,120,3244,849,256
3227,120,3244,849,256
3220,120,3245,849,256
3221,120,3246,849,256
3222,120,3247,849,259
3224,120,3247,849,259
3220,121,3232,256,259
3221,121,3232,256,259
3220,121,3233,256,259
3219,121,3235,259,256
3216,121,3236,259,256
3217,121,3236,259,256
3218,121,3236,259,256
3223,121,3236,256,849
3217,121,3237,259,256
3222,121,3237,256,849
3223,121,3237,259,849
3224,121,3237,256,849
3216,121,3238,259,256
3221,121,3238,256,849
3222,121,3238,259,849
3223,121,3238,259,849
3224,121,3238,259,849
3220,121,3239,256,849
3221,121,3239,259,849
3222,121,3239,259,849
3223,121,3239,259,849
3224,121,3239,259,849
3225,121,3239,259,849
3219,121,3240,256,849
3220,121,3240,259,849
3221,121,3240,259,849
3222,121,3240,259,849
3223,121,3240,259,849
3224,121,3240,259,849
3225,121,3240,259,849
3226,121,3240,259,849
3221,121,3241,259,849
3222,121,3241,259,849
3223,121,3241,259,849
3224,121,3241,259,849
3225,121,3241,259,849
3222,121,3242,259,849
3223,121,3242,259,849
3224,121,3242,259,849
3223,121,3243,259,849
3219,121,3244,256,849
3227,121,3244,256,849
3220,121,3245,256,849
3221,121,3246,256,849
3222,121,3247,259,849
3224,121,3247,259,849
3220,122,3232,256,259
3219,122,3234,259,256
3216,122,3235,259,256
3218,122,3235,259,256
3223,122,3235,256,849
3216,122,3236,259,256
3217,122,3236,259,256
3222,122,3236,256,849
3223,122,3236,256,849
3224,122,3236,256,849
3216,122,3237,259,256
3221,122,3237,256,849
3222,122,3237,259,849
3223,122,3237,259,849
3224,122,3237,259,849
3225,122,3237,256,849
3220,122,3238,256,849
3221,122,3238,259,849
3222,122,3238,259,849
3223,122,3238,259,849
3224,122,3238,259,849
3225,122,3238,259,849
3219,122,3239,256,849
3220,122,3239,259,849
3221,122,3239,259,849
3222,122,3239,259,849
3223,122,3239,259,849
3224,122,3239,259,849
3225,122,3239,259,849
3226,122,3239,259,849
3219,122,3240,259,849
3220,122,3240,259,849
3221,122,3240,259,849
3222,122,3240,259,849
3223,122,3240,259,849
3224,122,3240,259,849
3225,122,3240,259,849
3226,122,3240,259,849
3227,122,3240,259,849
3219,122,3241,256,849
3220,122,3241,259,849
3221,122,3241,259,849
3222,122,3241,259,849
3223,122,3241,259,849
3224,122,3241,259,849
3225,122,3241,259,849
3226,122,3241,259,849
3221,122,3242,259,849
3222,122,3242,259,849
3223,122,3242,259,849
3224,122,3242,259,849
3225,122,3242,259,849
3219,122,3243,256,849
3222,122,3243,259,849
3223,122,3243,259,849
3224,122,3243,259,849
3227,122,3243,256,849
3219,122,3244,256,849
3220,122,3244,256,849
3219,122,3245,256,849
3220,122,3245,256,849
3221,122,3245,256,849
3220,122,3246,256,849
3221,122,3246,256,849
3222,122,3246,256,849
3221,122,3247,256,849
3222,122,3247,256,849
3223,122,3247,259,849
3217,123,3232,256,259
3218,123,3232,256,259
3219,123,3232,256,259
3217,123,3233,256,259
3218,123,3233,256,259
3217,123,3234,256,259
3223,123,3236,256,849
3221,123,3237,259,256
3222,123,3237,259,849
3223,123,3237,259,849
3225,123,3237,259,256
3220,123,3238,259,256
3221,123,3238,259,849
3222,123,3238,259,849
3223,123,3238,259,849
3224,123,3238,259,849
3225,123,3238,259,849
3226,123,3238,259,256
3219,123,3239,259,256
3220,123,3239,259,849
3221,123,3239,259,849
3222,123,3239,259,849
3223,123,3239,259,849
3224,123,3239,259,849
3225,123,3239,259,849
3227,123,3239,259,256
3219,123,3240,259,849
3220,123,3240,259,849
3221,123,3240,259,849
3222,123,3240,259,849
3223,123,3240,259,849
3226,123,3240,259,849
3227,123,3240,259,849
3219,123,3241,259,849
3220,123,3241,259,849
3221,123,3241,259,849
3222,123,3241,259,849
3223,123,3241,259,849
3225,123,3241,259,849
3226,123,3241,259,849
3227,123,3241,259,849
3219,123,3242,256,849
3220,123,3242,259,849
3221,123,3242,259,849
3222,123,3242,259,849
3225,123,3242,259,849
3227,123,3242,256,849
3219,123,3243,256,849
3220,123,3243,256,849
3221,123,3243,259,849
3222,123,3243,259,849
3223,123,3243,259,849
3224,123,3243,259,849
3219,123,3244,256,849
3220,123,3244,256,849
3221,123,3244,256,849
3220,123,3245,256,849
3221,123,3245,256,849
3222,123,3245,256,849
3222,123,3247,256,849
3218,124,3232,256,259
3217,124,3233,256,259
3222,124,3237,259,256
3224,124,3237,259,256
3223,124,3238,259,849
3225,124,3238,259,256
3220,124,3239,259,256
3222,124,3239,259,849
3224,124,3240,259,849
3225,124,3240,259,849
3227,124,3240,259,256
3219,124,3241,256,849
3220,124,3241,259,849
3222,124,3241,259,849
3223,124,3241,259,849
3224,124,3241,259,849
3219,124,3242,256,849
3220,124,3242,256,849
3224,124,3242,259,849
3219,124,3243,256,849
3220,124,3243,256,849
3223,124,3243,259,849
3220,124,3244,256,849
3221,124,3244,256,849
3222,124,3244,256,849
3221,124,3245,256,849
3222,125,3238,259,256
3224,125,3238,259,256
3221,125,3239,259,256
3222,125,3239,259,849
3223,125,3239,259,849
3224,125,3239,259,849
3225,125,3239,259,256
3224,125,3240,259,849
3221,125,3241,259,849
3223,125,3241,259,849
3221,125,3242,256,849
3221,125,3244,256,849
3224,126,3239,259,256
3223,126,3241,259,849
3237,1,3235,259,258
3233,1,3241,259,258
3236,2,3234,259,258
3236,2,3235,259,258
3237,2,3235,259,258
3232,2,3243,259,258
3232,2,3247,259,258
3232,3,3240,259,258
3233,3,3240,259,258
3232,3,3241,259,258
3232,4,3244,256,259
3232,4,3245,256,259
3233,4,3245,256,259
3232,4,3246,256,259
3234,4,3246,256,259
3232,4,3247,256,259
3233,4,3247,256,259
3232,5,3243,256,259
3232,5,3244,256,259
3233,5,3244,256,259
3232,5,3245,256,259
3233,5,3245,256,259
3234,5,3245,256,259
3232,5,3246,256,259
3233,5,3246,256,259
3234,5,3246,256,259
3235,5,3246,256,259
3232,5,3247,256,259
3233,5,3247,256,259
3234,5,3247,256,259
3232,6,3244,256,259
3232,6,3245,256,259
3233,6,3245,256,259
3232,6,3246,256,259
3233,6,3246,256,259
3234,6,3246,256,259
3232,6,3247,256,259
3233,6,3247,256,259
3232,7,3243,256,259
3232,7,3244,256,259
3233,7,3244,256,259
3232,7,3245,256,259
3233,7,3245,256,259
3234,7,3245,256,259
3232,7,3246,256,259
3233,7,3246,256,259
3232,7,3247,256,259
3232,8,3242,256,259
3232,8,3243,256,259
3233,8,3243,256,259
3232,8,3244,256,259
3233,8,3244,256,259
3234,8,3244,256,259
3232,8,3245,256,259
3233,8,3245,256,259
3234,8,3245,256,259
3235,8,3245,256,259
3232,8,3246,256,259
3233,8,3246,256,259
3234,8,3246,256,259
3232,8,3247,256,259
3233,8,3247,256,259
3233,9,3242,256,259
3232,9,3243,256,259
3233,9,3243,256,259
3234,9,3243,256,259
3232,9,3244,256,259
3233,9,3244,256,259
3234,9,3244,256,259
3235,9,3244,256,259
3232,9,3245,256,259
3233,9,3245,256,259
3234,9,3245,256,259
3235,9,3245,256,259
3236,9,3245,256,259
3232,9,3246,256,259
3233,9,3246,256,259
3234,9,3246,256,259
3235,9,3246,256,259
3232,9,3247,256,259
3233,9,3247,256,259
3234,9,3247,256,259
3232,10,3242,256,259
3233,10,3242,256,259
3234,10,3242,256,259
3232,10,3243,256,259
3233,10,3243,256,259
3234,10,3243,256,259
3235,10,3243,256,259
3232,10,3244,256,259
3233,10,3244,256,259
3234,10,3244,256,259
3235,10,3244,256,259
3236,10,3244,256,259
3232,10,3245,256,259
3233,10,3245,256,259
3234,10,3245,256,259
3235,10,3245,256,259
3236,10,3245,256,259
3237,10,3245,256,259
3232,10,3246,256,259
3233,10,3246,256,259
3234,10,3246,256,259
3235,10,3246,256,259
3236,10,3246,256,259
3232,10,3247,256,259
3233,10,3247,256,259
3234,10,3247,256,259
3235,10,3247,256,259
3232,11,3242,256,259
3233,11,3242,256,259
3234,11,3242,256,259
3235,11,3242,256,259
3232,11,3243,256,259
3233,11,3243,256,259
3234,11,3243,256,259
3235,11,3243,256,259
3236,11,3243,256,259
3232,11,3244,256,259
3233,11,3244,256,259
3234,11,3244,256,259
3235,11,3244,256,259
3236,11,3244,256,259
3237,11,3244,256,259
3232,11,3245,256,259
3233,11,3245,256,259
3234,11,3245,256,259
3235,11,3245,256,259
3236,11,3245,256,259
3237,11,3245,256,259
3232,11,3246,256,259
3233,11,3246,256,259
3234,11,3246,256,259
3235,11,3246,256,259
3236,11,3246,256,259
3237,11,3246,256,259
3232,11,3247,256,259
3233,11,3247,45,259
3234,11,3247,256,259
3235,11,3247,256,259
3236,11,3247,256,259
3232,12,3242,256,259
3233,12,3242,256,259
3234,12,3242,256,259
3232,12,3243,256,259
3233,12,3243,256,259
3234,12,3243,256,259
3235,12,3243,256,259
3232,12,3244,256,259
3233,12,3244,256,259
3234,12,3244,256,259
3235,12,3244,256,259
3236,12,3244,256,259
3232,12,3245,256,259
3233,12,3245,256,259
3234,12,3245,256,259
3235,12,3245,256,259
3236,12,3245,256,259
3237,12,3245,256,259
3232,12,3246,45,259
3233,12,3246,256,259
3234,12,3246,256,259
3235,12,3246,256,259
3236,12,3246,256,259
3232,12,3247,45,259
3233,12,3247,45,259
3234,12,3247,256,259
3235,12,3247,256,259
3232,13,3242,256,259
3233,13,3242,256,259
3232,13,3243,256,259
3233,13,3243,256,259
3234,13,3243,256,259
3232,13,3244,256,259
3233,13,3244,256,259
3234,13,3244,256,259
3235,13,3244,256,259
3232,13,3245,256,259
3233,13,3245,256,259
3234,13,3245,256,259
3235,13,3245,256,259
3236,13,3245,417,259
3232,13,3246,45,259
3233,13,3246,256,259
3234,13,3246,256,259
3235,13,3246,256,259
3232,13,3247,45,259
3233,13,3247,256,259
3234,13,3247,256,259
3232,14,3242,256,259
3232,14,3243,256,259
3233,14,3243,256,259
3232,14,3244,256,259
3233,14,3244,256,259
3234,14,3244,256,259
3232,14,3245,256,259
3233,14,3245,256,259
3234,14,3245,256,259
3235,14,3245,256,259
3232,14,3246,256,259
3233,14,3246,256,259
3234,14,3246,256,259
3232,14,3247,256,259
3233,14,3247,256,259
3232,15,3243,256,259
3232,15,3244,256,259
3233,15,3244,256,259
3232,15,3245,256,259
3233,15,3245,256,259
3234,15,3245,256,259
3232,15,3246,256,259
3233,15,3246,256,259
3232,15,3247,256,259
3236,20,3236,849,258
3235,20,3238,258,849
3235,20,3239,258,849
3232,20,3240,849,258
3233,20,3240,849,258
3232,20,3241,849,258
3233,20,3241,849,258
3232,20,3242,849,258
3233,20,3242,849,258
3232,20,3243,849,258
3233,20,3243,849,258
3232,20,3244,849,258
3232,20,3245,849,258
3232,20,3246,849,258
3232,20,3247,849,258
3236,21,3232,849,258
3237,21,3232,849,258
3238,21,3232,849,258
3239,21,3232,849,258
3236,21,3233,849,258
3237,21,3233,849,258
3236,21,3234,849,258
3236,21,3235,849,258
3236,21,3236,849,258
3235,21,3238,258,849
3234,21,3239,258,849
3235,21,3239,258,849
3232,21,3240,849,258
3232,21,3241,849,258
3233,21,3241,849,258
3232,21,3242,849,258
3233,21,3242,849,258
3232,21,3243,849,258
3233,21,3243,849,258
3232,21,3244,849,258
3233,21,3244,849,258
3232,21,3245,849,258
3232,21,3246,849,258
3232,21,3247,849,258
3236,22,3232,849,258
3237,22,3232,849,258
3238,22,3232,849,258
3236,22,3233,849,258
3237,22,3233,849,258
3236,22,3234,849,258
3236,22,3235,849,258
3236,22,3236,849,258
3235,22,3238,258,849
3233,22,3239,258,849
3234,22,3239,258,849
3235,22,3239,258,849
3232,22,3240,849,258
3232,22,3241,849,258
3232,22,3242,849,258
3233,22,3242,849,258
3232,22,3243,849,258
3233,22,3243,849,258
3232,22,3244,849,258
3233,22,3244,849,258
3232,22,3245,849,258
3232,22,3246,849,258
3232,22,3247,849,258
3236,23,3232,849,258
3237,23,3232,849,258
3238,23,3232,849,258
3239,23,3232,849,258
3236,23,3233,849,258
3236,23,3234,849,258
3236,23,3235,849,258
3236,23,3236,849,258
3236,23,3237,849,258
3234,23,3238,258,849
3235,23,3238,258,849
3233,23,3239,258,849
3234,23,3239,258,849
3235,23,3239,258,849
3232,23,3241,849,258
3232,23,3242,849,258
3232,23,3243,849,258
3233,23,3243,849,258
3232,23,3244,849,258
3233,23,3244,849,258
3232,23,3245,849,258
3232,23,3246,849,258
3232,23,3247,849,258
3237,33,3236,259,258
3236,33,3237,259,258
3237,33,3237,259,258
3236,33,3238,259,258
3234,33,3239,258,259
3235,33,3239,258,259
3232,33,3242,259,258
3232,33,3243,259,258
3233,33,3243,259,258
3232,33,3244,259,258
3233,33,3244,259,258
3232,33,3245,259,258
3236,34,3232,259,258
3237,34,3232,259,258
3236,34,3235,259,258
3237,34,3235,259,258
3236,34,3236,259,258
3237,34,3236,259,258
3236,34,3237,259,258
3237,34,3237,259,258
3233,34,3238,258,259
3236,34,3238,259,258
3237,34,3238,259,258
3233,34,3239,258,259
3234,34,3239,258,259
3235,34,3239,258,259
3236,35,3232,259,258
3237,35,3232,259,258
3238,35,3232,259,258
3239,35,3232,259,258
3236,35,3233,259,258
3237,35,3233,259,258
3238,35,3233,259,258
3236,35,3234,259,258
3236,35,3235,259,258
3237,35,3235,259,258
3236,35,3236,259,258
3237,35,3236,259,258
3236,35,3237,259,258
3237,35,3237,259,258
3236,35,3238,259,258
3237,35,3238,259,258
3234,35,3239,258,259
3232,35,3240,259,258
3233,35,3240,259,258
3232,35,3241,259,258
3232,35,3242,259,258
3233,35,3242,259,258
3232,35,3243,259,258
3233,35,3243,259,258
3236,36,3232,259,258
3237,36,3232,259,258
3238,36,3232,259,258
3235,36,3233,258,259
3235,36,3234,258,259
3236,36,3235,259,258
3236,36,3236,259,258
3236,36,3237,259,258
3236,36,3238,259,258
3234,36,3239,258,259
3235,36,3239,258,259
3232,36,3240,259,258
3233,36,3240,259,258
3232,36,3241,259,258
3233,36,3241,259,258
3232,36,3242,259,258
3233,36,3242,259,258
3232,36,3243,259,258
3233,36,3243,259,258
3232,36,3244,259,258
3237,37,3232,256,849
3232,37,3233,256,849
3236,37,3233,256,849
3235,37,3237,258,259
3232,37,3240,259,258
3237,38,3232,849,256
3236,38,3233,849,256
3235,39,3233,849,259
3234,40,3233,849,259
3232,50,3232,259,849
3232,51,3232,259,256
3232,51,3233,259,849
3232,59,3247,256,849
3232,60,3237,259,256
3232,60,3246,256,849
3233,60,3247,256,849
3232,61,3245,256,849
3233,61,3246,256,849
3234,61,3247,256,849
3232,62,3244,256,849
3233,62,3245,256,849
3234,62,3246,256,849
3235,62,3247,256,849
3233,63,3244,256,849
3234,63,3245,256,849
3235,63,3246,256,849
3236,63,3247,256,849
3233,64,3244,849,256
3232,64,3245,849,259
3234,64,3245,849,256
3235,64,3246,849,256
3236,64,3247,849,256
3234,65,3233,259,256
3235,65,3233,259,256
3232,65,3234,259,256
3233,65,3234,259,256
3234,65,3234,259,256
3232,65,3235,259,256
3233,65,3235,259,256
3232,65,3236,259,256
3232,65,3244,849,259
3232,65,3245,849,259
3233,65,3245,849,256
3232,65,3246,849,259
3234,65,3246,849,256
3235,65,3247,849,256
3234,66,3232,259,256
3235,66,3232,259,256
3233,66,3233,259,256
3234,66,3233,259,256
3235,66,3233,259,256
3236,66,3233,259,256
3232,66,3234,259,256
3233,66,3234,259,256
3234,66,3234,259,256
3235,66,3234,259,256
3232,66,3235,259,256
3233,66,3235,259,256
3234,66,3235,259,256
3232,66,3236,259,256
3233,66,3236,259,256
3232,66,3237,259,256
3232,66,3243,256,259
3232,66,3244,256,259
3232,66,3245,849,259
3232,66,3246,849,259
3233,66,3246,849,256
3232,66,3247,849,259
3234,66,3247,849,256
3235,67,3232,259,256
3236,67,3232,259,256
3232,67,3233,259,256
3234,67,3233,259,256
3235,67,3233,259,256
3236,67,3233,259,256
3237,67,3233,259,256
3232,67,3234,259,256
3233,67,3234,259,256
3234,67,3234,259,256
3235,67,3234,259,256
3236,67,3234,259,256
3232,67,3235,259,256
3233,67,3235,259,33
3234,67,3235,259,256
3235,67,3235,259,256
3232,67,3236,259,256
3233,67,3236,259,256
3234,67,3236,259,256
3232,67,3237,259,256
3233,67,3237,259,256
3232,67,3238,259,256
3232,67,3244,256,259
3232,67,3245,256,259
3232,67,3246,849,259
3233,67,3247,849,256
3236,68,3232,259,256
3237,68,3232,259,417
3235,68,3233,259,256
3236,68,3233,259,417
3237,68,3233,259,417
3238,68,3233,259,256
3232,68,3234,259,256
3234,68,3234,259,256
3235,68,3234,259,256
3236,68,3234,259,417
3237,68,3234,259,417
3232,68,3235,259,256
3233,68,3235,259,256
3235,68,3235,259,256
3236,68,3235,259,417
3232,68,3236,259,256
3233,68,3236,259,256
3234,68,3236,259,256
3235,68,3236,259,256
3232,68,3237,259,256
3233,68,3237,259,256
3234,68,3237,259,256
3232,68,3238,259,256
3233,68,3238,259,256
3232,68,3239,259,256
3232,68,3240,256,259
3232,68,3245,256,259
3232,68,3247,849,256
3236,69,3233,259,417
3237,69,3233,259,417
3235,69,3234,259,256
3236,69,3234,259,417
3232,69,3235,259,256
3232,69,3236,259,256
3233,69,3236,259,256
3232,69,3237,259,256
3233,69,3237,259,256
3232,69,3238,259,256
3232,69,3239,256,259
3232,69,3240,256,259
3232,69,3241,256,259
3232,70,3236,259,256
3232,70,3237,259,256
3232,70,3240,256,259
3232,72,3240,256,259
3233,72,3241,256,259
3232,73,3239,256,259
3233,73,3240,256,259
3234,73,3241,256,259
3232,74,3240,256,259
3233,74,3241,256,259
3235,74,3241,256,259
3234,74,3242,256,259
3233,74,3243,256,259
3232,74,3244,256,259
3232,75,3241,256,259
3236,75,3241,256,259
3233,75,3242,256,259
3235,75,3242,256,259
3232,75,3243,256,259
3233,75,3243,256,259
3234,75,3243,256,259
3232,75,3244,256,259
3233,75,3244,256,259
3232,75,3245,256,259
3239,76,3237,849,256
3238,76,3238,849,256
3237,76,3239,849,256
3232,76,3240,256,259
3236,76,3240,849,259
3232,76,3241,256,259
3233,76,3241,256,259
3235,76,3241,256,259
3236,76,3241,256,259
3237,76,3241,256,259
3232,76,3242,256,259
3233,76,3242,256,259
3234,76,3242,256,259
3235,76,3242,256,259
3236,76,3242,256,259
3232,76,3243,256,259
3233,76,3243,256,259
3234,76,3243,256,259
3235,76,3243,256,259
3232,76,3244,256,259
3233,76,3244,256,259
3234,76,3244,256,259
3232,76,3245,256,259
3233,76,3245,256,259
3239,77,3236,849,256
3238,77,3237,849,256
3239,77,3237,849,256
3240,77,3237,849,256
3237,77,3238,849,256
3238,77,3238,849,256
3239,77,3238,849,256
3236,77,3239,849,256
3237,77,3239,849,256
3238,77,3239,849,256
3233,77,3240,256,259
3235,77,3240,849,259
3236,77,3240,849,256
3237,77,3240,849,256
3232,77,3241,256,259
3233,77,3241,256,259
3234,77,3241,256,259
3235,77,3241,256,259
3236,77,3241,256,259
3232,77,3242,256,259
3233,77,3242,256,259
3234,77,3242,256,259
3235,77,3242,256,259
3232,77,3243,256,259
3233,77,3243,256,259
3234,77,3243,256,259
3232,77,3244,256,259
3233,77,3244,256,259
3232,77,3245,256,259
3238,78,3234,849,256
3239,78,3235,849,256
3238,78,3236,849,256
3239,78,3236,849,256
3240,78,3236,849,256
3239,78,3237,849,256
3240,78,3237,849,256
3241,78,3237,849,256
3238,78,3238,849,256
3239,78,3238,849,256
3240,78,3238,849,256
3235,78,3239,849,256
3237,78,3239,849,256
3238,78,3239,849,256
3239,78,3239,849,256
3234,78,3240,849,259
3235,78,3240,849,256
3236,78,3240,849,256
3237,78,3240,849,256
3238,78,3240,849,256
3233,78,3241,256,259
3234,78,3241,256,259
3235,78,3241,256,259
3232,78,3242,256,259
3233,78,3242,256,259
3234,78,3242,256,259
3232,78,3243,256,259
3233,78,3243,256,259
3232,78,3244,256,259
3237,79,3234,849,256
3238,79,3234,849,256
3239,79,3234,849,256
3238,79,3235,849,256
3239,79,3235,849,256
3240,79,3235,849,256
3239,79,3236,849,256
3240,79,3236,849,256
3241,79,3236,849,256
3232,79,3237,259,256
3240,79,3237,849,256
3241,79,3237,849,256
3242,79,3237,849,256
3233,79,3238,259,256
3239,79,3238,849,256
3240,79,3238,849,256
3241,79,3238,849,256
3234,79,3239,849,256
3238,79,3239,849,256
3239,79,3239,849,256
3240,79,3239,849,256
3233,79,3240,849,259
3234,79,3240,849,256
3235,79,3240,849,256
3237,79,3240,849,256
3238,79,3240,849,256
3239,79,3240,849,256
3232,79,3241,256,259
3233,79,3241,256,259
3234,79,3241,256,259
3232,79,3242,256,259
3233,79,3242,256,259
3232,79,3243,256,259
3232,80,3234,259,256
3238,80,3234,849,256
3239,80,3234,849,256
3240,80,3234,849,256
3239,80,3235,849,256
3240,80,3235,849,256
3241,80,3235,849,256
3232,80,3236,259,256
3240,80,3236,849,256
3241,80,3236,849,256
3242,80,3236,849,256
3232,80,3237,259,849
3233,80,3237,259,849
3235,80,3237,259,849
3241,80,3237,849,417
3242,80,3237,849,256
3243,80,3237,849,256
3232,80,3238,259,256
3233,80,3238,259,849
3234,80,3238,259,849
3240,80,3238,849,417
3241,80,3238,849,417
3242,80,3238,849,417
3233,80,3239,259,256
3239,80,3239,849,256
3240,80,3239,849,256
3241,80,3239,849,256
3233,80,3240,849,256
3234,80,3240,849,256
3238,80,3240,849,256
3239,80,3240,849,256
3240,80,3240,849,256
3232,80,3241,849,259
3233,80,3241,256,259
3232,80,3242,849,259
3233,80,3242,849,256
3232,80,3243,849,256
3234,81,3232,256,849
3232,81,3233,259,256
3233,81,3233,256,849
3235,81,3233,256,849
3232,81,3234,259,849
3233,81,3234,259,849
3239,81,3234,849,256
3232,81,3235,259,256
3240,81,3235,849,256
3232,81,3236,259,849
3233,81,3236,259,849
3235,81,3236,259,849
3241,81,3236,849,256
3232,81,3237,259,849
3233,81,3237,259,849
3234,81,3237,259,849
3235,81,3237,259,849
3236,81,3237,259,849
3242,81,3237,849,256
3232,81,3238,259,849
3233,81,3238,259,849
3234,81,3238,259,849
3235,81,3238,259,849
3241,81,3238,849,417
3232,81,3239,259,256
3233,81,3239,259,849
3234,81,3239,259,849
3240,81,3239,849,256
3232,81,3240,849,256
3233,81,3240,259,256
3239,81,3240,849,256
3232,81,3241,849,256
3233,81,3241,849,256
3232,81,3242,849,256
3233,81,3242,849,256
3232,81,3243,849,256
3233,81,3243,849,256
3232,81,3244,849,256
3232,82,3232,259,256
3233,82,3232,256,849
3235,82,3232,256,849
3232,82,3233,259,849
3233,82,3233,259,849
3236,82,3233,256,849
3232,82,3234,259,849
3233,82,3234,259,849
3234,82,3234,259,849
3239,82,3234,256,849
3232,82,3235,259,849
3233,82,3235,259,849
3235,82,3235,259,849
3240,82,3235,256,849
3232,82,3236,259,849
3233,82,3236,259,849
3234,82,3236,259,849
3235,82,3236,259,849
3236,82,3236,259,849
3241,82,3236,256,849
3232,82,3237,259,849
3233,82,3237,259,849
3234,82,3237,259,849
3235,82,3237,259,849
3236,82,3237,259,849
3237,82,3237,259,849
3242,82,3237,256,849
3232,82,3238,259,849
3233,82,3238,259,849
3234,82,3238,259,849
3235,82,3238,259,849
3236,82,3238,259,849
3241,82,3238,417,849
3232,82,3239,259,849
3233,82,3239,259,849
3234,82,3239,259,849
3235,82,3239,259,849
3240,82,3239,256,849
3232,82,3240,849,256
3234,82,3240,259,849
3239,82,3240,256,849
3232,82,3241,849,256
3233,82,3241,849,256
3232,82,3242,849,256
3233,82,3242,849,256
3232,82,3243,849,256
3233,82,3243,849,256
3232,82,3244,849,256
3233,82,3244,849,256
3232,82,3245,849,256
3233,83,3232,259,849
3236,83,3232,256,849
3232,83,3233,259,849
3233,83,3233,259,849
3234,83,3233,259,849
3237,83,3233,256,849
3232,83,3234,259,849
3233,83,3234,259,849
3234,83,3234,259,849
3235,83,3234,259,849
3238,83,3234,256,849
3239,83,3234,256,849
3240,83,3234,256,849
3232,83,3235,259,849
3233,83,3235,259,849
3234,83,3235,259,849
3235,83,3235,259,849
3236,83,3235,259,849
3239,83,3235,256,849
3240,83,3235,256,849
3241,83,3235,417,849
3232,83,3236,259,849
3233,83,3236,259,849
3234,83,3236,259,849
3235,83,3236,259,849
3236,83,3236,259,849
3237,83,3236,259,849
3240,83,3236,417,849
3241,83,3236,417,849
3242,83,3236,256,849
3232,83,3237,259,849
3233,83,3237,259,849
3234,83,3237,259,849
3235,83,3237,259,849
3236,83,3237,259,849
3237,83,3237,259,849
3241,83,3237,256,849
3242,83,3237,256,849
3243,83,3237,256,849
3232,83,3238,259,849
3233,83,3238,259,849
3234,83,3238,259,849
3235,83,3238,259,849
3236,83,3238,259,849
3237,83,3238,259,849
3240,83,3238,256,849
3241,83,3238,256,849
3242,83,3238,256,849
3232,83,3239,259,849
3233,83,3239,259,849
3234,83,3239,259,849
3235,83,3239,259,849
3236,83,3239,259,849
3239,83,3239,256,849
3240,83,3239,256,849
3241,83,3239,256,849
3242,83,3239,33,256
3232,83,3240,259,849
3234,83,3240,259,849
3235,83,3240,259,849
3238,83,3240,256,849
3239,83,3240,256,849
3240,83,3240,256,849
3232,83,3241,849,256
3233,83,3241,849,256
3234,83,3241,259,256
3232,83,3242,849,256
3233,83,3242,849,256
3232,83,3243,849,256
3233,83,3243,849,256
3232,83,3244,849,256
3233,83,3244,849,256
3232,83,3245,849,256
3233,83,3245,849,256
3232,83,3246,849,256
3237,84,3232,256,849
3233,84,3233,259,849
3238,84,3233,256,849
3232,84,3234,259,849
3233,84,3234,259,849
3234,84,3234,259,849
3239,84,3234,256,849
3233,84,3235,259,849
3234,84,3235,259,849
3235,84,3235,259,849
3238,84,3235,256,849
3239,84,3235,256,849
3240,84,3235,417,849
3234,84,3236,259,849
3235,84,3236,259,849
3236,84,3236,259,849
3239,84,3236,417,849
3240,84,3236,417,849
3241,84,3236,417,849
3235,84,3237,259,849
3236,84,3237,259,849
3237,84,3237,259,849
3240,84,3237,417,849
3241,84,3237,256,849
3242,84,3237,256,849
3234,84,3238,259,849
3235,84,3238,259,849
3236,84,3238,259,849
3239,84,3238,256,849
3240,84,3238,256,849
3241,84,3238,256,849
3233,84,3239,259,849
3234,84,3239,259,849
3235,84,3239,259,849
3238,84,3239,256,849
3239,84,3239,256,849
3240,84,3239,256,849
3232,84,3240,259,256
3233,84,3240,259,849
3234,84,3240,259,849
3235,84,3240,256,849
3237,84,3240,256,849
3238,84,3240,256,849
3239,84,3240,256,849
3232,84,3241,259,849
3233,84,3241,849,256
3233,84,3243,849,256
3232,84,3244,849,256
3233,84,3244,849,256
3232,84,3245,849,256
3238,85,3232,256,849
3233,85,3234,259,849
3234,85,3235,259,849
3239,85,3235,256,849
3235,85,3236,259,849
3238,85,3236,256,849
3239,85,3236,256,849
3240,85,3236,417,849
3236,85,3237,259,849
3239,85,3237,417,849
3240,85,3237,256,849
3241,85,3237,256,849
3235,85,3238,259,849
3238,85,3238,256,849
3239,85,3238,256,849
3240,85,3238,256,849
3234,85,3239,259,849
3235,85,3239,259,849
3237,85,3239,256,849
3238,85,3239,256,849
3239,85,3239,256,849
3232,85,3240,259,849
3233,85,3240,259,256
3234,85,3240,259,849
3235,85,3240,256,849
3236,85,3240,256,849
3237,85,3240,256,849
3238,85,3240,256,849
3232,85,3241,259,849
3233,85,3241,259,849
3232,85,3242,259,849
3233,86,3234,849,259
3234,86,3235,849,259
3235,86,3236,849,259
3239,86,3236,256,849
3236,86,3237,849,259
3238,86,3237,256,849
3239,86,3237,256,849
3240,86,3237,256,849
3237,86,3238,256,849
3238,86,3238,256,849
3239,86,3238,256,849
3232,86,3239,259,849
3235,86,3239,259,849
3236,86,3239,259,849
3237,86,3239,256,849
3238,86,3239,256,849
3232,86,3240,259,849
3233,86,3240,259,849
3234,86,3240,259,849
3235,86,3240,259,849
3236,86,3240,256,849
3237,86,3240,256,849
3232,86,3241,259,849
3233,86,3241,259,849
3234,86,3241,259,849
3232,86,3242,259,849
3233,86,3242,259,849
3232,86,3243,259,849
3233,86,3243,256,849
3233,86,3244,256,849
3232,87,3233,849,259
3233,87,3233,849,259
3232,87,3234,849,259
3233,87,3234,849,259
3234,87,3234,849,259
3234,87,3235,849,259
3235,87,3235,849,259
3235,87,3236,849,259
3236,87,3236,849,259
3236,87,3237,849,259
3237,87,3237,849,259
3239,87,3237,256,849
3232,87,3238,259,849
3238,87,3238,256,849
3232,87,3239,259,849
3233,87,3239,259,849
3236,87,3239,259,849
3237,87,3239,259,849
3232,87,3240,259,849
3233,87,3240,259,849
3235,87,3240,259,256
3236,87,3240,259,849
3232,87,3241,259,849
3233,87,3241,259,849
3234,87,3241,259,256
3235,87,3241,259,256
3232,87,3242,259,849
3233,87,3242,259,849
3234,87,3242,259,256
3233,87,3243,259,849
3232,88,3232,849,259
3233,88,3232,849,259
3238,88,3232,849,256
3232,88,3233,849,259
3233,88,3233,849,259
3234,88,3233,849,259
3232,88,3234,849,259
3233,88,3234,849,259
3234,88,3234,849,259
3235,88,3234,849,259
3233,88,3235,849,259
3234,88,3235,849,259
3235,88,3235,849,259
3236,88,3235,849,259
3234,88,3236,849,259
3235,88,3236,849,259
3236,88,3236,849,259
3237,88,3236,849,259
3238,88,3236,849,256
3235,88,3237,849,259
3236,88,3237,849,259
3237,88,3237,849,259
3238,88,3237,256,849
3236,88,3238,849,259
3237,88,3238,256,259
3232,88,3239,259,849
3232,88,3240,259,849
3233,88,3240,259,849
3232,88,3241,259,849
3233,88,3241,259,849
3233,88,3242,259,849
3232,89,3232,849,259
3237,89,3232,849,256
3232,89,3233,849,259
3233,89,3233,849,259
3238,89,3233,849,256
3232,89,3234,849,259
3233,89,3234,849,259
3234,89,3234,849,259
3232,89,3235,849,259
3233,89,3235,849,259
3234,89,3235,849,259
3235,89,3235,849,259
3238,89,3235,849,256
3233,89,3236,849,259
3234,89,3236,849,259
3235,89,3236,849,259
3236,89,3236,849,259
3237,89,3236,849,256
3234,89,3237,849,259
3235,89,3237,849,259
3236,89,3237,849,259
3237,89,3237,256,259
3235,89,3238,849,259
3236,89,3238,256,259
3232,89,3240,259,849
3232,89,3241,259,849
3233,89,3241,259,849
3232,89,3242,259,849
3233,89,3242,256,849
3233,89,3243,259,849
3232,90,3232,849,256
3233,90,3232,259,849
3236,90,3232,849,256
3232,90,3233,849,259
3237,90,3233,849,256
3232,90,3234,849,259
3233,90,3234,849,259
3238,90,3234,849,256
3232,90,3235,849,259
3233,90,3235,849,259
3234,90,3235,849,259
3237,90,3235,849,256
3232,90,3236,849,259
3233,90,3236,849,259
3234,90,3236,849,259
3235,90,3236,849,259
3236,90,3236,849,256
3233,90,3237,849,259
3234,90,3237,849,259
3235,90,3237,849,259
3236,90,3237,256,259
3234,90,3238,849,259
3235,90,3238,256,259
3232,90,3241,259,849
3232,90,3242,259,849
3233,90,3242,259,849
3232,90,3243,259,849
3232,91,3232,259,256
3233,91,3232,259,256
3234,91,3232,259,849
3235,91,3232,849,256
3232,91,3233,849,256
3236,91,3233,849,256
3232,91,3234,849,259
3237,91,3234,849,256
3232,91,3235,849,259
3233,91,3235,849,259
3236,91,3235,849,256
3232,91,3236,256,259
3233,91,3236,849,259
3234,91,3236,849,259
3235,91,3236,849,256
3232,91,3237,256,259
3233,91,3237,256,259
3234,91,3237,849,259
3235,91,3237,256,259
3233,91,3238,256,259
3234,91,3238,256,259
3232,92,3232,259,256
3234,92,3232,259,256
3235,92,3232,259,256
3233,92,3233,849,256
3235,92,3233,849,256
3232,92,3234,849,256
3236,92,3234,849,256
3232,92,3235,256,259
3233,92,3235,849,256
3235,92,3235,849,256
3232,92,3236,256,259
3233,92,3236,256,259
3234,92,3236,849,256
3232,92,3237,256,259
3233,92,3237,256,259
3234,92,3237,256,259
3232,92,3238,256,259
3233,92,3238,256,259
3235,93,3232,259,256
3236,93,3232,259,256
3238,93,3232,256,259
3234,93,3233,849,256
3233,93,3234,849,256
3235,93,3234,849,256
3234,93,3235,849,256
3237,94,3232,256,259
3238,94,3232,256,259
3239,94,3232,256,259
3234,94,3234,849,256
3235,95,3232,256,259
3236,95,3232,256,259
3238,95,3232,256,259
3232,96,3232,256,259
3234,96,3232,849,259
3235,96,3232,849,259
3232,97,3232,849,259
3233,97,3232,849,259
3234,97,3232,849,259
3233,98,3232,849,259
3214,3,3263,258,259
3215,3,3263,258,259
3206,4,3248,259,256
3207,4,3248,259,849
3208,4,3248,259,849
3209,4,3248,259,849
3214,4,3248,849,259
3205,4,3249,259,256
3206,4,3249,259,256
3207,4,3249,259,256
3208,4,3249,259,849
3213,4,3249,849,256
3204,4,3250,259,256
3205,4,3250,259,256
3206,4,3250,259,256
3207,4,3250,259,256
3208,4,3250,259,256
3209,4,3250,259,849
3210,4,3250,259,849
3205,4,3251,259,256
3206,4,3251,259,256
3207,4,3251,259,256
3208,4,3251,259,256
3206,4,3252,259,256
3207,4,3253,259,256
3214,4,3263,258,259
3215,4,3263,258,259
3205,5,3248,259,256
3206,5,3248,259,849
3207,5,3248,259,849
3208,5,3248,259,849
3213,5,3248,849,259
3214,5,3248,849,259
3215,5,3248,849,259
3204,5,3249,259,256
3205,5,3249,259,256
3206,5,3249,259,256
3207,5,3249,259,849
3208,5,3249,259,849
3209,5,3249,259,849
3214,5,3249,849,259
3215,5,3249,849,259
3203,5,3250,259,256
3204,5,3250,259,256
3205,5,3250,259,256
3206,5,3250,259,256
3207,5,3250,259,256
3208,5,3250,259,849
3209,5,3250,259,849
3210,5,3250,259,849
3211,5,3250,259,849
3212,5,3250,259,849
3213,5,3250,259,256
3214,5,3250,849,256
3204,5,3251,259,256
3205,5,3251,259,256
3206,5,3251,259,256
3207,5,3251,259,256
3208,5,3251,259,256
3209,5,3251,259,849
3210,5,3251,259,849
3211,5,3251,259,849
3212,5,3251,259,256
3213,5,3251,849,256
3214,5,3251,849,259
3215,5,3251,849,259
3205,5,3252,259,256
3206,5,3252,259,256
3207,5,3252,259,256
3208,5,3252,259,256
3209,5,3252,259,256
3210,5,3252,259,849
3211,5,3252,259,849
3212,5,3252,849,256
3213,5,3252,849,259
3214,5,3252,849,259
3215,5,3252,849,259
3206,5,3253,259,256
3207,5,3253,259,256
3208,5,3253,259,256
3209,5,3253,259,256
3210,5,3253,259,849
3213,5,3253,849,256
3214,5,3253,849,259
3215,5,3253,849,259
3207,5,3254,259,256
3208,5,3254,259,256
3209,5,3254,259,849
3214,5,3254,849,256
3215,5,3254,849,259
3208,5,3255,259,849
3215,5,3255,849,256
3214,5,3256,849,256
3215,5,3256,849,259
3213,5,3257,849,256
3214,5,3257,849,259
3215,5,3257,849,259
3213,5,3258,849,256
3214,5,3258,849,256
3215,5,3258,849,259
3214,5,3259,849,256
3215,5,3259,849,256
3215,5,3260,849,256
3204,6,3248,259,256
3205,6,3248,259,256
3206,6,3248,259,849
3207,6,3248,259,849
3214,6,3248,849,259
3215,6,3248,849,259
3203,6,3249,259,256
3204,6,3249,259,256
3205,6,3249,259,256
3206,6,3249,259,849
3207,6,3249,259,849
3208,6,3249,259,849
3202,6,3250,259,256
3203,6,3250,259,256
3204,6,3250,259,256
3205,6,3250,259,256
3206,6,3250,259,256
3207,6,3250,259,849
3208,6,3250,259,849
3209,6,3250,259,849
3211,6,3250,259,849
3212,6,3250,259,849
3213,6,3250,259,849
3203,6,3251,259,256
3204,6,3251,259,256
3205,6,3251,259,256
3206,6,3251,259,256
3207,6,3251,259,256
3208,6,3251,259,849
3209,6,3251,259,849
3210,6,3251,259,849
3211,6,3251,259,849
3212,6,3251,259,849
3214,6,3251,849,259
3204,6,3252,259,256
3205,6,3252,259,256
3206,6,3252,259,256
3207,6,3252,259,256
3208,6,3252,259,256
3209,6,3252,259,849
3210,6,3252,259,849
3211,6,3252,259,849
3212,6,3252,259,849
3213,6,3252,849,259
3214,6,3252,849,259
3215,6,3252,849,259
3205,6,3253,259,256
3206,6,3253,259,256
3207,6,3253,259,256
3208,6,3253,259,256
3209,6,3253,259,849
3210,6,3253,259,849
3211,6,3253,259,849
3214,6,3253,849,259
3215,6,3253,849,259
3206,6,3254,259,256
3207,6,3254,259,256
3208,6,3254,259,849
3209,6,3254,259,849
3210,6,3254,259,849
3215,6,3254,849,259
3207,6,3255,259,849
3208,6,3255,259,849
3209,6,3255,259,849
3208,6,3256,259,849
3215,6,3256,849,259
3214,6,3257,849,259
3215,6,3257,849,259
3213,6,3258,849,256
3214,6,3258,849,259
3215,6,3258,849,259
3213,6,3259,849,256
3214,6,3259,849,256
3215,6,3259,849,259
3214,6,3260,849,256
3215,6,3260,849,256
3215,6,3261,849,256
3203,7,3248,259,256
3204,7,3248,259,256
3205,7,3248,259,256
3206,7,3248,259,849
3202,7,3249,259,256
3203,7,3249,259,256
3204,7,3249,259,256
3205,7,3249,259,256
3206,7,3249,259,256
3207,7,3249,259,849
3214,7,3249,259,849
3215,7,3249,259,849
3202,7,3250,259,256
3203,7,3250,259,256
3204,7,3250,259,256
3205,7,3250,259,256
3206,7,3250,259,256
3207,7,3250,259,256
3208,7,3250,259,849
3212,7,3250,259,849
3214,7,3250,259,849
3202,7,3251,259,256
3203,7,3251,259,256
3204,7,3251,259,256
3205,7,3251,259,256
3206,7,3251,259,256
3207,7,3251,259,256
3208,7,3251,259,256
3209,7,3251,259,849
3211,7,3251,259,849
3212,7,3251,259,849
3203,7,3252,259,256
3204,7,3252,259,256
3205,7,3252,259,256
3206,7,3252,259,256
3207,7,3252,259,256
3208,7,3252,259,256
3209,7,3252,259,849
3210,7,3252,259,849
3211,7,3252,259,849
3212,7,3252,259,849
3213,7,3252,259,849
3214,7,3252,849,259
3204,7,3253,259,256
3205,7,3253,259,256
3206,7,3253,259,256
3207,7,3253,259,256
3208,7,3253,259,849
3209,7,3253,259,849
3210,7,3253,259,849
3211,7,3253,259,849
3212,7,3253,259,849
3215,7,3253,849,259
3205,7,3254,259,256
3206,7,3254,259,256
3207,7,3254,259,849
3208,7,3254,259,849
3209,7,3254,259,849
3210,7,3254,259,849
3211,7,3254,259,849
3206,7,3255,259,849
3207,7,3255,259,849
3208,7,3255,259,849
3209,7,3255,259,849
3210,7,3255,259,849
3207,7,3256,259,849
3208,7,3256,259,849
3209,7,3256,259,849
3208,7,3257,259,849
3215,7,3257,849,259
3214,7,3258,849,259
3215,7,3258,849,259
3214,7,3259,849,259
3215,7,3259,849,259
3215,7,3260,849,259
3201,8,3248,256,849
3204,8,3248,259,256
3205,8,3248,259,256
3206,8,3248,849,256
3215,8,3248,259,849
3203,8,3249,259,256
3204,8,3249,259,256
3205,8,3249,259,256
3206,8,3249,259,256
3207,8,3249,849,256
3214,8,3249,259,849
3215,8,3249,259,849
3202,8,3250,259,256
3203,8,3250,259,256
3204,8,3250,259,256
3205,8,3250,259,256
3206,8,3250,259,256
3207,8,3250,259,256
3208,8,3250,849,256
3213,8,3250,259,849
3214,8,3250,259,849
3215,8,3250,259,849
3203,8,3251,259,256
3204,8,3251,259,256
3205,8,3251,259,256
3206,8,3251,259,256
3207,8,3251,259,256
3208,8,3251,259,256
3212,8,3251,259,849
3213,8,3251,259,849
3214,8,3251,259,849
3204,8,3252,259,256
3205,8,3252,259,256
3206,8,3252,259,256
3207,8,3252,259,256
3208,8,3252,259,849
3209,8,3252,259,849
3211,8,3252,259,849
3212,8,3252,259,849
3214,8,3252,259,849
3205,8,3253,259,256
3206,8,3253,259,256
3207,8,3253,259,849
3208,8,3253,259,849
3209,8,3253,259,849
3210,8,3253,259,849
3211,8,3253,259,849
3215,8,3253,259,849
3206,8,3254,259,849
3207,8,3254,259,849
3208,8,3254,259,849
3209,8,3254,259,849
3210,8,3254,259,849
3207,8,3255,259,849
3208,8,3255,259,849
3209,8,3255,259,849
3208,8,3256,259,849
3215,8,3258,849,259
3215,8,3259,849,259
3200,9,3248,256,849
3201,9,3248,256,849
3202,9,3248,256,849
3205,9,3248,259,256
3206,9,3248,849,256
3207,9,3248,849,256
3201,9,3249,256,849
3204,9,3249,259,256
3205,9,3249,259,256
3206,9,3249,849,256
3207,9,3249,849,256
3208,9,3249,849,256
3215,9,3249,259,849
3203,9,3250,259,256
3204,9,3250,259,256
3205,9,3250,259,256
3206,9,3250,259,256
3207,9,3250,849,256
3208,9,3250,849,256
3209,9,3250,849,256
3214,9,3250,259,849
3215,9,3250,259,849
3204,9,3251,259,256
3205,9,3251,259,256
3206,9,3251,259,256
3207,9,3251,259,256
3208,9,3251,849,256
3209,9,3251,849,256
3211,9,3251,849,259
3212,9,3251,849,259
3213,9,3251,259,849
3214,9,3251,259,849
3215,9,3251,259,849
3205,9,3252,259,256
3206,9,3252,259,256
3207,9,3252,259,256
3208,9,3252,259,256
3210,9,3252,849,259
3211,9,3252,849,259
3206,9,3253,259,256
3207,9,3253,259,256
3208,9,3253,259,849
3207,9,3254,259,849
3208,9,3254,259,849
3209,9,3254,259,849
3208,9,3255,259,849
3215,9,3257,849,259
3215,9,3258,849,259
3200,10,3248,256,259
3201,10,3248,256,849
3205,10,3248,849,256
3206,10,3248,849,256
3207,10,3248,849,256
3208,10,3248,849,256
3205,10,3249,259,256
3206,10,3249,849,256
3207,10,3249,849,256
3208,10,3249,849,256
3209,10,3249,849,256
3204,10,3250,259,256
3205,10,3250,259,256
3206,10,3250,259,256
3207,10,3250,849,256
3208,10,3250,849,256
3209,10,3250,849,256
3210,10,3250,849,256
3213,10,3250,259,849
3215,10,3250,259,849
3205,10,3251,259,256
3206,10,3251,259,256
3207,10,3251,259,256
3208,10,3251,259,256
3209,10,3251,849,256
3210,10,3251,849,259
3211,10,3251,849,259
3212,10,3251,259,849
3213,10,3251,259,849
3214,10,3251,259,849
3215,10,3251,259,849
3206,10,3252,259,256
3207,10,3252,259,256
3208,10,3252,259,256
3210,10,3252,849,259
3207,10,3253,259,256
3208,10,3254,259,849
3215,10,3256,849,256
3215,10,3257,849,259
3200,11,3248,256,259
3201,11,3248,256,259
3206,11,3248,849,256
3207,11,3248,849,256
3208,11,3248,849,259
3209,11,3248,849,256
3200,11,3249,256,259
3205,11,3249,849,256
3206,11,3249,849,256
3207,11,3249,849,259
3208,11,3249,849,259
3209,11,3249,849,259
3210,11,3249,849,256
3205,11,3250,259,256
3206,11,3250,849,259
3207,11,3250,849,259
3208,11,3250,849,259
3209,11,3250,849,259
3210,11,3250,849,259
3211,11,3250,849,259
3212,11,3250,259,849
3206,11,3251,259,256
3207,11,3251,849,259
3210,11,3251,849,259
3213,11,3251,259,849
3215,11,3251,259,849
3207,11,3252,259,256
3215,11,3256,256,849
3215,11,3257,256,849
3200,12,3248,256,259
3208,12,3248,849,259
3206,12,3249,849,259
3207,12,3249,849,259
3208,12,3249,849,259
3209,12,3249,849,259
3205,12,3250,849,259
3206,12,3250,849,259
3207,12,3250,849,259
3208,12,3250,849,259
3209,12,3250,849,259
3210,12,3250,849,259
3211,12,3250,259,849
3206,12,3251,849,259
3207,12,3251,849,259
3208,12,3251,849,259
3212,12,3251,259,849
3213,12,3251,849,259
3215,12,3251,849,259
3207,12,3252,849,259
3205,12,3254,849,256
3206,12,3254,849,256
3206,12,3255,849,256
3207,12,3255,849,256
3207,12,3256,849,256
3208,12,3256,849,256
3208,12,3257,849,256
3215,12,3257,256,849
3215,12,3258,256,849
3202,13,3248,849,256
3203,13,3249,849,256
3205,13,3249,849,259
3206,13,3249,849,259
3208,13,3249,849,259
3204,13,3250,849,259
3205,13,3250,849,259
3206,13,3250,849,259
3207,13,3250,849,259
3208,13,3250,849,259
3209,13,3250,849,259
3205,13,3251,849,259
3206,13,3251,849,259
3207,13,3251,849,259
3208,13,3251,849,259
3209,13,3251,849,259
3211,13,3251,259,849
3214,13,3251,849,259
3215,13,3251,849,259
3206,13,3252,849,259
3207,13,3252,849,259
3208,13,3252,849,259
3212,13,3252,259,849
3205,13,3253,849,256
3206,13,3253,849,256
3207,13,3253,849,259
3204,13,3254,849,256
3205,13,3254,849,256
3206,13,3254,849,256
3207,13,3254,849,256
3205,13,3255,849,256
3206,13,3255,849,256
3207,13,3255,849,256
3208,13,3255,849,256
3206,13,3256,849,256
3207,13,3256,849,256
3208,13,3256,849,256
3209,13,3256,849,256
3215,13,3256,259,849
3207,13,3257,849,256
3215,13,3257,259,849
3200,14,3248,256,259
3201,14,3248,849,259
3202,14,3248,849,256
3203,14,3248,849,256
3200,14,3249,256,259
3202,14,3249,849,256
3203,14,3249,849,256
3204,14,3249,849,259
3205,14,3249,849,259
3200,14,3250,259,256
3203,14,3250,849,259
3204,14,3250,849,259
3205,14,3250,849,259
3206,14,3250,849,259
3208,14,3250,849,259
3204,14,3251,849,259
3205,14,3251,849,259
3206,14,3251,849,259
3207,14,3251,849,259
3208,14,3251,849,259
3209,14,3251,849,259
3211,14,3251,259,849
3212,14,3251,259,849
3205,14,3252,849,259
3206,14,3252,849,259
3207,14,3252,849,259
3208,14,3252,849,259
3209,14,3252,849,259
3211,14,3252,259,849
3212,14,3252,259,849
3213,14,3252,259,849
3204,14,3253,849,256
3205,14,3253,849,256
3206,14,3253,849,259
3207,14,3253,849,259
3208,14,3253,849,259
3212,14,3253,259,849
3203,14,3254,849,256
3204,14,3254,849,256
3205,14,3254,849,256
3206,14,3254,849,256
3207,14,3254,849,259
3208,14,3254,849,259
3204,14,3255,849,256
3205,14,3255,849,256
3206,14,3255,849,256
3207,14,3255,849,256
3208,14,3255,849,259
3209,14,3255,849,45
3215,14,3255,259,849
3205,14,3256,849,256
3206,14,3256,849,256
3207,14,3256,849,256
3208,14,3256,849,256
3209,14,3256,849,256
3210,14,3256,849,45
3214,14,3256,259,849
3215,14,3256,259,849
3206,14,3257,849,256
3200,15,3248,256,259
3201,15,3248,256,259
3202,15,3248,849,259
3203,15,3248,849,256
3201,15,3249,256,259
3203,15,3249,849,259
3204,15,3249,849,259
3201,15,3250,259,256
3202,15,3250,256,259
3203,15,3250,256,259
3204,15,3250,849,259
3205,15,3250,849,259
3212,15,3250,259,849
3200,15,3251,259,256
3203,15,3251,256,259
3204,15,3251,256,259
3205,15,3251,849,259
3206,15,3251,849,259
3208,15,3251,849,259
3210,15,3251,259,849
3211,15,3251,259,849
3212,15,3251,259,849
3213,15,3251,259,849
3215,15,3251,259,849
3204,15,3252,849,259
3205,15,3252,849,259
3206,15,3252,849,259
3207,15,3252,849,259
3208,15,3252,849,259
3210,15,3252,259,849
3211,15,3252,259,849
3212,15,3252,259,849
3213,15,3252,259,849
3214,15,3252,259,849
3215,15,3252,259,849
3203,15,3253,849,256
3204,15,3253,849,256
3205,15,3253,849,259
3206,15,3253,849,259
3207,15,3253,849,259
3208,15,3253,849,259
3211,15,3253,259,849
3212,15,3253,259,849
3213,15,3253,259,849
3202,15,3254,849,256
3203,15,3254,849,256
3204,15,3254,849,256
3205,15,3254,849,256
3206,15,3254,849,259
3207,15,3254,849,259
3208,15,3254,849,259
3209,15,3254,849,259
3212,15,3254,259,849
3203,15,3255,849,256
3204,15,3255,849,256
3205,15,3255,849,256
3206,15,3255,849,256
3207,15,3255,849,259
3208,15,3255,849,259
3209,15,3255,849,259
3210,15,3255,849,256
3204,15,3256,849,256
3205,15,3256,849,256
3206,15,3256,849,256
3207,15,3256,849,256
3208,15,3256,849,259
3209,15,3256,849,256
3210,15,3256,849,256
3215,15,3256,259,849
3204,15,3257,256,33
3205,15,3257,849,256
3206,15,3257,849,256
3207,15,3257,849,256
3215,15,3257,259,849
3201,16,3248,256,259
3202,16,3248,256,259
3203,16,3248,849,259
3204,16,3248,849,259
3202,16,3249,256,259
3203,16,3249,256,259
3204,16,3249,849,259
3205,16,3249,849,259
3203,16,3250,256,259
3204,16,3250,256,259
3205,16,3250,849,259
3206,16,3250,849,259
3208,16,3250,849,259
3213,16,3250,256,849
3215,16,3250,259,849
3201,16,3251,259,256
3202,16,3251,256,259
3203,16,3251,256,259
3204,16,3251,256,259
3205,16,3251,256,259
3206,16,3251,849,259
3207,16,3251,849,259
3208,16,3251,849,259
3210,16,3251,259,849
3211,16,3251,259,849
3212,16,3251,259,849
3213,16,3251,256,849
3214,16,3251,256,849
3215,16,3251,259,849
3200,16,3252,259,256
3203,16,3252,256,259
3204,16,3252,256,259
3205,16,3252,849,259
3206,16,3252,849,259
3207,16,3252,849,259
3211,16,3252,259,849
3212,16,3252,259,849
3213,16,3252,259,849
3214,16,3252,256,849
3215,16,3252,259,849
3204,16,3253,849,259
3205,16,3253,849,259
3206,16,3253,849,259
3207,16,3253,849,259
3212,16,3253,259,849
3215,16,3253,259,849
3203,16,3254,849,256
3204,16,3254,849,256
3205,16,3254,849,259
3206,16,3254,849,259
3207,16,3254,849,259
3208,16,3254,849,259
3204,16,3255,849,256
3205,16,3255,849,256
3206,16,3255,849,259
3207,16,3255,849,259
3208,16,3255,849,259
3209,16,3255,849,259
3205,16,3256,849,256
3206,16,3256,849,256
3207,16,3256,849,259
3208,16,3256,849,259
3209,16,3256,849,259
3206,16,3257,849,256
3207,16,3257,849,256
3208,16,3257,849,259
3215,16,3257,259,849
3215,16,3258,259,849
3202,17,3248,256,259
3203,17,3248,256,259
3203,17,3249,256,259
3204,17,3249,256,259
3208,17,3249,849,259
3215,17,3249,259,849
3204,17,3250,256,259
3205,17,3250,256,259
3207,17,3250,849,259
3208,17,3250,849,259
3209,17,3250,849,259
3214,17,3250,256,849
3215,17,3250,259,849
3202,17,3251,259,256
3203,17,3251,256,259
3204,17,3251,256,259
3205,17,3251,256,259
3206,17,3251,256,259
3207,17,3251,849,259
3211,17,3251,259,849
3212,17,3251,259,849
3213,17,3251,259,849
3214,17,3251,256,849
3215,17,3251,259,849
3200,17,3252,259,256
3201,17,3252,259,256
3204,17,3252,256,259
3205,17,3252,256,259
3212,17,3252,259,849
3215,17,3252,256,849
3200,17,3253,259,256
3205,17,3253,849,259
3206,17,3253,849,259
3204,17,3254,849,256
3205,17,3254,849,256
3206,17,3254,849,259
3207,17,3254,849,259
3205,17,3255,849,256
3206,17,3255,849,256
3207,17,3255,849,259
3208,17,3255,849,259
3206,17,3256,849,256
3207,17,3256,849,256
3208,17,3256,849,259
3207,17,3257,849,256
3215,17,3259,256,849
3203,18,3249,259,256
3209,18,3249,849,259
3202,18,3250,259,256
3210,18,3250,849,259
3215,18,3250,259,849
3201,18,3251,259,256
3202,18,3251,259,256
3203,18,3251,259,256
3204,18,3251,256,259
3205,18,3251,256,259
3212,18,3251,259,849
3215,18,3251,259,849
3200,18,3252,259,256
3201,18,3252,259,256
3202,18,3252,259,256
3200,18,3253,259,256
3201,18,3253,259,256
3205,18,3254,849,256
3206,18,3254,849,256
3206,18,3255,849,256
3207,18,3255,849,256
3207,18,3256,849,256
3202,19,3249,259,256
3203,19,3249,259,256
3204,19,3249,259,256
3210,19,3249,849,259
3201,19,3250,259,256
3202,19,3250,259,256
3203,19,3250,259,256
3211,19,3250,849,259
3200,19,3251,259,256
3201,19,3251,259,256
3202,19,3251,259,256
3203,19,3251,259,256
3204,19,3251,259,256
3200,19,3252,259,256
3201,19,3252,259,256
3202,19,3252,259,256
3203,19,3252,259,256
3200,19,3253,259,256
3201,19,3253,259,256
3202,19,3253,259,256
3213,19,3262,849,256
3212,19,3263,849,256
3213,19,3263,849,256
3214,19,3263,849,256
3201,20,3249,259,256
3202,20,3249,259,256
3203,20,3249,259,256
3204,20,3249,259,256
3205,20,3249,259,256
3202,20,3250,259,256
3203,20,3250,259,256
3204,20,3250,259,256
3201,20,3251,259,256
3202,20,3251,259,256
3203,20,3251,259,256
3200,20,3252,259,256
3201,20,3252,259,256
3202,20,3252,259,256
3203,20,3252,259,256
3200,20,3253,259,256
3201,20,3253,259,256
3202,20,3253,259,256
3203,20,3253,259,256
3213,20,3261,849,256
3212,20,3262,849,256
3213,20,3262,849,256
3214,20,3262,849,256
3211,20,3263,849,256
3212,20,3263,849,256
3213,20,3263,849,256
3214,20,3263,849,256
3215,20,3263,849,256
3201,21,3248,259,256
3202,21,3249,259,256
3203,21,3249,259,256
3204,21,3249,259,256
3203,21,3250,259,256
3204,21,3250,259,256
3205,21,3250,259,256
3202,21,3251,259,256
3203,21,3251,259,256
3204,21,3251,259,256
3201,21,3252,259,256
3202,21,3252,259,256
3203,21,3252,259,256
3200,21,3253,259,256
3201,21,3253,259,256
3202,21,3253,259,256
3211,21,3262,849,256
3212,21,3262,849,256
3214,21,3262,849,256
3215,21,3262,849,256
3210,21,3263,849,45
3211,21,3263,849,45
3212,21,3263,849,256
3213,21,3263,849,256
3214,21,3263,849,256
3215,21,3263,849,256
3202,22,3248,259,256
3203,22,3249,259,256
3204,22,3250,259,256
3203,22,3251,259,256
3202,22,3252,259,256
3201,22,3253,259,256
3210,22,3262,849,256
3211,22,3262,849,256
3215,22,3262,849,256
3209,22,3263,849,256
3210,22,3263,849,256
3211,22,3263,849,45
3215,22,3263,849,256
3202,23,3248,256,259
3203,23,3249,256,259
3204,23,3250,256,259
3203,23,3251,256,259
3202,23,3252,256,259
3201,23,3253,256,259
3209,23,3262,849,256
3210,23,3262,849,256
3208,23,3263,849,256
3209,23,3263,849,256
3210,23,3263,849,256
3202,24,3249,256,259
3203,24,3249,256,259
3204,24,3249,256,259
3203,24,3250,256,259
3204,24,3250,256,259
3205,24,3250,256,259
3202,24,3251,256,259
3203,24,3251,256,259
3204,24,3251,256,259
3201,24,3252,256,259
3202,24,3252,256,259
3203,24,3252,256,259
3200,24,3253,256,259
3201,24,3253,256,259
3202,24,3253,256,259
3209,24,3263,849,256
3202,25,3250,256,259
3203,25,3250,607,259
3204,25,3250,607,259
3205,25,3250,607,259
3206,25,3250,256,259
3201,25,3251,256,259
3202,25,3251,256,259
3203,25,3251,607,259
3204,25,3251,607,259
3205,25,3251,256,259
3200,25,3252,256,259
3201,25,3252,256,259
3202,25,3252,256,259
3203,25,3252,256,259
3204,25,3252,256,259
3200,25,3253,256,259
3201,25,3253,256,259
3202,25,3253,256,259
3203,25,3253,256,259
3210,25,3262,256,849
3209,25,3263,256,849
3211,25,3263,259,849
3200,26,3251,849,259
3201,26,3251,256,259
3202,26,3251,256,259
3203,26,3251,607,259
3204,26,3251,607,259
3200,26,3252,256,259
3201,26,3252,256,259
3202,26,3252,256,259
3203,26,3252,256,259
3200,26,3253,256,259
3201,26,3253,256,259
3202,26,3253,256,259
3209,26,3262,256,849
3208,26,3263,256,849
3209,26,3263,256,849
3210,26,3263,259,849
3212,26,3263,259,849
3214,26,3263,259,849
3215,26,3263,259,849
3200,27,3252,849,259
3201,27,3252,256,259
3202,27,3252,256,259
3200,27,3253,256,259
3201,27,3253,256,259
3200,27,3254,256,849
3214,27,3262,259,849
3215,27,3262,259,849
3209,27,3263,259,849
3215,27,3263,259,849
3200,28,3252,256,259
3201,28,3252,256,259
3200,28,3253,256,259
3215,28,3262,259,849
3200,29,3252,256,259
3215,29,3261,259,256
3209,29,3263,259,256
3215,30,3261,256,259
3209,30,3263,45,259
3200,31,3252,849,256
3215,31,3261,256,259
3215,31,3262,256,259
3209,31,3263,45,259
3210,31,3263,256,259
3200,32,3252,849,256
3200,32,3253,849,256
3209,32,3263,256,259
3210,32,3263,256,259
3211,32,3263,256,259
3200,33,3252,849,256
3200,33,3253,849,256
3200,33,3254,849,256
3215,33,3261,259,256
3211,33,3262,256,259
3210,33,3263,256,259
3200,34,3253,849,256
3215,34,3260,259,256
3212,34,3261,259,256
3214,34,3261,259,256
3215,34,3261,259,256
3211,34,3262,259,256
3215,34,3262,259,256
3212,35,3260,259,256
3211,35,3261,259,256
3212,35,3261,259,256
3213,35,3261,259,256
3215,35,3261,259,256
3211,35,3262,259,256
3212,35,3262,259,256
3211,35,3263,259,256
3212,36,3261,259,256
3211,36,3262,259,256
3200,37,3252,256,849
3211,37,3262,256,259
3211,38,3263,256,259
3212,39,3263,256,259
3200,40,3251,256,849
3202,40,3252,849,256
3212,40,3262,256,259
3213,40,3262,256,259
3211,40,3263,256,259
3212,40,3263,256,259
3213,40,3263,256,259
3205,41,3249,849,256
3204,41,3250,849,256
3205,41,3250,849,256
3203,41,3251,849,256
3204,41,3251,849,256
3200,41,3252,256,849
3201,41,3252,849,256
3202,41,3252,849,256
3203,41,3252,849,256
3202,41,3253,849,256
3213,41,3262,256,259
3214,41,3262,256,259
3215,41,3262,256,259
3212,41,3263,256,259
3213,41,3263,256,259
3214,41,3263,256,259
3205,42,3248,849,256
3204,42,3249,849,256
3205,42,3249,849,256
3200,42,3250,849,259
3201,42,3250,849,256
3203,42,3250,849,256
3204,42,3250,849,256
3205,42,3250,849,256
3207,42,3250,849,256
3201,42,3251,849,256
3202,42,3251,849,256
3203,42,3251,849,256
3204,42,3251,849,256
3205,42,3251,849,256
3200,42,3252,849,256
3201,42,3252,849,256
3202,42,3252,849,256
3203,42,3252,849,256
3204,42,3252,849,256
3201,42,3253,849,256
3202,42,3253,849,256
3203,42,3253,849,256
3205,42,3253,256,849
3202,42,3254,849,256
3214,42,3262,256,259
3213,42,3263,256,259
3214,42,3263,256,259
3215,42,3263,256,259
3204,43,3248,849,256
3201,43,3249,849,256
3203,43,3249,849,256
3204,43,3249,849,256
3205,43,3249,849,256
3200,43,3250,849,256
3201,43,3250,849,256
3202,43,3250,849,256
3203,43,3250,849,256
3204,43,3250,849,256
3205,43,3250,849,256
3206,43,3250,849,256
3200,43,3251,849,256
3201,43,3251,849,256
3202,43,3251,849,256
3203,43,3251,849,256
3204,43,3251,849,256
3205,43,3251,849,256
3207,43,3251,849,256
3200,43,3252,849,256
3201,43,3252,849,256
3202,43,3252,849,256
3203,43,3252,849,256
3204,43,3252,849,256
3200,43,3253,849,256
3201,43,3253,849,256
3202,43,3253,849,256
3203,43,3253,849,256
3205,43,3253,256,849
3206,43,3253,256,849
3201,43,3254,849,256
3202,43,3254,849,256
3203,43,3254,849,256
3205,43,3254,256,849
3202,43,3255,849,256
3214,43,3263,256,259
3201,44,3248,259,849
3200,44,3249,259,849
3201,44,3249,259,849
3200,44,3250,259,256
3204,44,3250,849,256
3205,44,3250,849,256
3200,44,3251,849,256
3201,44,3251,849,256
3203,44,3251,849,256
3204,44,3251,849,256
3206,44,3251,849,256
3200,44,3252,849,256
3201,44,3252,849,256
3202,44,3252,849,256
3203,44,3252,849,256
3206,44,3252,256,849
3207,44,3252,849,256
3201,44,3253,849,256
3202,44,3253,849,256
3206,44,3253,256,849
3207,44,3253,256,849
3202,44,3254,849,256
3203,44,3254,849,256
3205,44,3254,256,849
3206,44,3254,256,849
3201,44,3255,849,256
3202,44,3255,849,256
3203,44,3255,849,256
3205,44,3255,256,849
3202,44,3256,849,256
3200,45,3248,259,849
3201,45,3248,259,849
3202,45,3248,259,849
3200,45,3249,259,849
3201,45,3249,259,849
3202,45,3249,259,849
3200,45,3250,259,849
3201,45,3250,259,849
3206,45,3250,849,256
3200,45,3251,259,256
3207,45,3251,849,256
3201,45,3252,849,256
3208,45,3252,849,256
3205,45,3253,256,849
3206,45,3253,256,849
3208,45,3253,256,849
3204,45,3254,256,849
3205,45,3254,256,849
3206,45,3254,256,849
3207,45,3254,256,849
3202,45,3255,849,256
3204,45,3255,256,849
3205,45,3255,256,849
3206,45,3255,256,849
3205,45,3256,256,849
3201,46,3248,259,849
3202,46,3248,259,849
3203,46,3248,259,849
3200,46,3249,259,849
3201,46,3249,259,849
3202,46,3249,259,849
3203,46,3249,259,849
3206,46,3249,849,256
3200,46,3250,259,849
3201,46,3250,259,849
3202,46,3250,259,849
3207,46,3250,849,256
3200,46,3251,259,849
3201,46,3251,259,849
3208,46,3251,849,256
3209,46,3252,849,256
3204,46,3253,256,849
3205,46,3253,256,849
3204,46,3254,256,849
3205,46,3254,256,849
3206,46,3254,256,849
3208,46,3254,256,849
3203,46,3255,256,849
3204,46,3255,256,849
3205,46,3255,256,849
3206,46,3255,256,849
3207,46,3255,256,849
3204,46,3256,256,849
3205,46,3256,256,849
3206,46,3256,256,849
3200,47,3248,259,849
3201,47,3248,259,849
3202,47,3248,259,849
3203,47,3248,259,849
3206,47,3248,849,256
3200,47,3249,259,849
3201,47,3249,259,849
3202,47,3249,259,849
3206,47,3249,849,256
3207,47,3249,849,256
3200,47,3250,259,849
3201,47,3250,259,849
3208,47,3250,849,256
3200,47,3251,259,849
3209,47,3251,849,256
3209,47,3252,849,256
3204,47,3253,256,849
3205,47,3254,256,849
3204,47,3255,256,849
3205,47,3255,256,849
3206,47,3255,256,849
3208,47,3255,256,849
3203,47,3256,256,849
3204,47,3256,256,849
3205,47,3256,256,849
3206,47,3256,256,849
3207,47,3256,256,849
3201,48,3248,259,849
3202,48,3248,259,849
3206,48,3248,849,256
3201,48,3249,259,849
3206,48,3249,849,256
3207,48,3249,849,256
3209,48,3251,849,256
3205,48,3255,256,849
3204,48,3256,256,849
3205,48,3256,256,849
3206,48,3256,256,849
3200,49,3248,259,849
3201,49,3248,259,849
3206,49,3249,849,256
3205,49,3256,256,849
3207,51,3251,849,256
3208,51,3251,849,256
3208,51,3252,849,256
3209,51,3252,849,256
3208,52,3251,849,256
3209,52,3251,849,256
3208,52,3252,849,256
3209,52,3252,849,256
3209,53,3251,849,256
3205,61,3259,849,256
3206,61,3259,849,256
3206,61,3260,849,256
3207,61,3260,849,256
3207,61,3261,849,256
3205,62,3258,849,256
3206,62,3258,849,256
3204,62,3259,849,256
3205,62,3259,849,256
3206,62,3259,849,256
3207,62,3259,849,256
3205,62,3260,849,256
3206,62,3260,849,256
3207,62,3260,849,256
3208,62,3260,849,45
3206,62,3261,849,256
3207,62,3261,849,256
3208,62,3261,849,45
3207,62,3262,849,256
3206,63,3257,849,256
3205,63,3258,849,256
3206,63,3258,849,256
3203,63,3259,849,256
3204,63,3259,849,256
3205,63,3259,849,256
3206,63,3259,849,256
3204,63,3260,849,256
3205,63,3260,849,256
3206,63,3260,849,256
3207,63,3260,849,256
3205,63,3261,849,256
3206,63,3261,849,256
3207,63,3261,849,256
3208,63,3261,849,45
3206,63,3262,849,256
3207,63,3262,849,256
3208,63,3262,849,45
3207,63,3263,849,256
3207,64,3257,849,256
3206,64,3258,849,256
3202,64,3259,849,256
3203,64,3259,849,256
3205,64,3259,849,256
3206,64,3259,849,256
3207,64,3259,849,256
3203,64,3260,849,256
3204,64,3260,849,256
3205,64,3260,849,256
3206,64,3260,849,256
3207,64,3260,849,256
3208,64,3260,849,256
3204,64,3261,849,256
3205,64,3261,849,256
3206,64,3261,849,256
3207,64,3261,849,256
3208,64,3261,849,256
3209,64,3261,849,256
3205,64,3262,849,256
3206,64,3262,849,256
3207,64,3262,849,256
3208,64,3262,849,256
3209,64,3262,849,256
3206,64,3263,849,256
3207,64,3263,849,256
3208,64,3263,849,256
3215,65,3248,259,256
3209,65,3256,849,256
3208,65,3257,849,256
3207,65,3258,849,256
3201,65,3259,849,256
3202,65,3259,849,256
3206,65,3259,849,256
3207,65,3259,849,256
3208,65,3259,849,256
3202,65,3260,849,256
3203,65,3260,849,256
3205,65,3260,849,256
3206,65,3260,849,256
3207,65,3260,849,256
3208,65,3260,849,256
3209,65,3260,849,256
3203,65,3261,849,256
3204,65,3261,849,256
3205,65,3261,849,256
3206,65,3261,849,256
3207,65,3261,849,256
3208,65,3261,849,256
3209,65,3261,849,256
3210,65,3261,849,256
3204,65,3262,849,256
3205,65,3262,849,256
3206,65,3262,849,256
3207,65,3262,849,256
3208,65,3262,849,256
3209,65,3262,849,256
3210,65,3262,849,256
3205,65,3263,849,256
3206,65,3263,849,256
3207,65,3263,849,256
3208,65,3263,849,256
3209,65,3263,849,256
3215,66,3248,259,256
3209,66,3257,849,256
3208,66,3259,849,256
3209,66,3259,849,256
3206,66,3260,849,256
3207,66,3260,849,256
3208,66,3260,849,256
3209,66,3260,849,256
3210,66,3260,849,256
3205,66,3261,849,256
3206,66,3261,849,256
3207,66,3261,849,256
3208,66,3261,849,256
3209,66,3261,849,256
3210,66,3261,849,256
3205,66,3262,849,256
3206,66,3262,849,256
3207,66,3262,849,256
3208,66,3262,849,256
3209,66,3262,849,256
3206,66,3263,849,256
3207,66,3263,849,256
3208,66,3263,849,256
3215,67,3248,259,256
3209,67,3259,849,256
3210,67,3259,849,256
3208,67,3260,849,256
3209,67,3260,849,256
3210,67,3260,849,256
3206,67,3261,849,256
3207,67,3261,849,256
3208,67,3261,849,256
3209,67,3261,849,256
3206,67,3262,849,256
3207,67,3262,849,256
3208,67,3262,849,256
3207,67,3263,849,256
3215,68,3248,259,256
3210,68,3259,849,256
3209,68,3260,849,256
3206,68,3261,849,256
3208,68,3261,849,256
3207,68,3262,849,256
3215,69,3248,259,256
3215,70,3248,259,256
3204,73,3261,256,849
3205,73,3261,256,849
3203,73,3262,256,849
3204,73,3262,256,849
3205,73,3262,256,849
3204,73,3263,256,849
3204,74,3260,256,849
3205,74,3260,256,849
3201,74,3261,256,849
3203,74,3261,256,849
3204,74,3261,256,849
3205,74,3261,256,849
3206,74,3261,256,849
3202,74,3262,256,849
3203,74,3262,256,849
3204,74,3262,256,849
3205,74,3262,256,849
3203,74,3263,256,849
3204,74,3263,256,849
3205,74,3263,256,849
3204,75,3259,256,849
3203,75,3260,256,849
3204,75,3260,256,849
3205,75,3260,256,849
3203,75,3261,256,849
3204,75,3261,256,849
3205,75,3261,256,849
3204,75,3262,256,849
3203,75,3263,256,849
3204,75,3263,256,849
3205,75,3263,256,849
3204,76,3258,256,849
3203,76,3259,256,849
3204,76,3259,256,849
3205,76,3259,256,849
3203,76,3260,256,849
3204,76,3260,256,849
3205,76,3260,256,849
3204,76,3261,256,849
3204,76,3263,256,849
3204,77,3257,256,849
3203,77,3258,256,849
3204,77,3258,256,849
3205,77,3258,256,849
3203,77,3259,256,849
3204,77,3259,256,849
3204,77,3260,256,849
3204,78,3258,256,849
3214,82,3248,849,256
3214,83,3248,849,256
3215,83,3248,849,256
3214,84,3248,849,256
3215,84,3248,849,256
3215,84,3249,849,256
3213,85,3248,849,256
3214,85,3248,849,256
3215,85,3248,849,256
3214,85,3249,849,256
3215,85,3249,849,256
3213,86,3248,849,256
3214,86,3248,849,256
3215,86,3248,849,256
3214,86,3249,849,256
3215,86,3249,849,256
3213,87,3248,849,256
3214,87,3248,849,256
3215,87,3248,849,256
3213,87,3249,849,256
3214,87,3249,849,256
3212,88,3248,849,256
3213,88,3248,849,256
3213,88,3249,849,256
3203,90,3252,256,849
3202,90,3253,256,849
3203,90,3253,256,849
3204,90,3253,256,849
3201,90,3254,256,849
3202,90,3254,256,849
3203,90,3254,256,849
3202,90,3255,256,849
3203,91,3251,256,849
3202,91,3252,256,849
3203,91,3252,256,849
3204,91,3252,256,849
3201,91,3253,256,849
3202,91,3253,256,849
3203,91,3253,256,849
3200,91,3254,256,849
3201,91,3254,256,849
3202,91,3254,256,849
3201,91,3255,256,849
3203,92,3250,256,849
3202,92,3251,256,849
3203,92,3251,256,849
3204,92,3251,256,849
3201,92,3252,256,849
3202,92,3252,256,849
3203,92,3252,256,849
3204,92,3252,256,849
3205,92,3252,256,849
3200,92,3253,256,849
3201,92,3253,256,849
3202,92,3253,256,849
3203,92,3253,256,849
3204,92,3253,256,849
3200,92,3254,256,849
3201,92,3254,256,849
3202,92,3254,256,849
3203,92,3254,256,849
3200,92,3255,256,849
3201,92,3255,256,849
3202,92,3255,256,849
3201,92,3256,256,849
3202,92,3257,256,849
3202,93,3250,256,849
3203,93,3250,256,849
3204,93,3250,256,849
3201,93,3251,256,849
3202,93,3251,256,849
3203,93,3251,256,849
3204,93,3251,256,849
3200,93,3252,256,849
3201,93,3252,256,849
3202,93,3252,256,849
3203,93,3252,256,849
3204,93,3252,256,849
3205,93,3252,256,849
3200,93,3253,256,849
3201,93,3253,256,849
3202,93,3253,256,849
3203,93,3253,256,849
3204,93,3253,256,849
3205,93,3253,256,849
3200,93,3254,256,849
3201,93,3254,256,849
3202,93,3254,256,849
3203,93,3254,256,849
3204,93,3254,256,849
3200,93,3255,256,849
3201,93,3255,256,849
3202,93,3255,256,849
3203,93,3255,256,849
3200,93,3256,256,849
3201,93,3256,256,849
3202,93,3256,256,849
3201,93,3257,256,849
3202,93,3257,256,849
3202,94,3250,256,849
3203,94,3250,256,849
3204,94,3250,256,849
3200,94,3251,256,849
3201,94,3251,256,849
3202,94,3251,256,849
3203,94,3251,256,849
3200,94,3252,256,849
3201,94,3252,256,849
3202,94,3252,256,849
3203,94,3252,256,849
3204,94,3252,256,849
3200,94,3253,256,849
3201,94,3253,256,849
3202,94,3253,256,849
3203,94,3253,256,849
3204,94,3253,256,849
3205,94,3253,256,849
3200,94,3254,256,849
3201,94,3254,256,849
3202,94,3254,256,849
3203,94,3254,256,849
3204,94,3254,256,849
3205,94,3254,256,849
3200,94,3255,256,849
3201,94,3255,256,849
3202,94,3255,256,849
3203,94,3255,256,849
3204,94,3255,256,849
3200,94,3256,256,849
3201,94,3256,256,849
3202,94,3256,256,849
3200,94,3257,256,849
3201,94,3257,256,849
3202,95,3250,256,849
3203,95,3250,256,849
3200,95,3251,256,849
3201,95,3251,256,849
3202,95,3251,256,849
3200,95,3252,256,849
3201,95,3252,256,849
3202,95,3252,256,849
3203,95,3252,256,849
3200,95,3253,256,849
3201,95,3253,256,849
3202,95,3253,256,849
3203,95,3253,256,849
3204,95,3253,256,849
3200,95,3254,256,849
3201,95,3254,256,849
3202,95,3254,256,849
3203,95,3254,256,849
3204,95,3254,256,849
3200,95,3255,256,849
3201,95,3255,256,849
3202,95,3255,256,849
3200,95,3256,256,849
3201,95,3256,256,849
3200,95,3257,256,849
3207,95,3257,256,849
3202,96,3250,256,849
3203,96,3250,256,849
3200,96,3251,256,849
3201,96,3251,256,849
3200,96,3252,256,849
3201,96,3252,256,849
3202,96,3252,256,849
3203,96,3252,256,849
3200,96,3253,256,849
3201,96,3253,256,849
3202,96,3253,256,849
3203,96,3253,256,849
3204,96,3253,256,849
3200,96,3254,256,849
3201,96,3254,256,849
3202,96,3254,256,849
3200,96,3255,256,849
3201,96,3255,256,849
3200,96,3256,256,849
3200,97,3252,256,849
3201,97,3252,256,849
3200,97,3253,256,849
3201,97,3253,256,849
3202,97,3253,256,849
3200,97,3254,256,849
3201,97,3254,256,849
3200,97,3255,256,849
3200,98,3253,256,849
3201,98,3253,256,849
3200,98,3254,256,849
3201,98,3254,256,849
3200,98,3255,256,849
3200,99,3254,256,849
3203,106,3248,849,259
3203,110,3248,259,849
3226,1,3250,258,259
3226,1,3251,258,259
3225,1,3256,259,258
3220,1,3261,259,258
3231,2,3248,259,258
3227,2,3250,258,259
3227,2,3251,258,259
3224,2,3256,259,258
3223,2,3259,258,259
3220,2,3263,259,258
3231,3,3248,259,258
3227,3,3250,258,259
3227,3,3251,258,259
3224,3,3252,259,258
3224,3,3253,259,258
3224,3,3254,259,258
3225,3,3254,259,258
3224,3,3255,259,258
3225,3,3255,259,258
3224,3,3256,259,258
3216,3,3263,258,259
3220,3,3263,259,258
3216,4,3248,849,259
3217,4,3248,259,256
3225,4,3248,849,256
3226,4,3248,849,256
3228,4,3248,849,259
3229,4,3248,849,259
3231,4,3248,256,259
3217,4,3249,259,256
3218,4,3249,259,256
3225,4,3249,259,256
3226,4,3249,849,256
3227,4,3249,849,256
3229,4,3249,256,259
3230,4,3249,256,259
3231,4,3249,256,259
3218,4,3250,259,256
3219,4,3250,259,256
3223,4,3250,259,256
3224,4,3250,259,256
3219,4,3251,259,256
3222,4,3251,259,256
3224,4,3254,259,258
3220,4,3260,259,258
3221,4,3260,259,258
3220,4,3261,259,258
3216,4,3262,258,259
3216,4,3263,258,259
3217,4,3263,258,259
3216,5,3248,849,259
3224,5,3248,849,259
3225,5,3248,849,259
3226,5,3248,849,256
3227,5,3248,849,259
3228,5,3248,849,259
3229,5,3248,849,259
3230,5,3248,849,259
3231,5,3248,256,259
3217,5,3249,259,256
3225,5,3249,849,256
3226,5,3249,849,256
3227,5,3249,849,256
3228,5,3249,849,259
3229,5,3249,849,259
3230,5,3249,256,259
3231,5,3249,256,259
3218,5,3250,259,256
3224,5,3250,259,256
3225,5,3250,259,256
3217,5,3251,849,259
3218,5,3251,849,259
3219,5,3251,259,256
3223,5,3251,259,256
3224,5,3251,259,256
3216,5,3252,849,259
3217,5,3252,849,259
3218,5,3252,849,259
3220,5,3252,259,256
3222,5,3252,259,256
3216,5,3253,849,259
3217,5,3253,849,259
3218,5,3253,849,259
3221,5,3253,259,256
3222,5,3253,259,256
3216,5,3254,849,259
3217,5,3254,849,259
3218,5,3254,849,259
3216,5,3255,849,259
3217,5,3255,849,259
3218,5,3255,849,259
3216,5,3256,849,259
3217,5,3256,849,259
3218,5,3256,849,259
3216,5,3257,849,259
3217,5,3257,849,259
3218,5,3257,849,259
3216,5,3258,849,259
3217,5,3258,849,259
3216,5,3259,849,259
3216,5,3263,258,259
3224,6,3248,849,259
3225,6,3248,849,259
3226,6,3248,849,259
3227,6,3248,849,259
3228,6,3248,849,259
3229,6,3248,849,259
3230,6,3248,849,259
3231,6,3248,256,259
3224,6,3249,849,259
3225,6,3249,849,259
3226,6,3249,849,256
3227,6,3249,849,259
3228,6,3249,849,256
3229,6,3249,849,259
3230,6,3249,849,259
3231,6,3249,256,259
3225,6,3250,259,256
3226,6,3250,259,256
3218,6,3251,849,259
3224,6,3251,259,256
3225,6,3251,259,849
3217,6,3252,849,259
3218,6,3252,849,259
3216,6,3253,849,259
3217,6,3253,849,259
3218,6,3253,849,259
3222,6,3253,259,256
3216,6,3254,849,259
3217,6,3254,849,259
3218,6,3254,849,259
3216,6,3255,849,259
3217,6,3255,849,259
3218,6,3255,849,259
3216,6,3256,849,259
3217,6,3256,849,259
3218,6,3256,849,259
3216,6,3257,849,259
3217,6,3257,849,259
3218,6,3257,849,259
3216,6,3258,849,259
3217,6,3258,849,259
3218,6,3258,849,259
3216,6,3259,849,259
3217,6,3259,849,259
3216,6,3260,849,259
3216,7,3248,259,849
3224,7,3248,849,259
3225,7,3248,849,259
3226,7,3248,849,259
3227,7,3248,849,259
3228,7,3248,849,259
3229,7,3248,849,259
3230,7,3248,849,259
3231,7,3248,256,259
3224,7,3249,849,259
3225,7,3249,849,259
3226,7,3249,849,259
3227,7,3249,849,259
3228,7,3249,849,259
3229,7,3249,849,256
3230,7,3249,849,259
3227,7,3250,256,259
3218,7,3252,849,259
3217,7,3253,849,259
3218,7,3253,849,259
3216,7,3254,849,259
3217,7,3254,849,259
3218,7,3254,849,259
3217,7,3255,849,259
3218,7,3255,849,259
3216,7,3256,849,259
3217,7,3256,849,259
3218,7,3256,849,259
3216,7,3257,849,259
3217,7,3257,849,259
3218,7,3257,849,259
3216,7,3258,849,259
3217,7,3258,849,259
3216,7,3259,849,259
3216,8,3248,259,849
3217,8,3248,259,849
3224,8,3248,849,259
3225,8,3248,849,259
3226,8,3248,849,259
3228,8,3248,849,259
3229,8,3248,849,259
3230,8,3248,849,259
3231,8,3248,256,259
3216,8,3249,259,849
3224,8,3249,849,259
3225,8,3249,849,259
3226,8,3249,849,259
3227,8,3249,849,259
3228,8,3249,849,259
3229,8,3249,849,259
3230,8,3249,849,256
3225,8,3250,849,259
3226,8,3250,849,259
3227,8,3250,257,259
3228,8,3250,257,259
3227,8,3251,849,259
3218,8,3253,849,259
3217,8,3254,849,259
3218,8,3254,849,259
3218,8,3255,849,259
3217,8,3256,849,259
3218,8,3256,849,259
3216,8,3257,849,259
3217,8,3257,849,259
3216,8,3258,849,259
3216,9,3248,259,849
3217,9,3248,259,849
3218,9,3248,259,849
3224,9,3248,849,259
3225,9,3248,849,259
3229,9,3248,849,259
3230,9,3248,849,259
3231,9,3248,256,259
3216,9,3249,259,849
3217,9,3249,259,849
3225,9,3249,849,259
3226,9,3249,849,259
3228,9,3249,849,259
3229,9,3249,849,256
3216,9,3250,259,849
3226,9,3250,256,259
3227,9,3250,256,259
3217,9,3253,849,259
3218,9,3253,849,259
3216,9,3254,849,259
3217,9,3254,849,259
3218,9,3254,849,259
3217,9,3255,849,259
3218,9,3255,849,259
3216,9,3256,849,259
3217,9,3256,849,259
3216,9,3257,849,259
3217,10,3248,259,849
3218,10,3248,259,849
3219,10,3248,259,849
3230,10,3248,256,259
3231,10,3248,256,259
3216,10,3249,259,849
3217,10,3249,259,849
3218,10,3249,259,849
3216,10,3250,259,849
3217,10,3250,259,849
3216,10,3251,259,849
3217,10,3253,849,259
3216,10,3254,849,259
3217,10,3254,849,259
3218,10,3254,849,259
3216,10,3255,849,259
3217,10,3255,849,259
3216,10,3256,849,259
3218,11,3248,259,849
3231,11,3248,256,259
3217,11,3249,259,849
3216,11,3250,259,849
3217,11,3254,256,849
3218,11,3254,256,849
3216,11,3255,259,849
3217,11,3255,259,849
3218,11,3255,256,259
3216,11,3256,259,849
3218,12,3248,849,259
3223,12,3248,256,259
3224,12,3248,417,259
3230,12,3248,256,259
3231,12,3248,256,259
3217,12,3249,849,259
3229,12,3249,256,259
3216,12,3250,849,259
3229,12,3250,256,259
3218,12,3254,259,849
3217,12,3255,259,849
3218,12,3255,259,849
3216,12,3256,259,849
3217,12,3256,259,849
3216,12,3257,259,849
3217,13,3248,849,259
3218,13,3248,849,259
3219,13,3248,849,259
3222,13,3248,256,259
3223,13,3248,256,259
3229,13,3248,256,259
3230,13,3248,256,259
3231,13,3248,256,259
3216,13,3249,849,259
3217,13,3249,849,259
3218,13,3249,849,259
3228,13,3249,256,259
3229,13,3249,256,259
3217,13,3250,849,259
3228,13,3250,256,259
3217,13,3251,259,849
3217,13,3252,259,849
3218,13,3252,259,849
3218,13,3253,259,849
3217,13,3254,259,849
3218,13,3254,259,849
3216,13,3255,259,849
3217,13,3255,259,849
3218,13,3255,259,849
3219,13,3255,259,256
3216,13,3256,259,849
3217,13,3256,259,849
3218,13,3256,259,849
3216,13,3257,259,849
3217,13,3257,259,849
3216,13,3258,259,849
3218,14,3248,849,259
3222,14,3248,256,259
3228,14,3248,256,259
3229,14,3248,256,259
3230,14,3248,256,259
3231,14,3248,256,259
3217,14,3249,849,259
3227,14,3249,256,259
3228,14,3249,256,259
3217,14,3250,259,849
3227,14,3250,256,259
3216,14,3251,259,849
3217,14,3251,259,849
3218,14,3251,259,849
3216,14,3252,259,849
3217,14,3252,259,849
3218,14,3252,259,849
3217,14,3253,259,849
3218,14,3253,259,849
3216,14,3254,259,849
3217,14,3254,259,849
3218,14,3254,259,849
3216,14,3255,259,849
3217,14,3255,259,849
3218,14,3255,259,849
3219,14,3255,259,256
3216,14,3256,259,849
3217,14,3256,259,849
3218,14,3256,259,849
3219,14,3256,259,256
3216,14,3257,259,849
3217,14,3257,259,849
3218,14,3257,259,849
3216,14,3258,259,849
3217,14,3258,259,849
3216,14,3259,259,849
3218,15,3248,259,849
3231,15,3248,256,259
3217,15,3249,259,849
3216,15,3250,259,849
3217,15,3250,259,849
3218,15,3250,259,849
3216,15,3251,259,849
3217,15,3251,259,849
3218,15,3251,259,849
3216,15,3252,259,849
3217,15,3252,259,849
3218,15,3252,259,849
3216,15,3253,259,849
3217,15,3253,259,849
3218,15,3253,259,849
3217,15,3254,259,849
3218,15,3254,259,849
3216,15,3255,259,849
3217,15,3255,259,849
3218,15,3255,259,849
3216,15,3256,259,849
3217,15,3256,259,849
3218,15,3256,259,849
3219,15,3256,259,256
3216,15,3257,259,849
3217,15,3257,259,849
3218,15,3257,259,849
3219,15,3257,259,256
3216,15,3258,259,849
3217,15,3258,259,849
3218,15,3258,259,849
3216,15,3259,259,849
3217,15,3259,259,849
3216,15,3260,256,849
3217,16,3248,259,849
3216,16,3249,259,849
3216,16,3250,259,849
3217,16,3250,259,849
3216,16,3251,259,849
3217,16,3251,259,849
3218,16,3251,259,849
3216,16,3252,259,849
3217,16,3252,259,849
3218,16,3252,259,849
3216,16,3253,259,849
3217,16,3253,259,849
3218,16,3253,259,849
3216,16,3254,259,849
3217,16,3254,259,849
3218,16,3254,259,849
3217,16,3255,259,849
3218,16,3255,259,849
3219,16,3255,259,256
3216,16,3256,259,849
3217,16,3256,259,849
3218,16,3256,259,849
3219,16,3256,259,256
3216,16,3257,259,849
3217,16,3257,259,849
3218,16,3257,259,849
3216,16,3258,259,849
3217,16,3258,259,849
3216,16,3259,259,849
3216,17,3248,259,849
3216,17,3250,259,849
3216,17,3251,259,849
3217,17,3251,259,849
3216,17,3252,259,849
3217,17,3252,259,849
3218,17,3252,259,849
3216,17,3253,259,849
3217,17,3253,259,849
3218,17,3253,259,849
3217,17,3254,259,849
3218,17,3254,259,849
3218,17,3255,259,849
3219,17,3255,259,256
3217,17,3256,259,849
3218,17,3256,259,849
3216,17,3257,259,849
3217,17,3257,259,849
3216,17,3258,259,849
3216,18,3251,259,849
3216,18,3252,259,849
3217,18,3252,259,849
3217,18,3253,259,849
3218,18,3253,259,849
3218,18,3254,259,849
3228,20,3248,849,258
3229,20,3248,849,258
3230,20,3248,849,258
3231,20,3248,849,258
3229,20,3249,849,258
3230,20,3249,849,258
3231,20,3249,849,258
3230,21,3248,849,258
3231,21,3248,849,258
3216,21,3263,849,256
3231,22,3248,849,258
3227,22,3249,258,849
3227,22,3250,258,849
3216,22,3262,849,256
3216,22,3263,849,256
3217,22,3263,849,256
3227,23,3248,257,259
3227,23,3249,258,849
3227,23,3250,258,849
3217,23,3262,849,256
3216,23,3263,849,256
3217,23,3263,849,256
3218,23,3263,849,256
3227,24,3248,33,259
3217,24,3263,849,256
3227,25,3248,33,259
3227,26,3248,33,259
3217,26,3263,607,849
3218,26,3263,607,849
3227,27,3248,33,259
3216,27,3263,259,849
3217,27,3263,259,849
3216,28,3262,259,256
3217,28,3262,259,607
3216,28,3263,259,849
3217,28,3263,259,607
3216,29,3262,259,256
3217,29,3263,259,256
3216,30,3262,256,259
3217,30,3263,256,259
3218,30,3263,259,256
3216,31,3261,256,259
3216,31,3262,256,259
3217,31,3262,256,259
3218,31,3262,259,256
3216,31,3263,256,259
3218,31,3263,259,256
3219,31,3263,259,256
3228,32,3250,259,258
3228,32,3251,259,258
3227,32,3252,259,258
3218,32,3261,259,256
3216,32,3262,256,259
3217,32,3262,259,256
3218,32,3262,259,256
3219,32,3262,259,256
3218,32,3263,259,256
3219,32,3263,259,256
3220,32,3263,259,256
3228,33,3248,259,258
3229,33,3248,259,258
3230,33,3248,259,258
3231,33,3248,259,258
3228,33,3249,259,258
3229,33,3249,259,258
3230,33,3249,259,258
3231,33,3249,259,258
3228,33,3250,259,258
3229,33,3250,259,258
3228,33,3251,259,258
3229,33,3251,259,258
3228,33,3252,259,258
3229,33,3252,259,258
3217,33,3261,259,256
3218,33,3261,259,256
3216,33,3262,259,256
3217,33,3262,259,256
3218,33,3262,259,256
3219,33,3262,259,256
3220,33,3262,259,256
3217,33,3263,259,256
3218,33,3263,259,256
3219,33,3263,259,256
3220,33,3263,259,256
3221,33,3263,259,256
3228,34,3248,259,258
3230,34,3248,259,258
3231,34,3248,259,258
3228,34,3249,259,258
3228,34,3250,259,258
3228,34,3251,259,258
3216,34,3261,259,256
3217,34,3261,259,256
3216,34,3262,259,256
3217,34,3262,259,256
3218,34,3262,259,256
3219,34,3262,259,256
3220,34,3262,259,256
3221,34,3262,259,256
3216,34,3263,259,256
3217,34,3263,259,256
3218,34,3263,259,256
3219,34,3263,259,256
3220,34,3263,259,256
3221,34,3263,259,256
3222,34,3263,259,256
3216,35,3261,259,256
3216,35,3262,259,256
3217,35,3262,259,256
3218,35,3262,259,256
3219,35,3262,259,256
3220,35,3262,259,256
3221,35,3262,259,256
3222,35,3262,259,256
3217,35,3263,259,256
3218,35,3263,259,256
3219,35,3263,259,256
3220,35,3263,259,256
3221,35,3263,259,256
3222,35,3263,259,256
3227,36,3248,257,259
3227,36,3249,258,259
3217,36,3262,259,256
3218,36,3262,259,256
3219,36,3262,259,256
3220,36,3262,259,256
3221,36,3262,259,256
3222,36,3262,259,256
3218,36,3263,259,256
3219,36,3263,259,256
3220,36,3263,259,256
3221,36,3263,259,256
3222,36,3263,259,256
3221,37,3248,849,256
3224,37,3248,256,849
3225,37,3248,256,849
3227,37,3248,256,849
3228,37,3248,256,849
3229,37,3248,256,849
3230,37,3248,259,849
3220,37,3249,849,256
3221,37,3249,849,256
3222,37,3249,849,256
3224,37,3249,256,849
3225,37,3249,256,849
3226,37,3249,256,849
3227,37,3249,256,849
3228,37,3249,256,849
3229,37,3249,256,849
3230,37,3249,256,849
3218,37,3250,849,256
3219,37,3250,849,256
3220,37,3250,849,256
3221,37,3250,849,256
3219,37,3251,849,256
3222,37,3261,259,849
3218,37,3262,259,256
3219,37,3262,259,256
3220,37,3262,259,256
3221,37,3262,259,256
3222,37,3262,259,849
3218,37,3263,259,256
3219,37,3263,259,256
3220,37,3263,259,256
3221,37,3263,259,256
3222,37,3263,259,256
3219,38,3248,849,256
3220,38,3248,849,256
3221,38,3248,849,256
3222,38,3248,849,256
3223,38,3248,849,256
3228,38,3248,256,849
3229,38,3248,259,849
3230,38,3248,259,849
3218,38,3249,849,256
3219,38,3249,849,256
3220,38,3249,849,256
3221,38,3249,849,256
3222,38,3249,849,256
3223,38,3249,849,256
3228,38,3249,256,849
3229,38,3249,256,849
3230,38,3249,259,849
3217,38,3250,849,256
3218,38,3250,849,256
3219,38,3250,849,256
3220,38,3250,849,256
3221,38,3250,849,256
3222,38,3250,849,256
3223,38,3250,849,256
3224,38,3250,849,256
3225,38,3250,849,256
3226,38,3250,849,256
3218,38,3251,849,256
3219,38,3251,849,256
3220,38,3251,849,256
3221,38,3251,849,256
3223,38,3251,849,256
3224,38,3251,849,256
3225,38,3251,849,256
3219,38,3252,849,256
3220,38,3252,849,256
3224,38,3252,849,256
3221,38,3261,259,849
3222,38,3261,259,849
3218,38,3262,259,256
3219,38,3262,259,256
3220,38,3262,259,256
3221,38,3262,259,849
3222,38,3262,259,849
3218,38,3263,259,256
3219,38,3263,259,256
3220,38,3263,259,256
3221,38,3263,259,256
3222,38,3263,259,849
3220,39,3248,849,256
3221,39,3248,849,256
3222,39,3248,849,256
3223,39,3248,849,256
3226,39,3248,259,849
3228,39,3248,259,849
3229,39,3248,259,849
3230,39,3248,259,849
3219,39,3249,849,256
3220,39,3249,849,256
3221,39,3249,849,256
3222,39,3249,849,256
3223,39,3249,849,256
3229,39,3249,259,849
3230,39,3249,259,849
3218,39,3250,849,256
3219,39,3250,849,256
3220,39,3250,849,256
3221,39,3250,849,256
3222,39,3250,849,256
3223,39,3250,849,256
3224,39,3250,849,256
3225,39,3250,849,256
3226,39,3250,849,256
3227,39,3250,849,256
3217,39,3251,849,256
3218,39,3251,849,256
3219,39,3251,849,256
3220,39,3251,849,256
3221,39,3251,849,256
3222,39,3251,849,256
3223,39,3251,849,256
3224,39,3251,849,256
3225,39,3251,849,256
3226,39,3251,849,256
3218,39,3252,849,256
3219,39,3252,849,256
3220,39,3252,849,256
3221,39,3252,849,256
3223,39,3252,849,256
3225,39,3252,849,256
3219,39,3253,849,256
3220,39,3253,849,256
3217,39,3261,259,256
3218,39,3261,259,256
3220,39,3261,259,849
3221,39,3261,259,849
3218,39,3262,259,256
3219,39,3262,259,256
3220,39,3262,259,849
3221,39,3262,259,849
3222,39,3262,259,849
3218,39,3263,259,256
3219,39,3263,259,256
3220,39,3263,259,256
3221,39,3263,259,849
3222,39,3263,259,849
3221,40,3248,849,256
3225,40,3248,259,849
3226,40,3248,259,849
3227,40,3248,259,849
3228,40,3248,259,849
3229,40,3248,259,849
3230,40,3248,259,849
3220,40,3249,849,256
3226,40,3249,259,849
3228,40,3249,259,849
3229,40,3249,259,849
3219,40,3250,849,256
3220,40,3250,849,256
3221,40,3250,849,256
3227,40,3250,849,256
3228,40,3250,849,256
3218,40,3251,849,256
3219,40,3251,849,256
3220,40,3251,849,256
3221,40,3251,849,256
3222,40,3251,849,256
3226,40,3251,849,256
3227,40,3251,849,256
3218,40,3252,849,256
3219,40,3252,849,256
3220,40,3252,849,256
3222,40,3252,849,256
3223,40,3252,849,256
3225,40,3252,849,256
3226,40,3252,849,256
3219,40,3253,849,256
3223,40,3253,849,256
3225,40,3253,849,256
3217,40,3260,259,256
3218,40,3260,259,256
3216,40,3261,259,256
3217,40,3261,259,256
3218,40,3261,259,256
3219,40,3261,259,256
3220,40,3261,259,849
3217,40,3262,259,256
3218,40,3262,259,256
3219,40,3262,259,256
3220,40,3262,259,256
3221,40,3262,259,849
3218,40,3263,259,256
3219,40,3263,259,256
3220,40,3263,259,256
3221,40,3263,259,256
3222,40,3263,259,849
3220,41,3248,849,256
3224,41,3248,259,849
3225,41,3248,259,849
3226,41,3248,259,849
3227,41,3248,259,849
3228,41,3248,259,849
3229,41,3248,259,849
3225,41,3249,259,849
3226,41,3249,259,849
3227,41,3249,259,849
3228,41,3249,259,849
3220,41,3251,849,256
3221,41,3251,849,256
3227,41,3251,849,256
3228,41,3251,849,256
3219,41,3252,849,256
3221,41,3252,849,256
3222,41,3252,849,256
3226,41,3252,849,256
3227,41,3252,849,256
3222,41,3253,849,256
3226,41,3253,849,256
3218,41,3260,259,256
3217,41,3261,259,256
3218,41,3261,259,256
3219,41,3261,259,256
3216,41,3262,259,256
3217,41,3262,259,256
3218,41,3262,259,256
3219,41,3262,259,256
3220,41,3262,259,256
3217,41,3263,259,256
3218,41,3263,259,256
3219,41,3263,259,256
3220,41,3263,259,256
3221,41,3263,259,256
3223,42,3248,259,849
3224,42,3248,259,849
3226,42,3248,259,849
3227,42,3248,259,849
3228,42,3248,259,849
3224,42,3249,259,849
3225,42,3249,259,849
3227,42,3249,259,849
3218,42,3261,259,256
3217,42,3262,259,256
3218,42,3262,259,256
3219,42,3262,259,256
3216,42,3263,259,256
3217,42,3263,259,256
3218,42,3263,259,256
3219,42,3263,259,256
3220,42,3263,259,256
3222,43,3248,259,849
3223,43,3248,259,849
3227,43,3248,259,849
3223,43,3249,259,849
3224,43,3249,259,849
3221,43,3252,256,849
3227,43,3252,256,849
3218,43,3262,259,256
3217,43,3263,259,256
3218,43,3263,259,256
3219,43,3263,259,256
3226,44,3251,256,849
3227,44,3251,256,849
3222,44,3252,256,849
3226,44,3252,256,849
3218,44,3263,259,256
3222,45,3249,256,849
3223,45,3250,256,849
3227,45,3250,256,849
3222,45,3251,256,849
3223,45,3251,256,849
3224,45,3251,256,849
3226,45,3251,256,849
3223,45,3252,256,849
3225,45,3252,256,849
3222,46,3250,256,849
3223,46,3251,256,849
3224,46,3252,256,849
3229,59,3248,256,849
3231,59,3248,256,849
3230,59,3249,256,849
3228,60,3248,256,849
3229,60,3249,256,849
3231,60,3249,256,849
3230,60,3250,256,849
3227,61,3248,256,849
3228,61,3249,256,849
3229,61,3250,256,849
3231,61,3250,256,849
3220,62,3248,256,849
3227,62,3248,849,259
3219,62,3251,256,849
3220,62,3251,256,849
3219,62,3252,256,849
3219,63,3248,259,849
3226,63,3248,849,259
3227,63,3248,849,259
3228,63,3248,849,259
3220,63,3249,256,849
3227,63,3249,849,259
3219,63,3250,256,849
3220,63,3250,256,849
3218,63,3251,256,849
3219,63,3251,256,849
3220,63,3251,256,849
3221,63,3251,256,849
3218,63,3252,256,849
3219,63,3252,256,849
3220,63,3252,256,849
3219,63,3253,256,849
3218,64,3248,259,849
3225,64,3248,849,259
3226,64,3248,849,259
3227,64,3248,849,259
3228,64,3248,849,259
3229,64,3248,849,259
3219,64,3249,259,849
3226,64,3249,849,259
3227,64,3249,849,259
3228,64,3249,849,259
3218,64,3250,259,849
3219,64,3250,259,849
3220,64,3250,256,849
3221,64,3250,256,849
3227,64,3250,849,259
3218,64,3251,259,849
3219,64,3251,256,849
3220,64,3251,256,849
3218,64,3252,256,849
3219,64,3252,256,849
3219,64,3253,256,849
3220,64,3253,256,849
3219,64,3254,256,849
3217,65,3248,259,849
3218,65,3248,259,849
3224,65,3248,849,259
3225,65,3248,849,259
3226,65,3248,849,259
3227,65,3248,849,259
3228,65,3248,849,259
3229,65,3248,849,259
3230,65,3248,849,259
3225,65,3249,849,259
3226,65,3249,849,259
3227,65,3249,849,259
3228,65,3249,849,259
3229,65,3249,849,259
3217,65,3250,259,849
3218,65,3250,259,849
3226,65,3250,849,259
3227,65,3250,849,259
3228,65,3250,849,259
3218,65,3251,259,849
3219,65,3251,259,849
3227,65,3251,849,259
3218,65,3252,259,849
3219,65,3253,256,849
3216,66,3248,259,256
3217,66,3248,259,849
3225,66,3248,849,259
3226,66,3248,849,259
3227,66,3248,849,259
3228,66,3248,849,259
3229,66,3248,849,259
3230,66,3248,849,259
3231,66,3248,849,259
3226,66,3249,849,259
3227,66,3249,849,259
3228,66,3249,849,259
3229,66,3249,849,259
3230,66,3249,849,259
3217,66,3250,259,849
3225,66,3250,849,259
3226,66,3250,849,259
3227,66,3250,849,259
3228,66,3250,849,259
3229,66,3250,849,259
3231,66,3250,849,417
3218,66,3251,259,849
3226,66,3251,849,259
3227,66,3251,849,259
3228,66,3251,849,259
3218,66,3252,259,256
3219,66,3252,259,849
3227,66,3252,849,259
3216,67,3248,259,256
3226,67,3248,849,259
3227,67,3248,849,259
3228,67,3248,849,259
3229,67,3248,849,259
3230,67,3248,849,259
3227,67,3249,849,259
3228,67,3249,849,259
3229,67,3249,849,259
3231,67,3249,849,256
3226,67,3250,849,259
3227,67,3250,849,259
3228,67,3250,849,259
3230,67,3250,849,256
3227,67,3251,849,259
3218,67,3252,259,256
3227,68,3248,256,259
3228,68,3248,256,259
3229,68,3248,849,259
3231,68,3248,849,259
3228,68,3249,256,259
3229,68,3249,256,259
3230,68,3249,849,259
3227,68,3250,849,259
3228,68,3250,849,259
3229,68,3250,256,259
3226,68,3251,849,259
3227,68,3251,849,259
3228,68,3251,849,259
3227,68,3252,849,259
3216,69,3248,259,256
3226,69,3248,256,259
3227,69,3248,256,259
3228,69,3248,256,259
3229,69,3248,256,259
3230,69,3248,849,259
3231,69,3248,256,259
3227,69,3249,256,259
3228,69,3249,256,259
3229,69,3249,256,259
3230,69,3249,256,259
3231,69,3249,256,259
3226,69,3250,849,259
3227,69,3250,849,259
3228,69,3250,256,259
3229,69,3250,256,259
3230,69,3250,256,259
3225,69,3251,849,259
3226,69,3251,849,259
3227,69,3251,849,259
3228,69,3251,849,259
3229,69,3251,256,259
3226,69,3252,849,259
3227,69,3252,849,259
3228,69,3252,849,259
3227,69,3253,849,259
3216,70,3248,259,256
3217,70,3248,259,256
3227,70,3248,256,259
3228,70,3248,256,259
3229,70,3248,256,259
3230,70,3248,256,259
3231,70,3248,256,259
3216,70,3249,259,256
3226,70,3249,256,259
3227,70,3249,256,259
3228,70,3249,256,259
3229,70,3249,256,259
3230,70,3249,256,259
3231,70,3249,256,259
3217,70,3250,259,256
3225,70,3250,256,259
3226,70,3250,256,259
3227,70,3250,256,259
3228,70,3250,256,259
3229,70,3250,256,259
3230,70,3250,256,259
3231,70,3250,256,259
3224,70,3251,256,259
3225,70,3251,256,259
3226,70,3251,256,259
3227,70,3251,256,259
3228,70,3251,256,259
3229,70,3251,256,259
3230,70,3251,256,259
3225,70,3252,256,259
3226,70,3252,256,259
3227,70,3252,256,259
3228,70,3252,256,259
3229,70,3252,256,259
3226,70,3253,256,259
3227,70,3253,256,259
3228,70,3253,256,259
3227,70,3254,256,259
3216,71,3248,259,256
3217,71,3248,259,256
3218,71,3248,259,256
3227,71,3248,256,259
3228,71,3248,256,259
3229,71,3248,256,259
3230,71,3248,256,259
3231,71,3248,256,259
3216,71,3249,259,256
3217,71,3249,259,256
3227,71,3249,256,259
3228,71,3249,256,259
3229,71,3249,256,259
3230,71,3249,256,259
3231,71,3249,256,259
3226,71,3250,256,259
3227,71,3250,256,259
3228,71,3250,256,259
3229,71,3250,256,259
3230,71,3250,256,259
3231,71,3250,256,259
3225,71,3251,256,259
3226,71,3251,256,259
3227,71,3251,256,259
3228,71,3251,256,259
3229,71,3251,256,259
3230,71,3251,256,259
3231,71,3251,256,259
3224,71,3252,256,259
3225,71,3252,256,259
3226,71,3252,256,259
3227,71,3252,256,259
3228,71,3252,256,259
3229,71,3252,256,259
3230,71,3252,256,259
3225,71,3253,256,259
3226,71,3253,256,259
3227,71,3253,256,259
3228,71,3253,256,259
3229,71,3253,256,259
3226,71,3254,256,259
3227,71,3254,256,259
3228,71,3254,256,259
3227,71,3255,256,259
3217,72,3248,259,256
3220,72,3248,259,256
3221,72,3248,259,256
3227,72,3248,256,259
3228,72,3248,256,259
3229,72,3248,256,259
3230,72,3248,256,259
3231,72,3248,256,259
3216,72,3249,259,256
3220,72,3249,259,256
3221,72,3249,259,256
3222,72,3249,259,256
3227,72,3249,256,259
3228,72,3249,256,259
3229,72,3249,256,259
3230,72,3249,256,259
3231,72,3249,256,259
3220,72,3250,259,256
3221,72,3250,259,256
3227,72,3250,256,259
3228,72,3250,256,259
3229,72,3250,256,259
3230,72,3250,256,259
3231,72,3250,256,259
3221,72,3251,259,256
3226,72,3251,256,259
3227,72,3251,256,259
3228,72,3251,256,259
3229,72,3251,256,259
3230,72,3251,256,259
3227,72,3252,256,259
3228,72,3252,256,259
3229,72,3252,256,259
3227,72,3253,256,259
3228,72,3253,256,259
3227,72,3254,256,259
3220,73,3248,259,256
3227,73,3248,256,259
3228,73,3248,256,259
3229,73,3248,256,259
3230,73,3248,256,259
3231,73,3248,256,259
3220,73,3249,259,256
3221,73,3249,259,256
3227,73,3249,256,259
3228,73,3249,256,259
3229,73,3249,256,259
3230,73,3249,256,259
3231,73,3249,256,259
3220,73,3250,259,256
3221,73,3250,259,256
3227,73,3250,256,259
3228,73,3250,256,259
3229,73,3250,256,259
3230,73,3250,256,259
3224,73,3251,259,256
3227,73,3251,256,259
3228,73,3251,417,259
3229,73,3251,256,259
3227,73,3252,256,259
3228,73,3252,417,259
3227,73,3253,256,259
3227,74,3248,256,259
3228,74,3248,256,259
3229,74,3248,256,259
3230,74,3248,256,259
3231,74,3248,256,259
3220,74,3249,259,256
3227,74,3249,256,259
3228,74,3249,256,259
3229,74,3249,256,259
3230,74,3249,256,259
3220,74,3250,259,256
3221,74,3250,259,256
3227,74,3250,256,259
3228,74,3250,256,259
3229,74,3250,256,259
3227,74,3251,256,259
3228,74,3251,417,259
3226,76,3249,256,259
3221,76,3250,417,259
3225,76,3250,256,259
3226,76,3250,256,259
3221,76,3251,256,259
3222,76,3251,256,259
3224,76,3251,256,259
3225,76,3251,256,259
3226,77,3248,256,259
3225,77,3249,256,259
3226,77,3249,256,259
3224,77,3250,256,259
3225,77,3250,256,259
3226,77,3250,256,259
3221,77,3251,256,259
3223,77,3251,256,259
3224,77,3251,256,259
3225,77,3251,256,259
3226,77,3251,256,259
3226,78,3248,256,259
3226,78,3249,256,259
3225,78,3250,256,259
3226,78,3250,256,259
3224,78,3251,256,259
3225,78,3251,256,259
3222,78,3252,259,256
3226,79,3248,256,259
3225,79,3249,256,259
3226,79,3249,256,259
3224,79,3250,256,259
3225,79,3250,256,259
3223,79,3251,256,259
3224,79,3251,849,259
3225,80,3248,256,259
3226,80,3248,256,259
3224,80,3249,256,259
3225,80,3249,256,259
3223,80,3250,256,259
3224,80,3250,256,259
3223,80,3251,849,259
3227,82,3248,256,849
3228,82,3248,256,849
3229,82,3248,849,256
3226,82,3249,417,849
3227,82,3249,417,849
3225,82,3250,256,849
3226,82,3250,417,849
3230,83,3248,849,256
3227,83,3249,256,849
3228,83,3249,256,849
3229,83,3249,849,256
3226,83,3250,256,849
3227,83,3250,256,849
3216,84,3248,849,256
3227,84,3248,256,849
3228,84,3248,256,849
3226,84,3249,256,849
3227,84,3249,256,849
3228,84,3249,256,849
3229,84,3249,256,849
3225,84,3250,256,849
3226,84,3250,256,849
3227,84,3250,256,849
3228,84,3250,256,849
3226,84,3251,256,849
3227,84,3251,256,849
3216,85,3248,849,256
3226,85,3248,256,849
3227,85,3248,256,849
3228,85,3248,256,849
3229,85,3248,256,849
3216,85,3249,849,256
3221,85,3249,256,849
3225,85,3249,256,849
3226,85,3249,256,849
3227,85,3249,256,849
3228,85,3249,256,849
3229,85,3249,256,849
3221,85,3250,256,849
3222,85,3250,256,849
3224,85,3250,256,849
3225,85,3250,256,849
3226,85,3250,256,849
3227,85,3250,256,849
3228,85,3250,256,849
3229,85,3250,256,849
3222,85,3251,256,849
3223,85,3251,256,849
3225,85,3251,256,849
3226,85,3251,256,849
3227,85,3251,256,849
3228,85,3251,256,849
3226,85,3252,256,849
3227,85,3252,256,849
3216,86,3248,849,256
3221,86,3248,256,849
3225,86,3248,256,849
3226,86,3248,256,849
3227,86,3248,256,849
3228,86,3248,256,849
3229,86,3248,256,849
3221,86,3249,256,849
3222,86,3249,256,849
3224,86,3249,256,849
3225,86,3249,256,849
3226,86,3249,256,849
3227,86,3249,256,849
3228,86,3249,256,849
3229,86,3249,256,849
3221,86,3250,256,849
3222,86,3250,256,849
3223,86,3250,256,849
3224,86,3250,256,849
3225,86,3250,256,849
3226,86,3250,256,849
3227,86,3250,256,849
3228,86,3250,256,849
3229,86,3250,256,849
3221,86,3251,256,849
3222,86,3251,256,849
3223,86,3251,256,849
3224,86,3251,256,849
3225,86,3251,256,849
3226,86,3251,256,849
3227,86,3251,256,849
3228,86,3251,256,849
3229,86,3251,256,849
3222,86,3252,256,849
3223,86,3252,256,849
3225,86,3252,256,849
3226,86,3252,256,849
3227,86,3252,256,849
3228,86,3252,256,849
3226,86,3253,256,849
3227,86,3253,256,849
3221,87,3248,256,849
3222,87,3248,256,849
3224,87,3248,256,849
3226,87,3248,256,849
3227,87,3248,256,849
3228,87,3248,256,849
3229,87,3248,256,849
3230,87,3248,256,849
3221,87,3249,256,849
3222,87,3249,256,849
3223,87,3249,256,849
3224,87,3249,256,849
3225,87,3249,256,849
3226,87,3249,256,849
3227,87,3249,256,849
3228,87,3249,256,849
3229,87,3249,256,849
3221,87,3250,256,849
3222,87,3250,256,849
3223,87,3250,256,849
3224,87,3250,256,849
3225,87,3250,256,849
3226,87,3250,256,849
3227,87,3250,256,849
3228,87,3250,256,849
3229,87,3250,256,849
3222,87,3251,256,849
3223,87,3251,256,849
3224,87,3251,256,849
3225,87,3251,256,849
3226,87,3251,256,849
3227,87,3251,256,849
3228,87,3251,256,849
3223,87,3252,256,849
3224,87,3252,256,849
3225,87,3252,256,849
3226,87,3252,256,849
3227,87,3252,256,849
3225,87,3253,256,849
3226,87,3253,256,849
3221,88,3248,256,849
3222,88,3248,256,849
3223,88,3248,256,849
3227,88,3248,256,849
3228,88,3248,256,849
3229,88,3248,256,849
3221,88,3249,256,849
3222,88,3249,256,849
3223,88,3249,256,849
3224,88,3249,256,849
3225,88,3249,256,849
3226,88,3249,256,849
3227,88,3249,256,849
3228,88,3249,256,849
3229,88,3249,256,849
3222,88,3250,256,849
3223,88,3250,256,849
3224,88,3250,256,849
3225,88,3250,256,849
3226,88,3250,256,849
3227,88,3250,256,849
3228,88,3250,256,849
3223,88,3251,256,849
3224,88,3251,256,849
3225,88,3251,256,849
3226,88,3251,256,849
3227,88,3251,256,849
3224,88,3252,256,849
3225,88,3252,256,849
3226,88,3252,256,849
3225,88,3253,256,849
3228,89,3248,256,849
3229,89,3248,256,849
3224,89,3249,256,849
3225,89,3249,256,849
3226,89,3249,256,849
3227,89,3249,256,849
3228,89,3249,256,849
3223,89,3250,256,849
3224,89,3250,256,849
3225,89,3250,256,849
3226,89,3250,256,849
3227,89,3250,256,849
3224,89,3251,256,849
3225,89,3251,256,849
3226,89,3251,256,849
3225,89,3252,256,849
3227,90,3248,256,849
3228,90,3248,256,849
3225,90,3249,256,849
3226,90,3249,256,849
3227,90,3249,256,849
3224,90,3250,256,849
3225,90,3250,256,849
3226,90,3250,256,849
3225,90,3251,256,849
3224,92,3248,849,259
3225,92,3248,256,259
3226,92,3248,256,259
3225,92,3249,256,259
3223,93,3248,849,259
3224,93,3248,849,259
3225,93,3248,256,259
3226,93,3248,256,259
3227,93,3248,256,259
3224,93,3249,849,259
3225,93,3249,256,259
3226,93,3249,256,259
3225,93,3250,256,259
3222,94,3248,849,259
3223,94,3248,849,259
3224,94,3248,256,259
3225,94,3248,256,259
3226,94,3248,256,259
3227,94,3248,256,259
3228,94,3248,256,259
3223,94,3249,849,259
3224,94,3249,849,259
3225,94,3249,256,259
3226,94,3249,256,259
3227,94,3249,256,259
3224,94,3250,256,259
3225,94,3250,256,259
3226,94,3250,256,259
3225,94,3251,256,259
3221,95,3248,849,259
3222,95,3248,849,259
3223,95,3248,256,259
3224,95,3248,256,259
3225,95,3248,45,259
3226,95,3248,256,259
3227,95,3248,256,259
3228,95,3248,256,259
3229,95,3248,256,259
3222,95,3249,849,259
3223,95,3249,849,259
3224,95,3249,256,259
3225,95,3249,256,259
3226,95,3249,45,259
3227,95,3249,256,259
3228,95,3249,256,259
3223,95,3250,256,259
3224,95,3250,256,259
3225,95,3250,256,259
3226,95,3250,256,259
3227,95,3250,256,259
3224,95,3251,256,259
3225,95,3251,256,259
3226,95,3251,256,259
3225,95,3252,256,259
3220,96,3248,256,259
3221,96,3248,256,259
3222,96,3248,849,259
3223,96,3248,849,259
3224,96,3248,849,259
3225,96,3248,849,259
3226,96,3248,849,259
3227,96,3248,849,259
3228,96,3248,849,259
3229,96,3248,256,259
3221,96,3249,256,259
3222,96,3249,256,259
3223,96,3249,849,259
3224,96,3249,849,259
3225,96,3249,849,259
3226,96,3249,849,259
3227,96,3249,849,259
3228,96,3249,256,259
3229,96,3249,256,259
3222,96,3250,256,259
3223,96,3250,256,259
3224,96,3250,849,259
3225,96,3250,849,259
3226,96,3250,849,259
3227,96,3250,256,259
3228,96,3250,256,259
3223,96,3251,256,259
3224,96,3251,256,259
3225,96,3251,849,259
3226,96,3251,256,259
3227,96,3251,256,259
3224,96,3252,256,259
3225,96,3252,256,259
3226,96,3252,256,259
3225,96,3253,256,259
3219,97,3248,256,259
3220,97,3248,256,259
3221,97,3248,849,259
3222,97,3248,849,259
3223,97,3248,849,259
3224,97,3248,849,259
3225,97,3248,849,259
3226,97,3248,849,259
3227,97,3248,849,259
3228,97,3248,849,259
3229,97,3248,849,259
3220,97,3249,256,259
3221,97,3249,256,259
3222,97,3249,849,259
3223,97,3249,849,259
3224,97,3249,849,259
3225,97,3249,849,259
3226,97,3249,849,259
3227,97,3249,849,259
3228,97,3249,849,259
3221,97,3250,256,259
3222,97,3250,256,259
3223,97,3250,849,259
3224,97,3250,849,259
3225,97,3250,849,259
3226,97,3250,849,259
3227,97,3250,849,259
3222,97,3251,256,259
3224,97,3251,849,259
3225,97,3251,849,259
3226,97,3251,849,259
3225,97,3252,849,259
3220,98,3248,256,259
3221,98,3248,849,259
3222,98,3248,849,259
3223,98,3248,849,259
3224,98,3248,849,259
3225,98,3248,849,259
3226,98,3248,849,259
3227,98,3248,849,259
3228,98,3248,849,259
3229,98,3248,849,256
3221,98,3249,849,259
3222,98,3249,849,259
3223,98,3249,849,259
3224,98,3249,849,259
3225,98,3249,849,259
3226,98,3249,849,259
3227,98,3249,849,259
3228,98,3249,849,256
3229,98,3249,849,256
3222,98,3250,849,259
3223,98,3250,849,259
3224,98,3250,849,259
3225,98,3250,849,259
3226,98,3250,849,259
3227,98,3250,849,256
3228,98,3250,849,256
3223,98,3251,849,259
3224,98,3251,849,256
3225,98,3251,849,259
3226,98,3251,849,256
3227,98,3251,849,256
3224,98,3252,849,256
3225,98,3252,849,256
3226,98,3252,849,256
3225,98,3253,849,256
3221,99,3248,849,259
3222,99,3248,849,259
3223,99,3248,849,259
3224,99,3248,849,259
3225,99,3248,849,259
3226,99,3248,849,259
3227,99,3248,849,259
3228,99,3248,849,256
3229,99,3248,849,256
3222,99,3249,849,259
3223,99,3249,849,259
3224,99,3249,849,259
3225,99,3249,849,259
3227,99,3249,849,256
3228,99,3249,849,256
3229,99,3249,849,256
3223,99,3250,849,259
3224,99,3250,849,259
3228,99,3250,849,256
3229,99,3250,849,256
3223,99,3251,849,259
3223,99,3252,849,256
3224,99,3252,849,256
3224,99,3253,849,256
3225,99,3253,849,256
3225,99,3254,849,256
3220,100,3248,256,259
3221,100,3248,849,259
3222,100,3248,849,259
3223,100,3248,849,259
3224,100,3248,849,259
3225,100,3248,849,259
3227,100,3248,849,256
3228,100,3248,849,256
3229,100,3248,849,256
3221,100,3249,849,259
3222,100,3249,849,259
3223,100,3249,849,259
3224,100,3249,849,259
3228,100,3249,849,256
3229,100,3249,849,256
3222,100,3250,849,259
3223,100,3250,849,259
3229,100,3250,849,256
3222,100,3252,849,256
3223,100,3252,849,256
3223,100,3253,849,256
3224,100,3253,849,256
3224,100,3254,849,256
3225,100,3254,849,256
3225,100,3255,849,256
3219,101,3248,256,259
3220,101,3248,256,259
3221,101,3248,849,259
3228,101,3248,849,256
3229,101,3248,849,256
3220,101,3249,256,259
3221,101,3249,849,259
3222,101,3249,849,259
3229,101,3249,849,256
3221,101,3250,849,259
3222,101,3250,849,259
3220,102,3248,256,259
3229,102,3248,849,256
3221,102,3249,849,259
3228,103,3248,849,256
3229,103,3248,849,256
3228,104,3248,849,256
3223,118,3248,849,259
3222,119,3248,849,259
3223,119,3248,849,259
3224,119,3248,849,259
3223,119,3249,849,259
3223,120,3248,849,259
3223,121,3248,259,849
3222,122,3248,259,849
3223,122,3248,259,849
3224,122,3248,259,849
3223,122,3249,259,849
3223,123,3248,259,849
3233,1,3248,259,258
3233,2,3249,259,258
3232,3,3248,259,258
3233,3,3248,259,258
3232,5,3248,256,259
3233,5,3248,256,259
3232,5,3249,256,259
3232,6,3248,256,259
3232,8,3248,256,259
3232,9,3248,256,259
3233,9,3248,256,259
3232,10,3248,256,259
3233,10,3248,256,259
3234,10,3248,256,259
3232,11,3248,256,259
3233,11,3248,256,259
3234,11,3248,256,259
3235,11,3248,256,259
3232,12,3248,256,259
3233,12,3248,256,259
3234,12,3248,256,259
3232,13,3248,256,259
3233,13,3248,256,259
3232,14,3248,256,259
3232,20,3248,849,258
3232,20,3249,849,258
3232,21,3248,849,258
3232,22,3248,849,258
3232,33,3249,259,258
3232,60,3248,256,849
3233,61,3248,256,849
3232,61,3249,256,849
3234,62,3248,256,849
3233,62,3249,256,849
3232,62,3250,256,849
3235,63,3248,256,849
3234,63,3249,256,849
3233,63,3250,256,849
3235,64,3248,849,256
3234,64,3249,849,256
3233,64,3250,849,256
3234,65,3248,849,256
3233,65,3249,849,256
3232,65,3250,849,256
3233,66,3248,849,256
3232,66,3249,849,256
3232,67,3248,849,256
