minecraft:temperature 0 -64 0 -0.13674277898745976
minecraft:temperature 37 -35 73 -0.12313273617413813
minecraft:temperature 74 -6 18 -0.17321419232597501
minecraft:temperature 111 23 91 -0.19282286622705339
minecraft:temperature 20 52 36 -0.10402190818052956
minecraft:temperature 57 81 109 -0.058390302812417992
minecraft:temperature 94 110 54 -0.039048750851636713
minecraft:temperature 3 139 127 0.0099453227567881941
minecraft:temperature 40 168 72 0.013869624721729451
minecraft:temperature 77 197 17 -0.034456144309205197
minecraft:temperature 114 226 90 0.0078194836597115028
minecraft:temperature 23 255 35 -0.095195820943836246
minecraft:temperature 60 284 108 -0.055295590632375019
minecraft:temperature 97 313 53 -0.095888001179942339
minecraft:temperature 6 -42 126 -0.037829610886834078
minecraft:temperature 43 -13 71 -0.12694762647783875
minecraft:temperature 80 16 16 -0.15816428317050651
minecraft:temperature 117 45 89 -0.17345888291997941
minecraft:temperature 26 74 34 -0.091010540970087053
minecraft:temperature 63 103 107 -0.028789857860872861
minecraft:temperature 100 132 52 -0.010323170346780222
minecraft:temperature 9 161 125 0.030390720423987862
minecraft:temperature 46 190 70 0.0075681221290307271
minecraft:temperature 83 219 15 -0.056775169053184353
minecraft:temperature 120 248 88 -0.014403960306505412
minecraft:temperature 29 277 33 -0.11180664236694421
minecraft:temperature 66 306 106 -0.075423495902595006
minecraft:temperature 103 -49 51 -0.21231417894931048
minecraft:temperature 12 -20 124 -0.051136728192787348
minecraft:temperature 49 9 69 -0.12429070926901577
minecraft:temperature 86 38 14 -0.13739830963660668
minecraft:temperature 123 67 87 -0.14741583981990219
minecraft:temperature 32 96 32 -0.069808041621119171
minecraft:temperature 69 125 105 0.0027337694733518131
minecraft:temperature 106 154 50 0.0076370358592445231
minecraft:temperature 15 183 123 0.040294084237501894
minecraft:temperature 52 212 68 -0.011983737175356515
minecraft:temperature 89 241 13 -0.07816588592787041
minecraft:temperature 126 270 86 -0.033673546492010258
minecraft:temperature 35 299 31 -0.12196021146363076
minecraft:temperature 72 -56 104 -0.17441652128252885
minecraft:temperature 109 -27 49 -0.2185060747632962
minecraft:temperature 18 2 122 -0.06107324641331062
minecraft:temperature 55 31 67 -0.11587970650245895
minecraft:temperature 92 60 12 -0.11135613170111605
minecraft:temperature 1 89 85 -0.059056182801245916
minecraft:temperature 38 118 30 -0.046430206459395461
minecraft:temperature 75 147 103 0.027885020705171217
minecraft:temperature 112 176 48 0.011553443881076632
minecraft:temperature 21 205 121 0.036035401091554821
minecraft:temperature 58 234 66 -0.039199002782827098
minecraft:temperature 95 263 11 -0.091138904030615031
minecraft:temperature 4 292 84 -0.082033125687029987
minecraft:temperature 41 -63 29 -0.14929476477099202
minecraft:temperature 78 -34 102 -0.18418381765932149
minecraft:temperature 115 -5 47 -0.21285340041270376
minecraft:temperature 24 24 120 -0.066908835011182138
minecraft:temperature 61 53 65 -0.10155576341313305
minecraft:temperature 98 82 10 -0.08027749349150351
minecraft:temperature 7 111 83 -0.038776212113020084
minecraft:temperature 44 140 28 -0.028405109424584594
minecraft:temperature 81 169 101 0.040220441995234904
minecraft:temperature 118 198 46 0.0022326869846425387
minecraft:temperature 27 227 119 0.018348075540609403
minecraft:vegetation 0 -64 0 -0.31500606824709826
minecraft:vegetation 37 -35 73 0.048208332780758312
minecraft:vegetation 74 -6 18 0.13887322994963838
minecraft:vegetation 111 23 91 0.25536981633401368
minecraft:vegetation 20 52 36 0.082443800343564383
minecraft:vegetation 57 81 109 0.12743944827865017
minecraft:vegetation 94 110 54 0.15240245168004429
minecraft:vegetation 3 139 127 0.10971264265658073
minecraft:vegetation 40 168 72 0.42675131536933392
minecraft:vegetation 77 197 17 0.52236981343512057
minecraft:vegetation 114 226 90 0.40609097778430181
minecraft:vegetation 23 255 35 0.16166284025472047
minecraft:vegetation 60 284 108 -0.040451898406246835
minecraft:vegetation 97 313 53 -0.08977818045707199
minecraft:vegetation 6 -42 126 0.33997982163482776
minecraft:vegetation 43 -13 71 0.093155562549027723
minecraft:vegetation 80 16 16 0.16978336013606654
minecraft:vegetation 117 45 89 0.17836935748574537
minecraft:vegetation 26 74 34 0.085467946064580913
minecraft:vegetation 63 103 107 0.19941302286496107
minecraft:vegetation 100 132 52 0.19424471506319058
minecraft:vegetation 9 161 125 0.19538678592733749
minecraft:vegetation 46 190 70 0.41735429733654122
minecraft:vegetation 83 219 15 0.49888893098687526
minecraft:vegetation 120 248 88 0.35372260839405717
minecraft:vegetation 29 277 33 0.096300725712023943
minecraft:vegetation 66 306 106 -0.088326783450131938
minecraft:vegetation 103 -49 51 0.27743753229522178
minecraft:vegetation 12 -20 124 0.31215076166073591
minecraft:vegetation 49 9 69 0.12574449169195145
minecraft:vegetation 86 38 14 0.14063516042764551
minecraft:vegetation 123 67 87 0.092021405051577576
minecraft:vegetation 32 96 32 0.13927661680865547
minecraft:vegetation 69 125 105 0.27765854939241569
minecraft:vegetation 106 154 50 0.27870980616340074
minecraft:vegetation 15 183 123 0.19468572460534328
minecraft:vegetation 52 212 68 0.3353268814475665
minecraft:vegetation 89 241 13 0.42401689694863987
minecraft:vegetation 126 270 86 0.2628774875019691
minecraft:vegetation 35 299 31 0.091445402469514311
minecraft:vegetation 72 -56 104 0.15796422742195865
minecraft:vegetation 109 -27 49 0.35670878440171577
minecraft:vegetation 18 2 122 0.27696797449132193
minecraft:vegetation 55 31 67 0.128124167960809
minecraft:vegetation 92 60 12 0.069189745543200426
minecraft:vegetation 1 89 85 0.026105823154377681
minecraft:vegetation 38 118 30 0.23161581642531226
minecraft:vegetation 75 147 103 0.35988529604622344
minecraft:vegetation 112 176 48 0.37366994789112051
minecraft:vegetation 21 205 121 0.12862183908611538
minecraft:vegetation 58 234 66 0.23558528769932441
minecraft:vegetation 95 263 11 0.31735853442671536
minecraft:vegetation 4 292 84 -0.087695704396437507
minecraft:vegetation 41 -63 29 -0.054237102102510162
minecraft:vegetation 78 -34 102 0.18072172043274329
minecraft:vegetation 115 -5 47 0.41256584162063292
minecraft:vegetation 24 24 120 0.19711530233244182
minecraft:vegetation 61 53 65 0.12683779058917952
minecraft:vegetation 98 82 10 -0.004823621119816446
minecraft:vegetation 7 111 83 0.098017706693748125
minecraft:vegetation 44 140 28 0.33987711345380767
minecraft:vegetation 81 169 101 0.41901510801565667
minecraft:vegetation 118 198 46 0.43118786780478918
minecraft:vegetation 27 227 119 0.066545276253469982
minecraft:continentalness 0 -64 0 0.10179258507182468
minecraft:continentalness 37 -35 73 -0.28389331577184257
minecraft:continentalness 74 -6 18 -0.47346077005897413
minecraft:continentalness 111 23 91 -0.015030670771328086
minecraft:continentalness 20 52 36 -0.40141874149474921
minecraft:continentalness 57 81 109 -0.43798155857080501
minecraft:continentalness 94 110 54 -0.61111488929451618
minecraft:continentalness 3 139 127 -0.62966040184700722
minecraft:continentalness 40 168 72 -0.98393305973208711
minecraft:continentalness 77 197 17 -0.67697396706981372
minecraft:continentalness 114 226 90 -1.017988860248483
minecraft:continentalness 23 255 35 -1.0483214860820691
minecraft:continentalness 60 284 108 -0.98011159195395492
minecraft:continentalness 97 313 53 -0.73695735212864222
minecraft:continentalness 6 -42 126 -0.16821538353860738
minecraft:continentalness 43 -13 71 -0.39365381915034636
minecraft:continentalness 80 16 16 -0.56740611892272808
minecraft:continentalness 117 45 89 -0.10929907157903496
minecraft:continentalness 26 74 34 -0.40491716427033392
minecraft:continentalness 63 103 107 -0.59396971564615564
minecraft:continentalness 100 132 52 -0.7536803481223241
minecraft:continentalness 9 161 125 -0.7186576326932187
minecraft:continentalness 46 190 70 -0.96029749200247816
minecraft:continentalness 83 219 15 -0.7367020347997596
minecraft:continentalness 120 248 88 -1.1117465205422836
minecraft:continentalness 29 277 33 -1.1067387400311421
minecraft:continentalness 66 306 106 -0.97704672156951877
minecraft:continentalness 103 -49 51 -0.14899162501791968
minecraft:continentalness 12 -20 124 -0.18778218276637629
minecraft:continentalness 49 9 69 -0.37541845823015807
minecraft:continentalness 86 38 14 -0.67194415330440171
minecraft:continentalness 123 67 87 -0.17704807856063567
minecraft:continentalness 32 96 32 -0.58182205706658652
minecraft:continentalness 69 125 105 -0.78513902673914504
minecraft:continentalness 106 154 50 -0.68946110067185329
minecraft:continentalness 15 183 123 -0.76439292329739172
minecraft:continentalness 52 212 68 -1.0670480343325282
minecraft:continentalness 89 241 13 -0.85644449178751603
minecraft:continentalness 126 270 86 -1.0102863984533619
minecraft:continentalness 35 299 31 -1.1035000256804446
minecraft:continentalness 72 -56 104 -0.035314631122012587
minecraft:continentalness 109 -27 49 -0.21102093528088958
minecraft:continentalness 18 2 122 -0.038329973806986689
minecraft:continentalness 55 31 67 -0.40930371480680189
minecraft:continentalness 92 60 12 -0.72656501070624968
minecraft:continentalness 1 89 85 -0.58698711087720779
minecraft:continentalness 38 118 30 -0.71945245287296222
minecraft:continentalness 75 147 103 -0.83637809553103004
minecraft:continentalness 112 176 48 -0.68672092229637283
minecraft:continentalness 21 205 121 -0.69323177999232255
minecraft:continentalness 58 234 66 -0.95833117094189624
minecraft:continentalness 95 263 11 -0.90503099303091761
minecraft:continentalness 4 292 84 -0.99293468928242468
minecraft:continentalness 41 -63 29 -0.032053794076261043
minecraft:continentalness 78 -34 102 -0.073137189812972112
minecraft:continentalness 115 -5 47 -0.37138677208957183
minecraft:continentalness 24 24 120 0.05428651576035514
minecraft:continentalness 61 53 65 -0.4269005586474362
minecraft:continentalness 98 82 10 -0.70512771630839643
minecraft:continentalness 7 111 83 -0.83881451501155047
minecraft:continentalness 44 140 28 -0.70456528985715516
minecraft:continentalness 81 169 101 -0.8733842017651956
minecraft:continentalness 118 198 46 -0.66590683937700013
minecraft:continentalness 27 227 119 -0.6985759227617937
minecraft:erosion 0 -64 0 -0.030954768394100829
minecraft:erosion 37 -35 73 -0.16973144177530081
minecraft:erosion 74 -6 18 -0.10459282648936008
minecraft:erosion 111 23 91 -0.023126876042310732
minecraft:erosion 20 52 36 -0.10417668000445167
minecraft:erosion 57 81 109 -0.026453382183988631
minecraft:erosion 94 110 54 -0.058241790873908308
minecraft:erosion 3 139 127 0.20560961545909121
minecraft:erosion 40 168 72 0.087832366440855583
minecraft:erosion 77 197 17 -0.049564227483595714
minecraft:erosion 114 226 90 -0.16539713693245067
minecraft:erosion 23 255 35 0.0066330707615174069
minecraft:erosion 60 284 108 -0.047304211974356719
minecraft:erosion 97 313 53 -0.33202599698963231
minecraft:erosion 6 -42 126 -0.1090335816463395
minecraft:erosion 43 -13 71 -0.2025493793194319
minecraft:erosion 80 16 16 -0.05592069332060963
minecraft:erosion 117 45 89 0.060391165617747017
minecraft:erosion 26 74 34 -0.0190795729549685
minecraft:erosion 63 103 107 -0.00069304348279846674
minecraft:erosion 100 132 52 -0.11718198549160906
minecraft:erosion 9 161 125 0.17659416309538631
minecraft:erosion 46 190 70 0.074017474657801355
minecraft:erosion 83 219 15 -0.042165776696453668
minecraft:erosion 120 248 88 -0.16903465189982267
minecraft:erosion 29 277 33 -0.029582249139848978
minecraft:erosion 66 306 106 -0.1371200777973606
minecraft:erosion 103 -49 51 -0.11570920343143853
minecraft:erosion 12 -20 124 -0.085765889166639367
minecraft:erosion 49 9 69 -0.21720032588235064
minecraft:erosion 86 38 14 -0.096403523169316635
minecraft:erosion 123 67 87 0.075951268456004403
minecraft:erosion 32 96 32 -0.0042085413171112345
minecraft:erosion 69 125 105 -0.0034754059072645573
minecraft:erosion 106 154 50 -0.11686009226149893
minecraft:erosion 15 183 123 0.1314312609673173
minecraft:erosion 52 212 68 0.017273033082353426
minecraft:erosion 89 241 13 -0.064594210098604748
minecraft:erosion 126 270 86 -0.19598044182042815
minecraft:erosion 35 299 31 -0.19707374399609082
minecraft:erosion 72 -56 104 -0.15829177281956242
minecraft:erosion 109 -27 49 -0.15243626916529998
minecraft:erosion 18 2 122 -0.070147939348300686
minecraft:erosion 55 31 67 -0.17596538572548751
minecraft:erosion 92 60 12 -0.076897133745146506
minecraft:erosion 1 89 85 0.038474725767196481
minecraft:erosion 38 118 30 0.0048124862611718805
minecraft:erosion 75 147 103 -0.023958439978768276
minecraft:erosion 112 176 48 -0.1299690945992055
minecraft:erosion 21 205 121 0.13764164059625911
minecraft:erosion 58 234 66 -0.0266746296598218
minecraft:erosion 95 263 11 -0.13483426237455609
minecraft:erosion 4 292 84 0.039806610289626766
minecraft:erosion 41 -63 29 -0.12964290123793804
minecraft:erosion 78 -34 102 -0.12673973067700972
minecraft:erosion 115 -5 47 -0.10185164061533879
minecraft:erosion 24 24 120 -0.089884041846731988
minecraft:erosion 61 53 65 -0.11083346609688577
minecraft:erosion 98 82 10 -0.018325223181086012
minecraft:erosion 7 111 83 0.13475564273337706
minecraft:erosion 44 140 28 0.11512277531464345
minecraft:erosion 81 169 101 -0.039356071308927279
minecraft:erosion 118 198 46 -0.14174614442199185
minecraft:erosion 27 227 119 0.10737603645086838
minecraft:ridge 0 -64 0 -0.5864191754094773
minecraft:ridge 37 -35 73 -0.1242149533962221
minecraft:ridge 74 -6 18 0.31144111258858032
minecraft:ridge 111 23 91 0.83435497230726319
minecraft:ridge 20 52 36 0.26427536741357349
minecraft:ridge 57 81 109 0.45167559115397854
minecraft:ridge 94 110 54 -0.27548958766511733
minecraft:ridge 3 139 127 -0.70621017766280492
minecraft:ridge 40 168 72 -0.11286627531335383
minecraft:ridge 77 197 17 0.36620855145516062
minecraft:ridge 114 226 90 0.007247664841275505
minecraft:ridge 23 255 35 -0.36619823821967351
minecraft:ridge 60 284 108 -0.10318261398875386
minecraft:ridge 97 313 53 0.31144336873677797
minecraft:ridge 6 -42 126 0.25391375730916771
minecraft:ridge 43 -13 71 -0.12625287066215743
minecraft:ridge 80 16 16 0.17794474044711012
minecraft:ridge 117 45 89 0.49000409745136353
minecraft:ridge 26 74 34 -0.38520688253218144
minecraft:ridge 63 103 107 0.084012374389775796
minecraft:ridge 100 132 52 -0.17049791740580844
minecraft:ridge 9 161 125 -0.48746583645906061
minecraft:ridge 46 190 70 0.30786984575666027
minecraft:ridge 83 219 15 0.14937006207885817
minecraft:ridge 120 248 88 -0.45411290512549335
minecraft:ridge 29 277 33 -0.7162545697576852
minecraft:ridge 66 306 106 0.050708404432992085
minecraft:ridge 103 -49 51 0.26441391717235724
minecraft:ridge 12 -20 124 0.63917413247193267
minecraft:ridge 49 9 69 0.014825981507766532
minecraft:ridge 86 38 14 0.070860048314233384
minecraft:ridge 123 67 87 0.35258607157145899
minecraft:ridge 32 96 32 -0.69223741545951478
minecraft:ridge 69 125 105 -0.077600198946329413
minecraft:ridge 106 154 50 -0.31440840296077677
minecraft:ridge 15 183 123 -0.3762143411319373
minecraft:ridge 52 212 68 0.3774299759864117
minecraft:ridge 89 241 13 -0.43368151989600895
minecraft:ridge 126 270 86 -0.67690493669096607
minecraft:ridge 35 299 31 -0.3068367891310036
minecraft:ridge 72 -56 104 0.63258201931151781
minecraft:ridge 109 -27 49 0.59546283619638296
minecraft:ridge 18 2 122 0.214295065610903
minecraft:ridge 55 31 67 0.23510518445448902
minecraft:ridge 92 60 12 0.13333017116675994
minecraft:ridge 1 89 85 -0.13697807827486791
minecraft:ridge 38 118 30 -0.41239539709902601
minecraft:ridge 75 147 103 -0.047062876687217099
minecraft:ridge 112 176 48 -0.12854478011155368
minecraft:ridge 21 205 121 -0.12944268179800072
minecraft:ridge 58 234 66 0.061832061473288888
minecraft:ridge 95 263 11 -0.79993248576696829
minecraft:ridge 4 292 84 -0.4500136560356921
minecraft:ridge 41 -63 29 -0.41944903422334223
minecraft:ridge 78 -34 102 0.70235759379304974
minecraft:ridge 115 -5 47 0.85566995351464892
minecraft:ridge 24 24 120 0.16564782950494694
minecraft:ridge 61 53 65 0.40602586555584014
minecraft:ridge 98 82 10 0.16308073766308412
minecraft:ridge 7 111 83 -0.15773798865801217
minecraft:ridge 44 140 28 -0.24477844672467081
minecraft:ridge 81 169 101 0.080733154265992271
minecraft:ridge 118 198 46 0.20148771745732791
minecraft:ridge 27 227 119 -0.19801418606668844
minecraft:offset 0 -64 0 0.38363348068195946
minecraft:offset 37 -35 73 0.047445329751450785
minecraft:offset 74 -6 18 0.13005423002019517
minecraft:offset 111 23 91 -0.15512689465860674
minecraft:offset 20 52 36 -0.29858046066646282
minecraft:offset 57 81 109 -0.12432799177276993
minecraft:offset 94 110 54 -0.32751112852158043
minecraft:offset 3 139 127 0.057454148471160801
minecraft:offset 40 168 72 -0.48158222931260997
minecraft:offset 77 197 17 -0.07736558365342025
minecraft:offset 114 226 90 -0.41931148530673812
minecraft:offset 23 255 35 -0.55601887123022475
minecraft:offset 60 284 108 0.13206048076537941
minecraft:offset 97 313 53 -0.16116128258816576
minecraft:offset 6 -42 126 0.38463940210205194
minecraft:offset 43 -13 71 -0.018696346997505123
minecraft:offset 80 16 16 -0.083134103759124084
minecraft:offset 117 45 89 0.10721421002347961
minecraft:offset 26 74 34 0.35226877772228665
minecraft:offset 63 103 107 0.28054013295469582
minecraft:offset 100 132 52 -0.038778462622614474
minecraft:offset 9 161 125 -0.11713653908083731
minecraft:offset 46 190 70 0.087526779637633306
minecraft:offset 83 219 15 0.12933614667649637
minecraft:offset 120 248 88 -0.39104830278889058
minecraft:offset 29 277 33 -0.0040730696588312312
minecraft:offset 66 306 106 0.27212865162322863
minecraft:offset 103 -49 51 -0.16924457299993284
minecraft:offset 12 -20 124 -0.18206181554924231
minecraft:offset 49 9 69 0.29242409140579512
minecraft:offset 86 38 14 -0.053547508311636988
minecraft:offset 123 67 87 -0.076089072280036668
minecraft:offset 32 96 32 -0.64099920271245403
minecraft:offset 69 125 105 -0.43809680339437912
minecraft:offset 106 154 50 -0.12345526367092363
minecraft:offset 15 183 123 -0.31600552192683862
minecraft:offset 52 212 68 -0.34269106610015782
minecraft:offset 89 241 13 0.20302365882885109
minecraft:offset 126 270 86 0.3319327707334927
minecraft:offset 35 299 31 0.21101485220354266
minecraft:offset 72 -56 104 -0.3804730614507017
minecraft:offset 109 -27 49 0.34734140374067957
minecraft:offset 18 2 122 -0.069713043639637512
minecraft:offset 55 31 67 0.030281005094551984
minecraft:offset 92 60 12 0.38961754884590072
minecraft:offset 1 89 85 -0.042568910411885402
minecraft:offset 38 118 30 0.14884170506361682
minecraft:offset 75 147 103 -0.34875110957269029
minecraft:offset 112 176 48 -0.1815696211321606
minecraft:offset 21 205 121 -0.1864660182820381
minecraft:offset 58 234 66 0.078133128766290888
minecraft:offset 95 263 11 -0.2333511623565519
minecraft:offset 4 292 84 0.015070361291482006
minecraft:offset 41 -63 29 -0.085952147473339457
minecraft:offset 78 -34 102 -0.45800339734244544
minecraft:offset 115 -5 47 -0.08907336094026308
minecraft:offset 24 24 120 0.28856199394262694
minecraft:offset 61 53 65 0.30742534210265315
minecraft:offset 98 82 10 0.26443993699520157
minecraft:offset 7 111 83 -0.058659333422983961
minecraft:offset 44 140 28 -0.0096536939668704844
minecraft:offset 81 169 101 -0.53521612053820866
minecraft:offset 118 198 46 -0.23876315849762936
minecraft:offset 27 227 119 -0.24565114398650237
minecraft:aquifer_barrier 0 -64 0 -0.23038781305163336
minecraft:aquifer_barrier 37 -35 73 -0.015232728351518633
minecraft:aquifer_barrier 74 -6 18 0.12183631727024449
minecraft:aquifer_barrier 111 23 91 -0.36378024958268174
minecraft:aquifer_barrier 20 52 36 -0.0010304220340294026
minecraft:aquifer_barrier 57 81 109 -0.028310580258448327
minecraft:aquifer_barrier 94 110 54 -0.42854052523864988
minecraft:aquifer_barrier 3 139 127 -0.34394117297304588
minecraft:aquifer_barrier 40 168 72 0.086908187055403333
minecraft:aquifer_barrier 77 197 17 -0.20050192123312435
minecraft:aquifer_barrier 114 226 90 -0.095858562286141008
minecraft:aquifer_barrier 23 255 35 -0.079808336989134379
minecraft:aquifer_barrier 60 284 108 -0.1485009179555927
minecraft:aquifer_barrier 97 313 53 -0.51644485799954465
minecraft:aquifer_barrier 6 -42 126 0.52441181996025876
minecraft:aquifer_barrier 43 -13 71 0.24228742753153504
minecraft:aquifer_barrier 80 16 16 -0.86841442030072913
minecraft:aquifer_barrier 117 45 89 0.33671300256451792
minecraft:aquifer_barrier 26 74 34 0.10423604053123535
minecraft:aquifer_barrier 63 103 107 -0.39321056205877858
minecraft:aquifer_barrier 100 132 52 0.4066511390481628
minecraft:aquifer_barrier 9 161 125 -0.12594982889932108
minecraft:aquifer_barrier 46 190 70 0.16083363753835175
minecraft:aquifer_barrier 83 219 15 0.32340926578425155
minecraft:aquifer_barrier 120 248 88 -0.33473026032820613
minecraft:aquifer_barrier 29 277 33 -0.0081342514855309994
minecraft:aquifer_barrier 66 306 106 0.50999787981457856
minecraft:aquifer_barrier 103 -49 51 -0.074333646196797498
minecraft:aquifer_barrier 12 -20 124 0.22405436227509148
minecraft:aquifer_barrier 49 9 69 0.19679912996461826
minecraft:aquifer_barrier 86 38 14 0.095985996532601717
minecraft:aquifer_barrier 123 67 87 -0.60613700730959963
minecraft:aquifer_barrier 32 96 32 -0.32305654542017592
minecraft:aquifer_barrier 69 125 105 0.0082576533181631193
minecraft:aquifer_barrier 106 154 50 -0.37023264016464852
minecraft:aquifer_barrier 15 183 123 0.41973157481967965
minecraft:aquifer_barrier 52 212 68 -0.068206619353561246
minecraft:aquifer_barrier 89 241 13 -0.085219471753105527
minecraft:aquifer_barrier 126 270 86 0.016214201957086304
minecraft:aquifer_barrier 35 299 31 0.35581597251920505
minecraft:aquifer_barrier 72 -56 104 0.45306829616834665
minecraft:aquifer_barrier 109 -27 49 -0.58617038640643793
minecraft:aquifer_barrier 18 2 122 0.43395440352170694
minecraft:aquifer_barrier 55 31 67 0.17131798984776925
minecraft:aquifer_barrier 92 60 12 -0.039158667441365799
minecraft:aquifer_barrier 1 89 85 -0.08843381512836386
minecraft:aquifer_barrier 38 118 30 -0.30281766238023911
minecraft:aquifer_barrier 75 147 103 0.54840944166145911
minecraft:aquifer_barrier 112 176 48 0.19168472678053874
minecraft:aquifer_barrier 21 205 121 -0.28223829460802047
minecraft:aquifer_barrier 58 234 66 0.42569698200429429
minecraft:aquifer_barrier 95 263 11 0.26353055498232114
minecraft:aquifer_barrier 4 292 84 0.14507225706323854
minecraft:aquifer_barrier 41 -63 29 -0.36335523324863744
minecraft:aquifer_barrier 78 -34 102 0.29304531758214086
minecraft:aquifer_barrier 115 -5 47 0.69519659174463289
minecraft:aquifer_barrier 24 24 120 0.41545277364182337
minecraft:aquifer_barrier 61 53 65 0.43334126861660138
minecraft:aquifer_barrier 98 82 10 0.018483905808424905
minecraft:aquifer_barrier 7 111 83 0.41398021508607158
minecraft:aquifer_barrier 44 140 28 0.0073235052263460653
minecraft:aquifer_barrier 81 169 101 -0.30744526374370185
minecraft:aquifer_barrier 118 198 46 0.10945670704966413
minecraft:aquifer_barrier 27 227 119 0.20719755871496259
minecraft:aquifer_fluid_level_floodedness 0 -64 0 -0.35032768070559972
minecraft:aquifer_fluid_level_floodedness 37 -35 73 0.13121259409701846
minecraft:aquifer_fluid_level_floodedness 74 -6 18 0.3490416521124689
minecraft:aquifer_fluid_level_floodedness 111 23 91 -0.41232921961862862
minecraft:aquifer_fluid_level_floodedness 20 52 36 0.78137884078789344
minecraft:aquifer_fluid_level_floodedness 57 81 109 0.42951912306644241
minecraft:aquifer_fluid_level_floodedness 94 110 54 0.82196239078738498
minecraft:aquifer_fluid_level_floodedness 3 139 127 0.071477045133025371
minecraft:aquifer_fluid_level_floodedness 40 168 72 0.45288929224109742
minecraft:aquifer_fluid_level_floodedness 77 197 17 0.44759700619920678
minecraft:aquifer_fluid_level_floodedness 114 226 90 0.35610328856308099
minecraft:aquifer_fluid_level_floodedness 23 255 35 -0.42789973905581891
minecraft:aquifer_fluid_level_floodedness 60 284 108 -0.40970124530243207
minecraft:aquifer_fluid_level_floodedness 97 313 53 -0.063513121611686596
minecraft:aquifer_fluid_level_floodedness 6 -42 126 0.31028839369698974
minecraft:aquifer_fluid_level_floodedness 43 -13 71 0.066748372473791617
minecraft:aquifer_fluid_level_floodedness 80 16 16 0.52051871456535515
minecraft:aquifer_fluid_level_floodedness 117 45 89 -0.20335541269146032
minecraft:aquifer_fluid_level_floodedness 26 74 34 0.73725052761361398
minecraft:aquifer_fluid_level_floodedness 63 103 107 0.56509760458255132
minecraft:aquifer_fluid_level_floodedness 100 132 52 0.73661477103951334
minecraft:aquifer_fluid_level_floodedness 9 161 125 0.26584824663109596
minecraft:aquifer_fluid_level_floodedness 46 190 70 0.24277198378719489
minecraft:aquifer_fluid_level_floodedness 83 219 15 0.50896032273711589
minecraft:aquifer_fluid_level_floodedness 120 248 88 0.34711588471602572
minecraft:aquifer_fluid_level_floodedness 29 277 33 -0.35340141762673583
minecraft:aquifer_fluid_level_floodedness 66 306 106 -0.32553534378046256
minecraft:aquifer_fluid_level_floodedness 103 -49 51 0.092853433874230576
minecraft:aquifer_fluid_level_floodedness 12 -20 124 0.17009161197757686
minecraft:aquifer_fluid_level_floodedness 49 9 69 0.18453671092214211
minecraft:aquifer_fluid_level_floodedness 86 38 14 0.58022930103361736
minecraft:aquifer_fluid_level_floodedness 123 67 87 0.16536668577205721
minecraft:aquifer_fluid_level_floodedness 32 96 32 0.57571713300207106
minecraft:aquifer_fluid_level_floodedness 69 125 105 0.60899470771534936
minecraft:aquifer_fluid_level_floodedness 106 154 50 0.63396603900701887
minecraft:aquifer_fluid_level_floodedness 15 183 123 0.27707119252504547
minecraft:aquifer_fluid_level_floodedness 52 212 68 0.13328167075735112
minecraft:aquifer_fluid_level_floodedness 89 241 13 0.55937775337651741
minecraft:aquifer_fluid_level_floodedness 126 270 86 0.10998762091878984
minecraft:aquifer_fluid_level_floodedness 35 299 31 -0.21078989804725878
minecraft:aquifer_fluid_level_floodedness 72 -56 104 0.33219630443928039
minecraft:aquifer_fluid_level_floodedness 109 -27 49 -0.0002557952498612297
minecraft:aquifer_fluid_level_floodedness 18 2 122 0.019209041258944532
minecraft:aquifer_fluid_level_floodedness 55 31 67 0.46655628768951135
minecraft:aquifer_fluid_level_floodedness 92 60 12 0.47869223399475541
minecraft:aquifer_fluid_level_floodedness 1 89 85 0.35004947058516572
minecraft:aquifer_fluid_level_floodedness 38 118 30 0.4048977870858726
minecraft:aquifer_fluid_level_floodedness 75 147 103 0.45951846328793194
minecraft:aquifer_fluid_level_floodedness 112 176 48 0.58095924634835039
minecraft:aquifer_fluid_level_floodedness 21 205 121 0.14912804703441912
minecraft:aquifer_fluid_level_floodedness 58 234 66 0.099808250920313313
minecraft:aquifer_fluid_level_floodedness 95 263 11 0.52068634034249028
minecraft:aquifer_fluid_level_floodedness 4 292 84 -0.51773031528148561
minecraft:aquifer_fluid_level_floodedness 41 -63 29 0.036626621988673086
minecraft:aquifer_fluid_level_floodedness 78 -34 102 0.080309387946884678
minecraft:aquifer_fluid_level_floodedness 115 -5 47 -0.011516976001934782
minecraft:aquifer_fluid_level_floodedness 24 24 120 -0.034390047524047562
minecraft:aquifer_fluid_level_floodedness 61 53 65 0.76502761235535721
minecraft:aquifer_fluid_level_floodedness 98 82 10 0.28573529506699613
minecraft:aquifer_fluid_level_floodedness 7 111 83 0.43759803390228358
minecraft:aquifer_fluid_level_floodedness 44 140 28 0.27990078628819265
minecraft:aquifer_fluid_level_floodedness 81 169 101 0.19565274802421603
minecraft:aquifer_fluid_level_floodedness 118 198 46 0.59588466350946079
minecraft:aquifer_fluid_level_floodedness 27 227 119 -0.007470397613315998
minecraft:aquifer_lava 0 -64 0 -0.090328981245843765
minecraft:aquifer_lava 37 -35 73 0.11182218842042498
minecraft:aquifer_lava 74 -6 18 -0.70276141647184087
minecraft:aquifer_lava 111 23 91 -0.20411640255677993
minecraft:aquifer_lava 20 52 36 0.15880888873606214
minecraft:aquifer_lava 57 81 109 -0.54817589514240084
minecraft:aquifer_lava 94 110 54 -0.58075099780933592
minecraft:aquifer_lava 3 139 127 0.0040552582340787
minecraft:aquifer_lava 40 168 72 -0.078469997210643724
minecraft:aquifer_lava 77 197 17 0.10458781278012677
minecraft:aquifer_lava 114 226 90 0.83430090761795095
minecraft:aquifer_lava 23 255 35 -0.2565066022624235
minecraft:aquifer_lava 60 284 108 0.23664089604966329
minecraft:aquifer_lava 97 313 53 0.36517855085239032
minecraft:aquifer_lava 6 -42 126 -0.0899734651002706
minecraft:aquifer_lava 43 -13 71 -0.04506019672171703
minecraft:aquifer_lava 80 16 16 -0.19466545102887828
minecraft:aquifer_lava 117 45 89 0.096792452351004338
minecraft:aquifer_lava 26 74 34 -0.0073121221941348461
minecraft:aquifer_lava 63 103 107 0.49298440754036432
minecraft:aquifer_lava 100 132 52 0.15239634608016975
minecraft:aquifer_lava 9 161 125 0.12846237548222325
minecraft:aquifer_lava 46 190 70 -0.3847092600654341
minecraft:aquifer_lava 83 219 15 -0.20316512859762953
minecraft:aquifer_lava 120 248 88 -0.4046551836512321
minecraft:aquifer_lava 29 277 33 -0.3638649966820543
minecraft:aquifer_lava 66 306 106 -0.64683684793389629
minecraft:aquifer_lava 103 -49 51 -0.081902006052988155
minecraft:aquifer_lava 12 -20 124 0.33236246767410277
minecraft:aquifer_lava 49 9 69 -0.26951254987588213
minecraft:aquifer_lava 86 38 14 -0.021707547178507109
minecraft:aquifer_lava 123 67 87 -0.05216659956150576
minecraft:aquifer_lava 32 96 32 -0.52104143441623729
minecraft:aquifer_lava 69 125 105 -0.35375847658443199
minecraft:aquifer_lava 106 154 50 0.21148637713464441
minecraft:aquifer_lava 15 183 123 -0.01392483595334779
minecraft:aquifer_lava 52 212 68 0.25172553914144996
minecraft:aquifer_lava 89 241 13 0.33075058517391254
minecraft:aquifer_lava 126 270 86 -0.28222551148320579
minecraft:aquifer_lava 35 299 31 0.074214227687173451
minecraft:aquifer_lava 72 -56 104 -0.40019619227632358
minecraft:aquifer_lava 109 -27 49 -0.30011958346598239
minecraft:aquifer_lava 18 2 122 0.47533645628950216
minecraft:aquifer_lava 55 31 67 0.23063753971715142
minecraft:aquifer_lava 92 60 12 -0.23729372682433478
minecraft:aquifer_lava 1 89 85 -0.33927099823403883
minecraft:aquifer_lava 38 118 30 0.035287663713192766
minecraft:aquifer_lava 75 147 103 0.12106614135634541
minecraft:aquifer_lava 112 176 48 0.29109699966617331
minecraft:aquifer_lava 21 205 121 0.03829655024166434
minecraft:aquifer_lava 58 234 66 0.23910190185059982
minecraft:aquifer_lava 95 263 11 0.088515815757823024
minecraft:aquifer_lava 4 292 84 0.63854967725169065
minecraft:aquifer_lava 41 -63 29 0.25732924483776953
minecraft:aquifer_lava 78 -34 102 -0.041315600922146145
minecraft:aquifer_lava 115 -5 47 -0.14191812587951222
minecraft:aquifer_lava 24 24 120 0.064227995773932095
minecraft:aquifer_lava 61 53 65 -0.1122813510778924
minecraft:aquifer_lava 98 82 10 0.26927895039768807
minecraft:aquifer_lava 7 111 83 -0.61891518566530135
minecraft:aquifer_lava 44 140 28 -0.45785482800923405
minecraft:aquifer_lava 81 169 101 0.29165105001896968
minecraft:aquifer_lava 118 198 46 0.065511198751253774
minecraft:aquifer_lava 27 227 119 0.25194517175221298
minecraft:aquifer_fluid_level_spread 0 -64 0 -0.45210641202850527
minecraft:aquifer_fluid_level_spread 37 -35 73 0.23885504347358466
minecraft:aquifer_fluid_level_spread 74 -6 18 -0.2384507512237419
minecraft:aquifer_fluid_level_spread 111 23 91 0.25310182622848798
minecraft:aquifer_fluid_level_spread 20 52 36 -0.072965476928267312
minecraft:aquifer_fluid_level_spread 57 81 109 0.011322287239241233
minecraft:aquifer_fluid_level_spread 94 110 54 0.10729681102004388
minecraft:aquifer_fluid_level_spread 3 139 127 -0.015496160989126085
minecraft:aquifer_fluid_level_spread 40 168 72 0.071937627777943311
minecraft:aquifer_fluid_level_spread 77 197 17 0.69220850159235092
minecraft:aquifer_fluid_level_spread 114 226 90 0.19883256385483822
minecraft:aquifer_fluid_level_spread 23 255 35 -0.19980146722405404
minecraft:aquifer_fluid_level_spread 60 284 108 0.087278952953995625
minecraft:aquifer_fluid_level_spread 97 313 53 0.47089499510319011
minecraft:aquifer_fluid_level_spread 6 -42 126 -0.135215993261283
minecraft:aquifer_fluid_level_spread 43 -13 71 -0.30185573877557442
minecraft:aquifer_fluid_level_spread 80 16 16 0.53018482800036359
minecraft:aquifer_fluid_level_spread 117 45 89 0.38325851536442329
minecraft:aquifer_fluid_level_spread 26 74 34 -0.29068549772545521
minecraft:aquifer_fluid_level_spread 63 103 107 0.51411141963276108
minecraft:aquifer_fluid_level_spread 100 132 52 -0.65449938553461129
minecraft:aquifer_fluid_level_spread 9 161 125 -0.43803001388483909
minecraft:aquifer_fluid_level_spread 46 190 70 0.25895867264781619
minecraft:aquifer_fluid_level_spread 83 219 15 -0.17261102873030271
minecraft:aquifer_fluid_level_spread 120 248 88 -0.46694517279907383
minecraft:aquifer_fluid_level_spread 29 277 33 0.11773102365096265
minecraft:aquifer_fluid_level_spread 66 306 106 -0.3270258717741053
minecraft:aquifer_fluid_level_spread 103 -49 51 0.11527287175820368
minecraft:aquifer_fluid_level_spread 12 -20 124 -0.38892591015760447
minecraft:aquifer_fluid_level_spread 49 9 69 0.35851716028121478
minecraft:aquifer_fluid_level_spread 86 38 14 0.48570137214778814
minecraft:aquifer_fluid_level_spread 123 67 87 0.57129653857756457
minecraft:aquifer_fluid_level_spread 32 96 32 0.8075269093491354
minecraft:aquifer_fluid_level_spread 69 125 105 -0.25057683147994581
minecraft:aquifer_fluid_level_spread 106 154 50 -0.23936815785633653
minecraft:aquifer_fluid_level_spread 15 183 123 -0.45234829226565804
minecraft:aquifer_fluid_level_spread 52 212 68 -0.85189162541996721
minecraft:aquifer_fluid_level_spread 89 241 13 -0.63638438746180381
minecraft:aquifer_fluid_level_spread 126 270 86 -0.53927849152917107
minecraft:aquifer_fluid_level_spread 35 299 31 -0.25427810491347336
minecraft:aquifer_fluid_level_spread 72 -56 104 0.32453924363401726
minecraft:aquifer_fluid_level_spread 109 -27 49 -0.8080438636401005
minecraft:aquifer_fluid_level_spread 18 2 122 0.63646226515898663
minecraft:aquifer_fluid_level_spread 55 31 67 0.40621690337709832
minecraft:aquifer_fluid_level_spread 92 60 12 0.34640345195112765
minecraft:aquifer_fluid_level_spread 1 89 85 -0.079577929472032988
minecraft:aquifer_fluid_level_spread 38 118 30 -0.15315784983166283
minecraft:aquifer_fluid_level_spread 75 147 103 0.13499910463841167
minecraft:aquifer_fluid_level_spread 112 176 48 0.095762685889942009
minecraft:aquifer_fluid_level_spread 21 205 121 -0.1859675109353438
minecraft:aquifer_fluid_level_spread 58 234 66 0.21575071406921023
minecraft:aquifer_fluid_level_spread 95 263 11 -0.56466990618261392
minecraft:aquifer_fluid_level_spread 4 292 84 0.47571485084721232
minecraft:aquifer_fluid_level_spread 41 -63 29 0.39532605779600266
minecraft:aquifer_fluid_level_spread 78 -34 102 -0.40262633273706488
minecraft:aquifer_fluid_level_spread 115 -5 47 -0.20481382087986449
minecraft:aquifer_fluid_level_spread 24 24 120 0.17445327744214922
minecraft:aquifer_fluid_level_spread 61 53 65 -0.26594023495543578
minecraft:aquifer_fluid_level_spread 98 82 10 0.051662039212369323
minecraft:aquifer_fluid_level_spread 7 111 83 -0.00090869812767365343
minecraft:aquifer_fluid_level_spread 44 140 28 0.053238086493542218
minecraft:aquifer_fluid_level_spread 81 169 101 -0.24828246297907991
minecraft:aquifer_fluid_level_spread 118 198 46 0.11875553671976059
minecraft:aquifer_fluid_level_spread 27 227 119 0.14117664962168711
minecraft:pillar 0 -64 0 -0.43925538420519628
minecraft:pillar 37 -35 73 0.47890577393516215
minecraft:pillar 74 -6 18 -0.06180229574897278
minecraft:pillar 111 23 91 -0.16139369392618338
minecraft:pillar 20 52 36 -0.097576076291746555
minecraft:pillar 57 81 109 0.12624037636490698
minecraft:pillar 94 110 54 0.2467468387453037
minecraft:pillar 3 139 127 -0.048620081833297732
minecraft:pillar 40 168 72 0.38097274054920538
minecraft:pillar 77 197 17 0.15555635042434399
minecraft:pillar 114 226 90 0.38868684943166276
minecraft:pillar 23 255 35 -0.41897691072870041
minecraft:pillar 60 284 108 0.26467450861788833
minecraft:pillar 97 313 53 0.21883136039782761
minecraft:pillar 6 -42 126 -0.18881260916892748
minecraft:pillar 43 -13 71 0.53943464047314249
minecraft:pillar 80 16 16 0.044557756365161232
minecraft:pillar 117 45 89 0.0028806412013150802
minecraft:pillar 26 74 34 -0.23002418829257909
minecraft:pillar 63 103 107 0.25773696940050006
minecraft:pillar 100 132 52 0.47249836688134755
minecraft:pillar 9 161 125 -0.0064955756272301437
minecraft:pillar 46 190 70 0.47504169901623711
minecraft:pillar 83 219 15 -0.057447286951541138
minecraft:pillar 120 248 88 0.35323173070636332
minecraft:pillar 29 277 33 -0.24155059544165966
minecraft:pillar 66 306 106 0.12456878206644531
minecraft:pillar 103 -49 51 -0.14110084874203313
minecraft:pillar 12 -20 124 -0.2538530695723078
minecraft:pillar 49 9 69 0.21762182127502067
minecraft:pillar 86 38 14 0.054668784393055725
minecraft:pillar 123 67 87 0.15426594972438593
minecraft:pillar 32 96 32 -0.19958788332135383
minecraft:pillar 69 125 105 0.46091975163165133
minecraft:pillar 106 154 50 0.46888545280564403
minecraft:pillar 15 183 123 -0.13186049424671156
minecraft:pillar 52 212 68 0.42020516752037951
minecraft:pillar 89 241 13 -0.14995285255149252
minecraft:pillar 126 270 86 0.28982142828271695
minecraft:pillar 35 299 31 -0.13585983438323843
minecraft:pillar 72 -56 104 0.32111716374916333
minecraft:pillar 109 -27 49 -0.15364462276300966
minecraft:pillar 18 2 122 0.055570912022545167
minecraft:pillar 55 31 67 -0.0017712406564646735
minecraft:pillar 92 60 12 -0.032516939582146985
minecraft:pillar 1 89 85 -0.2799457916000489
minecraft:pillar 38 118 30 -0.16444902115343071
minecraft:pillar 75 147 103 0.41505487853109424
minecraft:pillar 112 176 48 0.05575563567445236
minecraft:pillar 21 205 121 -0.075823003150713456
minecraft:pillar 58 234 66 0.22444321126760322
minecraft:pillar 95 263 11 0.018646343307874194
minecraft:pillar 4 292 84 0.068749733928117868
minecraft:pillar 41 -63 29 -0.078328575149936006
minecraft:pillar 78 -34 102 0.37297561630690523
minecraft:pillar 115 -5 47 -0.29181788417320514
minecraft:pillar 24 24 120 0.25126102672706718
minecraft:pillar 61 53 65 0.094529158532573571
minecraft:pillar 98 82 10 -0.1609445775217794
minecraft:pillar 7 111 83 -0.36366800036624669
minecraft:pillar 44 140 28 0.085732951451163025
minecraft:pillar 81 169 101 0.30677277472253389
minecraft:pillar 118 198 46 -0.15682985097486701
minecraft:pillar 27 227 119 0.13212467863035668
minecraft:spaghetti_2d 0 -64 0 -0.093563273364622696
minecraft:spaghetti_2d 37 -35 73 -0.16606288882310871
minecraft:spaghetti_2d 74 -6 18 0.19869105610873047
minecraft:spaghetti_2d 111 23 91 0.026800265032536026
minecraft:spaghetti_2d 20 52 36 0.4846784010131886
minecraft:spaghetti_2d 57 81 109 0.62451450949966503
minecraft:spaghetti_2d 94 110 54 0.25489732590226299
minecraft:spaghetti_2d 3 139 127 -0.10567684526426409
minecraft:spaghetti_2d 40 168 72 0.034361959651485932
minecraft:spaghetti_2d 77 197 17 -0.29716179809215332
minecraft:spaghetti_2d 114 226 90 0.16705313265896085
minecraft:spaghetti_2d 23 255 35 0.22135132787017517
minecraft:spaghetti_2d 60 284 108 -0.76833821002006242
minecraft:spaghetti_2d 97 313 53 0.34382863306382094
minecraft:spaghetti_2d 6 -42 126 0.080008641224789304
minecraft:spaghetti_2d 43 -13 71 -0.11882997676221611
minecraft:spaghetti_2d 80 16 16 0.29420702988699715
minecraft:spaghetti_2d 117 45 89 0.15822783511731167
minecraft:spaghetti_2d 26 74 34 0.45542005164928046
minecraft:spaghetti_2d 63 103 107 0.61618816221703432
minecraft:spaghetti_2d 100 132 52 0.096513662859367494
minecraft:spaghetti_2d 9 161 125 -0.14757031929724815
minecraft:spaghetti_2d 46 190 70 0.061867033134732581
minecraft:spaghetti_2d 83 219 15 0.050649506037618128
minecraft:spaghetti_2d 120 248 88 0.02892826532752223
minecraft:spaghetti_2d 29 277 33 0.2190832274101685
minecraft:spaghetti_2d 66 306 106 -0.55951990507426441
minecraft:spaghetti_2d 103 -49 51 -0.10004798811372423
minecraft:spaghetti_2d 12 -20 124 0.01851253336237646
minecraft:spaghetti_2d 49 9 69 0.018519470662994666
minecraft:spaghetti_2d 86 38 14 0.31095147661214118
minecraft:spaghetti_2d 123 67 87 0.23952483142954684
minecraft:spaghetti_2d 32 96 32 0.14812633933401986
minecraft:spaghetti_2d 69 125 105 0.48441709104270497
minecraft:spaghetti_2d 106 154 50 0.08053207816881984
minecraft:spaghetti_2d 15 183 123 -0.15663787334468737
minecraft:spaghetti_2d 52 212 68 0.035750080968183634
minecraft:spaghetti_2d 89 241 13 0.30650340752717059
minecraft:spaghetti_2d 126 270 86 -0.0055361173071284677
minecraft:spaghetti_2d 35 299 31 0.16872354707344364
minecraft:spaghetti_2d 72 -56 104 0.15981862407220029
minecraft:spaghetti_2d 109 -27 49 -0.17393940553154041
minecraft:spaghetti_2d 18 2 122 -0.069700355715135373
minecraft:spaghetti_2d 55 31 67 0.21081669887923221
minecraft:spaghetti_2d 92 60 12 0.26476641511495963
minecraft:spaghetti_2d 1 89 85 0.4128406487985154
minecraft:spaghetti_2d 38 118 30 -0.26716342298663781
minecraft:spaghetti_2d 75 147 103 0.3981958179975712
minecraft:spaghetti_2d 112 176 48 0.175947956315122
minecraft:spaghetti_2d 21 205 121 -0.26047614557252596
minecraft:spaghetti_2d 58 234 66 -0.048390727939154284
minecraft:spaghetti_2d 95 263 11 0.38950932853620218
minecraft:spaghetti_2d 4 292 84 -0.10891562455982182
minecraft:spaghetti_2d 41 -63 29 -0.26856062212005405
minecraft:spaghetti_2d 78 -34 102 0.0087571288753786562
minecraft:spaghetti_2d 115 -5 47 -0.24657228262903422
minecraft:spaghetti_2d 24 24 120 -0.0450906354681214
minecraft:spaghetti_2d 61 53 65 0.49287457889654196
minecraft:spaghetti_2d 98 82 10 0.06566315672119101
minecraft:spaghetti_2d 7 111 83 0.23055798300784547
minecraft:spaghetti_2d 44 140 28 -0.52889280412301565
minecraft:spaghetti_2d 81 169 101 0.38628059494335693
minecraft:spaghetti_2d 118 198 46 0.33471362921276898
minecraft:spaghetti_2d 27 227 119 -0.45601343816031087
minecraft:spaghetti_2d_elevation 0 -64 0 -0.27422371078674906
minecraft:spaghetti_2d_elevation 37 -35 73 0.25503097144389003
minecraft:spaghetti_2d_elevation 74 -6 18 0.17776683019716977
minecraft:spaghetti_2d_elevation 111 23 91 0.56767537544155733
minecraft:spaghetti_2d_elevation 20 52 36 0.54876963865220174
minecraft:spaghetti_2d_elevation 57 81 109 0.24915065806427247
minecraft:spaghetti_2d_elevation 94 110 54 0.52346868129145807
minecraft:spaghetti_2d_elevation 3 139 127 -0.1603069173202144
minecraft:spaghetti_2d_elevation 40 168 72 -0.013446856340984177
minecraft:spaghetti_2d_elevation 77 197 17 0.069008175771448119
minecraft:spaghetti_2d_elevation 114 226 90 -0.53844179503993328
minecraft:spaghetti_2d_elevation 23 255 35 -0.18101436918693764
minecraft:spaghetti_2d_elevation 60 284 108 -0.62440188275580932
minecraft:spaghetti_2d_elevation 97 313 53 -0.43440249141711512
minecraft:spaghetti_2d_elevation 6 -42 126 0.33499950620103486
minecraft:spaghetti_2d_elevation 43 -13 71 0.37010520009249642
minecraft:spaghetti_2d_elevation 80 16 16 0.3609196228199667
minecraft:spaghetti_2d_elevation 117 45 89 0.57178133692632804
minecraft:spaghetti_2d_elevation 26 74 34 0.57644563399118076
minecraft:spaghetti_2d_elevation 63 103 107 0.14115127108853304
minecraft:spaghetti_2d_elevation 100 132 52 0.43545589878439767
minecraft:spaghetti_2d_elevation 9 161 125 -0.32060380938920968
minecraft:spaghetti_2d_elevation 46 190 70 -0.16657253492173391
minecraft:spaghetti_2d_elevation 83 219 15 -0.084920868923318474
minecraft:spaghetti_2d_elevation 120 248 88 -0.61369717663730505
minecraft:spaghetti_2d_elevation 29 277 33 -0.15198134182082465
minecraft:spaghetti_2d_elevation 66 306 106 -0.53135996580478162
minecraft:spaghetti_2d_elevation 103 -49 51 0.10599951932708362
minecraft:spaghetti_2d_elevation 12 -20 124 0.40608744639635019
minecraft:spaghetti_2d_elevation 49 9 69 0.47155739644118916
minecraft:spaghetti_2d_elevation 86 38 14 0.53015662791803086
minecraft:spaghetti_2d_elevation 123 67 87 0.5502784541201925
minecraft:spaghetti_2d_elevation 32 96 32 0.54771632253178393
minecraft:spaghetti_2d_elevation 69 125 105 0.02674827334846213
minecraft:spaghetti_2d_elevation 106 154 50 0.31990622383267808
minecraft:spaghetti_2d_elevation 15 183 123 -0.47364831733328333
minecraft:spaghetti_2d_elevation 52 212 68 -0.30339322637061322
minecraft:spaghetti_2d_elevation 89 241 13 -0.21492691107570597
minecraft:spaghetti_2d_elevation 126 270 86 -0.63741595962053021
minecraft:spaghetti_2d_elevation 35 299 31 -0.086455593062310321
minecraft:spaghetti_2d_elevation 72 -56 104 0.37842014139522384
minecraft:spaghetti_2d_elevation 109 -27 49 0.22993504167166115
minecraft:spaghetti_2d_elevation 18 2 122 0.44046423014631692
minecraft:spaghetti_2d_elevation 55 31 67 0.54358437439667284
minecraft:spaghetti_2d_elevation 92 60 12 0.65614517218738555
minecraft:spaghetti_2d_elevation 1 89 85 0.42753935866204346
minecraft:spaghetti_2d_elevation 38 118 30 0.47599406181461151
minecraft:spaghetti_2d_elevation 75 147 103 -0.10446848976398317
minecraft:spaghetti_2d_elevation 112 176 48 0.17181557620394675
minecraft:spaghetti_2d_elevation 21 205 121 -0.59476540830766123
minecraft:spaghetti_2d_elevation 58 234 66 -0.40363177298589031
minecraft:spaghetti_2d_elevation 95 263 11 -0.30489216984551409
minecraft:spaghetti_2d_elevation 4 292 84 -0.13329739757298817
minecraft:spaghetti_2d_elevation 41 -63 29 -0.11455473135757167
minecraft:spaghetti_2d_elevation 78 -34 102 0.44886450745095136
minecraft:spaghetti_2d_elevation 115 -5 47 0.37901383645666953
minecraft:spaghetti_2d_elevation 24 24 120 0.42710501456911931
minecraft:spaghetti_2d_elevation 61 53 65 0.57567745997721953
minecraft:spaghetti_2d_elevation 98 82 10 0.71770169553829521
minecraft:spaghetti_2d_elevation 7 111 83 0.32177953011245147
minecraft:spaghetti_2d_elevation 44 140 28 0.38007013940349932
minecraft:spaghetti_2d_elevation 81 169 101 -0.25670388866457811
minecraft:spaghetti_2d_elevation 118 198 46 0.0057232526532955538
minecraft:spaghetti_2d_elevation 27 227 119 -0.66333573728890105
minecraft:spaghetti_2d_modulator 0 -64 0 -0.29481480508140839
minecraft:spaghetti_2d_modulator 37 -35 73 -0.31007397173158047
minecraft:spaghetti_2d_modulator 74 -6 18 -0.31459748228902928
minecraft:spaghetti_2d_modulator 111 23 91 -0.3258243805984099
minecraft:spaghetti_2d_modulator 20 52 36 -0.31399904360119824
minecraft:spaghetti_2d_modulator 57 81 109 -0.31977129253111569
minecraft:spaghetti_2d_modulator 94 110 54 -0.31868545851108804
minecraft:spaghetti_2d_modulator 3 139 127 -0.30755979160218488
minecraft:spaghetti_2d_modulator 40 168 72 -0.30776820593438192
minecraft:spaghetti_2d_modulator 77 197 17 -0.30055129382203666
minecraft:spaghetti_2d_modulator 114 226 90 -0.30127506982661173
minecraft:spaghetti_2d_modulator 23 255 35 -0.28558318049445225
minecraft:spaghetti_2d_modulator 60 284 108 -0.28287659302669343
minecraft:spaghetti_2d_modulator 97 313 53 -0.27378408723346903
minecraft:spaghetti_2d_modulator 6 -42 126 -0.30353190363503063
minecraft:spaghetti_2d_modulator 43 -13 71 -0.31399917571724123
minecraft:spaghetti_2d_modulator 80 16 16 -0.3165828455899381
minecraft:spaghetti_2d_modulator 117 45 89 -0.32650417203703347
minecraft:spaghetti_2d_modulator 26 74 34 -0.31433186052964768
minecraft:spaghetti_2d_modulator 63 103 107 -0.31899443661030547
minecraft:spaghetti_2d_modulator 100 132 52 -0.31623819017568433
minecraft:spaghetti_2d_modulator 9 161 125 -0.30537613808530045
minecraft:spaghetti_2d_modulator 46 190 70 -0.30411002357573907
minecraft:spaghetti_2d_modulator 83 219 15 -0.2955423962950996
minecraft:spaghetti_2d_modulator 120 248 88 -0.29579756695641396
minecraft:spaghetti_2d_modulator 29 277 33 -0.27978096765880234
minecraft:spaghetti_2d_modulator 66 306 106 -0.27690119145131731
minecraft:spaghetti_2d_modulator 103 -49 51 -0.31537213518707785
minecraft:spaghetti_2d_modulator 12 -20 124 -0.3083166566809401
minecraft:spaghetti_2d_modulator 49 9 69 -0.31690299779444508
minecraft:spaghetti_2d_modulator 86 38 14 -0.31757886382033945
minecraft:spaghetti_2d_modulator 123 67 87 -0.32626718812493233
minecraft:spaghetti_2d_modulator 32 96 32 -0.31374137930900581
minecraft:spaghetti_2d_modulator 69 125 105 -0.31737850111782667
minecraft:spaghetti_2d_modulator 106 154 50 -0.31301928798164785
minecraft:spaghetti_2d_modulator 15 183 123 -0.30245509587002156
minecraft:spaghetti_2d_modulator 52 212 68 -0.299797648241383
minecraft:spaghetti_2d_modulator 89 241 13 -0.28998240310504259
minecraft:spaghetti_2d_modulator 126 270 86 -0.28988116117519835
minecraft:spaghetti_2d_modulator 35 299 31 -0.27358953292757515
minecraft:spaghetti_2d_modulator 72 -56 104 -0.31278257432340761
minecraft:spaghetti_2d_modulator 109 -27 49 -0.31892489532276852
minecraft:spaghetti_2d_modulator 18 2 122 -0.31208467200042012
minecraft:spaghetti_2d_modulator 55 31 67 -0.3188090062275884
minecraft:spaghetti_2d_modulator 92 60 12 -0.31761747098455489
minecraft:spaghetti_2d_modulator 1 89 85 -0.31252931631417313
minecraft:spaghetti_2d_modulator 38 118 30 -0.31226920648681949
minecraft:spaghetti_2d_modulator 75 147 103 -0.31496995704903402
minecraft:spaghetti_2d_modulator 112 176 48 -0.30908357327491337
minecraft:spaghetti_2d_modulator 21 205 121 -0.29885345865498597
minecraft:spaghetti_2d_modulator 58 234 66 -0.29489630008744966
minecraft:spaghetti_2d_modulator 95 263 11 -0.28394444222215948
minecraft:spaghetti_2d_modulator 4 292 84 -0.27513236607627417
minecraft:spaghetti_2d_modulator 41 -63 29 -0.30285598853072793
minecraft:spaghetti_2d_modulator 78 -34 102 -0.31725133511680054
minecraft:spaghetti_2d_modulator 115 -5 47 -0.32145901052466114
minecraft:spaghetti_2d_modulator 24 24 120 -0.31485591206236896
minecraft:spaghetti_2d_modulator 61 53 65 -0.319745424771539
minecraft:spaghetti_2d_modulator 98 82 10 -0.31673526645747441
minecraft:spaghetti_2d_modulator 7 111 83 -0.31187407268132006
minecraft:spaghetti_2d_modulator 44 140 28 -0.30996175547688731
minecraft:spaghetti_2d_modulator 81 169 101 -0.31181988532092736
minecraft:spaghetti_2d_modulator 118 198 46 -0.30449041450171188
minecraft:spaghetti_2d_modulator 27 227 119 -0.29463274836548109
minecraft:spaghetti_2d_thickness 0 -64 0 -0.054462155977898212
minecraft:spaghetti_2d_thickness 37 -35 73 -0.025636581888502881
minecraft:spaghetti_2d_thickness 74 -6 18 0.026513852729456996
minecraft:spaghetti_2d_thickness 111 23 91 0.057784874234219998
minecraft:spaghetti_2d_thickness 20 52 36 0.013974497198059783
minecraft:spaghetti_2d_thickness 57 81 109 0.041506800120946576
minecraft:spaghetti_2d_thickness 94 110 54 0.088979065693513354
minecraft:spaghetti_2d_thickness 3 139 127 0.018183857170874229
minecraft:spaghetti_2d_thickness 40 168 72 0.066555374168473597
minecraft:spaghetti_2d_thickness 77 197 17 0.10876979180184329
minecraft:spaghetti_2d_thickness 114 226 90 0.13415757510541804
minecraft:spaghetti_2d_thickness 23 255 35 0.081105873353838426
minecraft:spaghetti_2d_thickness 60 284 108 0.10378416857308008
minecraft:spaghetti_2d_thickness 97 313 53 0.14167100680282882
minecraft:spaghetti_2d_thickness 6 -42 126 -0.064267290722799519
minecraft:spaghetti_2d_thickness 43 -13 71 -0.0084436028643541002
minecraft:spaghetti_2d_thickness 80 16 16 0.042434352707968422
minecraft:spaghetti_2d_thickness 117 45 89 0.073248384386241691
minecraft:spaghetti_2d_thickness 26 74 34 0.028432191319413821
minecraft:spaghetti_2d_thickness 63 103 107 0.055565969526269229
minecraft:spaghetti_2d_thickness 100 132 52 0.10146520829489668
minecraft:spaghetti_2d_thickness 9 161 125 0.030756604395882254
minecraft:spaghetti_2d_thickness 46 190 70 0.077700829429863477
minecraft:spaghetti_2d_thickness 83 219 15 0.11836670248441807
minecraft:spaghetti_2d_thickness 120 248 88 0.1434068397924268
minecraft:spaghetti_2d_thickness 29 277 33 0.089852203147306964
minecraft:spaghetti_2d_thickness 66 306 106 0.11231975322618223
minecraft:spaghetti_2d_thickness 103 -49 51 0.017910626841927263
minecraft:spaghetti_2d_thickness 12 -20 124 -0.046627718496223262
minecraft:spaghetti_2d_thickness 49 9 69 0.0081589364370211748
minecraft:spaghetti_2d_thickness 86 38 14 0.057656907896588415
minecraft:spaghetti_2d_thickness 123 67 87 0.087981641981061662
minecraft:spaghetti_2d_thickness 32 96 32 0.042173255003412478
minecraft:spaghetti_2d_thickness 69 125 105 0.068894869695262179
minecraft:spaghetti_2d_thickness 106 154 50 0.11318694717466136
minecraft:spaghetti_2d_thickness 15 183 123 0.042660457100204364
minecraft:spaghetti_2d_thickness 52 212 68 0.088180041184721572
minecraft:spaghetti_2d_thickness 89 241 13 0.12733335297924422
minecraft:spaghetti_2d_thickness 126 270 86 0.1520751206784752
minecraft:spaghetti_2d_thickness 35 299 31 0.098112259887834549
minecraft:spaghetti_2d_thickness 72 -56 104 -0.017263674103749856
minecraft:spaghetti_2d_thickness 109 -27 49 0.035141131885817189
minecraft:spaghetti_2d_thickness 18 2 122 -0.029513755229927708
minecraft:spaghetti_2d_thickness 55 31 67 0.024123441424606464
minecraft:spaghetti_2d_thickness 92 60 12 0.072145809291882662
minecraft:spaghetti_2d_thickness 1 89 85 0.006222021700216517
minecraft:spaghetti_2d_thickness 38 118 30 0.055184250317647184
minecraft:spaghetti_2d_thickness 75 147 103 0.081488649607589766
minecraft:spaghetti_2d_thickness 112 176 48 0.12415663478091434
minecraft:spaghetti_2d_thickness 21 205 121 0.053914172068263891
minecraft:spaghetti_2d_thickness 58 234 66 0.098029929714405536
minecraft:spaghetti_2d_thickness 95 263 11 0.13572519939245126
minecraft:spaghetti_2d_thickness 4 292 84 0.065977957309573482
minecraft:spaghetti_2d_thickness 41 -63 29 -0.031003852056923305
minecraft:spaghetti_2d_thickness 78 -34 102 0.00056807838190134352
minecraft:spaghetti_2d_thickness 115 -5 47 0.051743367562289234
minecraft:spaghetti_2d_thickness 24 24 120 -0.012972804977366923
minecraft:spaghetti_2d_thickness 61 53 65 0.039408334749651781
minecraft:spaghetti_2d_thickness 98 82 10 0.085874583156271736
minecraft:spaghetti_2d_thickness 7 111 83 0.019973633314693307
minecraft:spaghetti_2d_thickness 44 140 28 0.067461358902277016
minecraft:spaghetti_2d_thickness 81 169 101 0.093352382783803547
minecraft:spaghetti_2d_thickness 118 198 46 0.13439697495386427
minecraft:spaghetti_2d_thickness 27 227 119 0.064546980526915126
minecraft:spaghetti_3d_1 0 -64 0 -0.24345858005692295
minecraft:spaghetti_3d_1 37 -35 73 -0.030581673599918421
minecraft:spaghetti_3d_1 74 -6 18 0.33581753906911416
minecraft:spaghetti_3d_1 111 23 91 0.35386967977231876
minecraft:spaghetti_3d_1 20 52 36 -0.19772968450667835
minecraft:spaghetti_3d_1 57 81 109 -0.41078099659447487
minecraft:spaghetti_3d_1 94 110 54 -0.12921556606387041
minecraft:spaghetti_3d_1 3 139 127 0.10803948377054387
minecraft:spaghetti_3d_1 40 168 72 0.54433161936521268
minecraft:spaghetti_3d_1 77 197 17 0.67625909963501407
minecraft:spaghetti_3d_1 114 226 90 0.41386342762397965
minecraft:spaghetti_3d_1 23 255 35 0.22528067782865488
minecraft:spaghetti_3d_1 60 284 108 0.11556668242194483
minecraft:spaghetti_3d_1 97 313 53 0.082351550574645591
minecraft:spaghetti_3d_1 6 -42 126 -0.020326870198875271
minecraft:spaghetti_3d_1 43 -13 71 0.17825671862517511
minecraft:spaghetti_3d_1 80 16 16 0.25841670591240806
minecraft:spaghetti_3d_1 117 45 89 0.083517024247909258
minecraft:spaghetti_3d_1 26 74 34 -0.35165805657531019
minecraft:spaghetti_3d_1 63 103 107 -0.28557502917437533
minecraft:spaghetti_3d_1 100 132 52 0.10073089266860226
minecraft:spaghetti_3d_1 9 161 125 0.19263640682586775
minecraft:spaghetti_3d_1 46 190 70 0.68557900829967355
minecraft:spaghetti_3d_1 83 219 15 0.60312249487811598
minecraft:spaghetti_3d_1 120 248 88 0.36664167702153022
minecraft:spaghetti_3d_1 29 277 33 0.14465976150890023
minecraft:spaghetti_3d_1 66 306 106 0.035751766443105598
minecraft:spaghetti_3d_1 103 -49 51 0.10325357670704036
minecraft:spaghetti_3d_1 12 -20 124 0.098499382982347797
minecraft:spaghetti_3d_1 49 9 69 0.24206014391357369
minecraft:spaghetti_3d_1 86 38 14 0.074773816601814563
minecraft:spaghetti_3d_1 123 67 87 -0.1217186241747852
minecraft:spaghetti_3d_1 32 96 32 -0.30652949395961915
minecraft:spaghetti_3d_1 69 125 105 0.014642842844960051
minecraft:spaghetti_3d_1 106 154 50 0.40586434621359418
minecraft:spaghetti_3d_1 15 183 123 0.20539730863176944
minecraft:spaghetti_3d_1 52 212 68 0.72077711824247059
minecraft:spaghetti_3d_1 89 241 13 0.50735333837476249
minecraft:spaghetti_3d_1 126 270 86 0.183909237259959
minecraft:spaghetti_3d_1 35 299 31 0.10015449212402738
minecraft:spaghetti_3d_1 72 -56 104 0.13004093804915504
minecraft:spaghetti_3d_1 109 -27 49 0.30519611097723598
minecraft:spaghetti_3d_1 18 2 122 0.17432640546474729
minecraft:spaghetti_3d_1 55 31 67 0.080713806668303412
minecraft:spaghetti_3d_1 92 60 12 -0.066098933360762321
minecraft:spaghetti_3d_1 1 89 85 -0.33710763291471646
minecraft:spaghetti_3d_1 38 118 30 -0.073747984184740767
minecraft:spaghetti_3d_1 75 147 103 0.37464517571196215
minecraft:spaghetti_3d_1 112 176 48 0.55722839893398102
minecraft:spaghetti_3d_1 21 205 121 0.23720880889465878
minecraft:spaghetti_3d_1 58 234 66 0.6873097069376225
minecraft:spaghetti_3d_1 95 263 11 0.42322929038283502
minecraft:spaghetti_3d_1 4 292 84 0.26523717341533193
minecraft:spaghetti_3d_1 41 -63 29 -0.058397761759200285
minecraft:spaghetti_3d_1 78 -34 102 0.34905182796237577
minecraft:spaghetti_3d_1 115 -5 47 0.36803988343801275
minecraft:spaghetti_3d_1 24 24 120 0.090421194735673061
minecraft:spaghetti_3d_1 61 53 65 -0.14629028278179632
minecraft:spaghetti_3d_1 98 82 10 -0.14819365490706365
minecraft:spaghetti_3d_1 7 111 83 -0.37522442175279258
minecraft:spaghetti_3d_1 44 140 28 0.28657379749228529
minecraft:spaghetti_3d_1 81 169 101 0.5539611713544319
minecraft:spaghetti_3d_1 118 198 46 0.56866749453912724
minecraft:spaghetti_3d_1 27 227 119 0.29778512310065158
minecraft:spaghetti_3d_2 0 -64 0 -0.53808108306815405
minecraft:spaghetti_3d_2 37 -35 73 -0.60272195893708347
minecraft:spaghetti_3d_2 74 -6 18 0.096911363299877318
minecraft:spaghetti_3d_2 111 23 91 -0.049359652244965857
minecraft:spaghetti_3d_2 20 52 36 -0.55258908306261356
minecraft:spaghetti_3d_2 57 81 109 -0.68556148837710185
minecraft:spaghetti_3d_2 94 110 54 0.12967953998531373
minecraft:spaghetti_3d_2 3 139 127 -0.47667291987335897
minecraft:spaghetti_3d_2 40 168 72 0.040327146734698602
minecraft:spaghetti_3d_2 77 197 17 0.35621627287606522
minecraft:spaghetti_3d_2 114 226 90 -0.60412051586298321
minecraft:spaghetti_3d_2 23 255 35 -0.30992229896958562
minecraft:spaghetti_3d_2 60 284 108 -0.30008965210180699
minecraft:spaghetti_3d_2 97 313 53 -0.25033372035559209
minecraft:spaghetti_3d_2 6 -42 126 -0.46917203515832401
minecraft:spaghetti_3d_2 43 -13 71 -0.38716304029246995
minecraft:spaghetti_3d_2 80 16 16 0.02042088858787432
minecraft:spaghetti_3d_2 117 45 89 -0.19412626025027646
minecraft:spaghetti_3d_2 26 74 34 -0.39162826377172355
minecraft:spaghetti_3d_2 63 103 107 -0.50122315938402584
minecraft:spaghetti_3d_2 100 132 52 0.2865609816807102
minecraft:spaghetti_3d_2 9 161 125 -0.44746911324373034
minecraft:spaghetti_3d_2 46 190 70 -0.075424880337157177
minecraft:spaghetti_3d_2 83 219 15 0.18195833283710988
minecraft:spaghetti_3d_2 120 248 88 -0.57229894947673443
minecraft:spaghetti_3d_2 29 277 33 -0.40304300345550131
minecraft:spaghetti_3d_2 66 306 106 -0.062529268546236499
minecraft:spaghetti_3d_2 103 -49 51 0.61673775395454822
minecraft:spaghetti_3d_2 12 -20 124 -0.33619340801232356
minecraft:spaghetti_3d_2 49 9 69 -0.33819246873352826
minecraft:spaghetti_3d_2 86 38 14 -0.020271356068047978
minecraft:spaghetti_3d_2 123 67 87 -0.17333646343421083
minecraft:spaghetti_3d_2 32 96 32 -0.085178410179222952
minecraft:spaghetti_3d_2 69 125 105 -0.2350776331991308
minecraft:spaghetti_3d_2 106 154 50 0.36228346354014457
minecraft:spaghetti_3d_2 15 183 123 -0.43211946320986228
minecraft:spaghetti_3d_2 52 212 68 -0.30461905091132202
minecraft:spaghetti_3d_2 89 241 13 0.11931354342392256
minecraft:spaghetti_3d_2 126 270 86 -0.44001243029030102
minecraft:spaghetti_3d_2 35 299 31 -0.41097206567130862
minecraft:spaghetti_3d_2 72 -56 104 -0.37873104492588405
minecraft:spaghetti_3d_2 109 -27 49 0.70377332115133462
minecraft:spaghetti_3d_2 18 2 122 -0.24490843457753822
minecraft:spaghetti_3d_2 55 31 67 -0.44711993141144069
minecraft:spaghetti_3d_2 92 60 12 0.054450898274872268
minecraft:spaghetti_3d_2 1 89 85 -0.58478199693073896
minecraft:spaghetti_3d_2 38 118 30 0.17393142891014687
minecraft:spaghetti_3d_2 75 147 103 -0.039269573258935736
minecraft:spaghetti_3d_2 112 176 48 0.25120572188894247
minecraft:spaghetti_3d_2 21 205 121 -0.47234778104973169
minecraft:spaghetti_3d_2 58 234 66 -0.43105565694481252
minecraft:spaghetti_3d_2 95 263 11 0.10023126091884009
minecraft:spaghetti_3d_2 4 292 84 -0.30064332547457734
minecraft:spaghetti_3d_2 41 -63 29 -0.43481857201132668
minecraft:spaghetti_3d_2 78 -34 102 -0.13268224147846286
minecraft:spaghetti_3d_2 115 -5 47 0.61888275885318966
minecraft:spaghetti_3d_2 24 24 120 -0.3209325759113042
minecraft:spaghetti_3d_2 61 53 65 -0.52640612581447388
minecraft:spaghetti_3d_2 98 82 10 0.2475730253170936
minecraft:spaghetti_3d_2 7 111 83 -0.390759574449069
minecraft:spaghetti_3d_2 44 140 28 0.33572785317686971
minecraft:spaghetti_3d_2 81 169 101 -0.032537426908532951
minecraft:spaghetti_3d_2 118 198 46 -0.048904782709380437
minecraft:spaghetti_3d_2 27 227 119 -0.47878460871018802
minecraft:spaghetti_3d_rarity 0 -64 0 -0.28620904207697073
minecraft:spaghetti_3d_rarity 37 -35 73 -0.27821121228000406
minecraft:spaghetti_3d_rarity 74 -6 18 -0.23526182445071772
minecraft:spaghetti_3d_rarity 111 23 91 -0.22655257377039742
minecraft:spaghetti_3d_rarity 20 52 36 -0.25772167959268188
minecraft:spaghetti_3d_rarity 57 81 109 -0.2504533813498343
minecraft:spaghetti_3d_rarity 94 110 54 -0.20148457714901488
minecraft:spaghetti_3d_rarity 3 139 127 -0.26819740516480217
minecraft:spaghetti_3d_rarity 40 168 72 -0.22059859370936516
minecraft:spaghetti_3d_rarity 77 197 17 -0.17065322165913444
minecraft:spaghetti_3d_rarity 114 226 90 -0.16197527153481295
minecraft:spaghetti_3d_rarity 23 255 35 -0.18678520212458424
minecraft:spaghetti_3d_rarity 60 284 108 -0.18025055332490267
minecraft:spaghetti_3d_rarity 97 313 53 -0.12731197896996976
minecraft:spaghetti_3d_rarity 6 -42 126 -0.31045624234619085
minecraft:spaghetti_3d_rarity 43 -13 71 -0.26986354876646201
minecraft:spaghetti_3d_rarity 80 16 16 -0.22569951886697273
minecraft:spaghetti_3d_rarity 117 45 89 -0.21671036737726534
minecraft:spaghetti_3d_rarity 26 74 34 -0.24754024131702909
minecraft:spaghetti_3d_rarity 63 103 107 -0.23996755021393545
minecraft:spaghetti_3d_rarity 100 132 52 -0.18992653880542681
minecraft:spaghetti_3d_rarity 9 161 125 -0.25738898342045496
minecraft:spaghetti_3d_rarity 46 190 70 -0.20880166547027218
minecraft:spaghetti_3d_rarity 83 219 15 -0.15817613889522533
minecraft:spaghetti_3d_rarity 120 248 88 -0.14956058990546253
minecraft:spaghetti_3d_rarity 29 277 33 -0.17448433210873129
minecraft:spaghetti_3d_rarity 66 306 106 -0.16802613634603011
minecraft:spaghetti_3d_rarity 103 -49 51 -0.2347418207657567
minecraft:spaghetti_3d_rarity 12 -20 124 -0.30296576523312158
minecraft:spaghetti_3d_rarity 49 9 69 -0.26104577455154443
minecraft:spaghetti_3d_rarity 86 38 14 -0.21566412565874737
minecraft:spaghetti_3d_rarity 123 67 87 -0.20638370541290332
minecraft:spaghetti_3d_rarity 32 96 32 -0.23687084791870522
minecraft:spaghetti_3d_rarity 69 125 105 -0.22905929661597543
minecraft:spaghetti_3d_rarity 106 154 50 -0.17805141127248622
minecraft:spaghetti_3d_rarity 15 183 123 -0.24624759343911856
minecraft:spaghetti_3d_rarity 52 212 68 -0.19677727500938363
minecraft:spaghetti_3d_rarity 89 241 13 -0.14558159020903685
minecraft:spaghetti_3d_rarity 126 270 86 -0.13706632475422309
minecraft:spaghetti_3d_rarity 35 299 31 -0.16214524042807124
minecraft:spaghetti_3d_rarity 72 -56 104 -0.27047367876365086
minecraft:spaghetti_3d_rarity 109 -27 49 -0.22594645224018511
minecraft:spaghetti_3d_rarity 18 2 122 -0.29500308568622152
minecraft:spaghetti_3d_rarity 55 31 67 -0.25174149661167949
minecraft:spaghetti_3d_rarity 92 60 12 -0.20514377697036681
minecraft:spaghetti_3d_rarity 1 89 85 -0.27124516810145771
minecraft:spaghetti_3d_rarity 38 118 30 -0.22577059509930439
minecraft:spaghetti_3d_rarity 75 147 103 -0.21778073995299266
minecraft:spaghetti_3d_rarity 112 176 48 -0.16591278567241452
minecraft:spaghetti_3d_rarity 21 205 121 -0.23482272733945614
minecraft:spaghetti_3d_rarity 58 234 66 -0.18457574279120512
minecraft:spaghetti_3d_rarity 95 263 11 -0.1329194660696294
minecraft:spaghetti_3d_rarity 4 292 84 -0.19908506435952461
minecraft:spaghetti_3d_rarity 41 -63 29 -0.26977320585128134
minecraft:spaghetti_3d_rarity 78 -34 102 -0.26239212302115078
minecraft:spaghetti_3d_rarity 115 -5 47 -0.21672978867033493
minecraft:spaghetti_3d_rarity 24 24 120 -0.28654713110257435
minecraft:spaghetti_3d_rarity 61 53 65 -0.24193309608725158
minecraft:spaghetti_3d_rarity 98 82 10 -0.1941490834152643
minecraft:spaghetti_3d_rarity 7 111 83 -0.26089216989610048
minecraft:spaghetti_3d_rarity 44 140 28 -0.21429570542698737
minecraft:spaghetti_3d_rarity 81 169 101 -0.2061834052898347
minecraft:spaghetti_3d_rarity 118 198 46 -0.15356325722321776
minecraft:spaghetti_3d_rarity 27 227 119 -0.22316318966193247
minecraft:spaghetti_3d_thickness 0 -64 0 0.030810014088794854
minecraft:spaghetti_3d_thickness 37 -35 73 -0.14827317195618286
minecraft:spaghetti_3d_thickness 74 -6 18 0.098304843563428154
minecraft:spaghetti_3d_thickness 111 23 91 -0.01275728577052627
minecraft:spaghetti_3d_thickness 20 52 36 -0.15934972387543825
minecraft:spaghetti_3d_thickness 57 81 109 -0.14874426246285752
minecraft:spaghetti_3d_thickness 94 110 54 0.11440249224809564
minecraft:spaghetti_3d_thickness 3 139 127 -0.20318731504463466
minecraft:spaghetti_3d_thickness 40 168 72 -0.095210191599311059
minecraft:spaghetti_3d_thickness 77 197 17 0.04239901507378311
minecraft:spaghetti_3d_thickness 114 226 90 0.32549588709186023
minecraft:spaghetti_3d_thickness 23 255 35 0.088163667041913904
minecraft:spaghetti_3d_thickness 60 284 108 0.34384383148166708
minecraft:spaghetti_3d_thickness 97 313 53 0.23247315081104852
minecraft:spaghetti_3d_thickness 6 -42 126 0.034469391638090735
minecraft:spaghetti_3d_thickness 43 -13 71 -0.13259264321983108
minecraft:spaghetti_3d_thickness 80 16 16 0.14792678302549719
minecraft:spaghetti_3d_thickness 117 45 89 0.093585315370628266
minecraft:spaghetti_3d_thickness 26 74 34 -0.19722195606049683
minecraft:spaghetti_3d_thickness 63 103 107 -0.10461191549137637
minecraft:spaghetti_3d_thickness 100 132 52 0.17731429712786098
minecraft:spaghetti_3d_thickness 9 161 125 -0.13093729670950807
minecraft:spaghetti_3d_thickness 46 190 70 -0.0036243868397906978
minecraft:spaghetti_3d_thickness 83 219 15 0.12607112329005674
minecraft:spaghetti_3d_thickness 120 248 88 0.33217632917559581
minecraft:spaghetti_3d_thickness 29 277 33 0.16744383849860497
minecraft:spaghetti_3d_thickness 66 306 106 0.3475198241607238
minecraft:spaghetti_3d_thickness 103 -49 51 -0.20040744028066643
minecraft:spaghetti_3d_thickness 12 -20 124 0.012105574411324463
minecraft:spaghetti_3d_thickness 49 9 69 -0.13055687087878659
minecraft:spaghetti_3d_thickness 86 38 14 0.1924472609453492
minecraft:spaghetti_3d_thickness 123 67 87 0.2038762013597627
minecraft:spaghetti_3d_thickness 32 96 32 -0.212903119830292
minecraft:spaghetti_3d_thickness 69 125 105 -0.036250120502257274
minecraft:spaghetti_3d_thickness 106 154 50 0.22990000829891785
minecraft:spaghetti_3d_thickness 15 183 123 -0.030827981913963177
minecraft:spaghetti_3d_thickness 52 212 68 0.091799212257780136
minecraft:spaghetti_3d_thickness 89 241 13 0.20608060394600949
minecraft:spaghetti_3d_thickness 126 270 86 0.30403619741044158
minecraft:spaghetti_3d_thickness 35 299 31 0.22108490150923973
minecraft:spaghetti_3d_thickness 72 -56 104 -0.31830871221280155
minecraft:spaghetti_3d_thickness 109 -27 49 -0.11015824757714453
minecraft:spaghetti_3d_thickness 18 2 122 -0.031540658923971954
minecraft:spaghetti_3d_thickness 55 31 67 -0.13274580911175354
minecraft:spaghetti_3d_thickness 92 60 12 0.23627811833532
minecraft:spaghetti_3d_thickness 1 89 85 -0.30725385100890928
minecraft:spaghetti_3d_thickness 38 118 30 -0.20561485282614556
minecraft:spaghetti_3d_thickness 75 147 103 0.038980631846961517
minecraft:spaghetti_3d_thickness 112 176 48 0.28045976449151278
minecraft:spaghetti_3d_thickness 21 205 121 0.080922512715252193
minecraft:spaghetti_3d_thickness 58 234 66 0.1775358279687109
minecraft:spaghetti_3d_thickness 95 263 11 0.2589846163335861
minecraft:spaghetti_3d_thickness 4 292 84 0.38105465446213121
minecraft:spaghetti_3d_thickness 41 -63 29 -0.10339769770492448
minecraft:spaghetti_3d_thickness 78 -34 102 -0.2490925806697174
minecraft:spaghetti_3d_thickness 115 -5 47 -0.016553887751595182
minecraft:spaghetti_3d_thickness 24 24 120 -0.090072813854594327
minecraft:spaghetti_3d_thickness 61 53 65 -0.12680700983343396
minecraft:spaghetti_3d_thickness 98 82 10 0.2809071520892974
minecraft:spaghetti_3d_thickness 7 111 83 -0.29616831433749757
minecraft:spaghetti_3d_thickness 44 140 28 -0.1874561752688787
minecraft:spaghetti_3d_thickness 81 169 101 0.11679688800564288
minecraft:spaghetti_3d_thickness 118 198 46 0.32781786509461264
minecraft:spaghetti_3d_thickness 27 227 119 0.18528148177527459
minecraft:spaghetti_roughness 0 -64 0 -0.33112782322134188
minecraft:spaghetti_roughness 37 -35 73 -0.40487906052545181
minecraft:spaghetti_roughness 74 -6 18 -0.3528187170574355
minecraft:spaghetti_roughness 111 23 91 0.26979183500113779
minecraft:spaghetti_roughness 20 52 36 -0.47109086883294621
minecraft:spaghetti_roughness 57 81 109 -0.13291097874763255
minecraft:spaghetti_roughness 94 110 54 0.28558414983755981
minecraft:spaghetti_roughness 3 139 127 -0.043426009754850461
minecraft:spaghetti_roughness 40 168 72 0.15771413691301372
minecraft:spaghetti_roughness 77 197 17 0.26616260422296928
minecraft:spaghetti_roughness 114 226 90 -0.36521912200700651
minecraft:spaghetti_roughness 23 255 35 0.3958556877710589
minecraft:spaghetti_roughness 60 284 108 0.12448128772085867
minecraft:spaghetti_roughness 97 313 53 -0.47954171681186797
minecraft:spaghetti_roughness 6 -42 126 -0.003544702936084341
minecraft:spaghetti_roughness 43 -13 71 0.41612761062730114
minecraft:spaghetti_roughness 80 16 16 0.64598621811639179
minecraft:spaghetti_roughness 117 45 89 0.18686846814997796
minecraft:spaghetti_roughness 26 74 34 -0.25094433692733331
minecraft:spaghetti_roughness 63 103 107 0.06947916938128508
minecraft:spaghetti_roughness 100 132 52 -0.25735685468983877
minecraft:spaghetti_roughness 9 161 125 0.44832409664548828
minecraft:spaghetti_roughness 46 190 70 0.070627075740228112
minecraft:spaghetti_roughness 83 219 15 0.47593202650567484
minecraft:spaghetti_roughness 120 248 88 0.72237924377183993
minecraft:spaghetti_roughness 29 277 33 0.1189753895738113
minecraft:spaghetti_roughness 66 306 106 -0.054671782954127952
minecraft:spaghetti_roughness 103 -49 51 -0.754755660422607
minecraft:spaghetti_roughness 12 -20 124 0.094659303917562401
minecraft:spaghetti_roughness 49 9 69 0.048405209691379153
minecraft:spaghetti_roughness 86 38 14 -0.24292843387530927
minecraft:spaghetti_roughness 123 67 87 0.55910000605044874
minecraft:spaghetti_roughness 32 96 32 0.33127618172026835
minecraft:spaghetti_roughness 69 125 105 0.26047613440473949
minecraft:spaghetti_roughness 106 154 50 -0.042652038764073627
minecraft:spaghetti_roughness 15 183 123 -0.71693548192420498
minecraft:spaghetti_roughness 52 212 68 0.4687676816964414
minecraft:spaghetti_roughness 89 241 13 0.011051741621656655
minecraft:spaghetti_roughness 126 270 86 -0.061925034773055811
minecraft:spaghetti_roughness 35 299 31 0.024123694432832386
minecraft:spaghetti_roughness 72 -56 104 -0.19818755578547612
minecraft:spaghetti_roughness 109 -27 49 0.22268469060080479
minecraft:spaghetti_roughness 18 2 122 0.20398093507418505
minecraft:spaghetti_roughness 55 31 67 -0.11302101263207681
minecraft:spaghetti_roughness 92 60 12 0.035245535492473438
minecraft:spaghetti_roughness 1 89 85 -0.23378233949639474
minecraft:spaghetti_roughness 38 118 30 -0.70507006900789981
minecraft:spaghetti_roughness 75 147 103 -0.16255984786878974
minecraft:spaghetti_roughness 112 176 48 0.81444891632267968
minecraft:spaghetti_roughness 21 205 121 0.15474487945288967
minecraft:spaghetti_roughness 58 234 66 -0.50845582741185602
minecraft:spaghetti_roughness 95 263 11 -0.15337659410567606
minecraft:spaghetti_roughness 4 292 84 0.011609711972595109
minecraft:spaghetti_roughness 41 -63 29 -0.038788303823042436
minecraft:spaghetti_roughness 78 -34 102 0.18700635612539815
minecraft:spaghetti_roughness 115 -5 47 -0.25387486068208398
minecraft:spaghetti_roughness 24 24 120 -0.29290679542466141
minecraft:spaghetti_roughness 61 53 65 0.49050366854446015
minecraft:spaghetti_roughness 98 82 10 -0.31098688044188671
minecraft:spaghetti_roughness 7 111 83 -0.23107447863470842
minecraft:spaghetti_roughness 44 140 28 0.19539109403066596
minecraft:spaghetti_roughness 81 169 101 -0.0038984023329405081
minecraft:spaghetti_roughness 118 198 46 0.43297534636696994
minecraft:spaghetti_roughness 27 227 119 0.041225914789806757
minecraft:spaghetti_roughness_modulator 0 -64 0 -0.53872467871349394
minecraft:spaghetti_roughness_modulator 37 -35 73 -0.53807032621588369
minecraft:spaghetti_roughness_modulator 74 -6 18 -0.94195121335106913
minecraft:spaghetti_roughness_modulator 111 23 91 -0.90196162595106422
minecraft:spaghetti_roughness_modulator 20 52 36 -0.5500982139586128
minecraft:spaghetti_roughness_modulator 57 81 109 -0.5579956906554161
minecraft:spaghetti_roughness_modulator 94 110 54 -0.50077826451821028
minecraft:spaghetti_roughness_modulator 3 139 127 -0.2123649237984829
minecraft:spaghetti_roughness_modulator 40 168 72 -0.048639590349238836
minecraft:spaghetti_roughness_modulator 77 197 17 0.165073169430942
minecraft:spaghetti_roughness_modulator 114 226 90 0.16080754923350418
minecraft:spaghetti_roughness_modulator 23 255 35 0.4031584429762482
minecraft:spaghetti_roughness_modulator 60 284 108 0.19725736515789771
minecraft:spaghetti_roughness_modulator 97 313 53 0.44161517636293979
minecraft:spaghetti_roughness_modulator 6 -42 126 -0.14100009880538553
minecraft:spaghetti_roughness_modulator 43 -13 71 -0.68888568133928951
minecraft:spaghetti_roughness_modulator 80 16 16 -0.99517701639042899
minecraft:spaghetti_roughness_modulator 117 45 89 -0.89008891249482447
minecraft:spaghetti_roughness_modulator 26 74 34 -0.44432586999966195
minecraft:spaghetti_roughness_modulator 63 103 107 -0.4850895906586985
minecraft:spaghetti_roughness_modulator 100 132 52 -0.31859124606005995
minecraft:spaghetti_roughness_modulator 9 161 125 -0.24804218150692139
minecraft:spaghetti_roughness_modulator 46 190 70 0.042463926996407934
minecraft:spaghetti_roughness_modulator 83 219 15 0.2593087736373253
minecraft:spaghetti_roughness_modulator 120 248 88 0.23801259032223718
minecraft:spaghetti_roughness_modulator 29 277 33 0.45604085193871702
minecraft:spaghetti_roughness_modulator 66 306 106 0.27309608571201566
minecraft:spaghetti_roughness_modulator 103 -49 51 -0.53848137892633241
minecraft:spaghetti_roughness_modulator 12 -20 124 -0.23897539365350901
minecraft:spaghetti_roughness_modulator 49 9 69 -0.78857587880610913
minecraft:spaghetti_roughness_modulator 86 38 14 -0.96624799827647112
minecraft:spaghetti_roughness_modulator 123 67 87 -0.80772344981428812
minecraft:spaghetti_roughness_modulator 32 96 32 -0.32176451738081918
minecraft:spaghetti_roughness_modulator 69 125 105 -0.38994017310378681
minecraft:spaghetti_roughness_modulator 106 154 50 -0.13365947850149157
minecraft:spaghetti_roughness_modulator 15 183 123 -0.23650999619380297
minecraft:spaghetti_roughness_modulator 52 212 68 0.13883408552842025
minecraft:spaghetti_roughness_modulator 89 241 13 0.33406515341107812
minecraft:spaghetti_roughness_modulator 126 270 86 0.30139108891742039
minecraft:spaghetti_roughness_modulator 35 299 31 0.49673265248987009
minecraft:spaghetti_roughness_modulator 72 -56 104 -0.48320452585243429
minecraft:spaghetti_roughness_modulator 109 -27 49 -0.70910789723196133
minecraft:spaghetti_roughness_modulator 18 2 122 -0.32294717898470693
minecraft:spaghetti_roughness_modulator 55 31 67 -0.82160963797396447
minecraft:spaghetti_roughness_modulator 92 60 12 -0.86580034808941098
minecraft:spaghetti_roughness_modulator 1 89 85 -0.11303113786258959
minecraft:spaghetti_roughness_modulator 38 118 30 -0.20347120752892101
minecraft:spaghetti_roughness_modulator 75 147 103 -0.27638262282923115
minecraft:spaghetti_roughness_modulator 112 176 48 0.036507383184341449
minecraft:spaghetti_roughness_modulator 21 205 121 -0.18547894317009708
minecraft:spaghetti_roughness_modulator 58 234 66 0.23839167505541203
minecraft:spaghetti_roughness_modulator 95 263 11 0.37967546797861734
minecraft:spaghetti_roughness_modulator 4 292 84 0.31794842113586141
minecraft:spaghetti_roughness_modulator 41 -63 29 -0.50143171439900913
minecraft:spaghetti_roughness_modulator 78 -34 102 -0.63817522202574739
minecraft:spaghetti_roughness_modulator 115 -5 47 -0.838662952189144
minecraft:spaghetti_roughness_modulator 24 24 120 -0.38557306380368972
minecraft:spaghetti_roughness_modulator 61 53 65 -0.78565855774657345
minecraft:spaghetti_roughness_modulator 98 82 10 -0.71670347667820189
minecraft:spaghetti_roughness_modulator 7 111 83 -0.1065507067271638
minecraft:spaghetti_roughness_modulator 44 140 28 -0.091166440274341218
minecraft:spaghetti_roughness_modulator 81 169 101 -0.15493547395340557
minecraft:spaghetti_roughness_modulator 118 198 46 0.17455775868256801
minecraft:spaghetti_roughness_modulator 27 227 119 -0.10685809894479052
minecraft:cave_entrance 0 -64 0 0.069497718723663102
minecraft:cave_entrance 37 -35 73 0.085432168320003068
minecraft:cave_entrance 74 -6 18 0.3699630977505145
minecraft:cave_entrance 111 23 91 0.21169037804923141
minecraft:cave_entrance 20 52 36 0.0076393636838591877
minecraft:cave_entrance 57 81 109 -0.10014407436210961
minecraft:cave_entrance 94 110 54 -0.13945228092544809
minecraft:cave_entrance 3 139 127 -0.13178710030219956
minecraft:cave_entrance 40 168 72 0.19055986271962205
minecraft:cave_entrance 77 197 17 -0.075716734966520968
minecraft:cave_entrance 114 226 90 0.03877758191001579
minecraft:cave_entrance 23 255 35 0.13155474345871604
minecraft:cave_entrance 60 284 108 0.20426647732537287
minecraft:cave_entrance 97 313 53 0.22101826549942635
minecraft:cave_entrance 6 -42 126 -0.033865689568494756
minecraft:cave_entrance 43 -13 71 -0.0057475483453482907
minecraft:cave_entrance 80 16 16 0.45275455817649862
minecraft:cave_entrance 117 45 89 -0.14624914167525938
minecraft:cave_entrance 26 74 34 -0.16055553245784973
minecraft:cave_entrance 63 103 107 -0.078363011970745841
minecraft:cave_entrance 100 132 52 -0.10155240146399686
minecraft:cave_entrance 9 161 125 -0.0011321686012924839
minecraft:cave_entrance 46 190 70 0.23217691627386791
minecraft:cave_entrance 83 219 15 -0.19586809305783998
minecraft:cave_entrance 120 248 88 0.11404881887029171
minecraft:cave_entrance 29 277 33 0.27511895735899855
minecraft:cave_entrance 66 306 106 0.1790576364606305
minecraft:cave_entrance 103 -49 51 0.34266532778512315
minecraft:cave_entrance 12 -20 124 -0.29333680991165878
minecraft:cave_entrance 49 9 69 0.05077759674013551
minecraft:cave_entrance 86 38 14 0.20833066485119986
minecraft:cave_entrance 123 67 87 -0.27222078431128349
minecraft:cave_entrance 32 96 32 -0.014163589855734435
minecraft:cave_entrance 69 125 105 -0.015742533777602576
minecraft:cave_entrance 106 154 50 0.056003739081689867
minecraft:cave_entrance 15 183 123 -0.0025890035006102645
minecraft:cave_entrance 52 212 68 0.14369936694365398
minecraft:cave_entrance 89 241 13 -0.11668745958727687
minecraft:cave_entrance 126 270 86 0.23338343067729386
minecraft:cave_entrance 35 299 31 0.078708139861513524
minecraft:cave_entrance 72 -56 104 0.20117849798423751
minecraft:cave_entrance 109 -27 49 0.37053737415310795
minecraft:cave_entrance 18 2 122 -0.16185282103893661
minecraft:cave_entrance 55 31 67 0.027940144967353406
minecraft:cave_entrance 92 60 12 0.069604577257634415
minecraft:cave_entrance 1 89 85 -0.2138967203032065
minecraft:cave_entrance 38 118 30 0.068748284731973683
minecraft:cave_entrance 75 147 103 0.10088467996222018
minecraft:cave_entrance 112 176 48 0.26848058876625192
minecraft:cave_entrance 21 205 121 -0.10950070874922477
minecraft:cave_entrance 58 234 66 0.26352356024571977
minecraft:cave_entrance 95 263 11 -0.17490216401828851
minecraft:cave_entrance 4 292 84 -0.064501452775235252
minecraft:cave_entrance 41 -63 29 0.006389424258978209
minecraft:cave_entrance 78 -34 102 0.29843482699328022
minecraft:cave_entrance 115 -5 47 0.44539738949723656
minecraft:cave_entrance 24 24 120 0.020176262043362092
minecraft:cave_entrance 61 53 65 0.021952110439387839
minecraft:cave_entrance 98 82 10 -0.091477680477838524
minecraft:cave_entrance 7 111 83 0.19507848566532976
minecraft:cave_entrance 44 140 28 -0.090091026600618768
minecraft:cave_entrance 81 169 101 0.069689940321664673
minecraft:cave_entrance 118 198 46 -0.020399558849019065
minecraft:cave_entrance 27 227 119 0.0048057201782092385
minecraft:cave_layer 0 -64 0 -0.29315238334787902
minecraft:cave_layer 37 -35 73 -0.1409833692668962
minecraft:cave_layer 74 -6 18 -0.42527981514683127
minecraft:cave_layer 111 23 91 -0.082318239159879014
minecraft:cave_layer 20 52 36 -0.12348026168605931
minecraft:cave_layer 57 81 109 0.14966792030916273
minecraft:cave_layer 94 110 54 -0.34107227168295068
minecraft:cave_layer 3 139 127 0.32827563668855742
minecraft:cave_layer 40 168 72 -0.25917958142499281
minecraft:cave_layer 77 197 17 -0.62799396612514669
minecraft:cave_layer 114 226 90 -0.58365378147871072
minecraft:cave_layer 23 255 35 -0.42473031604684514
minecraft:cave_layer 60 284 108 -0.36812501805397513
minecraft:cave_layer 97 313 53 -0.42729194965476258
minecraft:cave_layer 6 -42 126 -0.098618886610901305
minecraft:cave_layer 43 -13 71 -0.10368780465315104
minecraft:cave_layer 80 16 16 -0.47655117228791988
minecraft:cave_layer 117 45 89 -0.11625472505060437
minecraft:cave_layer 26 74 34 -0.13873678784223825
minecraft:cave_layer 63 103 107 0.049798174592519437
minecraft:cave_layer 100 132 52 -0.42556747669240397
minecraft:cave_layer 9 161 125 0.16148452343397859
minecraft:cave_layer 46 190 70 -0.38795706667805291
minecraft:cave_layer 83 219 15 -0.64169718854903735
minecraft:cave_layer 120 248 88 -0.57610504620385705
minecraft:cave_layer 29 277 33 -0.37508038152646384
minecraft:cave_layer 66 306 106 -0.29080520429427176
minecraft:cave_layer 103 -49 51 -0.21808432318301424
minecraft:cave_layer 12 -20 124 0.01098857594790798
minecraft:cave_layer 49 9 69 -0.069097880792003241
minecraft:cave_layer 86 38 14 -0.51403477581538459
minecraft:cave_layer 123 67 87 -0.16119778820064057
minecraft:cave_layer 32 96 32 -0.19235881822202452
minecraft:cave_layer 69 125 105 -0.080314509748548535
minecraft:cave_layer 106 154 50 -0.50834364193282666
minecraft:cave_layer 15 183 123 -0.0031373229606664861
minecraft:cave_layer 52 212 68 -0.47997992661783206
minecraft:cave_layer 89 241 13 -0.63162888988435284
minecraft:cave_layer 126 270 86 -0.53071915802715308
minecraft:cave_layer 35 299 31 -0.29751496767433128
minecraft:cave_layer 72 -56 104 0.024160194382922578
minecraft:cave_layer 109 -27 49 -0.2823415017881149
minecraft:cave_layer 18 2 122 0.13460475822518478
minecraft:cave_layer 55 31 67 -0.053951532401237165
minecraft:cave_layer 92 60 12 -0.53796403504780577
minecraft:cave_layer 1 89 85 0.34106569700036748
minecraft:cave_layer 38 118 30 -0.27778734507197528
minecraft:cave_layer 75 147 103 -0.22182191266775769
minecraft:cave_layer 112 176 48 -0.57312143738326915
minecraft:cave_layer 21 205 121 -0.15221892874769058
minecraft:cave_layer 58 234 66 -0.52473828818720936
minecraft:cave_layer 95 263 11 -0.60496708256190579
minecraft:cave_layer 4 292 84 -0.10095624760574716
minecraft:cave_layer 41 -63 29 -0.22044978646757471
minecraft:cave_layer 78 -34 102 0.005889790810308086
minecraft:cave_layer 115 -5 47 -0.33154127315062959
minecraft:cave_layer 24 24 120 0.24021340685880435
minecraft:cave_layer 61 53 65 -0.068476393988139567
minecraft:cave_layer 98 82 10 -0.55166513327295086
minecraft:cave_layer 7 111 83 0.26201182529208861
minecraft:cave_layer 44 140 28 -0.38207529636304627
minecraft:cave_layer 81 169 101 -0.35333701768731507
minecraft:cave_layer 118 198 46 -0.61509849677102546
minecraft:cave_layer 27 227 119 -0.26665116671136863
minecraft:cave_cheese 0 -64 0 -0.0032343078163419468
minecraft:cave_cheese 37 -35 73 -0.24379853181753219
minecraft:cave_cheese 74 -6 18 -0.17919447122412205
minecraft:cave_cheese 111 23 91 -0.22671863841235945
minecraft:cave_cheese 20 52 36 -0.18940363029598392
minecraft:cave_cheese 57 81 109 -0.1576496486871081
minecraft:cave_cheese 94 110 54 0.085907214053605699
minecraft:cave_cheese 3 139 127 -0.4916308506067934
minecraft:cave_cheese 40 168 72 -0.14041578880332647
minecraft:cave_cheese 77 197 17 -0.11565735808196054
minecraft:cave_cheese 114 226 90 0.037481191824650872
minecraft:cave_cheese 23 255 35 -0.05171694667195248
minecraft:cave_cheese 60 284 108 -0.03757352337673777
minecraft:cave_cheese 97 313 53 0.18832765823133957
minecraft:cave_cheese 6 -42 126 -0.38058134749594408
minecraft:cave_cheese 43 -13 71 -0.47685958545287621
minecraft:cave_cheese 80 16 16 -0.025684669713536945
minecraft:cave_cheese 117 45 89 -0.34132102794504776
minecraft:cave_cheese 26 74 34 -0.31302301683144312
minecraft:cave_cheese 63 103 107 -0.57699078611175003
minecraft:cave_cheese 100 132 52 0.22688706398260919
minecraft:cave_cheese 9 161 125 -0.38646148595100221
minecraft:cave_cheese 46 190 70 -0.086866903316100461
minecraft:cave_cheese 83 219 15 0.0081890214925492109
minecraft:cave_cheese 120 248 88 0.25518607933898041
minecraft:cave_cheese 29 277 33 0.056425188573738051
minecraft:cave_cheese 66 306 106 -0.13444392767570124
minecraft:cave_cheese 103 -49 51 -0.10729618333778194
minecraft:cave_cheese 12 -20 124 -0.2722006530488727
minecraft:cave_cheese 49 9 69 -0.59132324400692426
minecraft:cave_cheese 86 38 14 -0.0026893547425321535
minecraft:cave_cheese 123 67 87 -0.097635810062245657
minecraft:cave_cheese 32 96 32 -0.12124749967956118
minecraft:cave_cheese 69 125 105 -0.40888419774448392
minecraft:cave_cheese 106 154 50 0.02707490970885134
minecraft:cave_cheese 15 183 123 -0.49221401534620013
minecraft:cave_cheese 52 212 68 -0.012734267871626081
minecraft:cave_cheese 89 241 13 0.18803587775330105
minecraft:cave_cheese 126 270 86 0.16323129267726388
minecraft:cave_cheese 35 299 31 -0.02380734523104364
minecraft:cave_cheese 72 -56 104 0.19387943757080112
minecraft:cave_cheese 109 -27 49 -0.25570115610380917
minecraft:cave_cheese 18 2 122 -0.3727177841934935
minecraft:cave_cheese 55 31 67 -0.38956826521654836
minecraft:cave_cheese 92 60 12 0.060907791230390015
minecraft:cave_cheese 1 89 85 -0.23520190142683153
minecraft:cave_cheese 38 118 30 -0.089241637354469744
minecraft:cave_cheese 75 147 103 -0.068432174490109313
minecraft:cave_cheese 112 176 48 0.015108142054661031
minecraft:cave_cheese 21 205 121 -0.42864575766798801
minecraft:cave_cheese 58 234 66 0.18393352634777102
minecraft:cave_cheese 95 263 11 0.33489195587640758
minecraft:cave_cheese 4 292 84 -0.29989465865933362
minecraft:cave_cheese 41 -63 29 0.02997535852417926
minecraft:cave_cheese 78 -34 102 0.10226512733990227
minecraft:cave_cheese 115 -5 47 0.03894777999201629
minecraft:cave_cheese 24 24 120 -0.36150298978581874
minecraft:cave_cheese 61 53 65 -0.29728812309056263
minecraft:cave_cheese 98 82 10 0.056706715518290408
minecraft:cave_cheese 7 111 83 -0.37352531801063921
minecraft:cave_cheese 44 140 28 -0.10176250574740783
minecraft:cave_cheese 81 169 101 0.155358100139526
minecraft:cave_cheese 118 198 46 0.06084843264976892
minecraft:cave_cheese 27 227 119 -0.23172560148491667
minecraft:ore_veininess 0 -64 0 0.1225883184118485
minecraft:ore_veininess 37 -35 73 0.30921486312767399
minecraft:ore_veininess 74 -6 18 0.31064337337158193
minecraft:ore_veininess 111 23 91 0.35206127177902324
minecraft:ore_veininess 20 52 36 0.38231698388328411
minecraft:ore_veininess 57 81 109 0.032532714847197983
minecraft:ore_veininess 94 110 54 0.52417340313279859
minecraft:ore_veininess 3 139 127 -0.30407962486568035
minecraft:ore_veininess 40 168 72 0.33518097642968298
minecraft:ore_veininess 77 197 17 0.54991165841903455
minecraft:ore_veininess 114 226 90 -0.011193633293701636
minecraft:ore_veininess 23 255 35 0.38041862108945829
minecraft:ore_veininess 60 284 108 0.11716200496281225
minecraft:ore_veininess 97 313 53 0.17993592943458794
minecraft:ore_veininess 6 -42 126 0.033106150405168656
minecraft:ore_veininess 43 -13 71 0.32749106061836086
minecraft:ore_veininess 80 16 16 0.38230226515778609
minecraft:ore_veininess 117 45 89 0.38712600854668927
minecraft:ore_veininess 26 74 34 0.43713525404404796
minecraft:ore_veininess 63 103 107 0.028645855423985268
minecraft:ore_veininess 100 132 52 0.52388011812055579
minecraft:ore_veininess 9 161 125 -0.24414694412147311
minecraft:ore_veininess 46 190 70 0.34431681158397676
minecraft:ore_veininess 83 219 15 0.45486876619967714
minecraft:ore_veininess 120 248 88 -0.055770917587857897
minecraft:ore_veininess 29 277 33 0.30418938951651625
minecraft:ore_veininess 66 306 106 0.18593790315474104
minecraft:ore_veininess 103 -49 51 0.29320926415743881
minecraft:ore_veininess 12 -20 124 0.026091639850890448
minecraft:ore_veininess 49 9 69 0.35493175796698917
minecraft:ore_veininess 86 38 14 0.46115121871862375
minecraft:ore_veininess 123 67 87 0.41234907182710134
minecraft:ore_veininess 32 96 32 0.50929164027706642
minecraft:ore_veininess 69 125 105 0.033448860669183601
minecraft:ore_veininess 106 154 50 0.49302719167159442
minecraft:ore_veininess 15 183 123 -0.18010852363776639
minecraft:ore_veininess 52 212 68 0.3326583064251814
minecraft:ore_veininess 89 241 13 0.34918477195612885
minecraft:ore_veininess 126 270 86 -0.073240418542757729
minecraft:ore_veininess 35 299 31 0.21875848217037513
minecraft:ore_veininess 72 -56 104 0.24657130019818699
minecraft:ore_veininess 109 -27 49 0.33072284152045017
minecraft:ore_veininess 18 2 122 0.022615789467669473
minecraft:ore_veininess 55 31 67 0.38035484335462677
minecraft:ore_veininess 92 60 12 0.53086603461109039
minecraft:ore_veininess 1 89 85 0.096097949100800897
minecraft:ore_veininess 38 118 30 0.58152972922280388
minecraft:ore_veininess 75 147 103 0.037840743327110141
minecraft:ore_veininess 112 176 48 0.43206250872066415
minecraft:ore_veininess 21 205 121 -0.11775623350341934
minecraft:ore_veininess 58 234 66 0.31096375869454801
minecraft:ore_veininess 95 263 11 0.23533132162495676
minecraft:ore_veininess 4 292 84 0.26534891764063973
minecraft:ore_veininess 41 -63 29 0.25443193360389604
minecraft:ore_veininess 78 -34 102 0.24454473025572815
minecraft:ore_veininess 115 -5 47 0.39271485070684931
minecraft:ore_veininess 24 24 120 0.0049010054757729158
minecraft:ore_veininess 61 53 65 0.39958450944254836
minecraft:ore_veininess 98 82 10 0.58601328527371332
minecraft:ore_veininess 7 111 83 0.14106698873134541
minecraft:ore_veininess 44 140 28 0.63265461754283803
minecraft:ore_veininess 81 169 101 0.03543991782176209
minecraft:ore_veininess 118 198 46 0.34974526992432325
minecraft:ore_veininess 27 227 119 -0.054577552419615885
minecraft:ore_vein_a 0 -64 0 -0.16702472000520227
minecraft:ore_vein_a 37 -35 73 -0.44827755762482357
minecraft:ore_vein_a 74 -6 18 -0.11130771126098774
minecraft:ore_vein_a 111 23 91 0.16808861250013613
minecraft:ore_vein_a 20 52 36 0.15547859509987691
minecraft:ore_vein_a 57 81 109 0.15189256810355412
minecraft:ore_vein_a 94 110 54 0.21054364660616529
minecraft:ore_vein_a 3 139 127 0.19711070817284529
minecraft:ore_vein_a 40 168 72 0.0014169847338868964
minecraft:ore_vein_a 77 197 17 0.028306082734051715
minecraft:ore_vein_a 114 226 90 0.049410807037546405
minecraft:ore_vein_a 23 255 35 0.064624933664459566
minecraft:ore_vein_a 60 284 108 0.17430489545183234
minecraft:ore_vein_a 97 313 53 0.095507393056751072
minecraft:ore_vein_a 6 -42 126 -0.77801005758297703
minecraft:ore_vein_a 43 -13 71 -0.27644890280375606
minecraft:ore_vein_a 80 16 16 -0.065949491446676875
minecraft:ore_vein_a 117 45 89 0.10018662716262372
minecraft:ore_vein_a 26 74 34 0.049618527994848553
minecraft:ore_vein_a 63 103 107 0.10365821178051228
minecraft:ore_vein_a 100 132 52 0.14894002008609977
minecraft:ore_vein_a 9 161 125 0.25475231370490709
minecraft:ore_vein_a 46 190 70 -0.02739481778798258
minecraft:ore_vein_a 83 219 15 0.077411047705447558
minecraft:ore_vein_a 120 248 88 -0.018889655964849476
minecraft:ore_vein_a 29 277 33 0.24443294940581514
minecraft:ore_vein_a 66 306 106 0.12115247330057684
minecraft:ore_vein_a 103 -49 51 0.10242891330042093
minecraft:ore_vein_a 12 -20 124 -0.65892881014449123
minecraft:ore_vein_a 49 9 69 -0.065256469151214927
minecraft:ore_vein_a 86 38 14 -0.0097750193726373284
minecraft:ore_vein_a 123 67 87 0.012987641123260219
minecraft:ore_vein_a 32 96 32 -0.072633858925236022
minecraft:ore_vein_a 69 125 105 0.13797339357768032
minecraft:ore_vein_a 106 154 50 0.081969844820825491
minecraft:ore_vein_a 15 183 123 0.19604184081646661
minecraft:ore_vein_a 52 212 68 -0.0015875869619124427
minecraft:ore_vein_a 89 241 13 0.21744842407667606
minecraft:ore_vein_a 126 270 86 -0.065070904578541519
minecraft:ore_vein_a 35 299 31 0.33940025694619658
minecraft:ore_vein_a 72 -56 104 -0.16322068511307988
minecraft:ore_vein_a 109 -27 49 0.09935876772989552
minecraft:ore_vein_a 18 2 122 -0.38563750007927505
minecraft:ore_vein_a 55 31 67 0.099694415638413178
minecraft:ore_vein_a 92 60 12 0.093208771141674043
minecraft:ore_vein_a 1 89 85 0.14563619362789756
minecraft:ore_vein_a 38 118 30 -0.11634576951844568
minecraft:ore_vein_a 75 147 103 0.19894094389088091
minecraft:ore_vein_a 112 176 48 0.090046641473401162
minecraft:ore_vein_a 21 205 121 0.1861791074700673
minecraft:ore_vein_a 58 234 66 0.13989696198986312
minecraft:ore_vein_a 95 263 11 0.34845216875731172
minecraft:ore_vein_a 4 292 84 0.23652653080560543
minecraft:ore_vein_a 41 -63 29 -0.35527280185661775
minecraft:ore_vein_a 78 -34 102 -0.094405366104117747
minecraft:ore_vein_a 115 -5 47 0.093404476683800169
minecraft:ore_vein_a 24 24 120 -0.097570169777336527
minecraft:ore_vein_a 61 53 65 0.19625281371574085
minecraft:ore_vein_a 98 82 10 0.16354751324431721
minecraft:ore_vein_a 7 111 83 -0.047646315343994557
minecraft:ore_vein_a 44 140 28 -0.075649835522290515
minecraft:ore_vein_a 81 169 101 0.2522637295859318
minecraft:ore_vein_a 118 198 46 0.044563856254808916
minecraft:ore_vein_a 27 227 119 0.22148361237754996
minecraft:ore_vein_b 0 -64 0 -0.0027637666870979067
minecraft:ore_vein_b 37 -35 73 -0.085695107295165315
minecraft:ore_vein_b 74 -6 18 -0.17850489396525457
minecraft:ore_vein_b 111 23 91 0.069921126172916084
minecraft:ore_vein_b 20 52 36 -0.058644506584376026
minecraft:ore_vein_b 57 81 109 0.11947336104622389
minecraft:ore_vein_b 94 110 54 0.2771547187398819
minecraft:ore_vein_b 3 139 127 -0.47251429988579197
minecraft:ore_vein_b 40 168 72 -0.041218889511782604
minecraft:ore_vein_b 77 197 17 0.54739738413334127
minecraft:ore_vein_b 114 226 90 0.76616507035380377
minecraft:ore_vein_b 23 255 35 0.22966330991971334
minecraft:ore_vein_b 60 284 108 -0.21612523943947215
minecraft:ore_vein_b 97 313 53 -0.39121843038780724
minecraft:ore_vein_b 6 -42 126 -0.090420394976723883
minecraft:ore_vein_b 43 -13 71 -0.033486601110568254
minecraft:ore_vein_b 80 16 16 -0.28602938306797193
minecraft:ore_vein_b 117 45 89 0.077959021529820788
minecraft:ore_vein_b 26 74 34 -0.14903071337664367
minecraft:ore_vein_b 63 103 107 0.049464857212706159
minecraft:ore_vein_b 100 132 52 0.52475020287153296
minecraft:ore_vein_b 9 161 125 -0.42678446998353692
minecraft:ore_vein_b 46 190 70 0.21719027683988676
minecraft:ore_vein_b 83 219 15 0.41343498025022635
minecraft:ore_vein_b 120 248 88 0.36046883889894515
minecraft:ore_vein_b 29 277 33 0.22102230051638982
minecraft:ore_vein_b 66 306 106 -0.26801056224414366
minecraft:ore_vein_b 103 -49 51 0.019935620087595352
minecraft:ore_vein_b 12 -20 124 -0.15549018496888195
minecraft:ore_vein_b 49 9 69 -0.016186177842727138
minecraft:ore_vein_b 86 38 14 -0.33582302146176884
minecraft:ore_vein_b 123 67 87 0.08966761988790127
minecraft:ore_vein_b 32 96 32 -0.20541087000279695
minecraft:ore_vein_b 69 125 105 0.13627575216986709
minecraft:ore_vein_b 106 154 50 0.68185500470472393
minecraft:ore_vein_b 15 183 123 -0.26473134627340661
minecraft:ore_vein_b 52 212 68 0.3981587283886947
minecraft:ore_vein_b 89 241 13 0.1488421776440163
minecraft:ore_vein_b 126 270 86 0.012664191364477795
minecraft:ore_vein_b 35 299 31 0.23422158399473725
minecraft:ore_vein_b 72 -56 104 0.017670332207361097
minecraft:ore_vein_b 109 -27 49 0.010793779379747804
minecraft:ore_vein_b 18 2 122 -0.064377133196047986
minecraft:ore_vein_b 55 31 67 -0.0319623832162238
minecraft:ore_vein_b 92 60 12 -0.33822338906784088
minecraft:ore_vein_b 1 89 85 -0.32926028004406976
minecraft:ore_vein_b 38 118 30 -0.12380458940239854
minecraft:ore_vein_b 75 147 103 0.38042303173123704
minecraft:ore_vein_b 112 176 48 0.761014253229504
minecraft:ore_vein_b 21 205 121 -0.074975204996858072
minecraft:ore_vein_b 58 234 66 0.39276146714222548
minecraft:ore_vein_b 95 263 11 -0.12515526500098575
minecraft:ore_vein_b 4 292 84 0.12376245583494724
minecraft:ore_vein_b 41 -63 29 -0.11660073830779326
minecraft:ore_vein_b 78 -34 102 -0.020853325964871383
minecraft:ore_vein_b 115 -5 47 -0.073663118434485281
minecraft:ore_vein_b 24 24 120 0.095305195997071171
minecraft:ore_vein_b 61 53 65 -0.053478049276785886
minecraft:ore_vein_b 98 82 10 -0.28093550695724362
minecraft:ore_vein_b 7 111 83 -0.52167962446233607
minecraft:ore_vein_b 44 140 28 0.076520073712692621
minecraft:ore_vein_b 81 169 101 0.66635012932012339
minecraft:ore_vein_b 118 198 46 0.78098027433170836
minecraft:ore_vein_b 27 227 119 0.016134869261663028
minecraft:ore_gap 0 -64 0 -0.43989726890268993
minecraft:ore_gap 37 -35 73 -0.45322273555872589
minecraft:ore_gap 74 -6 18 0.32184962007156082
minecraft:ore_gap 111 23 91 -0.24100307783980515
minecraft:ore_gap 20 52 36 -0.25901468678364764
minecraft:ore_gap 57 81 109 0.28848937303368111
minecraft:ore_gap 94 110 54 0.13070810914758796
minecraft:ore_gap 3 139 127 0.56727673098338938
minecraft:ore_gap 40 168 72 -0.067059974988695731
minecraft:ore_gap 77 197 17 0.083631373998041256
minecraft:ore_gap 114 226 90 -0.10057699421030893
minecraft:ore_gap 23 255 35 -0.4757223796509919
minecraft:ore_gap 60 284 108 0.08797244140432979
minecraft:ore_gap 97 313 53 0.30535069815389621
minecraft:ore_gap 6 -42 126 0.05067734202022995
minecraft:ore_gap 43 -13 71 0.37688330522793523
minecraft:ore_gap 80 16 16 -0.0012186907644151181
minecraft:ore_gap 117 45 89 0.24169881328348017
minecraft:ore_gap 26 74 34 -0.58297382669120945
minecraft:ore_gap 63 103 107 -0.23996549620913959
minecraft:ore_gap 100 132 52 0.48292655395149281
minecraft:ore_gap 9 161 125 0.30806964163439049
minecraft:ore_gap 46 190 70 0.11041874683674743
minecraft:ore_gap 83 219 15 0.51334299006327677
minecraft:ore_gap 120 248 88 -0.015039209477178983
minecraft:ore_gap 29 277 33 -0.43937992770101258
minecraft:ore_gap 66 306 106 0.48579506800542316
minecraft:ore_gap 103 -49 51 0.17204347344755117
minecraft:ore_gap 12 -20 124 -0.22823007527014519
minecraft:ore_gap 49 9 69 -0.31625659096353653
minecraft:ore_gap 86 38 14 -0.067224702258388502
minecraft:ore_gap 123 67 87 0.055433787759602692
minecraft:ore_gap 32 96 32 0.32955156858657597
minecraft:ore_gap 69 125 105 -0.12131305145703734
minecraft:ore_gap 106 154 50 0.26016214178278041
minecraft:ore_gap 15 183 123 -0.053047154904040425
minecraft:ore_gap 52 212 68 0.33198302257279533
minecraft:ore_gap 89 241 13 0.5193970837772719
minecraft:ore_gap 126 270 86 -0.46473110614424101
minecraft:ore_gap 35 299 31 -0.26034012029750192
minecraft:ore_gap 72 -56 104 -0.11597616242634881
minecraft:ore_gap 109 -27 49 -0.31498271903997355
minecraft:ore_gap 18 2 122 0.43597513711278529
minecraft:ore_gap 55 31 67 -0.37402547715527062
minecraft:ore_gap 92 60 12 0.26159832132626809
minecraft:ore_gap 1 89 85 -0.45368694780501784
minecraft:ore_gap 38 118 30 0.1591814315175378
minecraft:ore_gap 75 147 103 0.23443763688070615
minecraft:ore_gap 112 176 48 -0.63303749538715548
minecraft:ore_gap 21 205 121 0.20283414956025894
minecraft:ore_gap 58 234 66 0.15415081248931276
minecraft:ore_gap 95 263 11 0.35485422140014949
minecraft:ore_gap 4 292 84 -0.43229896952259406
minecraft:ore_gap 41 -63 29 -0.055023627093097736
minecraft:ore_gap 78 -34 102 0.040380011999203706
minecraft:ore_gap 115 -5 47 0.091363904951572886
minecraft:ore_gap 24 24 120 0.26643881392268837
minecraft:ore_gap 61 53 65 0.24616985875926448
minecraft:ore_gap 98 82 10 0.13061870420553978
minecraft:ore_gap 7 111 83 -0.66292839448558882
minecraft:ore_gap 44 140 28 -0.37304590733812043
minecraft:ore_gap 81 169 101 0.06450131499800657
minecraft:ore_gap 118 198 46 0.30735695770374749
minecraft:ore_gap 27 227 119 -0.014312479349696398
minecraft:noodle 0 -64 0 -0.30815891243302418
minecraft:noodle 37 -35 73 0.019897178370329539
minecraft:noodle 74 -6 18 -0.15137916087908376
minecraft:noodle 111 23 91 0.41591184651716595
minecraft:noodle 20 52 36 -0.37804505857669402
minecraft:noodle 57 81 109 0.14735970628460868
minecraft:noodle 94 110 54 -0.042830850823685679
minecraft:noodle 3 139 127 -0.057480232992968325
minecraft:noodle 40 168 72 -0.16654789825437497
minecraft:noodle 77 197 17 -0.078927043452871229
minecraft:noodle 114 226 90 -0.20852148668042236
minecraft:noodle 23 255 35 0.07819250677112552
minecraft:noodle 60 284 108 -0.28410763348720242
minecraft:noodle 97 313 53 -0.054527690212287226
minecraft:noodle 6 -42 126 0.20132863576134274
minecraft:noodle 43 -13 71 0.016098500350445188
minecraft:noodle 80 16 16 -0.21251568038427152
minecraft:noodle 117 45 89 0.35927644369263256
minecraft:noodle 26 74 34 -0.37929512133160914
minecraft:noodle 63 103 107 0.07357403530205775
minecraft:noodle 100 132 52 -0.036040913555830258
minecraft:noodle 9 161 125 -0.15426340592925478
minecraft:noodle 46 190 70 -0.1635163135563415
minecraft:noodle 83 219 15 -0.029506419734856914
minecraft:noodle 120 248 88 -0.17868273301367169
minecraft:noodle 29 277 33 0.055179617778669018
minecraft:noodle 66 306 106 -0.21996696465649912
minecraft:noodle 103 -49 51 0.35544506354159672
minecraft:noodle 12 -20 124 0.28200284244994073
minecraft:noodle 49 9 69 -0.019261330549142454
minecraft:noodle 86 38 14 -0.23693389663190473
minecraft:noodle 123 67 87 0.32032395981472345
minecraft:noodle 32 96 32 -0.36721095706281431
minecraft:noodle 69 125 105 -0.017769624505401559
minecraft:noodle 106 154 50 -0.028773700283751001
minecraft:noodle 15 183 123 -0.24363144538004078
minecraft:noodle 52 212 68 -0.15298744464725503
minecraft:noodle 89 241 13 -0.00082228269568647655
minecraft:noodle 126 270 86 -0.12954461537238599
minecraft:noodle 35 299 31 0.023390503292420407
minecraft:noodle 72 -56 104 0.42094216984409122
minecraft:noodle 109 -27 49 0.32019961434218164
minecraft:noodle 18 2 122 0.30336313268220733
minecraft:noodle 55 31 67 -0.060711124591382261
minecraft:noodle 92 60 12 -0.22035821208547074
minecraft:noodle 1 89 85 -0.081396389396192662
minecraft:noodle 38 118 30 -0.33086709798054065
minecraft:noodle 75 147 103 -0.11522862251594369
minecraft:noodle 112 176 48 -0.02145261359768421
minecraft:noodle 21 205 121 -0.31101227517853874
minecraft:noodle 58 234 66 -0.13735156166772905
minecraft:noodle 95 263 11 0.0080484177552620859
minecraft:noodle 4 292 84 -0.086085687019270274
minecraft:noodle 41 -63 29 -0.11976872841138246
minecraft:noodle 78 -34 102 0.47885072683193397
minecraft:noodle 115 -5 47 0.25552163825490931
minecraft:noodle 24 24 120 0.27861451225092143
minecraft:noodle 61 53 65 -0.087539893683494976
minecraft:noodle 98 82 10 -0.1834020334279689
minecraft:noodle 7 111 83 -0.10277224605982883
minecraft:noodle 44 140 28 -0.27169537124927867
minecraft:noodle 81 169 101 -0.20146892414411563
minecraft:noodle 118 198 46 -0.014806729504611789
minecraft:noodle 27 227 119 -0.34647442563341879
minecraft:noodle_thickness 0 -64 0 -0.30358137756282572
minecraft:noodle_thickness 37 -35 73 0.028246646853222892
minecraft:noodle_thickness 74 -6 18 -0.062916165445585592
minecraft:noodle_thickness 111 23 91 0.06981452761782006
minecraft:noodle_thickness 20 52 36 0.017842231887082678
minecraft:noodle_thickness 57 81 109 0.31738632687286777
minecraft:noodle_thickness 94 110 54 0.28470640804309172
minecraft:noodle_thickness 3 139 127 0.78754339681753083
minecraft:noodle_thickness 40 168 72 0.67447184123180504
minecraft:noodle_thickness 77 197 17 0.49970953323650275
minecraft:noodle_thickness 114 226 90 0.2481965829844093
minecraft:noodle_thickness 23 255 35 0.56966172308528296
minecraft:noodle_thickness 60 284 108 0.39635514293759311
minecraft:noodle_thickness 97 313 53 0.20928512410075681
minecraft:noodle_thickness 6 -42 126 0.24436025495015565
minecraft:noodle_thickness 43 -13 71 -0.012856501207787797
minecraft:noodle_thickness 80 16 16 0.016452719596673954
minecraft:noodle_thickness 117 45 89 0.04942107330229021
minecraft:noodle_thickness 26 74 34 0.19341546360052611
minecraft:noodle_thickness 63 103 107 0.3963394203115212
minecraft:noodle_thickness 100 132 52 0.29560242906992168
minecraft:noodle_thickness 9 161 125 0.82868822245728313
minecraft:noodle_thickness 46 190 70 0.67905756075045187
minecraft:noodle_thickness 83 219 15 0.44482516755548979
minecraft:noodle_thickness 120 248 88 0.20642152660926094
minecraft:noodle_thickness 29 277 33 0.45336013185574303
minecraft:noodle_thickness 66 306 106 0.25438482780387578
minecraft:noodle_thickness 103 -49 51 0.06493838186397885
minecraft:noodle_thickness 12 -20 124 0.17908292499797293
minecraft:noodle_thickness 49 9 69 -0.0066910766443587415
minecraft:noodle_thickness 86 38 14 0.12062438977172939
minecraft:noodle_thickness 123 67 87 0.03283595351545885
minecraft:noodle_thickness 32 96 32 0.3640696686396474
minecraft:noodle_thickness 69 125 105 0.4523432833844277
minecraft:noodle_thickness 106 154 50 0.27762234986428297
minecraft:noodle_thickness 15 183 123 0.85327746632708046
minecraft:noodle_thickness 52 212 68 0.64973176327744209
minecraft:noodle_thickness 89 241 13 0.37278934860719615
minecraft:noodle_thickness 126 270 86 0.17833719676236151
minecraft:noodle_thickness 35 299 31 0.33707014661348206
minecraft:noodle_thickness 72 -56 104 0.23079214683548105
minecraft:noodle_thickness 109 -27 49 0.046845395699595713
minecraft:noodle_thickness 18 2 122 0.15092650059050228
minecraft:noodle_thickness 55 31 67 0.04516787808550822
minecraft:noodle_thickness 92 60 12 0.22713507677640712
minecraft:noodle_thickness 1 89 85 0.42818667435208085
minecraft:noodle_thickness 38 118 30 0.49681863641717944
minecraft:noodle_thickness 75 147 103 0.47651057952438564
minecraft:noodle_thickness 112 176 48 0.242195540371689
minecraft:noodle_thickness 21 205 121 0.85017644022460659
minecraft:noodle_thickness 58 234 66 0.58118588294602092
minecraft:noodle_thickness 95 263 11 0.29721183521556965
minecraft:noodle_thickness 4 292 84 0.39983896004611491
minecraft:noodle_thickness 41 -63 29 -0.084076294834588686
minecraft:noodle_thickness 78 -34 102 0.17275167470186323
minecraft:noodle_thickness 115 -5 47 0.042028726347827686
minecraft:noodle_thickness 24 24 120 0.16767927968496418
minecraft:noodle_thickness 61 53 65 0.13011712049374244
minecraft:noodle_thickness 98 82 10 0.31330805082808494
minecraft:noodle_thickness 7 111 83 0.57102329753732928
minecraft:noodle_thickness 44 140 28 0.57231227328489331
minecraft:noodle_thickness 81 169 101 0.47476675317664646
minecraft:noodle_thickness 118 198 46 0.19894074012851115
minecraft:noodle_thickness 27 227 119 0.79709318984024291
minecraft:noodle_ridge_a 0 -64 0 -0.077352604839456551
minecraft:noodle_ridge_a 37 -35 73 0.34201051769351359
minecraft:noodle_ridge_a 74 -6 18 -0.29352819116560863
minecraft:noodle_ridge_a 111 23 91 -0.29764470950820904
minecraft:noodle_ridge_a 20 52 36 0.12276884197315906
minecraft:noodle_ridge_a 57 81 109 0.34149771043905031
minecraft:noodle_ridge_a 94 110 54 0.080591583484076967
minecraft:noodle_ridge_a 3 139 127 -0.25799665627936708
minecraft:noodle_ridge_a 40 168 72 -0.067505939641506724
minecraft:noodle_ridge_a 77 197 17 0.38034984920107673
minecraft:noodle_ridge_a 114 226 90 0.27907066337125197
minecraft:noodle_ridge_a 23 255 35 0.14545719329270013
minecraft:noodle_ridge_a 60 284 108 -0.27008167100364971
minecraft:noodle_ridge_a 97 313 53 -0.081624770737062952
minecraft:noodle_ridge_a 6 -42 126 -0.21103523925316289
minecraft:noodle_ridge_a 43 -13 71 0.21439339649523209
minecraft:noodle_ridge_a 80 16 16 -0.39972490258624821
minecraft:noodle_ridge_a 117 45 89 -0.34488370898904325
minecraft:noodle_ridge_a 26 74 34 0.25148666247118695
minecraft:noodle_ridge_a 63 103 107 0.11526441171054577
minecraft:noodle_ridge_a 100 132 52 0.063626192458662731
minecraft:noodle_ridge_a 9 161 125 -0.567975429031774
minecraft:noodle_ridge_a 46 190 70 -0.028505717685583149
minecraft:noodle_ridge_a 83 219 15 0.37120395341473927
minecraft:noodle_ridge_a 120 248 88 0.37111353893029003
minecraft:noodle_ridge_a 29 277 33 0.24413331042770905
minecraft:noodle_ridge_a 66 306 106 -0.3670688918785921
minecraft:noodle_ridge_a 103 -49 51 -0.32917726356754073
minecraft:noodle_ridge_a 12 -20 124 -0.08659982537257746
minecraft:noodle_ridge_a 49 9 69 0.08334681843573076
minecraft:noodle_ridge_a 86 38 14 -0.39142918680637778
minecraft:noodle_ridge_a 123 67 87 -0.33630382545569804
minecraft:noodle_ridge_a 32 96 32 0.4187399644774959
minecraft:noodle_ridge_a 69 125 105 -0.24899566809130089
minecraft:noodle_ridge_a 106 154 50 0.16860348012127441
minecraft:noodle_ridge_a 15 183 123 -0.65721586229781903
minecraft:noodle_ridge_a 52 212 68 0.016038104979988012
minecraft:noodle_ridge_a 89 241 13 0.34724887027710449
minecraft:noodle_ridge_a 126 270 86 0.34060410830514004
minecraft:noodle_ridge_a 35 299 31 0.2091053093905004
minecraft:noodle_ridge_a 72 -56 104 0.01258150137039688
minecraft:noodle_ridge_a 109 -27 49 -0.46042444897774126
minecraft:noodle_ridge_a 18 2 122 -0.0062097211436207738
minecraft:noodle_ridge_a 55 31 67 0.093420293530460941
minecraft:noodle_ridge_a 92 60 12 -0.2626984043678689
minecraft:noodle_ridge_a 1 89 85 0.74159461549330963
minecraft:noodle_ridge_a 38 118 30 0.53445433733313397
minecraft:noodle_ridge_a 75 147 103 -0.47814128891642099
minecraft:noodle_ridge_a 112 176 48 0.37819071584180974
minecraft:noodle_ridge_a 21 205 121 -0.6365378951501427
minecraft:noodle_ridge_a 58 234 66 0.023332680837358323
minecraft:noodle_ridge_a 95 263 11 0.32247623416122323
minecraft:noodle_ridge_a 4 292 84 -0.14304076593046811
minecraft:noodle_ridge_a 41 -63 29 0.022371210007464667
minecraft:noodle_ridge_a 78 -34 102 0.012206480117600721
minecraft:noodle_ridge_a 115 -5 47 -0.58227595587949277
minecraft:noodle_ridge_a 24 24 120 0.10858975900585792
minecraft:noodle_ridge_a 61 53 65 0.19658788846914932
minecraft:noodle_ridge_a 98 82 10 -0.064228371579925406
minecraft:noodle_ridge_a 7 111 83 0.57791773427465698
minecraft:noodle_ridge_a 44 140 28 0.50142921688535236
minecraft:noodle_ridge_a 81 169 101 -0.38918048933760835
minecraft:noodle_ridge_a 118 198 46 0.53062609456352616
minecraft:noodle_ridge_a 27 227 119 -0.59685046510131579
minecraft:noodle_ridge_b 0 -64 0 0.20831540319198791
minecraft:noodle_ridge_b 37 -35 73 0.2335112361771369
minecraft:noodle_ridge_b 74 -6 18 0.062827792431859458
minecraft:noodle_ridge_b 111 23 91 -0.35371192562584414
minecraft:noodle_ridge_b 20 52 36 0.12845738713327992
minecraft:noodle_ridge_b 57 81 109 -0.57172188757913578
minecraft:noodle_ridge_b 94 110 54 0.45971365493647465
minecraft:noodle_ridge_b 3 139 127 -0.22669715929512885
minecraft:noodle_ridge_b 40 168 72 0.60928046613104136
minecraft:noodle_ridge_b 77 197 17 0.25281372285630949
minecraft:noodle_ridge_b 114 226 90 -0.15283137794103119
minecraft:noodle_ridge_b 23 255 35 0.15457045641642458
minecraft:noodle_ridge_b 60 284 108 0.6906691676969422
minecraft:noodle_ridge_b 97 313 53 0.29377174991157923
minecraft:noodle_ridge_b 6 -42 126 0.45596383613232111
minecraft:noodle_ridge_b 43 -13 71 0.22275369491346664
minecraft:noodle_ridge_b 80 16 16 0.059290769603883041
minecraft:noodle_ridge_b 117 45 89 -0.61149963862750745
minecraft:noodle_ridge_b 26 74 34 0.23794459278667318
minecraft:noodle_ridge_b 63 103 107 -0.29333081595489169
minecraft:noodle_ridge_b 100 132 52 0.4822153623819288
minecraft:noodle_ridge_b 9 161 125 0.030926662894283176
minecraft:noodle_ridge_b 46 190 70 0.50942742539715213
minecraft:noodle_ridge_b 83 219 15 0.025939423685359304
minecraft:noodle_ridge_b 120 248 88 0.11575256166336267
minecraft:noodle_ridge_b 29 277 33 -0.028569253684279185
minecraft:noodle_ridge_b 66 306 106 0.68078104106219273
minecraft:noodle_ridge_b 103 -49 51 -0.25096884661446467
minecraft:noodle_ridge_b 12 -20 124 0.61685440042252304
minecraft:noodle_ridge_b 49 9 69 0.11943431456040764
minecraft:noodle_ridge_b 86 38 14 0.15572635443699057
minecraft:noodle_ridge_b 123 67 87 -0.7304498131500452
minecraft:noodle_ridge_b 32 96 32 0.49094905833208585
minecraft:noodle_ridge_b 69 125 105 0.073698340585262589
minecraft:noodle_ridge_b 106 154 50 0.22844817005556942
minecraft:noodle_ridge_b 15 183 123 0.22920510470281863
minecraft:noodle_ridge_b 52 212 68 0.33226865703507158
minecraft:noodle_ridge_b 89 241 13 -0.079747987171292375
minecraft:noodle_ridge_b 126 270 86 0.42339527934547111
minecraft:noodle_ridge_b 35 299 31 -0.095464906736899127
minecraft:noodle_ridge_b 72 -56 104 0.029717222185622793
minecraft:noodle_ridge_b 109 -27 49 -0.21712473230507695
minecraft:noodle_ridge_b 18 2 122 0.54784654847213898
minecraft:noodle_ridge_b 55 31 67 -0.012152217274001077
minecraft:noodle_ridge_b 92 60 12 0.29075147629634701
minecraft:noodle_ridge_b 1 89 85 -0.55206749156136192
minecraft:noodle_ridge_b 38 118 30 0.76426182557849809
minecraft:noodle_ridge_b 75 147 103 0.25238155241222887
minecraft:noodle_ridge_b 112 176 48 -0.15078950757869852
minecraft:noodle_ridge_b 21 205 121 0.38841807729671352
minecraft:noodle_ridge_b 58 234 66 0.23156261872159595
minecraft:noodle_ridge_b 95 263 11 -0.09181845416202758
minecraft:noodle_ridge_b 4 292 84 0.15662546132618266
minecraft:noodle_ridge_b 41 -63 29 0.10685087933638868
minecraft:noodle_ridge_b 78 -34 102 0.10484244302215875
minecraft:noodle_ridge_b 115 -5 47 -0.29404895771804751
minecraft:noodle_ridge_b 24 24 120 0.207477761153115
minecraft:noodle_ridge_b 61 53 65 -0.058282234667509016
minecraft:noodle_ridge_b 98 82 10 0.38625710508663091
minecraft:noodle_ridge_b 7 111 83 -0.28401067020172532
minecraft:noodle_ridge_b 44 140 28 0.90585219437413411
minecraft:noodle_ridge_b 81 169 101 0.17387649193506616
minecraft:noodle_ridge_b 118 198 46 -0.43575574730457067
minecraft:noodle_ridge_b 27 227 119 0.4690467607812806
minecraft:jagged 0 -64 0 0.010778809678787155
minecraft:jagged 37 -35 73 0.013786939234382695
minecraft:jagged 74 -6 18 0.016390821048373801
minecraft:jagged 111 23 91 0.01674888246665622
minecraft:jagged 20 52 36 0.015993525030299133
minecraft:jagged 57 81 109 0.018732428843703852
minecraft:jagged 94 110 54 0.018359795706714189
minecraft:jagged 3 139 127 0.021424979811918217
minecraft:jagged 40 168 72 0.021485351923648345
minecraft:jagged 77 197 17 0.019266596724215098
minecraft:jagged 114 226 90 0.023899036505800549
minecraft:jagged 23 255 35 0.021601523275407427
minecraft:jagged 60 284 108 0.025416283261520532
minecraft:jagged 97 313 53 0.024170966721440458
minecraft:jagged 6 -42 126 0.012269458474416146
minecraft:jagged 43 -13 71 0.014389738476065972
minecraft:jagged 80 16 16 0.016944656783501287
minecraft:jagged 117 45 89 0.017403741310860251
minecraft:jagged 26 74 34 0.016585154998806015
minecraft:jagged 63 103 107 0.019336880342733474
minecraft:jagged 100 132 52 0.019374972539765337
minecraft:jagged 9 161 125 0.022418598417889658
minecraft:jagged 46 190 70 0.021963376862843418
minecraft:jagged 83 219 15 0.019812278303304634
minecraft:jagged 120 248 88 0.024130150305031628
minecraft:jagged 29 277 33 0.02193793172210071
minecraft:jagged 66 306 106 0.026016361000762864
minecraft:jagged 103 -49 51 0.015197026619767256
minecraft:jagged 12 -20 124 0.012814068488434867
minecraft:jagged 49 9 69 0.014939498468637128
minecraft:jagged 86 38 14 0.017301920259425677
minecraft:jagged 123 67 87 0.018389985822269528
minecraft:jagged 32 96 32 0.017057349524552672
minecraft:jagged 69 125 105 0.020334252093948742
minecraft:jagged 106 154 50 0.020301155859625809
minecraft:jagged 15 183 123 0.023697107817759331
minecraft:jagged 52 212 68 0.022161976592340822
minecraft:jagged 89 241 13 0.020140598417246726
minecraft:jagged 126 270 86 0.02429533243463974
minecraft:jagged 35 299 31 0.02297190595697771
minecraft:jagged 72 -56 104 0.014999950633759711
minecraft:jagged 109 -27 49 0.015134256715313887
minecraft:jagged 18 2 122 0.013842364417220265
minecraft:jagged 55 31 67 0.015547441817237198
minecraft:jagged 92 60 12 0.017650906456254403
minecraft:jagged 1 89 85 0.017874258498259733
minecraft:jagged 38 118 30 0.017492638897160184
minecraft:jagged 75 147 103 0.021595109610580615
minecraft:jagged 112 176 48 0.020361893994605775
minecraft:jagged 21 205 121 0.024567919665575675
minecraft:jagged 58 234 66 0.022807840758472319
minecraft:jagged 95 263 11 0.021249325121840301
minecraft:jagged 4 292 84 0.025217421502778857
minecraft:jagged 41 -63 29 0.013033588585541378
minecraft:jagged 78 -34 102 0.015087823656857673
minecraft:jagged 115 -5 47 0.01587506039085557
minecraft:jagged 24 24 120 0.015300958713513028
minecraft:jagged 61 53 65 0.01601383267248873
minecraft:jagged 98 82 10 0.01754470823077443
minecraft:jagged 7 111 83 0.019309850227211586
minecraft:jagged 44 140 28 0.018627605186846509
minecraft:jagged 81 169 101 0.022623182934314843
minecraft:jagged 118 198 46 0.020356315730555619
minecraft:jagged 27 227 119 0.025944189687769376
minecraft:surface 0 -64 0 -0.11144188216534109
minecraft:surface 37 -35 73 -0.10861104899920535
minecraft:surface 74 -6 18 -0.076033653775744434
minecraft:surface 111 23 91 -0.52380486324667241
minecraft:surface 20 52 36 0.2472549929079286
minecraft:surface 57 81 109 -0.060495783243174464
minecraft:surface 94 110 54 -0.35164541907560498
minecraft:surface 3 139 127 -0.26842307495900297
minecraft:surface 40 168 72 -0.18706382350300158
minecraft:surface 77 197 17 0.079618818598247168
minecraft:surface 114 226 90 0.030529895126214165
minecraft:surface 23 255 35 -0.10870582503240619
minecraft:surface 60 284 108 0.11493394494074674
minecraft:surface 97 313 53 0.30249793187023544
minecraft:surface 6 -42 126 -0.01872025853379913
minecraft:surface 43 -13 71 0.2851007466184638
minecraft:surface 80 16 16 0.44732262169127873
minecraft:surface 117 45 89 -0.24877008605941714
minecraft:surface 26 74 34 -0.036956902126667412
minecraft:surface 63 103 107 -0.11557370146476738
minecraft:surface 100 132 52 -0.26511227147651784
minecraft:surface 9 161 125 -0.24716701309509398
minecraft:surface 46 190 70 -0.69489371156152901
minecraft:surface 83 219 15 0.46924079752597103
minecraft:surface 120 248 88 0.056204472785152733
minecraft:surface 29 277 33 0.15349079726796469
minecraft:surface 66 306 106 -0.31711238168756806
minecraft:surface 103 -49 51 -0.39280165117199217
minecraft:surface 12 -20 124 -0.23693157442931126
minecraft:surface 49 9 69 -0.11985657817620457
minecraft:surface 86 38 14 0.15967080522763905
minecraft:surface 123 67 87 0.091701696987993006
minecraft:surface 32 96 32 -0.60282950925408174
minecraft:surface 69 125 105 -0.045592794478129771
minecraft:surface 106 154 50 0.13548245091312625
minecraft:surface 15 183 123 0.11920881552869952
minecraft:surface 52 212 68 -0.15996300211316303
minecraft:surface 89 241 13 -0.4608266550624871
minecraft:surface 126 270 86 -0.3584982991443797
minecraft:surface 35 299 31 0.053505293621460837
minecraft:surface 72 -56 104 0.37362181638826547
minecraft:surface 109 -27 49 -0.27637981562568381
minecraft:surface 18 2 122 -0.31679137769825222
minecraft:surface 55 31 67 -0.11791405349612692
minecraft:surface 92 60 12 -0.19396697546856081
minecraft:surface 1 89 85 0.36738945053002059
minecraft:surface 38 118 30 -0.16283671753993723
minecraft:surface 75 147 103 0.26751205783622373
minecraft:surface 112 176 48 -0.091574406865012475
minecraft:surface 21 205 121 0.097620072554000806
minecraft:surface 58 234 66 -0.65262017940274419
minecraft:surface 95 263 11 0.23318513708271274
minecraft:surface 4 292 84 -0.53951527826695467
minecraft:surface 41 -63 29 -0.18760873801213496
minecraft:surface 78 -34 102 -0.057219123413316635
minecraft:surface 115 -5 47 -0.37022457260424868
minecraft:surface 24 24 120 -0.28469730964959539
minecraft:surface 61 53 65 0.30470710621017266
minecraft:surface 98 82 10 0.01076396042584301
minecraft:surface 7 111 83 0.81660029942892887
minecraft:surface 44 140 28 -0.55109973385556577
minecraft:surface 81 169 101 0.65364791137217715
minecraft:surface 118 198 46 0.20036324309600856
minecraft:surface 27 227 119 0.46179764133028134
minecraft:surface_secondary 0 -64 0 0.010013902042467788
minecraft:surface_secondary 37 -35 73 -0.22816056529499806
minecraft:surface_secondary 74 -6 18 -0.014315050609551738
minecraft:surface_secondary 111 23 91 0.35765762223963682
minecraft:surface_secondary 20 52 36 -0.10245613486745905
minecraft:surface_secondary 57 81 109 0.13847573399203988
minecraft:surface_secondary 94 110 54 -0.10382428344478302
minecraft:surface_secondary 3 139 127 -0.64203500435463501
minecraft:surface_secondary 40 168 72 0.13303669634679541
minecraft:surface_secondary 77 197 17 0.45945440244550012
minecraft:surface_secondary 114 226 90 -0.45045853913750455
minecraft:surface_secondary 23 255 35 -0.23325167794785898
minecraft:surface_secondary 60 284 108 0.21437854039780416
minecraft:surface_secondary 97 313 53 0.11757496653338657
minecraft:surface_secondary 6 -42 126 -0.19996322727827093
minecraft:surface_secondary 43 -13 71 0.10117411842095116
minecraft:surface_secondary 80 16 16 0.040744421157898204
minecraft:surface_secondary 117 45 89 -0.14093375673382472
minecraft:surface_secondary 26 74 34 0.18302754199462606
minecraft:surface_secondary 63 103 107 -0.39935156668896293
minecraft:surface_secondary 100 132 52 -0.10667430017775623
minecraft:surface_secondary 9 161 125 -0.30459053980278983
minecraft:surface_secondary 46 190 70 0.22722222082405646
minecraft:surface_secondary 83 219 15 0.30722324345768148
minecraft:surface_secondary 120 248 88 -0.22829856020518569
minecraft:surface_secondary 29 277 33 -0.62585403742951318
minecraft:surface_secondary 66 306 106 0.42585350323293858
minecraft:surface_secondary 103 -49 51 0.58605763661357257
minecraft:surface_secondary 12 -20 124 0.1936257421130077
minecraft:surface_secondary 49 9 69 0.55416669403216789
minecraft:surface_secondary 86 38 14 0.29503990181231715
minecraft:surface_secondary 123 67 87 -0.14697916811370204
minecraft:surface_secondary 32 96 32 0.66579965341440694
minecraft:surface_secondary 69 125 105 -0.12917102033126651
minecraft:surface_secondary 106 154 50 0.24034592346728334
minecraft:surface_secondary 15 183 123 -0.08510514795253811
minecraft:surface_secondary 52 212 68 -0.25298193188344287
minecraft:surface_secondary 89 241 13 0.28219528663588678
minecraft:surface_secondary 126 270 86 0.036379207307262774
minecraft:surface_secondary 35 299 31 -0.17077247409185531
minecraft:surface_secondary 72 -56 104 -0.13823701318248977
minecraft:surface_secondary 109 -27 49 0.1190123291046955
minecraft:surface_secondary 18 2 122 -0.079957147448076943
minecraft:surface_secondary 55 31 67 0.45037154123198248
minecraft:surface_secondary 92 60 12 -0.21880317510830505
minecraft:surface_secondary 1 89 85 0.02238453134891626
minecraft:surface_secondary 38 118 30 0.5638644494641577
minecraft:surface_secondary 75 147 103 0.065077836255969482
minecraft:surface_secondary 112 176 48 -0.14462271912967378
minecraft:surface_secondary 21 205 121 -0.39725191955952444
minecraft:surface_secondary 58 234 66 -0.24799186783098404
minecraft:surface_secondary 95 263 11 0.065313827135398433
minecraft:surface_secondary 4 292 84 0.075629455931883999
minecraft:surface_secondary 41 -63 29 -0.2382863246805064
minecraft:surface_secondary 78 -34 102 0.26449965836243639
minecraft:surface_secondary 115 -5 47 -0.34339310290284664
minecraft:surface_secondary 24 24 120 0.10451491903048012
minecraft:surface_secondary 61 53 65 0.18388751466868097
minecraft:surface_secondary 98 82 10 -0.10667423357055913
minecraft:surface_secondary 7 111 83 0.18080413248043786
minecraft:surface_secondary 44 140 28 0.12223746094639035
minecraft:surface_secondary 81 169 101 -0.040582789977485496
minecraft:surface_secondary 118 198 46 -0.0092663253023853396
minecraft:surface_secondary 27 227 119 -0.1934765194852969
minecraft:clay_bands_offset 0 -64 0 -0.11953229168322201
minecraft:clay_bands_offset 37 -35 73 -0.071601930227945615
minecraft:clay_bands_offset 74 -6 18 0.22433488721670444
minecraft:clay_bands_offset 111 23 91 0.36371363414798535
minecraft:clay_bands_offset 20 52 36 0.080110169433675382
minecraft:clay_bands_offset 57 81 109 0.20888444216600335
minecraft:clay_bands_offset 94 110 54 0.34332184011544575
minecraft:clay_bands_offset 3 139 127 0.1899025468010648
minecraft:clay_bands_offset 40 168 72 0.083671708381859805
minecraft:clay_bands_offset 77 197 17 -0.13266968922584654
minecraft:clay_bands_offset 114 226 90 -0.21140522072112902
minecraft:clay_bands_offset 23 255 35 -0.19834589084285936
minecraft:clay_bands_offset 60 284 108 -0.17105810643229744
minecraft:clay_bands_offset 97 313 53 -0.37260305737721994
minecraft:clay_bands_offset 6 -42 126 -0.31847796589074095
minecraft:clay_bands_offset 43 -13 71 0.018329717883012277
minecraft:clay_bands_offset 80 16 16 0.28336898215879147
minecraft:clay_bands_offset 117 45 89 0.38395902657066128
minecraft:clay_bands_offset 26 74 34 0.11508154461588792
minecraft:clay_bands_offset 63 103 107 0.22980439259943269
minecraft:clay_bands_offset 100 132 52 0.28111652064446302
minecraft:clay_bands_offset 9 161 125 0.20386475945360955
minecraft:clay_bands_offset 46 190 70 -0.0030723898205388166
minecraft:clay_bands_offset 83 219 15 -0.25947971514190249
minecraft:clay_bands_offset 120 248 88 -0.317261051188376
minecraft:clay_bands_offset 29 277 33 -0.18825037719258386
minecraft:clay_bands_offset 66 306 106 -0.1994913385903003
minecraft:clay_bands_offset 103 -49 51 0.30091779849076972
minecraft:clay_bands_offset 12 -20 124 -0.25363008854976776
minecraft:clay_bands_offset 49 9 69 0.11583462342223712
minecraft:clay_bands_offset 86 38 14 0.31525015428920328
minecraft:clay_bands_offset 123 67 87 0.37184419754986953
minecraft:clay_bands_offset 32 96 32 0.13489913720189128
minecraft:clay_bands_offset 69 125 105 0.2175211478679607
minecraft:clay_bands_offset 106 154 50 0.18800962746859087
minecraft:clay_bands_offset 15 183 123 0.19150232955723126
minecraft:clay_bands_offset 52 212 68 -0.11313345561686114
minecraft:clay_bands_offset 89 241 13 -0.34469316143420003
minecraft:clay_bands_offset 126 270 86 -0.39383420190645529
minecraft:clay_bands_offset 35 299 31 -0.14792870042312478
minecraft:clay_bands_offset 72 -56 104 0.059553450148532208
minecraft:clay_bands_offset 109 -27 49 0.34221644373189242
minecraft:clay_bands_offset 18 2 122 -0.16073467104310774
minecraft:clay_bands_offset 55 31 67 0.20305318083225191
minecraft:clay_bands_offset 92 60 12 0.3168165974715042
minecraft:clay_bands_offset 1 89 85 0.036122018200627742
minecraft:clay_bands_offset 38 118 30 0.13386807568546621
minecraft:clay_bands_offset 75 147 103 0.17284169505660082
minecraft:clay_bands_offset 112 176 48 0.064821284243399419
minecraft:clay_bands_offset 21 205 121 0.1507159781052024
minecraft:clay_bands_offset 58 234 66 -0.21885592387290051
minecraft:clay_bands_offset 95 263 11 -0.36892872627192469
minecraft:clay_bands_offset 4 292 84 0.070799593720311013
minecraft:clay_bands_offset 41 -63 29 -0.017388760511216905
minecraft:clay_bands_offset 78 -34 102 0.11691442175514552
minecraft:clay_bands_offset 115 -5 47 0.38370334591273347
minecraft:clay_bands_offset 24 24 120 -0.058145097211337794
minecraft:clay_bands_offset 61 53 65 0.26808733318705841
minecraft:clay_bands_offset 98 82 10 0.29440608030877724
minecraft:clay_bands_offset 7 111 83 0.084202086001165605
minecraft:clay_bands_offset 44 140 28 0.10557908260866698
minecraft:clay_bands_offset 81 169 101 0.099182366315542059
minecraft:clay_bands_offset 118 198 46 -0.080904771655409768
minecraft:clay_bands_offset 27 227 119 0.088233977054057139
minecraft:badlands_pillar 0 -64 0 -0.0088179998199368424
minecraft:badlands_pillar 37 -35 73 -0.06779052914186863
minecraft:badlands_pillar 74 -6 18 -0.18009471933683274
minecraft:badlands_pillar 111 23 91 -0.076828344773967133
minecraft:badlands_pillar 20 52 36 0.10921285825009891
minecraft:badlands_pillar 57 81 109 0.2026172012656689
minecraft:badlands_pillar 94 110 54 -0.36055367613879241
minecraft:badlands_pillar 3 139 127 -0.14001842223960909
minecraft:badlands_pillar 40 168 72 -0.012813206594588525
minecraft:badlands_pillar 77 197 17 0.15386995679090507
minecraft:badlands_pillar 114 226 90 0.11397569111783803
minecraft:badlands_pillar 23 255 35 -0.2136688265596407
minecraft:badlands_pillar 60 284 108 0.41607874662237743
minecraft:badlands_pillar 97 313 53 -0.24840988809730002
minecraft:badlands_pillar 6 -42 126 0.17025072825660953
minecraft:badlands_pillar 43 -13 71 0.24364030342803092
minecraft:badlands_pillar 80 16 16 0.5706969193412228
minecraft:badlands_pillar 117 45 89 -0.48072983274017062
minecraft:badlands_pillar 26 74 34 0.081724667231912046
minecraft:badlands_pillar 63 103 107 -0.24646129956674495
minecraft:badlands_pillar 100 132 52 -0.099530887058119591
minecraft:badlands_pillar 9 161 125 0.50870090426134107
minecraft:badlands_pillar 46 190 70 -0.2837808790493922
minecraft:badlands_pillar 83 219 15 0.21814756164052918
minecraft:badlands_pillar 120 248 88 -0.16241717070403211
minecraft:badlands_pillar 29 277 33 0.2649554185678758
minecraft:badlands_pillar 66 306 106 0.35070983952290957
minecraft:badlands_pillar 103 -49 51 -0.094771294390207442
minecraft:badlands_pillar 12 -20 124 -0.031532529237327613
minecraft:badlands_pillar 49 9 69 -0.05360824539167619
minecraft:badlands_pillar 86 38 14 -0.42254332221375113
minecraft:badlands_pillar 123 67 87 -0.01164968682362714
minecraft:badlands_pillar 32 96 32 -0.27756589774502671
minecraft:badlands_pillar 69 125 105 0.46491157284911361
minecraft:badlands_pillar 106 154 50 0.094372435752193118
minecraft:badlands_pillar 15 183 123 -0.3424166153272486
minecraft:badlands_pillar 52 212 68 -0.52321195370058915
minecraft:badlands_pillar 89 241 13 -0.47582285093589621
minecraft:badlands_pillar 126 270 86 -0.12260009798928467
minecraft:badlands_pillar 35 299 31 -0.0010002027670232422
minecraft:badlands_pillar 72 -56 104 0.11339443573104431
minecraft:badlands_pillar 109 -27 49 0.15309660107072637
minecraft:badlands_pillar 18 2 122 -0.063806984645642661
minecraft:badlands_pillar 55 31 67 0.55383459997865869
minecraft:badlands_pillar 92 60 12 -0.41606143080064817
minecraft:badlands_pillar 1 89 85 -0.094965036182728724
minecraft:badlands_pillar 38 118 30 0.4496522636028899
minecraft:badlands_pillar 75 147 103 -0.59181008231843901
minecraft:badlands_pillar 112 176 48 0.49888426639812417
minecraft:badlands_pillar 21 205 121 -0.39091552315039985
minecraft:badlands_pillar 58 234 66 0.27949550910047211
minecraft:badlands_pillar 95 263 11 -0.49440355300630562
minecraft:badlands_pillar 4 292 84 -0.010202505841716853
minecraft:badlands_pillar 41 -63 29 0.34754317996287992
minecraft:badlands_pillar 78 -34 102 -0.23038416346398966
minecraft:badlands_pillar 115 -5 47 -0.36469027488835892
minecraft:badlands_pillar 24 24 120 -0.10746068777034885
minecraft:badlands_pillar 61 53 65 0.35368823664237803
minecraft:badlands_pillar 98 82 10 0.22305294880240348
minecraft:badlands_pillar 7 111 83 -0.56710012224177131
minecraft:badlands_pillar 44 140 28 0.15008433475950858
minecraft:badlands_pillar 81 169 101 0.47654837986353038
minecraft:badlands_pillar 118 198 46 0.12756093292200826
minecraft:badlands_pillar 27 227 119 -0.063613241892885489
minecraft:badlands_pillar_roof 0 -64 0 -0.27808675840118935
minecraft:badlands_pillar_roof 37 -35 73 -0.41786100494859607
minecraft:badlands_pillar_roof 74 -6 18 -0.37779182406777101
minecraft:badlands_pillar_roof 111 23 91 0.21316769298035815
minecraft:badlands_pillar_roof 20 52 36 -0.39773787507727393
minecraft:badlands_pillar_roof 57 81 109 0.040207385965591702
minecraft:badlands_pillar_roof 94 110 54 0.091338081198618068
minecraft:badlands_pillar_roof 3 139 127 0.0012444536658503165
minecraft:badlands_pillar_roof 40 168 72 0.00010303934596061122
minecraft:badlands_pillar_roof 77 197 17 -0.28761521896253084
minecraft:badlands_pillar_roof 114 226 90 0.17655880015396686
minecraft:badlands_pillar_roof 23 255 35 -0.32066785052970803
minecraft:badlands_pillar_roof 60 284 108 0.20077716439275289
minecraft:badlands_pillar_roof 97 313 53 -0.21686803004862909
minecraft:badlands_pillar_roof 6 -42 126 -0.1516115390529589
minecraft:badlands_pillar_roof 43 -13 71 -0.38451815555979657
minecraft:badlands_pillar_roof 80 16 16 -0.33241320020216286
minecraft:badlands_pillar_roof 117 45 89 0.29905809969884356
minecraft:badlands_pillar_roof 26 74 34 -0.37043873963462559
minecraft:badlands_pillar_roof 63 103 107 0.11328775966075848
minecraft:badlands_pillar_roof 100 132 52 0.12510908018004502
minecraft:badlands_pillar_roof 9 161 125 0.003421435690283229
minecraft:badlands_pillar_roof 46 190 70 0.019078594268731458
minecraft:badlands_pillar_roof 83 219 15 -0.34638298539527268
minecraft:badlands_pillar_roof 120 248 88 0.1277566653808053
minecraft:badlands_pillar_roof 29 277 33 -0.37487050314478215
minecraft:badlands_pillar_roof 66 306 106 0.20549583424451939
minecraft:badlands_pillar_roof 103 -49 51 -0.095422776035852308
minecraft:badlands_pillar_roof 12 -20 124 -0.13160601589266643
minecraft:badlands_pillar_roof 49 9 69 -0.33464092467526818
minecraft:badlands_pillar_roof 86 38 14 -0.28341176721713074
minecraft:badlands_pillar_roof 123 67 87 0.38197578634723961
minecraft:badlands_pillar_roof 32 96 32 -0.32937926674404561
minecraft:badlands_pillar_roof 69 125 105 0.1794197458607143
minecraft:badlands_pillar_roof 106 154 50 0.11730101305721181
minecraft:badlands_pillar_roof 15 183 123 0.022751062945155148
minecraft:badlands_pillar_roof 52 212 68 0.014661439895613063
minecraft:badlands_pillar_roof 89 241 13 -0.41113654512725673
minecraft:badlands_pillar_roof 126 270 86 0.091148335911331008
minecraft:badlands_pillar_roof 35 299 31 -0.43319173462797156
minecraft:badlands_pillar_roof 72 -56 104 -0.18365263615265734
minecraft:badlands_pillar_roof 109 -27 49 -0.043709778253723096
minecraft:badlands_pillar_roof 18 2 122 -0.11466536795398488
minecraft:badlands_pillar_roof 55 31 67 -0.27742582953719469
minecraft:badlands_pillar_roof 92 60 12 -0.22570411897717116
minecraft:badlands_pillar_roof 1 89 85 -0.16495888400517728
minecraft:badlands_pillar_roof 38 118 30 -0.2862312193487318
minecraft:badlands_pillar_roof 75 147 103 0.2277425883582663
minecraft:badlands_pillar_roof 112 176 48 0.070540852004115362
minecraft:badlands_pillar_roof 21 205 121 0.053637888436612206
minecraft:badlands_pillar_roof 58 234 66 -0.0081698598046497234
minecraft:badlands_pillar_roof 95 263 11 -0.47245394718677369
minecraft:badlands_pillar_roof 4 292 84 -0.056760508811249152
minecraft:badlands_pillar_roof 41 -63 29 -0.43772568867633188
minecraft:badlands_pillar_roof 78 -34 102 -0.10770346355482222
minecraft:badlands_pillar_roof 115 -5 47 0.02121965824089958
minecraft:badlands_pillar_roof 24 24 120 -0.099720533557290283
minecraft:badlands_pillar_roof 61 53 65 -0.20586404074999018
minecraft:badlands_pillar_roof 98 82 10 -0.16796933154862898
minecraft:badlands_pillar_roof 7 111 83 -0.1330066801825395
minecraft:badlands_pillar_roof 44 140 28 -0.25401205756888623
minecraft:badlands_pillar_roof 81 169 101 0.25098714179413406
minecraft:badlands_pillar_roof 118 198 46 -0.0033604827562401514
minecraft:badlands_pillar_roof 27 227 119 0.089523218238298341
minecraft:badlands_surface 0 -64 0 0.042447966369928668
minecraft:badlands_surface 37 -35 73 0.56080737559255256
minecraft:badlands_surface 74 -6 18 -0.46217109801940465
minecraft:badlands_surface 111 23 91 0.099333044448643576
minecraft:badlands_surface 20 52 36 -0.55494156483225798
minecraft:badlands_surface 57 81 109 -0.1282534248600537
minecraft:badlands_surface 94 110 54 -0.080087405614806317
minecraft:badlands_surface 3 139 127 0.12943309489408844
minecraft:badlands_surface 40 168 72 -0.2074425382584616
minecraft:badlands_surface 77 197 17 -0.056283243463665332
minecraft:badlands_surface 114 226 90 -0.22298051460921647
minecraft:badlands_surface 23 255 35 0.24141608464636344
minecraft:badlands_surface 60 284 108 0.1548299872762906
minecraft:badlands_surface 97 313 53 0.30436648804147148
minecraft:badlands_surface 6 -42 126 0.23706372141386733
minecraft:badlands_surface 43 -13 71 0.39865578504308496
minecraft:badlands_surface 80 16 16 -0.56958058650798693
minecraft:badlands_surface 117 45 89 0.71098216752463028
minecraft:badlands_surface 26 74 34 0.2385307624881754
minecraft:badlands_surface 63 103 107 -0.21200966060169693
minecraft:badlands_surface 100 132 52 0.26809467195346126
minecraft:badlands_surface 9 161 125 0.20726181543022848
minecraft:badlands_surface 46 190 70 -0.023718586652934116
minecraft:badlands_surface 83 219 15 0.4626463100851218
minecraft:badlands_surface 120 248 88 -0.22622544471071579
minecraft:badlands_surface 29 277 33 -0.13049748929447938
minecraft:badlands_surface 66 306 106 0.099747035937730155
minecraft:badlands_surface 103 -49 51 0.52311391688686704
minecraft:badlands_surface 12 -20 124 0.048406034191886951
minecraft:badlands_surface 49 9 69 0.044647333492955417
minecraft:badlands_surface 86 38 14 -0.30505968132450756
minecraft:badlands_surface 123 67 87 0.29508643825274194
minecraft:badlands_surface 32 96 32 0.60682735336970373
minecraft:badlands_surface 69 125 105 0.04796490643103872
minecraft:badlands_surface 106 154 50 0.29551130522014485
minecraft:badlands_surface 15 183 123 0.30306996060335262
minecraft:badlands_surface 52 212 68 -0.044223732369633367
minecraft:badlands_surface 89 241 13 0.06425481716704623
minecraft:badlands_surface 126 270 86 -0.0014497727318963163
minecraft:badlands_surface 35 299 31 -0.72006520092873583
minecraft:badlands_surface 72 -56 104 0.19970179651831191
minecraft:badlands_surface 109 -27 49 0.61309165956544587
minecraft:badlands_surface 18 2 122 -0.43572605942854842
minecraft:badlands_surface 55 31 67 -0.162460834243741
minecraft:badlands_surface 92 60 12 -0.17612410781735638
minecraft:badlands_surface 1 89 85 0.28777320366668924
minecraft:badlands_surface 38 118 30 0.4591243544142512
minecraft:badlands_surface 75 147 103 0.19231901077304742
minecraft:badlands_surface 112 176 48 0.080272642124233282
minecraft:badlands_surface 21 205 121 0.049755432436905146
minecraft:badlands_surface 58 234 66 0.18498977684218104
minecraft:badlands_surface 95 263 11 -0.15164543524837759
minecraft:badlands_surface 4 292 84 0.18590019271468494
minecraft:badlands_surface 41 -63 29 -0.4756077005012444
minecraft:badlands_surface 78 -34 102 0.26530241773463586
minecraft:badlands_surface 115 -5 47 0.32708870723585926
minecraft:badlands_surface 24 24 120 0.49004219015182826
minecraft:badlands_surface 61 53 65 0.19751514773046364
minecraft:badlands_surface 98 82 10 -0.11930743280853101
minecraft:badlands_surface 7 111 83 0.2703498120283222
minecraft:badlands_surface 44 140 28 0.24540382196489385
minecraft:badlands_surface 81 169 101 0.36098778201067688
minecraft:badlands_surface 118 198 46 -0.094856107853235269
minecraft:badlands_surface 27 227 119 -0.24576353760557726
minecraft:iceberg_pillar 0 -64 0 -0.037685700420434842
minecraft:iceberg_pillar 37 -35 73 -0.085644998819577239
minecraft:iceberg_pillar 74 -6 18 -0.50937844813480171
minecraft:iceberg_pillar 111 23 91 0.72004214295937541
minecraft:iceberg_pillar 20 52 36 -0.14339066593982763
minecraft:iceberg_pillar 57 81 109 0.2267705337583944
minecraft:iceberg_pillar 94 110 54 -0.071306183241841431
minecraft:iceberg_pillar 3 139 127 -0.10364360321233002
minecraft:iceberg_pillar 40 168 72 0.17255685796641185
minecraft:iceberg_pillar 77 197 17 0.34819344867906832
minecraft:iceberg_pillar 114 226 90 0.10917975454574136
minecraft:iceberg_pillar 23 255 35 0.077716396024248846
minecraft:iceberg_pillar 60 284 108 0.27266330510510273
minecraft:iceberg_pillar 97 313 53 -0.39131488946104986
minecraft:iceberg_pillar 6 -42 126 -0.35372176430304059
minecraft:iceberg_pillar 43 -13 71 -0.22489527467649978
minecraft:iceberg_pillar 80 16 16 -0.32891700278334085
minecraft:iceberg_pillar 117 45 89 0.36513846533163036
minecraft:iceberg_pillar 26 74 34 -0.19881689568553362
minecraft:iceberg_pillar 63 103 107 -0.019352463188525255
minecraft:iceberg_pillar 100 132 52 -0.51738443695227787
minecraft:iceberg_pillar 9 161 125 -0.16387395178834024
minecraft:iceberg_pillar 46 190 70 0.20928788909818943
minecraft:iceberg_pillar 83 219 15 -0.10197420299587619
minecraft:iceberg_pillar 120 248 88 -0.43413491757393452
minecraft:iceberg_pillar 29 277 33 0.47778745139628453
minecraft:iceberg_pillar 66 306 106 0.020952375571302379
minecraft:iceberg_pillar 103 -49 51 -0.082632812934869793
minecraft:iceberg_pillar 12 -20 124 -0.23603251369246059
minecraft:iceberg_pillar 49 9 69 -0.041613472205957902
minecraft:iceberg_pillar 86 38 14 0.18882342333455152
minecraft:iceberg_pillar 123 67 87 0.56432728935090104
minecraft:iceberg_pillar 32 96 32 0.029079558561070397
minecraft:iceberg_pillar 69 125 105 -0.46132031156482312
minecraft:iceberg_pillar 106 154 50 -0.28266329821581548
minecraft:iceberg_pillar 15 183 123 -0.22790831489420016
minecraft:iceberg_pillar 52 212 68 0.31184440318231987
minecraft:iceberg_pillar 89 241 13 0.3558316313585479
minecraft:iceberg_pillar 126 270 86 -0.18708994859204942
minecraft:iceberg_pillar 35 299 31 0.017878232270603034
minecraft:iceberg_pillar 72 -56 104 0.32871635082543543
minecraft:iceberg_pillar 109 -27 49 -0.16217117250649721
minecraft:iceberg_pillar 18 2 122 0.26498775061680924
minecraft:iceberg_pillar 55 31 67 -0.096868058514662583
minecraft:iceberg_pillar 92 60 12 0.091958382494699967
minecraft:iceberg_pillar 1 89 85 -0.76078099657110076
minecraft:iceberg_pillar 38 118 30 -0.06748940296996872
minecraft:iceberg_pillar 75 147 103 -0.90855833995635582
minecraft:iceberg_pillar 112 176 48 0.27244312126844594
minecraft:iceberg_pillar 21 205 121 0.07816496403656488
minecraft:iceberg_pillar 58 234 66 0.085378066324166016
minecraft:iceberg_pillar 95 263 11 0.12748188447137321
minecraft:iceberg_pillar 4 292 84 0.3711068787594532
minecraft:iceberg_pillar 41 -63 29 -0.03377297008859767
minecraft:iceberg_pillar 78 -34 102 0.21207978337361669
minecraft:iceberg_pillar 115 -5 47 -0.064894757986945356
minecraft:iceberg_pillar 24 24 120 0.057542349142847504
minecraft:iceberg_pillar 61 53 65 0.2542275604746107
minecraft:iceberg_pillar 98 82 10 -0.28890618905818394
minecraft:iceberg_pillar 7 111 83 -0.76066379756662317
minecraft:iceberg_pillar 44 140 28 0.064716683241954717
minecraft:iceberg_pillar 81 169 101 -0.2956891998396779
minecraft:iceberg_pillar 118 198 46 0.70777794345045564
minecraft:iceberg_pillar 27 227 119 0.24111719707106588
minecraft:iceberg_pillar_roof 0 -64 0 0.013593722878425389
minecraft:iceberg_pillar_roof 37 -35 73 0.39368859183607258
minecraft:iceberg_pillar_roof 74 -6 18 -0.11028214091353969
minecraft:iceberg_pillar_roof 111 23 91 0.3767017828408441
minecraft:iceberg_pillar_roof 20 52 36 0.3718632614654182
minecraft:iceberg_pillar_roof 57 81 109 0.090606488539466387
minecraft:iceberg_pillar_roof 94 110 54 -0.30985660165922724
minecraft:iceberg_pillar_roof 3 139 127 0.0040814052905653597
minecraft:iceberg_pillar_roof 40 168 72 0.30065626332742285
minecraft:iceberg_pillar_roof 77 197 17 -0.18985608999211934
minecraft:iceberg_pillar_roof 114 226 90 -0.50762987823355377
minecraft:iceberg_pillar_roof 23 255 35 -0.27317265629842019
minecraft:iceberg_pillar_roof 60 284 108 0.34515012711422732
minecraft:iceberg_pillar_roof 97 313 53 -0.22059220621441303
minecraft:iceberg_pillar_roof 6 -42 126 0.084493796420177777
minecraft:iceberg_pillar_roof 43 -13 71 0.45531054320237868
minecraft:iceberg_pillar_roof 80 16 16 -0.27086327458860759
minecraft:iceberg_pillar_roof 117 45 89 0.089113143439071257
minecraft:iceberg_pillar_roof 26 74 34 -0.18954684061996149
minecraft:iceberg_pillar_roof 63 103 107 -0.12693175656140554
minecraft:iceberg_pillar_roof 100 132 52 0.32639018232102746
minecraft:iceberg_pillar_roof 9 161 125 0.32062021671299429
minecraft:iceberg_pillar_roof 46 190 70 -0.15121240806635983
minecraft:iceberg_pillar_roof 83 219 15 0.0583671123997338
minecraft:iceberg_pillar_roof 120 248 88 0.086586424113507976
minecraft:iceberg_pillar_roof 29 277 33 -0.74888639663618761
minecraft:iceberg_pillar_roof 66 306 106 -0.017000369293542018
minecraft:iceberg_pillar_roof 103 -49 51 -0.24156388509770674
minecraft:iceberg_pillar_roof 12 -20 124 0.57002936329524445
minecraft:iceberg_pillar_roof 49 9 69 -0.058307615701080708
minecraft:iceberg_pillar_roof 86 38 14 0.087247831495770214
minecraft:iceberg_pillar_roof 123 67 87 -0.065009667292141915
minecraft:iceberg_pillar_roof 32 96 32 -0.35146865488410356
minecraft:iceberg_pillar_roof 69 125 105 0.27362963674665564
minecraft:iceberg_pillar_roof 106 154 50 0.20881987769042651
minecraft:iceberg_pillar_roof 15 183 123 0.19763533085721502
minecraft:iceberg_pillar_roof 52 212 68 0.14223836610880317
minecraft:iceberg_pillar_roof 89 241 13 -0.015350865820321172
minecraft:iceberg_pillar_roof 126 270 86 -0.72768189276398432
minecraft:iceberg_pillar_roof 35 299 31 0.016559633281456331
minecraft:iceberg_pillar_roof 72 -56 104 0.28730625482709332
minecraft:iceberg_pillar_roof 109 -27 49 0.23469275246233859
minecraft:iceberg_pillar_roof 18 2 122 -0.13515885003867303
minecraft:iceberg_pillar_roof 55 31 67 -0.60547903140530068
minecraft:iceberg_pillar_roof 92 60 12 0.32963477630830429
minecraft:iceberg_pillar_roof 1 89 85 -0.5149679217558808
minecraft:iceberg_pillar_roof 38 118 30 -0.064832308802405342
minecraft:iceberg_pillar_roof 75 147 103 -0.06390488720352476
minecraft:iceberg_pillar_roof 112 176 48 -0.52843605170847074
minecraft:iceberg_pillar_roof 21 205 121 -0.26482913232230121
minecraft:iceberg_pillar_roof 58 234 66 0.050429839189108504
minecraft:iceberg_pillar_roof 95 263 11 0.49627036694949839
minecraft:iceberg_pillar_roof 4 292 84 0.28698496222195224
minecraft:iceberg_pillar_roof 41 -63 29 -0.10299637407959122
minecraft:iceberg_pillar_roof 78 -34 102 -0.065331897641775716
minecraft:iceberg_pillar_roof 115 -5 47 -0.026233376876511335
minecraft:iceberg_pillar_roof 24 24 120 0.21716011248701958
minecraft:iceberg_pillar_roof 61 53 65 0.24189332589268533
minecraft:iceberg_pillar_roof 98 82 10 0.62244269573831834
minecraft:iceberg_pillar_roof 7 111 83 0.20752728247276042
minecraft:iceberg_pillar_roof 44 140 28 0.061400648270184634
minecraft:iceberg_pillar_roof 81 169 101 -0.43753885821599592
minecraft:iceberg_pillar_roof 118 198 46 0.24285085598749004
minecraft:iceberg_pillar_roof 27 227 119 0.475214209928839
minecraft:iceberg_surface 0 -64 0 0.16022514132323448
minecraft:iceberg_surface 37 -35 73 -0.14092366905922654
minecraft:iceberg_surface 74 -6 18 -0.029200859452677003
minecraft:iceberg_surface 111 23 91 -0.27780960680523209
minecraft:iceberg_surface 20 52 36 0.12274469744621613
minecraft:iceberg_surface 57 81 109 -0.44636534100155612
minecraft:iceberg_surface 94 110 54 0.11962915880106942
minecraft:iceberg_surface 3 139 127 -0.40635973722267538
minecraft:iceberg_surface 40 168 72 -0.14866228941969734
minecraft:iceberg_surface 77 197 17 0.12900015993560193
minecraft:iceberg_surface 114 226 90 -0.46014316411996259
minecraft:iceberg_surface 23 255 35 -0.40545005115746802
minecraft:iceberg_surface 60 284 108 -0.21068639512798318
minecraft:iceberg_surface 97 313 53 -0.53862037870579804
minecraft:iceberg_surface 6 -42 126 -0.18244219968008685
minecraft:iceberg_surface 43 -13 71 -0.20303642734244728
minecraft:iceberg_surface 80 16 16 -0.32789179678985808
minecraft:iceberg_surface 117 45 89 -0.46893078485051193
minecraft:iceberg_surface 26 74 34 0.12779976518775563
minecraft:iceberg_surface 63 103 107 0.006210448078253876
minecraft:iceberg_surface 100 132 52 0.37552273484882653
minecraft:iceberg_surface 9 161 125 -0.698015885756475
minecraft:iceberg_surface 46 190 70 0.012456935603617318
minecraft:iceberg_surface 83 219 15 0.34975647540230048
minecraft:iceberg_surface 120 248 88 0.022839347188765482
minecraft:iceberg_surface 29 277 33 -0.052416344536927298
minecraft:iceberg_surface 66 306 106 0.24322857552273341
minecraft:iceberg_surface 103 -49 51 0.16940213553466213
minecraft:iceberg_surface 12 -20 124 0.42956893942870789
minecraft:iceberg_surface 49 9 69 -0.1033378617471669
minecraft:iceberg_surface 86 38 14 -0.16592568627712723
minecraft:iceberg_surface 123 67 87 -0.72132516862191531
minecraft:iceberg_surface 32 96 32 0.15791012349012923
minecraft:iceberg_surface 69 125 105 -0.30052465685980956
minecraft:iceberg_surface 106 154 50 0.19519804035729962
minecraft:iceberg_surface 15 183 123 -0.22298531410957467
minecraft:iceberg_surface 52 212 68 -0.13453397439619297
minecraft:iceberg_surface 89 241 13 0.7363820756042222
minecraft:iceberg_surface 126 270 86 0.25424739589614564
minecraft:iceberg_surface 35 299 31 -0.15420751581486669
minecraft:iceberg_surface 72 -56 104 -0.44670146134133326
minecraft:iceberg_surface 109 -27 49 -0.032169091216761161
minecraft:iceberg_surface 18 2 122 0.46454448518358676
minecraft:iceberg_surface 55 31 67 -0.26483894967605198
minecraft:iceberg_surface 92 60 12 -0.19228977938819361
minecraft:iceberg_surface 1 89 85 0.64615617908934231
minecraft:iceberg_surface 38 118 30 -0.13370180859171743
minecraft:iceberg_surface 75 147 103 0.17551743890360458
minecraft:iceberg_surface 112 176 48 -0.3748536888277052
minecraft:iceberg_surface 21 205 121 0.17013140703478338
minecraft:iceberg_surface 58 234 66 -0.27682349035918663
minecraft:iceberg_surface 95 263 11 0.43382833463525661
minecraft:iceberg_surface 4 292 84 0.55000290388897377
minecraft:iceberg_surface 41 -63 29 0.53678225647884803
minecraft:iceberg_surface 78 -34 102 -0.15318200226609929
minecraft:iceberg_surface 115 -5 47 0.011349283272393791
minecraft:iceberg_surface 24 24 120 -0.18266882070614193
minecraft:iceberg_surface 61 53 65 -0.65991664666483707
minecraft:iceberg_surface 98 82 10 0.11979773331392703
minecraft:iceberg_surface 7 111 83 -0.0306059712619303
minecraft:iceberg_surface 44 140 28 -0.63639181445596316
minecraft:iceberg_surface 81 169 101 -0.029775463480439787
minecraft:iceberg_surface 118 198 46 -0.49065243573996176
minecraft:iceberg_surface 27 227 119 0.40128183723898786
minecraft:surface_swamp 0 -64 0 -0.55168579819744823
minecraft:surface_swamp 37 -35 73 -0.54499917341337079
minecraft:surface_swamp 74 -6 18 0.37070915348351646
minecraft:surface_swamp 111 23 91 0.30965227968071096
minecraft:surface_swamp 20 52 36 0.22396633543427485
minecraft:surface_swamp 57 81 109 -0.78547290448492157
minecraft:surface_swamp 94 110 54 0.25263542540188172
minecraft:surface_swamp 3 139 127 -0.43102682550350041
minecraft:surface_swamp 40 168 72 0.19477723400631025
minecraft:surface_swamp 77 197 17 0.19975956996993322
minecraft:surface_swamp 114 226 90 -0.31761740753361334
minecraft:surface_swamp 23 255 35 0.30175119594953365
minecraft:surface_swamp 60 284 108 0.56257581675548252
minecraft:surface_swamp 97 313 53 -0.27526404088379303
minecraft:surface_swamp 6 -42 126 0.24487405475891091
minecraft:surface_swamp 43 -13 71 0.53641320883788823
minecraft:surface_swamp 80 16 16 -0.0048783515533883564
minecraft:surface_swamp 117 45 89 0.19078720582308167
minecraft:surface_swamp 26 74 34 -0.53456866878126263
minecraft:surface_swamp 63 103 107 -0.05175122221475633
minecraft:surface_swamp 100 132 52 0.733629290019158
minecraft:surface_swamp 9 161 125 -0.29797257930549925
minecraft:surface_swamp 46 190 70 0.11949645376476968
minecraft:surface_swamp 83 219 15 0.22747278384565633
minecraft:surface_swamp 120 248 88 -0.34177523495896589
minecraft:surface_swamp 29 277 33 -0.35756113969001629
minecraft:surface_swamp 66 306 106 0.19271453429588314
minecraft:surface_swamp 103 -49 51 0.2401792449000768
minecraft:surface_swamp 12 -20 124 -0.431387432808639
minecraft:surface_swamp 49 9 69 -0.4519236151445451
minecraft:surface_swamp 86 38 14 -0.022025688207419656
minecraft:surface_swamp 123 67 87 -0.66910980381349072
minecraft:surface_swamp 32 96 32 -0.46041552978696726
minecraft:surface_swamp 69 125 105 -0.70755569071170066
minecraft:surface_swamp 106 154 50 -0.17789762368647247
minecraft:surface_swamp 15 183 123 0.43410350594021557
minecraft:surface_swamp 52 212 68 -0.12095682181853926
minecraft:surface_swamp 89 241 13 -0.12814229329797491
minecraft:surface_swamp 126 270 86 -0.34367952309085281
minecraft:surface_swamp 35 299 31 0.14208161926633095
minecraft:surface_swamp 72 -56 104 -0.15887934766515005
minecraft:surface_swamp 109 -27 49 -0.018841221951743276
minecraft:surface_swamp 18 2 122 0.10552750613988038
minecraft:surface_swamp 55 31 67 -0.18954589968816768
minecraft:surface_swamp 92 60 12 0.29845524743397067
minecraft:surface_swamp 1 89 85 0.041854098612333447
minecraft:surface_swamp 38 118 30 -0.27112808356759438
minecraft:surface_swamp 75 147 103 0.0054827578872257881
minecraft:surface_swamp 112 176 48 0.10679364566231299
minecraft:surface_swamp 21 205 121 0.20441843301108803
minecraft:surface_swamp 58 234 66 0.47514557371623056
minecraft:surface_swamp 95 263 11 0.2308190631702092
minecraft:surface_swamp 4 292 84 -0.1596904707337975
minecraft:surface_swamp 41 -63 29 -0.1593005155609602
minecraft:surface_swamp 78 -34 102 -0.35378988934912931
minecraft:surface_swamp 115 -5 47 -0.49481072551194222
minecraft:surface_swamp 24 24 120 0.17812041508614426
minecraft:surface_swamp 61 53 65 -0.12373867829190863
minecraft:surface_swamp 98 82 10 -0.10856511878952492
minecraft:surface_swamp 7 111 83 -0.14966804713466936
minecraft:surface_swamp 44 140 28 0.12910730446078775
minecraft:surface_swamp 81 169 101 0.024694278238659297
minecraft:surface_swamp 118 198 46 -0.094174119368516856
minecraft:surface_swamp 27 227 119 -0.22835930235606949
minecraft:calcite 0 -64 0 0.065007883825408452
minecraft:calcite 37 -35 73 0.13793797879395325
minecraft:calcite 74 -6 18 0.28325216283795551
minecraft:calcite 111 23 91 0.27992663920337468
minecraft:calcite 20 52 36 0.16516378535122692
minecraft:calcite 57 81 109 0.07571519048476702
minecraft:calcite 94 110 54 -0.10212907428096832
minecraft:calcite 3 139 127 -0.009757705324480951
minecraft:calcite 40 168 72 -0.32791682789034504
minecraft:calcite 77 197 17 -0.32480408067733169
minecraft:calcite 114 226 90 -0.53445104035944135
minecraft:calcite 23 255 35 -0.32906622472721758
minecraft:calcite 60 284 108 -0.53031519381921233
minecraft:calcite 97 313 53 -0.58956537410632626
minecraft:calcite 6 -42 126 0.16274191674852329
minecraft:calcite 43 -13 71 0.19336487952230696
minecraft:calcite 80 16 16 0.30980401990912254
minecraft:calcite 117 45 89 0.26252873529954784
minecraft:calcite 26 74 34 0.11674027949198314
minecraft:calcite 63 103 107 0.027224445141262894
minecraft:calcite 100 132 52 -0.31022750063184673
minecraft:calcite 9 161 125 -0.16456422418754615
minecraft:calcite 46 190 70 -0.38588373129299247
minecraft:calcite 83 219 15 -0.30706072400782086
minecraft:calcite 120 248 88 -0.50373292436227657
minecraft:calcite 29 277 33 -0.39340440545523436
minecraft:calcite 66 306 106 -0.6619521125909722
minecraft:calcite 103 -49 51 0.17701887853150855
minecraft:calcite 12 -20 124 0.149799107924315
minecraft:calcite 49 9 69 0.2195856524258058
minecraft:calcite 86 38 14 0.32333016924043034
minecraft:calcite 123 67 87 0.20973420648070476
minecraft:calcite 32 96 32 0.057270956993080768
minecraft:calcite 69 125 105 -0.12242256082617989
minecraft:calcite 106 154 50 -0.45150394537440874
minecraft:calcite 15 183 123 -0.25140420621117965
minecraft:calcite 52 212 68 -0.39892284439474818
minecraft:calcite 89 241 13 -0.29400040489692036
minecraft:calcite 126 270 86 -0.5746092067333527
minecraft:calcite 35 299 31 -0.40003848984452645
minecraft:calcite 72 -56 104 0.043340019151559078
minecraft:calcite 109 -27 49 0.25821282280480051
minecraft:calcite 18 2 122 0.15272592872789165
minecraft:calcite 55 31 67 0.17883513679711277
minecraft:calcite 92 60 12 0.27479527094240103
minecraft:calcite 1 89 85 0.17391337367649853
minecraft:calcite 38 118 30 -0.078906784653099707
minecraft:calcite 75 147 103 -0.28175407678917291
minecraft:calcite 112 176 48 -0.52349459766239703
minecraft:calcite 21 205 121 -0.33238456446329351
minecraft:calcite 58 234 66 -0.36616349015194694
minecraft:calcite 95 263 11 -0.34367923936407913
minecraft:calcite 4 292 84 -0.33349236389532161
minecraft:calcite 41 -63 29 0.25499477587230812
minecraft:calcite 78 -34 102 0.068534311941546147
minecraft:calcite 115 -5 47 0.3195314191929608
minecraft:calcite 24 24 120 0.099661238272563846
minecraft:calcite 61 53 65 0.13017874642880706
minecraft:calcite 98 82 10 0.20051555616394401
minecraft:calcite 7 111 83 0.13304725866218395
minecraft:calcite 44 140 28 -0.23295057705127675
minecraft:calcite 81 169 101 -0.42344261718129844
minecraft:calcite 118 198 46 -0.50633819417204928
minecraft:calcite 27 227 119 -0.38186020822431682
minecraft:gravel 0 -64 0 -0.14127429310692163
minecraft:gravel 37 -35 73 -0.24445860774084585
minecraft:gravel 74 -6 18 -0.20264942067206954
minecraft:gravel 111 23 91 0.071604053562771233
minecraft:gravel 20 52 36 -0.039066899420858961
minecraft:gravel 57 81 109 0.26857914166439567
minecraft:gravel 94 110 54 0.49538698030596795
minecraft:gravel 3 139 127 0.21400110565282074
minecraft:gravel 40 168 72 0.44917478509531605
minecraft:gravel 77 197 17 0.6883466421133756
minecraft:gravel 114 226 90 0.33057676119677215
minecraft:gravel 23 255 35 0.35042718328981365
minecraft:gravel 60 284 108 0.15812105791599801
minecraft:gravel 97 313 53 -0.23078438573634566
minecraft:gravel 6 -42 126 -0.30632549490365002
minecraft:gravel 43 -13 71 -0.11727518592829367
minecraft:gravel 80 16 16 -0.11799267572674794
minecraft:gravel 117 45 89 0.14905664540618446
minecraft:gravel 26 74 34 0.10211378459331751
minecraft:gravel 63 103 107 0.34287817033033718
minecraft:gravel 100 132 52 0.33477042637644872
minecraft:gravel 9 161 125 0.25236013474558106
minecraft:gravel 46 190 70 0.59492050455870493
minecraft:gravel 83 219 15 0.51115335222905189
minecraft:gravel 120 248 88 -0.046229485662034955
minecraft:gravel 29 277 33 0.29452165461473639
minecraft:gravel 66 306 106 -0.061768178490939352
minecraft:gravel 103 -49 51 -0.42803970870168939
minecraft:gravel 12 -20 124 -0.27147266692283561
minecraft:gravel 49 9 69 -0.14020894792984778
minecraft:gravel 86 38 14 -0.086475428938975557
minecraft:gravel 123 67 87 0.20123441738794337
minecraft:gravel 32 96 32 0.36352780596167911
minecraft:gravel 69 125 105 0.35946476924986925
minecraft:gravel 106 154 50 0.32214959837670093
minecraft:gravel 15 183 123 0.28510436176767473
minecraft:gravel 52 212 68 0.57324959864643232
minecraft:gravel 89 241 13 0.21759099021174746
minecraft:gravel 126 270 86 -0.39038289756016731
minecraft:gravel 35 299 31 0.26433242557628012
minecraft:gravel 72 -56 104 -0.32632330700498435
minecraft:gravel 109 -27 49 -0.4833353930823947
minecraft:gravel 18 2 122 -0.25537264082960398
minecraft:gravel 55 31 67 -0.087262410403121438
minecraft:gravel 92 60 12 0.16745509263611763
minecraft:gravel 1 89 85 0.12919697816032807
minecraft:gravel 38 118 30 0.55866848572928518
minecraft:gravel 75 147 103 0.40579171527636221
minecraft:gravel 112 176 48 0.29243455528369178
minecraft:gravel 21 205 121 0.49190956415010745
minecraft:gravel 58 234 66 0.44299017653985079
minecraft:gravel 95 263 11 -0.038809942378084106
minecraft:gravel 4 292 84 0.74213864728677736
minecraft:gravel 41 -63 29 -0.40323967018541829
minecraft:gravel 78 -34 102 -0.34216705253824498
minecraft:gravel 115 -5 47 -0.2786459134877608
minecraft:gravel 24 24 120 -0.35598709625954816
minecraft:gravel 61 53 65 -0.027748960712227544
minecraft:gravel 98 82 10 0.3851167325684246
minecraft:gravel 7 111 83 0.24961266698214446
minecraft:gravel 44 140 28 0.65087696562553765
minecraft:gravel 81 169 101 0.48229325079433899
minecraft:gravel 118 198 46 0.32473902449932596
minecraft:gravel 27 227 119 0.49885466383695343
minecraft:powder_snow 0 -64 0 0.029641808906424445
minecraft:powder_snow 37 -35 73 0.073023539784988822
minecraft:powder_snow 74 -6 18 -0.15989965486032759
minecraft:powder_snow 111 23 91 -0.369515410051795
minecraft:powder_snow 20 52 36 -0.63255714792638007
minecraft:powder_snow 57 81 109 -0.36972267358457894
minecraft:powder_snow 94 110 54 0.18114006966153867
minecraft:powder_snow 3 139 127 -0.23767462189195082
minecraft:powder_snow 40 168 72 -0.11142785375405373
minecraft:powder_snow 77 197 17 0.5813532684145879
minecraft:powder_snow 114 226 90 -0.40444771573504978
minecraft:powder_snow 23 255 35 0.27993151612209638
minecraft:powder_snow 60 284 108 -0.30861552653802404
minecraft:powder_snow 97 313 53 -0.017422700398482167
minecraft:powder_snow 6 -42 126 -0.044740452673281042
minecraft:powder_snow 43 -13 71 0.1362607334928011
minecraft:powder_snow 80 16 16 0.06286836337897346
minecraft:powder_snow 117 45 89 -0.51423257164657432
minecraft:powder_snow 26 74 34 -0.46586687257211112
minecraft:powder_snow 63 103 107 0.12643707322041209
minecraft:powder_snow 100 132 52 -0.24780651762439659
minecraft:powder_snow 9 161 125 -0.14747159706439683
minecraft:powder_snow 46 190 70 -0.42461401884411631
minecraft:powder_snow 83 219 15 0.53220449413501802
minecraft:powder_snow 120 248 88 -0.41104565836930596
minecraft:powder_snow 29 277 33 0.7078097028419037
minecraft:powder_snow 66 306 106 -0.039996017091449322
minecraft:powder_snow 103 -49 51 -0.80839228596106238
minecraft:powder_snow 12 -20 124 0.44039340779854125
minecraft:powder_snow 49 9 69 0.74027876434850204
minecraft:powder_snow 86 38 14 0.41828144358087888
minecraft:powder_snow 123 67 87 -0.15781441485045752
minecraft:powder_snow 32 96 32 -0.47198119240202796
minecraft:powder_snow 69 125 105 0.14123110605443834
minecraft:powder_snow 106 154 50 -0.27435905796970556
minecraft:powder_snow 15 183 123 0.01940355098586425
minecraft:powder_snow 52 212 68 -0.36263097804416394
minecraft:powder_snow 89 241 13 -0.096760267459252536
minecraft:powder_snow 126 270 86 -0.28606603558717547
minecraft:powder_snow 35 299 31 0.48626882933771187
minecraft:powder_snow 72 -56 104 0.34440953769356919
minecraft:powder_snow 109 -27 49 -0.32252430352744488
minecraft:powder_snow 18 2 122 -0.13972301713254287
minecraft:powder_snow 55 31 67 0.20426436616790805
minecraft:powder_snow 92 60 12 0.28716440289528283
minecraft:powder_snow 1 89 85 0.15192060226969631
minecraft:powder_snow 38 118 30 0.27757855563337741
minecraft:powder_snow 75 147 103 0.013885352091416595
minecraft:powder_snow 112 176 48 -0.14665807193450464
minecraft:powder_snow 21 205 121 0.2791728030509924
minecraft:powder_snow 58 234 66 -0.051086688645684865
minecraft:powder_snow 95 263 11 0.1382502984353928
minecraft:powder_snow 4 292 84 -0.20752279196946188
minecraft:powder_snow 41 -63 29 0.081590518005310142
minecraft:powder_snow 78 -34 102 0.28915975691373136
minecraft:powder_snow 115 -5 47 -0.010724213588771431
minecraft:powder_snow 24 24 120 -0.16802566778445693
minecraft:powder_snow 61 53 65 0.024933721503001029
minecraft:powder_snow 98 82 10 0.16571050894974476
minecraft:powder_snow 7 111 83 -0.31033008400909123
minecraft:powder_snow 44 140 28 0.30469893832301392
minecraft:powder_snow 81 169 101 -0.16987465447619482
minecraft:powder_snow 118 198 46 -0.036364422419257893
minecraft:powder_snow 27 227 119 0.42874893442779888
minecraft:packed_ice 0 -64 0 0.16356477054824106
minecraft:packed_ice 37 -35 73 -0.41124804682218408
minecraft:packed_ice 74 -6 18 0.44020568664211202
minecraft:packed_ice 111 23 91 -0.17682768257792075
minecraft:packed_ice 20 52 36 -0.40977832671157444
minecraft:packed_ice 57 81 109 0.41924358794284583
minecraft:packed_ice 94 110 54 0.260254938852719
minecraft:packed_ice 3 139 127 0.70252058855358057
minecraft:packed_ice 40 168 72 -0.11947284931537189
minecraft:packed_ice 77 197 17 0.22072606126892536
minecraft:packed_ice 114 226 90 0.31158325674404086
minecraft:packed_ice 23 255 35 0.20444032107218107
minecraft:packed_ice 60 284 108 -0.51943065477253214
minecraft:packed_ice 97 313 53 0.13193047311636599
minecraft:packed_ice 6 -42 126 -0.19261940754062307
minecraft:packed_ice 43 -13 71 -0.36694070931486622
minecraft:packed_ice 80 16 16 0.16475171307608519
minecraft:packed_ice 117 45 89 -0.029683615285503652
minecraft:packed_ice 26 74 34 -0.26547558815195937
minecraft:packed_ice 63 103 107 0.47981547800629515
minecraft:packed_ice 100 132 52 0.011695018430313786
minecraft:packed_ice 9 161 125 0.51995618211642924
minecraft:packed_ice 46 190 70 -0.10207862101734894
minecraft:packed_ice 83 219 15 0.074800253620313506
minecraft:packed_ice 120 248 88 0.15975778195543167
minecraft:packed_ice 29 277 33 0.38298146699571367
minecraft:packed_ice 66 306 106 -0.65349478421301144
minecraft:packed_ice 103 -49 51 -0.10458106137257062
minecraft:packed_ice 12 -20 124 -0.32491037300063158
minecraft:packed_ice 49 9 69 -0.22265560781831209
minecraft:packed_ice 86 38 14 -0.23594929546604343
minecraft:packed_ice 123 67 87 -0.15397373258862873
minecraft:packed_ice 32 96 32 -0.23810071403084965
minecraft:packed_ice 69 125 105 0.73209611037458866
minecraft:packed_ice 106 154 50 0.22885998387882625
minecraft:packed_ice 15 183 123 0.19651745914096511
minecraft:packed_ice 52 212 68 0.12940392283638008
minecraft:packed_ice 89 241 13 0.082785343807774719
minecraft:packed_ice 126 270 86 0.05631005716201043
minecraft:packed_ice 35 299 31 0.31347555232837421
minecraft:packed_ice 72 -56 104 -0.41613198639467447
minecraft:packed_ice 109 -27 49 0.25453559532039405
minecraft:packed_ice 18 2 122 -0.18679655398112985
minecraft:packed_ice 55 31 67 -0.048362876972119231
minecraft:packed_ice 92 60 12 -0.35596776189097046
minecraft:packed_ice 1 89 85 0.025578801241202931
minecraft:packed_ice 38 118 30 -0.1300631189788298
minecraft:packed_ice 75 147 103 0.39318331891300101
minecraft:packed_ice 112 176 48 0.27723987099473701
minecraft:packed_ice 21 205 121 0.18818670717655378
minecraft:packed_ice 58 234 66 0.41876239090674022
minecraft:packed_ice 95 263 11 0.017095590249237697
minecraft:packed_ice 4 292 84 0.14892534161124193
minecraft:packed_ice 41 -63 29 0.19808703377678355
minecraft:packed_ice 78 -34 102 -0.24945083896017084
minecraft:packed_ice 115 -5 47 0.46576386237612849
minecraft:packed_ice 24 24 120 -0.17790468423118991
minecraft:packed_ice 61 53 65 0.13574357644637541
minecraft:packed_ice 98 82 10 -0.086662509517229536
minecraft:packed_ice 7 111 83 -0.046289938019186794
minecraft:packed_ice 44 140 28 -0.2758626036456574
minecraft:packed_ice 81 169 101 -0.049611841065988996
minecraft:packed_ice 118 198 46 0.38746520726430728
minecraft:packed_ice 27 227 119 0.31219454402351832
minecraft:ice 0 -64 0 0.36823640160138982
minecraft:ice 37 -35 73 -0.10692226001604563
minecraft:ice 74 -6 18 0.14573379176120255
minecraft:ice 111 23 91 -0.19677955812211828
minecraft:ice 20 52 36 -0.046704024483895247
minecraft:ice 57 81 109 0.14592919436265944
minecraft:ice 94 110 54 -0.14933864491615123
minecraft:ice 3 139 127 -0.73449944954028423
minecraft:ice 40 168 72 -0.50764283390374865
minecraft:ice 77 197 17 0.10986540760825676
minecraft:ice 114 226 90 0.29057411920570148
minecraft:ice 23 255 35 0.073134510210664277
minecraft:ice 60 284 108 0.46556992543025277
minecraft:ice 97 313 53 0.093843125602572158
minecraft:ice 6 -42 126 -0.49926295346938476
minecraft:ice 43 -13 71 -0.29820026937363131
minecraft:ice 80 16 16 -0.53349845669613993
minecraft:ice 117 45 89 0.059641612833481086
minecraft:ice 26 74 34 0.39323309155325914
minecraft:ice 63 103 107 -0.29040714665239564
minecraft:ice 100 132 52 -0.18050531113534213
minecraft:ice 9 161 125 -0.43624116975194555
minecraft:ice 46 190 70 0.082256121593166198
minecraft:ice 83 219 15 0.26380029588959558
minecraft:ice 120 248 88 -0.31047936602773696
minecraft:ice 29 277 33 0.38054301428008896
minecraft:ice 66 306 106 -0.63717416380645375
minecraft:ice 103 -49 51 0.23077414232282595
minecraft:ice 12 -20 124 -0.32735084409368898
minecraft:ice 49 9 69 0.18515344618593055
minecraft:ice 86 38 14 0.020166956574006165
minecraft:ice 123 67 87 0.085229621291456628
minecraft:ice 32 96 32 -0.76310983551145251
minecraft:ice 69 125 105 -0.078923105207893487
minecraft:ice 106 154 50 -0.4913280928111084
minecraft:ice 15 183 123 -0.069320946377611062
minecraft:ice 52 212 68 -0.043338102860223784
minecraft:ice 89 241 13 -0.62034507170885489
minecraft:ice 126 270 86 0.044809800377798727
minecraft:ice 35 299 31 0.34556386277146722
minecraft:ice 72 -56 104 0.17414766540450616
minecraft:ice 109 -27 49 -0.049460459533090417
minecraft:ice 18 2 122 -0.35950661938444384
minecraft:ice 55 31 67 -0.046613508115711189
minecraft:ice 92 60 12 0.52026494195903972
minecraft:ice 1 89 85 -0.10415524210368765
minecraft:ice 38 118 30 0.41444086132207902
minecraft:ice 75 147 103 -0.35811027880131052
minecraft:ice 112 176 48 -0.10960691937383674
minecraft:ice 21 205 121 0.048018682662553935
minecraft:ice 58 234 66 0.49857854166762361
minecraft:ice 95 263 11 -0.55590309491045109
minecraft:ice 4 292 84 -0.28623665232696321
minecraft:ice 41 -63 29 0.36303546130636744
minecraft:ice 78 -34 102 -0.26729977356545109
minecraft:ice 115 -5 47 -0.4609909759703732
minecraft:ice 24 24 120 -0.90204824121383553
minecraft:ice 61 53 65 -0.38650309013105627
minecraft:ice 98 82 10 -0.016281086498698187
minecraft:ice 7 111 83 -0.26915586557320448
minecraft:ice 44 140 28 -0.38573760048577804
minecraft:ice 81 169 101 -0.45967281397927462
minecraft:ice 118 198 46 -0.0088076199419565467
minecraft:ice 27 227 119 -0.46242692266102348
minecraft:soul_sand_layer 0 -64 0 0.6450379686562131
minecraft:soul_sand_layer 37 -35 73 0.58200982561631154
minecraft:soul_sand_layer 74 -6 18 0.68707352480059003
minecraft:soul_sand_layer 111 23 91 0.23896270270008263
minecraft:soul_sand_layer 20 52 36 0.79389710643873723
minecraft:soul_sand_layer 57 81 109 -0.1674063606714164
minecraft:soul_sand_layer 94 110 54 0.06421810339286961
minecraft:soul_sand_layer 3 139 127 0.45708168713169944
minecraft:soul_sand_layer 40 168 72 0.47504011924774892
minecraft:soul_sand_layer 77 197 17 0.1070099391200432
minecraft:soul_sand_layer 114 226 90 -0.097542063487185499
minecraft:soul_sand_layer 23 255 35 0.48129024503248813
minecraft:soul_sand_layer 60 284 108 0.93723176254561991
minecraft:soul_sand_layer 97 313 53 0.12806457455496459
minecraft:soul_sand_layer 6 -42 126 0.24463752596615027
minecraft:soul_sand_layer 43 -13 71 0.55019106211598856
minecraft:soul_sand_layer 80 16 16 0.4280221615948156
minecraft:soul_sand_layer 117 45 89 0.21769768004468928
minecraft:soul_sand_layer 26 74 34 0.64334727795572633
minecraft:soul_sand_layer 63 103 107 -0.0041031142519248878
minecraft:soul_sand_layer 100 132 52 0.20286444956344507
minecraft:soul_sand_layer 9 161 125 0.45935904382813536
minecraft:soul_sand_layer 46 190 70 0.39125882120194189
minecraft:soul_sand_layer 83 219 15 -0.0010669958499032043
minecraft:soul_sand_layer 120 248 88 0.047526877549423398
minecraft:soul_sand_layer 29 277 33 0.39354906167832154
minecraft:soul_sand_layer 66 306 106 0.84419057200316927
minecraft:soul_sand_layer 103 -49 51 0.58107859724565092
minecraft:soul_sand_layer 12 -20 124 0.20516229125779917
minecraft:soul_sand_layer 49 9 69 0.56912091114138597
minecraft:soul_sand_layer 86 38 14 0.43957280141149024
minecraft:soul_sand_layer 123 67 87 0.0080445416372365835
minecraft:soul_sand_layer 32 96 32 0.55619885467648489
minecraft:soul_sand_layer 69 125 105 0.12229626558730489
minecraft:soul_sand_layer 106 154 50 0.24921242256181647
minecraft:soul_sand_layer 15 183 123 0.45452489773920257
minecraft:soul_sand_layer 52 212 68 0.35278006017040942
minecraft:soul_sand_layer 89 241 13 -0.083135487229118565
minecraft:soul_sand_layer 126 270 86 0.095368055048902431
minecraft:soul_sand_layer 35 299 31 0.30396457566872231
minecraft:soul_sand_layer 72 -56 104 0.58583326850786943
minecraft:soul_sand_layer 109 -27 49 0.78709228542504428
minecraft:soul_sand_layer 18 2 122 0.29927971745239001
minecraft:soul_sand_layer 55 31 67 0.54177787157616275
minecraft:soul_sand_layer 92 60 12 0.41348545909300205
minecraft:soul_sand_layer 1 89 85 0.38337944340535307
minecraft:soul_sand_layer 38 118 30 0.61939092434068177
minecraft:soul_sand_layer 75 147 103 0.14208464035554219
minecraft:soul_sand_layer 112 176 48 0.039375864387701819
minecraft:soul_sand_layer 21 205 121 0.52767381777895939
minecraft:soul_sand_layer 58 234 66 0.54252693674418395
minecraft:soul_sand_layer 95 263 11 -0.24335770549138369
minecraft:soul_sand_layer 4 292 84 0.85450266989360724
minecraft:soul_sand_layer 41 -63 29 0.79320924208852372
minecraft:soul_sand_layer 78 -34 102 0.5278465699679612
minecraft:soul_sand_layer 115 -5 47 0.62367216367522982
minecraft:soul_sand_layer 24 24 120 0.19414798507867037
minecraft:soul_sand_layer 61 53 65 0.40723886115686342
minecraft:soul_sand_layer 98 82 10 0.23206359884795397
minecraft:soul_sand_layer 7 111 83 0.47991610191301781
minecraft:soul_sand_layer 44 140 28 0.40713539143323868
minecraft:soul_sand_layer 81 169 101 0.089733312793485231
minecraft:soul_sand_layer 118 198 46 -0.060635842167437705
minecraft:soul_sand_layer 27 227 119 0.59239253102144374
minecraft:gravel_layer 0 -64 0 0.08361776766890805
minecraft:gravel_layer 37 -35 73 -0.35302364290283988
minecraft:gravel_layer 74 -6 18 -0.22313699183682467
minecraft:gravel_layer 111 23 91 -0.20780570670212217
minecraft:gravel_layer 20 52 36 -0.43350957722764316
minecraft:gravel_layer 57 81 109 -0.54965108911467608
minecraft:gravel_layer 94 110 54 -0.45480985096840232
minecraft:gravel_layer 3 139 127 -0.30835229568299283
minecraft:gravel_layer 40 168 72 -0.0036082191704659146
minecraft:gravel_layer 77 197 17 0.21227486977143123
minecraft:gravel_layer 114 226 90 -0.4179085368500231
minecraft:gravel_layer 23 255 35 0.21694627723231211
minecraft:gravel_layer 60 284 108 0.12674667302498349
minecraft:gravel_layer 97 313 53 -0.39234645219825137
minecraft:gravel_layer 6 -42 126 -0.24986080444242392
minecraft:gravel_layer 43 -13 71 -0.38873533840416741
minecraft:gravel_layer 80 16 16 -0.12449104809365215
minecraft:gravel_layer 117 45 89 -0.19472660689481072
minecraft:gravel_layer 26 74 34 -0.49165566743735556
minecraft:gravel_layer 63 103 107 -0.7039817490950615
minecraft:gravel_layer 100 132 52 -0.28684639431518533
minecraft:gravel_layer 9 161 125 -0.015728111414282493
minecraft:gravel_layer 46 190 70 0.23461525763552429
minecraft:gravel_layer 83 219 15 0.13574440525023046
minecraft:gravel_layer 120 248 88 -0.44255739704635799
minecraft:gravel_layer 29 277 33 0.054866554645881763
minecraft:gravel_layer 66 306 106 -0.029300944746722984
minecraft:gravel_layer 103 -49 51 0.22426294461808963
minecraft:gravel_layer 12 -20 124 -0.29612158105088443
minecraft:gravel_layer 49 9 69 -0.43997078195060907
minecraft:gravel_layer 86 38 14 0.098996000720776162
minecraft:gravel_layer 123 67 87 -0.30003673893719834
minecraft:gravel_layer 32 96 32 -0.44810489791678271
minecraft:gravel_layer 69 125 105 -0.56888665581212672
minecraft:gravel_layer 106 154 50 -0.2196755557215905
minecraft:gravel_layer 15 183 123 0.22714493643462294
minecraft:gravel_layer 52 212 68 0.24363887997576103
minecraft:gravel_layer 89 241 13 -0.1224141388948604
minecraft:gravel_layer 126 270 86 -0.41398262732362889
minecraft:gravel_layer 35 299 31 -0.084818727525791407
minecraft:gravel_layer 72 -56 104 -0.37623479500480123
minecraft:gravel_layer 109 -27 49 0.08499739229326965
minecraft:gravel_layer 18 2 122 -0.3201223479359695
minecraft:gravel_layer 55 31 67 -0.54629613456604809
minecraft:gravel_layer 92 60 12 0.07448344856346259
minecraft:gravel_layer 1 89 85 -0.78056347881592802
minecraft:gravel_layer 38 118 30 -0.23016279759170774
minecraft:gravel_layer 75 147 103 -0.43774734907585183
minecraft:gravel_layer 112 176 48 -0.24009466282466208
minecraft:gravel_layer 21 205 121 0.30628860499378102
minecraft:gravel_layer 58 234 66 0.16845542263493754
minecraft:gravel_layer 95 263 11 -0.35414091983624002
minecraft:gravel_layer 4 292 84 0.22348715749903433
minecraft:gravel_layer 41 -63 29 0.084355004019074156
minecraft:gravel_layer 78 -34 102 -0.34743781392040829
minecraft:gravel_layer 115 -5 47 -0.11150522059391345
minecraft:gravel_layer 24 24 120 -0.41439366064393401
minecraft:gravel_layer 61 53 65 -0.74129131064529408
minecraft:gravel_layer 98 82 10 0.040108664286474249
minecraft:gravel_layer 7 111 83 -0.65630234244964647
minecraft:gravel_layer 44 140 28 0.11167054365608596
minecraft:gravel_layer 81 169 101 -0.35742609046435631
minecraft:gravel_layer 118 198 46 -0.25640810143158943
minecraft:gravel_layer 27 227 119 0.3998304457656543
minecraft:patch 0 -64 0 -0.11617723690985986
minecraft:patch 37 -35 73 0.20343703547333888
minecraft:patch 74 -6 18 0.4076076611750773
minecraft:patch 111 23 91 0.4425454930170169
minecraft:patch 20 52 36 -0.30801692327573466
minecraft:patch 57 81 109 -0.065947204515426336
minecraft:patch 94 110 54 0.076677014865364379
minecraft:patch 3 139 127 -0.24777193281208781
minecraft:patch 40 168 72 0.020194211209002041
minecraft:patch 77 197 17 -0.10172456945259435
minecraft:patch 114 226 90 -0.016145117040860798
minecraft:patch 23 255 35 -0.50948100101645666
minecraft:patch 60 284 108 -0.28140094581983777
minecraft:patch 97 313 53 -0.065466662126874908
minecraft:patch 6 -42 126 -0.50513878059554285
minecraft:patch 43 -13 71 -0.25921219888562519
minecraft:patch 80 16 16 -0.31510530807714754
minecraft:patch 117 45 89 -0.087745504535723939
minecraft:patch 26 74 34 -0.075352223729198725
minecraft:patch 63 103 107 -0.28294720428309073
minecraft:patch 100 132 52 0.2168098167266477
minecraft:patch 9 161 125 0.23675765548635833
minecraft:patch 46 190 70 -0.19678746402717762
minecraft:patch 83 219 15 -0.034112469925270249
minecraft:patch 120 248 88 -0.044461128187627146
minecraft:patch 29 277 33 -0.1006096163605488
minecraft:patch 66 306 106 -0.28565219182524687
minecraft:patch 103 -49 51 0.21564546776923557
minecraft:patch 12 -20 124 0.32952278460184492
minecraft:patch 49 9 69 0.41207977124989076
minecraft:patch 86 38 14 0.1565711244040478
minecraft:patch 123 67 87 0.39684458497406483
minecraft:patch 32 96 32 0.1817456290043151
minecraft:patch 69 125 105 -0.056744330371780283
minecraft:patch 106 154 50 -0.2583555370142997
minecraft:patch 15 183 123 0.033131696944612855
minecraft:patch 52 212 68 -0.27876788091807014
minecraft:patch 89 241 13 0.22566629916099609
minecraft:patch 126 270 86 -0.12077946955125142
minecraft:patch 35 299 31 -0.14295669299105396
minecraft:patch 72 -56 104 0.21386698416538522
minecraft:patch 109 -27 49 0.36381552102931719
minecraft:patch 18 2 122 0.1866427869808244
minecraft:patch 55 31 67 0.2153921525442743
minecraft:patch 92 60 12 -0.11693130044669138
minecraft:patch 1 89 85 -0.045022646027342884
minecraft:patch 38 118 30 0.16224363781374448
minecraft:patch 75 147 103 -0.039750989582182573
minecraft:patch 112 176 48 -0.21929433121902273
minecraft:patch 21 205 121 -0.068059583308434479
minecraft:patch 58 234 66 0.035739696605664506
minecraft:patch 95 263 11 -0.30408074934323492
minecraft:patch 4 292 84 -0.14663639741543172
minecraft:patch 41 -63 29 0.31071431441476705
minecraft:patch 78 -34 102 0.22388453940179046
minecraft:patch 115 -5 47 -0.12467931848481457
minecraft:patch 24 24 120 -0.22619728944547937
minecraft:patch 61 53 65 -0.35550491429431669
minecraft:patch 98 82 10 0.22198937775192212
minecraft:patch 7 111 83 0.13756374769149779
minecraft:patch 44 140 28 -0.39651623543271486
minecraft:patch 81 169 101 -0.27681652616724906
minecraft:patch 118 198 46 0.07267825635715161
minecraft:patch 27 227 119 0.30607109756833095
minecraft:netherrack 0 -64 0 -0.23700775329720519
minecraft:netherrack 37 -35 73 -0.27739537980476553
minecraft:netherrack 74 -6 18 0.35209489327525789
minecraft:netherrack 111 23 91 -0.0011573478411122846
minecraft:netherrack 20 52 36 -0.18754024410626974
minecraft:netherrack 57 81 109 0.45431434591685171
minecraft:netherrack 94 110 54 -0.52429491177432497
minecraft:netherrack 3 139 127 -0.14630577763867419
minecraft:netherrack 40 168 72 0.16220709108925174
minecraft:netherrack 77 197 17 -0.65140858632232312
minecraft:netherrack 114 226 90 -0.10773211857860934
minecraft:netherrack 23 255 35 -0.080204472944386429
minecraft:netherrack 60 284 108 -0.59622686910357969
minecraft:netherrack 97 313 53 0.36529341784540037
minecraft:netherrack 6 -42 126 0.71869900471683268
minecraft:netherrack 43 -13 71 0.13821906826270752
minecraft:netherrack 80 16 16 -0.16608329882616274
minecraft:netherrack 117 45 89 0.19183949018696103
minecraft:netherrack 26 74 34 0.222830525923088
minecraft:netherrack 63 103 107 0.27459385448278278
minecraft:netherrack 100 132 52 -0.1572196306792577
minecraft:netherrack 9 161 125 0.65316296565588527
minecraft:netherrack 46 190 70 -0.22180112830910753
minecraft:netherrack 83 219 15 -0.043316001070227317
minecraft:netherrack 120 248 88 -0.56281405390433747
minecraft:netherrack 29 277 33 -0.39240760295886612
minecraft:netherrack 66 306 106 0.074814425739239743
minecraft:netherrack 103 -49 51 0.62774798899705908
minecraft:netherrack 12 -20 124 0.098971153464972275
minecraft:netherrack 49 9 69 -0.11378972053000466
minecraft:netherrack 86 38 14 0.2125137716549691
minecraft:netherrack 123 67 87 0.14848741348735695
minecraft:netherrack 32 96 32 0.37321695820680062
minecraft:netherrack 69 125 105 -0.37307057061414001
minecraft:netherrack 106 154 50 0.016290835091748869
minecraft:netherrack 15 183 123 -0.12536283646155041
minecraft:netherrack 52 212 68 -0.13191839998339425
minecraft:netherrack 89 241 13 -0.089553638861008755
minecraft:netherrack 126 270 86 -0.56865925570075859
minecraft:netherrack 35 299 31 -0.20481871213223846
minecraft:netherrack 72 -56 104 0.24108405496214072
minecraft:netherrack 109 -27 49 0.15253431861451511
minecraft:netherrack 18 2 122 -0.15020574228242492
minecraft:netherrack 55 31 67 0.32946209829418871
minecraft:netherrack 92 60 12 -0.3533971555372849
minecraft:netherrack 1 89 85 0.4156279749472987
minecraft:netherrack 38 118 30 -0.41800391023047717
minecraft:netherrack 75 147 103 -0.0081802588157591505
minecraft:netherrack 112 176 48 0.082904467594818843
minecraft:netherrack 21 205 121 -0.18175053502407462
minecraft:netherrack 58 234 66 -0.46306614600929824
minecraft:netherrack 95 263 11 0.094477424184157083
minecraft:netherrack 4 292 84 -0.077525536669584449
minecraft:netherrack 41 -63 29 -0.044809771505405251
minecraft:netherrack 78 -34 102 0.13957574644759385
minecraft:netherrack 115 -5 47 0.40656737723672426
minecraft:netherrack 24 24 120 -0.22535655196387167
minecraft:netherrack 61 53 65 -0.319953441283507
minecraft:netherrack 98 82 10 0.33149626699650941
minecraft:netherrack 7 111 83 0.63080027435325015
minecraft:netherrack 44 140 28 0.11818102741401422
minecraft:netherrack 81 169 101 -0.092573748223853738
minecraft:netherrack 118 198 46 0.44290623075407154
minecraft:netherrack 27 227 119 -0.2576509887738862
minecraft:nether_wart 0 -64 0 0.15142137402350411
minecraft:nether_wart 37 -35 73 -0.14943055566998736
minecraft:nether_wart 74 -6 18 0.30718145949317976
minecraft:nether_wart 111 23 91 -0.080102093597870308
minecraft:nether_wart 20 52 36 0.32138827601780545
minecraft:nether_wart 57 81 109 -0.27744393080972429
minecraft:nether_wart 94 110 54 -0.4537399553789998
minecraft:nether_wart 3 139 127 -0.097377659468950412
minecraft:nether_wart 40 168 72 -0.091897047484398212
minecraft:nether_wart 77 197 17 0.12507044883508062
minecraft:nether_wart 114 226 90 -0.18555895022455365
minecraft:nether_wart 23 255 35 0.32672503749883153
minecraft:nether_wart 60 284 108 0.066875568430849811
minecraft:nether_wart 97 313 53 0.24847239872252005
minecraft:nether_wart 6 -42 126 -0.19629129261793615
minecraft:nether_wart 43 -13 71 0.11000778808814951
minecraft:nether_wart 80 16 16 -0.75570074423184708
minecraft:nether_wart 117 45 89 -0.30185341877667438
minecraft:nether_wart 26 74 34 0.48617199489187024
minecraft:nether_wart 63 103 107 -0.052412340944543313
minecraft:nether_wart 100 132 52 -0.0038600329542044691
minecraft:nether_wart 9 161 125 0.029251549995995399
minecraft:nether_wart 46 190 70 0.097600892694565539
minecraft:nether_wart 83 219 15 -0.071464309508587509
minecraft:nether_wart 120 248 88 0.12668860025411743
minecraft:nether_wart 29 277 33 -0.61776649066434874
minecraft:nether_wart 66 306 106 0.21911127097849059
minecraft:nether_wart 103 -49 51 -0.091731841400239114
minecraft:nether_wart 12 -20 124 -0.16466232408627679
minecraft:nether_wart 49 9 69 -0.3452867460372564
minecraft:nether_wart 86 38 14 -0.066617369384077169
minecraft:nether_wart 123 67 87 0.4199127322827777
minecraft:nether_wart 32 96 32 -0.069259736408180408
minecraft:nether_wart 69 125 105 0.40632092004571213
minecraft:nether_wart 106 154 50 -0.25523178877850572
minecraft:nether_wart 15 183 123 0.25597870366507008
minecraft:nether_wart 52 212 68 0.1998982905642081
minecraft:nether_wart 89 241 13 0.12931800828003376
minecraft:nether_wart 126 270 86 -0.018314857234217365
minecraft:nether_wart 35 299 31 0.55186010710641864
minecraft:nether_wart 72 -56 104 0.37724946470823212
minecraft:nether_wart 109 -27 49 -0.042210394277065889
minecraft:nether_wart 18 2 122 -0.39675163707955818
minecraft:nether_wart 55 31 67 -0.072764638887294675
minecraft:nether_wart 92 60 12 -0.051871090626185591
minecraft:nether_wart 1 89 85 -0.17125583079018683
minecraft:nether_wart 38 118 30 -0.023120248759192514
minecraft:nether_wart 75 147 103 -0.20844828914178148
minecraft:nether_wart 112 176 48 0.045142573901357216
minecraft:nether_wart 21 205 121 -0.16832980170451575
minecraft:nether_wart 58 234 66 0.60011643587747876
minecraft:nether_wart 95 263 11 0.063489740887283763
minecraft:nether_wart 4 292 84 -0.3020367425438012
minecraft:nether_wart 41 -63 29 0.35479857617503596
minecraft:nether_wart 78 -34 102 0.27349349644747967
minecraft:nether_wart 115 -5 47 -0.033835970321139365
minecraft:nether_wart 24 24 120 0.041195892534809542
minecraft:nether_wart 61 53 65 0.025959786408699448
minecraft:nether_wart 98 82 10 0.11576444487452393
minecraft:nether_wart 7 111 83 0.26974222647490098
minecraft:nether_wart 44 140 28 -0.20038140696233722
minecraft:nether_wart 81 169 101 -0.0094387171214642684
minecraft:nether_wart 118 198 46 -0.14021419530863491
minecraft:nether_wart 27 227 119 -0.42090717482807993
minecraft:nether_state_selector 0 -64 0 0.32844103076221892
minecraft:nether_state_selector 37 -35 73 0.098504314534162155
minecraft:nether_state_selector 74 -6 18 0.017405405183704842
minecraft:nether_state_selector 111 23 91 -0.18949953753930648
minecraft:nether_state_selector 20 52 36 0.016166286415447647
minecraft:nether_state_selector 57 81 109 0.025939345359620166
minecraft:nether_state_selector 94 110 54 -0.42831487208599478
minecraft:nether_state_selector 3 139 127 -0.16049737875952427
minecraft:nether_state_selector 40 168 72 -0.063314087449035036
minecraft:nether_state_selector 77 197 17 -0.050721837315732168
minecraft:nether_state_selector 114 226 90 -0.010186495198073926
minecraft:nether_state_selector 23 255 35 -0.047707544864453395
minecraft:nether_state_selector 60 284 108 0.29077672594480491
minecraft:nether_state_selector 97 313 53 -0.10130391817192408
minecraft:nether_state_selector 6 -42 126 0.16753190693225367
minecraft:nether_state_selector 43 -13 71 0.16541516063592993
minecraft:nether_state_selector 80 16 16 0.433553487952825
minecraft:nether_state_selector 117 45 89 -0.55176531960802722
minecraft:nether_state_selector 26 74 34 0.2615922997768747
minecraft:nether_state_selector 63 103 107 0.30560649151676306
minecraft:nether_state_selector 100 132 52 -0.25338213876858501
minecraft:nether_state_selector 9 161 125 -0.34322417154766621
minecraft:nether_state_selector 46 190 70 -0.08017532240844083
minecraft:nether_state_selector 83 219 15 -0.073998396126009211
minecraft:nether_state_selector 120 248 88 -0.52247676559781941
minecraft:nether_state_selector 29 277 33 -0.21650668070025866
minecraft:nether_state_selector 66 306 106 0.22703003200062213
minecraft:nether_state_selector 103 -49 51 -0.28885538614033701
minecraft:nether_state_selector 12 -20 124 0.045659335565366901
minecraft:nether_state_selector 49 9 69 0.35390560786892933
minecraft:nether_state_selector 86 38 14 0.68758586044488679
minecraft:nether_state_selector 123 67 87 0.65852230235024689
minecraft:nether_state_selector 32 96 32 -0.21400219094453871
minecraft:nether_state_selector 69 125 105 0.13067121965091985
minecraft:nether_state_selector 106 154 50 -0.44525519927693968
minecraft:nether_state_selector 15 183 123 -0.09164533523595432
minecraft:nether_state_selector 52 212 68 0.21643131369637986
minecraft:nether_state_selector 89 241 13 0.23187177242352805
minecraft:nether_state_selector 126 270 86 0.22228572382311446
minecraft:nether_state_selector 35 299 31 0.028262325682418033
minecraft:nether_state_selector 72 -56 104 -0.52116681715080548
minecraft:nether_state_selector 109 -27 49 0.52543038107845441
minecraft:nether_state_selector 18 2 122 -0.00034407343322144046
minecraft:nether_state_selector 55 31 67 0.025344543968015922
minecraft:nether_state_selector 92 60 12 -0.35054566018451677
minecraft:nether_state_selector 1 89 85 -0.39766619721165097
minecraft:nether_state_selector 38 118 30 0.063451211287808021
minecraft:nether_state_selector 75 147 103 0.43684213931027055
minecraft:nether_state_selector 112 176 48 -0.023995726682838957
minecraft:nether_state_selector 21 205 121 -0.34931382145440448
minecraft:nether_state_selector 58 234 66 -0.06354880564563628
minecraft:nether_state_selector 95 263 11 -0.39573765005766093
minecraft:nether_state_selector 4 292 84 0.41137173410960076
minecraft:nether_state_selector 41 -63 29 -0.0017143169900434943
minecraft:nether_state_selector 78 -34 102 0.49410170877102677
minecraft:nether_state_selector 115 -5 47 -0.6689284426189962
minecraft:nether_state_selector 24 24 120 0.52225910509490203
minecraft:nether_state_selector 61 53 65 0.27079599328144238
minecraft:nether_state_selector 98 82 10 -0.13792256972931558
minecraft:nether_state_selector 7 111 83 -0.048970006378455687
minecraft:nether_state_selector 44 140 28 0.30537959057248681
minecraft:nether_state_selector 81 169 101 0.60201418302917709
minecraft:nether_state_selector 118 198 46 -0.28254729837105386
minecraft:nether_state_selector 27 227 119 -0.13738546157550258
