minecraft:temperature 0 -64 0 -0.13674277898745976
minecraft:temperature 37 -35 73 -0.12313273617413813
minecraft:temperature 74 -6 18 -0.17321419232597500
minecraft:temperature 111 23 91 -0.19282286622705339
minecraft:temperature 20 52 36 -0.10402190818052956
minecraft:temperature 57 81 109 -0.058390302812417990
minecraft:temperature 94 110 54 -0.039048750851636710
minecraft:temperature 3 139 127 0.0099453227567881940
minecraft:temperature 40 168 72 0.013869624721729451
minecraft:temperature 77 197 17 -0.034456144309205200
minecraft:temperature 114 226 90 0.0078194836597115030
minecraft:temperature 23 255 35 -0.095195820943836250
minecraft:temperature 60 284 108 -0.055295590632375020
minecraft:temperature 97 313 53 -0.095888001179942340
minecraft:temperature 6 -42 126 -0.037829610886834080
minecraft:temperature 43 -13 71 -0.12694762647783875
minecraft:temperature 80 16 16 -0.15816428317050651
minecraft:temperature 117 45 89 -0.17345888291997940
minecraft:temperature 26 74 34 -0.091010540970087050
minecraft:temperature 63 103 107 -0.028789857860872860
minecraft:temperature 100 132 52 -0.010323170346780222
minecraft:temperature 9 161 125 0.030390720423987860
minecraft:temperature 46 190 70 0.0075681221290307270
minecraft:temperature 83 219 15 -0.056775169053184350
minecraft:temperature 120 248 88 -0.014403960306505412
minecraft:temperature 29 277 33 -0.11180664236694421
minecraft:temperature 66 306 106 -0.075423495902595000
minecraft:temperature 103 -49 51 -0.21231417894931048
minecraft:temperature 12 -20 124 -0.051136728192787350
minecraft:temperature 49 9 69 -0.12429070926901577
minecraft:temperature 86 38 14 -0.13739830963660668
minecraft:temperature 123 67 87 -0.14741583981990220
minecraft:temperature 32 96 32 -0.069808041621119170
minecraft:temperature 69 125 105 0.0027337694733518130
minecraft:temperature 106 154 50 0.0076370358592445230
minecraft:temperature 15 183 123 0.040294084237501894
minecraft:temperature 52 212 68 -0.011983737175356515
minecraft:temperature 89 241 13 -0.078165885927870410
minecraft:temperature 126 270 86 -0.033673546492010260
minecraft:temperature 35 299 31 -0.12196021146363076
minecraft:temperature 72 -56 104 -0.17441652128252885
minecraft:temperature 109 -27 49 -0.21850607476329620
minecraft:temperature 18 2 122 -0.061073246413310620
minecraft:temperature 55 31 67 -0.11587970650245895
minecraft:temperature 92 60 12 -0.11135613170111605
minecraft:temperature 1 89 85 -0.059056182801245916
minecraft:temperature 38 118 30 -0.046430206459395460
minecraft:temperature 75 147 103 0.027885020705171217
minecraft:temperature 112 176 48 0.011553443881076632
minecraft:temperature 21 205 121 0.036035401091554820
minecraft:temperature 58 234 66 -0.039199002782827100
minecraft:temperature 95 263 11 -0.091138904030615030
minecraft:temperature 4 292 84 -0.082033125687029990
minecraft:temperature 41 -63 29 -0.14929476477099202
minecraft:temperature 78 -34 102 -0.18418381765932149
minecraft:temperature 115 -5 47 -0.21285340041270376
minecraft:temperature 24 24 120 -0.066908835011182140
minecraft:temperature 61 53 65 -0.10155576341313305
minecraft:temperature 98 82 10 -0.080277493491503510
minecraft:temperature 7 111 83 -0.038776212113020084
minecraft:temperature 44 140 28 -0.028405109424584594
minecraft:temperature 81 169 101 0.040220441995234904
minecraft:temperature 118 198 46 0.0022326869846425387
minecraft:temperature 27 227 119 0.018348075540609403
minecraft:vegetation 0 -64 0 -0.31500606824709826
minecraft:vegetation 37 -35 73 0.048208332780758310
minecraft:vegetation 74 -6 18 0.13887322994963838
minecraft:vegetation 111 23 91 0.25536981633401370
minecraft:vegetation 20 52 36 0.082443800343564380
minecraft:vegetation 57 81 109 0.12743944827865017
minecraft:vegetation 94 110 54 0.15240245168004430
minecraft:vegetation 3 139 127 0.10971264265658073
minecraft:vegetation 40 168 72 0.42675131536933390
minecraft:vegetation 77 197 17 0.52236981343512060
minecraft:vegetation 114 226 90 0.40609097778430180
minecraft:vegetation 23 255 35 0.16166284025472047
minecraft:vegetation 60 284 108 -0.040451898406246835
minecraft:vegetation 97 313 53 -0.089778180457071990
minecraft:vegetation 6 -42 126 0.33997982163482776
minecraft:vegetation 43 -13 71 0.093155562549027720
minecraft:vegetation 80 16 16 0.16978336013606654
minecraft:vegetation 117 45 89 0.17836935748574537
minecraft:vegetation 26 74 34 0.085467946064580910
minecraft:vegetation 63 103 107 0.19941302286496107
minecraft:vegetation 100 132 52 0.19424471506319058
minecraft:vegetation 9 161 125 0.19538678592733750
minecraft:vegetation 46 190 70 0.41735429733654120
minecraft:vegetation 83 219 15 0.49888893098687526
minecraft:vegetation 120 248 88 0.35372260839405717
minecraft:vegetation 29 277 33 0.096300725712023940
minecraft:vegetation 66 306 106 -0.088326783450131940
minecraft:vegetation 103 -49 51 0.27743753229522180
minecraft:vegetation 12 -20 124 0.31215076166073590
minecraft:vegetation 49 9 69 0.12574449169195145
minecraft:vegetation 86 38 14 0.14063516042764550
minecraft:vegetation 123 67 87 0.092021405051577580
minecraft:vegetation 32 96 32 0.13927661680865547
minecraft:vegetation 69 125 105 0.27765854939241570
minecraft:vegetation 106 154 50 0.27870980616340074
minecraft:vegetation 15 183 123 0.19468572460534328
minecraft:vegetation 52 212 68 0.33532688144756650
minecraft:vegetation 89 241 13 0.42401689694863987
minecraft:vegetation 126 270 86 0.26287748750196910
minecraft:vegetation 35 299 31 0.091445402469514310
minecraft:vegetation 72 -56 104 0.15796422742195865
minecraft:vegetation 109 -27 49 0.35670878440171580
minecraft:vegetation 18 2 122 0.27696797449132193
minecraft:vegetation 55 31 67 0.12812416796080900
minecraft:vegetation 92 60 12 0.069189745543200430
minecraft:vegetation 1 89 85 0.026105823154377680
minecraft:vegetation 38 118 30 0.23161581642531226
minecraft:vegetation 75 147 103 0.35988529604622344
minecraft:vegetation 112 176 48 0.37366994789112050
minecraft:vegetation 21 205 121 0.12862183908611538
minecraft:vegetation 58 234 66 0.23558528769932440
minecraft:vegetation 95 263 11 0.31735853442671536
minecraft:vegetation 4 292 84 -0.087695704396437510
minecraft:vegetation 41 -63 29 -0.054237102102510160
minecraft:vegetation 78 -34 102 0.18072172043274330
minecraft:vegetation 115 -5 47 0.41256584162063290
minecraft:vegetation 24 24 120 0.19711530233244182
minecraft:vegetation 61 53 65 0.12683779058917952
minecraft:vegetation 98 82 10 -0.0048236211198164460
minecraft:vegetation 7 111 83 0.098017706693748120
minecraft:vegetation 44 140 28 0.33987711345380767
minecraft:vegetation 81 169 101 0.41901510801565667
minecraft:vegetation 118 198 46 0.43118786780478920
minecraft:vegetation 27 227 119 0.066545276253469980
minecraft:continentalness 0 -64 0 0.10179258507182468
minecraft:continentalness 37 -35 73 -0.28389331577184257
minecraft:continentalness 74 -6 18 -0.47346077005897413
minecraft:continentalness 111 23 91 -0.015030670771328086
minecraft:continentalness 20 52 36 -0.40141874149474920
minecraft:continentalness 57 81 109 -0.43798155857080500
minecraft:continentalness 94 110 54 -0.61111488929451620
minecraft:continentalness 3 139 127 -0.62966040184700720
minecraft:continentalness 40 168 72 -0.98393305973208710
minecraft:continentalness 77 197 17 -0.67697396706981370
minecraft:continentalness 114 226 90 -1.0179888602484830
minecraft:continentalness 23 255 35 -1.0483214860820690
minecraft:continentalness 60 284 108 -0.98011159195395490
minecraft:continentalness 97 313 53 -0.73695735212864220
minecraft:continentalness 6 -42 126 -0.16821538353860738
minecraft:continentalness 43 -13 71 -0.39365381915034636
minecraft:continentalness 80 16 16 -0.56740611892272810
minecraft:continentalness 117 45 89 -0.10929907157903496
minecraft:continentalness 26 74 34 -0.40491716427033390
minecraft:continentalness 63 103 107 -0.59396971564615560
minecraft:continentalness 100 132 52 -0.75368034812232410
minecraft:continentalness 9 161 125 -0.71865763269321870
minecraft:continentalness 46 190 70 -0.96029749200247820
minecraft:continentalness 83 219 15 -0.73670203479975960
minecraft:continentalness 120 248 88 -1.1117465205422836
minecraft:continentalness 29 277 33 -1.1067387400311421
minecraft:continentalness 66 306 106 -0.97704672156951880
minecraft:continentalness 103 -49 51 -0.14899162501791968
minecraft:continentalness 12 -20 124 -0.18778218276637630
minecraft:continentalness 49 9 69 -0.37541845823015807
minecraft:continentalness 86 38 14 -0.67194415330440170
minecraft:continentalness 123 67 87 -0.17704807856063567
minecraft:continentalness 32 96 32 -0.58182205706658650
minecraft:continentalness 69 125 105 -0.78513902673914500
minecraft:continentalness 106 154 50 -0.68946110067185330
minecraft:continentalness 15 183 123 -0.76439292329739170
minecraft:continentalness 52 212 68 -1.0670480343325282
minecraft:continentalness 89 241 13 -0.85644449178751600
minecraft:continentalness 126 270 86 -1.0102863984533619
minecraft:continentalness 35 299 31 -1.1035000256804446
minecraft:continentalness 72 -56 104 -0.035314631122012590
minecraft:continentalness 109 -27 49 -0.21102093528088958
minecraft:continentalness 18 2 122 -0.038329973806986690
minecraft:continentalness 55 31 67 -0.40930371480680190
minecraft:continentalness 92 60 12 -0.72656501070624970
minecraft:continentalness 1 89 85 -0.58698711087720780
minecraft:continentalness 38 118 30 -0.71945245287296220
minecraft:continentalness 75 147 103 -0.83637809553103000
minecraft:continentalness 112 176 48 -0.68672092229637280
minecraft:continentalness 21 205 121 -0.69323177999232250
minecraft:continentalness 58 234 66 -0.95833117094189620
minecraft:continentalness 95 263 11 -0.90503099303091760
minecraft:continentalness 4 292 84 -0.99293468928242470
minecraft:continentalness 41 -63 29 -0.032053794076261040
minecraft:continentalness 78 -34 102 -0.073137189812972110
minecraft:continentalness 115 -5 47 -0.37138677208957180
minecraft:continentalness 24 24 120 0.054286515760355140
minecraft:continentalness 61 53 65 -0.42690055864743620
minecraft:continentalness 98 82 10 -0.70512771630839640
minecraft:continentalness 7 111 83 -0.83881451501155050
minecraft:continentalness 44 140 28 -0.70456528985715520
minecraft:continentalness 81 169 101 -0.87338420176519560
minecraft:continentalness 118 198 46 -0.66590683937700010
minecraft:continentalness 27 227 119 -0.69857592276179370
minecraft:erosion 0 -64 0 -0.030954768394100830
minecraft:erosion 37 -35 73 -0.16973144177530080
minecraft:erosion 74 -6 18 -0.10459282648936008
minecraft:erosion 111 23 91 -0.023126876042310732
minecraft:erosion 20 52 36 -0.10417668000445167
minecraft:erosion 57 81 109 -0.026453382183988630
minecraft:erosion 94 110 54 -0.058241790873908310
minecraft:erosion 3 139 127 0.20560961545909120
minecraft:erosion 40 168 72 0.087832366440855580
minecraft:erosion 77 197 17 -0.049564227483595714
minecraft:erosion 114 226 90 -0.16539713693245067
minecraft:erosion 23 255 35 0.0066330707615174070
minecraft:erosion 60 284 108 -0.047304211974356720
minecraft:erosion 97 313 53 -0.33202599698963230
minecraft:erosion 6 -42 126 -0.10903358164633950
minecraft:erosion 43 -13 71 -0.20254937931943190
minecraft:erosion 80 16 16 -0.055920693320609630
minecraft:erosion 117 45 89 0.060391165617747020
minecraft:erosion 26 74 34 -0.019079572954968500
minecraft:erosion 63 103 107 -0.00069304348279846670
minecraft:erosion 100 132 52 -0.11718198549160906
minecraft:erosion 9 161 125 0.17659416309538630
minecraft:erosion 46 190 70 0.074017474657801350
minecraft:erosion 83 219 15 -0.042165776696453670
minecraft:erosion 120 248 88 -0.16903465189982267
minecraft:erosion 29 277 33 -0.029582249139848978
minecraft:erosion 66 306 106 -0.13712007779736060
minecraft:erosion 103 -49 51 -0.11570920343143853
minecraft:erosion 12 -20 124 -0.085765889166639370
minecraft:erosion 49 9 69 -0.21720032588235064
minecraft:erosion 86 38 14 -0.096403523169316640
minecraft:erosion 123 67 87 0.075951268456004400
minecraft:erosion 32 96 32 -0.0042085413171112345
minecraft:erosion 69 125 105 -0.0034754059072645573
minecraft:erosion 106 154 50 -0.11686009226149893
minecraft:erosion 15 183 123 0.13143126096731730
minecraft:erosion 52 212 68 0.017273033082353426
minecraft:erosion 89 241 13 -0.064594210098604750
minecraft:erosion 126 270 86 -0.19598044182042815
minecraft:erosion 35 299 31 -0.19707374399609082
minecraft:erosion 72 -56 104 -0.15829177281956242
minecraft:erosion 109 -27 49 -0.15243626916529998
minecraft:erosion 18 2 122 -0.070147939348300690
minecraft:erosion 55 31 67 -0.17596538572548750
minecraft:erosion 92 60 12 -0.076897133745146500
minecraft:erosion 1 89 85 0.038474725767196480
minecraft:erosion 38 118 30 0.0048124862611718805
minecraft:erosion 75 147 103 -0.023958439978768276
minecraft:erosion 112 176 48 -0.12996909459920550
minecraft:erosion 21 205 121 0.13764164059625910
minecraft:erosion 58 234 66 -0.026674629659821800
minecraft:erosion 95 263 11 -0.13483426237455610
minecraft:erosion 4 292 84 0.039806610289626766
minecraft:erosion 41 -63 29 -0.12964290123793804
minecraft:erosion 78 -34 102 -0.12673973067700972
minecraft:erosion 115 -5 47 -0.10185164061533879
minecraft:erosion 24 24 120 -0.089884041846731990
minecraft:erosion 61 53 65 -0.11083346609688577
minecraft:erosion 98 82 10 -0.018325223181086012
minecraft:erosion 7 111 83 0.13475564273337706
minecraft:erosion 44 140 28 0.11512277531464345
minecraft:erosion 81 169 101 -0.039356071308927280
minecraft:erosion 118 198 46 -0.14174614442199185
minecraft:erosion 27 227 119 0.10737603645086838
minecraft:ridge 0 -64 0 -0.58641917540947730
minecraft:ridge 37 -35 73 -0.12421495339622210
minecraft:ridge 74 -6 18 0.31144111258858030
minecraft:ridge 111 23 91 0.83435497230726320
minecraft:ridge 20 52 36 0.26427536741357350
minecraft:ridge 57 81 109 0.45167559115397854
minecraft:ridge 94 110 54 -0.27548958766511733
minecraft:ridge 3 139 127 -0.70621017766280490
minecraft:ridge 40 168 72 -0.11286627531335383
minecraft:ridge 77 197 17 0.36620855145516060
minecraft:ridge 114 226 90 0.0072476648412755050
minecraft:ridge 23 255 35 -0.36619823821967350
minecraft:ridge 60 284 108 -0.10318261398875386
minecraft:ridge 97 313 53 0.31144336873677797
minecraft:ridge 6 -42 126 0.25391375730916770
minecraft:ridge 43 -13 71 -0.12625287066215743
minecraft:ridge 80 16 16 0.17794474044711012
minecraft:ridge 117 45 89 0.49000409745136353
minecraft:ridge 26 74 34 -0.38520688253218144
minecraft:ridge 63 103 107 0.084012374389775800
minecraft:ridge 100 132 52 -0.17049791740580844
minecraft:ridge 9 161 125 -0.48746583645906060
minecraft:ridge 46 190 70 0.30786984575666027
minecraft:ridge 83 219 15 0.14937006207885817
minecraft:ridge 120 248 88 -0.45411290512549335
minecraft:ridge 29 277 33 -0.71625456975768520
minecraft:ridge 66 306 106 0.050708404432992085
minecraft:ridge 103 -49 51 0.26441391717235724
minecraft:ridge 12 -20 124 0.63917413247193270
minecraft:ridge 49 9 69 0.014825981507766532
minecraft:ridge 86 38 14 0.070860048314233380
minecraft:ridge 123 67 87 0.35258607157145900
minecraft:ridge 32 96 32 -0.69223741545951480
minecraft:ridge 69 125 105 -0.077600198946329410
minecraft:ridge 106 154 50 -0.31440840296077677
minecraft:ridge 15 183 123 -0.37621434113193730
minecraft:ridge 52 212 68 0.37742997598641170
minecraft:ridge 89 241 13 -0.43368151989600895
minecraft:ridge 126 270 86 -0.67690493669096610
minecraft:ridge 35 299 31 -0.30683678913100360
minecraft:ridge 72 -56 104 0.63258201931151780
minecraft:ridge 109 -27 49 0.59546283619638300
minecraft:ridge 18 2 122 0.21429506561090300
minecraft:ridge 55 31 67 0.23510518445448902
minecraft:ridge 92 60 12 0.13333017116675994
minecraft:ridge 1 89 85 -0.13697807827486790
minecraft:ridge 38 118 30 -0.41239539709902600
minecraft:ridge 75 147 103 -0.047062876687217100
minecraft:ridge 112 176 48 -0.12854478011155368
minecraft:ridge 21 205 121 -0.12944268179800072
minecraft:ridge 58 234 66 0.061832061473288890
minecraft:ridge 95 263 11 -0.79993248576696830
minecraft:ridge 4 292 84 -0.45001365603569210
minecraft:ridge 41 -63 29 -0.41944903422334223
minecraft:ridge 78 -34 102 0.70235759379304970
minecraft:ridge 115 -5 47 0.85566995351464890
minecraft:ridge 24 24 120 0.16564782950494694
minecraft:ridge 61 53 65 0.40602586555584014
minecraft:ridge 98 82 10 0.16308073766308412
minecraft:ridge 7 111 83 -0.15773798865801217
minecraft:ridge 44 140 28 -0.24477844672467080
minecraft:ridge 81 169 101 0.080733154265992270
minecraft:ridge 118 198 46 0.20148771745732790
minecraft:ridge 27 227 119 -0.19801418606668844
minecraft:offset 0 -64 0 0.38363348068195946
minecraft:offset 37 -35 73 0.047445329751450785
minecraft:offset 74 -6 18 0.13005423002019517
minecraft:offset 111 23 91 -0.15512689465860674
minecraft:offset 20 52 36 -0.29858046066646280
minecraft:offset 57 81 109 -0.12432799177276993
minecraft:offset 94 110 54 -0.32751112852158043
minecraft:offset 3 139 127 0.057454148471160800
minecraft:offset 40 168 72 -0.48158222931260997
minecraft:offset 77 197 17 -0.077365583653420250
minecraft:offset 114 226 90 -0.41931148530673810
minecraft:offset 23 255 35 -0.55601887123022480
minecraft:offset 60 284 108 0.13206048076537940
minecraft:offset 97 313 53 -0.16116128258816576
minecraft:offset 6 -42 126 0.38463940210205194
minecraft:offset 43 -13 71 -0.018696346997505123
minecraft:offset 80 16 16 -0.083134103759124080
minecraft:offset 117 45 89 0.10721421002347961
minecraft:offset 26 74 34 0.35226877772228665
minecraft:offset 63 103 107 0.28054013295469580
minecraft:offset 100 132 52 -0.038778462622614474
minecraft:offset 9 161 125 -0.11713653908083730
minecraft:offset 46 190 70 0.087526779637633300
minecraft:offset 83 219 15 0.12933614667649637
minecraft:offset 120 248 88 -0.39104830278889060
minecraft:offset 29 277 33 -0.0040730696588312310
minecraft:offset 66 306 106 0.27212865162322863
minecraft:offset 103 -49 51 -0.16924457299993284
minecraft:offset 12 -20 124 -0.18206181554924230
minecraft:offset 49 9 69 0.29242409140579510
minecraft:offset 86 38 14 -0.053547508311636990
minecraft:offset 123 67 87 -0.076089072280036670
minecraft:offset 32 96 32 -0.64099920271245400
minecraft:offset 69 125 105 -0.43809680339437910
minecraft:offset 106 154 50 -0.12345526367092363
minecraft:offset 15 183 123 -0.31600552192683860
minecraft:offset 52 212 68 -0.34269106610015780
minecraft:offset 89 241 13 0.20302365882885110
minecraft:offset 126 270 86 0.33193277073349270
minecraft:offset 35 299 31 0.21101485220354266
minecraft:offset 72 -56 104 -0.38047306145070170
minecraft:offset 109 -27 49 0.34734140374067957
minecraft:offset 18 2 122 -0.069713043639637510
minecraft:offset 55 31 67 0.030281005094551984
minecraft:offset 92 60 12 0.38961754884590070
minecraft:offset 1 89 85 -0.042568910411885400
minecraft:offset 38 118 30 0.14884170506361682
minecraft:offset 75 147 103 -0.34875110957269030
minecraft:offset 112 176 48 -0.18156962113216060
minecraft:offset 21 205 121 -0.18646601828203810
minecraft:offset 58 234 66 0.078133128766290890
minecraft:offset 95 263 11 -0.23335116235655190
minecraft:offset 4 292 84 0.015070361291482006
minecraft:offset 41 -63 29 -0.085952147473339460
minecraft:offset 78 -34 102 -0.45800339734244544
minecraft:offset 115 -5 47 -0.089073360940263080
minecraft:offset 24 24 120 0.28856199394262694
minecraft:offset 61 53 65 0.30742534210265315
minecraft:offset 98 82 10 0.26443993699520160
minecraft:offset 7 111 83 -0.058659333422983960
minecraft:offset 44 140 28 -0.0096536939668704840
minecraft:offset 81 169 101 -0.53521612053820870
minecraft:offset 118 198 46 -0.23876315849762936
minecraft:offset 27 227 119 -0.24565114398650237
minecraft:aquifer_barrier 0 -64 0 -0.23038781305163336
minecraft:aquifer_barrier 37 -35 73 -0.015232728351518633
minecraft:aquifer_barrier 74 -6 18 0.12183631727024449
minecraft:aquifer_barrier 111 23 91 -0.36378024958268174
minecraft:aquifer_barrier 20 52 36 -0.0010304220340294026
minecraft:aquifer_barrier 57 81 109 -0.028310580258448327
minecraft:aquifer_barrier 94 110 54 -0.42854052523864990
minecraft:aquifer_barrier 3 139 127 -0.34394117297304590
minecraft:aquifer_barrier 40 168 72 0.086908187055403330
minecraft:aquifer_barrier 77 197 17 -0.20050192123312435
minecraft:aquifer_barrier 114 226 90 -0.095858562286141010
minecraft:aquifer_barrier 23 255 35 -0.079808336989134380
minecraft:aquifer_barrier 60 284 108 -0.14850091795559270
minecraft:aquifer_barrier 97 313 53 -0.51644485799954460
minecraft:aquifer_barrier 6 -42 126 0.52441181996025880
minecraft:aquifer_barrier 43 -13 71 0.24228742753153504
minecraft:aquifer_barrier 80 16 16 -0.86841442030072910
minecraft:aquifer_barrier 117 45 89 0.33671300256451790
minecraft:aquifer_barrier 26 74 34 0.10423604053123535
minecraft:aquifer_barrier 63 103 107 -0.39321056205877860
minecraft:aquifer_barrier 100 132 52 0.40665113904816280
minecraft:aquifer_barrier 9 161 125 -0.12594982889932108
minecraft:aquifer_barrier 46 190 70 0.16083363753835175
minecraft:aquifer_barrier 83 219 15 0.32340926578425155
minecraft:aquifer_barrier 120 248 88 -0.33473026032820613
minecraft:aquifer_barrier 29 277 33 -0.0081342514855310000
minecraft:aquifer_barrier 66 306 106 0.50999787981457860
minecraft:aquifer_barrier 103 -49 51 -0.074333646196797500
minecraft:aquifer_barrier 12 -20 124 0.22405436227509148
minecraft:aquifer_barrier 49 9 69 0.19679912996461826
minecraft:aquifer_barrier 86 38 14 0.095985996532601720
minecraft:aquifer_barrier 123 67 87 -0.60613700730959960
minecraft:aquifer_barrier 32 96 32 -0.32305654542017590
minecraft:aquifer_barrier 69 125 105 0.0082576533181631200
minecraft:aquifer_barrier 106 154 50 -0.37023264016464850
minecraft:aquifer_barrier 15 183 123 0.41973157481967965
minecraft:aquifer_barrier 52 212 68 -0.068206619353561250
minecraft:aquifer_barrier 89 241 13 -0.085219471753105530
minecraft:aquifer_barrier 126 270 86 0.016214201957086304
minecraft:aquifer_barrier 35 299 31 0.35581597251920505
minecraft:aquifer_barrier 72 -56 104 0.45306829616834665
minecraft:aquifer_barrier 109 -27 49 -0.58617038640643790
minecraft:aquifer_barrier 18 2 122 0.43395440352170694
minecraft:aquifer_barrier 55 31 67 0.17131798984776925
minecraft:aquifer_barrier 92 60 12 -0.039158667441365800
minecraft:aquifer_barrier 1 89 85 -0.088433815128363860
minecraft:aquifer_barrier 38 118 30 -0.30281766238023910
minecraft:aquifer_barrier 75 147 103 0.54840944166145910
minecraft:aquifer_barrier 112 176 48 0.19168472678053874
minecraft:aquifer_barrier 21 205 121 -0.28223829460802047
minecraft:aquifer_barrier 58 234 66 0.42569698200429430
minecraft:aquifer_barrier 95 263 11 0.26353055498232114
minecraft:aquifer_barrier 4 292 84 0.14507225706323854
minecraft:aquifer_barrier 41 -63 29 -0.36335523324863744
minecraft:aquifer_barrier 78 -34 102 0.29304531758214086
minecraft:aquifer_barrier 115 -5 47 0.69519659174463290
minecraft:aquifer_barrier 24 24 120 0.41545277364182337
minecraft:aquifer_barrier 61 53 65 0.43334126861660140
minecraft:aquifer_barrier 98 82 10 0.018483905808424905
minecraft:aquifer_barrier 7 111 83 0.41398021508607160
minecraft:aquifer_barrier 44 140 28 0.0073235052263460650
minecraft:aquifer_barrier 81 169 101 -0.30744526374370185
minecraft:aquifer_barrier 118 198 46 0.10945670704966413
minecraft:aquifer_barrier 27 227 119 0.20719755871496260
minecraft:aquifer_fluid_level_floodedness 0 -64 0 -0.35032768070559970
minecraft:aquifer_fluid_level_floodedness 37 -35 73 0.13121259409701846
minecraft:aquifer_fluid_level_floodedness 74 -6 18 0.34904165211246890
minecraft:aquifer_fluid_level_floodedness 111 23 91 -0.41232921961862860
minecraft:aquifer_fluid_level_floodedness 20 52 36 0.78137884078789340
minecraft:aquifer_fluid_level_floodedness 57 81 109 0.42951912306644240
minecraft:aquifer_fluid_level_floodedness 94 110 54 0.82196239078738500
minecraft:aquifer_fluid_level_floodedness 3 139 127 0.071477045133025370
minecraft:aquifer_fluid_level_floodedness 40 168 72 0.45288929224109740
minecraft:aquifer_fluid_level_floodedness 77 197 17 0.44759700619920680
minecraft:aquifer_fluid_level_floodedness 114 226 90 0.35610328856308100
minecraft:aquifer_fluid_level_floodedness 23 255 35 -0.42789973905581890
minecraft:aquifer_fluid_level_floodedness 60 284 108 -0.40970124530243207
minecraft:aquifer_fluid_level_floodedness 97 313 53 -0.063513121611686600
minecraft:aquifer_fluid_level_floodedness 6 -42 126 0.31028839369698974
minecraft:aquifer_fluid_level_floodedness 43 -13 71 0.066748372473791620
minecraft:aquifer_fluid_level_floodedness 80 16 16 0.52051871456535510
minecraft:aquifer_fluid_level_floodedness 117 45 89 -0.20335541269146032
minecraft:aquifer_fluid_level_floodedness 26 74 34 0.73725052761361400
minecraft:aquifer_fluid_level_floodedness 63 103 107 0.56509760458255130
minecraft:aquifer_fluid_level_floodedness 100 132 52 0.73661477103951330
minecraft:aquifer_fluid_level_floodedness 9 161 125 0.26584824663109596
minecraft:aquifer_fluid_level_floodedness 46 190 70 0.24277198378719490
minecraft:aquifer_fluid_level_floodedness 83 219 15 0.50896032273711590
minecraft:aquifer_fluid_level_floodedness 120 248 88 0.34711588471602570
minecraft:aquifer_fluid_level_floodedness 29 277 33 -0.35340141762673580
minecraft:aquifer_fluid_level_floodedness 66 306 106 -0.32553534378046256
minecraft:aquifer_fluid_level_floodedness 103 -49 51 0.092853433874230580
minecraft:aquifer_fluid_level_floodedness 12 -20 124 0.17009161197757686
minecraft:aquifer_fluid_level_floodedness 49 9 69 0.18453671092214210
minecraft:aquifer_fluid_level_floodedness 86 38 14 0.58022930103361740
minecraft:aquifer_fluid_level_floodedness 123 67 87 0.16536668577205720
minecraft:aquifer_fluid_level_floodedness 32 96 32 0.57571713300207110
minecraft:aquifer_fluid_level_floodedness 69 125 105 0.60899470771534940
minecraft:aquifer_fluid_level_floodedness 106 154 50 0.63396603900701890
minecraft:aquifer_fluid_level_floodedness 15 183 123 0.27707119252504550
minecraft:aquifer_fluid_level_floodedness 52 212 68 0.13328167075735112
minecraft:aquifer_fluid_level_floodedness 89 241 13 0.55937775337651740
minecraft:aquifer_fluid_level_floodedness 126 270 86 0.10998762091878984
minecraft:aquifer_fluid_level_floodedness 35 299 31 -0.21078989804725878
minecraft:aquifer_fluid_level_floodedness 72 -56 104 0.33219630443928040
minecraft:aquifer_fluid_level_floodedness 109 -27 49 -0.00025579524986122970
minecraft:aquifer_fluid_level_floodedness 18 2 122 0.019209041258944532
minecraft:aquifer_fluid_level_floodedness 55 31 67 0.46655628768951135
minecraft:aquifer_fluid_level_floodedness 92 60 12 0.47869223399475540
minecraft:aquifer_fluid_level_floodedness 1 89 85 0.35004947058516570
minecraft:aquifer_fluid_level_floodedness 38 118 30 0.40489778708587260
minecraft:aquifer_fluid_level_floodedness 75 147 103 0.45951846328793194
minecraft:aquifer_fluid_level_floodedness 112 176 48 0.58095924634835040
minecraft:aquifer_fluid_level_floodedness 21 205 121 0.14912804703441912
minecraft:aquifer_fluid_level_floodedness 58 234 66 0.099808250920313310
minecraft:aquifer_fluid_level_floodedness 95 263 11 0.52068634034249030
minecraft:aquifer_fluid_level_floodedness 4 292 84 -0.51773031528148560
minecraft:aquifer_fluid_level_floodedness 41 -63 29 0.036626621988673086
minecraft:aquifer_fluid_level_floodedness 78 -34 102 0.080309387946884680
minecraft:aquifer_fluid_level_floodedness 115 -5 47 -0.011516976001934782
minecraft:aquifer_fluid_level_floodedness 24 24 120 -0.034390047524047560
minecraft:aquifer_fluid_level_floodedness 61 53 65 0.76502761235535720
minecraft:aquifer_fluid_level_floodedness 98 82 10 0.28573529506699613
minecraft:aquifer_fluid_level_floodedness 7 111 83 0.43759803390228360
minecraft:aquifer_fluid_level_floodedness 44 140 28 0.27990078628819265
minecraft:aquifer_fluid_level_floodedness 81 169 101 0.19565274802421603
minecraft:aquifer_fluid_level_floodedness 118 198 46 0.59588466350946080
minecraft:aquifer_fluid_level_floodedness 27 227 119 -0.0074703976133159980
minecraft:aquifer_lava 0 -64 0 -0.090328981245843760
minecraft:aquifer_lava 37 -35 73 0.11182218842042498
minecraft:aquifer_lava 74 -6 18 -0.70276141647184090
minecraft:aquifer_lava 111 23 91 -0.20411640255677993
minecraft:aquifer_lava 20 52 36 0.15880888873606214
minecraft:aquifer_lava 57 81 109 -0.54817589514240080
minecraft:aquifer_lava 94 110 54 -0.58075099780933590
minecraft:aquifer_lava 3 139 127 0.0040552582340787000
minecraft:aquifer_lava 40 168 72 -0.078469997210643720
minecraft:aquifer_lava 77 197 17 0.10458781278012677
minecraft:aquifer_lava 114 226 90 0.83430090761795100
minecraft:aquifer_lava 23 255 35 -0.25650660226242350
minecraft:aquifer_lava 60 284 108 0.23664089604966330
minecraft:aquifer_lava 97 313 53 0.36517855085239030
minecraft:aquifer_lava 6 -42 126 -0.089973465100270600
minecraft:aquifer_lava 43 -13 71 -0.045060196721717030
minecraft:aquifer_lava 80 16 16 -0.19466545102887828
minecraft:aquifer_lava 117 45 89 0.096792452351004340
minecraft:aquifer_lava 26 74 34 -0.0073121221941348460
minecraft:aquifer_lava 63 103 107 0.49298440754036430
minecraft:aquifer_lava 100 132 52 0.15239634608016975
minecraft:aquifer_lava 9 161 125 0.12846237548222325
minecraft:aquifer_lava 46 190 70 -0.38470926006543410
minecraft:aquifer_lava 83 219 15 -0.20316512859762953
minecraft:aquifer_lava 120 248 88 -0.40465518365123210
minecraft:aquifer_lava 29 277 33 -0.36386499668205430
minecraft:aquifer_lava 66 306 106 -0.64683684793389630
minecraft:aquifer_lava 103 -49 51 -0.081902006052988150
minecraft:aquifer_lava 12 -20 124 0.33236246767410277
minecraft:aquifer_lava 49 9 69 -0.26951254987588213
minecraft:aquifer_lava 86 38 14 -0.021707547178507110
minecraft:aquifer_lava 123 67 87 -0.052166599561505760
minecraft:aquifer_lava 32 96 32 -0.52104143441623730
minecraft:aquifer_lava 69 125 105 -0.35375847658443200
minecraft:aquifer_lava 106 154 50 0.21148637713464440
minecraft:aquifer_lava 15 183 123 -0.013924835953347790
minecraft:aquifer_lava 52 212 68 0.25172553914144996
minecraft:aquifer_lava 89 241 13 0.33075058517391254
minecraft:aquifer_lava 126 270 86 -0.28222551148320580
minecraft:aquifer_lava 35 299 31 0.074214227687173450
minecraft:aquifer_lava 72 -56 104 -0.40019619227632360
minecraft:aquifer_lava 109 -27 49 -0.30011958346598240
minecraft:aquifer_lava 18 2 122 0.47533645628950216
minecraft:aquifer_lava 55 31 67 0.23063753971715142
minecraft:aquifer_lava 92 60 12 -0.23729372682433478
minecraft:aquifer_lava 1 89 85 -0.33927099823403883
minecraft:aquifer_lava 38 118 30 0.035287663713192766
minecraft:aquifer_lava 75 147 103 0.12106614135634541
minecraft:aquifer_lava 112 176 48 0.29109699966617330
minecraft:aquifer_lava 21 205 121 0.038296550241664340
minecraft:aquifer_lava 58 234 66 0.23910190185059982
minecraft:aquifer_lava 95 263 11 0.088515815757823020
minecraft:aquifer_lava 4 292 84 0.63854967725169070
minecraft:aquifer_lava 41 -63 29 0.25732924483776953
minecraft:aquifer_lava 78 -34 102 -0.041315600922146145
minecraft:aquifer_lava 115 -5 47 -0.14191812587951222
minecraft:aquifer_lava 24 24 120 0.064227995773932100
minecraft:aquifer_lava 61 53 65 -0.11228135107789240
minecraft:aquifer_lava 98 82 10 0.26927895039768807
minecraft:aquifer_lava 7 111 83 -0.61891518566530130
minecraft:aquifer_lava 44 140 28 -0.45785482800923405
minecraft:aquifer_lava 81 169 101 0.29165105001896970
minecraft:aquifer_lava 118 198 46 0.065511198751253770
minecraft:aquifer_lava 27 227 119 0.25194517175221300
minecraft:aquifer_fluid_level_spread 0 -64 0 -0.45210641202850527
minecraft:aquifer_fluid_level_spread 37 -35 73 0.23885504347358466
minecraft:aquifer_fluid_level_spread 74 -6 18 -0.23845075122374190
minecraft:aquifer_fluid_level_spread 111 23 91 0.25310182622848800
minecraft:aquifer_fluid_level_spread 20 52 36 -0.072965476928267310
minecraft:aquifer_fluid_level_spread 57 81 109 0.011322287239241233
minecraft:aquifer_fluid_level_spread 94 110 54 0.10729681102004388
minecraft:aquifer_fluid_level_spread 3 139 127 -0.015496160989126085
minecraft:aquifer_fluid_level_spread 40 168 72 0.071937627777943310
minecraft:aquifer_fluid_level_spread 77 197 17 0.69220850159235090
minecraft:aquifer_fluid_level_spread 114 226 90 0.19883256385483822
minecraft:aquifer_fluid_level_spread 23 255 35 -0.19980146722405404
minecraft:aquifer_fluid_level_spread 60 284 108 0.087278952953995630
minecraft:aquifer_fluid_level_spread 97 313 53 0.47089499510319010
minecraft:aquifer_fluid_level_spread 6 -42 126 -0.13521599326128300
minecraft:aquifer_fluid_level_spread 43 -13 71 -0.30185573877557440
minecraft:aquifer_fluid_level_spread 80 16 16 0.53018482800036360
minecraft:aquifer_fluid_level_spread 117 45 89 0.38325851536442330
minecraft:aquifer_fluid_level_spread 26 74 34 -0.29068549772545520
minecraft:aquifer_fluid_level_spread 63 103 107 0.51411141963276110
minecraft:aquifer_fluid_level_spread 100 132 52 -0.65449938553461130
minecraft:aquifer_fluid_level_spread 9 161 125 -0.43803001388483910
minecraft:aquifer_fluid_level_spread 46 190 70 0.25895867264781620
minecraft:aquifer_fluid_level_spread 83 219 15 -0.17261102873030270
minecraft:aquifer_fluid_level_spread 120 248 88 -0.46694517279907380
minecraft:aquifer_fluid_level_spread 29 277 33 0.11773102365096265
minecraft:aquifer_fluid_level_spread 66 306 106 -0.32702587177410530
minecraft:aquifer_fluid_level_spread 103 -49 51 0.11527287175820368
minecraft:aquifer_fluid_level_spread 12 -20 124 -0.38892591015760447
minecraft:aquifer_fluid_level_spread 49 9 69 0.35851716028121480
minecraft:aquifer_fluid_level_spread 86 38 14 0.48570137214778814
minecraft:aquifer_fluid_level_spread 123 67 87 0.57129653857756460
minecraft:aquifer_fluid_level_spread 32 96 32 0.80752690934913540
minecraft:aquifer_fluid_level_spread 69 125 105 -0.25057683147994580
minecraft:aquifer_fluid_level_spread 106 154 50 -0.23936815785633653
minecraft:aquifer_fluid_level_spread 15 183 123 -0.45234829226565804
minecraft:aquifer_fluid_level_spread 52 212 68 -0.85189162541996720
minecraft:aquifer_fluid_level_spread 89 241 13 -0.63638438746180380
minecraft:aquifer_fluid_level_spread 126 270 86 -0.53927849152917110
minecraft:aquifer_fluid_level_spread 35 299 31 -0.25427810491347336
minecraft:aquifer_fluid_level_spread 72 -56 104 0.32453924363401726
minecraft:aquifer_fluid_level_spread 109 -27 49 -0.80804386364010050
minecraft:aquifer_fluid_level_spread 18 2 122 0.63646226515898660
minecraft:aquifer_fluid_level_spread 55 31 67 0.40621690337709830
minecraft:aquifer_fluid_level_spread 92 60 12 0.34640345195112765
minecraft:aquifer_fluid_level_spread 1 89 85 -0.079577929472032990
minecraft:aquifer_fluid_level_spread 38 118 30 -0.15315784983166283
minecraft:aquifer_fluid_level_spread 75 147 103 0.13499910463841167
minecraft:aquifer_fluid_level_spread 112 176 48 0.095762685889942010
minecraft:aquifer_fluid_level_spread 21 205 121 -0.18596751093534380
minecraft:aquifer_fluid_level_spread 58 234 66 0.21575071406921023
minecraft:aquifer_fluid_level_spread 95 263 11 -0.56466990618261390
minecraft:aquifer_fluid_level_spread 4 292 84 0.47571485084721230
minecraft:aquifer_fluid_level_spread 41 -63 29 0.39532605779600266
minecraft:aquifer_fluid_level_spread 78 -34 102 -0.40262633273706490
minecraft:aquifer_fluid_level_spread 115 -5 47 -0.20481382087986450
minecraft:aquifer_fluid_level_spread 24 24 120 0.17445327744214922
minecraft:aquifer_fluid_level_spread 61 53 65 -0.26594023495543580
minecraft:aquifer_fluid_level_spread 98 82 10 0.051662039212369320
minecraft:aquifer_fluid_level_spread 7 111 83 -0.00090869812767365340
minecraft:aquifer_fluid_level_spread 44 140 28 0.053238086493542220
minecraft:aquifer_fluid_level_spread 81 169 101 -0.24828246297907990
minecraft:aquifer_fluid_level_spread 118 198 46 0.11875553671976060
minecraft:aquifer_fluid_level_spread 27 227 119 0.14117664962168710
minecraft:pillar 0 -64 0 -0.43925538420519630
minecraft:pillar 37 -35 73 0.47890577393516215
minecraft:pillar 74 -6 18 -0.061802295748972780
minecraft:pillar 111 23 91 -0.16139369392618338
minecraft:pillar 20 52 36 -0.097576076291746560
minecraft:pillar 57 81 109 0.12624037636490698
minecraft:pillar 94 110 54 0.24674683874530370
minecraft:pillar 3 139 127 -0.048620081833297730
minecraft:pillar 40 168 72 0.38097274054920540
minecraft:pillar 77 197 17 0.15555635042434400
minecraft:pillar 114 226 90 0.38868684943166276
minecraft:pillar 23 255 35 -0.41897691072870040
minecraft:pillar 60 284 108 0.26467450861788830
minecraft:pillar 97 313 53 0.21883136039782760
minecraft:pillar 6 -42 126 -0.18881260916892748
minecraft:pillar 43 -13 71 0.53943464047314250
minecraft:pillar 80 16 16 0.044557756365161230
minecraft:pillar 117 45 89 0.0028806412013150802
minecraft:pillar 26 74 34 -0.23002418829257910
minecraft:pillar 63 103 107 0.25773696940050006
minecraft:pillar 100 132 52 0.47249836688134755
minecraft:pillar 9 161 125 -0.0064955756272301440
minecraft:pillar 46 190 70 0.47504169901623710
minecraft:pillar 83 219 15 -0.057447286951541140
minecraft:pillar 120 248 88 0.35323173070636330
minecraft:pillar 29 277 33 -0.24155059544165966
minecraft:pillar 66 306 106 0.12456878206644531
minecraft:pillar 103 -49 51 -0.14110084874203313
minecraft:pillar 12 -20 124 -0.25385306957230780
minecraft:pillar 49 9 69 0.21762182127502067
minecraft:pillar 86 38 14 0.054668784393055725
minecraft:pillar 123 67 87 0.15426594972438593
minecraft:pillar 32 96 32 -0.19958788332135383
minecraft:pillar 69 125 105 0.46091975163165133
minecraft:pillar 106 154 50 0.46888545280564403
minecraft:pillar 15 183 123 -0.13186049424671156
minecraft:pillar 52 212 68 0.42020516752037950
minecraft:pillar 89 241 13 -0.14995285255149252
minecraft:pillar 126 270 86 0.28982142828271695
minecraft:pillar 35 299 31 -0.13585983438323843
minecraft:pillar 72 -56 104 0.32111716374916330
minecraft:pillar 109 -27 49 -0.15364462276300966
minecraft:pillar 18 2 122 0.055570912022545170
minecraft:pillar 55 31 67 -0.0017712406564646735
minecraft:pillar 92 60 12 -0.032516939582146985
minecraft:pillar 1 89 85 -0.27994579160004890
minecraft:pillar 38 118 30 -0.16444902115343070
minecraft:pillar 75 147 103 0.41505487853109424
minecraft:pillar 112 176 48 0.055755635674452360
minecraft:pillar 21 205 121 -0.075823003150713460
minecraft:pillar 58 234 66 0.22444321126760322
minecraft:pillar 95 263 11 0.018646343307874194
minecraft:pillar 4 292 84 0.068749733928117870
minecraft:pillar 41 -63 29 -0.078328575149936000
minecraft:pillar 78 -34 102 0.37297561630690523
minecraft:pillar 115 -5 47 -0.29181788417320514
minecraft:pillar 24 24 120 0.25126102672706720
minecraft:pillar 61 53 65 0.094529158532573570
minecraft:pillar 98 82 10 -0.16094457752177940
minecraft:pillar 7 111 83 -0.36366800036624670
minecraft:pillar 44 140 28 0.085732951451163030
minecraft:pillar 81 169 101 0.30677277472253390
minecraft:pillar 118 198 46 -0.15682985097486700
minecraft:pillar 27 227 119 0.13212467863035668
minecraft:spaghetti_2d 0 -64 0 -0.093563273364622700
minecraft:spaghetti_2d 37 -35 73 -0.16606288882310870
minecraft:spaghetti_2d 74 -6 18 0.19869105610873047
minecraft:spaghetti_2d 111 23 91 0.026800265032536026
minecraft:spaghetti_2d 20 52 36 0.48467840101318860
minecraft:spaghetti_2d 57 81 109 0.62451450949966500
minecraft:spaghetti_2d 94 110 54 0.25489732590226300
minecraft:spaghetti_2d 3 139 127 -0.10567684526426409
minecraft:spaghetti_2d 40 168 72 0.034361959651485930
minecraft:spaghetti_2d 77 197 17 -0.29716179809215330
minecraft:spaghetti_2d 114 226 90 0.16705313265896085
minecraft:spaghetti_2d 23 255 35 0.22135132787017517
minecraft:spaghetti_2d 60 284 108 -0.76833821002006240
minecraft:spaghetti_2d 97 313 53 0.34382863306382094
minecraft:spaghetti_2d 6 -42 126 0.080008641224789300
minecraft:spaghetti_2d 43 -13 71 -0.11882997676221611
minecraft:spaghetti_2d 80 16 16 0.29420702988699715
minecraft:spaghetti_2d 117 45 89 0.15822783511731167
minecraft:spaghetti_2d 26 74 34 0.45542005164928046
minecraft:spaghetti_2d 63 103 107 0.61618816221703430
minecraft:spaghetti_2d 100 132 52 0.096513662859367500
minecraft:spaghetti_2d 9 161 125 -0.14757031929724815
minecraft:spaghetti_2d 46 190 70 0.061867033134732580
minecraft:spaghetti_2d 83 219 15 0.050649506037618130
minecraft:spaghetti_2d 120 248 88 0.028928265327522230
minecraft:spaghetti_2d 29 277 33 0.21908322741016850
minecraft:spaghetti_2d 66 306 106 -0.55951990507426440
minecraft:spaghetti_2d 103 -49 51 -0.10004798811372423
minecraft:spaghetti_2d 12 -20 124 0.018512533362376460
minecraft:spaghetti_2d 49 9 69 0.018519470662994666
minecraft:spaghetti_2d 86 38 14 0.31095147661214120
minecraft:spaghetti_2d 123 67 87 0.23952483142954684
minecraft:spaghetti_2d 32 96 32 0.14812633933401986
minecraft:spaghetti_2d 69 125 105 0.48441709104270500
minecraft:spaghetti_2d 106 154 50 0.080532078168819840
minecraft:spaghetti_2d 15 183 123 -0.15663787334468737
minecraft:spaghetti_2d 52 212 68 0.035750080968183634
minecraft:spaghetti_2d 89 241 13 0.30650340752717060
minecraft:spaghetti_2d 126 270 86 -0.0055361173071284680
minecraft:spaghetti_2d 35 299 31 0.16872354707344364
minecraft:spaghetti_2d 72 -56 104 0.15981862407220030
minecraft:spaghetti_2d 109 -27 49 -0.17393940553154041
minecraft:spaghetti_2d 18 2 122 -0.069700355715135370
minecraft:spaghetti_2d 55 31 67 0.21081669887923220
minecraft:spaghetti_2d 92 60 12 0.26476641511495963
minecraft:spaghetti_2d 1 89 85 0.41284064879851540
minecraft:spaghetti_2d 38 118 30 -0.26716342298663780
minecraft:spaghetti_2d 75 147 103 0.39819581799757120
minecraft:spaghetti_2d 112 176 48 0.17594795631512200
minecraft:spaghetti_2d 21 205 121 -0.26047614557252596
minecraft:spaghetti_2d 58 234 66 -0.048390727939154284
minecraft:spaghetti_2d 95 263 11 0.38950932853620220
minecraft:spaghetti_2d 4 292 84 -0.10891562455982182
minecraft:spaghetti_2d 41 -63 29 -0.26856062212005405
minecraft:spaghetti_2d 78 -34 102 0.0087571288753786560
minecraft:spaghetti_2d 115 -5 47 -0.24657228262903422
minecraft:spaghetti_2d 24 24 120 -0.045090635468121400
minecraft:spaghetti_2d 61 53 65 0.49287457889654196
minecraft:spaghetti_2d 98 82 10 0.065663156721191010
minecraft:spaghetti_2d 7 111 83 0.23055798300784547
minecraft:spaghetti_2d 44 140 28 -0.52889280412301560
minecraft:spaghetti_2d 81 169 101 0.38628059494335690
minecraft:spaghetti_2d 118 198 46 0.33471362921276900
minecraft:spaghetti_2d 27 227 119 -0.45601343816031087
minecraft:spaghetti_2d_elevation 0 -64 0 -0.27422371078674906
minecraft:spaghetti_2d_elevation 37 -35 73 0.25503097144389003
minecraft:spaghetti_2d_elevation 74 -6 18 0.17776683019716977
minecraft:spaghetti_2d_elevation 111 23 91 0.56767537544155730
minecraft:spaghetti_2d_elevation 20 52 36 0.54876963865220170
minecraft:spaghetti_2d_elevation 57 81 109 0.24915065806427247
minecraft:spaghetti_2d_elevation 94 110 54 0.52346868129145810
minecraft:spaghetti_2d_elevation 3 139 127 -0.16030691732021440
minecraft:spaghetti_2d_elevation 40 168 72 -0.013446856340984177
minecraft:spaghetti_2d_elevation 77 197 17 0.069008175771448120
minecraft:spaghetti_2d_elevation 114 226 90 -0.53844179503993330
minecraft:spaghetti_2d_elevation 23 255 35 -0.18101436918693764
minecraft:spaghetti_2d_elevation 60 284 108 -0.62440188275580930
minecraft:spaghetti_2d_elevation 97 313 53 -0.43440249141711510
minecraft:spaghetti_2d_elevation 6 -42 126 0.33499950620103486
minecraft:spaghetti_2d_elevation 43 -13 71 0.37010520009249640
minecraft:spaghetti_2d_elevation 80 16 16 0.36091962281996670
minecraft:spaghetti_2d_elevation 117 45 89 0.57178133692632800
minecraft:spaghetti_2d_elevation 26 74 34 0.57644563399118080
minecraft:spaghetti_2d_elevation 63 103 107 0.14115127108853304
minecraft:spaghetti_2d_elevation 100 132 52 0.43545589878439767
minecraft:spaghetti_2d_elevation 9 161 125 -0.32060380938920970
minecraft:spaghetti_2d_elevation 46 190 70 -0.16657253492173390
minecraft:spaghetti_2d_elevation 83 219 15 -0.084920868923318470
minecraft:spaghetti_2d_elevation 120 248 88 -0.61369717663730500
minecraft:spaghetti_2d_elevation 29 277 33 -0.15198134182082465
minecraft:spaghetti_2d_elevation 66 306 106 -0.53135996580478160
minecraft:spaghetti_2d_elevation 103 -49 51 0.10599951932708362
minecraft:spaghetti_2d_elevation 12 -20 124 0.40608744639635020
minecraft:spaghetti_2d_elevation 49 9 69 0.47155739644118916
minecraft:spaghetti_2d_elevation 86 38 14 0.53015662791803090
minecraft:spaghetti_2d_elevation 123 67 87 0.55027845412019250
minecraft:spaghetti_2d_elevation 32 96 32 0.54771632253178390
minecraft:spaghetti_2d_elevation 69 125 105 0.026748273348462130
minecraft:spaghetti_2d_elevation 106 154 50 0.31990622383267810
minecraft:spaghetti_2d_elevation 15 183 123 -0.47364831733328333
minecraft:spaghetti_2d_elevation 52 212 68 -0.30339322637061320
minecraft:spaghetti_2d_elevation 89 241 13 -0.21492691107570597
minecraft:spaghetti_2d_elevation 126 270 86 -0.63741595962053020
minecraft:spaghetti_2d_elevation 35 299 31 -0.086455593062310320
minecraft:spaghetti_2d_elevation 72 -56 104 0.37842014139522384
minecraft:spaghetti_2d_elevation 109 -27 49 0.22993504167166115
minecraft:spaghetti_2d_elevation 18 2 122 0.44046423014631690
minecraft:spaghetti_2d_elevation 55 31 67 0.54358437439667280
minecraft:spaghetti_2d_elevation 92 60 12 0.65614517218738560
minecraft:spaghetti_2d_elevation 1 89 85 0.42753935866204346
minecraft:spaghetti_2d_elevation 38 118 30 0.47599406181461150
minecraft:spaghetti_2d_elevation 75 147 103 -0.10446848976398317
minecraft:spaghetti_2d_elevation 112 176 48 0.17181557620394675
minecraft:spaghetti_2d_elevation 21 205 121 -0.59476540830766120
minecraft:spaghetti_2d_elevation 58 234 66 -0.40363177298589030
minecraft:spaghetti_2d_elevation 95 263 11 -0.30489216984551410
minecraft:spaghetti_2d_elevation 4 292 84 -0.13329739757298817
minecraft:spaghetti_2d_elevation 41 -63 29 -0.11455473135757167
minecraft:spaghetti_2d_elevation 78 -34 102 0.44886450745095136
minecraft:spaghetti_2d_elevation 115 -5 47 0.37901383645666953
minecraft:spaghetti_2d_elevation 24 24 120 0.42710501456911930
minecraft:spaghetti_2d_elevation 61 53 65 0.57567745997721950
minecraft:spaghetti_2d_elevation 98 82 10 0.71770169553829520
minecraft:spaghetti_2d_elevation 7 111 83 0.32177953011245150
minecraft:spaghetti_2d_elevation 44 140 28 0.38007013940349930
minecraft:spaghetti_2d_elevation 81 169 101 -0.25670388866457810
minecraft:spaghetti_2d_elevation 118 198 46 0.0057232526532955540
minecraft:spaghetti_2d_elevation 27 227 119 -0.66333573728890100
minecraft:spaghetti_2d_modulator 0 -64 0 -0.29481480508140840
minecraft:spaghetti_2d_modulator 37 -35 73 -0.31007397173158047
minecraft:spaghetti_2d_modulator 74 -6 18 -0.31459748228902930
minecraft:spaghetti_2d_modulator 111 23 91 -0.32582438059840990
minecraft:spaghetti_2d_modulator 20 52 36 -0.31399904360119824
minecraft:spaghetti_2d_modulator 57 81 109 -0.31977129253111570
minecraft:spaghetti_2d_modulator 94 110 54 -0.31868545851108804
minecraft:spaghetti_2d_modulator 3 139 127 -0.30755979160218490
minecraft:spaghetti_2d_modulator 40 168 72 -0.30776820593438190
minecraft:spaghetti_2d_modulator 77 197 17 -0.30055129382203666
minecraft:spaghetti_2d_modulator 114 226 90 -0.30127506982661173
minecraft:spaghetti_2d_modulator 23 255 35 -0.28558318049445225
minecraft:spaghetti_2d_modulator 60 284 108 -0.28287659302669343
minecraft:spaghetti_2d_modulator 97 313 53 -0.27378408723346903
minecraft:spaghetti_2d_modulator 6 -42 126 -0.30353190363503063
minecraft:spaghetti_2d_modulator 43 -13 71 -0.31399917571724123
minecraft:spaghetti_2d_modulator 80 16 16 -0.31658284558993810
minecraft:spaghetti_2d_modulator 117 45 89 -0.32650417203703347
minecraft:spaghetti_2d_modulator 26 74 34 -0.31433186052964770
minecraft:spaghetti_2d_modulator 63 103 107 -0.31899443661030547
minecraft:spaghetti_2d_modulator 100 132 52 -0.31623819017568433
minecraft:spaghetti_2d_modulator 9 161 125 -0.30537613808530045
minecraft:spaghetti_2d_modulator 46 190 70 -0.30411002357573910
minecraft:spaghetti_2d_modulator 83 219 15 -0.29554239629509960
minecraft:spaghetti_2d_modulator 120 248 88 -0.29579756695641396
minecraft:spaghetti_2d_modulator 29 277 33 -0.27978096765880234
minecraft:spaghetti_2d_modulator 66 306 106 -0.27690119145131730
minecraft:spaghetti_2d_modulator 103 -49 51 -0.31537213518707785
minecraft:spaghetti_2d_modulator 12 -20 124 -0.30831665668094010
minecraft:spaghetti_2d_modulator 49 9 69 -0.31690299779444510
minecraft:spaghetti_2d_modulator 86 38 14 -0.31757886382033945
minecraft:spaghetti_2d_modulator 123 67 87 -0.32626718812493233
minecraft:spaghetti_2d_modulator 32 96 32 -0.31374137930900580
minecraft:spaghetti_2d_modulator 69 125 105 -0.31737850111782670
minecraft:spaghetti_2d_modulator 106 154 50 -0.31301928798164785
minecraft:spaghetti_2d_modulator 15 183 123 -0.30245509587002156
minecraft:spaghetti_2d_modulator 52 212 68 -0.29979764824138300
minecraft:spaghetti_2d_modulator 89 241 13 -0.28998240310504260
minecraft:spaghetti_2d_modulator 126 270 86 -0.28988116117519835
minecraft:spaghetti_2d_modulator 35 299 31 -0.27358953292757515
minecraft:spaghetti_2d_modulator 72 -56 104 -0.31278257432340760
minecraft:spaghetti_2d_modulator 109 -27 49 -0.31892489532276850
minecraft:spaghetti_2d_modulator 18 2 122 -0.31208467200042010
minecraft:spaghetti_2d_modulator 55 31 67 -0.31880900622758840
minecraft:spaghetti_2d_modulator 92 60 12 -0.31761747098455490
minecraft:spaghetti_2d_modulator 1 89 85 -0.31252931631417313
minecraft:spaghetti_2d_modulator 38 118 30 -0.31226920648681950
minecraft:spaghetti_2d_modulator 75 147 103 -0.31496995704903400
minecraft:spaghetti_2d_modulator 112 176 48 -0.30908357327491337
minecraft:spaghetti_2d_modulator 21 205 121 -0.29885345865498597
minecraft:spaghetti_2d_modulator 58 234 66 -0.29489630008744966
minecraft:spaghetti_2d_modulator 95 263 11 -0.28394444222215950
minecraft:spaghetti_2d_modulator 4 292 84 -0.27513236607627417
minecraft:spaghetti_2d_modulator 41 -63 29 -0.30285598853072790
minecraft:spaghetti_2d_modulator 78 -34 102 -0.31725133511680054
minecraft:spaghetti_2d_modulator 115 -5 47 -0.32145901052466114
minecraft:spaghetti_2d_modulator 24 24 120 -0.31485591206236896
minecraft:spaghetti_2d_modulator 61 53 65 -0.31974542477153900
minecraft:spaghetti_2d_modulator 98 82 10 -0.31673526645747440
minecraft:spaghetti_2d_modulator 7 111 83 -0.31187407268132006
minecraft:spaghetti_2d_modulator 44 140 28 -0.30996175547688730
minecraft:spaghetti_2d_modulator 81 169 101 -0.31181988532092736
minecraft:spaghetti_2d_modulator 118 198 46 -0.30449041450171190
minecraft:spaghetti_2d_modulator 27 227 119 -0.29463274836548110
minecraft:spaghetti_2d_thickness 0 -64 0 -0.054462155977898210
minecraft:spaghetti_2d_thickness 37 -35 73 -0.025636581888502880
minecraft:spaghetti_2d_thickness 74 -6 18 0.026513852729456996
minecraft:spaghetti_2d_thickness 111 23 91 0.057784874234220000
minecraft:spaghetti_2d_thickness 20 52 36 0.013974497198059783
minecraft:spaghetti_2d_thickness 57 81 109 0.041506800120946576
minecraft:spaghetti_2d_thickness 94 110 54 0.088979065693513350
minecraft:spaghetti_2d_thickness 3 139 127 0.018183857170874230
minecraft:spaghetti_2d_thickness 40 168 72 0.066555374168473600
minecraft:spaghetti_2d_thickness 77 197 17 0.10876979180184329
minecraft:spaghetti_2d_thickness 114 226 90 0.13415757510541804
minecraft:spaghetti_2d_thickness 23 255 35 0.081105873353838430
minecraft:spaghetti_2d_thickness 60 284 108 0.10378416857308008
minecraft:spaghetti_2d_thickness 97 313 53 0.14167100680282882
minecraft:spaghetti_2d_thickness 6 -42 126 -0.064267290722799520
minecraft:spaghetti_2d_thickness 43 -13 71 -0.0084436028643541000
minecraft:spaghetti_2d_thickness 80 16 16 0.042434352707968420
minecraft:spaghetti_2d_thickness 117 45 89 0.073248384386241690
minecraft:spaghetti_2d_thickness 26 74 34 0.028432191319413820
minecraft:spaghetti_2d_thickness 63 103 107 0.055565969526269230
minecraft:spaghetti_2d_thickness 100 132 52 0.10146520829489668
minecraft:spaghetti_2d_thickness 9 161 125 0.030756604395882254
minecraft:spaghetti_2d_thickness 46 190 70 0.077700829429863480
minecraft:spaghetti_2d_thickness 83 219 15 0.11836670248441807
minecraft:spaghetti_2d_thickness 120 248 88 0.14340683979242680
minecraft:spaghetti_2d_thickness 29 277 33 0.089852203147306960
minecraft:spaghetti_2d_thickness 66 306 106 0.11231975322618223
minecraft:spaghetti_2d_thickness 103 -49 51 0.017910626841927263
minecraft:spaghetti_2d_thickness 12 -20 124 -0.046627718496223260
minecraft:spaghetti_2d_thickness 49 9 69 0.0081589364370211750
minecraft:spaghetti_2d_thickness 86 38 14 0.057656907896588415
minecraft:spaghetti_2d_thickness 123 67 87 0.087981641981061660
minecraft:spaghetti_2d_thickness 32 96 32 0.042173255003412480
minecraft:spaghetti_2d_thickness 69 125 105 0.068894869695262180
minecraft:spaghetti_2d_thickness 106 154 50 0.11318694717466136
minecraft:spaghetti_2d_thickness 15 183 123 0.042660457100204364
minecraft:spaghetti_2d_thickness 52 212 68 0.088180041184721570
minecraft:spaghetti_2d_thickness 89 241 13 0.12733335297924422
minecraft:spaghetti_2d_thickness 126 270 86 0.15207512067847520
minecraft:spaghetti_2d_thickness 35 299 31 0.098112259887834550
minecraft:spaghetti_2d_thickness 72 -56 104 -0.017263674103749856
minecraft:spaghetti_2d_thickness 109 -27 49 0.035141131885817190
minecraft:spaghetti_2d_thickness 18 2 122 -0.029513755229927708
minecraft:spaghetti_2d_thickness 55 31 67 0.024123441424606464
minecraft:spaghetti_2d_thickness 92 60 12 0.072145809291882660
minecraft:spaghetti_2d_thickness 1 89 85 0.0062220217002165170
minecraft:spaghetti_2d_thickness 38 118 30 0.055184250317647184
minecraft:spaghetti_2d_thickness 75 147 103 0.081488649607589770
minecraft:spaghetti_2d_thickness 112 176 48 0.12415663478091434
minecraft:spaghetti_2d_thickness 21 205 121 0.053914172068263890
minecraft:spaghetti_2d_thickness 58 234 66 0.098029929714405540
minecraft:spaghetti_2d_thickness 95 263 11 0.13572519939245126
minecraft:spaghetti_2d_thickness 4 292 84 0.065977957309573480
minecraft:spaghetti_2d_thickness 41 -63 29 -0.031003852056923305
minecraft:spaghetti_2d_thickness 78 -34 102 0.00056807838190134350
minecraft:spaghetti_2d_thickness 115 -5 47 0.051743367562289234
minecraft:spaghetti_2d_thickness 24 24 120 -0.012972804977366923
minecraft:spaghetti_2d_thickness 61 53 65 0.039408334749651780
minecraft:spaghetti_2d_thickness 98 82 10 0.085874583156271740
minecraft:spaghetti_2d_thickness 7 111 83 0.019973633314693307
minecraft:spaghetti_2d_thickness 44 140 28 0.067461358902277020
minecraft:spaghetti_2d_thickness 81 169 101 0.093352382783803550
minecraft:spaghetti_2d_thickness 118 198 46 0.13439697495386427
minecraft:spaghetti_2d_thickness 27 227 119 0.064546980526915130
minecraft:spaghetti_3d_1 0 -64 0 -0.24345858005692295
minecraft:spaghetti_3d_1 37 -35 73 -0.030581673599918420
minecraft:spaghetti_3d_1 74 -6 18 0.33581753906911416
minecraft:spaghetti_3d_1 111 23 91 0.35386967977231876
minecraft:spaghetti_3d_1 20 52 36 -0.19772968450667835
minecraft:spaghetti_3d_1 57 81 109 -0.41078099659447487
minecraft:spaghetti_3d_1 94 110 54 -0.12921556606387040
minecraft:spaghetti_3d_1 3 139 127 0.10803948377054387
minecraft:spaghetti_3d_1 40 168 72 0.54433161936521270
minecraft:spaghetti_3d_1 77 197 17 0.67625909963501410
minecraft:spaghetti_3d_1 114 226 90 0.41386342762397965
minecraft:spaghetti_3d_1 23 255 35 0.22528067782865488
minecraft:spaghetti_3d_1 60 284 108 0.11556668242194483
minecraft:spaghetti_3d_1 97 313 53 0.082351550574645590
minecraft:spaghetti_3d_1 6 -42 126 -0.020326870198875270
minecraft:spaghetti_3d_1 43 -13 71 0.17825671862517511
minecraft:spaghetti_3d_1 80 16 16 0.25841670591240806
minecraft:spaghetti_3d_1 117 45 89 0.083517024247909260
minecraft:spaghetti_3d_1 26 74 34 -0.35165805657531020
minecraft:spaghetti_3d_1 63 103 107 -0.28557502917437530
minecraft:spaghetti_3d_1 100 132 52 0.10073089266860226
minecraft:spaghetti_3d_1 9 161 125 0.19263640682586775
minecraft:spaghetti_3d_1 46 190 70 0.68557900829967360
minecraft:spaghetti_3d_1 83 219 15 0.60312249487811600
minecraft:spaghetti_3d_1 120 248 88 0.36664167702153020
minecraft:spaghetti_3d_1 29 277 33 0.14465976150890023
minecraft:spaghetti_3d_1 66 306 106 0.035751766443105600
minecraft:spaghetti_3d_1 103 -49 51 0.10325357670704036
minecraft:spaghetti_3d_1 12 -20 124 0.098499382982347800
minecraft:spaghetti_3d_1 49 9 69 0.24206014391357370
minecraft:spaghetti_3d_1 86 38 14 0.074773816601814560
minecraft:spaghetti_3d_1 123 67 87 -0.12171862417478520
minecraft:spaghetti_3d_1 32 96 32 -0.30652949395961915
minecraft:spaghetti_3d_1 69 125 105 0.014642842844960051
minecraft:spaghetti_3d_1 106 154 50 0.40586434621359420
minecraft:spaghetti_3d_1 15 183 123 0.20539730863176944
minecraft:spaghetti_3d_1 52 212 68 0.72077711824247060
minecraft:spaghetti_3d_1 89 241 13 0.50735333837476250
minecraft:spaghetti_3d_1 126 270 86 0.18390923725995900
minecraft:spaghetti_3d_1 35 299 31 0.10015449212402738
minecraft:spaghetti_3d_1 72 -56 104 0.13004093804915504
minecraft:spaghetti_3d_1 109 -27 49 0.30519611097723600
minecraft:spaghetti_3d_1 18 2 122 0.17432640546474729
minecraft:spaghetti_3d_1 55 31 67 0.080713806668303410
minecraft:spaghetti_3d_1 92 60 12 -0.066098933360762320
minecraft:spaghetti_3d_1 1 89 85 -0.33710763291471646
minecraft:spaghetti_3d_1 38 118 30 -0.073747984184740770
minecraft:spaghetti_3d_1 75 147 103 0.37464517571196215
minecraft:spaghetti_3d_1 112 176 48 0.55722839893398100
minecraft:spaghetti_3d_1 21 205 121 0.23720880889465878
minecraft:spaghetti_3d_1 58 234 66 0.68730970693762250
minecraft:spaghetti_3d_1 95 263 11 0.42322929038283500
minecraft:spaghetti_3d_1 4 292 84 0.26523717341533193
minecraft:spaghetti_3d_1 41 -63 29 -0.058397761759200285
minecraft:spaghetti_3d_1 78 -34 102 0.34905182796237577
minecraft:spaghetti_3d_1 115 -5 47 0.36803988343801275
minecraft:spaghetti_3d_1 24 24 120 0.090421194735673060
minecraft:spaghetti_3d_1 61 53 65 -0.14629028278179632
minecraft:spaghetti_3d_1 98 82 10 -0.14819365490706365
minecraft:spaghetti_3d_1 7 111 83 -0.37522442175279260
minecraft:spaghetti_3d_1 44 140 28 0.28657379749228530
minecraft:spaghetti_3d_1 81 169 101 0.55396117135443190
minecraft:spaghetti_3d_1 118 198 46 0.56866749453912720
minecraft:spaghetti_3d_1 27 227 119 0.29778512310065160
minecraft:spaghetti_3d_2 0 -64 0 -0.53808108306815400
minecraft:spaghetti_3d_2 37 -35 73 -0.60272195893708350
minecraft:spaghetti_3d_2 74 -6 18 0.096911363299877320
minecraft:spaghetti_3d_2 111 23 91 -0.049359652244965860
minecraft:spaghetti_3d_2 20 52 36 -0.55258908306261360
minecraft:spaghetti_3d_2 57 81 109 -0.68556148837710180
minecraft:spaghetti_3d_2 94 110 54 0.12967953998531373
minecraft:spaghetti_3d_2 3 139 127 -0.47667291987335897
minecraft:spaghetti_3d_2 40 168 72 0.040327146734698600
minecraft:spaghetti_3d_2 77 197 17 0.35621627287606520
minecraft:spaghetti_3d_2 114 226 90 -0.60412051586298320
minecraft:spaghetti_3d_2 23 255 35 -0.30992229896958560
minecraft:spaghetti_3d_2 60 284 108 -0.30008965210180700
minecraft:spaghetti_3d_2 97 313 53 -0.25033372035559210
minecraft:spaghetti_3d_2 6 -42 126 -0.46917203515832400
minecraft:spaghetti_3d_2 43 -13 71 -0.38716304029246995
minecraft:spaghetti_3d_2 80 16 16 0.020420888587874320
minecraft:spaghetti_3d_2 117 45 89 -0.19412626025027646
minecraft:spaghetti_3d_2 26 74 34 -0.39162826377172355
minecraft:spaghetti_3d_2 63 103 107 -0.50122315938402580
minecraft:spaghetti_3d_2 100 132 52 0.28656098168071020
minecraft:spaghetti_3d_2 9 161 125 -0.44746911324373034
minecraft:spaghetti_3d_2 46 190 70 -0.075424880337157180
minecraft:spaghetti_3d_2 83 219 15 0.18195833283710988
minecraft:spaghetti_3d_2 120 248 88 -0.57229894947673440
minecraft:spaghetti_3d_2 29 277 33 -0.40304300345550130
minecraft:spaghetti_3d_2 66 306 106 -0.062529268546236500
minecraft:spaghetti_3d_2 103 -49 51 0.61673775395454820
minecraft:spaghetti_3d_2 12 -20 124 -0.33619340801232356
minecraft:spaghetti_3d_2 49 9 69 -0.33819246873352826
minecraft:spaghetti_3d_2 86 38 14 -0.020271356068047978
minecraft:spaghetti_3d_2 123 67 87 -0.17333646343421083
minecraft:spaghetti_3d_2 32 96 32 -0.085178410179222950
minecraft:spaghetti_3d_2 69 125 105 -0.23507763319913080
minecraft:spaghetti_3d_2 106 154 50 0.36228346354014457
minecraft:spaghetti_3d_2 15 183 123 -0.43211946320986230
minecraft:spaghetti_3d_2 52 212 68 -0.30461905091132200
minecraft:spaghetti_3d_2 89 241 13 0.11931354342392256
minecraft:spaghetti_3d_2 126 270 86 -0.44001243029030100
minecraft:spaghetti_3d_2 35 299 31 -0.41097206567130860
minecraft:spaghetti_3d_2 72 -56 104 -0.37873104492588405
minecraft:spaghetti_3d_2 109 -27 49 0.70377332115133460
minecraft:spaghetti_3d_2 18 2 122 -0.24490843457753822
minecraft:spaghetti_3d_2 55 31 67 -0.44711993141144070
minecraft:spaghetti_3d_2 92 60 12 0.054450898274872270
minecraft:spaghetti_3d_2 1 89 85 -0.58478199693073900
minecraft:spaghetti_3d_2 38 118 30 0.17393142891014687
minecraft:spaghetti_3d_2 75 147 103 -0.039269573258935736
minecraft:spaghetti_3d_2 112 176 48 0.25120572188894247
minecraft:spaghetti_3d_2 21 205 121 -0.47234778104973170
minecraft:spaghetti_3d_2 58 234 66 -0.43105565694481250
minecraft:spaghetti_3d_2 95 263 11 0.10023126091884009
minecraft:spaghetti_3d_2 4 292 84 -0.30064332547457734
minecraft:spaghetti_3d_2 41 -63 29 -0.43481857201132670
minecraft:spaghetti_3d_2 78 -34 102 -0.13268224147846286
minecraft:spaghetti_3d_2 115 -5 47 0.61888275885318970
minecraft:spaghetti_3d_2 24 24 120 -0.32093257591130420
minecraft:spaghetti_3d_2 61 53 65 -0.52640612581447390
minecraft:spaghetti_3d_2 98 82 10 0.24757302531709360
minecraft:spaghetti_3d_2 7 111 83 -0.39075957444906900
minecraft:spaghetti_3d_2 44 140 28 0.33572785317686970
minecraft:spaghetti_3d_2 81 169 101 -0.032537426908532950
minecraft:spaghetti_3d_2 118 198 46 -0.048904782709380440
minecraft:spaghetti_3d_2 27 227 119 -0.47878460871018800
minecraft:spaghetti_3d_rarity 0 -64 0 -0.28620904207697073
minecraft:spaghetti_3d_rarity 37 -35 73 -0.27821121228000406
minecraft:spaghetti_3d_rarity 74 -6 18 -0.23526182445071772
minecraft:spaghetti_3d_rarity 111 23 91 -0.22655257377039742
minecraft:spaghetti_3d_rarity 20 52 36 -0.25772167959268190
minecraft:spaghetti_3d_rarity 57 81 109 -0.25045338134983430
minecraft:spaghetti_3d_rarity 94 110 54 -0.20148457714901488
minecraft:spaghetti_3d_rarity 3 139 127 -0.26819740516480217
minecraft:spaghetti_3d_rarity 40 168 72 -0.22059859370936516
minecraft:spaghetti_3d_rarity 77 197 17 -0.17065322165913444
minecraft:spaghetti_3d_rarity 114 226 90 -0.16197527153481295
minecraft:spaghetti_3d_rarity 23 255 35 -0.18678520212458424
minecraft:spaghetti_3d_rarity 60 284 108 -0.18025055332490267
minecraft:spaghetti_3d_rarity 97 313 53 -0.12731197896996976
minecraft:spaghetti_3d_rarity 6 -42 126 -0.31045624234619085
minecraft:spaghetti_3d_rarity 43 -13 71 -0.26986354876646200
minecraft:spaghetti_3d_rarity 80 16 16 -0.22569951886697273
minecraft:spaghetti_3d_rarity 117 45 89 -0.21671036737726534
minecraft:spaghetti_3d_rarity 26 74 34 -0.24754024131702910
minecraft:spaghetti_3d_rarity 63 103 107 -0.23996755021393545
minecraft:spaghetti_3d_rarity 100 132 52 -0.18992653880542681
minecraft:spaghetti_3d_rarity 9 161 125 -0.25738898342045496
minecraft:spaghetti_3d_rarity 46 190 70 -0.20880166547027218
minecraft:spaghetti_3d_rarity 83 219 15 -0.15817613889522533
minecraft:spaghetti_3d_rarity 120 248 88 -0.14956058990546253
minecraft:spaghetti_3d_rarity 29 277 33 -0.17448433210873130
minecraft:spaghetti_3d_rarity 66 306 106 -0.16802613634603010
minecraft:spaghetti_3d_rarity 103 -49 51 -0.23474182076575670
minecraft:spaghetti_3d_rarity 12 -20 124 -0.30296576523312160
minecraft:spaghetti_3d_rarity 49 9 69 -0.26104577455154443
minecraft:spaghetti_3d_rarity 86 38 14 -0.21566412565874737
minecraft:spaghetti_3d_rarity 123 67 87 -0.20638370541290332
minecraft:spaghetti_3d_rarity 32 96 32 -0.23687084791870522
minecraft:spaghetti_3d_rarity 69 125 105 -0.22905929661597543
minecraft:spaghetti_3d_rarity 106 154 50 -0.17805141127248622
minecraft:spaghetti_3d_rarity 15 183 123 -0.24624759343911856
minecraft:spaghetti_3d_rarity 52 212 68 -0.19677727500938363
minecraft:spaghetti_3d_rarity 89 241 13 -0.14558159020903685
minecraft:spaghetti_3d_rarity 126 270 86 -0.13706632475422310
minecraft:spaghetti_3d_rarity 35 299 31 -0.16214524042807124
minecraft:spaghetti_3d_rarity 72 -56 104 -0.27047367876365086
minecraft:spaghetti_3d_rarity 109 -27 49 -0.22594645224018510
minecraft:spaghetti_3d_rarity 18 2 122 -0.29500308568622150
minecraft:spaghetti_3d_rarity 55 31 67 -0.25174149661167950
minecraft:spaghetti_3d_rarity 92 60 12 -0.20514377697036681
minecraft:spaghetti_3d_rarity 1 89 85 -0.27124516810145770
minecraft:spaghetti_3d_rarity 38 118 30 -0.22577059509930440
minecraft:spaghetti_3d_rarity 75 147 103 -0.21778073995299266
minecraft:spaghetti_3d_rarity 112 176 48 -0.16591278567241452
minecraft:spaghetti_3d_rarity 21 205 121 -0.23482272733945614
minecraft:spaghetti_3d_rarity 58 234 66 -0.18457574279120512
minecraft:spaghetti_3d_rarity 95 263 11 -0.13291946606962940
minecraft:spaghetti_3d_rarity 4 292 84 -0.19908506435952460
minecraft:spaghetti_3d_rarity 41 -63 29 -0.26977320585128134
minecraft:spaghetti_3d_rarity 78 -34 102 -0.26239212302115080
minecraft:spaghetti_3d_rarity 115 -5 47 -0.21672978867033493
minecraft:spaghetti_3d_rarity 24 24 120 -0.28654713110257435
minecraft:spaghetti_3d_rarity 61 53 65 -0.24193309608725158
minecraft:spaghetti_3d_rarity 98 82 10 -0.19414908341526430
minecraft:spaghetti_3d_rarity 7 111 83 -0.26089216989610050
minecraft:spaghetti_3d_rarity 44 140 28 -0.21429570542698737
minecraft:spaghetti_3d_rarity 81 169 101 -0.20618340528983470
minecraft:spaghetti_3d_rarity 118 198 46 -0.15356325722321776
minecraft:spaghetti_3d_rarity 27 227 119 -0.22316318966193247
minecraft:spaghetti_3d_thickness 0 -64 0 0.030810014088794854
minecraft:spaghetti_3d_thickness 37 -35 73 -0.14827317195618286
minecraft:spaghetti_3d_thickness 74 -6 18 0.098304843563428150
minecraft:spaghetti_3d_thickness 111 23 91 -0.012757285770526270
minecraft:spaghetti_3d_thickness 20 52 36 -0.15934972387543825
minecraft:spaghetti_3d_thickness 57 81 109 -0.14874426246285752
minecraft:spaghetti_3d_thickness 94 110 54 0.11440249224809564
minecraft:spaghetti_3d_thickness 3 139 127 -0.20318731504463466
minecraft:spaghetti_3d_thickness 40 168 72 -0.095210191599311060
minecraft:spaghetti_3d_thickness 77 197 17 0.042399015073783110
minecraft:spaghetti_3d_thickness 114 226 90 0.32549588709186020
minecraft:spaghetti_3d_thickness 23 255 35 0.088163667041913900
minecraft:spaghetti_3d_thickness 60 284 108 0.34384383148166710
minecraft:spaghetti_3d_thickness 97 313 53 0.23247315081104852
minecraft:spaghetti_3d_thickness 6 -42 126 0.034469391638090735
minecraft:spaghetti_3d_thickness 43 -13 71 -0.13259264321983108
minecraft:spaghetti_3d_thickness 80 16 16 0.14792678302549720
minecraft:spaghetti_3d_thickness 117 45 89 0.093585315370628270
minecraft:spaghetti_3d_thickness 26 74 34 -0.19722195606049683
minecraft:spaghetti_3d_thickness 63 103 107 -0.10461191549137637
minecraft:spaghetti_3d_thickness 100 132 52 0.17731429712786098
minecraft:spaghetti_3d_thickness 9 161 125 -0.13093729670950807
minecraft:spaghetti_3d_thickness 46 190 70 -0.0036243868397906978
minecraft:spaghetti_3d_thickness 83 219 15 0.12607112329005674
minecraft:spaghetti_3d_thickness 120 248 88 0.33217632917559580
minecraft:spaghetti_3d_thickness 29 277 33 0.16744383849860497
minecraft:spaghetti_3d_thickness 66 306 106 0.34751982416072380
minecraft:spaghetti_3d_thickness 103 -49 51 -0.20040744028066643
minecraft:spaghetti_3d_thickness 12 -20 124 0.012105574411324463
minecraft:spaghetti_3d_thickness 49 9 69 -0.13055687087878660
minecraft:spaghetti_3d_thickness 86 38 14 0.19244726094534920
minecraft:spaghetti_3d_thickness 123 67 87 0.20387620135976270
minecraft:spaghetti_3d_thickness 32 96 32 -0.21290311983029200
minecraft:spaghetti_3d_thickness 69 125 105 -0.036250120502257274
minecraft:spaghetti_3d_thickness 106 154 50 0.22990000829891785
minecraft:spaghetti_3d_thickness 15 183 123 -0.030827981913963177
minecraft:spaghetti_3d_thickness 52 212 68 0.091799212257780140
minecraft:spaghetti_3d_thickness 89 241 13 0.20608060394600950
minecraft:spaghetti_3d_thickness 126 270 86 0.30403619741044160
minecraft:spaghetti_3d_thickness 35 299 31 0.22108490150923973
minecraft:spaghetti_3d_thickness 72 -56 104 -0.31830871221280155
minecraft:spaghetti_3d_thickness 109 -27 49 -0.11015824757714453
minecraft:spaghetti_3d_thickness 18 2 122 -0.031540658923971954
minecraft:spaghetti_3d_thickness 55 31 67 -0.13274580911175354
minecraft:spaghetti_3d_thickness 92 60 12 0.23627811833532000
minecraft:spaghetti_3d_thickness 1 89 85 -0.30725385100890930
minecraft:spaghetti_3d_thickness 38 118 30 -0.20561485282614556
minecraft:spaghetti_3d_thickness 75 147 103 0.038980631846961517
minecraft:spaghetti_3d_thickness 112 176 48 0.28045976449151280
minecraft:spaghetti_3d_thickness 21 205 121 0.080922512715252190
minecraft:spaghetti_3d_thickness 58 234 66 0.17753582796871090
minecraft:spaghetti_3d_thickness 95 263 11 0.25898461633358610
minecraft:spaghetti_3d_thickness 4 292 84 0.38105465446213120
minecraft:spaghetti_3d_thickness 41 -63 29 -0.10339769770492448
minecraft:spaghetti_3d_thickness 78 -34 102 -0.24909258066971740
minecraft:spaghetti_3d_thickness 115 -5 47 -0.016553887751595180
minecraft:spaghetti_3d_thickness 24 24 120 -0.090072813854594330
minecraft:spaghetti_3d_thickness 61 53 65 -0.12680700983343396
minecraft:spaghetti_3d_thickness 98 82 10 0.28090715208929740
minecraft:spaghetti_3d_thickness 7 111 83 -0.29616831433749760
minecraft:spaghetti_3d_thickness 44 140 28 -0.18745617526887870
minecraft:spaghetti_3d_thickness 81 169 101 0.11679688800564288
minecraft:spaghetti_3d_thickness 118 198 46 0.32781786509461264
minecraft:spaghetti_3d_thickness 27 227 119 0.18528148177527460
minecraft:spaghetti_roughness 0 -64 0 -0.33112782322134190
minecraft:spaghetti_roughness 37 -35 73 -0.40487906052545180
minecraft:spaghetti_roughness 74 -6 18 -0.35281871705743550
minecraft:spaghetti_roughness 111 23 91 0.26979183500113780
minecraft:spaghetti_roughness 20 52 36 -0.47109086883294620
minecraft:spaghetti_roughness 57 81 109 -0.13291097874763255
minecraft:spaghetti_roughness 94 110 54 0.28558414983755980
minecraft:spaghetti_roughness 3 139 127 -0.043426009754850460
minecraft:spaghetti_roughness 40 168 72 0.15771413691301372
minecraft:spaghetti_roughness 77 197 17 0.26616260422296930
minecraft:spaghetti_roughness 114 226 90 -0.36521912200700650
minecraft:spaghetti_roughness 23 255 35 0.39585568777105890
minecraft:spaghetti_roughness 60 284 108 0.12448128772085867
minecraft:spaghetti_roughness 97 313 53 -0.47954171681186797
minecraft:spaghetti_roughness 6 -42 126 -0.0035447029360843410
minecraft:spaghetti_roughness 43 -13 71 0.41612761062730114
minecraft:spaghetti_roughness 80 16 16 0.64598621811639180
minecraft:spaghetti_roughness 117 45 89 0.18686846814997796
minecraft:spaghetti_roughness 26 74 34 -0.25094433692733330
minecraft:spaghetti_roughness 63 103 107 0.069479169381285080
minecraft:spaghetti_roughness 100 132 52 -0.25735685468983877
minecraft:spaghetti_roughness 9 161 125 0.44832409664548830
minecraft:spaghetti_roughness 46 190 70 0.070627075740228110
minecraft:spaghetti_roughness 83 219 15 0.47593202650567484
minecraft:spaghetti_roughness 120 248 88 0.72237924377183990
minecraft:spaghetti_roughness 29 277 33 0.11897538957381130
minecraft:spaghetti_roughness 66 306 106 -0.054671782954127950
minecraft:spaghetti_roughness 103 -49 51 -0.75475566042260700
minecraft:spaghetti_roughness 12 -20 124 0.094659303917562400
minecraft:spaghetti_roughness 49 9 69 0.048405209691379150
minecraft:spaghetti_roughness 86 38 14 -0.24292843387530927
minecraft:spaghetti_roughness 123 67 87 0.55910000605044870
minecraft:spaghetti_roughness 32 96 32 0.33127618172026835
minecraft:spaghetti_roughness 69 125 105 0.26047613440473950
minecraft:spaghetti_roughness 106 154 50 -0.042652038764073630
minecraft:spaghetti_roughness 15 183 123 -0.71693548192420500
minecraft:spaghetti_roughness 52 212 68 0.46876768169644140
minecraft:spaghetti_roughness 89 241 13 0.011051741621656655
minecraft:spaghetti_roughness 126 270 86 -0.061925034773055810
minecraft:spaghetti_roughness 35 299 31 0.024123694432832386
minecraft:spaghetti_roughness 72 -56 104 -0.19818755578547612
minecraft:spaghetti_roughness 109 -27 49 0.22268469060080479
minecraft:spaghetti_roughness 18 2 122 0.20398093507418505
minecraft:spaghetti_roughness 55 31 67 -0.11302101263207681
minecraft:spaghetti_roughness 92 60 12 0.035245535492473440
minecraft:spaghetti_roughness 1 89 85 -0.23378233949639474
minecraft:spaghetti_roughness 38 118 30 -0.70507006900789980
minecraft:spaghetti_roughness 75 147 103 -0.16255984786878974
minecraft:spaghetti_roughness 112 176 48 0.81444891632267970
minecraft:spaghetti_roughness 21 205 121 0.15474487945288967
minecraft:spaghetti_roughness 58 234 66 -0.50845582741185600
minecraft:spaghetti_roughness 95 263 11 -0.15337659410567606
minecraft:spaghetti_roughness 4 292 84 0.011609711972595109
minecraft:spaghetti_roughness 41 -63 29 -0.038788303823042436
minecraft:spaghetti_roughness 78 -34 102 0.18700635612539815
minecraft:spaghetti_roughness 115 -5 47 -0.25387486068208400
minecraft:spaghetti_roughness 24 24 120 -0.29290679542466140
minecraft:spaghetti_roughness 61 53 65 0.49050366854446015
minecraft:spaghetti_roughness 98 82 10 -0.31098688044188670
minecraft:spaghetti_roughness 7 111 83 -0.23107447863470842
minecraft:spaghetti_roughness 44 140 28 0.19539109403066596
minecraft:spaghetti_roughness 81 169 101 -0.0038984023329405080
minecraft:spaghetti_roughness 118 198 46 0.43297534636696994
minecraft:spaghetti_roughness 27 227 119 0.041225914789806760
minecraft:spaghetti_roughness_modulator 0 -64 0 -0.53872467871349390
minecraft:spaghetti_roughness_modulator 37 -35 73 -0.53807032621588370
minecraft:spaghetti_roughness_modulator 74 -6 18 -0.94195121335106910
minecraft:spaghetti_roughness_modulator 111 23 91 -0.90196162595106420
minecraft:spaghetti_roughness_modulator 20 52 36 -0.55009821395861280
minecraft:spaghetti_roughness_modulator 57 81 109 -0.55799569065541610
minecraft:spaghetti_roughness_modulator 94 110 54 -0.50077826451821030
minecraft:spaghetti_roughness_modulator 3 139 127 -0.21236492379848290
minecraft:spaghetti_roughness_modulator 40 168 72 -0.048639590349238836
minecraft:spaghetti_roughness_modulator 77 197 17 0.16507316943094200
minecraft:spaghetti_roughness_modulator 114 226 90 0.16080754923350418
minecraft:spaghetti_roughness_modulator 23 255 35 0.40315844297624820
minecraft:spaghetti_roughness_modulator 60 284 108 0.19725736515789770
minecraft:spaghetti_roughness_modulator 97 313 53 0.44161517636293980
minecraft:spaghetti_roughness_modulator 6 -42 126 -0.14100009880538553
minecraft:spaghetti_roughness_modulator 43 -13 71 -0.68888568133928950
minecraft:spaghetti_roughness_modulator 80 16 16 -0.99517701639042900
minecraft:spaghetti_roughness_modulator 117 45 89 -0.89008891249482450
minecraft:spaghetti_roughness_modulator 26 74 34 -0.44432586999966195
minecraft:spaghetti_roughness_modulator 63 103 107 -0.48508959065869850
minecraft:spaghetti_roughness_modulator 100 132 52 -0.31859124606005995
minecraft:spaghetti_roughness_modulator 9 161 125 -0.24804218150692140
minecraft:spaghetti_roughness_modulator 46 190 70 0.042463926996407934
minecraft:spaghetti_roughness_modulator 83 219 15 0.25930877363732530
minecraft:spaghetti_roughness_modulator 120 248 88 0.23801259032223718
minecraft:spaghetti_roughness_modulator 29 277 33 0.45604085193871700
minecraft:spaghetti_roughness_modulator 66 306 106 0.27309608571201566
minecraft:spaghetti_roughness_modulator 103 -49 51 -0.53848137892633240
minecraft:spaghetti_roughness_modulator 12 -20 124 -0.23897539365350900
minecraft:spaghetti_roughness_modulator 49 9 69 -0.78857587880610910
minecraft:spaghetti_roughness_modulator 86 38 14 -0.96624799827647110
minecraft:spaghetti_roughness_modulator 123 67 87 -0.80772344981428810
minecraft:spaghetti_roughness_modulator 32 96 32 -0.32176451738081920
minecraft:spaghetti_roughness_modulator 69 125 105 -0.38994017310378680
minecraft:spaghetti_roughness_modulator 106 154 50 -0.13365947850149157
minecraft:spaghetti_roughness_modulator 15 183 123 -0.23650999619380297
minecraft:spaghetti_roughness_modulator 52 212 68 0.13883408552842025
minecraft:spaghetti_roughness_modulator 89 241 13 0.33406515341107810
minecraft:spaghetti_roughness_modulator 126 270 86 0.30139108891742040
minecraft:spaghetti_roughness_modulator 35 299 31 0.49673265248987010
minecraft:spaghetti_roughness_modulator 72 -56 104 -0.48320452585243430
minecraft:spaghetti_roughness_modulator 109 -27 49 -0.70910789723196130
minecraft:spaghetti_roughness_modulator 18 2 122 -0.32294717898470693
minecraft:spaghetti_roughness_modulator 55 31 67 -0.82160963797396450
minecraft:spaghetti_roughness_modulator 92 60 12 -0.86580034808941100
minecraft:spaghetti_roughness_modulator 1 89 85 -0.11303113786258959
minecraft:spaghetti_roughness_modulator 38 118 30 -0.20347120752892100
minecraft:spaghetti_roughness_modulator 75 147 103 -0.27638262282923115
minecraft:spaghetti_roughness_modulator 112 176 48 0.036507383184341450
minecraft:spaghetti_roughness_modulator 21 205 121 -0.18547894317009708
minecraft:spaghetti_roughness_modulator 58 234 66 0.23839167505541203
minecraft:spaghetti_roughness_modulator 95 263 11 0.37967546797861734
minecraft:spaghetti_roughness_modulator 4 292 84 0.31794842113586140
minecraft:spaghetti_roughness_modulator 41 -63 29 -0.50143171439900910
minecraft:spaghetti_roughness_modulator 78 -34 102 -0.63817522202574740
minecraft:spaghetti_roughness_modulator 115 -5 47 -0.83866295218914400
minecraft:spaghetti_roughness_modulator 24 24 120 -0.38557306380368970
minecraft:spaghetti_roughness_modulator 61 53 65 -0.78565855774657340
minecraft:spaghetti_roughness_modulator 98 82 10 -0.71670347667820190
minecraft:spaghetti_roughness_modulator 7 111 83 -0.10655070672716380
minecraft:spaghetti_roughness_modulator 44 140 28 -0.091166440274341220
minecraft:spaghetti_roughness_modulator 81 169 101 -0.15493547395340557
minecraft:spaghetti_roughness_modulator 118 198 46 0.17455775868256800
minecraft:spaghetti_roughness_modulator 27 227 119 -0.10685809894479052
minecraft:cave_entrance 0 -64 0 0.069497718723663100
minecraft:cave_entrance 37 -35 73 0.085432168320003070
minecraft:cave_entrance 74 -6 18 0.36996309775051450
minecraft:cave_entrance 111 23 91 0.21169037804923140
minecraft:cave_entrance 20 52 36 0.0076393636838591880
minecraft:cave_entrance 57 81 109 -0.10014407436210960
minecraft:cave_entrance 94 110 54 -0.13945228092544810
minecraft:cave_entrance 3 139 127 -0.13178710030219956
minecraft:cave_entrance 40 168 72 0.19055986271962205
minecraft:cave_entrance 77 197 17 -0.075716734966520970
minecraft:cave_entrance 114 226 90 0.038777581910015790
minecraft:cave_entrance 23 255 35 0.13155474345871604
minecraft:cave_entrance 60 284 108 0.20426647732537287
minecraft:cave_entrance 97 313 53 0.22101826549942635
minecraft:cave_entrance 6 -42 126 -0.033865689568494756
minecraft:cave_entrance 43 -13 71 -0.0057475483453482910
minecraft:cave_entrance 80 16 16 0.45275455817649860
minecraft:cave_entrance 117 45 89 -0.14624914167525938
minecraft:cave_entrance 26 74 34 -0.16055553245784973
minecraft:cave_entrance 63 103 107 -0.078363011970745840
minecraft:cave_entrance 100 132 52 -0.10155240146399686
minecraft:cave_entrance 9 161 125 -0.0011321686012924840
minecraft:cave_entrance 46 190 70 0.23217691627386790
minecraft:cave_entrance 83 219 15 -0.19586809305783998
minecraft:cave_entrance 120 248 88 0.11404881887029171
minecraft:cave_entrance 29 277 33 0.27511895735899855
minecraft:cave_entrance 66 306 106 0.17905763646063050
minecraft:cave_entrance 103 -49 51 0.34266532778512315
minecraft:cave_entrance 12 -20 124 -0.29333680991165880
minecraft:cave_entrance 49 9 69 0.050777596740135510
minecraft:cave_entrance 86 38 14 0.20833066485119986
minecraft:cave_entrance 123 67 87 -0.27222078431128350
minecraft:cave_entrance 32 96 32 -0.014163589855734435
minecraft:cave_entrance 69 125 105 -0.015742533777602576
minecraft:cave_entrance 106 154 50 0.056003739081689870
minecraft:cave_entrance 15 183 123 -0.0025890035006102645
minecraft:cave_entrance 52 212 68 0.14369936694365398
minecraft:cave_entrance 89 241 13 -0.11668745958727687
minecraft:cave_entrance 126 270 86 0.23338343067729386
minecraft:cave_entrance 35 299 31 0.078708139861513520
minecraft:cave_entrance 72 -56 104 0.20117849798423750
minecraft:cave_entrance 109 -27 49 0.37053737415310795
minecraft:cave_entrance 18 2 122 -0.16185282103893660
minecraft:cave_entrance 55 31 67 0.027940144967353406
minecraft:cave_entrance 92 60 12 0.069604577257634410
minecraft:cave_entrance 1 89 85 -0.21389672030320650
minecraft:cave_entrance 38 118 30 0.068748284731973680
minecraft:cave_entrance 75 147 103 0.10088467996222018
minecraft:cave_entrance 112 176 48 0.26848058876625190
minecraft:cave_entrance 21 205 121 -0.10950070874922477
minecraft:cave_entrance 58 234 66 0.26352356024571977
minecraft:cave_entrance 95 263 11 -0.17490216401828850
minecraft:cave_entrance 4 292 84 -0.064501452775235250
minecraft:cave_entrance 41 -63 29 0.0063894242589782090
minecraft:cave_entrance 78 -34 102 0.29843482699328020
minecraft:cave_entrance 115 -5 47 0.44539738949723656
minecraft:cave_entrance 24 24 120 0.020176262043362092
minecraft:cave_entrance 61 53 65 0.021952110439387840
minecraft:cave_entrance 98 82 10 -0.091477680477838520
minecraft:cave_entrance 7 111 83 0.19507848566532976
minecraft:cave_entrance 44 140 28 -0.090091026600618770
minecraft:cave_entrance 81 169 101 0.069689940321664670
minecraft:cave_entrance 118 198 46 -0.020399558849019065
minecraft:cave_entrance 27 227 119 0.0048057201782092385
minecraft:cave_layer 0 -64 0 -0.29315238334787900
minecraft:cave_layer 37 -35 73 -0.14098336926689620
minecraft:cave_layer 74 -6 18 -0.42527981514683130
minecraft:cave_layer 111 23 91 -0.082318239159879010
minecraft:cave_layer 20 52 36 -0.12348026168605931
minecraft:cave_layer 57 81 109 0.14966792030916273
minecraft:cave_layer 94 110 54 -0.34107227168295070
minecraft:cave_layer 3 139 127 0.32827563668855740
minecraft:cave_layer 40 168 72 -0.25917958142499280
minecraft:cave_layer 77 197 17 -0.62799396612514670
minecraft:cave_layer 114 226 90 -0.58365378147871070
minecraft:cave_layer 23 255 35 -0.42473031604684514
minecraft:cave_layer 60 284 108 -0.36812501805397513
minecraft:cave_layer 97 313 53 -0.42729194965476260
minecraft:cave_layer 6 -42 126 -0.098618886610901300
minecraft:cave_layer 43 -13 71 -0.10368780465315104
minecraft:cave_layer 80 16 16 -0.47655117228791990
minecraft:cave_layer 117 45 89 -0.11625472505060437
minecraft:cave_layer 26 74 34 -0.13873678784223825
minecraft:cave_layer 63 103 107 0.049798174592519440
minecraft:cave_layer 100 132 52 -0.42556747669240397
minecraft:cave_layer 9 161 125 0.16148452343397860
minecraft:cave_layer 46 190 70 -0.38795706667805290
minecraft:cave_layer 83 219 15 -0.64169718854903730
minecraft:cave_layer 120 248 88 -0.57610504620385700
minecraft:cave_layer 29 277 33 -0.37508038152646384
minecraft:cave_layer 66 306 106 -0.29080520429427176
minecraft:cave_layer 103 -49 51 -0.21808432318301424
minecraft:cave_layer 12 -20 124 0.010988575947907980
minecraft:cave_layer 49 9 69 -0.069097880792003240
minecraft:cave_layer 86 38 14 -0.51403477581538460
minecraft:cave_layer 123 67 87 -0.16119778820064057
minecraft:cave_layer 32 96 32 -0.19235881822202452
minecraft:cave_layer 69 125 105 -0.080314509748548530
minecraft:cave_layer 106 154 50 -0.50834364193282670
minecraft:cave_layer 15 183 123 -0.0031373229606664860
minecraft:cave_layer 52 212 68 -0.47997992661783206
minecraft:cave_layer 89 241 13 -0.63162888988435280
minecraft:cave_layer 126 270 86 -0.53071915802715310
minecraft:cave_layer 35 299 31 -0.29751496767433130
minecraft:cave_layer 72 -56 104 0.024160194382922580
minecraft:cave_layer 109 -27 49 -0.28234150178811490
minecraft:cave_layer 18 2 122 0.13460475822518478
minecraft:cave_layer 55 31 67 -0.053951532401237165
minecraft:cave_layer 92 60 12 -0.53796403504780580
minecraft:cave_layer 1 89 85 0.34106569700036750
minecraft:cave_layer 38 118 30 -0.27778734507197530
minecraft:cave_layer 75 147 103 -0.22182191266775770
minecraft:cave_layer 112 176 48 -0.57312143738326910
minecraft:cave_layer 21 205 121 -0.15221892874769058
minecraft:cave_layer 58 234 66 -0.52473828818720940
minecraft:cave_layer 95 263 11 -0.60496708256190580
minecraft:cave_layer 4 292 84 -0.10095624760574716
minecraft:cave_layer 41 -63 29 -0.22044978646757470
minecraft:cave_layer 78 -34 102 0.0058897908103080860
minecraft:cave_layer 115 -5 47 -0.33154127315062960
minecraft:cave_layer 24 24 120 0.24021340685880435
minecraft:cave_layer 61 53 65 -0.068476393988139570
minecraft:cave_layer 98 82 10 -0.55166513327295090
minecraft:cave_layer 7 111 83 0.26201182529208860
minecraft:cave_layer 44 140 28 -0.38207529636304627
minecraft:cave_layer 81 169 101 -0.35333701768731507
minecraft:cave_layer 118 198 46 -0.61509849677102550
minecraft:cave_layer 27 227 119 -0.26665116671136860
minecraft:cave_cheese 0 -64 0 -0.0032343078163419470
minecraft:cave_cheese 37 -35 73 -0.24379853181753220
minecraft:cave_cheese 74 -6 18 -0.17919447122412205
minecraft:cave_cheese 111 23 91 -0.22671863841235945
minecraft:cave_cheese 20 52 36 -0.18940363029598392
minecraft:cave_cheese 57 81 109 -0.15764964868710810
minecraft:cave_cheese 94 110 54 0.085907214053605700
minecraft:cave_cheese 3 139 127 -0.49163085060679340
minecraft:cave_cheese 40 168 72 -0.14041578880332647
minecraft:cave_cheese 77 197 17 -0.11565735808196054
minecraft:cave_cheese 114 226 90 0.037481191824650870
minecraft:cave_cheese 23 255 35 -0.051716946671952480
minecraft:cave_cheese 60 284 108 -0.037573523376737770
minecraft:cave_cheese 97 313 53 0.18832765823133957
minecraft:cave_cheese 6 -42 126 -0.38058134749594410
minecraft:cave_cheese 43 -13 71 -0.47685958545287620
minecraft:cave_cheese 80 16 16 -0.025684669713536945
minecraft:cave_cheese 117 45 89 -0.34132102794504776
minecraft:cave_cheese 26 74 34 -0.31302301683144310
minecraft:cave_cheese 63 103 107 -0.57699078611175000
minecraft:cave_cheese 100 132 52 0.22688706398260920
minecraft:cave_cheese 9 161 125 -0.38646148595100220
minecraft:cave_cheese 46 190 70 -0.086866903316100460
minecraft:cave_cheese 83 219 15 0.0081890214925492110
minecraft:cave_cheese 120 248 88 0.25518607933898040
minecraft:cave_cheese 29 277 33 0.056425188573738050
minecraft:cave_cheese 66 306 106 -0.13444392767570124
minecraft:cave_cheese 103 -49 51 -0.10729618333778194
minecraft:cave_cheese 12 -20 124 -0.27220065304887270
minecraft:cave_cheese 49 9 69 -0.59132324400692430
minecraft:cave_cheese 86 38 14 -0.0026893547425321535
minecraft:cave_cheese 123 67 87 -0.097635810062245660
minecraft:cave_cheese 32 96 32 -0.12124749967956118
minecraft:cave_cheese 69 125 105 -0.40888419774448390
minecraft:cave_cheese 106 154 50 0.027074909708851340
minecraft:cave_cheese 15 183 123 -0.49221401534620013
minecraft:cave_cheese 52 212 68 -0.012734267871626080
minecraft:cave_cheese 89 241 13 0.18803587775330105
minecraft:cave_cheese 126 270 86 0.16323129267726388
minecraft:cave_cheese 35 299 31 -0.023807345231043640
minecraft:cave_cheese 72 -56 104 0.19387943757080112
minecraft:cave_cheese 109 -27 49 -0.25570115610380917
minecraft:cave_cheese 18 2 122 -0.37271778419349350
minecraft:cave_cheese 55 31 67 -0.38956826521654836
minecraft:cave_cheese 92 60 12 0.060907791230390015
minecraft:cave_cheese 1 89 85 -0.23520190142683153
minecraft:cave_cheese 38 118 30 -0.089241637354469740
minecraft:cave_cheese 75 147 103 -0.068432174490109310
minecraft:cave_cheese 112 176 48 0.015108142054661030
minecraft:cave_cheese 21 205 121 -0.42864575766798800
minecraft:cave_cheese 58 234 66 0.18393352634777102
minecraft:cave_cheese 95 263 11 0.33489195587640760
minecraft:cave_cheese 4 292 84 -0.29989465865933360
minecraft:cave_cheese 41 -63 29 0.029975358524179260
minecraft:cave_cheese 78 -34 102 0.10226512733990227
minecraft:cave_cheese 115 -5 47 0.038947779992016290
minecraft:cave_cheese 24 24 120 -0.36150298978581874
minecraft:cave_cheese 61 53 65 -0.29728812309056263
minecraft:cave_cheese 98 82 10 0.056706715518290410
minecraft:cave_cheese 7 111 83 -0.37352531801063920
minecraft:cave_cheese 44 140 28 -0.10176250574740783
minecraft:cave_cheese 81 169 101 0.15535810013952600
minecraft:cave_cheese 118 198 46 0.060848432649768920
minecraft:cave_cheese 27 227 119 -0.23172560148491667
minecraft:ore_veininess 0 -64 0 0.12258831841184850
minecraft:ore_veininess 37 -35 73 0.30921486312767400
minecraft:ore_veininess 74 -6 18 0.31064337337158193
minecraft:ore_veininess 111 23 91 0.35206127177902324
minecraft:ore_veininess 20 52 36 0.38231698388328410
minecraft:ore_veininess 57 81 109 0.032532714847197980
minecraft:ore_veininess 94 110 54 0.52417340313279860
minecraft:ore_veininess 3 139 127 -0.30407962486568035
minecraft:ore_veininess 40 168 72 0.33518097642968300
minecraft:ore_veininess 77 197 17 0.54991165841903460
minecraft:ore_veininess 114 226 90 -0.011193633293701636
minecraft:ore_veininess 23 255 35 0.38041862108945830
minecraft:ore_veininess 60 284 108 0.11716200496281225
minecraft:ore_veininess 97 313 53 0.17993592943458794
minecraft:ore_veininess 6 -42 126 0.033106150405168656
minecraft:ore_veininess 43 -13 71 0.32749106061836086
minecraft:ore_veininess 80 16 16 0.38230226515778610
minecraft:ore_veininess 117 45 89 0.38712600854668927
minecraft:ore_veininess 26 74 34 0.43713525404404796
minecraft:ore_veininess 63 103 107 0.028645855423985270
minecraft:ore_veininess 100 132 52 0.52388011812055580
minecraft:ore_veininess 9 161 125 -0.24414694412147311
minecraft:ore_veininess 46 190 70 0.34431681158397676
minecraft:ore_veininess 83 219 15 0.45486876619967714
minecraft:ore_veininess 120 248 88 -0.055770917587857900
minecraft:ore_veininess 29 277 33 0.30418938951651625
minecraft:ore_veininess 66 306 106 0.18593790315474104
minecraft:ore_veininess 103 -49 51 0.29320926415743880
minecraft:ore_veininess 12 -20 124 0.026091639850890448
minecraft:ore_veininess 49 9 69 0.35493175796698917
minecraft:ore_veininess 86 38 14 0.46115121871862375
minecraft:ore_veininess 123 67 87 0.41234907182710134
minecraft:ore_veininess 32 96 32 0.50929164027706640
minecraft:ore_veininess 69 125 105 0.033448860669183600
minecraft:ore_veininess 106 154 50 0.49302719167159440
minecraft:ore_veininess 15 183 123 -0.18010852363776640
minecraft:ore_veininess 52 212 68 0.33265830642518140
minecraft:ore_veininess 89 241 13 0.34918477195612885
minecraft:ore_veininess 126 270 86 -0.073240418542757730
minecraft:ore_veininess 35 299 31 0.21875848217037513
minecraft:ore_veininess 72 -56 104 0.24657130019818700
minecraft:ore_veininess 109 -27 49 0.33072284152045020
minecraft:ore_veininess 18 2 122 0.022615789467669473
minecraft:ore_veininess 55 31 67 0.38035484335462677
minecraft:ore_veininess 92 60 12 0.53086603461109040
minecraft:ore_veininess 1 89 85 0.096097949100800900
minecraft:ore_veininess 38 118 30 0.58152972922280390
minecraft:ore_veininess 75 147 103 0.037840743327110140
minecraft:ore_veininess 112 176 48 0.43206250872066415
minecraft:ore_veininess 21 205 121 -0.11775623350341934
minecraft:ore_veininess 58 234 66 0.31096375869454800
minecraft:ore_veininess 95 263 11 0.23533132162495676
minecraft:ore_veininess 4 292 84 0.26534891764063970
minecraft:ore_veininess 41 -63 29 0.25443193360389604
minecraft:ore_veininess 78 -34 102 0.24454473025572815
minecraft:ore_veininess 115 -5 47 0.39271485070684930
minecraft:ore_veininess 24 24 120 0.0049010054757729160
minecraft:ore_veininess 61 53 65 0.39958450944254836
minecraft:ore_veininess 98 82 10 0.58601328527371330
minecraft:ore_veininess 7 111 83 0.14106698873134540
minecraft:ore_veininess 44 140 28 0.63265461754283800
minecraft:ore_veininess 81 169 101 0.035439917821762090
minecraft:ore_veininess 118 198 46 0.34974526992432325
minecraft:ore_veininess 27 227 119 -0.054577552419615885
minecraft:ore_vein_a 0 -64 0 -0.16702472000520227
minecraft:ore_vein_a 37 -35 73 -0.44827755762482360
minecraft:ore_vein_a 74 -6 18 -0.11130771126098774
minecraft:ore_vein_a 111 23 91 0.16808861250013613
minecraft:ore_vein_a 20 52 36 0.15547859509987690
minecraft:ore_vein_a 57 81 109 0.15189256810355412
minecraft:ore_vein_a 94 110 54 0.21054364660616529
minecraft:ore_vein_a 3 139 127 0.19711070817284530
minecraft:ore_vein_a 40 168 72 0.0014169847338868964
minecraft:ore_vein_a 77 197 17 0.028306082734051715
minecraft:ore_vein_a 114 226 90 0.049410807037546405
minecraft:ore_vein_a 23 255 35 0.064624933664459570
minecraft:ore_vein_a 60 284 108 0.17430489545183234
minecraft:ore_vein_a 97 313 53 0.095507393056751070
minecraft:ore_vein_a 6 -42 126 -0.77801005758297700
minecraft:ore_vein_a 43 -13 71 -0.27644890280375606
minecraft:ore_vein_a 80 16 16 -0.065949491446676880
minecraft:ore_vein_a 117 45 89 0.10018662716262372
minecraft:ore_vein_a 26 74 34 0.049618527994848550
minecraft:ore_vein_a 63 103 107 0.10365821178051228
minecraft:ore_vein_a 100 132 52 0.14894002008609977
minecraft:ore_vein_a 9 161 125 0.25475231370490710
minecraft:ore_vein_a 46 190 70 -0.027394817787982580
minecraft:ore_vein_a 83 219 15 0.077411047705447560
minecraft:ore_vein_a 120 248 88 -0.018889655964849476
minecraft:ore_vein_a 29 277 33 0.24443294940581514
minecraft:ore_vein_a 66 306 106 0.12115247330057684
minecraft:ore_vein_a 103 -49 51 0.10242891330042093
minecraft:ore_vein_a 12 -20 124 -0.65892881014449120
minecraft:ore_vein_a 49 9 69 -0.065256469151214930
minecraft:ore_vein_a 86 38 14 -0.0097750193726373280
minecraft:ore_vein_a 123 67 87 0.012987641123260220
minecraft:ore_vein_a 32 96 32 -0.072633858925236020
minecraft:ore_vein_a 69 125 105 0.13797339357768032
minecraft:ore_vein_a 106 154 50 0.081969844820825490
minecraft:ore_vein_a 15 183 123 0.19604184081646660
minecraft:ore_vein_a 52 212 68 -0.0015875869619124427
minecraft:ore_vein_a 89 241 13 0.21744842407667606
minecraft:ore_vein_a 126 270 86 -0.065070904578541520
minecraft:ore_vein_a 35 299 31 0.33940025694619660
minecraft:ore_vein_a 72 -56 104 -0.16322068511307988
minecraft:ore_vein_a 109 -27 49 0.099358767729895520
minecraft:ore_vein_a 18 2 122 -0.38563750007927505
minecraft:ore_vein_a 55 31 67 0.099694415638413180
minecraft:ore_vein_a 92 60 12 0.093208771141674040
minecraft:ore_vein_a 1 89 85 0.14563619362789756
minecraft:ore_vein_a 38 118 30 -0.11634576951844568
minecraft:ore_vein_a 75 147 103 0.19894094389088090
minecraft:ore_vein_a 112 176 48 0.090046641473401160
minecraft:ore_vein_a 21 205 121 0.18617910747006730
minecraft:ore_vein_a 58 234 66 0.13989696198986312
minecraft:ore_vein_a 95 263 11 0.34845216875731170
minecraft:ore_vein_a 4 292 84 0.23652653080560543
minecraft:ore_vein_a 41 -63 29 -0.35527280185661775
minecraft:ore_vein_a 78 -34 102 -0.094405366104117750
minecraft:ore_vein_a 115 -5 47 0.093404476683800170
minecraft:ore_vein_a 24 24 120 -0.097570169777336530
minecraft:ore_vein_a 61 53 65 0.19625281371574085
minecraft:ore_vein_a 98 82 10 0.16354751324431720
minecraft:ore_vein_a 7 111 83 -0.047646315343994560
minecraft:ore_vein_a 44 140 28 -0.075649835522290510
minecraft:ore_vein_a 81 169 101 0.25226372958593180
minecraft:ore_vein_a 118 198 46 0.044563856254808916
minecraft:ore_vein_a 27 227 119 0.22148361237754996
minecraft:ore_vein_b 0 -64 0 -0.0027637666870979067
minecraft:ore_vein_b 37 -35 73 -0.085695107295165320
minecraft:ore_vein_b 74 -6 18 -0.17850489396525457
minecraft:ore_vein_b 111 23 91 0.069921126172916080
minecraft:ore_vein_b 20 52 36 -0.058644506584376026
minecraft:ore_vein_b 57 81 109 0.11947336104622389
minecraft:ore_vein_b 94 110 54 0.27715471873988190
minecraft:ore_vein_b 3 139 127 -0.47251429988579197
minecraft:ore_vein_b 40 168 72 -0.041218889511782604
minecraft:ore_vein_b 77 197 17 0.54739738413334130
minecraft:ore_vein_b 114 226 90 0.76616507035380380
minecraft:ore_vein_b 23 255 35 0.22966330991971334
minecraft:ore_vein_b 60 284 108 -0.21612523943947215
minecraft:ore_vein_b 97 313 53 -0.39121843038780724
minecraft:ore_vein_b 6 -42 126 -0.090420394976723880
minecraft:ore_vein_b 43 -13 71 -0.033486601110568254
minecraft:ore_vein_b 80 16 16 -0.28602938306797193
minecraft:ore_vein_b 117 45 89 0.077959021529820790
minecraft:ore_vein_b 26 74 34 -0.14903071337664367
minecraft:ore_vein_b 63 103 107 0.049464857212706160
minecraft:ore_vein_b 100 132 52 0.52475020287153300
minecraft:ore_vein_b 9 161 125 -0.42678446998353690
minecraft:ore_vein_b 46 190 70 0.21719027683988676
minecraft:ore_vein_b 83 219 15 0.41343498025022635
minecraft:ore_vein_b 120 248 88 0.36046883889894515
minecraft:ore_vein_b 29 277 33 0.22102230051638982
minecraft:ore_vein_b 66 306 106 -0.26801056224414366
minecraft:ore_vein_b 103 -49 51 0.019935620087595352
minecraft:ore_vein_b 12 -20 124 -0.15549018496888195
minecraft:ore_vein_b 49 9 69 -0.016186177842727138
minecraft:ore_vein_b 86 38 14 -0.33582302146176884
minecraft:ore_vein_b 123 67 87 0.089667619887901270
minecraft:ore_vein_b 32 96 32 -0.20541087000279695
minecraft:ore_vein_b 69 125 105 0.13627575216986710
minecraft:ore_vein_b 106 154 50 0.68185500470472390
minecraft:ore_vein_b 15 183 123 -0.26473134627340660
minecraft:ore_vein_b 52 212 68 0.39815872838869470
minecraft:ore_vein_b 89 241 13 0.14884217764401630
minecraft:ore_vein_b 126 270 86 0.012664191364477795
minecraft:ore_vein_b 35 299 31 0.23422158399473725
minecraft:ore_vein_b 72 -56 104 0.017670332207361097
minecraft:ore_vein_b 109 -27 49 0.010793779379747804
minecraft:ore_vein_b 18 2 122 -0.064377133196047990
minecraft:ore_vein_b 55 31 67 -0.031962383216223800
minecraft:ore_vein_b 92 60 12 -0.33822338906784090
minecraft:ore_vein_b 1 89 85 -0.32926028004406976
minecraft:ore_vein_b 38 118 30 -0.12380458940239854
minecraft:ore_vein_b 75 147 103 0.38042303173123704
minecraft:ore_vein_b 112 176 48 0.76101425322950400
minecraft:ore_vein_b 21 205 121 -0.074975204996858070
minecraft:ore_vein_b 58 234 66 0.39276146714222550
minecraft:ore_vein_b 95 263 11 -0.12515526500098575
minecraft:ore_vein_b 4 292 84 0.12376245583494724
minecraft:ore_vein_b 41 -63 29 -0.11660073830779326
minecraft:ore_vein_b 78 -34 102 -0.020853325964871383
minecraft:ore_vein_b 115 -5 47 -0.073663118434485280
minecraft:ore_vein_b 24 24 120 0.095305195997071170
minecraft:ore_vein_b 61 53 65 -0.053478049276785886
minecraft:ore_vein_b 98 82 10 -0.28093550695724360
minecraft:ore_vein_b 7 111 83 -0.52167962446233610
minecraft:ore_vein_b 44 140 28 0.076520073712692620
minecraft:ore_vein_b 81 169 101 0.66635012932012340
minecraft:ore_vein_b 118 198 46 0.78098027433170840
minecraft:ore_vein_b 27 227 119 0.016134869261663028
minecraft:ore_gap 0 -64 0 -0.43989726890268993
minecraft:ore_gap 37 -35 73 -0.45322273555872590
minecraft:ore_gap 74 -6 18 0.32184962007156080
minecraft:ore_gap 111 23 91 -0.24100307783980515
minecraft:ore_gap 20 52 36 -0.25901468678364764
minecraft:ore_gap 57 81 109 0.28848937303368110
minecraft:ore_gap 94 110 54 0.13070810914758796
minecraft:ore_gap 3 139 127 0.56727673098338940
minecraft:ore_gap 40 168 72 -0.067059974988695730
minecraft:ore_gap 77 197 17 0.083631373998041260
minecraft:ore_gap 114 226 90 -0.10057699421030893
minecraft:ore_gap 23 255 35 -0.47572237965099190
minecraft:ore_gap 60 284 108 0.087972441404329790
minecraft:ore_gap 97 313 53 0.30535069815389620
minecraft:ore_gap 6 -42 126 0.050677342020229950
minecraft:ore_gap 43 -13 71 0.37688330522793523
minecraft:ore_gap 80 16 16 -0.0012186907644151181
minecraft:ore_gap 117 45 89 0.24169881328348017
minecraft:ore_gap 26 74 34 -0.58297382669120950
minecraft:ore_gap 63 103 107 -0.23996549620913960
minecraft:ore_gap 100 132 52 0.48292655395149280
minecraft:ore_gap 9 161 125 0.30806964163439050
minecraft:ore_gap 46 190 70 0.11041874683674743
minecraft:ore_gap 83 219 15 0.51334299006327680
minecraft:ore_gap 120 248 88 -0.015039209477178983
minecraft:ore_gap 29 277 33 -0.43937992770101260
minecraft:ore_gap 66 306 106 0.48579506800542316
minecraft:ore_gap 103 -49 51 0.17204347344755117
minecraft:ore_gap 12 -20 124 -0.22823007527014520
minecraft:ore_gap 49 9 69 -0.31625659096353653
minecraft:ore_gap 86 38 14 -0.067224702258388500
minecraft:ore_gap 123 67 87 0.055433787759602690
minecraft:ore_gap 32 96 32 0.32955156858657597
minecraft:ore_gap 69 125 105 -0.12131305145703734
minecraft:ore_gap 106 154 50 0.26016214178278040
minecraft:ore_gap 15 183 123 -0.053047154904040425
minecraft:ore_gap 52 212 68 0.33198302257279530
minecraft:ore_gap 89 241 13 0.51939708377727190
minecraft:ore_gap 126 270 86 -0.46473110614424100
minecraft:ore_gap 35 299 31 -0.26034012029750190
minecraft:ore_gap 72 -56 104 -0.11597616242634881
minecraft:ore_gap 109 -27 49 -0.31498271903997355
minecraft:ore_gap 18 2 122 0.43597513711278530
minecraft:ore_gap 55 31 67 -0.37402547715527060
minecraft:ore_gap 92 60 12 0.26159832132626810
minecraft:ore_gap 1 89 85 -0.45368694780501784
minecraft:ore_gap 38 118 30 0.15918143151753780
minecraft:ore_gap 75 147 103 0.23443763688070615
minecraft:ore_gap 112 176 48 -0.63303749538715550
minecraft:ore_gap 21 205 121 0.20283414956025894
minecraft:ore_gap 58 234 66 0.15415081248931276
minecraft:ore_gap 95 263 11 0.35485422140014950
minecraft:ore_gap 4 292 84 -0.43229896952259406
minecraft:ore_gap 41 -63 29 -0.055023627093097736
minecraft:ore_gap 78 -34 102 0.040380011999203706
minecraft:ore_gap 115 -5 47 0.091363904951572890
minecraft:ore_gap 24 24 120 0.26643881392268837
minecraft:ore_gap 61 53 65 0.24616985875926448
minecraft:ore_gap 98 82 10 0.13061870420553978
minecraft:ore_gap 7 111 83 -0.66292839448558880
minecraft:ore_gap 44 140 28 -0.37304590733812043
minecraft:ore_gap 81 169 101 0.064501314998006570
minecraft:ore_gap 118 198 46 0.30735695770374750
minecraft:ore_gap 27 227 119 -0.014312479349696398
minecraft:noodle 0 -64 0 -0.30815891243302420
minecraft:noodle 37 -35 73 0.019897178370329540
minecraft:noodle 74 -6 18 -0.15137916087908376
minecraft:noodle 111 23 91 0.41591184651716595
minecraft:noodle 20 52 36 -0.37804505857669400
minecraft:noodle 57 81 109 0.14735970628460868
minecraft:noodle 94 110 54 -0.042830850823685680
minecraft:noodle 3 139 127 -0.057480232992968325
minecraft:noodle 40 168 72 -0.16654789825437497
minecraft:noodle 77 197 17 -0.078927043452871230
minecraft:noodle 114 226 90 -0.20852148668042236
minecraft:noodle 23 255 35 0.078192506771125520
minecraft:noodle 60 284 108 -0.28410763348720240
minecraft:noodle 97 313 53 -0.054527690212287226
minecraft:noodle 6 -42 126 0.20132863576134274
minecraft:noodle 43 -13 71 0.016098500350445190
minecraft:noodle 80 16 16 -0.21251568038427152
minecraft:noodle 117 45 89 0.35927644369263256
minecraft:noodle 26 74 34 -0.37929512133160914
minecraft:noodle 63 103 107 0.073574035302057750
minecraft:noodle 100 132 52 -0.036040913555830260
minecraft:noodle 9 161 125 -0.15426340592925478
minecraft:noodle 46 190 70 -0.16351631355634150
minecraft:noodle 83 219 15 -0.029506419734856914
minecraft:noodle 120 248 88 -0.17868273301367169
minecraft:noodle 29 277 33 0.055179617778669020
minecraft:noodle 66 306 106 -0.21996696465649912
minecraft:noodle 103 -49 51 0.35544506354159670
minecraft:noodle 12 -20 124 0.28200284244994070
minecraft:noodle 49 9 69 -0.019261330549142454
minecraft:noodle 86 38 14 -0.23693389663190473
minecraft:noodle 123 67 87 0.32032395981472345
minecraft:noodle 32 96 32 -0.36721095706281430
minecraft:noodle 69 125 105 -0.017769624505401560
minecraft:noodle 106 154 50 -0.028773700283751000
minecraft:noodle 15 183 123 -0.24363144538004078
minecraft:noodle 52 212 68 -0.15298744464725503
minecraft:noodle 89 241 13 -0.00082228269568647660
minecraft:noodle 126 270 86 -0.12954461537238599
minecraft:noodle 35 299 31 0.023390503292420407
minecraft:noodle 72 -56 104 0.42094216984409120
minecraft:noodle 109 -27 49 0.32019961434218164
minecraft:noodle 18 2 122 0.30336313268220730
minecraft:noodle 55 31 67 -0.060711124591382260
minecraft:noodle 92 60 12 -0.22035821208547074
minecraft:noodle 1 89 85 -0.081396389396192660
minecraft:noodle 38 118 30 -0.33086709798054065
minecraft:noodle 75 147 103 -0.11522862251594370
minecraft:noodle 112 176 48 -0.021452613597684210
minecraft:noodle 21 205 121 -0.31101227517853874
minecraft:noodle 58 234 66 -0.13735156166772905
minecraft:noodle 95 263 11 0.0080484177552620860
minecraft:noodle 4 292 84 -0.086085687019270270
minecraft:noodle 41 -63 29 -0.11976872841138246
minecraft:noodle 78 -34 102 0.47885072683193397
minecraft:noodle 115 -5 47 0.25552163825490930
minecraft:noodle 24 24 120 0.27861451225092143
minecraft:noodle 61 53 65 -0.087539893683494980
minecraft:noodle 98 82 10 -0.18340203342796890
minecraft:noodle 7 111 83 -0.10277224605982883
minecraft:noodle 44 140 28 -0.27169537124927867
minecraft:noodle 81 169 101 -0.20146892414411563
minecraft:noodle 118 198 46 -0.014806729504611790
minecraft:noodle 27 227 119 -0.34647442563341880
minecraft:noodle_thickness 0 -64 0 -0.30358137756282570
minecraft:noodle_thickness 37 -35 73 0.028246646853222892
minecraft:noodle_thickness 74 -6 18 -0.062916165445585590
minecraft:noodle_thickness 111 23 91 0.069814527617820060
minecraft:noodle_thickness 20 52 36 0.017842231887082678
minecraft:noodle_thickness 57 81 109 0.31738632687286780
minecraft:noodle_thickness 94 110 54 0.28470640804309170
minecraft:noodle_thickness 3 139 127 0.78754339681753080
minecraft:noodle_thickness 40 168 72 0.67447184123180500
minecraft:noodle_thickness 77 197 17 0.49970953323650275
minecraft:noodle_thickness 114 226 90 0.24819658298440930
minecraft:noodle_thickness 23 255 35 0.56966172308528300
minecraft:noodle_thickness 60 284 108 0.39635514293759310
minecraft:noodle_thickness 97 313 53 0.20928512410075680
minecraft:noodle_thickness 6 -42 126 0.24436025495015565
minecraft:noodle_thickness 43 -13 71 -0.012856501207787797
minecraft:noodle_thickness 80 16 16 0.016452719596673954
minecraft:noodle_thickness 117 45 89 0.049421073302290210
minecraft:noodle_thickness 26 74 34 0.19341546360052610
minecraft:noodle_thickness 63 103 107 0.39633942031152120
minecraft:noodle_thickness 100 132 52 0.29560242906992170
minecraft:noodle_thickness 9 161 125 0.82868822245728310
minecraft:noodle_thickness 46 190 70 0.67905756075045190
minecraft:noodle_thickness 83 219 15 0.44482516755548980
minecraft:noodle_thickness 120 248 88 0.20642152660926094
minecraft:noodle_thickness 29 277 33 0.45336013185574303
minecraft:noodle_thickness 66 306 106 0.25438482780387580
minecraft:noodle_thickness 103 -49 51 0.064938381863978850
minecraft:noodle_thickness 12 -20 124 0.17908292499797293
minecraft:noodle_thickness 49 9 69 -0.0066910766443587415
minecraft:noodle_thickness 86 38 14 0.12062438977172939
minecraft:noodle_thickness 123 67 87 0.032835953515458850
minecraft:noodle_thickness 32 96 32 0.36406966863964740
minecraft:noodle_thickness 69 125 105 0.45234328338442770
minecraft:noodle_thickness 106 154 50 0.27762234986428297
minecraft:noodle_thickness 15 183 123 0.85327746632708050
minecraft:noodle_thickness 52 212 68 0.64973176327744210
minecraft:noodle_thickness 89 241 13 0.37278934860719615
minecraft:noodle_thickness 126 270 86 0.17833719676236150
minecraft:noodle_thickness 35 299 31 0.33707014661348206
minecraft:noodle_thickness 72 -56 104 0.23079214683548105
minecraft:noodle_thickness 109 -27 49 0.046845395699595710
minecraft:noodle_thickness 18 2 122 0.15092650059050228
minecraft:noodle_thickness 55 31 67 0.045167878085508220
minecraft:noodle_thickness 92 60 12 0.22713507677640712
minecraft:noodle_thickness 1 89 85 0.42818667435208085
minecraft:noodle_thickness 38 118 30 0.49681863641717944
minecraft:noodle_thickness 75 147 103 0.47651057952438564
minecraft:noodle_thickness 112 176 48 0.24219554037168900
minecraft:noodle_thickness 21 205 121 0.85017644022460660
minecraft:noodle_thickness 58 234 66 0.58118588294602090
minecraft:noodle_thickness 95 263 11 0.29721183521556965
minecraft:noodle_thickness 4 292 84 0.39983896004611490
minecraft:noodle_thickness 41 -63 29 -0.084076294834588690
minecraft:noodle_thickness 78 -34 102 0.17275167470186323
minecraft:noodle_thickness 115 -5 47 0.042028726347827686
minecraft:noodle_thickness 24 24 120 0.16767927968496418
minecraft:noodle_thickness 61 53 65 0.13011712049374244
minecraft:noodle_thickness 98 82 10 0.31330805082808494
minecraft:noodle_thickness 7 111 83 0.57102329753732930
minecraft:noodle_thickness 44 140 28 0.57231227328489330
minecraft:noodle_thickness 81 169 101 0.47476675317664646
minecraft:noodle_thickness 118 198 46 0.19894074012851115
minecraft:noodle_thickness 27 227 119 0.79709318984024290
minecraft:noodle_ridge_a 0 -64 0 -0.077352604839456550
minecraft:noodle_ridge_a 37 -35 73 0.34201051769351360
minecraft:noodle_ridge_a 74 -6 18 -0.29352819116560863
minecraft:noodle_ridge_a 111 23 91 -0.29764470950820904
minecraft:noodle_ridge_a 20 52 36 0.12276884197315906
minecraft:noodle_ridge_a 57 81 109 0.34149771043905030
minecraft:noodle_ridge_a 94 110 54 0.080591583484076970
minecraft:noodle_ridge_a 3 139 127 -0.25799665627936710
minecraft:noodle_ridge_a 40 168 72 -0.067505939641506720
minecraft:noodle_ridge_a 77 197 17 0.38034984920107673
minecraft:noodle_ridge_a 114 226 90 0.27907066337125197
minecraft:noodle_ridge_a 23 255 35 0.14545719329270013
minecraft:noodle_ridge_a 60 284 108 -0.27008167100364970
minecraft:noodle_ridge_a 97 313 53 -0.081624770737062950
minecraft:noodle_ridge_a 6 -42 126 -0.21103523925316290
minecraft:noodle_ridge_a 43 -13 71 0.21439339649523210
minecraft:noodle_ridge_a 80 16 16 -0.39972490258624820
minecraft:noodle_ridge_a 117 45 89 -0.34488370898904325
minecraft:noodle_ridge_a 26 74 34 0.25148666247118695
minecraft:noodle_ridge_a 63 103 107 0.11526441171054577
minecraft:noodle_ridge_a 100 132 52 0.063626192458662730
minecraft:noodle_ridge_a 9 161 125 -0.56797542903177400
minecraft:noodle_ridge_a 46 190 70 -0.028505717685583150
minecraft:noodle_ridge_a 83 219 15 0.37120395341473930
minecraft:noodle_ridge_a 120 248 88 0.37111353893029003
minecraft:noodle_ridge_a 29 277 33 0.24413331042770905
minecraft:noodle_ridge_a 66 306 106 -0.36706889187859210
minecraft:noodle_ridge_a 103 -49 51 -0.32917726356754073
minecraft:noodle_ridge_a 12 -20 124 -0.086599825372577460
minecraft:noodle_ridge_a 49 9 69 0.083346818435730760
minecraft:noodle_ridge_a 86 38 14 -0.39142918680637780
minecraft:noodle_ridge_a 123 67 87 -0.33630382545569804
minecraft:noodle_ridge_a 32 96 32 0.41873996447749590
minecraft:noodle_ridge_a 69 125 105 -0.24899566809130090
minecraft:noodle_ridge_a 106 154 50 0.16860348012127440
minecraft:noodle_ridge_a 15 183 123 -0.65721586229781900
minecraft:noodle_ridge_a 52 212 68 0.016038104979988012
minecraft:noodle_ridge_a 89 241 13 0.34724887027710450
minecraft:noodle_ridge_a 126 270 86 0.34060410830514004
minecraft:noodle_ridge_a 35 299 31 0.20910530939050040
minecraft:noodle_ridge_a 72 -56 104 0.012581501370396880
minecraft:noodle_ridge_a 109 -27 49 -0.46042444897774126
minecraft:noodle_ridge_a 18 2 122 -0.0062097211436207740
minecraft:noodle_ridge_a 55 31 67 0.093420293530460940
minecraft:noodle_ridge_a 92 60 12 -0.26269840436786890
minecraft:noodle_ridge_a 1 89 85 0.74159461549330960
minecraft:noodle_ridge_a 38 118 30 0.53445433733313400
minecraft:noodle_ridge_a 75 147 103 -0.47814128891642100
minecraft:noodle_ridge_a 112 176 48 0.37819071584180974
minecraft:noodle_ridge_a 21 205 121 -0.63653789515014270
minecraft:noodle_ridge_a 58 234 66 0.023332680837358323
minecraft:noodle_ridge_a 95 263 11 0.32247623416122323
minecraft:noodle_ridge_a 4 292 84 -0.14304076593046810
minecraft:noodle_ridge_a 41 -63 29 0.022371210007464667
minecraft:noodle_ridge_a 78 -34 102 0.012206480117600721
minecraft:noodle_ridge_a 115 -5 47 -0.58227595587949280
minecraft:noodle_ridge_a 24 24 120 0.10858975900585792
minecraft:noodle_ridge_a 61 53 65 0.19658788846914932
minecraft:noodle_ridge_a 98 82 10 -0.064228371579925400
minecraft:noodle_ridge_a 7 111 83 0.57791773427465700
minecraft:noodle_ridge_a 44 140 28 0.50142921688535240
minecraft:noodle_ridge_a 81 169 101 -0.38918048933760835
minecraft:noodle_ridge_a 118 198 46 0.53062609456352620
minecraft:noodle_ridge_a 27 227 119 -0.59685046510131580
minecraft:noodle_ridge_b 0 -64 0 0.20831540319198790
minecraft:noodle_ridge_b 37 -35 73 0.23351123617713690
minecraft:noodle_ridge_b 74 -6 18 0.062827792431859460
minecraft:noodle_ridge_b 111 23 91 -0.35371192562584414
minecraft:noodle_ridge_b 20 52 36 0.12845738713327992
minecraft:noodle_ridge_b 57 81 109 -0.57172188757913580
minecraft:noodle_ridge_b 94 110 54 0.45971365493647465
minecraft:noodle_ridge_b 3 139 127 -0.22669715929512885
minecraft:noodle_ridge_b 40 168 72 0.60928046613104140
minecraft:noodle_ridge_b 77 197 17 0.25281372285630950
minecraft:noodle_ridge_b 114 226 90 -0.15283137794103120
minecraft:noodle_ridge_b 23 255 35 0.15457045641642458
minecraft:noodle_ridge_b 60 284 108 0.69066916769694220
minecraft:noodle_ridge_b 97 313 53 0.29377174991157920
minecraft:noodle_ridge_b 6 -42 126 0.45596383613232110
minecraft:noodle_ridge_b 43 -13 71 0.22275369491346664
minecraft:noodle_ridge_b 80 16 16 0.059290769603883040
minecraft:noodle_ridge_b 117 45 89 -0.61149963862750740
minecraft:noodle_ridge_b 26 74 34 0.23794459278667318
minecraft:noodle_ridge_b 63 103 107 -0.29333081595489170
minecraft:noodle_ridge_b 100 132 52 0.48221536238192880
minecraft:noodle_ridge_b 9 161 125 0.030926662894283176
minecraft:noodle_ridge_b 46 190 70 0.50942742539715210
minecraft:noodle_ridge_b 83 219 15 0.025939423685359304
minecraft:noodle_ridge_b 120 248 88 0.11575256166336267
minecraft:noodle_ridge_b 29 277 33 -0.028569253684279185
minecraft:noodle_ridge_b 66 306 106 0.68078104106219270
minecraft:noodle_ridge_b 103 -49 51 -0.25096884661446467
minecraft:noodle_ridge_b 12 -20 124 0.61685440042252300
minecraft:noodle_ridge_b 49 9 69 0.11943431456040764
minecraft:noodle_ridge_b 86 38 14 0.15572635443699057
minecraft:noodle_ridge_b 123 67 87 -0.73044981315004520
minecraft:noodle_ridge_b 32 96 32 0.49094905833208585
minecraft:noodle_ridge_b 69 125 105 0.073698340585262590
minecraft:noodle_ridge_b 106 154 50 0.22844817005556942
minecraft:noodle_ridge_b 15 183 123 0.22920510470281863
minecraft:noodle_ridge_b 52 212 68 0.33226865703507160
minecraft:noodle_ridge_b 89 241 13 -0.079747987171292380
minecraft:noodle_ridge_b 126 270 86 0.42339527934547110
minecraft:noodle_ridge_b 35 299 31 -0.095464906736899130
minecraft:noodle_ridge_b 72 -56 104 0.029717222185622793
minecraft:noodle_ridge_b 109 -27 49 -0.21712473230507695
minecraft:noodle_ridge_b 18 2 122 0.54784654847213900
minecraft:noodle_ridge_b 55 31 67 -0.012152217274001077
minecraft:noodle_ridge_b 92 60 12 0.29075147629634700
minecraft:noodle_ridge_b 1 89 85 -0.55206749156136190
minecraft:noodle_ridge_b 38 118 30 0.76426182557849810
minecraft:noodle_ridge_b 75 147 103 0.25238155241222887
minecraft:noodle_ridge_b 112 176 48 -0.15078950757869852
minecraft:noodle_ridge_b 21 205 121 0.38841807729671350
minecraft:noodle_ridge_b 58 234 66 0.23156261872159595
minecraft:noodle_ridge_b 95 263 11 -0.091818454162027580
minecraft:noodle_ridge_b 4 292 84 0.15662546132618266
minecraft:noodle_ridge_b 41 -63 29 0.10685087933638868
minecraft:noodle_ridge_b 78 -34 102 0.10484244302215875
minecraft:noodle_ridge_b 115 -5 47 -0.29404895771804750
minecraft:noodle_ridge_b 24 24 120 0.20747776115311500
minecraft:noodle_ridge_b 61 53 65 -0.058282234667509016
minecraft:noodle_ridge_b 98 82 10 0.38625710508663090
minecraft:noodle_ridge_b 7 111 83 -0.28401067020172530
minecraft:noodle_ridge_b 44 140 28 0.90585219437413410
minecraft:noodle_ridge_b 81 169 101 0.17387649193506616
minecraft:noodle_ridge_b 118 198 46 -0.43575574730457070
minecraft:noodle_ridge_b 27 227 119 0.46904676078128060
minecraft:jagged 0 -64 0 0.010778809678787155
minecraft:jagged 37 -35 73 0.013786939234382695
minecraft:jagged 74 -6 18 0.016390821048373800
minecraft:jagged 111 23 91 0.016748882466656220
minecraft:jagged 20 52 36 0.015993525030299133
minecraft:jagged 57 81 109 0.018732428843703852
minecraft:jagged 94 110 54 0.018359795706714190
minecraft:jagged 3 139 127 0.021424979811918217
minecraft:jagged 40 168 72 0.021485351923648345
minecraft:jagged 77 197 17 0.019266596724215098
minecraft:jagged 114 226 90 0.023899036505800550
minecraft:jagged 23 255 35 0.021601523275407427
minecraft:jagged 60 284 108 0.025416283261520532
minecraft:jagged 97 313 53 0.024170966721440458
minecraft:jagged 6 -42 126 0.012269458474416146
minecraft:jagged 43 -13 71 0.014389738476065972
minecraft:jagged 80 16 16 0.016944656783501287
minecraft:jagged 117 45 89 0.017403741310860250
minecraft:jagged 26 74 34 0.016585154998806015
minecraft:jagged 63 103 107 0.019336880342733474
minecraft:jagged 100 132 52 0.019374972539765337
minecraft:jagged 9 161 125 0.022418598417889660
minecraft:jagged 46 190 70 0.021963376862843418
minecraft:jagged 83 219 15 0.019812278303304634
minecraft:jagged 120 248 88 0.024130150305031628
minecraft:jagged 29 277 33 0.021937931722100710
minecraft:jagged 66 306 106 0.026016361000762864
minecraft:jagged 103 -49 51 0.015197026619767256
minecraft:jagged 12 -20 124 0.012814068488434867
minecraft:jagged 49 9 69 0.014939498468637128
minecraft:jagged 86 38 14 0.017301920259425677
minecraft:jagged 123 67 87 0.018389985822269528
minecraft:jagged 32 96 32 0.017057349524552670
minecraft:jagged 69 125 105 0.020334252093948740
minecraft:jagged 106 154 50 0.020301155859625810
minecraft:jagged 15 183 123 0.023697107817759330
minecraft:jagged 52 212 68 0.022161976592340822
minecraft:jagged 89 241 13 0.020140598417246726
minecraft:jagged 126 270 86 0.024295332434639740
minecraft:jagged 35 299 31 0.022971905956977710
minecraft:jagged 72 -56 104 0.014999950633759711
minecraft:jagged 109 -27 49 0.015134256715313887
minecraft:jagged 18 2 122 0.013842364417220265
minecraft:jagged 55 31 67 0.015547441817237198
minecraft:jagged 92 60 12 0.017650906456254403
minecraft:jagged 1 89 85 0.017874258498259733
minecraft:jagged 38 118 30 0.017492638897160184
minecraft:jagged 75 147 103 0.021595109610580615
minecraft:jagged 112 176 48 0.020361893994605775
minecraft:jagged 21 205 121 0.024567919665575675
minecraft:jagged 58 234 66 0.022807840758472320
minecraft:jagged 95 263 11 0.021249325121840300
minecraft:jagged 4 292 84 0.025217421502778857
minecraft:jagged 41 -63 29 0.013033588585541378
minecraft:jagged 78 -34 102 0.015087823656857673
minecraft:jagged 115 -5 47 0.015875060390855570
minecraft:jagged 24 24 120 0.015300958713513028
minecraft:jagged 61 53 65 0.016013832672488730
minecraft:jagged 98 82 10 0.017544708230774430
minecraft:jagged 7 111 83 0.019309850227211586
minecraft:jagged 44 140 28 0.018627605186846510
minecraft:jagged 81 169 101 0.022623182934314843
minecraft:jagged 118 198 46 0.020356315730555620
minecraft:jagged 27 227 119 0.025944189687769376
minecraft:surface 0 -64 0 -0.11144188216534110
minecraft:surface 37 -35 73 -0.10861104899920535
minecraft:surface 74 -6 18 -0.076033653775744430
minecraft:surface 111 23 91 -0.52380486324667240
minecraft:surface 20 52 36 0.24725499290792860
minecraft:surface 57 81 109 -0.060495783243174464
minecraft:surface 94 110 54 -0.35164541907560500
minecraft:surface 3 139 127 -0.26842307495900297
minecraft:surface 40 168 72 -0.18706382350300158
minecraft:surface 77 197 17 0.079618818598247170
minecraft:surface 114 226 90 0.030529895126214165
minecraft:surface 23 255 35 -0.10870582503240620
minecraft:surface 60 284 108 0.11493394494074674
minecraft:surface 97 313 53 0.30249793187023544
minecraft:surface 6 -42 126 -0.018720258533799130
minecraft:surface 43 -13 71 0.28510074661846380
minecraft:surface 80 16 16 0.44732262169127873
minecraft:surface 117 45 89 -0.24877008605941714
minecraft:surface 26 74 34 -0.036956902126667410
minecraft:surface 63 103 107 -0.11557370146476738
minecraft:surface 100 132 52 -0.26511227147651784
minecraft:surface 9 161 125 -0.24716701309509398
minecraft:surface 46 190 70 -0.69489371156152900
minecraft:surface 83 219 15 0.46924079752597103
minecraft:surface 120 248 88 0.056204472785152730
minecraft:surface 29 277 33 0.15349079726796470
minecraft:surface 66 306 106 -0.31711238168756806
minecraft:surface 103 -49 51 -0.39280165117199217
minecraft:surface 12 -20 124 -0.23693157442931126
minecraft:surface 49 9 69 -0.11985657817620457
minecraft:surface 86 38 14 0.15967080522763905
minecraft:surface 123 67 87 0.091701696987993000
minecraft:surface 32 96 32 -0.60282950925408170
minecraft:surface 69 125 105 -0.045592794478129770
minecraft:surface 106 154 50 0.13548245091312625
minecraft:surface 15 183 123 0.11920881552869952
minecraft:surface 52 212 68 -0.15996300211316303
minecraft:surface 89 241 13 -0.46082665506248710
minecraft:surface 126 270 86 -0.35849829914437970
minecraft:surface 35 299 31 0.053505293621460840
minecraft:surface 72 -56 104 0.37362181638826547
minecraft:surface 109 -27 49 -0.27637981562568380
minecraft:surface 18 2 122 -0.31679137769825220
minecraft:surface 55 31 67 -0.11791405349612692
minecraft:surface 92 60 12 -0.19396697546856081
minecraft:surface 1 89 85 0.36738945053002060
minecraft:surface 38 118 30 -0.16283671753993723
minecraft:surface 75 147 103 0.26751205783622370
minecraft:surface 112 176 48 -0.091574406865012480
minecraft:surface 21 205 121 0.097620072554000800
minecraft:surface 58 234 66 -0.65262017940274420
minecraft:surface 95 263 11 0.23318513708271274
minecraft:surface 4 292 84 -0.53951527826695470
minecraft:surface 41 -63 29 -0.18760873801213496
minecraft:surface 78 -34 102 -0.057219123413316635
minecraft:surface 115 -5 47 -0.37022457260424870
minecraft:surface 24 24 120 -0.28469730964959540
minecraft:surface 61 53 65 0.30470710621017266
minecraft:surface 98 82 10 0.010763960425843010
minecraft:surface 7 111 83 0.81660029942892890
minecraft:surface 44 140 28 -0.55109973385556580
minecraft:surface 81 169 101 0.65364791137217710
minecraft:surface 118 198 46 0.20036324309600856
minecraft:surface 27 227 119 0.46179764133028134
minecraft:surface_secondary 0 -64 0 0.010013902042467788
minecraft:surface_secondary 37 -35 73 -0.22816056529499806
minecraft:surface_secondary 74 -6 18 -0.014315050609551738
minecraft:surface_secondary 111 23 91 0.35765762223963680
minecraft:surface_secondary 20 52 36 -0.10245613486745905
minecraft:surface_secondary 57 81 109 0.13847573399203988
minecraft:surface_secondary 94 110 54 -0.10382428344478302
minecraft:surface_secondary 3 139 127 -0.64203500435463500
minecraft:surface_secondary 40 168 72 0.13303669634679540
minecraft:surface_secondary 77 197 17 0.45945440244550010
minecraft:surface_secondary 114 226 90 -0.45045853913750455
minecraft:surface_secondary 23 255 35 -0.23325167794785898
minecraft:surface_secondary 60 284 108 0.21437854039780416
minecraft:surface_secondary 97 313 53 0.11757496653338657
minecraft:surface_secondary 6 -42 126 -0.19996322727827093
minecraft:surface_secondary 43 -13 71 0.10117411842095116
minecraft:surface_secondary 80 16 16 0.040744421157898204
minecraft:surface_secondary 117 45 89 -0.14093375673382472
minecraft:surface_secondary 26 74 34 0.18302754199462606
minecraft:surface_secondary 63 103 107 -0.39935156668896293
minecraft:surface_secondary 100 132 52 -0.10667430017775623
minecraft:surface_secondary 9 161 125 -0.30459053980278983
minecraft:surface_secondary 46 190 70 0.22722222082405646
minecraft:surface_secondary 83 219 15 0.30722324345768150
minecraft:surface_secondary 120 248 88 -0.22829856020518569
minecraft:surface_secondary 29 277 33 -0.62585403742951320
minecraft:surface_secondary 66 306 106 0.42585350323293860
minecraft:surface_secondary 103 -49 51 0.58605763661357260
minecraft:surface_secondary 12 -20 124 0.19362574211300770
minecraft:surface_secondary 49 9 69 0.55416669403216790
minecraft:surface_secondary 86 38 14 0.29503990181231715
minecraft:surface_secondary 123 67 87 -0.14697916811370204
minecraft:surface_secondary 32 96 32 0.66579965341440690
minecraft:surface_secondary 69 125 105 -0.12917102033126650
minecraft:surface_secondary 106 154 50 0.24034592346728334
minecraft:surface_secondary 15 183 123 -0.085105147952538110
minecraft:surface_secondary 52 212 68 -0.25298193188344287
minecraft:surface_secondary 89 241 13 0.28219528663588680
minecraft:surface_secondary 126 270 86 0.036379207307262774
minecraft:surface_secondary 35 299 31 -0.17077247409185530
minecraft:surface_secondary 72 -56 104 -0.13823701318248977
minecraft:surface_secondary 109 -27 49 0.11901232910469550
minecraft:surface_secondary 18 2 122 -0.079957147448076940
minecraft:surface_secondary 55 31 67 0.45037154123198250
minecraft:surface_secondary 92 60 12 -0.21880317510830505
minecraft:surface_secondary 1 89 85 0.022384531348916260
minecraft:surface_secondary 38 118 30 0.56386444946415770
minecraft:surface_secondary 75 147 103 0.065077836255969480
minecraft:surface_secondary 112 176 48 -0.14462271912967378
minecraft:surface_secondary 21 205 121 -0.39725191955952444
minecraft:surface_secondary 58 234 66 -0.24799186783098404
minecraft:surface_secondary 95 263 11 0.065313827135398430
minecraft:surface_secondary 4 292 84 0.075629455931884000
minecraft:surface_secondary 41 -63 29 -0.23828632468050640
minecraft:surface_secondary 78 -34 102 0.26449965836243640
minecraft:surface_secondary 115 -5 47 -0.34339310290284664
minecraft:surface_secondary 24 24 120 0.10451491903048012
minecraft:surface_secondary 61 53 65 0.18388751466868097
minecraft:surface_secondary 98 82 10 -0.10667423357055913
minecraft:surface_secondary 7 111 83 0.18080413248043786
minecraft:surface_secondary 44 140 28 0.12223746094639035
minecraft:surface_secondary 81 169 101 -0.040582789977485496
minecraft:surface_secondary 118 198 46 -0.0092663253023853400
minecraft:surface_secondary 27 227 119 -0.19347651948529690
minecraft:clay_bands_offset 0 -64 0 -0.11953229168322200
minecraft:clay_bands_offset 37 -35 73 -0.071601930227945610
minecraft:clay_bands_offset 74 -6 18 0.22433488721670444
minecraft:clay_bands_offset 111 23 91 0.36371363414798535
minecraft:clay_bands_offset 20 52 36 0.080110169433675380
minecraft:clay_bands_offset 57 81 109 0.20888444216600335
minecraft:clay_bands_offset 94 110 54 0.34332184011544575
minecraft:clay_bands_offset 3 139 127 0.18990254680106480
minecraft:clay_bands_offset 40 168 72 0.083671708381859800
minecraft:clay_bands_offset 77 197 17 -0.13266968922584654
minecraft:clay_bands_offset 114 226 90 -0.21140522072112902
minecraft:clay_bands_offset 23 255 35 -0.19834589084285936
minecraft:clay_bands_offset 60 284 108 -0.17105810643229744
minecraft:clay_bands_offset 97 313 53 -0.37260305737721994
minecraft:clay_bands_offset 6 -42 126 -0.31847796589074095
minecraft:clay_bands_offset 43 -13 71 0.018329717883012277
minecraft:clay_bands_offset 80 16 16 0.28336898215879147
minecraft:clay_bands_offset 117 45 89 0.38395902657066130
minecraft:clay_bands_offset 26 74 34 0.11508154461588792
minecraft:clay_bands_offset 63 103 107 0.22980439259943270
minecraft:clay_bands_offset 100 132 52 0.28111652064446300
minecraft:clay_bands_offset 9 161 125 0.20386475945360955
minecraft:clay_bands_offset 46 190 70 -0.0030723898205388166
minecraft:clay_bands_offset 83 219 15 -0.25947971514190250
minecraft:clay_bands_offset 120 248 88 -0.31726105118837600
minecraft:clay_bands_offset 29 277 33 -0.18825037719258386
minecraft:clay_bands_offset 66 306 106 -0.19949133859030030
minecraft:clay_bands_offset 103 -49 51 0.30091779849076970
minecraft:clay_bands_offset 12 -20 124 -0.25363008854976776
minecraft:clay_bands_offset 49 9 69 0.11583462342223712
minecraft:clay_bands_offset 86 38 14 0.31525015428920330
minecraft:clay_bands_offset 123 67 87 0.37184419754986950
minecraft:clay_bands_offset 32 96 32 0.13489913720189128
minecraft:clay_bands_offset 69 125 105 0.21752114786796070
minecraft:clay_bands_offset 106 154 50 0.18800962746859087
minecraft:clay_bands_offset 15 183 123 0.19150232955723126
minecraft:clay_bands_offset 52 212 68 -0.11313345561686114
minecraft:clay_bands_offset 89 241 13 -0.34469316143420003
minecraft:clay_bands_offset 126 270 86 -0.39383420190645530
minecraft:clay_bands_offset 35 299 31 -0.14792870042312478
minecraft:clay_bands_offset 72 -56 104 0.059553450148532210
minecraft:clay_bands_offset 109 -27 49 0.34221644373189240
minecraft:clay_bands_offset 18 2 122 -0.16073467104310774
minecraft:clay_bands_offset 55 31 67 0.20305318083225190
minecraft:clay_bands_offset 92 60 12 0.31681659747150420
minecraft:clay_bands_offset 1 89 85 0.036122018200627740
minecraft:clay_bands_offset 38 118 30 0.13386807568546621
minecraft:clay_bands_offset 75 147 103 0.17284169505660082
minecraft:clay_bands_offset 112 176 48 0.064821284243399420
minecraft:clay_bands_offset 21 205 121 0.15071597810520240
minecraft:clay_bands_offset 58 234 66 -0.21885592387290050
minecraft:clay_bands_offset 95 263 11 -0.36892872627192470
minecraft:clay_bands_offset 4 292 84 0.070799593720311010
minecraft:clay_bands_offset 41 -63 29 -0.017388760511216905
minecraft:clay_bands_offset 78 -34 102 0.11691442175514552
minecraft:clay_bands_offset 115 -5 47 0.38370334591273350
minecraft:clay_bands_offset 24 24 120 -0.058145097211337794
minecraft:clay_bands_offset 61 53 65 0.26808733318705840
minecraft:clay_bands_offset 98 82 10 0.29440608030877724
minecraft:clay_bands_offset 7 111 83 0.084202086001165600
minecraft:clay_bands_offset 44 140 28 0.10557908260866698
minecraft:clay_bands_offset 81 169 101 0.099182366315542060
minecraft:clay_bands_offset 118 198 46 -0.080904771655409770
minecraft:clay_bands_offset 27 227 119 0.088233977054057140
minecraft:badlands_pillar 0 -64 0 -0.0088179998199368420
minecraft:badlands_pillar 37 -35 73 -0.067790529141868630
minecraft:badlands_pillar 74 -6 18 -0.18009471933683274
minecraft:badlands_pillar 111 23 91 -0.076828344773967130
minecraft:badlands_pillar 20 52 36 0.10921285825009891
minecraft:badlands_pillar 57 81 109 0.20261720126566890
minecraft:badlands_pillar 94 110 54 -0.36055367613879240
minecraft:badlands_pillar 3 139 127 -0.14001842223960909
minecraft:badlands_pillar 40 168 72 -0.012813206594588525
minecraft:badlands_pillar 77 197 17 0.15386995679090507
minecraft:badlands_pillar 114 226 90 0.11397569111783803
minecraft:badlands_pillar 23 255 35 -0.21366882655964070
minecraft:badlands_pillar 60 284 108 0.41607874662237740
minecraft:badlands_pillar 97 313 53 -0.24840988809730002
minecraft:badlands_pillar 6 -42 126 0.17025072825660953
minecraft:badlands_pillar 43 -13 71 0.24364030342803092
minecraft:badlands_pillar 80 16 16 0.57069691934122280
minecraft:badlands_pillar 117 45 89 -0.48072983274017060
minecraft:badlands_pillar 26 74 34 0.081724667231912050
minecraft:badlands_pillar 63 103 107 -0.24646129956674495
minecraft:badlands_pillar 100 132 52 -0.099530887058119590
minecraft:badlands_pillar 9 161 125 0.50870090426134110
minecraft:badlands_pillar 46 190 70 -0.28378087904939220
minecraft:badlands_pillar 83 219 15 0.21814756164052918
minecraft:badlands_pillar 120 248 88 -0.16241717070403210
minecraft:badlands_pillar 29 277 33 0.26495541856787580
minecraft:badlands_pillar 66 306 106 0.35070983952290957
minecraft:badlands_pillar 103 -49 51 -0.094771294390207440
minecraft:badlands_pillar 12 -20 124 -0.031532529237327610
minecraft:badlands_pillar 49 9 69 -0.053608245391676190
minecraft:badlands_pillar 86 38 14 -0.42254332221375110
minecraft:badlands_pillar 123 67 87 -0.011649686823627140
minecraft:badlands_pillar 32 96 32 -0.27756589774502670
minecraft:badlands_pillar 69 125 105 0.46491157284911360
minecraft:badlands_pillar 106 154 50 0.094372435752193120
minecraft:badlands_pillar 15 183 123 -0.34241661532724860
minecraft:badlands_pillar 52 212 68 -0.52321195370058910
minecraft:badlands_pillar 89 241 13 -0.47582285093589620
minecraft:badlands_pillar 126 270 86 -0.12260009798928467
minecraft:badlands_pillar 35 299 31 -0.0010002027670232422
minecraft:badlands_pillar 72 -56 104 0.11339443573104431
minecraft:badlands_pillar 109 -27 49 0.15309660107072637
minecraft:badlands_pillar 18 2 122 -0.063806984645642660
minecraft:badlands_pillar 55 31 67 0.55383459997865870
minecraft:badlands_pillar 92 60 12 -0.41606143080064817
minecraft:badlands_pillar 1 89 85 -0.094965036182728720
minecraft:badlands_pillar 38 118 30 0.44965226360288990
minecraft:badlands_pillar 75 147 103 -0.59181008231843900
minecraft:badlands_pillar 112 176 48 0.49888426639812417
minecraft:badlands_pillar 21 205 121 -0.39091552315039985
minecraft:badlands_pillar 58 234 66 0.27949550910047210
minecraft:badlands_pillar 95 263 11 -0.49440355300630560
minecraft:badlands_pillar 4 292 84 -0.010202505841716853
minecraft:badlands_pillar 41 -63 29 0.34754317996287990
minecraft:badlands_pillar 78 -34 102 -0.23038416346398966
minecraft:badlands_pillar 115 -5 47 -0.36469027488835890
minecraft:badlands_pillar 24 24 120 -0.10746068777034885
minecraft:badlands_pillar 61 53 65 0.35368823664237803
minecraft:badlands_pillar 98 82 10 0.22305294880240348
minecraft:badlands_pillar 7 111 83 -0.56710012224177130
minecraft:badlands_pillar 44 140 28 0.15008433475950858
minecraft:badlands_pillar 81 169 101 0.47654837986353040
minecraft:badlands_pillar 118 198 46 0.12756093292200826
minecraft:badlands_pillar 27 227 119 -0.063613241892885490
minecraft:badlands_pillar_roof 0 -64 0 -0.27808675840118935
minecraft:badlands_pillar_roof 37 -35 73 -0.41786100494859607
minecraft:badlands_pillar_roof 74 -6 18 -0.37779182406777100
minecraft:badlands_pillar_roof 111 23 91 0.21316769298035815
minecraft:badlands_pillar_roof 20 52 36 -0.39773787507727393
minecraft:badlands_pillar_roof 57 81 109 0.040207385965591700
minecraft:badlands_pillar_roof 94 110 54 0.091338081198618070
minecraft:badlands_pillar_roof 3 139 127 0.0012444536658503165
minecraft:badlands_pillar_roof 40 168 72 0.00010303934596061122
minecraft:badlands_pillar_roof 77 197 17 -0.28761521896253084
minecraft:badlands_pillar_roof 114 226 90 0.17655880015396686
minecraft:badlands_pillar_roof 23 255 35 -0.32066785052970803
minecraft:badlands_pillar_roof 60 284 108 0.20077716439275290
minecraft:badlands_pillar_roof 97 313 53 -0.21686803004862910
minecraft:badlands_pillar_roof 6 -42 126 -0.15161153905295890
minecraft:badlands_pillar_roof 43 -13 71 -0.38451815555979657
minecraft:badlands_pillar_roof 80 16 16 -0.33241320020216286
minecraft:badlands_pillar_roof 117 45 89 0.29905809969884356
minecraft:badlands_pillar_roof 26 74 34 -0.37043873963462560
minecraft:badlands_pillar_roof 63 103 107 0.11328775966075848
minecraft:badlands_pillar_roof 100 132 52 0.12510908018004502
minecraft:badlands_pillar_roof 9 161 125 0.0034214356902832290
minecraft:badlands_pillar_roof 46 190 70 0.019078594268731458
minecraft:badlands_pillar_roof 83 219 15 -0.34638298539527270
minecraft:badlands_pillar_roof 120 248 88 0.12775666538080530
minecraft:badlands_pillar_roof 29 277 33 -0.37487050314478215
minecraft:badlands_pillar_roof 66 306 106 0.20549583424451940
minecraft:badlands_pillar_roof 103 -49 51 -0.095422776035852310
minecraft:badlands_pillar_roof 12 -20 124 -0.13160601589266643
minecraft:badlands_pillar_roof 49 9 69 -0.33464092467526820
minecraft:badlands_pillar_roof 86 38 14 -0.28341176721713074
minecraft:badlands_pillar_roof 123 67 87 0.38197578634723960
minecraft:badlands_pillar_roof 32 96 32 -0.32937926674404560
minecraft:badlands_pillar_roof 69 125 105 0.17941974586071430
minecraft:badlands_pillar_roof 106 154 50 0.11730101305721181
minecraft:badlands_pillar_roof 15 183 123 0.022751062945155148
minecraft:badlands_pillar_roof 52 212 68 0.014661439895613063
minecraft:badlands_pillar_roof 89 241 13 -0.41113654512725670
minecraft:badlands_pillar_roof 126 270 86 0.091148335911331010
minecraft:badlands_pillar_roof 35 299 31 -0.43319173462797156
minecraft:badlands_pillar_roof 72 -56 104 -0.18365263615265734
minecraft:badlands_pillar_roof 109 -27 49 -0.043709778253723096
minecraft:badlands_pillar_roof 18 2 122 -0.11466536795398488
minecraft:badlands_pillar_roof 55 31 67 -0.27742582953719470
minecraft:badlands_pillar_roof 92 60 12 -0.22570411897717116
minecraft:badlands_pillar_roof 1 89 85 -0.16495888400517728
minecraft:badlands_pillar_roof 38 118 30 -0.28623121934873180
minecraft:badlands_pillar_roof 75 147 103 0.22774258835826630
minecraft:badlands_pillar_roof 112 176 48 0.070540852004115360
minecraft:badlands_pillar_roof 21 205 121 0.053637888436612206
minecraft:badlands_pillar_roof 58 234 66 -0.0081698598046497230
minecraft:badlands_pillar_roof 95 263 11 -0.47245394718677370
minecraft:badlands_pillar_roof 4 292 84 -0.056760508811249150
minecraft:badlands_pillar_roof 41 -63 29 -0.43772568867633190
minecraft:badlands_pillar_roof 78 -34 102 -0.10770346355482222
minecraft:badlands_pillar_roof 115 -5 47 0.021219658240899580
minecraft:badlands_pillar_roof 24 24 120 -0.099720533557290280
minecraft:badlands_pillar_roof 61 53 65 -0.20586404074999018
minecraft:badlands_pillar_roof 98 82 10 -0.16796933154862898
minecraft:badlands_pillar_roof 7 111 83 -0.13300668018253950
minecraft:badlands_pillar_roof 44 140 28 -0.25401205756888623
minecraft:badlands_pillar_roof 81 169 101 0.25098714179413406
minecraft:badlands_pillar_roof 118 198 46 -0.0033604827562401514
minecraft:badlands_pillar_roof 27 227 119 0.089523218238298340
minecraft:badlands_surface 0 -64 0 0.042447966369928670
minecraft:badlands_surface 37 -35 73 0.56080737559255260
minecraft:badlands_surface 74 -6 18 -0.46217109801940465
minecraft:badlands_surface 111 23 91 0.099333044448643580
minecraft:badlands_surface 20 52 36 -0.55494156483225800
minecraft:badlands_surface 57 81 109 -0.12825342486005370
minecraft:badlands_surface 94 110 54 -0.080087405614806320
minecraft:badlands_surface 3 139 127 0.12943309489408844
minecraft:badlands_surface 40 168 72 -0.20744253825846160
minecraft:badlands_surface 77 197 17 -0.056283243463665330
minecraft:badlands_surface 114 226 90 -0.22298051460921647
minecraft:badlands_surface 23 255 35 0.24141608464636344
minecraft:badlands_surface 60 284 108 0.15482998727629060
minecraft:badlands_surface 97 313 53 0.30436648804147150
minecraft:badlands_surface 6 -42 126 0.23706372141386733
minecraft:badlands_surface 43 -13 71 0.39865578504308496
minecraft:badlands_surface 80 16 16 -0.56958058650798690
minecraft:badlands_surface 117 45 89 0.71098216752463030
minecraft:badlands_surface 26 74 34 0.23853076248817540
minecraft:badlands_surface 63 103 107 -0.21200966060169693
minecraft:badlands_surface 100 132 52 0.26809467195346126
minecraft:badlands_surface 9 161 125 0.20726181543022848
minecraft:badlands_surface 46 190 70 -0.023718586652934116
minecraft:badlands_surface 83 219 15 0.46264631008512180
minecraft:badlands_surface 120 248 88 -0.22622544471071580
minecraft:badlands_surface 29 277 33 -0.13049748929447938
minecraft:badlands_surface 66 306 106 0.099747035937730160
minecraft:badlands_surface 103 -49 51 0.52311391688686700
minecraft:badlands_surface 12 -20 124 0.048406034191886950
minecraft:badlands_surface 49 9 69 0.044647333492955420
minecraft:badlands_surface 86 38 14 -0.30505968132450756
minecraft:badlands_surface 123 67 87 0.29508643825274194
minecraft:badlands_surface 32 96 32 0.60682735336970370
minecraft:badlands_surface 69 125 105 0.047964906431038720
minecraft:badlands_surface 106 154 50 0.29551130522014485
minecraft:badlands_surface 15 183 123 0.30306996060335260
minecraft:badlands_surface 52 212 68 -0.044223732369633370
minecraft:badlands_surface 89 241 13 0.064254817167046230
minecraft:badlands_surface 126 270 86 -0.0014497727318963163
minecraft:badlands_surface 35 299 31 -0.72006520092873580
minecraft:badlands_surface 72 -56 104 0.19970179651831190
minecraft:badlands_surface 109 -27 49 0.61309165956544590
minecraft:badlands_surface 18 2 122 -0.43572605942854840
minecraft:badlands_surface 55 31 67 -0.16246083424374100
minecraft:badlands_surface 92 60 12 -0.17612410781735638
minecraft:badlands_surface 1 89 85 0.28777320366668924
minecraft:badlands_surface 38 118 30 0.45912435441425120
minecraft:badlands_surface 75 147 103 0.19231901077304742
minecraft:badlands_surface 112 176 48 0.080272642124233280
minecraft:badlands_surface 21 205 121 0.049755432436905146
minecraft:badlands_surface 58 234 66 0.18498977684218104
minecraft:badlands_surface 95 263 11 -0.15164543524837760
minecraft:badlands_surface 4 292 84 0.18590019271468494
minecraft:badlands_surface 41 -63 29 -0.47560770050124440
minecraft:badlands_surface 78 -34 102 0.26530241773463586
minecraft:badlands_surface 115 -5 47 0.32708870723585926
minecraft:badlands_surface 24 24 120 0.49004219015182826
minecraft:badlands_surface 61 53 65 0.19751514773046364
minecraft:badlands_surface 98 82 10 -0.11930743280853101
minecraft:badlands_surface 7 111 83 0.27034981202832220
minecraft:badlands_surface 44 140 28 0.24540382196489385
minecraft:badlands_surface 81 169 101 0.36098778201067690
minecraft:badlands_surface 118 198 46 -0.094856107853235270
minecraft:badlands_surface 27 227 119 -0.24576353760557726
minecraft:iceberg_pillar 0 -64 0 -0.037685700420434840
minecraft:iceberg_pillar 37 -35 73 -0.085644998819577240
minecraft:iceberg_pillar 74 -6 18 -0.50937844813480170
minecraft:iceberg_pillar 111 23 91 0.72004214295937540
minecraft:iceberg_pillar 20 52 36 -0.14339066593982763
minecraft:iceberg_pillar 57 81 109 0.22677053375839440
minecraft:iceberg_pillar 94 110 54 -0.071306183241841430
minecraft:iceberg_pillar 3 139 127 -0.10364360321233002
minecraft:iceberg_pillar 40 168 72 0.17255685796641185
minecraft:iceberg_pillar 77 197 17 0.34819344867906830
minecraft:iceberg_pillar 114 226 90 0.10917975454574136
minecraft:iceberg_pillar 23 255 35 0.077716396024248850
minecraft:iceberg_pillar 60 284 108 0.27266330510510270
minecraft:iceberg_pillar 97 313 53 -0.39131488946104986
minecraft:iceberg_pillar 6 -42 126 -0.35372176430304060
minecraft:iceberg_pillar 43 -13 71 -0.22489527467649978
minecraft:iceberg_pillar 80 16 16 -0.32891700278334085
minecraft:iceberg_pillar 117 45 89 0.36513846533163036
minecraft:iceberg_pillar 26 74 34 -0.19881689568553362
minecraft:iceberg_pillar 63 103 107 -0.019352463188525255
minecraft:iceberg_pillar 100 132 52 -0.51738443695227790
minecraft:iceberg_pillar 9 161 125 -0.16387395178834024
minecraft:iceberg_pillar 46 190 70 0.20928788909818943
minecraft:iceberg_pillar 83 219 15 -0.10197420299587619
minecraft:iceberg_pillar 120 248 88 -0.43413491757393450
minecraft:iceberg_pillar 29 277 33 0.47778745139628453
minecraft:iceberg_pillar 66 306 106 0.020952375571302380
minecraft:iceberg_pillar 103 -49 51 -0.082632812934869790
minecraft:iceberg_pillar 12 -20 124 -0.23603251369246060
minecraft:iceberg_pillar 49 9 69 -0.041613472205957900
minecraft:iceberg_pillar 86 38 14 0.18882342333455152
minecraft:iceberg_pillar 123 67 87 0.56432728935090100
minecraft:iceberg_pillar 32 96 32 0.029079558561070397
minecraft:iceberg_pillar 69 125 105 -0.46132031156482310
minecraft:iceberg_pillar 106 154 50 -0.28266329821581550
minecraft:iceberg_pillar 15 183 123 -0.22790831489420016
minecraft:iceberg_pillar 52 212 68 0.31184440318231990
minecraft:iceberg_pillar 89 241 13 0.35583163135854790
minecraft:iceberg_pillar 126 270 86 -0.18708994859204942
minecraft:iceberg_pillar 35 299 31 0.017878232270603034
minecraft:iceberg_pillar 72 -56 104 0.32871635082543543
minecraft:iceberg_pillar 109 -27 49 -0.16217117250649720
minecraft:iceberg_pillar 18 2 122 0.26498775061680924
minecraft:iceberg_pillar 55 31 67 -0.096868058514662580
minecraft:iceberg_pillar 92 60 12 0.091958382494699970
minecraft:iceberg_pillar 1 89 85 -0.76078099657110080
minecraft:iceberg_pillar 38 118 30 -0.067489402969968720
minecraft:iceberg_pillar 75 147 103 -0.90855833995635580
minecraft:iceberg_pillar 112 176 48 0.27244312126844594
minecraft:iceberg_pillar 21 205 121 0.078164964036564880
minecraft:iceberg_pillar 58 234 66 0.085378066324166020
minecraft:iceberg_pillar 95 263 11 0.12748188447137320
minecraft:iceberg_pillar 4 292 84 0.37110687875945320
minecraft:iceberg_pillar 41 -63 29 -0.033772970088597670
minecraft:iceberg_pillar 78 -34 102 0.21207978337361670
minecraft:iceberg_pillar 115 -5 47 -0.064894757986945360
minecraft:iceberg_pillar 24 24 120 0.057542349142847504
minecraft:iceberg_pillar 61 53 65 0.25422756047461070
minecraft:iceberg_pillar 98 82 10 -0.28890618905818394
minecraft:iceberg_pillar 7 111 83 -0.76066379756662320
minecraft:iceberg_pillar 44 140 28 0.064716683241954720
minecraft:iceberg_pillar 81 169 101 -0.29568919983967790
minecraft:iceberg_pillar 118 198 46 0.70777794345045560
minecraft:iceberg_pillar 27 227 119 0.24111719707106588
minecraft:iceberg_pillar_roof 0 -64 0 0.013593722878425389
minecraft:iceberg_pillar_roof 37 -35 73 0.39368859183607260
minecraft:iceberg_pillar_roof 74 -6 18 -0.11028214091353969
minecraft:iceberg_pillar_roof 111 23 91 0.37670178284084410
minecraft:iceberg_pillar_roof 20 52 36 0.37186326146541820
minecraft:iceberg_pillar_roof 57 81 109 0.090606488539466390
minecraft:iceberg_pillar_roof 94 110 54 -0.30985660165922724
minecraft:iceberg_pillar_roof 3 139 127 0.0040814052905653600
minecraft:iceberg_pillar_roof 40 168 72 0.30065626332742285
minecraft:iceberg_pillar_roof 77 197 17 -0.18985608999211934
minecraft:iceberg_pillar_roof 114 226 90 -0.50762987823355380
minecraft:iceberg_pillar_roof 23 255 35 -0.27317265629842020
minecraft:iceberg_pillar_roof 60 284 108 0.34515012711422730
minecraft:iceberg_pillar_roof 97 313 53 -0.22059220621441303
minecraft:iceberg_pillar_roof 6 -42 126 0.084493796420177780
minecraft:iceberg_pillar_roof 43 -13 71 0.45531054320237870
minecraft:iceberg_pillar_roof 80 16 16 -0.27086327458860760
minecraft:iceberg_pillar_roof 117 45 89 0.089113143439071260
minecraft:iceberg_pillar_roof 26 74 34 -0.18954684061996150
minecraft:iceberg_pillar_roof 63 103 107 -0.12693175656140554
minecraft:iceberg_pillar_roof 100 132 52 0.32639018232102746
minecraft:iceberg_pillar_roof 9 161 125 0.32062021671299430
minecraft:iceberg_pillar_roof 46 190 70 -0.15121240806635983
minecraft:iceberg_pillar_roof 83 219 15 0.058367112399733800
minecraft:iceberg_pillar_roof 120 248 88 0.086586424113507980
minecraft:iceberg_pillar_roof 29 277 33 -0.74888639663618760
minecraft:iceberg_pillar_roof 66 306 106 -0.017000369293542020
minecraft:iceberg_pillar_roof 103 -49 51 -0.24156388509770674
minecraft:iceberg_pillar_roof 12 -20 124 0.57002936329524450
minecraft:iceberg_pillar_roof 49 9 69 -0.058307615701080710
minecraft:iceberg_pillar_roof 86 38 14 0.087247831495770210
minecraft:iceberg_pillar_roof 123 67 87 -0.065009667292141910
minecraft:iceberg_pillar_roof 32 96 32 -0.35146865488410356
minecraft:iceberg_pillar_roof 69 125 105 0.27362963674665564
minecraft:iceberg_pillar_roof 106 154 50 0.20881987769042650
minecraft:iceberg_pillar_roof 15 183 123 0.19763533085721502
minecraft:iceberg_pillar_roof 52 212 68 0.14223836610880317
minecraft:iceberg_pillar_roof 89 241 13 -0.015350865820321172
minecraft:iceberg_pillar_roof 126 270 86 -0.72768189276398430
minecraft:iceberg_pillar_roof 35 299 31 0.016559633281456330
minecraft:iceberg_pillar_roof 72 -56 104 0.28730625482709330
minecraft:iceberg_pillar_roof 109 -27 49 0.23469275246233860
minecraft:iceberg_pillar_roof 18 2 122 -0.13515885003867303
minecraft:iceberg_pillar_roof 55 31 67 -0.60547903140530070
minecraft:iceberg_pillar_roof 92 60 12 0.32963477630830430
minecraft:iceberg_pillar_roof 1 89 85 -0.51496792175588080
minecraft:iceberg_pillar_roof 38 118 30 -0.064832308802405340
minecraft:iceberg_pillar_roof 75 147 103 -0.063904887203524760
minecraft:iceberg_pillar_roof 112 176 48 -0.52843605170847070
minecraft:iceberg_pillar_roof 21 205 121 -0.26482913232230120
minecraft:iceberg_pillar_roof 58 234 66 0.050429839189108504
minecraft:iceberg_pillar_roof 95 263 11 0.49627036694949840
minecraft:iceberg_pillar_roof 4 292 84 0.28698496222195224
minecraft:iceberg_pillar_roof 41 -63 29 -0.10299637407959122
minecraft:iceberg_pillar_roof 78 -34 102 -0.065331897641775720
minecraft:iceberg_pillar_roof 115 -5 47 -0.026233376876511335
minecraft:iceberg_pillar_roof 24 24 120 0.21716011248701958
minecraft:iceberg_pillar_roof 61 53 65 0.24189332589268533
minecraft:iceberg_pillar_roof 98 82 10 0.62244269573831830
minecraft:iceberg_pillar_roof 7 111 83 0.20752728247276042
minecraft:iceberg_pillar_roof 44 140 28 0.061400648270184634
minecraft:iceberg_pillar_roof 81 169 101 -0.43753885821599590
minecraft:iceberg_pillar_roof 118 198 46 0.24285085598749004
minecraft:iceberg_pillar_roof 27 227 119 0.47521420992883900
minecraft:iceberg_surface 0 -64 0 0.16022514132323448
minecraft:iceberg_surface 37 -35 73 -0.14092366905922654
minecraft:iceberg_surface 74 -6 18 -0.029200859452677003
minecraft:iceberg_surface 111 23 91 -0.27780960680523210
minecraft:iceberg_surface 20 52 36 0.12274469744621613
minecraft:iceberg_surface 57 81 109 -0.44636534100155610
minecraft:iceberg_surface 94 110 54 0.11962915880106942
minecraft:iceberg_surface 3 139 127 -0.40635973722267540
minecraft:iceberg_surface 40 168 72 -0.14866228941969734
minecraft:iceberg_surface 77 197 17 0.12900015993560193
minecraft:iceberg_surface 114 226 90 -0.46014316411996260
minecraft:iceberg_surface 23 255 35 -0.40545005115746800
minecraft:iceberg_surface 60 284 108 -0.21068639512798318
minecraft:iceberg_surface 97 313 53 -0.53862037870579800
minecraft:iceberg_surface 6 -42 126 -0.18244219968008685
minecraft:iceberg_surface 43 -13 71 -0.20303642734244728
minecraft:iceberg_surface 80 16 16 -0.32789179678985810
minecraft:iceberg_surface 117 45 89 -0.46893078485051193
minecraft:iceberg_surface 26 74 34 0.12779976518775563
minecraft:iceberg_surface 63 103 107 0.0062104480782538760
minecraft:iceberg_surface 100 132 52 0.37552273484882653
minecraft:iceberg_surface 9 161 125 -0.69801588575647500
minecraft:iceberg_surface 46 190 70 0.012456935603617318
minecraft:iceberg_surface 83 219 15 0.34975647540230050
minecraft:iceberg_surface 120 248 88 0.022839347188765482
minecraft:iceberg_surface 29 277 33 -0.052416344536927300
minecraft:iceberg_surface 66 306 106 0.24322857552273341
minecraft:iceberg_surface 103 -49 51 0.16940213553466213
minecraft:iceberg_surface 12 -20 124 0.42956893942870790
minecraft:iceberg_surface 49 9 69 -0.10333786174716690
minecraft:iceberg_surface 86 38 14 -0.16592568627712723
minecraft:iceberg_surface 123 67 87 -0.72132516862191530
minecraft:iceberg_surface 32 96 32 0.15791012349012923
minecraft:iceberg_surface 69 125 105 -0.30052465685980956
minecraft:iceberg_surface 106 154 50 0.19519804035729962
minecraft:iceberg_surface 15 183 123 -0.22298531410957467
minecraft:iceberg_surface 52 212 68 -0.13453397439619297
minecraft:iceberg_surface 89 241 13 0.73638207560422220
minecraft:iceberg_surface 126 270 86 0.25424739589614564
minecraft:iceberg_surface 35 299 31 -0.15420751581486670
minecraft:iceberg_surface 72 -56 104 -0.44670146134133326
minecraft:iceberg_surface 109 -27 49 -0.032169091216761160
minecraft:iceberg_surface 18 2 122 0.46454448518358676
minecraft:iceberg_surface 55 31 67 -0.26483894967605200
minecraft:iceberg_surface 92 60 12 -0.19228977938819360
minecraft:iceberg_surface 1 89 85 0.64615617908934230
minecraft:iceberg_surface 38 118 30 -0.13370180859171743
minecraft:iceberg_surface 75 147 103 0.17551743890360458
minecraft:iceberg_surface 112 176 48 -0.37485368882770520
minecraft:iceberg_surface 21 205 121 0.17013140703478338
minecraft:iceberg_surface 58 234 66 -0.27682349035918663
minecraft:iceberg_surface 95 263 11 0.43382833463525660
minecraft:iceberg_surface 4 292 84 0.55000290388897380
minecraft:iceberg_surface 41 -63 29 0.53678225647884800
minecraft:iceberg_surface 78 -34 102 -0.15318200226609930
minecraft:iceberg_surface 115 -5 47 0.011349283272393791
minecraft:iceberg_surface 24 24 120 -0.18266882070614193
minecraft:iceberg_surface 61 53 65 -0.65991664666483710
minecraft:iceberg_surface 98 82 10 0.11979773331392703
minecraft:iceberg_surface 7 111 83 -0.030605971261930300
minecraft:iceberg_surface 44 140 28 -0.63639181445596320
minecraft:iceberg_surface 81 169 101 -0.029775463480439787
minecraft:iceberg_surface 118 198 46 -0.49065243573996176
minecraft:iceberg_surface 27 227 119 0.40128183723898786
minecraft:surface_swamp 0 -64 0 -0.55168579819744820
minecraft:surface_swamp 37 -35 73 -0.54499917341337080
minecraft:surface_swamp 74 -6 18 0.37070915348351646
minecraft:surface_swamp 111 23 91 0.30965227968071096
minecraft:surface_swamp 20 52 36 0.22396633543427485
minecraft:surface_swamp 57 81 109 -0.78547290448492160
minecraft:surface_swamp 94 110 54 0.25263542540188170
minecraft:surface_swamp 3 139 127 -0.43102682550350040
minecraft:surface_swamp 40 168 72 0.19477723400631025
minecraft:surface_swamp 77 197 17 0.19975956996993322
minecraft:surface_swamp 114 226 90 -0.31761740753361334
minecraft:surface_swamp 23 255 35 0.30175119594953365
minecraft:surface_swamp 60 284 108 0.56257581675548250
minecraft:surface_swamp 97 313 53 -0.27526404088379300
minecraft:surface_swamp 6 -42 126 0.24487405475891091
minecraft:surface_swamp 43 -13 71 0.53641320883788820
minecraft:surface_swamp 80 16 16 -0.0048783515533883560
minecraft:surface_swamp 117 45 89 0.19078720582308167
minecraft:surface_swamp 26 74 34 -0.53456866878126260
minecraft:surface_swamp 63 103 107 -0.051751222214756330
minecraft:surface_swamp 100 132 52 0.73362929001915800
minecraft:surface_swamp 9 161 125 -0.29797257930549925
minecraft:surface_swamp 46 190 70 0.11949645376476968
minecraft:surface_swamp 83 219 15 0.22747278384565633
minecraft:surface_swamp 120 248 88 -0.34177523495896590
minecraft:surface_swamp 29 277 33 -0.35756113969001630
minecraft:surface_swamp 66 306 106 0.19271453429588314
minecraft:surface_swamp 103 -49 51 0.24017924490007680
minecraft:surface_swamp 12 -20 124 -0.43138743280863900
minecraft:surface_swamp 49 9 69 -0.45192361514454510
minecraft:surface_swamp 86 38 14 -0.022025688207419656
minecraft:surface_swamp 123 67 87 -0.66910980381349070
minecraft:surface_swamp 32 96 32 -0.46041552978696726
minecraft:surface_swamp 69 125 105 -0.70755569071170070
minecraft:surface_swamp 106 154 50 -0.17789762368647247
minecraft:surface_swamp 15 183 123 0.43410350594021560
minecraft:surface_swamp 52 212 68 -0.12095682181853926
minecraft:surface_swamp 89 241 13 -0.12814229329797490
minecraft:surface_swamp 126 270 86 -0.34367952309085280
minecraft:surface_swamp 35 299 31 0.14208161926633095
minecraft:surface_swamp 72 -56 104 -0.15887934766515005
minecraft:surface_swamp 109 -27 49 -0.018841221951743276
minecraft:surface_swamp 18 2 122 0.10552750613988038
minecraft:surface_swamp 55 31 67 -0.18954589968816768
minecraft:surface_swamp 92 60 12 0.29845524743397067
minecraft:surface_swamp 1 89 85 0.041854098612333450
minecraft:surface_swamp 38 118 30 -0.27112808356759440
minecraft:surface_swamp 75 147 103 0.0054827578872257880
minecraft:surface_swamp 112 176 48 0.10679364566231299
minecraft:surface_swamp 21 205 121 0.20441843301108803
minecraft:surface_swamp 58 234 66 0.47514557371623056
minecraft:surface_swamp 95 263 11 0.23081906317020920
minecraft:surface_swamp 4 292 84 -0.15969047073379750
minecraft:surface_swamp 41 -63 29 -0.15930051556096020
minecraft:surface_swamp 78 -34 102 -0.35378988934912930
minecraft:surface_swamp 115 -5 47 -0.49481072551194220
minecraft:surface_swamp 24 24 120 0.17812041508614426
minecraft:surface_swamp 61 53 65 -0.12373867829190863
minecraft:surface_swamp 98 82 10 -0.10856511878952492
minecraft:surface_swamp 7 111 83 -0.14966804713466936
minecraft:surface_swamp 44 140 28 0.12910730446078775
minecraft:surface_swamp 81 169 101 0.024694278238659297
minecraft:surface_swamp 118 198 46 -0.094174119368516860
minecraft:surface_swamp 27 227 119 -0.22835930235606950
minecraft:calcite 0 -64 0 0.065007883825408450
minecraft:calcite 37 -35 73 0.13793797879395325
minecraft:calcite 74 -6 18 0.28325216283795550
minecraft:calcite 111 23 91 0.27992663920337470
minecraft:calcite 20 52 36 0.16516378535122692
minecraft:calcite 57 81 109 0.075715190484767020
minecraft:calcite 94 110 54 -0.10212907428096832
minecraft:calcite 3 139 127 -0.0097577053244809510
minecraft:calcite 40 168 72 -0.32791682789034504
minecraft:calcite 77 197 17 -0.32480408067733170
minecraft:calcite 114 226 90 -0.53445104035944140
minecraft:calcite 23 255 35 -0.32906622472721760
minecraft:calcite 60 284 108 -0.53031519381921230
minecraft:calcite 97 313 53 -0.58956537410632630
minecraft:calcite 6 -42 126 0.16274191674852329
minecraft:calcite 43 -13 71 0.19336487952230696
minecraft:calcite 80 16 16 0.30980401990912254
minecraft:calcite 117 45 89 0.26252873529954784
minecraft:calcite 26 74 34 0.11674027949198314
minecraft:calcite 63 103 107 0.027224445141262894
minecraft:calcite 100 132 52 -0.31022750063184673
minecraft:calcite 9 161 125 -0.16456422418754615
minecraft:calcite 46 190 70 -0.38588373129299247
minecraft:calcite 83 219 15 -0.30706072400782086
minecraft:calcite 120 248 88 -0.50373292436227660
minecraft:calcite 29 277 33 -0.39340440545523436
minecraft:calcite 66 306 106 -0.66195211259097220
minecraft:calcite 103 -49 51 0.17701887853150855
minecraft:calcite 12 -20 124 0.14979910792431500
minecraft:calcite 49 9 69 0.21958565242580580
minecraft:calcite 86 38 14 0.32333016924043034
minecraft:calcite 123 67 87 0.20973420648070476
minecraft:calcite 32 96 32 0.057270956993080770
minecraft:calcite 69 125 105 -0.12242256082617989
minecraft:calcite 106 154 50 -0.45150394537440874
minecraft:calcite 15 183 123 -0.25140420621117965
minecraft:calcite 52 212 68 -0.39892284439474820
minecraft:calcite 89 241 13 -0.29400040489692036
minecraft:calcite 126 270 86 -0.57460920673335270
minecraft:calcite 35 299 31 -0.40003848984452645
minecraft:calcite 72 -56 104 0.043340019151559080
minecraft:calcite 109 -27 49 0.25821282280480050
minecraft:calcite 18 2 122 0.15272592872789165
minecraft:calcite 55 31 67 0.17883513679711277
minecraft:calcite 92 60 12 0.27479527094240100
minecraft:calcite 1 89 85 0.17391337367649853
minecraft:calcite 38 118 30 -0.078906784653099700
minecraft:calcite 75 147 103 -0.28175407678917290
minecraft:calcite 112 176 48 -0.52349459766239700
minecraft:calcite 21 205 121 -0.33238456446329350
minecraft:calcite 58 234 66 -0.36616349015194694
minecraft:calcite 95 263 11 -0.34367923936407910
minecraft:calcite 4 292 84 -0.33349236389532160
minecraft:calcite 41 -63 29 0.25499477587230810
minecraft:calcite 78 -34 102 0.068534311941546150
minecraft:calcite 115 -5 47 0.31953141919296080
minecraft:calcite 24 24 120 0.099661238272563850
minecraft:calcite 61 53 65 0.13017874642880706
minecraft:calcite 98 82 10 0.20051555616394400
minecraft:calcite 7 111 83 0.13304725866218395
minecraft:calcite 44 140 28 -0.23295057705127675
minecraft:calcite 81 169 101 -0.42344261718129844
minecraft:calcite 118 198 46 -0.50633819417204930
minecraft:calcite 27 227 119 -0.38186020822431680
minecraft:gravel 0 -64 0 -0.14127429310692163
minecraft:gravel 37 -35 73 -0.24445860774084585
minecraft:gravel 74 -6 18 -0.20264942067206954
minecraft:gravel 111 23 91 0.071604053562771230
minecraft:gravel 20 52 36 -0.039066899420858960
minecraft:gravel 57 81 109 0.26857914166439567
minecraft:gravel 94 110 54 0.49538698030596795
minecraft:gravel 3 139 127 0.21400110565282074
minecraft:gravel 40 168 72 0.44917478509531605
minecraft:gravel 77 197 17 0.68834664211337560
minecraft:gravel 114 226 90 0.33057676119677215
minecraft:gravel 23 255 35 0.35042718328981365
minecraft:gravel 60 284 108 0.15812105791599800
minecraft:gravel 97 313 53 -0.23078438573634566
minecraft:gravel 6 -42 126 -0.30632549490365000
minecraft:gravel 43 -13 71 -0.11727518592829367
minecraft:gravel 80 16 16 -0.11799267572674794
minecraft:gravel 117 45 89 0.14905664540618446
minecraft:gravel 26 74 34 0.10211378459331750
minecraft:gravel 63 103 107 0.34287817033033720
minecraft:gravel 100 132 52 0.33477042637644870
minecraft:gravel 9 161 125 0.25236013474558106
minecraft:gravel 46 190 70 0.59492050455870490
minecraft:gravel 83 219 15 0.51115335222905190
minecraft:gravel 120 248 88 -0.046229485662034955
minecraft:gravel 29 277 33 0.29452165461473640
minecraft:gravel 66 306 106 -0.061768178490939350
minecraft:gravel 103 -49 51 -0.42803970870168940
minecraft:gravel 12 -20 124 -0.27147266692283560
minecraft:gravel 49 9 69 -0.14020894792984778
minecraft:gravel 86 38 14 -0.086475428938975560
minecraft:gravel 123 67 87 0.20123441738794337
minecraft:gravel 32 96 32 0.36352780596167910
minecraft:gravel 69 125 105 0.35946476924986925
minecraft:gravel 106 154 50 0.32214959837670093
minecraft:gravel 15 183 123 0.28510436176767473
minecraft:gravel 52 212 68 0.57324959864643230
minecraft:gravel 89 241 13 0.21759099021174746
minecraft:gravel 126 270 86 -0.39038289756016730
minecraft:gravel 35 299 31 0.26433242557628010
minecraft:gravel 72 -56 104 -0.32632330700498435
minecraft:gravel 109 -27 49 -0.48333539308239470
minecraft:gravel 18 2 122 -0.25537264082960400
minecraft:gravel 55 31 67 -0.087262410403121440
minecraft:gravel 92 60 12 0.16745509263611763
minecraft:gravel 1 89 85 0.12919697816032807
minecraft:gravel 38 118 30 0.55866848572928520
minecraft:gravel 75 147 103 0.40579171527636220
minecraft:gravel 112 176 48 0.29243455528369180
minecraft:gravel 21 205 121 0.49190956415010745
minecraft:gravel 58 234 66 0.44299017653985080
minecraft:gravel 95 263 11 -0.038809942378084106
minecraft:gravel 4 292 84 0.74213864728677740
minecraft:gravel 41 -63 29 -0.40323967018541830
minecraft:gravel 78 -34 102 -0.34216705253824500
minecraft:gravel 115 -5 47 -0.27864591348776080
minecraft:gravel 24 24 120 -0.35598709625954816
minecraft:gravel 61 53 65 -0.027748960712227544
minecraft:gravel 98 82 10 0.38511673256842460
minecraft:gravel 7 111 83 0.24961266698214446
minecraft:gravel 44 140 28 0.65087696562553770
minecraft:gravel 81 169 101 0.48229325079433900
minecraft:gravel 118 198 46 0.32473902449932596
minecraft:gravel 27 227 119 0.49885466383695340
minecraft:powder_snow 0 -64 0 0.029641808906424445
minecraft:powder_snow 37 -35 73 0.073023539784988820
minecraft:powder_snow 74 -6 18 -0.15989965486032760
minecraft:powder_snow 111 23 91 -0.36951541005179500
minecraft:powder_snow 20 52 36 -0.63255714792638010
minecraft:powder_snow 57 81 109 -0.36972267358457894
minecraft:powder_snow 94 110 54 0.18114006966153867
minecraft:powder_snow 3 139 127 -0.23767462189195082
minecraft:powder_snow 40 168 72 -0.11142785375405373
minecraft:powder_snow 77 197 17 0.58135326841458790
minecraft:powder_snow 114 226 90 -0.40444771573504980
minecraft:powder_snow 23 255 35 0.27993151612209640
minecraft:powder_snow 60 284 108 -0.30861552653802404
minecraft:powder_snow 97 313 53 -0.017422700398482167
minecraft:powder_snow 6 -42 126 -0.044740452673281040
minecraft:powder_snow 43 -13 71 0.13626073349280110
minecraft:powder_snow 80 16 16 0.062868363378973460
minecraft:powder_snow 117 45 89 -0.51423257164657430
minecraft:powder_snow 26 74 34 -0.46586687257211110
minecraft:powder_snow 63 103 107 0.12643707322041210
minecraft:powder_snow 100 132 52 -0.24780651762439660
minecraft:powder_snow 9 161 125 -0.14747159706439683
minecraft:powder_snow 46 190 70 -0.42461401884411630
minecraft:powder_snow 83 219 15 0.53220449413501800
minecraft:powder_snow 120 248 88 -0.41104565836930596
minecraft:powder_snow 29 277 33 0.70780970284190370
minecraft:powder_snow 66 306 106 -0.039996017091449320
minecraft:powder_snow 103 -49 51 -0.80839228596106240
minecraft:powder_snow 12 -20 124 0.44039340779854125
minecraft:powder_snow 49 9 69 0.74027876434850200
minecraft:powder_snow 86 38 14 0.41828144358087890
minecraft:powder_snow 123 67 87 -0.15781441485045752
minecraft:powder_snow 32 96 32 -0.47198119240202796
minecraft:powder_snow 69 125 105 0.14123110605443834
minecraft:powder_snow 106 154 50 -0.27435905796970556
minecraft:powder_snow 15 183 123 0.019403550985864250
minecraft:powder_snow 52 212 68 -0.36263097804416394
minecraft:powder_snow 89 241 13 -0.096760267459252540
minecraft:powder_snow 126 270 86 -0.28606603558717547
minecraft:powder_snow 35 299 31 0.48626882933771187
minecraft:powder_snow 72 -56 104 0.34440953769356920
minecraft:powder_snow 109 -27 49 -0.32252430352744490
minecraft:powder_snow 18 2 122 -0.13972301713254287
minecraft:powder_snow 55 31 67 0.20426436616790805
minecraft:powder_snow 92 60 12 0.28716440289528283
minecraft:powder_snow 1 89 85 0.15192060226969630
minecraft:powder_snow 38 118 30 0.27757855563337740
minecraft:powder_snow 75 147 103 0.013885352091416595
minecraft:powder_snow 112 176 48 -0.14665807193450464
minecraft:powder_snow 21 205 121 0.27917280305099240
minecraft:powder_snow 58 234 66 -0.051086688645684865
minecraft:powder_snow 95 263 11 0.13825029843539280
minecraft:powder_snow 4 292 84 -0.20752279196946188
minecraft:powder_snow 41 -63 29 0.081590518005310140
minecraft:powder_snow 78 -34 102 0.28915975691373136
minecraft:powder_snow 115 -5 47 -0.010724213588771430
minecraft:powder_snow 24 24 120 -0.16802566778445693
minecraft:powder_snow 61 53 65 0.024933721503001030
minecraft:powder_snow 98 82 10 0.16571050894974476
minecraft:powder_snow 7 111 83 -0.31033008400909123
minecraft:powder_snow 44 140 28 0.30469893832301390
minecraft:powder_snow 81 169 101 -0.16987465447619482
minecraft:powder_snow 118 198 46 -0.036364422419257890
minecraft:powder_snow 27 227 119 0.42874893442779890
minecraft:packed_ice 0 -64 0 0.16356477054824106
minecraft:packed_ice 37 -35 73 -0.41124804682218410
minecraft:packed_ice 74 -6 18 0.44020568664211200
minecraft:packed_ice 111 23 91 -0.17682768257792075
minecraft:packed_ice 20 52 36 -0.40977832671157444
minecraft:packed_ice 57 81 109 0.41924358794284583
minecraft:packed_ice 94 110 54 0.26025493885271900
minecraft:packed_ice 3 139 127 0.70252058855358060
minecraft:packed_ice 40 168 72 -0.11947284931537189
minecraft:packed_ice 77 197 17 0.22072606126892536
minecraft:packed_ice 114 226 90 0.31158325674404086
minecraft:packed_ice 23 255 35 0.20444032107218107
minecraft:packed_ice 60 284 108 -0.51943065477253210
minecraft:packed_ice 97 313 53 0.13193047311636600
minecraft:packed_ice 6 -42 126 -0.19261940754062307
minecraft:packed_ice 43 -13 71 -0.36694070931486620
minecraft:packed_ice 80 16 16 0.16475171307608520
minecraft:packed_ice 117 45 89 -0.029683615285503652
minecraft:packed_ice 26 74 34 -0.26547558815195940
minecraft:packed_ice 63 103 107 0.47981547800629515
minecraft:packed_ice 100 132 52 0.011695018430313786
minecraft:packed_ice 9 161 125 0.51995618211642920
minecraft:packed_ice 46 190 70 -0.10207862101734894
minecraft:packed_ice 83 219 15 0.074800253620313500
minecraft:packed_ice 120 248 88 0.15975778195543167
minecraft:packed_ice 29 277 33 0.38298146699571367
minecraft:packed_ice 66 306 106 -0.65349478421301140
minecraft:packed_ice 103 -49 51 -0.10458106137257062
minecraft:packed_ice 12 -20 124 -0.32491037300063160
minecraft:packed_ice 49 9 69 -0.22265560781831210
minecraft:packed_ice 86 38 14 -0.23594929546604343
minecraft:packed_ice 123 67 87 -0.15397373258862873
minecraft:packed_ice 32 96 32 -0.23810071403084965
minecraft:packed_ice 69 125 105 0.73209611037458870
minecraft:packed_ice 106 154 50 0.22885998387882625
minecraft:packed_ice 15 183 123 0.19651745914096510
minecraft:packed_ice 52 212 68 0.12940392283638008
minecraft:packed_ice 89 241 13 0.082785343807774720
minecraft:packed_ice 126 270 86 0.056310057162010430
minecraft:packed_ice 35 299 31 0.31347555232837420
minecraft:packed_ice 72 -56 104 -0.41613198639467447
minecraft:packed_ice 109 -27 49 0.25453559532039405
minecraft:packed_ice 18 2 122 -0.18679655398112985
minecraft:packed_ice 55 31 67 -0.048362876972119230
minecraft:packed_ice 92 60 12 -0.35596776189097046
minecraft:packed_ice 1 89 85 0.025578801241202930
minecraft:packed_ice 38 118 30 -0.13006311897882980
minecraft:packed_ice 75 147 103 0.39318331891300100
minecraft:packed_ice 112 176 48 0.27723987099473700
minecraft:packed_ice 21 205 121 0.18818670717655378
minecraft:packed_ice 58 234 66 0.41876239090674020
minecraft:packed_ice 95 263 11 0.017095590249237697
minecraft:packed_ice 4 292 84 0.14892534161124193
minecraft:packed_ice 41 -63 29 0.19808703377678355
minecraft:packed_ice 78 -34 102 -0.24945083896017084
minecraft:packed_ice 115 -5 47 0.46576386237612850
minecraft:packed_ice 24 24 120 -0.17790468423118990
minecraft:packed_ice 61 53 65 0.13574357644637540
minecraft:packed_ice 98 82 10 -0.086662509517229540
minecraft:packed_ice 7 111 83 -0.046289938019186794
minecraft:packed_ice 44 140 28 -0.27586260364565740
minecraft:packed_ice 81 169 101 -0.049611841065988996
minecraft:packed_ice 118 198 46 0.38746520726430730
minecraft:packed_ice 27 227 119 0.31219454402351830
minecraft:ice 0 -64 0 0.36823640160138980
minecraft:ice 37 -35 73 -0.10692226001604563
minecraft:ice 74 -6 18 0.14573379176120255
minecraft:ice 111 23 91 -0.19677955812211828
minecraft:ice 20 52 36 -0.046704024483895250
minecraft:ice 57 81 109 0.14592919436265944
minecraft:ice 94 110 54 -0.14933864491615123
minecraft:ice 3 139 127 -0.73449944954028420
minecraft:ice 40 168 72 -0.50764283390374860
minecraft:ice 77 197 17 0.10986540760825676
minecraft:ice 114 226 90 0.29057411920570150
minecraft:ice 23 255 35 0.073134510210664280
minecraft:ice 60 284 108 0.46556992543025280
minecraft:ice 97 313 53 0.093843125602572160
minecraft:ice 6 -42 126 -0.49926295346938476
minecraft:ice 43 -13 71 -0.29820026937363130
minecraft:ice 80 16 16 -0.53349845669613990
minecraft:ice 117 45 89 0.059641612833481086
minecraft:ice 26 74 34 0.39323309155325914
minecraft:ice 63 103 107 -0.29040714665239564
minecraft:ice 100 132 52 -0.18050531113534213
minecraft:ice 9 161 125 -0.43624116975194555
minecraft:ice 46 190 70 0.082256121593166200
minecraft:ice 83 219 15 0.26380029588959560
minecraft:ice 120 248 88 -0.31047936602773696
minecraft:ice 29 277 33 0.38054301428008896
minecraft:ice 66 306 106 -0.63717416380645380
minecraft:ice 103 -49 51 0.23077414232282595
minecraft:ice 12 -20 124 -0.32735084409368900
minecraft:ice 49 9 69 0.18515344618593055
minecraft:ice 86 38 14 0.020166956574006165
minecraft:ice 123 67 87 0.085229621291456630
minecraft:ice 32 96 32 -0.76310983551145250
minecraft:ice 69 125 105 -0.078923105207893490
minecraft:ice 106 154 50 -0.49132809281110840
minecraft:ice 15 183 123 -0.069320946377611060
minecraft:ice 52 212 68 -0.043338102860223784
minecraft:ice 89 241 13 -0.62034507170885490
minecraft:ice 126 270 86 0.044809800377798730
minecraft:ice 35 299 31 0.34556386277146720
minecraft:ice 72 -56 104 0.17414766540450616
minecraft:ice 109 -27 49 -0.049460459533090420
minecraft:ice 18 2 122 -0.35950661938444384
minecraft:ice 55 31 67 -0.046613508115711190
minecraft:ice 92 60 12 0.52026494195903970
minecraft:ice 1 89 85 -0.10415524210368765
minecraft:ice 38 118 30 0.41444086132207900
minecraft:ice 75 147 103 -0.35811027880131050
minecraft:ice 112 176 48 -0.10960691937383674
minecraft:ice 21 205 121 0.048018682662553935
minecraft:ice 58 234 66 0.49857854166762360
minecraft:ice 95 263 11 -0.55590309491045110
minecraft:ice 4 292 84 -0.28623665232696320
minecraft:ice 41 -63 29 0.36303546130636744
minecraft:ice 78 -34 102 -0.26729977356545110
minecraft:ice 115 -5 47 -0.46099097597037320
minecraft:ice 24 24 120 -0.90204824121383550
minecraft:ice 61 53 65 -0.38650309013105627
minecraft:ice 98 82 10 -0.016281086498698187
minecraft:ice 7 111 83 -0.26915586557320450
minecraft:ice 44 140 28 -0.38573760048577804
minecraft:ice 81 169 101 -0.45967281397927460
minecraft:ice 118 198 46 -0.0088076199419565470
minecraft:ice 27 227 119 -0.46242692266102350
minecraft:soul_sand_layer 0 -64 0 0.64503796865621310
minecraft:soul_sand_layer 37 -35 73 0.58200982561631150
minecraft:soul_sand_layer 74 -6 18 0.68707352480059000
minecraft:soul_sand_layer 111 23 91 0.23896270270008263
minecraft:soul_sand_layer 20 52 36 0.79389710643873720
minecraft:soul_sand_layer 57 81 109 -0.16740636067141640
minecraft:soul_sand_layer 94 110 54 0.064218103392869610
minecraft:soul_sand_layer 3 139 127 0.45708168713169944
minecraft:soul_sand_layer 40 168 72 0.47504011924774890
minecraft:soul_sand_layer 77 197 17 0.10700993912004320
minecraft:soul_sand_layer 114 226 90 -0.097542063487185500
minecraft:soul_sand_layer 23 255 35 0.48129024503248813
minecraft:soul_sand_layer 60 284 108 0.93723176254561990
minecraft:soul_sand_layer 97 313 53 0.12806457455496460
minecraft:soul_sand_layer 6 -42 126 0.24463752596615027
minecraft:soul_sand_layer 43 -13 71 0.55019106211598860
minecraft:soul_sand_layer 80 16 16 0.42802216159481560
minecraft:soul_sand_layer 117 45 89 0.21769768004468928
minecraft:soul_sand_layer 26 74 34 0.64334727795572630
minecraft:soul_sand_layer 63 103 107 -0.0041031142519248880
minecraft:soul_sand_layer 100 132 52 0.20286444956344507
minecraft:soul_sand_layer 9 161 125 0.45935904382813536
minecraft:soul_sand_layer 46 190 70 0.39125882120194190
minecraft:soul_sand_layer 83 219 15 -0.0010669958499032043
minecraft:soul_sand_layer 120 248 88 0.047526877549423400
minecraft:soul_sand_layer 29 277 33 0.39354906167832154
minecraft:soul_sand_layer 66 306 106 0.84419057200316930
minecraft:soul_sand_layer 103 -49 51 0.58107859724565090
minecraft:soul_sand_layer 12 -20 124 0.20516229125779917
minecraft:soul_sand_layer 49 9 69 0.56912091114138600
minecraft:soul_sand_layer 86 38 14 0.43957280141149024
minecraft:soul_sand_layer 123 67 87 0.0080445416372365830
minecraft:soul_sand_layer 32 96 32 0.55619885467648490
minecraft:soul_sand_layer 69 125 105 0.12229626558730489
minecraft:soul_sand_layer 106 154 50 0.24921242256181647
minecraft:soul_sand_layer 15 183 123 0.45452489773920257
minecraft:soul_sand_layer 52 212 68 0.35278006017040940
minecraft:soul_sand_layer 89 241 13 -0.083135487229118570
minecraft:soul_sand_layer 126 270 86 0.095368055048902430
minecraft:soul_sand_layer 35 299 31 0.30396457566872230
minecraft:soul_sand_layer 72 -56 104 0.58583326850786940
minecraft:soul_sand_layer 109 -27 49 0.78709228542504430
minecraft:soul_sand_layer 18 2 122 0.29927971745239000
minecraft:soul_sand_layer 55 31 67 0.54177787157616280
minecraft:soul_sand_layer 92 60 12 0.41348545909300205
minecraft:soul_sand_layer 1 89 85 0.38337944340535307
minecraft:soul_sand_layer 38 118 30 0.61939092434068180
minecraft:soul_sand_layer 75 147 103 0.14208464035554220
minecraft:soul_sand_layer 112 176 48 0.039375864387701820
minecraft:soul_sand_layer 21 205 121 0.52767381777895940
minecraft:soul_sand_layer 58 234 66 0.54252693674418400
minecraft:soul_sand_layer 95 263 11 -0.24335770549138370
minecraft:soul_sand_layer 4 292 84 0.85450266989360720
minecraft:soul_sand_layer 41 -63 29 0.79320924208852370
minecraft:soul_sand_layer 78 -34 102 0.52784656996796120
minecraft:soul_sand_layer 115 -5 47 0.62367216367522980
minecraft:soul_sand_layer 24 24 120 0.19414798507867037
minecraft:soul_sand_layer 61 53 65 0.40723886115686340
minecraft:soul_sand_layer 98 82 10 0.23206359884795397
minecraft:soul_sand_layer 7 111 83 0.47991610191301780
minecraft:soul_sand_layer 44 140 28 0.40713539143323870
minecraft:soul_sand_layer 81 169 101 0.089733312793485230
minecraft:soul_sand_layer 118 198 46 -0.060635842167437705
minecraft:soul_sand_layer 27 227 119 0.59239253102144370
minecraft:gravel_layer 0 -64 0 0.083617767668908050
minecraft:gravel_layer 37 -35 73 -0.35302364290283990
minecraft:gravel_layer 74 -6 18 -0.22313699183682467
minecraft:gravel_layer 111 23 91 -0.20780570670212217
minecraft:gravel_layer 20 52 36 -0.43350957722764316
minecraft:gravel_layer 57 81 109 -0.54965108911467610
minecraft:gravel_layer 94 110 54 -0.45480985096840230
minecraft:gravel_layer 3 139 127 -0.30835229568299280
minecraft:gravel_layer 40 168 72 -0.0036082191704659146
minecraft:gravel_layer 77 197 17 0.21227486977143123
minecraft:gravel_layer 114 226 90 -0.41790853685002310
minecraft:gravel_layer 23 255 35 0.21694627723231210
minecraft:gravel_layer 60 284 108 0.12674667302498350
minecraft:gravel_layer 97 313 53 -0.39234645219825137
minecraft:gravel_layer 6 -42 126 -0.24986080444242392
minecraft:gravel_layer 43 -13 71 -0.38873533840416740
minecraft:gravel_layer 80 16 16 -0.12449104809365215
minecraft:gravel_layer 117 45 89 -0.19472660689481072
minecraft:gravel_layer 26 74 34 -0.49165566743735556
minecraft:gravel_layer 63 103 107 -0.70398174909506150
minecraft:gravel_layer 100 132 52 -0.28684639431518530
minecraft:gravel_layer 9 161 125 -0.015728111414282493
minecraft:gravel_layer 46 190 70 0.23461525763552430
minecraft:gravel_layer 83 219 15 0.13574440525023046
minecraft:gravel_layer 120 248 88 -0.44255739704635800
minecraft:gravel_layer 29 277 33 0.054866554645881760
minecraft:gravel_layer 66 306 106 -0.029300944746722984
minecraft:gravel_layer 103 -49 51 0.22426294461808963
minecraft:gravel_layer 12 -20 124 -0.29612158105088443
minecraft:gravel_layer 49 9 69 -0.43997078195060907
minecraft:gravel_layer 86 38 14 0.098996000720776160
minecraft:gravel_layer 123 67 87 -0.30003673893719834
minecraft:gravel_layer 32 96 32 -0.44810489791678270
minecraft:gravel_layer 69 125 105 -0.56888665581212670
minecraft:gravel_layer 106 154 50 -0.21967555572159050
minecraft:gravel_layer 15 183 123 0.22714493643462294
minecraft:gravel_layer 52 212 68 0.24363887997576103
minecraft:gravel_layer 89 241 13 -0.12241413889486040
minecraft:gravel_layer 126 270 86 -0.41398262732362890
minecraft:gravel_layer 35 299 31 -0.084818727525791410
minecraft:gravel_layer 72 -56 104 -0.37623479500480120
minecraft:gravel_layer 109 -27 49 0.084997392293269650
minecraft:gravel_layer 18 2 122 -0.32012234793596950
minecraft:gravel_layer 55 31 67 -0.54629613456604810
minecraft:gravel_layer 92 60 12 0.074483448563462590
minecraft:gravel_layer 1 89 85 -0.78056347881592800
minecraft:gravel_layer 38 118 30 -0.23016279759170774
minecraft:gravel_layer 75 147 103 -0.43774734907585183
minecraft:gravel_layer 112 176 48 -0.24009466282466208
minecraft:gravel_layer 21 205 121 0.30628860499378100
minecraft:gravel_layer 58 234 66 0.16845542263493754
minecraft:gravel_layer 95 263 11 -0.35414091983624000
minecraft:gravel_layer 4 292 84 0.22348715749903433
minecraft:gravel_layer 41 -63 29 0.084355004019074160
minecraft:gravel_layer 78 -34 102 -0.34743781392040830
minecraft:gravel_layer 115 -5 47 -0.11150522059391345
minecraft:gravel_layer 24 24 120 -0.41439366064393400
minecraft:gravel_layer 61 53 65 -0.74129131064529410
minecraft:gravel_layer 98 82 10 0.040108664286474250
minecraft:gravel_layer 7 111 83 -0.65630234244964650
minecraft:gravel_layer 44 140 28 0.11167054365608596
minecraft:gravel_layer 81 169 101 -0.35742609046435630
minecraft:gravel_layer 118 198 46 -0.25640810143158943
minecraft:gravel_layer 27 227 119 0.39983044576565430
minecraft:patch 0 -64 0 -0.11617723690985986
minecraft:patch 37 -35 73 0.20343703547333888
minecraft:patch 74 -6 18 0.40760766117507730
minecraft:patch 111 23 91 0.44254549301701690
minecraft:patch 20 52 36 -0.30801692327573466
minecraft:patch 57 81 109 -0.065947204515426340
minecraft:patch 94 110 54 0.076677014865364380
minecraft:patch 3 139 127 -0.24777193281208781
minecraft:patch 40 168 72 0.020194211209002040
minecraft:patch 77 197 17 -0.10172456945259435
minecraft:patch 114 226 90 -0.016145117040860798
minecraft:patch 23 255 35 -0.50948100101645670
minecraft:patch 60 284 108 -0.28140094581983777
minecraft:patch 97 313 53 -0.065466662126874910
minecraft:patch 6 -42 126 -0.50513878059554280
minecraft:patch 43 -13 71 -0.25921219888562520
minecraft:patch 80 16 16 -0.31510530807714754
minecraft:patch 117 45 89 -0.087745504535723940
minecraft:patch 26 74 34 -0.075352223729198730
minecraft:patch 63 103 107 -0.28294720428309070
minecraft:patch 100 132 52 0.21680981672664770
minecraft:patch 9 161 125 0.23675765548635833
minecraft:patch 46 190 70 -0.19678746402717762
minecraft:patch 83 219 15 -0.034112469925270250
minecraft:patch 120 248 88 -0.044461128187627146
minecraft:patch 29 277 33 -0.10060961636054880
minecraft:patch 66 306 106 -0.28565219182524687
minecraft:patch 103 -49 51 0.21564546776923557
minecraft:patch 12 -20 124 0.32952278460184490
minecraft:patch 49 9 69 0.41207977124989076
minecraft:patch 86 38 14 0.15657112440404780
minecraft:patch 123 67 87 0.39684458497406483
minecraft:patch 32 96 32 0.18174562900431510
minecraft:patch 69 125 105 -0.056744330371780280
minecraft:patch 106 154 50 -0.25835553701429970
minecraft:patch 15 183 123 0.033131696944612855
minecraft:patch 52 212 68 -0.27876788091807014
minecraft:patch 89 241 13 0.22566629916099610
minecraft:patch 126 270 86 -0.12077946955125142
minecraft:patch 35 299 31 -0.14295669299105396
minecraft:patch 72 -56 104 0.21386698416538522
minecraft:patch 109 -27 49 0.36381552102931720
minecraft:patch 18 2 122 0.18664278698082440
minecraft:patch 55 31 67 0.21539215254427430
minecraft:patch 92 60 12 -0.11693130044669138
minecraft:patch 1 89 85 -0.045022646027342884
minecraft:patch 38 118 30 0.16224363781374448
minecraft:patch 75 147 103 -0.039750989582182570
minecraft:patch 112 176 48 -0.21929433121902273
minecraft:patch 21 205 121 -0.068059583308434480
minecraft:patch 58 234 66 0.035739696605664506
minecraft:patch 95 263 11 -0.30408074934323490
minecraft:patch 4 292 84 -0.14663639741543172
minecraft:patch 41 -63 29 0.31071431441476705
minecraft:patch 78 -34 102 0.22388453940179046
minecraft:patch 115 -5 47 -0.12467931848481457
minecraft:patch 24 24 120 -0.22619728944547937
minecraft:patch 61 53 65 -0.35550491429431670
minecraft:patch 98 82 10 0.22198937775192212
minecraft:patch 7 111 83 0.13756374769149780
minecraft:patch 44 140 28 -0.39651623543271486
minecraft:patch 81 169 101 -0.27681652616724906
minecraft:patch 118 198 46 0.072678256357151610
minecraft:patch 27 227 119 0.30607109756833095
minecraft:netherrack 0 -64 0 -0.23700775329720520
minecraft:netherrack 37 -35 73 -0.27739537980476553
minecraft:netherrack 74 -6 18 0.35209489327525790
minecraft:netherrack 111 23 91 -0.0011573478411122846
minecraft:netherrack 20 52 36 -0.18754024410626974
minecraft:netherrack 57 81 109 0.45431434591685170
minecraft:netherrack 94 110 54 -0.52429491177432500
minecraft:netherrack 3 139 127 -0.14630577763867420
minecraft:netherrack 40 168 72 0.16220709108925174
minecraft:netherrack 77 197 17 -0.65140858632232310
minecraft:netherrack 114 226 90 -0.10773211857860934
minecraft:netherrack 23 255 35 -0.080204472944386430
minecraft:netherrack 60 284 108 -0.59622686910357970
minecraft:netherrack 97 313 53 0.36529341784540037
minecraft:netherrack 6 -42 126 0.71869900471683270
minecraft:netherrack 43 -13 71 0.13821906826270752
minecraft:netherrack 80 16 16 -0.16608329882616274
minecraft:netherrack 117 45 89 0.19183949018696103
minecraft:netherrack 26 74 34 0.22283052592308800
minecraft:netherrack 63 103 107 0.27459385448278280
minecraft:netherrack 100 132 52 -0.15721963067925770
minecraft:netherrack 9 161 125 0.65316296565588530
minecraft:netherrack 46 190 70 -0.22180112830910753
minecraft:netherrack 83 219 15 -0.043316001070227320
minecraft:netherrack 120 248 88 -0.56281405390433750
minecraft:netherrack 29 277 33 -0.39240760295886610
minecraft:netherrack 66 306 106 0.074814425739239740
minecraft:netherrack 103 -49 51 0.62774798899705910
minecraft:netherrack 12 -20 124 0.098971153464972280
minecraft:netherrack 49 9 69 -0.11378972053000466
minecraft:netherrack 86 38 14 0.21251377165496910
minecraft:netherrack 123 67 87 0.14848741348735695
minecraft:netherrack 32 96 32 0.37321695820680060
minecraft:netherrack 69 125 105 -0.37307057061414000
minecraft:netherrack 106 154 50 0.016290835091748870
minecraft:netherrack 15 183 123 -0.12536283646155041
minecraft:netherrack 52 212 68 -0.13191839998339425
minecraft:netherrack 89 241 13 -0.089553638861008760
minecraft:netherrack 126 270 86 -0.56865925570075860
minecraft:netherrack 35 299 31 -0.20481871213223846
minecraft:netherrack 72 -56 104 0.24108405496214072
minecraft:netherrack 109 -27 49 0.15253431861451510
minecraft:netherrack 18 2 122 -0.15020574228242492
minecraft:netherrack 55 31 67 0.32946209829418870
minecraft:netherrack 92 60 12 -0.35339715553728490
minecraft:netherrack 1 89 85 0.41562797494729870
minecraft:netherrack 38 118 30 -0.41800391023047717
minecraft:netherrack 75 147 103 -0.0081802588157591500
minecraft:netherrack 112 176 48 0.082904467594818840
minecraft:netherrack 21 205 121 -0.18175053502407462
minecraft:netherrack 58 234 66 -0.46306614600929824
minecraft:netherrack 95 263 11 0.094477424184157080
minecraft:netherrack 4 292 84 -0.077525536669584450
minecraft:netherrack 41 -63 29 -0.044809771505405250
minecraft:netherrack 78 -34 102 0.13957574644759385
minecraft:netherrack 115 -5 47 0.40656737723672426
minecraft:netherrack 24 24 120 -0.22535655196387167
minecraft:netherrack 61 53 65 -0.31995344128350700
minecraft:netherrack 98 82 10 0.33149626699650940
minecraft:netherrack 7 111 83 0.63080027435325010
minecraft:netherrack 44 140 28 0.11818102741401422
minecraft:netherrack 81 169 101 -0.092573748223853740
minecraft:netherrack 118 198 46 0.44290623075407154
minecraft:netherrack 27 227 119 -0.25765098877388620
minecraft:nether_wart 0 -64 0 0.15142137402350410
minecraft:nether_wart 37 -35 73 -0.14943055566998736
minecraft:nether_wart 74 -6 18 0.30718145949317976
minecraft:nether_wart 111 23 91 -0.080102093597870310
minecraft:nether_wart 20 52 36 0.32138827601780545
minecraft:nether_wart 57 81 109 -0.27744393080972430
minecraft:nether_wart 94 110 54 -0.45373995537899980
minecraft:nether_wart 3 139 127 -0.097377659468950410
minecraft:nether_wart 40 168 72 -0.091897047484398210
minecraft:nether_wart 77 197 17 0.12507044883508062
minecraft:nether_wart 114 226 90 -0.18555895022455365
minecraft:nether_wart 23 255 35 0.32672503749883150
minecraft:nether_wart 60 284 108 0.066875568430849810
minecraft:nether_wart 97 313 53 0.24847239872252005
minecraft:nether_wart 6 -42 126 -0.19629129261793615
minecraft:nether_wart 43 -13 71 0.11000778808814951
minecraft:nether_wart 80 16 16 -0.75570074423184710
minecraft:nether_wart 117 45 89 -0.30185341877667440
minecraft:nether_wart 26 74 34 0.48617199489187024
minecraft:nether_wart 63 103 107 -0.052412340944543310
minecraft:nether_wart 100 132 52 -0.0038600329542044690
minecraft:nether_wart 9 161 125 0.029251549995995400
minecraft:nether_wart 46 190 70 0.097600892694565540
minecraft:nether_wart 83 219 15 -0.071464309508587510
minecraft:nether_wart 120 248 88 0.12668860025411743
minecraft:nether_wart 29 277 33 -0.61776649066434870
minecraft:nether_wart 66 306 106 0.21911127097849060
minecraft:nether_wart 103 -49 51 -0.091731841400239110
minecraft:nether_wart 12 -20 124 -0.16466232408627680
minecraft:nether_wart 49 9 69 -0.34528674603725640
minecraft:nether_wart 86 38 14 -0.066617369384077170
minecraft:nether_wart 123 67 87 0.41991273228277770
minecraft:nether_wart 32 96 32 -0.069259736408180410
minecraft:nether_wart 69 125 105 0.40632092004571213
minecraft:nether_wart 106 154 50 -0.25523178877850570
minecraft:nether_wart 15 183 123 0.25597870366507010
minecraft:nether_wart 52 212 68 0.19989829056420810
minecraft:nether_wart 89 241 13 0.12931800828003376
minecraft:nether_wart 126 270 86 -0.018314857234217365
minecraft:nether_wart 35 299 31 0.55186010710641860
minecraft:nether_wart 72 -56 104 0.37724946470823210
minecraft:nether_wart 109 -27 49 -0.042210394277065890
minecraft:nether_wart 18 2 122 -0.39675163707955820
minecraft:nether_wart 55 31 67 -0.072764638887294670
minecraft:nether_wart 92 60 12 -0.051871090626185590
minecraft:nether_wart 1 89 85 -0.17125583079018683
minecraft:nether_wart 38 118 30 -0.023120248759192514
minecraft:nether_wart 75 147 103 -0.20844828914178148
minecraft:nether_wart 112 176 48 0.045142573901357216
minecraft:nether_wart 21 205 121 -0.16832980170451575
minecraft:nether_wart 58 234 66 0.60011643587747880
minecraft:nether_wart 95 263 11 0.063489740887283760
minecraft:nether_wart 4 292 84 -0.30203674254380120
minecraft:nether_wart 41 -63 29 0.35479857617503596
minecraft:nether_wart 78 -34 102 0.27349349644747967
minecraft:nether_wart 115 -5 47 -0.033835970321139365
minecraft:nether_wart 24 24 120 0.041195892534809540
minecraft:nether_wart 61 53 65 0.025959786408699448
minecraft:nether_wart 98 82 10 0.11576444487452393
minecraft:nether_wart 7 111 83 0.26974222647490100
minecraft:nether_wart 44 140 28 -0.20038140696233722
minecraft:nether_wart 81 169 101 -0.0094387171214642680
minecraft:nether_wart 118 198 46 -0.14021419530863490
minecraft:nether_wart 27 227 119 -0.42090717482807993
minecraft:nether_state_selector 0 -64 0 0.32844103076221890
minecraft:nether_state_selector 37 -35 73 0.098504314534162150
minecraft:nether_state_selector 74 -6 18 0.017405405183704842
minecraft:nether_state_selector 111 23 91 -0.18949953753930648
minecraft:nether_state_selector 20 52 36 0.016166286415447647
minecraft:nether_state_selector 57 81 109 0.025939345359620166
minecraft:nether_state_selector 94 110 54 -0.42831487208599480
minecraft:nether_state_selector 3 139 127 -0.16049737875952427
minecraft:nether_state_selector 40 168 72 -0.063314087449035040
minecraft:nether_state_selector 77 197 17 -0.050721837315732170
minecraft:nether_state_selector 114 226 90 -0.010186495198073926
minecraft:nether_state_selector 23 255 35 -0.047707544864453395
minecraft:nether_state_selector 60 284 108 0.29077672594480490
minecraft:nether_state_selector 97 313 53 -0.10130391817192408
minecraft:nether_state_selector 6 -42 126 0.16753190693225367
minecraft:nether_state_selector 43 -13 71 0.16541516063592993
minecraft:nether_state_selector 80 16 16 0.43355348795282500
minecraft:nether_state_selector 117 45 89 -0.55176531960802720
minecraft:nether_state_selector 26 74 34 0.26159229977687470
minecraft:nether_state_selector 63 103 107 0.30560649151676306
minecraft:nether_state_selector 100 132 52 -0.25338213876858500
minecraft:nether_state_selector 9 161 125 -0.34322417154766620
minecraft:nether_state_selector 46 190 70 -0.080175322408440830
minecraft:nether_state_selector 83 219 15 -0.073998396126009210
minecraft:nether_state_selector 120 248 88 -0.52247676559781940
minecraft:nether_state_selector 29 277 33 -0.21650668070025866
minecraft:nether_state_selector 66 306 106 0.22703003200062213
minecraft:nether_state_selector 103 -49 51 -0.28885538614033700
minecraft:nether_state_selector 12 -20 124 0.045659335565366900
minecraft:nether_state_selector 49 9 69 0.35390560786892933
minecraft:nether_state_selector 86 38 14 0.68758586044488680
minecraft:nether_state_selector 123 67 87 0.65852230235024690
minecraft:nether_state_selector 32 96 32 -0.21400219094453870
minecraft:nether_state_selector 69 125 105 0.13067121965091985
minecraft:nether_state_selector 106 154 50 -0.44525519927693970
minecraft:nether_state_selector 15 183 123 -0.091645335235954320
minecraft:nether_state_selector 52 212 68 0.21643131369637986
minecraft:nether_state_selector 89 241 13 0.23187177242352805
minecraft:nether_state_selector 126 270 86 0.22228572382311446
minecraft:nether_state_selector 35 299 31 0.028262325682418033
minecraft:nether_state_selector 72 -56 104 -0.52116681715080550
minecraft:nether_state_selector 109 -27 49 0.52543038107845440
minecraft:nether_state_selector 18 2 122 -0.00034407343322144046
minecraft:nether_state_selector 55 31 67 0.025344543968015920
minecraft:nether_state_selector 92 60 12 -0.35054566018451677
minecraft:nether_state_selector 1 89 85 -0.39766619721165100
minecraft:nether_state_selector 38 118 30 0.063451211287808020
minecraft:nether_state_selector 75 147 103 0.43684213931027055
minecraft:nether_state_selector 112 176 48 -0.023995726682838957
minecraft:nether_state_selector 21 205 121 -0.34931382145440450
minecraft:nether_state_selector 58 234 66 -0.063548805645636280
minecraft:nether_state_selector 95 263 11 -0.39573765005766093
minecraft:nether_state_selector 4 292 84 0.41137173410960076
minecraft:nether_state_selector 41 -63 29 -0.0017143169900434943
minecraft:nether_state_selector 78 -34 102 0.49410170877102677
minecraft:nether_state_selector 115 -5 47 -0.66892844261899620
minecraft:nether_state_selector 24 24 120 0.52225910509490200
minecraft:nether_state_selector 61 53 65 0.27079599328144240
minecraft:nether_state_selector 98 82 10 -0.13792256972931558
minecraft:nether_state_selector 7 111 83 -0.048970006378455690
minecraft:nether_state_selector 44 140 28 0.30537959057248680
minecraft:nether_state_selector 81 169 101 0.60201418302917710
minecraft:nether_state_selector 118 198 46 -0.28254729837105386
minecraft:nether_state_selector 27 227 119 -0.13738546157550258
