Starting a Gradle Daemon, 12 stopped Daemons could not be reused, use --status for details

> Configure project :
Fabric Loom: 1.10.5

> Configure project :content-test
Fabric Loom: 1.10.5

> Task :compileJava UP-TO-DATE
> Task :processResources UP-TO-DATE
> Task :classes UP-TO-DATE
> Task :generateLog4jConfig UP-TO-DATE
> Task :generateRemapClasspath UP-TO-DATE
> Task :generateDLIConfig UP-TO-DATE
> Task :configureLaunch UP-TO-DATE

> Task :runServer
[21:16:59] [main/INFO] (FabricLoader/GameProvider) Loading Minecraft 1.20.1 with Fabric Loader 0.15.11
[21:16:59] [main/INFO] (FabricLoader) Loading 48 mods:
	- chunky 1.3.146
	- coreswap 1.20.1-1.0.27
	- fabric-api 0.92.0+1.20.1
	- fabric-api-base 0.4.31+1802ada577
	- fabric-api-lookup-api-v1 1.6.36+1802ada577
	- fabric-biome-api-v1 13.0.13+1802ada577
	- fabric-block-api-v1 1.0.11+1802ada577
	- fabric-block-view-api-v2 1.0.1+1802ada577
	- fabric-command-api-v1 1.2.34+f71b366f77
	- fabric-command-api-v2 2.2.13+1802ada577
	- fabric-commands-v0 0.2.51+df3654b377
	- fabric-containers-v0 0.1.64+df3654b377
	- fabric-content-registries-v0 4.0.11+1802ada577
	- fabric-convention-tags-v1 1.5.5+1802ada577
	- fabric-crash-report-info-v1 0.2.19+1802ada577
	- fabric-data-attachment-api-v1 1.0.0+de0fd6d177
	- fabric-data-generation-api-v1 12.3.4+1802ada577
	- fabric-dimensions-v1 2.1.54+1802ada577
	- fabric-entity-events-v1 1.6.0+1c78457f77
	- fabric-events-interaction-v0 0.6.2+1802ada577
	- fabric-events-lifecycle-v0 0.2.63+df3654b377
	- fabric-game-rule-api-v1 1.0.40+1802ada577
	- fabric-gametest-api-v1 1.2.13+1802ada577
	- fabric-item-api-v1 2.1.28+1802ada577
	- fabric-item-group-api-v1 4.0.12+1802ada577
	- fabric-lifecycle-events-v1 2.2.22+1802ada577
	- fabric-loot-api-v2 1.2.1+1802ada577
	- fabric-loot-tables-v1 1.1.45+9e7660c677
	- fabric-message-api-v1 5.1.9+1802ada577
	- fabric-mining-level-api-v1 2.1.50+1802ada577
	- fabric-networking-api-v1 1.3.11+1802ada577
	- fabric-networking-v0 0.3.51+df3654b377
	- fabric-object-builder-api-v1 11.1.3+1802ada577
	- fabric-particles-v1 1.1.2+1802ada577
	- fabric-recipe-api-v1 1.0.21+1802ada577
	- fabric-registry-sync-v0 2.3.3+1802ada577
	- fabric-rendering-data-attachment-v1 0.3.37+92a0d36777
	- fabric-rendering-fluids-v1 3.0.28+1802ada577
	- fabric-resource-conditions-api-v1 2.3.8+1802ada577
	- fabric-resource-loader-v0 0.11.10+1802ada577
	- fabric-screen-handler-api-v1 1.3.30+1802ada577
	- fabric-transfer-api-v1 3.3.4+1802ada577
	- fabric-transitive-access-wideners-v1 4.3.1+1802ada577
	- fabricloader 0.15.11
	- java 17
	- minecraft 1.20.1
	- mixinextras 0.3.5
	- testcontent 1.0.0
[21:17:02] [main/INFO] (FabricLoader/Mixin) SpongePowered MIXIN Subsystem Version=0.8.5 Source=file:/E:/PYTHON/CoreSwap/.gradle-home/caches/modules-2/files-2.1/net.fabricmc/sponge-mixin/0.13.3+mixin.0.8.5/9527e6b0d2449408958fd1302594dc65ec5ade9c/sponge-mixin-0.13.3+mixin.0.8.5.jar Service=Knot/Fabric Env=SERVER
[21:17:02] [main/INFO] (FabricLoader/Mixin) Loaded Fabric development mappings for mixin remapper!
[21:17:03] [main/INFO] (FabricLoader/Mixin) Compatibility level set to JAVA_16
[21:17:03] [main/INFO] (FabricLoader/Mixin) Compatibility level set to JAVA_17
[21:17:04] [main/INFO] (FabricLoader/MixinExtras|Service) Initializing MixinExtras via com.llamalad7.mixinextras.service.MixinExtrasServiceImpl(version=0.3.5).
[21:17:05] [main/WARN] (WmiQueryHandler) COM exception querying Win32_Processor, which might not be on your system. Will not attempt to query it again. Error was -2147217405: (HRESULT: 80041003)
[21:17:05] [main/WARN] (WmiQueryHandler) COM exception querying Win32_Processor, which might not be on your system. Will not attempt to query it again. Error was -2147217405: (HRESULT: 80041003)
[21:17:05] [main/WARN] (WmiQueryHandler) COM exception querying Win32_VideoController, which might not be on your system. Will not attempt to query it again. Error was -2147217405: (HRESULT: 80041003)
[21:17:05] [main/WARN] (WmiQueryHandler) COM exception querying Win32_PhysicalMemory, which might not be on your system. Will not attempt to query it again. Error was -2147217405: (HRESULT: 80041003)
[21:17:14] [main/INFO] (Minecraft) [STDOUT]: [TestContent] registered testcontent:test_brick raw=1003 testcontent:test_lamp raw=1004
[21:17:14] [main/INFO] (Minecraft) Environment: authHost='https://authserver.mojang.com', accountsHost='https://api.mojang.com', sessionHost='https://sessionserver.mojang.com', servicesHost='https://api.minecraftservices.com', name='PROD'
[21:17:16] [main/INFO] (Minecraft) Loaded 7 recipes
[21:17:16] [main/INFO] (Minecraft) Loaded 1271 advancements
[21:17:17] [main/INFO] (BiomeModificationImpl) Applied 0 biome modifications to 0 of 64 new biomes in 2.184 ms
[21:17:17] [Server thread/INFO] (Minecraft) Starting minecraft server version 1.20.1
[21:17:17] [Server thread/INFO] (Minecraft) Loading properties
[21:17:17] [Server thread/INFO] (Minecraft) Default game type: SURVIVAL
[21:17:17] [Server thread/INFO] (Minecraft) Generating keypair
[21:17:17] [Server thread/INFO] (Minecraft) Starting Minecraft server on *:25565
[21:17:17] [Server thread/INFO] (Minecraft) Using default channel type
[21:17:18] [Server thread/INFO] (Minecraft) Preparing level "world"
[21:17:21] [Server thread/INFO] (Minecraft) Preparing start region for dimension minecraft:overworld
[21:17:21] [Worker-Main-14/INFO] (Minecraft) Preparing spawn area: 0%
[21:17:21] [Worker-Main-6/INFO] (Minecraft) Preparing spawn area: 0%
[21:17:22] [Worker-Main-7/INFO] (Minecraft) Preparing spawn area: 0%
[21:17:22] [Worker-Main-18/INFO] (Minecraft) Preparing spawn area: 1%
[21:17:23] [Worker-Main-15/INFO] (Minecraft) Preparing spawn area: 3%
[21:17:23] [Worker-Main-6/INFO] (Minecraft) Preparing spawn area: 6%
[21:17:24] [Worker-Main-17/INFO] (Minecraft) Preparing spawn area: 11%
[21:17:24] [Worker-Main-11/INFO] (Minecraft) Preparing spawn area: 15%
[21:17:25] [Worker-Main-17/INFO] (Minecraft) Preparing spawn area: 21%
[21:17:25] [Worker-Main-22/INFO] (Minecraft) Preparing spawn area: 25%
[21:17:26] [Worker-Main-23/INFO] (Minecraft) Preparing spawn area: 32%
[21:17:26] [Worker-Main-10/INFO] (Minecraft) Preparing spawn area: 36%
[21:17:27] [Worker-Main-9/INFO] (Minecraft) Preparing spawn area: 41%
[21:17:27] [Worker-Main-17/INFO] (Minecraft) Preparing spawn area: 46%
[21:17:28] [Worker-Main-22/INFO] (Minecraft) Preparing spawn area: 52%
[21:17:28] [Worker-Main-22/INFO] (Minecraft) Preparing spawn area: 57%
[21:17:29] [Worker-Main-23/INFO] (Minecraft) Preparing spawn area: 61%
[21:17:29] [Worker-Main-2/INFO] (Minecraft) Preparing spawn area: 68%
[21:17:30] [Worker-Main-5/INFO] (Minecraft) Preparing spawn area: 72%
[21:17:30] [Worker-Main-11/INFO] (Minecraft) Preparing spawn area: 81%
[21:17:31] [Worker-Main-19/INFO] (Minecraft) Preparing spawn area: 86%
[21:17:31] [Worker-Main-6/INFO] (Minecraft) Preparing spawn area: 90%
[21:17:32] [Worker-Main-18/INFO] (Minecraft) Preparing spawn area: 94%
[21:17:32] [Server thread/INFO] (Minecraft) Time elapsed: 11258 ms
[21:17:32] [Server thread/INFO] (Minecraft) Done (14.392s)! For help, type "help"
[21:17:32] [Server thread/INFO] (Minecraft) Starting remote control listener
[21:17:32] [Server thread/INFO] (Minecraft) Thread RCON Listener started
[21:17:32] [Server thread/INFO] (Minecraft) RCON running on 0.0.0.0:25575
[21:17:32] [Server thread/INFO] (Minecraft) [STDOUT]: [CppBridge] init seed=417950215108767439 worldgenDir=E:\PYTHON\CoreSwap\versions\1.20.1\data\worldgen enabled=true stageMask=3 env.CORESWAP_DEFAULT_BLOCK=null
[21:17:32] [Server thread/INFO] (Minecraft) [STDOUT]: [CppBridge] dll=E:\PYTHON\CoreSwap\.tmp\java-tmp\coreswap-native\worldgen.dll size=2457088 sha256=597e12ed2275ada5...
[21:17:32] [Server thread/INFO] (Minecraft) [STDOUT]: [CppBridge] initNether seed=417950215108767439 enabled=true stageMask=3
[21:17:32] [Server thread/INFO] (Minecraft) [STDOUT]: [CppBridge] initEnd seed=417950215108767439 enabled=true stageMask=3
[21:17:32] [Server thread/INFO] (Minecraft) [STDOUT]: [BenchMod] CoreSwap replace mode: C++ worldgen active
[21:17:41] [RCON Listener #1/INFO] (Minecraft) Thread RCON Client /127.0.0.1 started
[21:17:41] [RCON Client /127.0.0.1 #2/INFO] (Minecraft) Thread RCON Client /127.0.0.1 shutting down
[21:17:42] [RCON Listener #1/INFO] (Minecraft) Thread RCON Client /127.0.0.1 started
[21:17:42] [RCON Client /127.0.0.1 #3/INFO] (Minecraft) Thread RCON Client /127.0.0.1 shutting down
[21:17:42] [RCON Listener #1/INFO] (Minecraft) Thread RCON Client /127.0.0.1 started
[21:17:42] [RCON Client /127.0.0.1 #4/INFO] (Minecraft) Thread RCON Client /127.0.0.1 shutting down
[21:17:44] [RCON Listener #1/INFO] (Minecraft) Thread RCON Client /127.0.0.1 started
[21:17:44] [RCON Client /127.0.0.1 #5/INFO] (Minecraft) Thread RCON Client /127.0.0.1 shutting down
[21:17:44] [Worker-Main-20/INFO] (Minecraft) [STDOUT]: [Mixin] populateNoise intercepted chunk(-29,-28)
[21:17:44] [Worker-Main-20/INFO] (Minecraft) [STDOUT]: [Mixin] populateNoise intercepted chunk(-28,-28)
[21:17:44] [Worker-Main-10/INFO] (Minecraft) [STDOUT]: [Mixin] populateNoise intercepted chunk(-30,-28)
[21:17:44] [Worker-Main-20/INFO] (Minecraft) [STDOUT]: [Mixin] populateNoise intercepted chunk(-27,-28)
[21:17:44] [Worker-Main-4/INFO] (Minecraft) [STDOUT]: [Mixin] buildSurface skipped chunk(-29,-28)
[21:17:44] [Worker-Main-6/INFO] (Minecraft) [STDOUT]: [Mixin] buildSurface skipped chunk(-28,-28)
[21:17:44] [Worker-Main-21/INFO] (Minecraft) [STDOUT]: [Mixin] populateNoise intercepted chunk(-30,-27)
[21:17:44] [Worker-Main-9/INFO] (Minecraft) [STDOUT]: [Mixin] populateNoise intercepted chunk(-29,-27)
[21:17:44] [Worker-Main-15/INFO] (Minecraft) [STDOUT]: [Mixin] populateNoise intercepted chunk(-28,-27)
[21:17:44] [Worker-Main-19/INFO] (Minecraft) [STDOUT]: [Mixin] populateNoise intercepted chunk(-27,-27)
[21:17:44] [Worker-Main-2/INFO] (Minecraft) [STDOUT]: [Mixin] populateNoise intercepted chunk(-31,-31)
[21:17:44] [Worker-Main-5/INFO] (Minecraft) [STDOUT]: [Mixin] populateNoise intercepted chunk(-31,-30)
[21:17:44] [Worker-Main-6/INFO] (Minecraft) [STDOUT]: [Mixin] populateNoise intercepted chunk(-31,-29)
[21:17:44] [Worker-Main-23/INFO] (Minecraft) [STDOUT]: [Mixin] populateNoise intercepted chunk(-31,-28)
[21:17:44] [Worker-Main-22/INFO] (Minecraft) [STDOUT]: [Mixin] populateNoise intercepted chunk(-31,-27)
[21:17:44] [Worker-Main-8/INFO] (Minecraft) [STDOUT]: [Mixin] populateNoise intercepted chunk(-30,-31)
[21:17:44] [Worker-Main-18/INFO] (Minecraft) [STDOUT]: [Mixin] populateNoise intercepted chunk(-30,-30)
[21:17:44] [Worker-Main-7/INFO] (Minecraft) [STDOUT]: [Mixin] populateNoise intercepted chunk(-30,-29)
[21:17:44] [Worker-Main-16/INFO] (Minecraft) [STDOUT]: [Mixin] populateNoise intercepted chunk(-29,-29)
[21:17:44] [Worker-Main-17/INFO] (Minecraft) [STDOUT]: [Mixin] populateNoise intercepted chunk(-27,-29)
[21:17:44] [Worker-Main-13/INFO] (Minecraft) [STDOUT]: [Mixin] populateNoise intercepted chunk(-28,-29)
[21:17:44] [Worker-Main-3/INFO] (Minecraft) [STDOUT]: [Mixin] populateNoise intercepted chunk(-29,-26)
[21:17:44] [Worker-Main-14/INFO] (Minecraft) [STDOUT]: [Mixin] populateNoise intercepted chunk(-30,-26)
[21:17:44] [Worker-Main-4/INFO] (Minecraft) [STDOUT]: [Mixin] populateNoise intercepted chunk(-31,-26)
[21:17:44] [Worker-Main-11/INFO] (Minecraft) [STDOUT]: [Mixin] populateNoise intercepted chunk(-28,-26)
[21:17:44] [Worker-Main-13/INFO] (Minecraft) [STDOUT]: [Mixin] populateNoise intercepted chunk(-27,-26)
[21:17:44] [Worker-Main-1/INFO] (Minecraft) [STDOUT]: [Mixin] populateNoise intercepted chunk(-26,-29)
[21:17:44] [Worker-Main-10/INFO] (Minecraft) [STDOUT]: [Mixin] buildSurface skipped chunk(-30,-28)
[21:17:44] [Worker-Main-10/INFO] (Minecraft) [STDOUT]: [Mixin] buildSurface skipped chunk(-27,-28)
[21:17:44] [Worker-Main-20/INFO] (Minecraft) [STDOUT]: [Mixin] populateNoise intercepted chunk(-26,-28)
[21:17:44] [Worker-Main-10/INFO] (Minecraft) [STDOUT]: [Mixin] populateNoise intercepted chunk(-26,-27)
[21:17:44] [Worker-Main-21/INFO] (Minecraft) [STDOUT]: [Mixin] buildSurface skipped chunk(-30,-27)
[21:17:44] [Worker-Main-15/INFO] (Minecraft) [STDOUT]: [Mixin] buildSurface skipped chunk(-28,-27)
[21:17:44] [Worker-Main-15/INFO] (Minecraft) [STDOUT]: [Mixin] buildSurface skipped chunk(-27,-27)
[21:17:44] [Worker-Main-15/INFO] (Minecraft) [STDOUT]: [Mixin] populateNoise intercepted chunk(-26,-26)
[21:17:44] [Worker-Main-9/INFO] (Minecraft) [STDOUT]: [Mixin] buildSurface skipped chunk(-29,-27)
[21:17:44] [Worker-Main-21/INFO] (Minecraft) [STDOUT]: [Mixin] populateNoise intercepted chunk(-32,-32)
[21:17:44] [Worker-Main-6/INFO] (Minecraft) [STDOUT]: [Mixin] buildSurface skipped chunk(-31,-29)
[21:17:44] [Worker-Main-6/INFO] (Minecraft) [STDOUT]: [Mixin] populateNoise intercepted chunk(-31,-32)
[21:17:44] [Worker-Main-22/INFO] (Minecraft) [STDOUT]: [Mixin] buildSurface skipped chunk(-31,-27)
[21:17:44] [Worker-Main-19/INFO] (Minecraft) [STDOUT]: [Mixin] buildSurface skipped chunk(-31,-30)
[21:17:44] [Worker-Main-22/INFO] (Minecraft) [STDOUT]: [Mixin] populateNoise intercepted chunk(-30,-32)
[21:17:44] [Worker-Main-19/INFO] (Minecraft) [STDOUT]: [Mixin] buildSurface skipped chunk(-27,-29)
[21:17:44] [Worker-Main-19/INFO] (Minecraft) [STDOUT]: [Mixin] buildSurface skipped chunk(-30,-29)
[21:17:44] [Worker-Main-19/INFO] (Minecraft) [STDOUT]: [Mixin] populateNoise intercepted chunk(-32,-31)
[21:17:44] [Worker-Main-5/INFO] (Minecraft) [STDOUT]: [Mixin] populateNoise intercepted chunk(-32,-30)
[21:17:44] [Worker-Main-16/INFO] (Minecraft) [STDOUT]: [Mixin] buildSurface skipped chunk(-29,-29)
[21:17:44] [Worker-Main-7/INFO] (Minecraft) [STDOUT]: [Mixin] populateNoise intercepted chunk(-32,-29)
[21:17:44] [Worker-Main-9/INFO] (Minecraft) [STDOUT]: [Mixin] populateNoise intercepted chunk(-29,-30)
[21:17:44] [Worker-Main-17/INFO] (Minecraft) [STDOUT]: [Mixin] populateNoise intercepted chunk(-29,-31)
[21:17:44] [Worker-Main-2/INFO] (Minecraft) [STDOUT]: [Mixin] buildSurface skipped chunk(-31,-31)
[21:17:44] [Worker-Main-2/INFO] (Minecraft) [STDOUT]: [Mixin] populateNoise intercepted chunk(-29,-32)
[21:17:44] [Worker-Main-16/INFO] (Minecraft) [STDOUT]: [Mixin] buildSurface skipped chunk(-28,-29)
[21:17:44] [Worker-Main-12/INFO] (Minecraft) [STDOUT]: [Mixin] buildSurface skipped chunk(-30,-31)
[21:17:44] [Worker-Main-12/INFO] (Minecraft) [STDOUT]: [Mixin] buildSurface skipped chunk(-30,-30)
[21:17:44] [Worker-Main-18/INFO] (Minecraft) [STDOUT]: [Mixin] populateNoise intercepted chunk(-32,-28)
[21:17:44] [Worker-Main-12/INFO] (Minecraft) [STDOUT]: [Mixin] populateNoise intercepted chunk(-32,-27)
[21:17:44] [Worker-Main-8/INFO] (Minecraft) [STDOUT]: [Mixin] populateNoise intercepted chunk(-28,-30)
[21:17:44] [Worker-Main-16/INFO] (Minecraft) [STDOUT]: [Mixin] populateNoise intercepted chunk(-27,-30)
[21:17:44] [Worker-Main-3/INFO] (Minecraft) [STDOUT]: [Mixin] buildSurface skipped chunk(-29,-26)
[21:17:44] [Worker-Main-14/INFO] (Minecraft) [STDOUT]: [Mixin] buildSurface skipped chunk(-30,-26)
[21:17:44] [Worker-Main-3/INFO] (Minecraft) [STDOUT]: [Mixin] populateNoise intercepted chunk(-32,-26)
[21:17:44] [Worker-Main-11/INFO] (Minecraft) [STDOUT]: [Mixin] buildSurface skipped chunk(-28,-26)
[21:17:44] [Worker-Main-11/INFO] (Minecraft) [STDOUT]: [Mixin] populateNoise intercepted chunk(-32,-25)
[21:17:44] [Worker-Main-23/INFO] (Minecraft) [STDOUT]: [Mixin] buildSurface skipped chunk(-31,-28)
[21:17:44] [Worker-Main-23/INFO] (Minecraft) [STDOUT]: [Mixin] populateNoise intercepted chunk(-31,-25)
[21:17:44] [Worker-Main-13/INFO] (Minecraft) [STDOUT]: [Mixin] buildSurface skipped chunk(-27,-26)
[21:17:44] [Worker-Main-1/INFO] (Minecraft) [STDOUT]: [Mixin] populateNoise intercepted chunk(-30,-25)
[21:17:44] [Worker-Main-1/INFO] (Minecraft) [STDOUT]: [Mixin] buildSurface skipped chunk(-26,-29)
[21:17:44] [Worker-Main-1/INFO] (Minecraft) [STDOUT]: [Mixin] buildSurface skipped chunk(-26,-27)
[21:17:44] [Worker-Main-13/INFO] (Minecraft) [STDOUT]: [Mixin] buildSurface skipped chunk(-26,-28)
[21:17:44] [Worker-Main-10/INFO] (Minecraft) [STDOUT]: [Mixin] buildSurface skipped chunk(-26,-26)
[21:17:44] [Worker-Main-20/INFO] (Minecraft) [STDOUT]: [Mixin] buildSurface skipped chunk(-31,-32)
[21:17:44] [Worker-Main-15/INFO] (Minecraft) [STDOUT]: [Mixin] buildSurface skipped chunk(-31,-26)
[21:17:44] [Worker-Main-20/INFO] (Minecraft) [STDOUT]: [Mixin] buildSurface skipped chunk(-32,-32)
[21:17:44] [Worker-Main-22/INFO] (Minecraft) [STDOUT]: [Mixin] buildSurface skipped chunk(-32,-31)
[21:17:44] [Worker-Main-20/INFO] (Minecraft) [STDOUT]: [Mixin] buildSurface skipped chunk(-30,-32)
[21:17:44] [Worker-Main-20/INFO] (Minecraft) [STDOUT]: [Mixin] buildSurface skipped chunk(-32,-29)
[21:17:44] [Worker-Main-5/INFO] (Minecraft) [STDOUT]: [Mixin] buildSurface skipped chunk(-32,-30)
[21:17:44] [Worker-Main-5/INFO] (Minecraft) [STDOUT]: [Mixin] buildSurface skipped chunk(-29,-30)
[21:17:44] [Worker-Main-17/INFO] (Minecraft) [STDOUT]: [Mixin] buildSurface skipped chunk(-29,-31)
[21:17:44] [Worker-Main-22/INFO] (Minecraft) [STDOUT]: [Mixin] populateNoise intercepted chunk(-29,-25)
[21:17:44] [Worker-Main-20/INFO] (Minecraft) [STDOUT]: [Mixin] populateNoise intercepted chunk(-28,-25)
[21:17:44] [Worker-Main-21/INFO] (Minecraft) [STDOUT]: [Mixin] populateNoise intercepted chunk(-27,-25)
[21:17:44] [Worker-Main-1/INFO] (Minecraft) [STDOUT]: [Mixin] populateNoise intercepted chunk(-25,-30)
[21:17:44] [Worker-Main-15/INFO] (Minecraft) [STDOUT]: [Mixin] populateNoise intercepted chunk(-25,-29)
[21:17:44] [Worker-Main-13/INFO] (Minecraft) [STDOUT]: [Mixin] populateNoise intercepted chunk(-25,-28)
[21:17:44] [Worker-Main-13/INFO] (Minecraft) [STDOUT]: [Mixin] populateNoise intercepted chunk(-25,-27)
[21:17:44] [Worker-Main-19/INFO] (Minecraft) [STDOUT]: [Mixin] populateNoise intercepted chunk(-25,-26)
[21:17:44] [Worker-Main-9/INFO] (Minecraft) [STDOUT]: [Mixin] populateNoise intercepted chunk(-26,-25)
[21:17:44] [Worker-Main-6/INFO] (Minecraft) [STDOUT]: [Mixin] populateNoise intercepted chunk(-26,-30)
[21:17:44] [Worker-Main-7/INFO] (Minecraft) [STDOUT]: [Mixin] populateNoise intercepted chunk(-25,-25)
[21:17:44] [Worker-Main-12/INFO] (Minecraft) [STDOUT]: [Mixin] buildSurface skipped chunk(-32,-27)
[21:17:44] [Worker-Main-2/INFO] (Minecraft) [STDOUT]: [Mixin] buildSurface skipped chunk(-29,-32)
[21:17:44] [Worker-Main-4/INFO] (Minecraft) [STDOUT]: [Mixin] buildSurface skipped chunk(-32,-28)
[21:17:44] [Worker-Main-16/INFO] (Minecraft) [STDOUT]: [Mixin] buildSurface skipped chunk(-32,-26)
[21:17:44] [Worker-Main-23/INFO] (Minecraft) [STDOUT]: [Mixin] buildSurface skipped chunk(-31,-25)
[21:17:44] [Worker-Main-14/INFO] (Minecraft) [STDOUT]: [Mixin] buildSurface skipped chunk(-32,-25)
[21:17:44] [Worker-Main-3/INFO] (Minecraft) [STDOUT]: [Mixin] populateNoise intercepted chunk(-33,-33)
[21:17:44] [Worker-Main-2/INFO] (Minecraft) [STDOUT]: [Mixin] buildSurface skipped chunk(-28,-30)
[21:17:44] [Worker-Main-2/INFO] (Minecraft) [STDOUT]: [Mixin] populateNoise intercepted chunk(-32,-33)
[21:17:44] [Worker-Main-23/INFO] (Minecraft) [STDOUT]: [Mixin] populateNoise intercepted chunk(-33,-32)
[21:17:44] [Worker-Main-16/INFO] (Minecraft) [STDOUT]: [Mixin] populateNoise intercepted chunk(-31,-33)
[21:17:44] [Worker-Main-10/INFO] (Minecraft) [STDOUT]: [Mixin] buildSurface skipped chunk(-27,-30)
[21:17:44] [Worker-Main-11/INFO] (Minecraft) [STDOUT]: [Mixin] buildSurface skipped chunk(-30,-25)
[21:17:44] [Worker-Main-4/INFO] (Minecraft) [STDOUT]: [Mixin] populateNoise intercepted chunk(-30,-33)
[21:17:44] [Worker-Main-8/INFO] (Minecraft) [STDOUT]: [Mixin] populateNoise intercepted chunk(-33,-31)
[21:17:44] [Worker-Main-12/INFO] (Minecraft) [STDOUT]: [Mixin] populateNoise intercepted chunk(-33,-30)
[21:17:44] [Worker-Main-11/INFO] (Minecraft) [STDOUT]: [Mixin] populateNoise intercepted chunk(-33,-29)
[21:17:44] [Worker-Main-18/INFO] (Minecraft) [STDOUT]: [Mixin] populateNoise intercepted chunk(-28,-32)
[21:17:44] [Worker-Main-16/INFO] (Minecraft) [STDOUT]: [Mixin] populateNoise intercepted chunk(-28,-31)
[21:17:44] [Worker-Main-16/INFO] (Minecraft) [STDOUT]: [Mixin] populateNoise intercepted chunk(-29,-33)
[21:17:44] [Worker-Main-12/INFO] (Minecraft) [STDOUT]: [Mixin] populateNoise intercepted chunk(-28,-33)
[21:17:44] [Worker-Main-22/INFO] (Minecraft) [STDOUT]: [Mixin] buildSurface skipped chunk(-29,-25)
[21:17:44] [Worker-Main-19/INFO] (Minecraft) [STDOUT]: [Mixin] buildSurface skipped chunk(-25,-26)
[21:17:44] [Worker-Main-22/INFO] (Minecraft) [STDOUT]: [Mixin] buildSurface skipped chunk(-25,-29)
[21:17:44] [Worker-Main-20/INFO] (Minecraft) [STDOUT]: [Mixin] buildSurface skipped chunk(-28,-25)
[21:17:44] [Worker-Main-20/INFO] (Minecraft) [STDOUT]: [Mixin] buildSurface skipped chunk(-25,-27)
[21:17:44] [Worker-Main-21/INFO] (Minecraft) [STDOUT]: [Mixin] buildSurface skipped chunk(-27,-25)
[21:17:44] [Worker-Main-1/INFO] (Minecraft) [STDOUT]: [Mixin] buildSurface skipped chunk(-25,-30)
[21:17:44] [Worker-Main-13/INFO] (Minecraft) [STDOUT]: [Mixin] buildSurface skipped chunk(-26,-30)
[21:17:44] [Worker-Main-1/INFO] (Minecraft) [STDOUT]: [Mixin] buildSurface skipped chunk(-25,-28)
[21:17:44] [Worker-Main-19/INFO] (Minecraft) [STDOUT]: [Mixin] buildSurface skipped chunk(-26,-25)
[21:17:45] [Worker-Main-9/INFO] (Minecraft) [STDOUT]: [Mixin] buildSurface skipped chunk(-25,-25)
[21:17:45] [Worker-Main-17/INFO] (Minecraft) [STDOUT]: [Mixin] buildSurface skipped chunk(-33,-33)
[21:17:45] [Worker-Main-17/INFO] (Minecraft) [STDOUT]: [Mixin] buildSurface skipped chunk(-33,-32)
[21:17:45] [Worker-Main-23/INFO] (Minecraft) [STDOUT]: [Mixin] buildSurface skipped chunk(-32,-33)
[21:17:45] [Worker-Main-23/INFO] (Minecraft) [STDOUT]: [Mixin] buildSurface skipped chunk(-31,-33)
[21:17:45] [Worker-Main-6/INFO] (Minecraft) [STDOUT]: [Mixin] buildSurface skipped chunk(-33,-29)
[21:17:45] [Worker-Main-6/INFO] (Minecraft) [STDOUT]: [Mixin] buildSurface skipped chunk(-33,-30)
[21:17:45] [Worker-Main-15/INFO] (Minecraft) [STDOUT]: [Mixin] populateNoise intercepted chunk(-27,-31)
[21:17:45] [Worker-Main-21/INFO] (Minecraft) [STDOUT]: [Mixin] buildSurface skipped chunk(-33,-31)
[21:17:45] [Worker-Main-21/INFO] (Minecraft) [STDOUT]: [Mixin] populateNoise intercepted chunk(-33,-28)
[21:17:45] [Worker-Main-17/INFO] (Minecraft) [STDOUT]: [Mixin] populateNoise intercepted chunk(-33,-27)
[21:17:45] [Worker-Main-9/INFO] (Minecraft) [STDOUT]: [Mixin] populateNoise intercepted chunk(-33,-26)
[21:17:45] [Worker-Main-14/INFO] (Minecraft) [STDOUT]: [Mixin] populateNoise intercepted chunk(-33,-25)
[21:17:45] [Worker-Main-18/INFO] (Minecraft) [STDOUT]: [Mixin] buildSurface skipped chunk(-28,-31)
[21:17:45] [Worker-Main-12/INFO] (Minecraft) [STDOUT]: [Mixin] populateNoise intercepted chunk(-33,-24)
[21:17:45] [Worker-Main-18/INFO] (Minecraft) [STDOUT]: [Mixin] buildSurface skipped chunk(-30,-33)
[21:17:45] [Worker-Main-18/INFO] (Minecraft) [STDOUT]: [Mixin] buildSurface skipped chunk(-29,-33)
[21:17:45] [Worker-Main-6/INFO] (Minecraft) [STDOUT]: [Mixin] buildSurface skipped chunk(-28,-32)
[21:17:45] [Worker-Main-4/INFO] (Minecraft) [STDOUT]: [Mixin] buildSurface skipped chunk(-28,-33)
[21:17:45] [Server thread/INFO] (Minecraft) [Chunky] Task running for minecraft:overworld. Processed: 9 chunks (0.21%), ETA: 0:01:03, Rate: 66.7 cps, Current: -30, -29
[21:17:45] [Worker-Main-2/INFO] (Minecraft) [STDOUT]: [Mixin] populateNoise intercepted chunk(-32,-24)
[21:17:45] [Worker-Main-23/INFO] (Minecraft) [STDOUT]: [Mixin] populateNoise intercepted chunk(-31,-24)
[21:17:45] [Worker-Main-3/INFO] (Minecraft) [STDOUT]: [Mixin] populateNoise intercepted chunk(-30,-24)
[21:17:45] [Worker-Main-16/INFO] (Minecraft) [STDOUT]: [Mixin] populateNoise intercepted chunk(-26,-24)
[21:17:45] [Worker-Main-10/INFO] (Minecraft) [STDOUT]: [Mixin] populateNoise intercepted chunk(-25,-24)
[21:17:45] [Worker-Main-22/INFO] (Minecraft) [STDOUT]: [Mixin] populateNoise intercepted chunk(-29,-24)
[21:17:45] [Worker-Main-22/INFO] (Minecraft) [STDOUT]: [Mixin] populateNoise intercepted chunk(-28,-24)
[21:17:45] [Worker-Main-22/INFO] (Minecraft) [STDOUT]: [Mixin] populateNoise intercepted chunk(-27,-24)
[21:17:45] [Worker-Main-1/INFO] (Minecraft) [STDOUT]: [Mixin] populateNoise intercepted chunk(-24,-26)
[21:17:45] [Worker-Main-20/INFO] (Minecraft) [STDOUT]: [Mixin] populateNoise intercepted chunk(-24,-27)
[21:17:45] [Worker-Main-20/INFO] (Minecraft) [STDOUT]: [Mixin] populateNoise intercepted chunk(-24,-28)
[21:17:45] [Worker-Main-6/INFO] (Minecraft) [STDOUT]: [Mixin] populateNoise intercepted chunk(-24,-25)
[21:17:45] [Worker-Main-13/INFO] (Minecraft) [STDOUT]: [Mixin] populateNoise intercepted chunk(-24,-24)
[21:17:45] [Worker-Main-7/INFO] (Minecraft) [STDOUT]: [Mixin] populateNoise intercepted chunk(-24,-29)
[21:17:45] [Worker-Main-4/INFO] (Minecraft) [STDOUT]: [Mixin] populateNoise intercepted chunk(-24,-30)
[21:17:45] [Worker-Main-11/INFO] (Minecraft) [STDOUT]: [Mixin] populateNoise intercepted chunk(-26,-31)
[21:17:45] [Worker-Main-5/INFO] (Minecraft) [STDOUT]: [Mixin] populateNoise intercepted chunk(-25,-31)
[21:17:45] [Worker-Main-9/INFO] (Minecraft) [STDOUT]: [Mixin] populateNoise intercepted chunk(-24,-31)
[21:17:45] [Worker-Main-15/INFO] (Minecraft) [STDOUT]: [Mixin] buildSurface skipped chunk(-27,-31)
[21:17:45] [Worker-Main-21/INFO] (Minecraft) [STDOUT]: [Mixin] buildSurface skipped chunk(-33,-26)
[21:17:45] [Worker-Main-17/INFO] (Minecraft) [STDOUT]: [Mixin] buildSurface skipped chunk(-33,-27)
[21:17:45] [Worker-Main-15/INFO] (Minecraft) [STDOUT]: [Mixin] buildSurface skipped chunk(-33,-28)
[21:17:45] [Worker-Main-15/INFO] (Minecraft) [STDOUT]: [Mixin] buildSurface skipped chunk(-33,-25)
[21:17:45] [Worker-Main-12/INFO] (Minecraft) [STDOUT]: [Mixin] buildSurface skipped chunk(-33,-24)
[21:17:45] [Worker-Main-12/INFO] (Minecraft) [STDOUT]: [Mixin] populateNoise intercepted chunk(-27,-33)
[21:17:45] [Worker-Main-15/INFO] (Minecraft) [STDOUT]: [Mixin] populateNoise intercepted chunk(-27,-32)
[21:17:45] [Worker-Main-14/INFO] (Minecraft) [STDOUT]: [Mixin] populateNoise intercepted chunk(-26,-32)
[21:17:45] [Worker-Main-15/INFO] (Minecraft) [STDOUT]: [Mixin] populateNoise intercepted chunk(-25,-32)
[21:17:45] [Worker-Main-17/INFO] (Minecraft) [STDOUT]: [Mixin] populateNoise intercepted chunk(-24,-32)
[21:17:45] [Worker-Main-3/INFO] (Minecraft) [STDOUT]: [Mixin] buildSurface skipped chunk(-29,-24)
[21:17:45] [Worker-Main-3/INFO] (Minecraft) [STDOUT]: [Mixin] buildSurface skipped chunk(-30,-24)
[21:17:45] [Worker-Main-3/INFO] (Minecraft) [STDOUT]: [Mixin] buildSurface skipped chunk(-28,-24)
[21:17:45] [Worker-Main-19/INFO] (Minecraft) [STDOUT]: [Mixin] populateNoise intercepted chunk(-23,-32)
[21:17:45] [Worker-Main-8/INFO] (Minecraft) [STDOUT]: [Mixin] buildSurface skipped chunk(-24,-28)
[21:17:45] [Worker-Main-10/INFO] (Minecraft) [STDOUT]: [Mixin] buildSurface skipped chunk(-25,-24)
[21:17:45] [Worker-Main-6/INFO] (Minecraft) [STDOUT]: [Mixin] buildSurface skipped chunk(-24,-25)
[21:17:45] [Worker-Main-13/INFO] (Minecraft) [STDOUT]: [Mixin] buildSurface skipped chunk(-24,-24)
[21:17:45] [Worker-Main-13/INFO] (Minecraft) [STDOUT]: [Mixin] buildSurface skipped chunk(-31,-24)
[21:17:45] [Worker-Main-6/INFO] (Minecraft) [STDOUT]: [Mixin] populateNoise intercepted chunk(-23,-31)
[21:17:45] [Worker-Main-8/INFO] (Minecraft) [STDOUT]: [Mixin] buildSurface skipped chunk(-26,-24)
[21:17:45] [Worker-Main-19/INFO] (Minecraft) [STDOUT]: [Mixin] populateNoise intercepted chunk(-26,-33)
[21:17:45] [Worker-Main-8/INFO] (Minecraft) [STDOUT]: [Mixin] populateNoise intercepted chunk(-25,-33)
[21:17:45] [Worker-Main-19/INFO] (Minecraft) [STDOUT]: [Mixin] populateNoise intercepted chunk(-24,-33)
[21:17:45] [Worker-Main-13/INFO] (Minecraft) [STDOUT]: [Mixin] buildSurface skipped chunk(-32,-24)
[21:17:45] [Worker-Main-22/INFO] (Minecraft) [STDOUT]: [Mixin] buildSurface skipped chunk(-26,-31)
[21:17:45] [Worker-Main-7/INFO] (Minecraft) [STDOUT]: [Mixin] buildSurface skipped chunk(-25,-31)
[21:17:45] [Worker-Main-5/INFO] (Minecraft) [STDOUT]: [Mixin] buildSurface skipped chunk(-24,-30)
[21:17:45] [Worker-Main-7/INFO] (Minecraft) [STDOUT]: [Mixin] populateNoise intercepted chunk(-23,-33)
[21:17:45] [Worker-Main-13/INFO] (Minecraft) [STDOUT]: [Mixin] buildSurface skipped chunk(-27,-24)
[21:17:45] [Worker-Main-13/INFO] (Minecraft) [STDOUT]: [Mixin] buildSurface skipped chunk(-24,-26)
[21:17:45] [Worker-Main-2/INFO] (Minecraft) [STDOUT]: [Mixin] buildSurface skipped chunk(-24,-27)
[21:17:45] [Worker-Main-5/INFO] (Minecraft) [STDOUT]: [Mixin] buildSurface skipped chunk(-24,-29)
[21:17:45] [Worker-Main-5/INFO] (Minecraft) [STDOUT]: [Mixin] buildSurface skipped chunk(-24,-31)
[21:17:45] [Worker-Main-8/INFO] (Minecraft) [STDOUT]: [Mixin] buildSurface skipped chunk(-27,-32)
[21:17:45] [Worker-Main-22/INFO] (Minecraft) [STDOUT]: [Mixin] buildSurface skipped chunk(-26,-32)
[21:17:45] [Worker-Main-11/INFO] (Minecraft) [STDOUT]: [Mixin] buildSurface skipped chunk(-27,-33)
[21:17:45] [Worker-Main-21/INFO] (Minecraft) [STDOUT]: [Mixin] buildSurface skipped chunk(-24,-32)
[21:17:45] [Worker-Main-21/INFO] (Minecraft) [STDOUT]: [Mixin] buildSurface skipped chunk(-25,-32)
[21:17:45] [Worker-Main-20/INFO] (Minecraft) [STDOUT]: [Mixin] buildSurface skipped chunk(-23,-32)
[21:17:45] [Worker-Main-11/INFO] (Minecraft) [STDOUT]: [Mixin] buildSurface skipped chunk(-23,-31)
[21:17:45] [Worker-Main-12/INFO] (Minecraft) [STDOUT]: [Mixin] buildSurface skipped chunk(-25,-33)
[21:17:45] [Worker-Main-12/INFO] (Minecraft) [STDOUT]: [Mixin] buildSurface skipped chunk(-26,-33)
[21:17:45] [Worker-Main-12/INFO] (Minecraft) [STDOUT]: [Mixin] buildSurface skipped chunk(-24,-33)
[21:17:45] [Worker-Main-6/INFO] (Minecraft) [STDOUT]: [Mixin] buildSurface skipped chunk(-23,-33)
[21:17:45] [Worker-Main-10/INFO] (Minecraft) [STDOUT]: [Mixin] populateNoise intercepted chunk(-23,-30)
[21:17:45] [Worker-Main-12/INFO] (Minecraft) [STDOUT]: [Mixin] populateNoise intercepted chunk(-22,-31)
[21:17:45] [Worker-Main-20/INFO] (Minecraft) [STDOUT]: [Mixin] populateNoise intercepted chunk(-22,-30)
[21:17:45] [Worker-Main-13/INFO] (Minecraft) [STDOUT]: [Mixin] populateNoise intercepted chunk(-23,-29)
[21:17:45] [Worker-Main-3/INFO] (Minecraft) [STDOUT]: [Mixin] populateNoise intercepted chunk(-22,-29)
[21:17:45] [Worker-Main-2/INFO] (Minecraft) [STDOUT]: [Mixin] populateNoise intercepted chunk(-21,-31)
[21:17:45] [Worker-Main-17/INFO] (Minecraft) [STDOUT]: [Mixin] populateNoise intercepted chunk(-22,-32)
[21:17:45] [Worker-Main-21/INFO] (Minecraft) [STDOUT]: [Mixin] populateNoise intercepted chunk(-21,-32)
[21:17:45] [Worker-Main-23/INFO] (Minecraft) [STDOUT]: [Mixin] populateNoise intercepted chunk(-20,-32)
[21:17:45] [Worker-Main-19/INFO] (Minecraft) [STDOUT]: [Mixin] populateNoise intercepted chunk(-20,-31)
[21:17:45] [Worker-Main-4/INFO] (Minecraft) [STDOUT]: [Mixin] populateNoise intercepted chunk(-21,-30)
[21:17:45] [Worker-Main-1/INFO] (Minecraft) [STDOUT]: [Mixin] populateNoise intercepted chunk(-21,-29)
[21:17:45] [Worker-Main-14/INFO] (Minecraft) [STDOUT]: [Mixin] populateNoise intercepted chunk(-19,-31)
[21:17:45] [Worker-Main-7/INFO] (Minecraft) [STDOUT]: [Mixin] populateNoise intercepted chunk(-19,-32)
[21:17:45] [Worker-Main-11/INFO] (Minecraft) [STDOUT]: [Mixin] populateNoise intercepted chunk(-18,-32)
[21:17:45] [Worker-Main-5/INFO] (Minecraft) [STDOUT]: [Mixin] populateNoise intercepted chunk(-17,-32)
[21:17:45] [Worker-Main-6/INFO] (Minecraft) [STDOUT]: [Mixin] populateNoise intercepted chunk(-22,-33)
[21:17:45] [Worker-Main-18/INFO] (Minecraft) [STDOUT]: [Mixin] populateNoise intercepted chunk(-23,-28)
[21:17:45] [Worker-Main-16/INFO] (Minecraft) [STDOUT]: [Mixin] populateNoise intercepted chunk(-22,-28)
[21:17:45] [Worker-Main-22/INFO] (Minecraft) [STDOUT]: [Mixin] populateNoise intercepted chunk(-21,-28)
[21:17:45] [Worker-Main-11/INFO] (Minecraft) [STDOUT]: [Mixin] populateNoise intercepted chunk(-20,-30)
[21:17:45] [Worker-Main-15/INFO] (Minecraft) [STDOUT]: [Mixin] populateNoise intercepted chunk(-20,-29)
[21:17:45] [Worker-Main-8/INFO] (Minecraft) [STDOUT]: [Mixin] populateNoise intercepted chunk(-20,-28)
[21:17:45] [Worker-Main-10/INFO] (Minecraft) [STDOUT]: [Mixin] buildSurface skipped chunk(-23,-30)
[21:17:45] [Worker-Main-20/INFO] (Minecraft) [STDOUT]: [Mixin] buildSurface skipped chunk(-22,-30)
[21:17:45] [Worker-Main-13/INFO] (Minecraft) [STDOUT]: [Mixin] buildSurface skipped chunk(-23,-29)
[21:17:45] [Worker-Main-20/INFO] (Minecraft) [STDOUT]: [Mixin] buildSurface skipped chunk(-22,-31)
[21:17:45] [Worker-Main-10/INFO] (Minecraft) [STDOUT]: [Mixin] populateNoise intercepted chunk(-21,-33)
[21:17:45] [Worker-Main-20/INFO] (Minecraft) [STDOUT]: [Mixin] populateNoise intercepted chunk(-20,-33)
[21:17:45] [Worker-Main-3/INFO] (Minecraft) [STDOUT]: [Mixin] buildSurface skipped chunk(-22,-29)
[21:17:45] [Worker-Main-3/INFO] (Minecraft) [STDOUT]: [Mixin] buildSurface skipped chunk(-21,-29)
[21:17:45] [Worker-Main-3/INFO] (Minecraft) [STDOUT]: [Mixin] buildSurface skipped chunk(-20,-31)
[21:17:45] [Worker-Main-1/INFO] (Minecraft) [STDOUT]: [Mixin] buildSurface skipped chunk(-21,-30)
[21:17:45] [Worker-Main-1/INFO] (Minecraft) [STDOUT]: [Mixin] buildSurface skipped chunk(-22,-32)
[21:17:45] [Worker-Main-7/INFO] (Minecraft) [STDOUT]: [Mixin] buildSurface skipped chunk(-18,-32)
[21:17:45] [Worker-Main-3/INFO] (Minecraft) [STDOUT]: [Mixin] buildSurface skipped chunk(-21,-32)
[21:17:45] [Worker-Main-1/INFO] (Minecraft) [STDOUT]: [Mixin] buildSurface skipped chunk(-19,-31)
[21:17:45] [Worker-Main-1/INFO] (Minecraft) [STDOUT]: [Mixin] buildSurface skipped chunk(-17,-32)
[21:17:45] [Worker-Main-1/INFO] (Minecraft) [STDOUT]: [Mixin] buildSurface skipped chunk(-21,-31)
[21:17:45] [Worker-Main-6/INFO] (Minecraft) [STDOUT]: [Mixin] buildSurface skipped chunk(-19,-32)
[21:17:45] [Worker-Main-2/INFO] (Minecraft) [STDOUT]: [Mixin] buildSurface skipped chunk(-20,-32)
[21:17:45] [Worker-Main-1/INFO] (Minecraft) [STDOUT]: [Mixin] buildSurface skipped chunk(-23,-28)
[21:17:45] [Worker-Main-7/INFO] (Minecraft) [STDOUT]: [Mixin] buildSurface skipped chunk(-20,-30)
[21:17:45] [Worker-Main-7/INFO] (Minecraft) [STDOUT]: [Mixin] populateNoise intercepted chunk(-19,-33)
[21:17:45] [Worker-Main-1/INFO] (Minecraft) [STDOUT]: [Mixin] buildSurface skipped chunk(-20,-29)
[21:17:45] [Worker-Main-1/INFO] (Minecraft) [STDOUT]: [Mixin] buildSurface skipped chunk(-21,-28)
[21:17:45] [Worker-Main-1/INFO] (Minecraft) [STDOUT]: [Mixin] buildSurface skipped chunk(-22,-33)
[21:17:45] [Worker-Main-1/INFO] (Minecraft) [STDOUT]: [Mixin] buildSurface skipped chunk(-22,-28)
[21:17:45] [Worker-Main-8/INFO] (Minecraft) [STDOUT]: [Mixin] buildSurface skipped chunk(-20,-28)
[21:17:45] [Worker-Main-20/INFO] (Minecraft) [STDOUT]: [Mixin] buildSurface skipped chunk(-21,-33)
[21:17:45] [Worker-Main-8/INFO] (Minecraft) [STDOUT]: [Mixin] buildSurface skipped chunk(-20,-33)
[21:17:45] [Worker-Main-8/INFO] (Minecraft) [STDOUT]: [Mixin] populateNoise intercepted chunk(-19,-29)
[21:17:45] [Worker-Main-3/INFO] (Minecraft) [STDOUT]: [Mixin] populateNoise intercepted chunk(-18,-31)
[21:17:45] [Worker-Main-20/INFO] (Minecraft) [STDOUT]: [Mixin] populateNoise intercepted chunk(-18,-30)
[21:17:45] [Worker-Main-6/INFO] (Minecraft) [STDOUT]: [Mixin] populateNoise intercepted chunk(-17,-31)
[21:17:45] [Worker-Main-18/INFO] (Minecraft) [STDOUT]: [Mixin] populateNoise intercepted chunk(-17,-30)
[21:17:45] [Worker-Main-20/INFO] (Minecraft) [STDOUT]: [Mixin] populateNoise intercepted chunk(-19,-30)
[21:17:45] [Worker-Main-2/INFO] (Minecraft) [STDOUT]: [Mixin] populateNoise intercepted chunk(-18,-29)
[21:17:45] [Worker-Main-22/INFO] (Minecraft) [STDOUT]: [Mixin] populateNoise intercepted chunk(-17,-29)
[21:17:45] [Worker-Main-1/INFO] (Minecraft) [STDOUT]: [Mixin] populateNoise intercepted chunk(-18,-33)
[21:17:45] [Worker-Main-14/INFO] (Minecraft) [STDOUT]: [Mixin] populateNoise intercepted chunk(-17,-33)
[21:17:45] [Worker-Main-15/INFO] (Minecraft) [STDOUT]: [Mixin] populateNoise intercepted chunk(-16,-32)
[21:17:45] [Worker-Main-19/INFO] (Minecraft) [STDOUT]: [Mixin] populateNoise intercepted chunk(-16,-31)
[21:17:45] [Worker-Main-11/INFO] (Minecraft) [STDOUT]: [Mixin] populateNoise intercepted chunk(-16,-33)
[21:17:45] [Worker-Main-12/INFO] (Minecraft) [STDOUT]: [Mixin] populateNoise intercepted chunk(-16,-30)
[21:17:45] [Worker-Main-17/INFO] (Minecraft) [STDOUT]: [Mixin] populateNoise intercepted chunk(-16,-29)
[21:17:45] [Worker-Main-21/INFO] (Minecraft) [STDOUT]: [Mixin] populateNoise intercepted chunk(-16,-28)
[21:17:45] [Worker-Main-23/INFO] (Minecraft) [STDOUT]: [Mixin] populateNoise intercepted chunk(-19,-28)
[21:17:45] [Worker-Main-9/INFO] (Minecraft) [STDOUT]: [Mixin] populateNoise intercepted chunk(-18,-28)
[21:17:45] [Worker-Main-10/INFO] (Minecraft) [STDOUT]: [Mixin] populateNoise intercepted chunk(-17,-28)
[21:17:45] [Worker-Main-4/INFO] (Minecraft) [STDOUT]: [Mixin] populateNoise intercepted chunk(-33,-34)
[21:17:45] [Worker-Main-16/INFO] (Minecraft) [STDOUT]: [Mixin] populateNoise intercepted chunk(-32,-34)
[21:17:45] [Worker-Main-7/INFO] (Minecraft) [STDOUT]: [Mixin] buildSurface skipped chunk(-19,-33)
[21:17:45] [Worker-Main-7/INFO] (Minecraft) [STDOUT]: [Mixin] populateNoise intercepted chunk(-34,-34)
[21:17:45] [Worker-Main-13/INFO] (Minecraft) [STDOUT]: [Mixin] populateNoise intercepted chunk(-34,-33)
[21:17:45] [Worker-Main-18/INFO] (Minecraft) [STDOUT]: [Mixin] buildSurface skipped chunk(-17,-30)
[21:17:45] [Worker-Main-22/INFO] (Minecraft) [STDOUT]: [Mixin] buildSurface skipped chunk(-17,-29)
[21:17:45] [Worker-Main-18/INFO] (Minecraft) [STDOUT]: [Mixin] populateNoise intercepted chunk(-34,-32)
[21:17:45] [Worker-Main-6/INFO] (Minecraft) [STDOUT]: [Mixin] buildSurface skipped chunk(-17,-31)
[21:17:45] [Worker-Main-6/INFO] (Minecraft) [STDOUT]: [Mixin] buildSurface skipped chunk(-17,-33)
[21:17:45] [Worker-Main-6/INFO] (Minecraft) [STDOUT]: [Mixin] populateNoise intercepted chunk(-31,-34)
[21:17:45] [Worker-Main-20/INFO] (Minecraft) [STDOUT]: [Mixin] buildSurface skipped chunk(-19,-30)
[21:17:45] [Worker-Main-20/INFO] (Minecraft) [STDOUT]: [Mixin] buildSurface skipped chunk(-18,-30)
[21:17:45] [Worker-Main-1/INFO] (Minecraft) [STDOUT]: [Mixin] buildSurface skipped chunk(-18,-33)
[21:17:45] [Worker-Main-14/INFO] (Minecraft) [STDOUT]: [Mixin] buildSurface skipped chunk(-19,-29)
[21:17:45] [Worker-Main-1/INFO] (Minecraft) [STDOUT]: [Mixin] populateNoise intercepted chunk(-34,-31)
[21:17:45] [Worker-Main-1/INFO] (Minecraft) [STDOUT]: [Mixin] populateNoise intercepted chunk(-34,-30)
[21:17:45] [Worker-Main-1/INFO] (Minecraft) [STDOUT]: [Mixin] populateNoise intercepted chunk(-34,-29)
[21:17:45] [Worker-Main-1/INFO] (Minecraft) [STDOUT]: [Mixin] populateNoise intercepted chunk(-30,-34)
[21:17:45] [Worker-Main-2/INFO] (Minecraft) [STDOUT]: [Mixin] buildSurface skipped chunk(-18,-29)
[21:17:45] [Worker-Main-3/INFO] (Minecraft) [STDOUT]: [Mixin] buildSurface skipped chunk(-18,-31)
[21:17:45] [Worker-Main-19/INFO] (Minecraft) [STDOUT]: [Mixin] buildSurface skipped chunk(-16,-33)
[21:17:45] [Worker-Main-17/INFO] (Minecraft) [STDOUT]: [Mixin] buildSurface skipped chunk(-16,-32)
[21:17:45] [Worker-Main-15/INFO] (Minecraft) [STDOUT]: [Mixin] buildSurface skipped chunk(-16,-29)
[21:17:45] [Worker-Main-17/INFO] (Minecraft) [STDOUT]: [Mixin] buildSurface skipped chunk(-17,-28)
[21:17:45] [Worker-Main-19/INFO] (Minecraft) [STDOUT]: [Mixin] buildSurface skipped chunk(-16,-31)
[21:17:45] [Worker-Main-9/INFO] (Minecraft) [STDOUT]: [Mixin] buildSurface skipped chunk(-16,-28)
[21:17:45] [Worker-Main-14/INFO] (Minecraft) [STDOUT]: [Mixin] buildSurface skipped chunk(-18,-28)
[21:17:45] [Worker-Main-8/INFO] (Minecraft) [STDOUT]: [Mixin] populateNoise intercepted chunk(-29,-34)
[21:17:45] [Worker-Main-9/INFO] (Minecraft) [STDOUT]: [Mixin] populateNoise intercepted chunk(-28,-34)
[21:17:45] [Worker-Main-4/INFO] (Minecraft) [STDOUT]: [Mixin] populateNoise intercepted chunk(-27,-34)
[21:17:45] [Worker-Main-21/INFO] (Minecraft) [STDOUT]: [Mixin] buildSurface skipped chunk(-33,-34)
[21:17:45] [Worker-Main-2/INFO] (Minecraft) [STDOUT]: [Mixin] buildSurface skipped chunk(-19,-28)
[21:17:45] [Worker-Main-14/INFO] (Minecraft) [STDOUT]: [Mixin] populateNoise intercepted chunk(-20,-27)
[21:17:45] [Worker-Main-11/INFO] (Minecraft) [STDOUT]: [Mixin] populateNoise intercepted chunk(-19,-27)
[21:17:45] [Worker-Main-16/INFO] (Minecraft) [STDOUT]: [Mixin] populateNoise intercepted chunk(-21,-27)
[21:17:45] [Worker-Main-19/INFO] (Minecraft) [STDOUT]: [Mixin] populateNoise intercepted chunk(-23,-27)
[21:17:45] [Worker-Main-21/INFO] (Minecraft) [STDOUT]: [Mixin] populateNoise intercepted chunk(-22,-27)
[21:17:45] [Worker-Main-3/INFO] (Minecraft) [STDOUT]: [Mixin] populateNoise intercepted chunk(-34,-28)
[21:17:45] [Worker-Main-17/INFO] (Minecraft) [STDOUT]: [Mixin] buildSurface skipped chunk(-32,-34)
[21:17:45] [Worker-Main-10/INFO] (Minecraft) [STDOUT]: [Mixin] buildSurface skipped chunk(-16,-30)
[21:17:45] [Worker-Main-7/INFO] (Minecraft) [STDOUT]: [Mixin] buildSurface skipped chunk(-34,-33)
[21:17:45] [Worker-Main-7/INFO] (Minecraft) [STDOUT]: [Mixin] buildSurface skipped chunk(-34,-34)
[21:17:45] [Worker-Main-15/INFO] (Minecraft) [STDOUT]: [Mixin] buildSurface skipped chunk(-34,-30)
[21:17:45] [Worker-Main-18/INFO] (Minecraft) [STDOUT]: [Mixin] buildSurface skipped chunk(-34,-32)
[21:17:45] [Worker-Main-5/INFO] (Minecraft) [STDOUT]: [Mixin] buildSurface skipped chunk(-34,-31)
[21:17:45] [Worker-Main-13/INFO] (Minecraft) [STDOUT]: [Mixin] buildSurface skipped chunk(-34,-29)
[21:17:45] [Worker-Main-5/INFO] (Minecraft) [STDOUT]: [Mixin] buildSurface skipped chunk(-31,-34)
[21:17:45] [Worker-Main-18/INFO] (Minecraft) [STDOUT]: [Mixin] buildSurface skipped chunk(-30,-34)
[21:17:45] [Worker-Main-6/INFO] (Minecraft) [STDOUT]: [Mixin] buildSurface skipped chunk(-29,-34)
[21:17:45] [Worker-Main-2/INFO] (Minecraft) [STDOUT]: [Mixin] buildSurface skipped chunk(-28,-34)
[21:17:45] [Worker-Main-4/INFO] (Minecraft) [STDOUT]: [Mixin] buildSurface skipped chunk(-20,-27)
[21:17:45] [Worker-Main-21/INFO] (Minecraft) [STDOUT]: [Mixin] buildSurface skipped chunk(-21,-27)
[21:17:45] [Worker-Main-4/INFO] (Minecraft) [STDOUT]: [Mixin] buildSurface skipped chunk(-19,-27)
[21:17:45] [Worker-Main-4/INFO] (Minecraft) [STDOUT]: [Mixin] buildSurface skipped chunk(-27,-34)
[21:17:45] [Worker-Main-14/INFO] (Minecraft) [STDOUT]: [Mixin] buildSurface skipped chunk(-23,-27)
[21:17:45] [Worker-Main-14/INFO] (Minecraft) [STDOUT]: [Mixin] buildSurface skipped chunk(-22,-27)
[21:17:45] [Worker-Main-14/INFO] (Minecraft) [STDOUT]: [Mixin] buildSurface skipped chunk(-34,-28)
[21:17:45] [Worker-Main-3/INFO] (Minecraft) [STDOUT]: [Mixin] populateNoise intercepted chunk(-18,-27)
[21:17:45] [Worker-Main-2/INFO] (Minecraft) [STDOUT]: [Mixin] populateNoise intercepted chunk(-34,-27)
[21:17:45] [Worker-Main-9/INFO] (Minecraft) [STDOUT]: [Mixin] populateNoise intercepted chunk(-23,-26)
[21:17:45] [Worker-Main-21/INFO] (Minecraft) [STDOUT]: [Mixin] populateNoise intercepted chunk(-22,-26)
[21:17:45] [Worker-Main-16/INFO] (Minecraft) [STDOUT]: [Mixin] populateNoise intercepted chunk(-18,-26)
[21:17:45] [Worker-Main-7/INFO] (Minecraft) [STDOUT]: [Mixin] populateNoise intercepted chunk(-17,-27)
[21:17:45] [Worker-Main-6/INFO] (Minecraft) [STDOUT]: [Mixin] populateNoise intercepted chunk(-20,-26)
[21:17:45] [Worker-Main-8/INFO] (Minecraft) [STDOUT]: [Mixin] populateNoise intercepted chunk(-19,-26)
[21:17:45] [Worker-Main-14/INFO] (Minecraft) [STDOUT]: [Mixin] populateNoise intercepted chunk(-17,-26)
[21:17:45] [Worker-Main-10/INFO] (Minecraft) [STDOUT]: [Mixin] populateNoise intercepted chunk(-21,-26)
[21:17:45] [Worker-Main-23/INFO] (Minecraft) [STDOUT]: [Mixin] populateNoise intercepted chunk(-22,-25)
[21:17:45] [Worker-Main-11/INFO] (Minecraft) [STDOUT]: [Mixin] populateNoise intercepted chunk(-21,-25)
[21:17:45] [Worker-Main-22/INFO] (Minecraft) [STDOUT]: [Mixin] populateNoise intercepted chunk(-20,-25)
[21:17:45] [Worker-Main-17/INFO] (Minecraft) [STDOUT]: [Mixin] populateNoise intercepted chunk(-23,-25)
[21:17:45] [Worker-Main-17/INFO] (Minecraft) [STDOUT]: [Mixin] populateNoise intercepted chunk(-16,-27)
[21:17:45] [Worker-Main-17/INFO] (Minecraft) [STDOUT]: [Mixin] populateNoise intercepted chunk(-19,-25)
[21:17:45] [Worker-Main-13/INFO] (Minecraft) [STDOUT]: [Mixin] populateNoise intercepted chunk(-18,-25)
[21:17:45] [Worker-Main-1/INFO] (Minecraft) [STDOUT]: [Mixin] populateNoise intercepted chunk(-17,-25)
[21:17:45] [Worker-Main-12/INFO] (Minecraft) [STDOUT]: [Mixin] populateNoise intercepted chunk(-16,-26)
[21:17:45] [Worker-Main-15/INFO] (Minecraft) [STDOUT]: [Mixin] populateNoise intercepted chunk(-16,-25)
[21:17:45] [Worker-Main-4/INFO] (Minecraft) [STDOUT]: [Mixin] populateNoise intercepted chunk(-19,-24)
[21:17:45] [Worker-Main-19/INFO] (Minecraft) [STDOUT]: [Mixin] populateNoise intercepted chunk(-20,-24)
[21:17:45] [Worker-Main-18/INFO] (Minecraft) [STDOUT]: [Mixin] populateNoise intercepted chunk(-21,-24)
[21:17:45] [Worker-Main-9/INFO] (Minecraft) [STDOUT]: [Mixin] populateNoise intercepted chunk(-22,-24)
[21:17:45] [Worker-Main-3/INFO] (Minecraft) [STDOUT]: [Mixin] buildSurface skipped chunk(-18,-27)
[21:17:45] [Worker-Main-3/INFO] (Minecraft) [STDOUT]: [Mixin] populateNoise intercepted chunk(-23,-24)
[21:17:45] [Worker-Main-2/INFO] (Minecraft) [STDOUT]: [Mixin] buildSurface skipped chunk(-23,-26)
[21:17:45] [Worker-Main-2/INFO] (Minecraft) [STDOUT]: [Mixin] buildSurface skipped chunk(-19,-26)
[21:17:45] [Worker-Main-2/INFO] (Minecraft) [STDOUT]: [Mixin] buildSurface skipped chunk(-20,-26)
[21:17:45] [Worker-Main-21/INFO] (Minecraft) [STDOUT]: [Mixin] buildSurface skipped chunk(-22,-26)
[21:17:45] [Worker-Main-6/INFO] (Minecraft) [STDOUT]: [Mixin] buildSurface skipped chunk(-34,-27)
[21:17:45] [Worker-Main-2/INFO] (Minecraft) [STDOUT]: [Mixin] buildSurface skipped chunk(-21,-26)
[21:17:45] [Worker-Main-10/INFO] (Minecraft) [STDOUT]: [Mixin] buildSurface skipped chunk(-18,-25)
[21:17:45] [Worker-Main-10/INFO] (Minecraft) [STDOUT]: [Mixin] buildSurface skipped chunk(-17,-26)
[21:17:45] [Worker-Main-11/INFO] (Minecraft) [STDOUT]: [Mixin] buildSurface skipped chunk(-21,-25)
[21:17:46] [Worker-Main-22/INFO] (Minecraft) [STDOUT]: [Mixin] buildSurface skipped chunk(-18,-26)
[21:17:46] [Worker-Main-22/INFO] (Minecraft) [STDOUT]: [Mixin] buildSurface skipped chunk(-20,-25)
[21:17:46] [Worker-Main-6/INFO] (Minecraft) [STDOUT]: [Mixin] buildSurface skipped chunk(-22,-25)
[21:17:46] [Worker-Main-12/INFO] (Minecraft) [STDOUT]: [Mixin] buildSurface skipped chunk(-19,-25)
[21:17:46] [Worker-Main-16/INFO] (Minecraft) [STDOUT]: [Mixin] buildSurface skipped chunk(-17,-27)
[21:17:46] [Worker-Main-1/INFO] (Minecraft) [STDOUT]: [Mixin] buildSurface skipped chunk(-17,-25)
[21:17:46] [Worker-Main-1/INFO] (Minecraft) [STDOUT]: [Mixin] populateNoise intercepted chunk(-18,-24)
[21:17:46] [Worker-Main-6/INFO] (Minecraft) [STDOUT]: [Mixin] buildSurface skipped chunk(-16,-27)
[21:17:46] [Worker-Main-7/INFO] (Minecraft) [STDOUT]: [Mixin] buildSurface skipped chunk(-23,-25)
[21:17:46] [Worker-Main-6/INFO] (Minecraft) [STDOUT]: [Mixin] buildSurface skipped chunk(-16,-26)
[21:17:46] [Worker-Main-4/INFO] (Minecraft) [STDOUT]: [Mixin] buildSurface skipped chunk(-16,-25)
[21:17:46] [Worker-Main-7/INFO] (Minecraft) [STDOUT]: [Mixin] buildSurface skipped chunk(-19,-24)
[21:17:46] [Worker-Main-6/INFO] (Minecraft) [STDOUT]: [Mixin] buildSurface skipped chunk(-20,-24)
[21:17:46] [Worker-Main-16/INFO] (Minecraft) [STDOUT]: [Mixin] buildSurface skipped chunk(-21,-24)
[21:17:46] [Worker-Main-6/INFO] (Minecraft) [STDOUT]: [Mixin] buildSurface skipped chunk(-23,-24)
[21:17:46] [Worker-Main-16/INFO] (Minecraft) [STDOUT]: [Mixin] buildSurface skipped chunk(-22,-24)
[21:17:46] [Worker-Main-9/INFO] (Minecraft) [STDOUT]: [Mixin] buildSurface skipped chunk(-18,-24)
[21:17:46] [Worker-Main-4/INFO] (Minecraft) [STDOUT]: [Mixin] populateNoise intercepted chunk(-23,-23)
[21:17:46] [Worker-Main-13/INFO] (Minecraft) [STDOUT]: [Mixin] populateNoise intercepted chunk(-24,-23)
[21:17:46] [Worker-Main-2/INFO] (Minecraft) [STDOUT]: [Mixin] populateNoise intercepted chunk(-24,-22)
[21:17:46] [Worker-Main-6/INFO] (Minecraft) [STDOUT]: [Mixin] populateNoise intercepted chunk(-22,-23)
[21:17:46] [Worker-Main-7/INFO] (Minecraft) [STDOUT]: [Mixin] populateNoise intercepted chunk(-23,-22)
[21:17:46] [Worker-Main-23/INFO] (Minecraft) [STDOUT]: [Mixin] populateNoise intercepted chunk(-17,-24)
[21:17:46] [Worker-Main-23/INFO] (Minecraft) [STDOUT]: [Mixin] populateNoise intercepted chunk(-21,-23)
[21:17:46] [Worker-Main-11/INFO] (Minecraft) [STDOUT]: [Mixin] populateNoise intercepted chunk(-24,-21)
[21:17:46] [Worker-Main-21/INFO] (Minecraft) [STDOUT]: [Mixin] populateNoise intercepted chunk(-16,-24)
[21:17:46] [Worker-Main-22/INFO] (Minecraft) [STDOUT]: [Mixin] populateNoise intercepted chunk(-25,-23)
[21:17:46] [Worker-Main-3/INFO] (Minecraft) [STDOUT]: [Mixin] populateNoise intercepted chunk(-25,-22)
[21:17:46] [Worker-Main-16/INFO] (Minecraft) [STDOUT]: [Mixin] populateNoise intercepted chunk(-25,-21)
[21:17:46] [Worker-Main-19/INFO] (Minecraft) [STDOUT]: [Mixin] populateNoise intercepted chunk(-22,-22)
[21:17:46] [Worker-Main-10/INFO] (Minecraft) [STDOUT]: [Mixin] populateNoise intercepted chunk(-21,-22)
[21:17:46] [Worker-Main-18/INFO] (Minecraft) [STDOUT]: [Mixin] populateNoise intercepted chunk(-23,-21)
[21:17:46] [Worker-Main-8/INFO] (Minecraft) [STDOUT]: [Mixin] populateNoise intercepted chunk(-22,-21)
[21:17:46] [Worker-Main-15/INFO] (Minecraft) [STDOUT]: [Mixin] populateNoise intercepted chunk(-21,-21)
[21:17:46] [Worker-Main-1/INFO] (Minecraft) [STDOUT]: [Mixin] populateNoise intercepted chunk(-21,-20)
[21:17:46] [Worker-Main-9/INFO] (Minecraft) [STDOUT]: [Mixin] populateNoise intercepted chunk(-25,-20)
[21:17:46] [Worker-Main-5/INFO] (Minecraft) [STDOUT]: [Mixin] populateNoise intercepted chunk(-20,-22)
[21:17:46] [Worker-Main-14/INFO] (Minecraft) [STDOUT]: [Mixin] populateNoise intercepted chunk(-20,-21)
[21:17:46] [Worker-Main-12/INFO] (Minecraft) [STDOUT]: [Mixin] populateNoise intercepted chunk(-20,-20)
[21:17:46] [Worker-Main-20/INFO] (Minecraft) [STDOUT]: [Mixin] populateNoise intercepted chunk(-24,-20)
[21:17:46] [Worker-Main-22/INFO] (Minecraft) [STDOUT]: [Mixin] populateNoise intercepted chunk(-23,-20)
[21:17:46] [Worker-Main-17/INFO] (Minecraft) [STDOUT]: [Mixin] populateNoise intercepted chunk(-22,-20)
[21:17:46] [Worker-Main-21/INFO] (Minecraft) [STDOUT]: [Mixin] buildSurface skipped chunk(-25,-23)
[21:17:46] [Worker-Main-21/INFO] (Minecraft) [STDOUT]: [Mixin] buildSurface skipped chunk(-17,-24)
[21:17:46] [Worker-Main-21/INFO] (Minecraft) [STDOUT]: [Mixin] buildSurface skipped chunk(-16,-24)
[21:17:46] [Worker-Main-21/INFO] (Minecraft) [STDOUT]: [Mixin] buildSurface skipped chunk(-23,-23)
[21:17:46] [Worker-Main-10/INFO] (Minecraft) [STDOUT]: [Mixin] buildSurface skipped chunk(-24,-21)
[21:17:46] [Worker-Main-10/INFO] (Minecraft) [STDOUT]: [Mixin] buildSurface skipped chunk(-22,-22)
[21:17:46] [Worker-Main-11/INFO] (Minecraft) [STDOUT]: [Mixin] buildSurface skipped chunk(-24,-22)
[21:17:46] [Worker-Main-11/INFO] (Minecraft) [STDOUT]: [Mixin] buildSurface skipped chunk(-22,-21)
[21:17:46] [Worker-Main-11/INFO] (Minecraft) [STDOUT]: [Mixin] buildSurface skipped chunk(-23,-22)
[21:17:46] [Worker-Main-21/INFO] (Minecraft) [STDOUT]: [Mixin] buildSurface skipped chunk(-21,-22)
[21:17:46] [Worker-Main-21/INFO] (Minecraft) [STDOUT]: [Mixin] buildSurface skipped chunk(-22,-23)
[21:17:46] [Worker-Main-8/INFO] (Minecraft) [STDOUT]: [Mixin] buildSurface skipped chunk(-25,-22)
[21:17:46] [Worker-Main-19/INFO] (Minecraft) [STDOUT]: [Mixin] buildSurface skipped chunk(-21,-23)
[21:17:46] [Worker-Main-8/INFO] (Minecraft) [STDOUT]: [Mixin] buildSurface skipped chunk(-25,-21)
[21:17:46] [Worker-Main-19/INFO] (Minecraft) [STDOUT]: [Mixin] buildSurface skipped chunk(-21,-20)
[21:17:46] [Worker-Main-19/INFO] (Minecraft) [STDOUT]: [Mixin] populateNoise intercepted chunk(-20,-23)
[21:17:46] [Worker-Main-18/INFO] (Minecraft) [STDOUT]: [Mixin] buildSurface skipped chunk(-23,-21)
[21:17:46] [Worker-Main-8/INFO] (Minecraft) [STDOUT]: [Mixin] buildSurface skipped chunk(-21,-21)
[21:17:46] [Worker-Main-8/INFO] (Minecraft) [STDOUT]: [Mixin] buildSurface skipped chunk(-25,-20)
[21:17:46] [Worker-Main-8/INFO] (Minecraft) [STDOUT]: [Mixin] buildSurface skipped chunk(-20,-22)
[21:17:46] [Worker-Main-8/INFO] (Minecraft) [STDOUT]: [Mixin] buildSurface skipped chunk(-20,-20)
[21:17:46] [Worker-Main-18/INFO] (Minecraft) [STDOUT]: [Mixin] populateNoise intercepted chunk(-34,-26)
[21:17:46] [Worker-Main-14/INFO] (Minecraft) [STDOUT]: [Mixin] buildSurface skipped chunk(-20,-21)
[21:17:46] [Worker-Main-8/INFO] (Minecraft) [STDOUT]: [Mixin] populateNoise intercepted chunk(-34,-25)
[21:17:46] [Worker-Main-4/INFO] (Minecraft) [STDOUT]: [Mixin] populateNoise intercepted chunk(-34,-24)
[21:17:46] [Worker-Main-11/INFO] (Minecraft) [STDOUT]: [Mixin] populateNoise intercepted chunk(-26,-23)
[21:17:46] [Worker-Main-23/INFO] (Minecraft) [STDOUT]: [Mixin] populateNoise intercepted chunk(-33,-23)
[21:17:46] [Worker-Main-15/INFO] (Minecraft) [STDOUT]: [Mixin] populateNoise intercepted chunk(-32,-23)
[21:17:46] [Worker-Main-2/INFO] (Minecraft) [STDOUT]: [Mixin] populateNoise intercepted chunk(-31,-23)
[21:17:46] [Worker-Main-9/INFO] (Minecraft) [STDOUT]: [Mixin] populateNoise intercepted chunk(-34,-23)
[21:17:46] [Worker-Main-12/INFO] (Minecraft) [STDOUT]: [Mixin] populateNoise intercepted chunk(-30,-23)
[21:17:46] [Worker-Main-1/INFO] (Minecraft) [STDOUT]: [Mixin] populateNoise intercepted chunk(-26,-34)
[21:17:46] [Worker-Main-3/INFO] (Minecraft) [STDOUT]: [Mixin] populateNoise intercepted chunk(-25,-34)
[21:17:46] [Worker-Main-7/INFO] (Minecraft) [STDOUT]: [Mixin] populateNoise intercepted chunk(-24,-34)
[21:17:46] [Worker-Main-10/INFO] (Minecraft) [STDOUT]: [Mixin] populateNoise intercepted chunk(-23,-34)
[21:17:46] [Worker-Main-16/INFO] (Minecraft) [STDOUT]: [Mixin] populateNoise intercepted chunk(-22,-34)
[21:17:46] [Worker-Main-5/INFO] (Minecraft) [STDOUT]: [Mixin] populateNoise intercepted chunk(-21,-34)
[21:17:46] [Worker-Main-21/INFO] (Minecraft) [STDOUT]: [Mixin] populateNoise intercepted chunk(-29,-23)
[21:17:46] [Worker-Main-6/INFO] (Minecraft) [STDOUT]: [Mixin] populateNoise intercepted chunk(-28,-23)
[21:17:46] [Worker-Main-14/INFO] (Minecraft) [STDOUT]: [Mixin] populateNoise intercepted chunk(-27,-23)
[21:17:46] [Worker-Main-20/INFO] (Minecraft) [STDOUT]: [Mixin] buildSurface skipped chunk(-24,-20)
[21:17:46] [Worker-Main-20/INFO] (Minecraft) [STDOUT]: [Mixin] populateNoise intercepted chunk(-20,-34)
[21:17:46] [Worker-Main-22/INFO] (Minecraft) [STDOUT]: [Mixin] buildSurface skipped chunk(-23,-20)
[21:17:46] [Worker-Main-13/INFO] (Minecraft) [STDOUT]: [Mixin] buildSurface skipped chunk(-24,-23)
[21:17:46] [Worker-Main-22/INFO] (Minecraft) [STDOUT]: [Mixin] buildSurface skipped chunk(-22,-20)
[21:17:46] [Worker-Main-13/INFO] (Minecraft) [STDOUT]: [Mixin] buildSurface skipped chunk(-20,-23)
[21:17:46] [Worker-Main-17/INFO] (Minecraft) [STDOUT]: [Mixin] populateNoise intercepted chunk(-19,-34)
[21:17:46] [Worker-Main-22/INFO] (Minecraft) [STDOUT]: [Mixin] buildSurface skipped chunk(-34,-26)
[21:17:46] [Worker-Main-18/INFO] (Minecraft) [STDOUT]: [Mixin] buildSurface skipped chunk(-34,-25)
[21:17:46] [Worker-Main-8/INFO] (Minecraft) [STDOUT]: [Mixin] buildSurface skipped chunk(-32,-23)
[21:17:46] [Worker-Main-18/INFO] (Minecraft) [STDOUT]: [Mixin] buildSurface skipped chunk(-34,-24)
[21:17:46] [Worker-Main-13/INFO] (Minecraft) [STDOUT]: [Mixin] buildSurface skipped chunk(-26,-23)
[21:17:46] [Worker-Main-11/INFO] (Minecraft) [STDOUT]: [Mixin] populateNoise intercepted chunk(-19,-23)
[21:17:46] [Worker-Main-19/INFO] (Minecraft) [STDOUT]: [Mixin] buildSurface skipped chunk(-33,-23)
[21:17:46] [Worker-Main-19/INFO] (Minecraft) [STDOUT]: [Mixin] buildSurface skipped chunk(-30,-23)
[21:17:46] [Worker-Main-7/INFO] (Minecraft) [STDOUT]: [Mixin] populateNoise intercepted chunk(-18,-34)
[21:17:46] [Worker-Main-13/INFO] (Minecraft) [STDOUT]: [Mixin] buildSurface skipped chunk(-31,-23)
[21:17:46] [Worker-Main-4/INFO] (Minecraft) [STDOUT]: [Mixin] buildSurface skipped chunk(-34,-23)
[21:17:46] [Worker-Main-4/INFO] (Minecraft) [STDOUT]: [Mixin] buildSurface skipped chunk(-24,-34)
[21:17:46] [Worker-Main-14/INFO] (Minecraft) [STDOUT]: [Mixin] buildSurface skipped chunk(-26,-34)
[21:17:46] [Worker-Main-14/INFO] (Minecraft) [STDOUT]: [Mixin] buildSurface skipped chunk(-25,-34)
[21:17:46] [Worker-Main-14/INFO] (Minecraft) [STDOUT]: [Mixin] buildSurface skipped chunk(-22,-34)
[21:17:46] [Worker-Main-14/INFO] (Minecraft) [STDOUT]: [Mixin] buildSurface skipped chunk(-28,-23)
[21:17:46] [Worker-Main-18/INFO] (Minecraft) [STDOUT]: [Mixin] buildSurface skipped chunk(-23,-34)
[21:17:46] [Worker-Main-10/INFO] (Minecraft) [STDOUT]: [Mixin] buildSurface skipped chunk(-27,-23)
[21:17:46] [Worker-Main-5/INFO] (Minecraft) [STDOUT]: [Mixin] buildSurface skipped chunk(-29,-23)
[21:17:46] [Worker-Main-3/INFO] (Minecraft) [STDOUT]: [Mixin] buildSurface skipped chunk(-21,-34)
[21:17:46] [Worker-Main-13/INFO] (Minecraft) [STDOUT]: [Mixin] buildSurface skipped chunk(-20,-34)
[21:17:46] [Worker-Main-16/INFO] (Minecraft) [STDOUT]: [Mixin] buildSurface skipped chunk(-19,-23)
[21:17:46] [Worker-Main-6/INFO] (Minecraft) [STDOUT]: [Mixin] buildSurface skipped chunk(-19,-34)
[21:17:46] [Worker-Main-11/INFO] (Minecraft) [STDOUT]: [Mixin] buildSurface skipped chunk(-18,-34)
[21:17:46] [Worker-Main-22/INFO] (Minecraft) [STDOUT]: [Mixin] populateNoise intercepted chunk(-18,-23)
[21:17:46] [Worker-Main-13/INFO] (Minecraft) [STDOUT]: [Mixin] populateNoise intercepted chunk(-17,-23)
[21:17:46] [Worker-Main-11/INFO] (Minecraft) [STDOUT]: [Mixin] populateNoise intercepted chunk(-19,-22)
[21:17:46] [Worker-Main-15/INFO] (Minecraft) [STDOUT]: [Mixin] populateNoise intercepted chunk(-19,-21)
[21:17:46] [Worker-Main-6/INFO] (Minecraft) [STDOUT]: [Mixin] populateNoise intercepted chunk(-18,-22)
[21:17:46] [Worker-Main-10/INFO] (Minecraft) [STDOUT]: [Mixin] populateNoise intercepted chunk(-18,-21)
[21:17:46] [Worker-Main-19/INFO] (Minecraft) [STDOUT]: [Mixin] populateNoise intercepted chunk(-17,-22)
[21:17:46] [Worker-Main-22/INFO] (Minecraft) [STDOUT]: [Mixin] populateNoise intercepted chunk(-17,-21)
[21:17:46] [Worker-Main-22/INFO] (Minecraft) [STDOUT]: [Mixin] populateNoise intercepted chunk(-16,-23)
[21:17:46] [Worker-Main-17/INFO] (Minecraft) [STDOUT]: [Mixin] populateNoise intercepted chunk(-16,-22)
[21:17:46] [Worker-Main-1/INFO] (Minecraft) [STDOUT]: [Mixin] populateNoise intercepted chunk(-16,-21)
[21:17:46] [Worker-Main-12/INFO] (Minecraft) [STDOUT]: [Mixin] populateNoise intercepted chunk(-19,-20)
[21:17:46] [Worker-Main-16/INFO] (Minecraft) [STDOUT]: [Mixin] populateNoise intercepted chunk(-18,-20)
[21:17:46] [Worker-Main-14/INFO] (Minecraft) [STDOUT]: [Mixin] populateNoise intercepted chunk(-17,-20)
[21:17:46] [Worker-Main-20/INFO] (Minecraft) [STDOUT]: [Mixin] populateNoise intercepted chunk(-16,-20)
[21:17:46] [Worker-Main-21/INFO] (Minecraft) [STDOUT]: [Mixin] populateNoise intercepted chunk(-20,-19)
[21:17:46] [Worker-Main-19/INFO] (Minecraft) [STDOUT]: [Mixin] populateNoise intercepted chunk(-21,-19)
[21:17:46] [Worker-Main-16/INFO] (Minecraft) [STDOUT]: [Mixin] populateNoise intercepted chunk(-19,-19)
[21:17:46] [Worker-Main-5/INFO] (Minecraft) [STDOUT]: [Mixin] populateNoise intercepted chunk(-17,-34)
[21:17:46] [Worker-Main-2/INFO] (Minecraft) [STDOUT]: [Mixin] populateNoise intercepted chunk(-16,-34)
[21:17:46] [Worker-Main-7/INFO] (Minecraft) [STDOUT]: [Mixin] populateNoise intercepted chunk(-15,-34)
[21:17:46] [Worker-Main-9/INFO] (Minecraft) [STDOUT]: [Mixin] populateNoise intercepted chunk(-15,-33)
[21:17:46] [Worker-Main-16/INFO] (Minecraft) [STDOUT]: [Mixin] populateNoise intercepted chunk(-15,-32)
[21:17:46] [Worker-Main-3/INFO] (Minecraft) [STDOUT]: [Mixin] buildSurface skipped chunk(-17,-23)
[21:17:46] [Worker-Main-3/INFO] (Minecraft) [STDOUT]: [Mixin] populateNoise intercepted chunk(-18,-19)
[21:17:46] [Worker-Main-10/INFO] (Minecraft) [STDOUT]: [Mixin] buildSurface skipped chunk(-18,-21)
[21:17:46] [Worker-Main-10/INFO] (Minecraft) [STDOUT]: [Mixin] buildSurface skipped chunk(-19,-22)
[21:17:46] [Worker-Main-10/INFO] (Minecraft) [STDOUT]: [Mixin] buildSurface skipped chunk(-17,-22)
[21:17:46] [Worker-Main-8/INFO] (Minecraft) [STDOUT]: [Mixin] buildSurface skipped chunk(-18,-23)
[21:17:46] [Worker-Main-8/INFO] (Minecraft) [STDOUT]: [Mixin] buildSurface skipped chunk(-19,-21)
[21:17:46] [Worker-Main-8/INFO] (Minecraft) [STDOUT]: [Mixin] buildSurface skipped chunk(-17,-20)
[21:17:46] [Worker-Main-10/INFO] (Minecraft) [STDOUT]: [Mixin] buildSurface skipped chunk(-17,-21)
[21:17:46] [Worker-Main-11/INFO] (Minecraft) [STDOUT]: [Mixin] buildSurface skipped chunk(-19,-20)
[21:17:46] [Worker-Main-23/INFO] (Minecraft) [STDOUT]: [Mixin] buildSurface skipped chunk(-19,-19)
[21:17:46] [Worker-Main-21/INFO] (Minecraft) [STDOUT]: [Mixin] buildSurface skipped chunk(-20,-19)
[21:17:46] [Worker-Main-6/INFO] (Minecraft) [STDOUT]: [CHUNKTIME] n=256 perChunk(ms): mixin=102.92 gap=67.43 | sumMixin=26.3s sumGap=17.3s | inflight max=23 now=10
[21:17:46] [Worker-Main-11/INFO] (Minecraft) [STDOUT]: [Mixin] buildSurface skipped chunk(-18,-20)
[21:17:46] [Worker-Main-22/INFO] (Minecraft) [STDOUT]: [Mixin] buildSurface skipped chunk(-18,-22)
[21:17:46] [Worker-Main-17/INFO] (Minecraft) [STDOUT]: [Mixin] buildSurface skipped chunk(-16,-20)
[21:17:46] [Worker-Main-17/INFO] (Minecraft) [STDOUT]: [Mixin] buildSurface skipped chunk(-16,-21)
[21:17:46] [Worker-Main-15/INFO] (Minecraft) [STDOUT]: [Mixin] buildSurface skipped chunk(-16,-22)
[21:17:46] [Worker-Main-15/INFO] (Minecraft) [STDOUT]: [Mixin] buildSurface skipped chunk(-16,-23)
[21:17:46] [Worker-Main-9/INFO] (Minecraft) [STDOUT]: [Mixin] buildSurface skipped chunk(-15,-32)
[21:17:46] [Worker-Main-9/INFO] (Minecraft) [STDOUT]: [Mixin] buildSurface skipped chunk(-17,-34)
[21:17:46] [Worker-Main-15/INFO] (Minecraft) [STDOUT]: [Mixin] buildSurface skipped chunk(-16,-34)
[21:17:46] [Worker-Main-9/INFO] (Minecraft) [STDOUT]: [Mixin] buildSurface skipped chunk(-15,-33)
[21:17:46] [Worker-Main-22/INFO] (Minecraft) [STDOUT]: [Mixin] buildSurface skipped chunk(-15,-34)
[21:17:46] [Worker-Main-19/INFO] (Minecraft) [STDOUT]: [Mixin] buildSurface skipped chunk(-21,-19)
[21:17:46] [Worker-Main-6/INFO] (Minecraft) [STDOUT]: [Mixin] buildSurface skipped chunk(-18,-19)
[21:17:46] [Worker-Main-22/INFO] (Minecraft) [STDOUT]: [Mixin] populateNoise intercepted chunk(-18,-18)
[21:17:46] [Worker-Main-18/INFO] (Minecraft) [STDOUT]: [Mixin] populateNoise intercepted chunk(-19,-18)
[21:17:46] [Worker-Main-1/INFO] (Minecraft) [STDOUT]: [Mixin] populateNoise intercepted chunk(-21,-18)
[21:17:46] [Worker-Main-16/INFO] (Minecraft) [STDOUT]: [Mixin] populateNoise intercepted chunk(-20,-18)
[21:17:46] [Worker-Main-11/INFO] (Minecraft) [STDOUT]: [Mixin] populateNoise intercepted chunk(-17,-19)
[21:17:46] [Worker-Main-20/INFO] (Minecraft) [STDOUT]: [Mixin] populateNoise intercepted chunk(-17,-18)
[21:17:46] [Worker-Main-10/INFO] (Minecraft) [STDOUT]: [Mixin] populateNoise intercepted chunk(-18,-17)
[21:17:46] [Worker-Main-5/INFO] (Minecraft) [STDOUT]: [Mixin] populateNoise intercepted chunk(-19,-17)
[21:17:46] [Worker-Main-17/INFO] (Minecraft) [STDOUT]: [Mixin] populateNoise intercepted chunk(-17,-17)
[21:17:46] [Worker-Main-15/INFO] (Minecraft) [STDOUT]: [Mixin] populateNoise intercepted chunk(-20,-17)
[21:17:46] [Worker-Main-7/INFO] (Minecraft) [STDOUT]: [Mixin] populateNoise intercepted chunk(-21,-17)
[21:17:46] [Worker-Main-19/INFO] (Minecraft) [STDOUT]: [Mixin] populateNoise intercepted chunk(-22,-19)
[21:17:46] [Worker-Main-6/INFO] (Minecraft) [STDOUT]: [Mixin] populateNoise intercepted chunk(-16,-19)
[21:17:46] [Worker-Main-23/INFO] (Minecraft) [STDOUT]: [Mixin] populateNoise intercepted chunk(-23,-19)
[21:17:46] [Worker-Main-4/INFO] (Minecraft) [STDOUT]: [Mixin] populateNoise intercepted chunk(-22,-18)
[21:17:46] [Worker-Main-9/INFO] (Minecraft) [STDOUT]: [Mixin] populateNoise intercepted chunk(-22,-17)
[21:17:46] [Worker-Main-2/INFO] (Minecraft) [STDOUT]: [Mixin] populateNoise intercepted chunk(-24,-19)
[21:17:46] [Worker-Main-13/INFO] (Minecraft) [STDOUT]: [Mixin] populateNoise intercepted chunk(-18,-16)
[21:17:46] [Worker-Main-3/INFO] (Minecraft) [STDOUT]: [Mixin] populateNoise intercepted chunk(-16,-18)
[21:17:46] [Worker-Main-21/INFO] (Minecraft) [STDOUT]: [Mixin] populateNoise intercepted chunk(-16,-17)
[21:17:46] [Worker-Main-8/INFO] (Minecraft) [STDOUT]: [Mixin] populateNoise intercepted chunk(-17,-16)
[21:17:46] [Worker-Main-14/INFO] (Minecraft) [STDOUT]: [Mixin] populateNoise intercepted chunk(-16,-16)
[21:17:46] [Worker-Main-12/INFO] (Minecraft) [STDOUT]: [Mixin] populateNoise intercepted chunk(-19,-16)
[21:17:46] [Worker-Main-22/INFO] (Minecraft) [STDOUT]: [Mixin] buildSurface skipped chunk(-18,-18)
[21:17:46] [Worker-Main-22/INFO] (Minecraft) [STDOUT]: [Mixin] populateNoise intercepted chunk(-20,-16)
[21:17:46] [Worker-Main-20/INFO] (Minecraft) [STDOUT]: [Mixin] buildSurface skipped chunk(-17,-18)
[21:17:46] [Worker-Main-11/INFO] (Minecraft) [STDOUT]: [Mixin] buildSurface skipped chunk(-17,-19)
[21:17:46] [Worker-Main-11/INFO] (Minecraft) [STDOUT]: [Mixin] buildSurface skipped chunk(-19,-18)
[21:17:46] [Worker-Main-11/INFO] (Minecraft) [STDOUT]: [Mixin] buildSurface skipped chunk(-21,-18)
[21:17:46] [Worker-Main-1/INFO] (Minecraft) [STDOUT]: [Mixin] buildSurface skipped chunk(-20,-18)
[21:17:46] [Worker-Main-16/INFO] (Minecraft) [STDOUT]: [Mixin] buildSurface skipped chunk(-18,-17)
[21:17:46] [Worker-Main-17/INFO] (Minecraft) [STDOUT]: [Mixin] buildSurface skipped chunk(-19,-17)
[21:17:46] [Worker-Main-5/INFO] (Minecraft) [STDOUT]: [Mixin] buildSurface skipped chunk(-17,-17)
[21:17:46] [Worker-Main-3/INFO] (Minecraft) [STDOUT]: [Mixin] buildSurface skipped chunk(-23,-19)
[21:17:46] [Worker-Main-6/INFO] (Minecraft) [STDOUT]: [Mixin] buildSurface skipped chunk(-21,-17)
[21:17:46] [Worker-Main-6/INFO] (Minecraft) [STDOUT]: [Mixin] buildSurface skipped chunk(-20,-17)
[21:17:46] [Worker-Main-20/INFO] (Minecraft) [STDOUT]: [Mixin] buildSurface skipped chunk(-22,-19)
[21:17:46] [Worker-Main-15/INFO] (Minecraft) [STDOUT]: [Mixin] buildSurface skipped chunk(-24,-19)
[21:17:46] [Worker-Main-15/INFO] (Minecraft) [STDOUT]: [Mixin] buildSurface skipped chunk(-22,-18)
[21:17:46] [Worker-Main-15/INFO] (Minecraft) [STDOUT]: [Mixin] buildSurface skipped chunk(-22,-17)
[21:17:46] [Worker-Main-6/INFO] (Minecraft) [STDOUT]: [Mixin] populateNoise intercepted chunk(-21,-16)
[21:17:46] [Worker-Main-9/INFO] (Minecraft) [STDOUT]: [Mixin] buildSurface skipped chunk(-16,-19)
[21:17:46] [Worker-Main-9/INFO] (Minecraft) [STDOUT]: [Mixin] buildSurface skipped chunk(-18,-16)
[21:17:46] [Worker-Main-9/INFO] (Minecraft) [STDOUT]: [Mixin] buildSurface skipped chunk(-16,-18)
[21:17:46] [Worker-Main-15/INFO] (Minecraft) [STDOUT]: [Mixin] buildSurface skipped chunk(-16,-17)
[21:17:46] [Worker-Main-9/INFO] (Minecraft) [STDOUT]: [Mixin] buildSurface skipped chunk(-16,-16)
[21:17:46] [Worker-Main-21/INFO] (Minecraft) [STDOUT]: [Mixin] buildSurface skipped chunk(-17,-16)
[21:17:46] [Worker-Main-21/INFO] (Minecraft) [STDOUT]: [Mixin] buildSurface skipped chunk(-19,-16)
[21:17:46] [Worker-Main-5/INFO] (Minecraft) [STDOUT]: [Mixin] buildSurface skipped chunk(-20,-16)
[21:17:46] [Worker-Main-2/INFO] (Minecraft) [STDOUT]: [Mixin] populateNoise intercepted chunk(-23,-18)
[21:17:46] [Worker-Main-4/INFO] (Minecraft) [STDOUT]: [Mixin] populateNoise intercepted chunk(-24,-18)
[21:17:46] [Worker-Main-3/INFO] (Minecraft) [STDOUT]: [Mixin] populateNoise intercepted chunk(-23,-17)
[21:17:46] [Worker-Main-10/INFO] (Minecraft) [STDOUT]: [Mixin] populateNoise intercepted chunk(-25,-19)
[21:17:46] [Worker-Main-14/INFO] (Minecraft) [STDOUT]: [Mixin] populateNoise intercepted chunk(-24,-17)
[21:17:46] [Worker-Main-10/INFO] (Minecraft) [STDOUT]: [Mixin] populateNoise intercepted chunk(-25,-18)
[21:17:46] [Worker-Main-16/INFO] (Minecraft) [STDOUT]: [Mixin] populateNoise intercepted chunk(-25,-17)
[21:17:46] [Worker-Main-23/INFO] (Minecraft) [STDOUT]: [Mixin] populateNoise intercepted chunk(-22,-16)
[21:17:46] [Worker-Main-7/INFO] (Minecraft) [STDOUT]: [Mixin] populateNoise intercepted chunk(-23,-16)
[21:17:46] [Worker-Main-5/INFO] (Minecraft) [STDOUT]: [Mixin] populateNoise intercepted chunk(-26,-22)
[21:17:46] [Worker-Main-18/INFO] (Minecraft) [STDOUT]: [Mixin] populateNoise intercepted chunk(-24,-16)
[21:17:46] [Worker-Main-8/INFO] (Minecraft) [STDOUT]: [Mixin] populateNoise intercepted chunk(-25,-16)
[21:17:46] [Worker-Main-17/INFO] (Minecraft) [STDOUT]: [Mixin] populateNoise intercepted chunk(-26,-17)
[21:17:46] [Worker-Main-19/INFO] (Minecraft) [STDOUT]: [Mixin] populateNoise intercepted chunk(-26,-21)
[21:17:46] [Worker-Main-1/INFO] (Minecraft) [STDOUT]: [Mixin] populateNoise intercepted chunk(-26,-18)
[21:17:46] [Worker-Main-22/INFO] (Minecraft) [STDOUT]: [Mixin] populateNoise intercepted chunk(-26,-19)
[21:17:46] [Worker-Main-12/INFO] (Minecraft) [STDOUT]: [Mixin] populateNoise intercepted chunk(-26,-20)
[21:17:46] [Worker-Main-13/INFO] (Minecraft) [STDOUT]: [Mixin] populateNoise intercepted chunk(-26,-16)
[21:17:46] [Worker-Main-21/INFO] (Minecraft) [STDOUT]: [Mixin] populateNoise intercepted chunk(-27,-20)
[21:17:46] [Worker-Main-11/INFO] (Minecraft) [STDOUT]: [Mixin] populateNoise intercepted chunk(-27,-19)
[21:17:46] [Worker-Main-20/INFO] (Minecraft) [STDOUT]: [Mixin] populateNoise intercepted chunk(-27,-18)
[21:17:46] [Worker-Main-15/INFO] (Minecraft) [STDOUT]: [Mixin] populateNoise intercepted chunk(-27,-17)
[21:17:46] [Worker-Main-6/INFO] (Minecraft) [STDOUT]: [Mixin] buildSurface skipped chunk(-21,-16)
[21:17:46] [Worker-Main-6/INFO] (Minecraft) [STDOUT]: [Mixin] populateNoise intercepted chunk(-27,-16)
[21:17:46] [Worker-Main-4/INFO] (Minecraft) [STDOUT]: [Mixin] buildSurface skipped chunk(-24,-18)
[21:17:46] [Worker-Main-9/INFO] (Minecraft) [STDOUT]: [Mixin] buildSurface skipped chunk(-25,-19)
[21:17:46] [Worker-Main-4/INFO] (Minecraft) [STDOUT]: [Mixin] buildSurface skipped chunk(-25,-18)
[21:17:46] [Worker-Main-9/INFO] (Minecraft) [STDOUT]: [Mixin] populateNoise intercepted chunk(-28,-17)
[21:17:46] [Worker-Main-9/INFO] (Minecraft) [STDOUT]: [Mixin] buildSurface skipped chunk(-23,-18)
[21:17:46] [Worker-Main-15/INFO] (Minecraft) [STDOUT]: [Mixin] buildSurface skipped chunk(-24,-17)
[21:17:46] [Worker-Main-20/INFO] (Minecraft) [STDOUT]: [Mixin] buildSurface skipped chunk(-26,-18)
[21:17:46] [Worker-Main-14/INFO] (Minecraft) [STDOUT]: [Mixin] buildSurface skipped chunk(-27,-18)
[21:17:46] [Worker-Main-14/INFO] (Minecraft) [STDOUT]: [Mixin] buildSurface skipped chunk(-27,-17)
[21:17:46] [Worker-Main-9/INFO] (Minecraft) [STDOUT]: [Mixin] buildSurface skipped chunk(-23,-17)
[21:17:46] [Worker-Main-7/INFO] (Minecraft) [STDOUT]: [Mixin] buildSurface skipped chunk(-25,-17)
[21:17:46] [Worker-Main-17/INFO] (Minecraft) [STDOUT]: [Mixin] buildSurface skipped chunk(-26,-17)
[21:17:46] [Worker-Main-11/INFO] (Minecraft) [STDOUT]: [Mixin] buildSurface skipped chunk(-27,-19)
[21:17:46] [Worker-Main-14/INFO] (Minecraft) [STDOUT]: [Mixin] buildSurface skipped chunk(-27,-20)
[21:17:46] [Worker-Main-18/INFO] (Minecraft) [STDOUT]: [Mixin] buildSurface skipped chunk(-26,-20)
[21:17:46] [Worker-Main-11/INFO] (Minecraft) [STDOUT]: [Mixin] buildSurface skipped chunk(-22,-16)
[21:17:46] [Worker-Main-11/INFO] (Minecraft) [STDOUT]: [Mixin] buildSurface skipped chunk(-25,-16)
[21:17:46] [Worker-Main-17/INFO] (Minecraft) [STDOUT]: [Mixin] buildSurface skipped chunk(-26,-19)
[21:17:46] [Worker-Main-17/INFO] (Minecraft) [STDOUT]: [Mixin] buildSurface skipped chunk(-24,-16)
[21:17:46] [Worker-Main-9/INFO] (Minecraft) [STDOUT]: [Mixin] buildSurface skipped chunk(-23,-16)
[21:17:46] [Worker-Main-11/INFO] (Minecraft) [STDOUT]: [Mixin] buildSurface skipped chunk(-26,-16)
[21:17:46] [Worker-Main-17/INFO] (Minecraft) [STDOUT]: [Mixin] populateNoise intercepted chunk(-27,-21)
[21:17:46] [Worker-Main-16/INFO] (Minecraft) [STDOUT]: [Mixin] buildSurface skipped chunk(-26,-21)
[21:17:46] [Worker-Main-10/INFO] (Minecraft) [STDOUT]: [Mixin] buildSurface skipped chunk(-28,-17)
[21:17:46] [Worker-Main-11/INFO] (Minecraft) [STDOUT]: [Mixin] buildSurface skipped chunk(-27,-16)
[21:17:46] [Worker-Main-14/INFO] (Minecraft) [STDOUT]: [Mixin] buildSurface skipped chunk(-26,-22)
[21:17:47] [Worker-Main-11/INFO] (Minecraft) [STDOUT]: [Mixin] populateNoise intercepted chunk(-27,-22)
[21:17:47] [Worker-Main-14/INFO] (Minecraft) [STDOUT]: [Mixin] buildSurface skipped chunk(-27,-21)
[21:17:47] [Worker-Main-8/INFO] (Minecraft) [STDOUT]: [Mixin] populateNoise intercepted chunk(-28,-18)
[21:17:47] [Worker-Main-13/INFO] (Minecraft) [STDOUT]: [Mixin] populateNoise intercepted chunk(-28,-20)
[21:17:47] [Worker-Main-22/INFO] (Minecraft) [STDOUT]: [Mixin] populateNoise intercepted chunk(-28,-19)
[21:17:47] [Worker-Main-20/INFO] (Minecraft) [STDOUT]: [Mixin] populateNoise intercepted chunk(-28,-16)
[21:17:47] [Worker-Main-16/INFO] (Minecraft) [STDOUT]: [Mixin] populateNoise intercepted chunk(-28,-21)
[21:17:47] [Worker-Main-1/INFO] (Minecraft) [STDOUT]: [Mixin] populateNoise intercepted chunk(-29,-19)
[21:17:47] [Worker-Main-20/INFO] (Minecraft) [STDOUT]: [Mixin] populateNoise intercepted chunk(-29,-18)
[21:17:47] [Worker-Main-12/INFO] (Minecraft) [STDOUT]: [Mixin] populateNoise intercepted chunk(-29,-17)
[21:17:47] [Worker-Main-6/INFO] (Minecraft) [STDOUT]: [Mixin] populateNoise intercepted chunk(-29,-16)
[21:17:47] [Worker-Main-3/INFO] (Minecraft) [STDOUT]: [Mixin] populateNoise intercepted chunk(-28,-22)
[21:17:47] [Worker-Main-14/INFO] (Minecraft) [STDOUT]: [Mixin] populateNoise intercepted chunk(-29,-20)
[21:17:47] [Worker-Main-17/INFO] (Minecraft) [STDOUT]: [Mixin] populateNoise intercepted chunk(-29,-21)
[21:17:47] [Worker-Main-7/INFO] (Minecraft) [STDOUT]: [Mixin] populateNoise intercepted chunk(-29,-22)
[21:17:47] [Worker-Main-23/INFO] (Minecraft) [STDOUT]: [Mixin] populateNoise intercepted chunk(-15,-31)
[21:17:47] [Worker-Main-15/INFO] (Minecraft) [STDOUT]: [Mixin] populateNoise intercepted chunk(-15,-30)
[21:17:47] [Worker-Main-15/INFO] (Minecraft) [STDOUT]: [Mixin] populateNoise intercepted chunk(-15,-29)
[21:17:47] [Worker-Main-2/INFO] (Minecraft) [STDOUT]: [Mixin] populateNoise intercepted chunk(-15,-28)
[21:17:47] [Worker-Main-5/INFO] (Minecraft) [STDOUT]: [Mixin] populateNoise intercepted chunk(-15,-25)
[21:17:47] [Worker-Main-4/INFO] (Minecraft) [STDOUT]: [Mixin] populateNoise intercepted chunk(-15,-27)
[21:17:47] [Worker-Main-9/INFO] (Minecraft) [STDOUT]: [Mixin] populateNoise intercepted chunk(-15,-26)
[21:17:47] [Worker-Main-10/INFO] (Minecraft) [STDOUT]: [Mixin] populateNoise intercepted chunk(-15,-21)
[21:17:47] [Worker-Main-10/INFO] (Minecraft) [STDOUT]: [Mixin] populateNoise intercepted chunk(-15,-24)
[21:17:47] [Worker-Main-11/INFO] (Minecraft) [STDOUT]: [Mixin] buildSurface skipped chunk(-27,-22)
[21:17:47] [Worker-Main-11/INFO] (Minecraft) [STDOUT]: [Mixin] populateNoise intercepted chunk(-15,-23)
[21:17:47] [Worker-Main-13/INFO] (Minecraft) [STDOUT]: [Mixin] buildSurface skipped chunk(-28,-20)
[21:17:47] [Worker-Main-13/INFO] (Minecraft) [STDOUT]: [Mixin] buildSurface skipped chunk(-28,-22)
[21:17:47] [Worker-Main-13/INFO] (Minecraft) [STDOUT]: [Mixin] buildSurface skipped chunk(-29,-19)
[21:17:47] [Worker-Main-1/INFO] (Minecraft) [STDOUT]: [Mixin] buildSurface skipped chunk(-28,-21)
[21:17:47] [Worker-Main-3/INFO] (Minecraft) [STDOUT]: [Mixin] buildSurface skipped chunk(-28,-18)
[21:17:47] [Worker-Main-16/INFO] (Minecraft) [STDOUT]: [Mixin] buildSurface skipped chunk(-28,-19)
[21:17:47] [Worker-Main-16/INFO] (Minecraft) [STDOUT]: [Mixin] buildSurface skipped chunk(-29,-21)
[21:17:47] [Worker-Main-22/INFO] (Minecraft) [STDOUT]: [Mixin] buildSurface skipped chunk(-29,-17)
[21:17:47] [Worker-Main-23/INFO] (Minecraft) [STDOUT]: [Mixin] buildSurface skipped chunk(-29,-22)
[21:17:47] [Worker-Main-14/INFO] (Minecraft) [STDOUT]: [Mixin] buildSurface skipped chunk(-28,-16)
[21:17:47] [Worker-Main-9/INFO] (Minecraft) [STDOUT]: [Mixin] buildSurface skipped chunk(-29,-18)
[21:17:47] [Worker-Main-4/INFO] (Minecraft) [STDOUT]: [Mixin] buildSurface skipped chunk(-29,-20)
[21:17:47] [Worker-Main-23/INFO] (Minecraft) [STDOUT]: [Mixin] buildSurface skipped chunk(-29,-16)
[21:17:47] [Worker-Main-10/INFO] (Minecraft) [STDOUT]: [Mixin] populateNoise intercepted chunk(-15,-22)
[21:17:47] [Worker-Main-11/INFO] (Minecraft) [STDOUT]: [Mixin] buildSurface skipped chunk(-15,-21)
[21:17:47] [Worker-Main-7/INFO] (Minecraft) [STDOUT]: [Mixin] buildSurface skipped chunk(-15,-28)
[21:17:47] [Worker-Main-7/INFO] (Minecraft) [STDOUT]: [Mixin] buildSurface skipped chunk(-15,-30)
[21:17:47] [Worker-Main-7/INFO] (Minecraft) [STDOUT]: [Mixin] buildSurface skipped chunk(-15,-31)
[21:17:47] [Worker-Main-14/INFO] (Minecraft) [STDOUT]: [Mixin] buildSurface skipped chunk(-15,-29)
[21:17:47] [Worker-Main-14/INFO] (Minecraft) [STDOUT]: [Mixin] buildSurface skipped chunk(-15,-25)
[21:17:47] [Worker-Main-23/INFO] (Minecraft) [STDOUT]: [Mixin] buildSurface skipped chunk(-15,-27)
[21:17:47] [Worker-Main-7/INFO] (Minecraft) [STDOUT]: [Mixin] buildSurface skipped chunk(-15,-26)
[21:17:47] [Worker-Main-7/INFO] (Minecraft) [STDOUT]: [Mixin] buildSurface skipped chunk(-15,-24)
[21:17:47] [Worker-Main-11/INFO] (Minecraft) [STDOUT]: [Mixin] buildSurface skipped chunk(-15,-23)
[21:17:47] [Worker-Main-23/INFO] (Minecraft) [STDOUT]: [Mixin] populateNoise intercepted chunk(-30,-22)
[21:17:47] [Worker-Main-18/INFO] (Minecraft) [STDOUT]: [Mixin] populateNoise intercepted chunk(-30,-21)
[21:17:47] [Worker-Main-8/INFO] (Minecraft) [STDOUT]: [Mixin] populateNoise intercepted chunk(-31,-22)
[21:17:47] [Worker-Main-12/INFO] (Minecraft) [STDOUT]: [Mixin] populateNoise intercepted chunk(-31,-21)
[21:17:47] [Worker-Main-20/INFO] (Minecraft) [STDOUT]: [Mixin] populateNoise intercepted chunk(-30,-20)
[21:17:47] [Worker-Main-4/INFO] (Minecraft) [STDOUT]: [Mixin] populateNoise intercepted chunk(-31,-20)
[21:17:47] [Worker-Main-1/INFO] (Minecraft) [STDOUT]: [Mixin] populateNoise intercepted chunk(-32,-22)
[21:17:47] [Worker-Main-3/INFO] (Minecraft) [STDOUT]: [Mixin] populateNoise intercepted chunk(-32,-21)
[21:17:47] [Worker-Main-21/INFO] (Minecraft) [STDOUT]: [Mixin] populateNoise intercepted chunk(-32,-20)
[21:17:47] [Worker-Main-14/INFO] (Minecraft) [STDOUT]: [Mixin] populateNoise intercepted chunk(-30,-19)
[21:17:47] [Worker-Main-19/INFO] (Minecraft) [STDOUT]: [Mixin] populateNoise intercepted chunk(-31,-19)
[21:17:47] [Worker-Main-21/INFO] (Minecraft) [STDOUT]: [Mixin] populateNoise intercepted chunk(-32,-19)
[21:17:47] [Worker-Main-6/INFO] (Minecraft) [STDOUT]: [Mixin] populateNoise intercepted chunk(-33,-22)
[21:17:47] [Worker-Main-5/INFO] (Minecraft) [STDOUT]: [Mixin] populateNoise intercepted chunk(-33,-21)
[21:17:47] [Worker-Main-22/INFO] (Minecraft) [STDOUT]: [Mixin] populateNoise intercepted chunk(-33,-20)
[21:17:47] [Worker-Main-15/INFO] (Minecraft) [STDOUT]: [Mixin] populateNoise intercepted chunk(-33,-19)
[21:17:47] [Worker-Main-9/INFO] (Minecraft) [STDOUT]: [Mixin] populateNoise intercepted chunk(-30,-18)
[21:17:47] [Worker-Main-17/INFO] (Minecraft) [STDOUT]: [Mixin] populateNoise intercepted chunk(-32,-18)
[21:17:47] [Worker-Main-7/INFO] (Minecraft) [STDOUT]: [Mixin] populateNoise intercepted chunk(-31,-18)
[21:17:47] [Worker-Main-13/INFO] (Minecraft) [STDOUT]: [Mixin] populateNoise intercepted chunk(-33,-18)
[21:17:47] [Worker-Main-2/INFO] (Minecraft) [STDOUT]: [Mixin] populateNoise intercepted chunk(-15,-20)
[21:17:47] [Worker-Main-14/INFO] (Minecraft) [STDOUT]: [Mixin] populateNoise intercepted chunk(-15,-19)
[21:17:47] [Worker-Main-10/INFO] (Minecraft) [STDOUT]: [Mixin] buildSurface skipped chunk(-15,-22)
[21:17:47] [Worker-Main-10/INFO] (Minecraft) [STDOUT]: [Mixin] populateNoise intercepted chunk(-15,-18)
[21:17:47] [Worker-Main-23/INFO] (Minecraft) [STDOUT]: [Mixin] buildSurface skipped chunk(-30,-22)
[21:17:47] [Worker-Main-23/INFO] (Minecraft) [STDOUT]: [Mixin] buildSurface skipped chunk(-32,-21)
[21:17:47] [Worker-Main-3/INFO] (Minecraft) [STDOUT]: [Mixin] buildSurface skipped chunk(-30,-21)
[21:17:47] [Worker-Main-1/INFO] (Minecraft) [STDOUT]: [Mixin] buildSurface skipped chunk(-32,-22)
[21:17:47] [Worker-Main-3/INFO] (Minecraft) [STDOUT]: [Mixin] buildSurface skipped chunk(-31,-21)
[21:17:47] [Worker-Main-5/INFO] (Minecraft) [STDOUT]: [Mixin] buildSurface skipped chunk(-32,-20)
[21:17:47] [Worker-Main-21/INFO] (Minecraft) [STDOUT]: [Mixin] buildSurface skipped chunk(-31,-19)
[21:17:47] [Worker-Main-3/INFO] (Minecraft) [STDOUT]: [Mixin] buildSurface skipped chunk(-30,-20)
[21:17:47] [Worker-Main-22/INFO] (Minecraft) [STDOUT]: [Mixin] buildSurface skipped chunk(-32,-19)
[21:17:47] [Worker-Main-3/INFO] (Minecraft) [STDOUT]: [Mixin] buildSurface skipped chunk(-30,-18)
[21:17:47] [Worker-Main-22/INFO] (Minecraft) [STDOUT]: [Mixin] buildSurface skipped chunk(-31,-22)
[21:17:47] [Worker-Main-17/INFO] (Minecraft) [STDOUT]: [Mixin] buildSurface skipped chunk(-30,-19)
[21:17:47] [Worker-Main-17/INFO] (Minecraft) [STDOUT]: [Mixin] buildSurface skipped chunk(-31,-20)
[21:17:47] [Worker-Main-4/INFO] (Minecraft) [STDOUT]: [Mixin] buildSurface skipped chunk(-33,-22)
[21:17:47] [Worker-Main-3/INFO] (Minecraft) [STDOUT]: [Mixin] buildSurface skipped chunk(-33,-21)
[21:17:47] [Worker-Main-19/INFO] (Minecraft) [STDOUT]: [Mixin] buildSurface skipped chunk(-33,-20)
[21:17:47] [Worker-Main-4/INFO] (Minecraft) [STDOUT]: [Mixin] buildSurface skipped chunk(-31,-18)
[21:17:47] [Worker-Main-13/INFO] (Minecraft) [STDOUT]: [Mixin] buildSurface skipped chunk(-32,-18)
[21:17:47] [Worker-Main-8/INFO] (Minecraft) [STDOUT]: [Mixin] buildSurface skipped chunk(-33,-19)
[21:17:47] [Worker-Main-8/INFO] (Minecraft) [STDOUT]: [Mixin] buildSurface skipped chunk(-33,-18)
[21:17:47] [Worker-Main-3/INFO] (Minecraft) [STDOUT]: [Mixin] buildSurface skipped chunk(-15,-20)
[21:17:47] [Worker-Main-20/INFO] (Minecraft) [STDOUT]: [Mixin] buildSurface skipped chunk(-15,-19)
[21:17:47] [Worker-Main-2/INFO] (Minecraft) [STDOUT]: [Mixin] buildSurface skipped chunk(-15,-18)
[21:17:47] [Worker-Main-9/INFO] (Minecraft) [STDOUT]: [Mixin] populateNoise intercepted chunk(-30,-17)
[21:17:47] [Worker-Main-8/INFO] (Minecraft) [STDOUT]: [Mixin] populateNoise intercepted chunk(-30,-16)
[21:17:47] [Worker-Main-21/INFO] (Minecraft) [STDOUT]: [Mixin] populateNoise intercepted chunk(-31,-17)
[21:17:47] [Worker-Main-16/INFO] (Minecraft) [STDOUT]: [Mixin] populateNoise intercepted chunk(-31,-16)
[21:17:47] [Worker-Main-14/INFO] (Minecraft) [STDOUT]: [Mixin] populateNoise intercepted chunk(-31,-15)
[21:17:47] [Worker-Main-3/INFO] (Minecraft) [STDOUT]: [Mixin] populateNoise intercepted chunk(-31,-14)
[21:17:47] [Worker-Main-17/INFO] (Minecraft) [STDOUT]: [Mixin] populateNoise intercepted chunk(-30,-15)
[21:17:47] [Worker-Main-4/INFO] (Minecraft) [STDOUT]: [Mixin] populateNoise intercepted chunk(-30,-14)
[21:17:47] [Worker-Main-10/INFO] (Minecraft) [STDOUT]: [Mixin] populateNoise intercepted chunk(-32,-17)
[21:17:47] [Worker-Main-5/INFO] (Minecraft) [STDOUT]: [Mixin] populateNoise intercepted chunk(-32,-16)
[21:17:47] [Worker-Main-12/INFO] (Minecraft) [STDOUT]: [Mixin] populateNoise intercepted chunk(-32,-15)
[21:17:47] [Worker-Main-11/INFO] (Minecraft) [STDOUT]: [Mixin] populateNoise intercepted chunk(-32,-14)
[21:17:47] [Worker-Main-22/INFO] (Minecraft) [STDOUT]: [Mixin] populateNoise intercepted chunk(-32,-13)
[21:17:47] [Worker-Main-20/INFO] (Minecraft) [STDOUT]: [Mixin] populateNoise intercepted chunk(-31,-13)
[21:17:47] [Worker-Main-18/INFO] (Minecraft) [STDOUT]: [Mixin] populateNoise intercepted chunk(-29,-15)
[21:17:47] [Worker-Main-7/INFO] (Minecraft) [STDOUT]: [Mixin] populateNoise intercepted chunk(-29,-14)
[21:17:47] [Worker-Main-19/INFO] (Minecraft) [STDOUT]: [Mixin] populateNoise intercepted chunk(-33,-17)
[21:17:47] [Worker-Main-1/INFO] (Minecraft) [STDOUT]: [Mixin] populateNoise intercepted chunk(-33,-16)
[21:17:47] [Worker-Main-15/INFO] (Minecraft) [STDOUT]: [Mixin] populateNoise intercepted chunk(-30,-13)
[21:17:47] [Worker-Main-13/INFO] (Minecraft) [STDOUT]: [Mixin] populateNoise intercepted chunk(-29,-13)
[21:17:47] [Worker-Main-2/INFO] (Minecraft) [STDOUT]: [Mixin] populateNoise intercepted chunk(-33,-15)
[21:17:47] [Worker-Main-6/INFO] (Minecraft) [STDOUT]: [Mixin] populateNoise intercepted chunk(-33,-14)
[21:17:47] [Worker-Main-23/INFO] (Minecraft) [STDOUT]: [Mixin] populateNoise intercepted chunk(-33,-13)
[21:17:47] [Worker-Main-18/INFO] (Minecraft) [STDOUT]: [Mixin] buildSurface skipped chunk(-29,-15)
[21:17:47] [Worker-Main-14/INFO] (Minecraft) [STDOUT]: [Mixin] buildSurface skipped chunk(-31,-13)
[21:17:47] [Worker-Main-14/INFO] (Minecraft) [STDOUT]: [Mixin] buildSurface skipped chunk(-31,-15)
[21:17:47] [Worker-Main-14/INFO] (Minecraft) [STDOUT]: [Mixin] buildSurface skipped chunk(-30,-14)
[21:17:47] [Worker-Main-20/INFO] (Minecraft) [STDOUT]: [Mixin] buildSurface skipped chunk(-31,-16)
[21:17:47] [Worker-Main-17/INFO] (Minecraft) [STDOUT]: [Mixin] buildSurface skipped chunk(-31,-17)
[21:17:47] [Worker-Main-18/INFO] (Minecraft) [STDOUT]: [Mixin] buildSurface skipped chunk(-30,-15)
[21:17:47] [Worker-Main-4/INFO] (Minecraft) [STDOUT]: [Mixin] buildSurface skipped chunk(-29,-13)
[21:17:47] [Worker-Main-4/INFO] (Minecraft) [STDOUT]: [Mixin] buildSurface skipped chunk(-30,-17)
[21:17:47] [Worker-Main-13/INFO] (Minecraft) [STDOUT]: [Mixin] buildSurface skipped chunk(-30,-13)
[21:17:47] [Worker-Main-16/INFO] (Minecraft) [STDOUT]: [Mixin] buildSurface skipped chunk(-32,-16)
[21:17:47] [Worker-Main-23/INFO] (Minecraft) [STDOUT]: [Mixin] buildSurface skipped chunk(-32,-15)
[21:17:47] [Worker-Main-10/INFO] (Minecraft) [STDOUT]: [Mixin] buildSurface skipped chunk(-32,-17)
[21:17:47] [Worker-Main-23/INFO] (Minecraft) [STDOUT]: [Mixin] buildSurface skipped chunk(-31,-14)
[21:17:47] [Worker-Main-23/INFO] (Minecraft) [STDOUT]: [Mixin] buildSurface skipped chunk(-32,-14)
[21:17:47] [Worker-Main-7/INFO] (Minecraft) [STDOUT]: [Mixin] buildSurface skipped chunk(-29,-14)
[21:17:47] [Worker-Main-19/INFO] (Minecraft) [STDOUT]: [Mixin] buildSurface skipped chunk(-32,-13)
[21:17:47] [Worker-Main-19/INFO] (Minecraft) [STDOUT]: [Mixin] buildSurface skipped chunk(-30,-16)
[21:17:47] [Worker-Main-1/INFO] (Minecraft) [STDOUT]: [Mixin] populateNoise intercepted chunk(-33,-12)
[21:17:47] [Worker-Main-10/INFO] (Minecraft) [STDOUT]: [Mixin] populateNoise intercepted chunk(-32,-12)
[21:17:47] [Worker-Main-23/INFO] (Minecraft) [STDOUT]: [Mixin] buildSurface skipped chunk(-33,-13)
[21:17:47] [Worker-Main-6/INFO] (Minecraft) [STDOUT]: [Mixin] buildSurface skipped chunk(-33,-17)
[21:17:47] [Worker-Main-4/INFO] (Minecraft) [STDOUT]: [Mixin] buildSurface skipped chunk(-33,-15)
[21:17:47] [Worker-Main-23/INFO] (Minecraft) [STDOUT]: [Mixin] buildSurface skipped chunk(-33,-14)
[21:17:47] [Worker-Main-23/INFO] (Minecraft) [STDOUT]: [Mixin] buildSurface skipped chunk(-33,-16)
[21:17:47] [Worker-Main-23/INFO] (Minecraft) [STDOUT]: [Mixin] populateNoise intercepted chunk(-28,-15)
[21:17:47] [Worker-Main-8/INFO] (Minecraft) [STDOUT]: [Mixin] populateNoise intercepted chunk(-27,-15)
[21:17:47] [Worker-Main-5/INFO] (Minecraft) [STDOUT]: [Mixin] populateNoise intercepted chunk(-26,-15)
[21:17:47] [Worker-Main-19/INFO] (Minecraft) [STDOUT]: [Mixin] populateNoise intercepted chunk(-25,-15)
[21:17:47] [Worker-Main-16/INFO] (Minecraft) [STDOUT]: [Mixin] populateNoise intercepted chunk(-31,-12)
[21:17:47] [Worker-Main-16/INFO] (Minecraft) [STDOUT]: [Mixin] populateNoise intercepted chunk(-30,-12)
[21:17:47] [Worker-Main-22/INFO] (Minecraft) [STDOUT]: [Mixin] populateNoise intercepted chunk(-28,-14)
[21:17:47] [Worker-Main-12/INFO] (Minecraft) [STDOUT]: [Mixin] populateNoise intercepted chunk(-27,-14)
[21:17:47] [Worker-Main-11/INFO] (Minecraft) [STDOUT]: [Mixin] populateNoise intercepted chunk(-28,-13)
[21:17:47] [Worker-Main-14/INFO] (Minecraft) [STDOUT]: [Mixin] populateNoise intercepted chunk(-26,-14)
[21:17:47] [Worker-Main-13/INFO] (Minecraft) [STDOUT]: [Mixin] populateNoise intercepted chunk(-24,-15)
[21:17:47] [Worker-Main-9/INFO] (Minecraft) [STDOUT]: [Mixin] populateNoise intercepted chunk(-25,-14)
[21:17:47] [Worker-Main-6/INFO] (Minecraft) [STDOUT]: [Mixin] populateNoise intercepted chunk(-29,-12)
[21:17:47] [Worker-Main-18/INFO] (Minecraft) [STDOUT]: [Mixin] populateNoise intercepted chunk(-28,-12)
[21:17:47] [Worker-Main-21/INFO] (Minecraft) [STDOUT]: [Mixin] populateNoise intercepted chunk(-24,-14)
[21:17:47] [Worker-Main-15/INFO] (Minecraft) [STDOUT]: [Mixin] populateNoise intercepted chunk(-15,-17)
[21:17:47] [Worker-Main-3/INFO] (Minecraft) [STDOUT]: [Mixin] populateNoise intercepted chunk(-15,-16)
[21:17:47] [Worker-Main-4/INFO] (Minecraft) [STDOUT]: [Mixin] populateNoise intercepted chunk(-23,-15)
[21:17:47] [Worker-Main-17/INFO] (Minecraft) [STDOUT]: [Mixin] populateNoise intercepted chunk(-22,-15)
[21:17:47] [Worker-Main-7/INFO] (Minecraft) [STDOUT]: [Mixin] populateNoise intercepted chunk(-20,-15)
[21:17:47] [Worker-Main-20/INFO] (Minecraft) [STDOUT]: [Mixin] populateNoise intercepted chunk(-21,-15)
[21:17:47] [Worker-Main-10/INFO] (Minecraft) [STDOUT]: [Mixin] buildSurface skipped chunk(-32,-12)
[21:17:47] [Worker-Main-10/INFO] (Minecraft) [STDOUT]: [Mixin] buildSurface skipped chunk(-33,-12)
[21:17:47] [Worker-Main-1/INFO] (Minecraft) [STDOUT]: [Mixin] populateNoise intercepted chunk(-19,-15)
[21:17:47] [Worker-Main-10/INFO] (Minecraft) [STDOUT]: [Mixin] populateNoise intercepted chunk(-27,-13)
[21:17:47] [Worker-Main-22/INFO] (Minecraft) [STDOUT]: [Mixin] buildSurface skipped chunk(-28,-14)
[21:17:47] [Worker-Main-22/INFO] (Minecraft) [STDOUT]: [Mixin] buildSurface skipped chunk(-28,-15)
[21:17:47] [Worker-Main-6/INFO] (Minecraft) [STDOUT]: [Mixin] buildSurface skipped chunk(-26,-15)
[21:17:47] [Worker-Main-22/INFO] (Minecraft) [STDOUT]: [Mixin] buildSurface skipped chunk(-25,-14)
[21:17:47] [Worker-Main-15/INFO] (Minecraft) [STDOUT]: [Mixin] buildSurface skipped chunk(-26,-14)
[21:17:47] [Worker-Main-13/INFO] (Minecraft) [STDOUT]: [Mixin] buildSurface skipped chunk(-29,-12)
[21:17:47] [Worker-Main-13/INFO] (Minecraft) [STDOUT]: [Mixin] buildSurface skipped chunk(-28,-13)
[21:17:47] [Worker-Main-14/INFO] (Minecraft) [STDOUT]: [Mixin] buildSurface skipped chunk(-31,-12)
[21:17:47] [Worker-Main-14/INFO] (Minecraft) [STDOUT]: [Mixin] buildSurface skipped chunk(-27,-14)
[21:17:47] [Worker-Main-15/INFO] (Minecraft) [STDOUT]: [Mixin] buildSurface skipped chunk(-30,-12)
[21:17:47] [Worker-Main-15/INFO] (Minecraft) [STDOUT]: [Mixin] buildSurface skipped chunk(-28,-12)
[21:17:47] [Worker-Main-15/INFO] (Minecraft) [STDOUT]: [Mixin] buildSurface skipped chunk(-24,-15)
[21:17:47] [Worker-Main-13/INFO] (Minecraft) [STDOUT]: [Mixin] buildSurface skipped chunk(-24,-14)
[21:17:47] [Worker-Main-20/INFO] (Minecraft) [STDOUT]: [Mixin] buildSurface skipped chunk(-25,-15)
[21:17:47] [Worker-Main-21/INFO] (Minecraft) [STDOUT]: [Mixin] buildSurface skipped chunk(-27,-15)
[21:17:47] [Worker-Main-8/INFO] (Minecraft) [STDOUT]: [Mixin] buildSurface skipped chunk(-27,-13)
[21:17:47] [Worker-Main-13/INFO] (Minecraft) [STDOUT]: [Mixin] populateNoise intercepted chunk(-18,-15)
[21:17:47] [Worker-Main-7/INFO] (Minecraft) [STDOUT]: [Mixin] buildSurface skipped chunk(-15,-17)
[21:17:47] [Worker-Main-5/INFO] (Minecraft) [STDOUT]: [Mixin] buildSurface skipped chunk(-22,-15)
[21:17:47] [Worker-Main-7/INFO] (Minecraft) [STDOUT]: [Mixin] buildSurface skipped chunk(-20,-15)
[21:17:47] [Worker-Main-5/INFO] (Minecraft) [STDOUT]: [Mixin] buildSurface skipped chunk(-15,-16)
[21:17:47] [Worker-Main-5/INFO] (Minecraft) [STDOUT]: [Mixin] buildSurface skipped chunk(-23,-15)
[21:17:47] [Worker-Main-14/INFO] (Minecraft) [STDOUT]: [Mixin] buildSurface skipped chunk(-21,-15)
[21:17:47] [Worker-Main-7/INFO] (Minecraft) [STDOUT]: [Mixin] buildSurface skipped chunk(-19,-15)
[21:17:47] [Worker-Main-6/INFO] (Minecraft) [STDOUT]: [Mixin] populateNoise intercepted chunk(-27,-12)
[21:17:47] [Worker-Main-12/INFO] (Minecraft) [STDOUT]: [Mixin] populateNoise intercepted chunk(-26,-13)
[21:17:47] [Worker-Main-9/INFO] (Minecraft) [STDOUT]: [Mixin] populateNoise intercepted chunk(-26,-12)
[21:17:47] [Worker-Main-19/INFO] (Minecraft) [STDOUT]: [Mixin] populateNoise intercepted chunk(-25,-13)
[21:17:47] [Worker-Main-11/INFO] (Minecraft) [STDOUT]: [Mixin] populateNoise intercepted chunk(-27,-11)
[21:17:47] [Worker-Main-17/INFO] (Minecraft) [STDOUT]: [Mixin] populateNoise intercepted chunk(-26,-11)
[21:17:47] [Worker-Main-4/INFO] (Minecraft) [STDOUT]: [Mixin] populateNoise intercepted chunk(-26,-10)
[21:17:47] [Worker-Main-16/INFO] (Minecraft) [STDOUT]: [Mixin] populateNoise intercepted chunk(-25,-12)
[21:17:47] [Worker-Main-23/INFO] (Minecraft) [STDOUT]: [Mixin] populateNoise intercepted chunk(-25,-11)
[21:17:47] [Worker-Main-3/INFO] (Minecraft) [STDOUT]: [Mixin] populateNoise intercepted chunk(-25,-10)
[21:17:47] [Worker-Main-2/INFO] (Minecraft) [STDOUT]: [Mixin] populateNoise intercepted chunk(-28,-11)
[21:17:47] [Worker-Main-21/INFO] (Minecraft) [STDOUT]: [Mixin] populateNoise intercepted chunk(-28,-10)
[21:17:47] [Worker-Main-10/INFO] (Minecraft) [STDOUT]: [Mixin] populateNoise intercepted chunk(-27,-10)
[21:17:47] [Worker-Main-20/INFO] (Minecraft) [STDOUT]: [Mixin] populateNoise intercepted chunk(-25,-9)
[21:17:47] [Worker-Main-22/INFO] (Minecraft) [STDOUT]: [Mixin] populateNoise intercepted chunk(-26,-9)
[21:17:47] [Worker-Main-1/INFO] (Minecraft) [STDOUT]: [Mixin] buildSurface skipped chunk(-18,-15)
[21:17:47] [Worker-Main-1/INFO] (Minecraft) [STDOUT]: [Mixin] populateNoise intercepted chunk(-28,-9)
[21:17:47] [Worker-Main-7/INFO] (Minecraft) [STDOUT]: [Mixin] populateNoise intercepted chunk(-27,-9)
[21:17:47] [Worker-Main-13/INFO] (Minecraft) [STDOUT]: [Mixin] populateNoise intercepted chunk(-29,-9)
[21:17:47] [Worker-Main-8/INFO] (Minecraft) [STDOUT]: [Mixin] populateNoise intercepted chunk(-29,-11)
[21:17:47] [Worker-Main-15/INFO] (Minecraft) [STDOUT]: [Mixin] populateNoise intercepted chunk(-29,-10)
[21:17:47] [Worker-Main-18/INFO] (Minecraft) [STDOUT]: [Mixin] populateNoise intercepted chunk(-24,-13)
[21:17:47] [Worker-Main-5/INFO] (Minecraft) [STDOUT]: [Mixin] populateNoise intercepted chunk(-24,-12)
[21:17:47] [Worker-Main-14/INFO] (Minecraft) [STDOUT]: [Mixin] populateNoise intercepted chunk(-24,-11)
[21:17:47] [Worker-Main-6/INFO] (Minecraft) [STDOUT]: [Mixin] buildSurface skipped chunk(-27,-12)
[21:17:47] [Worker-Main-6/INFO] (Minecraft) [STDOUT]: [Mixin] populateNoise intercepted chunk(-24,-10)
[21:17:47] [Worker-Main-12/INFO] (Minecraft) [STDOUT]: [Mixin] buildSurface skipped chunk(-26,-13)
[21:17:47] [Worker-Main-9/INFO] (Minecraft) [STDOUT]: [Mixin] buildSurface skipped chunk(-26,-12)
[21:17:47] [Worker-Main-9/INFO] (Minecraft) [STDOUT]: [Mixin] buildSurface skipped chunk(-26,-11)
[21:17:47] [Worker-Main-12/INFO] (Minecraft) [STDOUT]: [Mixin] buildSurface skipped chunk(-28,-11)
[21:17:47] [Worker-Main-12/INFO] (Minecraft) [STDOUT]: [Mixin] buildSurface skipped chunk(-25,-12)
[21:17:47] [Worker-Main-2/INFO] (Minecraft) [STDOUT]: [Mixin] buildSurface skipped chunk(-25,-11)
[21:17:47] [Worker-Main-9/INFO] (Minecraft) [STDOUT]: [Mixin] buildSurface skipped chunk(-27,-10)
[21:17:47] [Worker-Main-11/INFO] (Minecraft) [STDOUT]: [Mixin] buildSurface skipped chunk(-25,-10)
[21:17:47] [Worker-Main-11/INFO] (Minecraft) [STDOUT]: [Mixin] buildSurface skipped chunk(-27,-11)
[21:17:47] [Worker-Main-11/INFO] (Minecraft) [STDOUT]: [Mixin] buildSurface skipped chunk(-26,-10)
[21:17:47] [Worker-Main-19/INFO] (Minecraft) [STDOUT]: [Mixin] buildSurface skipped chunk(-25,-13)
[21:17:47] [Worker-Main-18/INFO] (Minecraft) [STDOUT]: [Mixin] buildSurface skipped chunk(-28,-10)
[21:17:47] [Worker-Main-18/INFO] (Minecraft) [STDOUT]: [Mixin] buildSurface skipped chunk(-28,-9)
[21:17:47] [Worker-Main-1/INFO] (Minecraft) [STDOUT]: [Mixin] buildSurface skipped chunk(-27,-9)
[21:17:47] [Worker-Main-18/INFO] (Minecraft) [STDOUT]: [Mixin] buildSurface skipped chunk(-25,-9)
[21:17:47] [Worker-Main-20/INFO] (Minecraft) [STDOUT]: [Mixin] buildSurface skipped chunk(-29,-9)
[21:17:47] [Worker-Main-18/INFO] (Minecraft) [STDOUT]: [Mixin] buildSurface skipped chunk(-29,-10)
[21:17:47] [Worker-Main-15/INFO] (Minecraft) [STDOUT]: [Mixin] buildSurface skipped chunk(-26,-9)
[21:17:47] [Worker-Main-3/INFO] (Minecraft) [STDOUT]: [Mixin] buildSurface skipped chunk(-29,-11)
[21:17:47] [Worker-Main-15/INFO] (Minecraft) [STDOUT]: [Mixin] populateNoise intercepted chunk(-24,-9)
[21:17:47] [Worker-Main-18/INFO] (Minecraft) [STDOUT]: [Mixin] buildSurface skipped chunk(-24,-13)
[21:17:47] [Worker-Main-1/INFO] (Minecraft) [STDOUT]: [Mixin] buildSurface skipped chunk(-24,-12)
[21:17:47] [Worker-Main-14/INFO] (Minecraft) [STDOUT]: [Mixin] buildSurface skipped chunk(-24,-11)
[21:17:47] [Worker-Main-1/INFO] (Minecraft) [STDOUT]: [Mixin] buildSurface skipped chunk(-24,-10)
[21:17:48] [Worker-Main-6/INFO] (Minecraft) [STDOUT]: [Mixin] populateNoise intercepted chunk(-30,-11)
[21:17:48] [Worker-Main-21/INFO] (Minecraft) [STDOUT]: [Mixin] populateNoise intercepted chunk(-30,-10)
[21:17:48] [Worker-Main-15/INFO] (Minecraft) [STDOUT]: [Mixin] populateNoise intercepted chunk(-30,-9)
[21:17:48] [Worker-Main-6/INFO] (Minecraft) [STDOUT]: [Mixin] populateNoise intercepted chunk(-31,-11)
[21:17:48] [Worker-Main-7/INFO] (Minecraft) [STDOUT]: [Mixin] populateNoise intercepted chunk(-32,-11)
[21:17:48] [Worker-Main-14/INFO] (Minecraft) [STDOUT]: [Mixin] buildSurface skipped chunk(-24,-9)
[21:17:48] [Worker-Main-1/INFO] (Minecraft) [STDOUT]: [Mixin] populateNoise intercepted chunk(-24,-8)
[21:17:48] [Worker-Main-8/INFO] (Minecraft) [STDOUT]: [Mixin] populateNoise intercepted chunk(-25,-8)
[21:17:48] [Worker-Main-22/INFO] (Minecraft) [STDOUT]: [Mixin] populateNoise intercepted chunk(-26,-8)
[21:17:48] [Worker-Main-19/INFO] (Minecraft) [STDOUT]: [Mixin] populateNoise intercepted chunk(-31,-10)
[21:17:48] [Worker-Main-5/INFO] (Minecraft) [STDOUT]: [Mixin] populateNoise intercepted chunk(-32,-10)
[21:17:48] [Worker-Main-18/INFO] (Minecraft) [STDOUT]: [Mixin] populateNoise intercepted chunk(-28,-8)
[21:17:48] [Worker-Main-14/INFO] (Minecraft) [STDOUT]: [Mixin] populateNoise intercepted chunk(-27,-8)
[21:17:48] [Worker-Main-20/INFO] (Minecraft) [STDOUT]: [Mixin] populateNoise intercepted chunk(-29,-8)
[21:17:48] [Worker-Main-2/INFO] (Minecraft) [STDOUT]: [Mixin] populateNoise intercepted chunk(-30,-8)
[21:17:48] [Worker-Main-9/INFO] (Minecraft) [STDOUT]: [Mixin] populateNoise intercepted chunk(-31,-9)
[21:17:48] [Worker-Main-3/INFO] (Minecraft) [STDOUT]: [Mixin] populateNoise intercepted chunk(-31,-8)
[21:17:48] [Worker-Main-10/INFO] (Minecraft) [STDOUT]: [Mixin] populateNoise intercepted chunk(-33,-11)
[21:17:48] [Worker-Main-17/INFO] (Minecraft) [STDOUT]: [Mixin] populateNoise intercepted chunk(-33,-10)
[21:17:48] [Worker-Main-13/INFO] (Minecraft) [STDOUT]: [Mixin] populateNoise intercepted chunk(-32,-9)
[21:17:48] [Worker-Main-12/INFO] (Minecraft) [STDOUT]: [Mixin] populateNoise intercepted chunk(-33,-9)
[21:17:48] [Worker-Main-23/INFO] (Minecraft) [STDOUT]: [Mixin] populateNoise intercepted chunk(-32,-8)
[21:17:48] [Worker-Main-16/INFO] (Minecraft) [STDOUT]: [Mixin] populateNoise intercepted chunk(-17,-15)
[21:17:48] [Worker-Main-4/INFO] (Minecraft) [STDOUT]: [Mixin] populateNoise intercepted chunk(-16,-15)
[21:17:48] [Worker-Main-11/INFO] (Minecraft) [STDOUT]: [Mixin] buildSurface skipped chunk(-30,-11)
[21:17:48] [Worker-Main-11/INFO] (Minecraft) [STDOUT]: [Mixin] buildSurface skipped chunk(-31,-11)
[21:17:48] [Worker-Main-21/INFO] (Minecraft) [STDOUT]: [Mixin] buildSurface skipped chunk(-30,-10)
[21:17:48] [Worker-Main-6/INFO] (Minecraft) [STDOUT]: [Mixin] buildSurface skipped chunk(-32,-11)
[21:17:48] [Worker-Main-11/INFO] (Minecraft) [STDOUT]: [Mixin] buildSurface skipped chunk(-30,-9)
[21:17:48] [Worker-Main-6/INFO] (Minecraft) [STDOUT]: [Mixin] populateNoise intercepted chunk(-15,-15)
[21:17:48] [Worker-Main-15/INFO] (Minecraft) [STDOUT]: [Mixin] buildSurface skipped chunk(-31,-10)
[21:17:48] [Worker-Main-1/INFO] (Minecraft) [STDOUT]: [Mixin] buildSurface skipped chunk(-32,-10)
[21:17:48] [Worker-Main-9/INFO] (Minecraft) [STDOUT]: [Mixin] buildSurface skipped chunk(-31,-9)
[21:17:48] [Worker-Main-3/INFO] (Minecraft) [STDOUT]: [Mixin] buildSurface skipped chunk(-32,-9)
[21:17:48] [Worker-Main-2/INFO] (Minecraft) [STDOUT]: [Mixin] buildSurface skipped chunk(-32,-8)
[21:17:48] [Worker-Main-2/INFO] (Minecraft) [STDOUT]: [Mixin] buildSurface skipped chunk(-31,-8)
[21:17:48] [Worker-Main-8/INFO] (Minecraft) [STDOUT]: [Mixin] buildSurface skipped chunk(-30,-8)
[21:17:48] [Worker-Main-13/INFO] (Minecraft) [STDOUT]: [Mixin] buildSurface skipped chunk(-28,-8)
[21:17:48] [Worker-Main-2/INFO] (Minecraft) [STDOUT]: [Mixin] buildSurface skipped chunk(-29,-8)
[21:17:48] [Worker-Main-2/INFO] (Minecraft) [STDOUT]: [Mixin] buildSurface skipped chunk(-24,-8)
[21:17:48] [Worker-Main-13/INFO] (Minecraft) [STDOUT]: [Mixin] populateNoise intercepted chunk(-33,-8)
[21:17:48] [Worker-Main-8/INFO] (Minecraft) [STDOUT]: [Mixin] buildSurface skipped chunk(-26,-8)
[21:17:48] [Worker-Main-8/INFO] (Minecraft) [STDOUT]: [Mixin] buildSurface skipped chunk(-33,-10)
[21:17:48] [Worker-Main-3/INFO] (Minecraft) [STDOUT]: [Mixin] buildSurface skipped chunk(-33,-11)
[21:17:48] [Worker-Main-16/INFO] (Minecraft) [STDOUT]: [Mixin] buildSurface skipped chunk(-25,-8)
[21:17:48] [Worker-Main-8/INFO] (Minecraft) [STDOUT]: [Mixin] buildSurface skipped chunk(-27,-8)
[21:17:48] [Worker-Main-8/INFO] (Minecraft) [STDOUT]: [Mixin] buildSurface skipped chunk(-33,-9)
[21:17:48] [Worker-Main-6/INFO] (Minecraft) [STDOUT]: [Mixin] populateNoise intercepted chunk(-34,-22)
[21:17:48] [Worker-Main-10/INFO] (Minecraft) [STDOUT]: [Mixin] buildSurface skipped chunk(-17,-15)
[21:17:48] [Worker-Main-3/INFO] (Minecraft) [STDOUT]: [Mixin] buildSurface skipped chunk(-16,-15)
[21:17:48] [Worker-Main-3/INFO] (Minecraft) [STDOUT]: [Mixin] buildSurface skipped chunk(-15,-15)
[21:17:48] [Worker-Main-9/INFO] (Minecraft) [STDOUT]: [Mixin] populateNoise intercepted chunk(-34,-21)
[21:17:48] [Worker-Main-8/INFO] (Minecraft) [STDOUT]: [Mixin] buildSurface skipped chunk(-33,-8)
[21:17:48] [Worker-Main-18/INFO] (Minecraft) [STDOUT]: [Mixin] populateNoise intercepted chunk(-30,-7)
[21:17:48] [Worker-Main-19/INFO] (Minecraft) [STDOUT]: [Mixin] populateNoise intercepted chunk(-31,-7)
[21:17:48] [Worker-Main-7/INFO] (Minecraft) [STDOUT]: [Mixin] populateNoise intercepted chunk(-32,-7)
[21:17:48] [Worker-Main-3/INFO] (Minecraft) [STDOUT]: [Mixin] populateNoise intercepted chunk(-30,-6)
[21:17:48] [Worker-Main-15/INFO] (Minecraft) [STDOUT]: [Mixin] populateNoise intercepted chunk(-31,-6)
[21:17:48] [Worker-Main-23/INFO] (Minecraft) [STDOUT]: [Mixin] populateNoise intercepted chunk(-33,-7)
[21:17:48] [Worker-Main-22/INFO] (Minecraft) [STDOUT]: [Mixin] populateNoise intercepted chunk(-29,-7)
[21:17:48] [Worker-Main-14/INFO] (Minecraft) [STDOUT]: [Mixin] populateNoise intercepted chunk(-29,-6)
[21:17:48] [Worker-Main-8/INFO] (Minecraft) [STDOUT]: [Mixin] populateNoise intercepted chunk(-31,-5)
[21:17:48] [Worker-Main-2/INFO] (Minecraft) [STDOUT]: [Mixin] populateNoise intercepted chunk(-30,-5)
[21:17:48] [Worker-Main-4/INFO] (Minecraft) [STDOUT]: [Mixin] populateNoise intercepted chunk(-29,-5)
[21:17:48] [Worker-Main-5/INFO] (Minecraft) [STDOUT]: [Mixin] populateNoise intercepted chunk(-32,-6)
[21:17:48] [Worker-Main-21/INFO] (Minecraft) [STDOUT]: [Mixin] populateNoise intercepted chunk(-32,-5)
[21:17:48] [Worker-Main-11/INFO] (Minecraft) [STDOUT]: [Mixin] populateNoise intercepted chunk(-31,-4)
[21:17:48] [Worker-Main-12/INFO] (Minecraft) [STDOUT]: [Mixin] populateNoise intercepted chunk(-32,-4)
[21:17:48] [Worker-Main-20/INFO] (Minecraft) [STDOUT]: [Mixin] populateNoise intercepted chunk(-31,-3)
[21:17:48] [Worker-Main-16/INFO] (Minecraft) [STDOUT]: [Mixin] populateNoise intercepted chunk(-33,-6)
[21:17:48] [Worker-Main-1/INFO] (Minecraft) [STDOUT]: [Mixin] populateNoise intercepted chunk(-32,-3)
[21:17:48] [Worker-Main-17/INFO] (Minecraft) [STDOUT]: [Mixin] populateNoise intercepted chunk(-28,-7)
[21:17:48] [Worker-Main-10/INFO] (Minecraft) [STDOUT]: [Mixin] populateNoise intercepted chunk(-28,-6)
[21:17:48] [Worker-Main-13/INFO] (Minecraft) [STDOUT]: [Mixin] populateNoise intercepted chunk(-28,-5)
[21:17:48] [Worker-Main-6/INFO] (Minecraft) [STDOUT]: [Mixin] buildSurface skipped chunk(-34,-22)
[21:17:48] [Worker-Main-6/INFO] (Minecraft) [STDOUT]: [Mixin] populateNoise intercepted chunk(-30,-4)
[21:17:48] [Worker-Main-9/INFO] (Minecraft) [STDOUT]: [Mixin] buildSurface skipped chunk(-34,-21)
[21:17:48] [Worker-Main-9/INFO] (Minecraft) [STDOUT]: [Mixin] buildSurface skipped chunk(-32,-7)
[21:17:48] [Worker-Main-9/INFO] (Minecraft) [STDOUT]: [Mixin] buildSurface skipped chunk(-30,-6)
[21:17:48] [Worker-Main-2/INFO] (Minecraft) [STDOUT]: [Mixin] buildSurface skipped chunk(-30,-5)
[21:17:48] [Worker-Main-9/INFO] (Minecraft) [STDOUT]: [Mixin] buildSurface skipped chunk(-29,-7)
[21:17:48] [Worker-Main-22/INFO] (Minecraft) [STDOUT]: [Mixin] populateNoise intercepted chunk(-29,-4)
[21:17:48] [Worker-Main-22/INFO] (Minecraft) [STDOUT]: [Mixin] populateNoise intercepted chunk(-28,-4)
[21:17:48] [Worker-Main-7/INFO] (Minecraft) [STDOUT]: [Mixin] populateNoise intercepted chunk(-33,-5)
[21:17:48] [Worker-Main-5/INFO] (Minecraft) [STDOUT]: [Mixin] buildSurface skipped chunk(-32,-6)
[21:17:48] [Worker-Main-5/INFO] (Minecraft) [STDOUT]: [Mixin] buildSurface skipped chunk(-31,-7)
[21:17:48] [Worker-Main-3/INFO] (Minecraft) [STDOUT]: [Mixin] populateNoise intercepted chunk(-33,-4)
[21:17:48] [Worker-Main-5/INFO] (Minecraft) [STDOUT]: [Mixin] populateNoise intercepted chunk(-33,-3)
[21:17:48] [Worker-Main-18/INFO] (Minecraft) [STDOUT]: [Mixin] buildSurface skipped chunk(-30,-7)
[21:17:48] [Worker-Main-18/INFO] (Minecraft) [STDOUT]: [Mixin] buildSurface skipped chunk(-31,-5)
[21:17:48] [Worker-Main-15/INFO] (Minecraft) [STDOUT]: [Mixin] buildSurface skipped chunk(-32,-5)
[21:17:48] [Worker-Main-21/INFO] (Minecraft) [STDOUT]: [Mixin] buildSurface skipped chunk(-32,-4)
[21:17:48] [Worker-Main-14/INFO] (Minecraft) [STDOUT]: [Mixin] buildSurface skipped chunk(-31,-6)
[21:17:48] [Worker-Main-14/INFO] (Minecraft) [STDOUT]: [Mixin] buildSurface skipped chunk(-29,-5)
[21:17:48] [Worker-Main-20/INFO] (Minecraft) [STDOUT]: [Mixin] buildSurface skipped chunk(-31,-4)
[21:17:48] [Worker-Main-21/INFO] (Minecraft) [STDOUT]: [Mixin] buildSurface skipped chunk(-29,-6)
[21:17:48] [Worker-Main-21/INFO] (Minecraft) [STDOUT]: [Mixin] buildSurface skipped chunk(-31,-3)
[21:17:48] [Worker-Main-1/INFO] (Minecraft) [STDOUT]: [Mixin] buildSurface skipped chunk(-32,-3)
[21:17:48] [Worker-Main-15/INFO] (Minecraft) [STDOUT]: [Mixin] populateNoise intercepted chunk(-30,-3)
[21:17:48] [Worker-Main-16/INFO] (Minecraft) [STDOUT]: [Mixin] buildSurface skipped chunk(-33,-7)
[21:17:48] [Worker-Main-12/INFO] (Minecraft) [STDOUT]: [Mixin] buildSurface skipped chunk(-33,-6)
[21:17:48] [Worker-Main-16/INFO] (Minecraft) [STDOUT]: [Mixin] populateNoise intercepted chunk(-32,-2)
[21:17:48] [Worker-Main-13/INFO] (Minecraft) [STDOUT]: [Mixin] buildSurface skipped chunk(-28,-7)
[21:17:48] [Worker-Main-4/INFO] (Minecraft) [STDOUT]: [Mixin] populateNoise intercepted chunk(-31,-2)
[21:17:48] [Worker-Main-10/INFO] (Minecraft) [STDOUT]: [Mixin] populateNoise intercepted chunk(-30,-2)
[21:17:48] [Worker-Main-6/INFO] (Minecraft) [STDOUT]: [Mixin] buildSurface skipped chunk(-28,-5)
[21:17:48] [Worker-Main-11/INFO] (Minecraft) [STDOUT]: [Mixin] buildSurface skipped chunk(-28,-6)
[21:17:48] [Worker-Main-13/INFO] (Minecraft) [STDOUT]: [Mixin] buildSurface skipped chunk(-30,-4)
[21:17:48] [Worker-Main-11/INFO] (Minecraft) [STDOUT]: [Mixin] buildSurface skipped chunk(-29,-4)
[21:17:48] [Worker-Main-22/INFO] (Minecraft) [STDOUT]: [Mixin] buildSurface skipped chunk(-33,-5)
[21:17:48] [Worker-Main-9/INFO] (Minecraft) [STDOUT]: [Mixin] buildSurface skipped chunk(-33,-4)
[21:17:48] [Worker-Main-11/INFO] (Minecraft) [STDOUT]: [Mixin] buildSurface skipped chunk(-28,-4)
[21:17:48] [Worker-Main-18/INFO] (Minecraft) [STDOUT]: [Mixin] buildSurface skipped chunk(-33,-3)
[21:17:48] [Worker-Main-21/INFO] (Minecraft) [STDOUT]: [Mixin] populateNoise intercepted chunk(-30,-1)
[21:17:48] [Worker-Main-8/INFO] (Minecraft) [STDOUT]: [Mixin] populateNoise intercepted chunk(-32,-1)
[21:17:48] [Worker-Main-18/INFO] (Minecraft) [STDOUT]: [Mixin] populateNoise intercepted chunk(-31,-1)
[21:17:48] [Worker-Main-19/INFO] (Minecraft) [STDOUT]: [Mixin] populateNoise intercepted chunk(-29,-3)
[21:17:48] [Worker-Main-13/INFO] (Minecraft) [STDOUT]: [Mixin] populateNoise intercepted chunk(-29,-2)
[21:17:48] [Worker-Main-12/INFO] (Minecraft) [STDOUT]: [Mixin] populateNoise intercepted chunk(-29,-1)
[21:17:48] [Worker-Main-23/INFO] (Minecraft) [STDOUT]: [Mixin] populateNoise intercepted chunk(-33,-2)
[21:17:48] [Worker-Main-2/INFO] (Minecraft) [STDOUT]: [Mixin] populateNoise intercepted chunk(-33,-1)
[21:17:48] [Worker-Main-17/INFO] (Minecraft) [STDOUT]: [Mixin] buildSurface skipped chunk(-30,-3)
[21:17:48] [Worker-Main-17/INFO] (Minecraft) [STDOUT]: [Mixin] buildSurface skipped chunk(-32,-2)
[21:17:48] [Worker-Main-3/INFO] (Minecraft) [STDOUT]: [Mixin] populateNoise intercepted chunk(-33,0)
[21:17:48] [Worker-Main-11/INFO] (Minecraft) [STDOUT]: [Mixin] populateNoise intercepted chunk(-29,0)
[21:17:48] [Worker-Main-5/INFO] (Minecraft) [STDOUT]: [Mixin] populateNoise intercepted chunk(-32,0)
[21:17:48] [Worker-Main-22/INFO] (Minecraft) [STDOUT]: [Mixin] populateNoise intercepted chunk(-31,0)
[21:17:48] [Worker-Main-17/INFO] (Minecraft) [STDOUT]: [Mixin] populateNoise intercepted chunk(-30,0)
[21:17:48] [Worker-Main-17/INFO] (Minecraft) [STDOUT]: [Mixin] populateNoise intercepted chunk(-28,-3)
[21:17:48] [Worker-Main-16/INFO] (Minecraft) [STDOUT]: [Mixin] populateNoise intercepted chunk(-28,-2)
[21:17:48] [Worker-Main-16/INFO] (Minecraft) [STDOUT]: [Mixin] populateNoise intercepted chunk(-28,0)
[21:17:48] [Worker-Main-9/INFO] (Minecraft) [STDOUT]: [Mixin] populateNoise intercepted chunk(-28,-1)
[21:17:48] [Worker-Main-1/INFO] (Minecraft) [STDOUT]: [Mixin] populateNoise intercepted chunk(-34,-20)
[21:17:48] [Worker-Main-6/INFO] (Minecraft) [STDOUT]: [Mixin] populateNoise intercepted chunk(-34,-19)
[21:17:48] [Worker-Main-20/INFO] (Minecraft) [STDOUT]: [Mixin] populateNoise intercepted chunk(-34,-18)
[21:17:48] [Worker-Main-20/INFO] (Minecraft) [STDOUT]: [Mixin] populateNoise intercepted chunk(-34,-17)
[21:17:48] [Worker-Main-10/INFO] (Minecraft) [STDOUT]: [Mixin] buildSurface skipped chunk(-30,-2)
[21:17:48] [Worker-Main-10/INFO] (Minecraft) [STDOUT]: [Mixin] buildSurface skipped chunk(-31,-2)
[21:17:48] [Worker-Main-10/INFO] (Minecraft) [STDOUT]: [Mixin] populateNoise intercepted chunk(-34,-16)
[21:17:48] [Worker-Main-4/INFO] (Minecraft) [STDOUT]: [Mixin] populateNoise intercepted chunk(-34,-15)
[21:17:48] [Worker-Main-8/INFO] (Minecraft) [STDOUT]: [Mixin] buildSurface skipped chunk(-32,-1)
[21:17:48] [Worker-Main-8/INFO] (Minecraft) [STDOUT]: [Mixin] buildSurface skipped chunk(-29,-3)
[21:17:48] [Worker-Main-13/INFO] (Minecraft) [STDOUT]: [Mixin] buildSurface skipped chunk(-29,-2)
[21:17:48] [Worker-Main-8/INFO] (Minecraft) [STDOUT]: [Mixin] buildSurface skipped chunk(-33,-2)
[21:17:48] [Worker-Main-2/INFO] (Minecraft) [STDOUT]: [Mixin] buildSurface skipped chunk(-31,-1)
[21:17:48] [Worker-Main-18/INFO] (Minecraft) [STDOUT]: [Mixin] buildSurface skipped chunk(-33,-1)
[21:17:48] [Worker-Main-18/INFO] (Minecraft) [STDOUT]: [Mixin] buildSurface skipped chunk(-29,-1)
[21:17:48] [Worker-Main-23/INFO] (Minecraft) [STDOUT]: [Mixin] buildSurface skipped chunk(-30,-1)
[21:17:48] [Worker-Main-23/INFO] (Minecraft) [STDOUT]: [Mixin] buildSurface skipped chunk(-28,-3)
[21:17:48] [Worker-Main-23/INFO] (Minecraft) [STDOUT]: [Mixin] buildSurface skipped chunk(-28,-2)
[21:17:48] [Worker-Main-3/INFO] (Minecraft) [STDOUT]: [Mixin] buildSurface skipped chunk(-28,-1)
[21:17:48] [Worker-Main-17/INFO] (Minecraft) [STDOUT]: [Mixin] buildSurface skipped chunk(-33,0)
[21:17:48] [Worker-Main-3/INFO] (Minecraft) [STDOUT]: [Mixin] buildSurface skipped chunk(-30,0)
[21:17:48] [Worker-Main-20/INFO] (Minecraft) [STDOUT]: [CHUNKTIME] n=512 perChunk(ms): mixin=96.44 gap=79.92 | sumMixin=49.4s sumGap=40.9s | inflight max=23 now=7
[21:17:48] [Worker-Main-10/INFO] (Minecraft) [STDOUT]: [Mixin] buildSurface skipped chunk(-31,0)
[21:17:48] [Worker-Main-10/INFO] (Minecraft) [STDOUT]: [Mixin] buildSurface skipped chunk(-32,0)
[21:17:48] [Worker-Main-4/INFO] (Minecraft) [STDOUT]: [Mixin] buildSurface skipped chunk(-29,0)
[21:17:48] [Worker-Main-18/INFO] (Minecraft) [STDOUT]: [Mixin] buildSurface skipped chunk(-28,0)
[21:17:48] [Worker-Main-11/INFO] (Minecraft) [STDOUT]: [Mixin] buildSurface skipped chunk(-34,-19)
[21:17:48] [Worker-Main-1/INFO] (Minecraft) [STDOUT]: [Mixin] buildSurface skipped chunk(-34,-18)
[21:17:48] [Worker-Main-20/INFO] (Minecraft) [STDOUT]: [Mixin] buildSurface skipped chunk(-34,-17)
[21:17:48] [Worker-Main-20/INFO] (Minecraft) [STDOUT]: [Mixin] buildSurface skipped chunk(-34,-20)
[21:17:48] [Worker-Main-20/INFO] (Minecraft) [STDOUT]: [Mixin] buildSurface skipped chunk(-34,-15)
[21:17:48] [Worker-Main-20/INFO] (Minecraft) [STDOUT]: [Mixin] buildSurface skipped chunk(-34,-16)
[21:17:48] [Worker-Main-23/INFO] (Minecraft) [STDOUT]: [Mixin] populateNoise intercepted chunk(-27,-7)
[21:17:48] [Worker-Main-14/INFO] (Minecraft) [STDOUT]: [Mixin] populateNoise intercepted chunk(-27,-6)
[21:17:48] [Worker-Main-11/INFO] (Minecraft) [STDOUT]: [Mixin] populateNoise intercepted chunk(-27,-4)
[21:17:48] [Worker-Main-20/INFO] (Minecraft) [STDOUT]: [Mixin] populateNoise intercepted chunk(-27,-3)
[21:17:48] [Worker-Main-14/INFO] (Minecraft) [STDOUT]: [Mixin] populateNoise intercepted chunk(-27,-5)
[21:17:48] [Worker-Main-13/INFO] (Minecraft) [STDOUT]: [Mixin] populateNoise intercepted chunk(-26,-7)
[21:17:48] [Worker-Main-17/INFO] (Minecraft) [STDOUT]: [Mixin] populateNoise intercepted chunk(-27,-2)
[21:17:48] [Worker-Main-8/INFO] (Minecraft) [STDOUT]: [Mixin] populateNoise intercepted chunk(-27,-1)
[21:17:48] [Worker-Main-22/INFO] (Minecraft) [STDOUT]: [Mixin] populateNoise intercepted chunk(-26,-2)
[21:17:48] [Worker-Main-6/INFO] (Minecraft) [STDOUT]: [Mixin] populateNoise intercepted chunk(-26,-1)
[21:17:48] [Worker-Main-1/INFO] (Minecraft) [STDOUT]: [Mixin] populateNoise intercepted chunk(-25,-2)
[21:17:48] [Worker-Main-12/INFO] (Minecraft) [STDOUT]: [Mixin] populateNoise intercepted chunk(-25,-1)
[21:17:48] [Worker-Main-7/INFO] (Minecraft) [STDOUT]: [Mixin] populateNoise intercepted chunk(-26,-5)
[21:17:48] [Worker-Main-2/INFO] (Minecraft) [STDOUT]: [Mixin] populateNoise intercepted chunk(-26,-4)
[21:17:48] [Worker-Main-16/INFO] (Minecraft) [STDOUT]: [Mixin] populateNoise intercepted chunk(-26,-3)
[21:17:48] [Worker-Main-10/INFO] (Minecraft) [STDOUT]: [Mixin] populateNoise intercepted chunk(-25,-3)
[21:17:48] [Worker-Main-15/INFO] (Minecraft) [STDOUT]: [Mixin] populateNoise intercepted chunk(-27,0)
[21:17:48] [Worker-Main-18/INFO] (Minecraft) [STDOUT]: [Mixin] populateNoise intercepted chunk(-26,0)
[21:17:48] [Worker-Main-21/INFO] (Minecraft) [STDOUT]: [Mixin] populateNoise intercepted chunk(-25,0)
[21:17:48] [Worker-Main-19/INFO] (Minecraft) [STDOUT]: [Mixin] populateNoise intercepted chunk(-26,-6)
[21:17:48] [Worker-Main-3/INFO] (Minecraft) [STDOUT]: [Mixin] populateNoise intercepted chunk(-25,-4)
[21:17:48] [Worker-Main-4/INFO] (Minecraft) [STDOUT]: [Mixin] populateNoise intercepted chunk(-25,-7)
[21:17:48] [Worker-Main-9/INFO] (Minecraft) [STDOUT]: [Mixin] populateNoise intercepted chunk(-25,-6)
[21:17:48] [Worker-Main-11/INFO] (Minecraft) [STDOUT]: [Mixin] buildSurface skipped chunk(-27,-4)
[21:17:48] [Worker-Main-11/INFO] (Minecraft) [STDOUT]: [Mixin] populateNoise intercepted chunk(-25,-5)
[21:17:48] [Worker-Main-23/INFO] (Minecraft) [STDOUT]: [Mixin] buildSurface skipped chunk(-27,-6)
[21:17:48] [Worker-Main-23/INFO] (Minecraft) [STDOUT]: [Mixin] buildSurface skipped chunk(-27,-3)
[21:17:48] [Worker-Main-23/INFO] (Minecraft) [STDOUT]: [Mixin] populateNoise intercepted chunk(-24,0)
[21:17:48] [Worker-Main-20/INFO] (Minecraft) [STDOUT]: [Mixin] populateNoise intercepted chunk(-24,-1)
[21:17:48] [Worker-Main-5/INFO] (Minecraft) [STDOUT]: [Mixin] populateNoise intercepted chunk(-24,-2)
[21:17:48] [Worker-Main-13/INFO] (Minecraft) [STDOUT]: [Mixin] populateNoise intercepted chunk(-24,-3)
[21:17:48] [Worker-Main-14/INFO] (Minecraft) [STDOUT]: [Mixin] buildSurface skipped chunk(-27,-5)
[21:17:48] [Worker-Main-14/INFO] (Minecraft) [STDOUT]: [Mixin] buildSurface skipped chunk(-27,-2)
[21:17:48] [Worker-Main-8/INFO] (Minecraft) [STDOUT]: [Mixin] buildSurface skipped chunk(-27,-1)
[21:17:48] [Worker-Main-10/INFO] (Minecraft) [STDOUT]: [Mixin] buildSurface skipped chunk(-25,-2)
[21:17:48] [Worker-Main-8/INFO] (Minecraft) [STDOUT]: [Mixin] buildSurface skipped chunk(-26,-1)
[21:17:48] [Worker-Main-1/INFO] (Minecraft) [STDOUT]: [Mixin] buildSurface skipped chunk(-26,-2)
[21:17:48] [Worker-Main-1/INFO] (Minecraft) [STDOUT]: [Mixin] buildSurface skipped chunk(-25,-1)
[21:17:48] [Worker-Main-4/INFO] (Minecraft) [STDOUT]: [Mixin] buildSurface skipped chunk(-26,-3)
[21:17:48] [Worker-Main-21/INFO] (Minecraft) [STDOUT]: [Mixin] buildSurface skipped chunk(-25,-3)
[21:17:48] [Worker-Main-16/INFO] (Minecraft) [STDOUT]: [Mixin] buildSurface skipped chunk(-27,0)
[21:17:48] [Worker-Main-16/INFO] (Minecraft) [STDOUT]: [Mixin] buildSurface skipped chunk(-26,0)
[21:17:48] [Worker-Main-16/INFO] (Minecraft) [STDOUT]: [Mixin] buildSurface skipped chunk(-25,0)
[21:17:48] [Worker-Main-4/INFO] (Minecraft) [STDOUT]: [Mixin] buildSurface skipped chunk(-25,-4)
[21:17:48] [Worker-Main-4/INFO] (Minecraft) [STDOUT]: [Mixin] buildSurface skipped chunk(-26,-5)
[21:17:48] [Worker-Main-4/INFO] (Minecraft) [STDOUT]: [Mixin] buildSurface skipped chunk(-27,-7)
[21:17:48] [Worker-Main-4/INFO] (Minecraft) [STDOUT]: [Mixin] buildSurface skipped chunk(-26,-4)
[21:17:48] [Worker-Main-11/INFO] (Minecraft) [STDOUT]: [Mixin] buildSurface skipped chunk(-25,-5)
[21:17:48] [Worker-Main-4/INFO] (Minecraft) [STDOUT]: [Mixin] buildSurface skipped chunk(-24,-3)
[21:17:48] [Worker-Main-4/INFO] (Minecraft) [STDOUT]: [Mixin] buildSurface skipped chunk(-24,-1)
[21:17:48] [Worker-Main-11/INFO] (Minecraft) [STDOUT]: [Mixin] buildSurface skipped chunk(-24,-2)
[21:17:48] [Worker-Main-15/INFO] (Minecraft) [STDOUT]: [Mixin] buildSurface skipped chunk(-26,-7)
[21:17:48] [Worker-Main-15/INFO] (Minecraft) [STDOUT]: [Mixin] buildSurface skipped chunk(-25,-6)
[21:17:48] [Worker-Main-20/INFO] (Minecraft) [STDOUT]: [Mixin] buildSurface skipped chunk(-26,-6)
[21:17:48] [Worker-Main-13/INFO] (Minecraft) [STDOUT]: [Mixin] buildSurface skipped chunk(-25,-7)
[21:17:48] [Worker-Main-23/INFO] (Minecraft) [STDOUT]: [Mixin] buildSurface skipped chunk(-24,0)
[21:17:48] [Worker-Main-7/INFO] (Minecraft) [STDOUT]: [Mixin] populateNoise intercepted chunk(-24,-4)
[21:17:48] [Worker-Main-12/INFO] (Minecraft) [STDOUT]: [Mixin] populateNoise intercepted chunk(-24,-7)
[21:17:48] [Worker-Main-18/INFO] (Minecraft) [STDOUT]: [Mixin] populateNoise intercepted chunk(-24,-5)
[21:17:48] [Worker-Main-5/INFO] (Minecraft) [STDOUT]: [Mixin] populateNoise intercepted chunk(-24,-6)
[21:17:48] [Worker-Main-15/INFO] (Minecraft) [STDOUT]: [Mixin] populateNoise intercepted chunk(-23,-14)
[21:17:48] [Worker-Main-11/INFO] (Minecraft) [STDOUT]: [Mixin] populateNoise intercepted chunk(-23,-13)
[21:17:48] [Worker-Main-19/INFO] (Minecraft) [STDOUT]: [Mixin] populateNoise intercepted chunk(-34,-11)
[21:17:48] [Worker-Main-8/INFO] (Minecraft) [STDOUT]: [Mixin] populateNoise intercepted chunk(-23,-12)
[21:17:48] [Worker-Main-17/INFO] (Minecraft) [STDOUT]: [Mixin] populateNoise intercepted chunk(-23,-11)
[21:17:48] [Worker-Main-16/INFO] (Minecraft) [STDOUT]: [Mixin] populateNoise intercepted chunk(-23,-10)
[21:17:48] [Worker-Main-11/INFO] (Minecraft) [STDOUT]: [Mixin] populateNoise intercepted chunk(-23,-9)
[21:17:48] [Worker-Main-20/INFO] (Minecraft) [STDOUT]: [Mixin] populateNoise intercepted chunk(-23,-8)
[21:17:48] [Worker-Main-3/INFO] (Minecraft) [STDOUT]: [Mixin] populateNoise intercepted chunk(-23,-7)
[21:17:48] [Worker-Main-1/INFO] (Minecraft) [STDOUT]: [Mixin] populateNoise intercepted chunk(-34,-14)
[21:17:48] [Worker-Main-23/INFO] (Minecraft) [STDOUT]: [Mixin] populateNoise intercepted chunk(-34,-13)
[21:17:48] [Worker-Main-14/INFO] (Minecraft) [STDOUT]: [Mixin] populateNoise intercepted chunk(-34,-10)
[21:17:48] [Worker-Main-2/INFO] (Minecraft) [STDOUT]: [Mixin] populateNoise intercepted chunk(-34,-12)
[21:17:48] [Worker-Main-9/INFO] (Minecraft) [STDOUT]: [Mixin] populateNoise intercepted chunk(-34,-9)
[21:17:48] [Worker-Main-21/INFO] (Minecraft) [STDOUT]: [Mixin] populateNoise intercepted chunk(-34,-8)
[21:17:48] [Worker-Main-22/INFO] (Minecraft) [STDOUT]: [Mixin] populateNoise intercepted chunk(-34,-7)
[21:17:48] [Worker-Main-13/INFO] (Minecraft) [STDOUT]: [Mixin] populateNoise intercepted chunk(-34,-6)
[21:17:48] [Worker-Main-6/INFO] (Minecraft) [STDOUT]: [Mixin] populateNoise intercepted chunk(-34,-5)
[21:17:48] [Worker-Main-10/INFO] (Minecraft) [STDOUT]: [Mixin] populateNoise intercepted chunk(-34,-4)
[21:17:48] [Worker-Main-5/INFO] (Minecraft) [STDOUT]: [Mixin] buildSurface skipped chunk(-24,-6)
[21:17:48] [Worker-Main-7/INFO] (Minecraft) [STDOUT]: [Mixin] buildSurface skipped chunk(-24,-7)
[21:17:48] [Worker-Main-3/INFO] (Minecraft) [STDOUT]: [Mixin] buildSurface skipped chunk(-23,-8)
[21:17:48] [Worker-Main-14/INFO] (Minecraft) [STDOUT]: [Mixin] buildSurface skipped chunk(-23,-7)
[21:17:48] [Worker-Main-14/INFO] (Minecraft) [STDOUT]: [Mixin] buildSurface skipped chunk(-24,-4)
[21:17:48] [Worker-Main-19/INFO] (Minecraft) [STDOUT]: [Mixin] buildSurface skipped chunk(-23,-9)
[21:17:48] [Worker-Main-14/INFO] (Minecraft) [STDOUT]: [Mixin] buildSurface skipped chunk(-24,-5)
[21:17:48] [Worker-Main-14/INFO] (Minecraft) [STDOUT]: [Mixin] populateNoise intercepted chunk(-34,-3)
[21:17:48] [Worker-Main-22/INFO] (Minecraft) [STDOUT]: [Mixin] buildSurface skipped chunk(-23,-14)
[21:17:48] [Worker-Main-23/INFO] (Minecraft) [STDOUT]: [Mixin] buildSurface skipped chunk(-34,-11)
[21:17:48] [Worker-Main-18/INFO] (Minecraft) [STDOUT]: [Mixin] buildSurface skipped chunk(-34,-10)
[21:17:48] [Worker-Main-23/INFO] (Minecraft) [STDOUT]: [Mixin] buildSurface skipped chunk(-23,-10)
[21:17:48] [Worker-Main-23/INFO] (Minecraft) [STDOUT]: [Mixin] buildSurface skipped chunk(-34,-14)
[21:17:48] [Worker-Main-22/INFO] (Minecraft) [STDOUT]: [Mixin] buildSurface skipped chunk(-23,-12)
[21:17:48] [Worker-Main-3/INFO] (Minecraft) [STDOUT]: [Mixin] buildSurface skipped chunk(-23,-11)
[21:17:48] [Worker-Main-23/INFO] (Minecraft) [STDOUT]: [Mixin] buildSurface skipped chunk(-23,-13)
[21:17:48] [Worker-Main-22/INFO] (Minecraft) [STDOUT]: [Mixin] buildSurface skipped chunk(-34,-13)
[21:17:48] [Worker-Main-23/INFO] (Minecraft) [STDOUT]: [Mixin] buildSurface skipped chunk(-34,-9)
[21:17:48] [Worker-Main-22/INFO] (Minecraft) [STDOUT]: [Mixin] buildSurface skipped chunk(-34,-5)
[21:17:48] [Worker-Main-3/INFO] (Minecraft) [STDOUT]: [Mixin] buildSurface skipped chunk(-34,-12)
[21:17:48] [Worker-Main-18/INFO] (Minecraft) [STDOUT]: [Mixin] buildSurface skipped chunk(-34,-7)
[21:17:48] [Worker-Main-18/INFO] (Minecraft) [STDOUT]: [Mixin] buildSurface skipped chunk(-34,-6)
[21:17:48] [Worker-Main-23/INFO] (Minecraft) [STDOUT]: [Mixin] buildSurface skipped chunk(-34,-8)
[21:17:49] [Worker-Main-23/INFO] (Minecraft) [STDOUT]: [Mixin] buildSurface skipped chunk(-34,-4)
[21:17:49] [Worker-Main-23/INFO] (Minecraft) [STDOUT]: [Mixin] buildSurface skipped chunk(-34,-3)
[21:17:49] [Worker-Main-10/INFO] (Minecraft) [STDOUT]: [Mixin] populateNoise intercepted chunk(-22,-8)
[21:17:49] [Worker-Main-14/INFO] (Minecraft) [STDOUT]: [Mixin] populateNoise intercepted chunk(-22,-7)
[21:17:49] [Worker-Main-20/INFO] (Minecraft) [STDOUT]: [Mixin] populateNoise intercepted chunk(-23,-6)
[21:17:49] [Worker-Main-16/INFO] (Minecraft) [STDOUT]: [Mixin] populateNoise intercepted chunk(-22,-6)
[21:17:49] [Worker-Main-19/INFO] (Minecraft) [STDOUT]: [Mixin] populateNoise intercepted chunk(-22,-9)
[21:17:49] [Worker-Main-12/INFO] (Minecraft) [STDOUT]: [Mixin] populateNoise intercepted chunk(-21,-8)
[21:17:49] [Worker-Main-4/INFO] (Minecraft) [STDOUT]: [Mixin] populateNoise intercepted chunk(-22,-10)
[21:17:49] [Worker-Main-21/INFO] (Minecraft) [STDOUT]: [Mixin] populateNoise intercepted chunk(-21,-7)
[21:17:49] [Worker-Main-9/INFO] (Minecraft) [STDOUT]: [Mixin] populateNoise intercepted chunk(-21,-6)
[21:17:49] [Worker-Main-1/INFO] (Minecraft) [STDOUT]: [Mixin] populateNoise intercepted chunk(-23,-5)
[21:17:49] [Worker-Main-2/INFO] (Minecraft) [STDOUT]: [Mixin] populateNoise intercepted chunk(-22,-5)
[21:17:49] [Worker-Main-7/INFO] (Minecraft) [STDOUT]: [Mixin] populateNoise intercepted chunk(-21,-5)
[21:17:49] [Worker-Main-17/INFO] (Minecraft) [STDOUT]: [Mixin] populateNoise intercepted chunk(-21,-9)
[21:17:49] [Worker-Main-15/INFO] (Minecraft) [STDOUT]: [Mixin] populateNoise intercepted chunk(-20,-9)
[21:17:49] [Worker-Main-23/INFO] (Minecraft) [STDOUT]: [Mixin] populateNoise intercepted chunk(-20,-8)
[21:17:49] [Worker-Main-6/INFO] (Minecraft) [STDOUT]: [Mixin] populateNoise intercepted chunk(-20,-7)
[21:17:49] [Worker-Main-13/INFO] (Minecraft) [STDOUT]: [Mixin] populateNoise intercepted chunk(-23,-3)
[21:17:49] [Worker-Main-5/INFO] (Minecraft) [STDOUT]: [Mixin] populateNoise intercepted chunk(-23,-4)
[21:17:49] [Worker-Main-3/INFO] (Minecraft) [STDOUT]: [Mixin] populateNoise intercepted chunk(-20,-6)
[21:17:49] [Worker-Main-9/INFO] (Minecraft) [STDOUT]: [Mixin] populateNoise intercepted chunk(-20,-5)
[21:17:49] [Worker-Main-22/INFO] (Minecraft) [STDOUT]: [Mixin] populateNoise intercepted chunk(-22,-4)
[21:17:49] [Worker-Main-11/INFO] (Minecraft) [STDOUT]: [Mixin] populateNoise intercepted chunk(-21,-4)
[21:17:49] [Worker-Main-8/INFO] (Minecraft) [STDOUT]: [Mixin] populateNoise intercepted chunk(-20,-4)
[21:17:49] [Worker-Main-20/INFO] (Minecraft) [STDOUT]: [Mixin] buildSurface skipped chunk(-23,-6)
[21:17:49] [Worker-Main-10/INFO] (Minecraft) [STDOUT]: [Mixin] buildSurface skipped chunk(-22,-8)
[21:17:49] [Worker-Main-10/INFO] (Minecraft) [STDOUT]: [Mixin] populateNoise intercepted chunk(-22,-3)
[21:17:49] [Worker-Main-3/INFO] (Minecraft) [STDOUT]: [Mixin] buildSurface skipped chunk(-22,-9)
[21:17:49] [Worker-Main-3/INFO] (Minecraft) [STDOUT]: [Mixin] buildSurface skipped chunk(-20,-6)
[21:17:49] [Worker-Main-3/INFO] (Minecraft) [STDOUT]: [Mixin] buildSurface skipped chunk(-22,-7)
[21:17:49] [Worker-Main-14/INFO] (Minecraft) [STDOUT]: [Mixin] populateNoise intercepted chunk(-23,-2)
[21:17:49] [Worker-Main-6/INFO] (Minecraft) [STDOUT]: [Mixin] buildSurface skipped chunk(-21,-8)
[21:17:49] [Worker-Main-19/INFO] (Minecraft) [STDOUT]: [Mixin] buildSurface skipped chunk(-22,-5)
[21:17:49] [Worker-Main-16/INFO] (Minecraft) [STDOUT]: [Mixin] buildSurface skipped chunk(-22,-6)
[21:17:49] [Worker-Main-2/INFO] (Minecraft) [STDOUT]: [Mixin] buildSurface skipped chunk(-21,-6)
[21:17:49] [Worker-Main-5/INFO] (Minecraft) [STDOUT]: [Mixin] buildSurface skipped chunk(-23,-3)
[21:17:49] [Worker-Main-5/INFO] (Minecraft) [STDOUT]: [Mixin] buildSurface skipped chunk(-23,-4)
[21:17:49] [Worker-Main-2/INFO] (Minecraft) [STDOUT]: [Mixin] buildSurface skipped chunk(-21,-7)
[21:17:49] [Worker-Main-2/INFO] (Minecraft) [STDOUT]: [Mixin] buildSurface skipped chunk(-21,-5)
[21:17:49] [Worker-Main-15/INFO] (Minecraft) [STDOUT]: [Mixin] buildSurface skipped chunk(-22,-4)
[21:17:49] [Worker-Main-13/INFO] (Minecraft) [STDOUT]: [Mixin] buildSurface skipped chunk(-20,-7)
[21:17:49] [Worker-Main-13/INFO] (Minecraft) [STDOUT]: [Mixin] buildSurface skipped chunk(-20,-8)
[21:17:49] [Worker-Main-2/INFO] (Minecraft) [STDOUT]: [Mixin] buildSurface skipped chunk(-20,-9)
[21:17:49] [Worker-Main-13/INFO] (Minecraft) [STDOUT]: [Mixin] buildSurface skipped chunk(-21,-9)
[21:17:49] [Worker-Main-13/INFO] (Minecraft) [STDOUT]: [Mixin] buildSurface skipped chunk(-20,-5)
[21:17:49] [Worker-Main-22/INFO] (Minecraft) [STDOUT]: [Mixin] buildSurface skipped chunk(-21,-4)
[21:17:49] [Worker-Main-22/INFO] (Minecraft) [STDOUT]: [Mixin] buildSurface skipped chunk(-22,-10)
[21:17:49] [Worker-Main-13/INFO] (Minecraft) [STDOUT]: [Mixin] buildSurface skipped chunk(-23,-5)
[21:17:49] [Worker-Main-1/INFO] (Minecraft) [STDOUT]: [Mixin] buildSurface skipped chunk(-20,-4)
[21:17:49] [Worker-Main-14/INFO] (Minecraft) [STDOUT]: [Mixin] buildSurface skipped chunk(-22,-3)
[21:17:49] [Worker-Main-1/INFO] (Minecraft) [STDOUT]: [Mixin] buildSurface skipped chunk(-23,-2)
[21:17:49] [Worker-Main-2/INFO] (Minecraft) [STDOUT]: [Mixin] populateNoise intercepted chunk(-23,-1)
[21:17:49] [Worker-Main-17/INFO] (Minecraft) [STDOUT]: [Mixin] populateNoise intercepted chunk(-22,-2)
[21:17:49] [Worker-Main-1/INFO] (Minecraft) [STDOUT]: [Mixin] populateNoise intercepted chunk(-22,-1)
[21:17:49] [Worker-Main-15/INFO] (Minecraft) [STDOUT]: [Mixin] populateNoise intercepted chunk(-21,-3)
[21:17:49] [Worker-Main-11/INFO] (Minecraft) [STDOUT]: [Mixin] populateNoise intercepted chunk(-21,-2)
[21:17:49] [Worker-Main-14/INFO] (Minecraft) [STDOUT]: [Mixin] populateNoise intercepted chunk(-21,-1)
[21:17:49] [Worker-Main-8/INFO] (Minecraft) [STDOUT]: [Mixin] populateNoise intercepted chunk(-23,0)
[21:17:49] [Worker-Main-10/INFO] (Minecraft) [STDOUT]: [Mixin] populateNoise intercepted chunk(-22,0)
[21:17:49] [Worker-Main-16/INFO] (Minecraft) [STDOUT]: [Mixin] populateNoise intercepted chunk(-19,-4)
[21:17:49] [Worker-Main-3/INFO] (Minecraft) [STDOUT]: [Mixin] populateNoise intercepted chunk(-19,-3)
[21:17:49] [Worker-Main-6/INFO] (Minecraft) [STDOUT]: [Mixin] populateNoise intercepted chunk(-20,-3)
[21:17:49] [Worker-Main-5/INFO] (Minecraft) [STDOUT]: [Mixin] populateNoise intercepted chunk(-20,-2)
[21:17:49] [Worker-Main-16/INFO] (Minecraft) [STDOUT]: [Mixin] populateNoise intercepted chunk(-20,-1)
[21:17:49] [Worker-Main-23/INFO] (Minecraft) [STDOUT]: [Mixin] populateNoise intercepted chunk(-21,0)
[21:17:49] [Worker-Main-16/INFO] (Minecraft) [STDOUT]: [Mixin] populateNoise intercepted chunk(-20,0)
[21:17:49] [Worker-Main-20/INFO] (Minecraft) [STDOUT]: [Mixin] populateNoise intercepted chunk(-19,-5)
[21:17:49] [Worker-Main-19/INFO] (Minecraft) [STDOUT]: [Mixin] populateNoise intercepted chunk(-34,-2)
[21:17:49] [Worker-Main-9/INFO] (Minecraft) [STDOUT]: [Mixin] populateNoise intercepted chunk(-34,-1)
[21:17:49] [Worker-Main-13/INFO] (Minecraft) [STDOUT]: [Mixin] populateNoise intercepted chunk(-34,0)
[21:17:49] [Worker-Main-7/INFO] (Minecraft) [STDOUT]: [Mixin] populateNoise intercepted chunk(-19,-2)
[21:17:49] [Worker-Main-12/INFO] (Minecraft) [STDOUT]: [Mixin] populateNoise intercepted chunk(-19,-1)
[21:17:49] [Worker-Main-21/INFO] (Minecraft) [STDOUT]: [Mixin] populateNoise intercepted chunk(-18,-2)
[21:17:49] [Worker-Main-22/INFO] (Minecraft) [STDOUT]: [Mixin] populateNoise intercepted chunk(-18,-3)
[21:17:49] [Worker-Main-2/INFO] (Minecraft) [STDOUT]: [Mixin] buildSurface skipped chunk(-23,-1)
[21:17:49] [Worker-Main-1/INFO] (Minecraft) [STDOUT]: [Mixin] buildSurface skipped chunk(-22,-1)
[21:17:49] [Worker-Main-2/INFO] (Minecraft) [STDOUT]: [Mixin] populateNoise intercepted chunk(-18,-4)
[21:17:49] [Worker-Main-1/INFO] (Minecraft) [STDOUT]: [Mixin] populateNoise intercepted chunk(-18,-5)
[21:17:49] [Worker-Main-14/INFO] (Minecraft) [STDOUT]: [Mixin] buildSurface skipped chunk(-21,-1)
[21:17:49] [Worker-Main-14/INFO] (Minecraft) [STDOUT]: [Mixin] buildSurface skipped chunk(-23,0)
[21:17:49] [Worker-Main-17/INFO] (Minecraft) [STDOUT]: [Mixin] buildSurface skipped chunk(-22,-2)
[21:17:49] [Worker-Main-11/INFO] (Minecraft) [STDOUT]: [Mixin] buildSurface skipped chunk(-21,-3)
[21:17:49] [Worker-Main-17/INFO] (Minecraft) [STDOUT]: [Mixin] buildSurface skipped chunk(-21,-2)
[21:17:49] [Worker-Main-3/INFO] (Minecraft) [STDOUT]: [Mixin] buildSurface skipped chunk(-20,-3)
[21:17:49] [Worker-Main-6/INFO] (Minecraft) [STDOUT]: [Mixin] buildSurface skipped chunk(-19,-3)
[21:17:49] [Worker-Main-3/INFO] (Minecraft) [STDOUT]: [Mixin] buildSurface skipped chunk(-20,-1)
[21:17:49] [Worker-Main-9/INFO] (Minecraft) [STDOUT]: [Mixin] buildSurface skipped chunk(-19,-4)
[21:17:49] [Worker-Main-9/INFO] (Minecraft) [STDOUT]: [Mixin] buildSurface skipped chunk(-22,0)
[21:17:49] [Worker-Main-3/INFO] (Minecraft) [STDOUT]: [Mixin] buildSurface skipped chunk(-20,0)
[21:17:49] [Worker-Main-3/INFO] (Minecraft) [STDOUT]: [Mixin] buildSurface skipped chunk(-21,0)
[21:17:49] [Worker-Main-3/INFO] (Minecraft) [STDOUT]: [Mixin] buildSurface skipped chunk(-19,-5)
[21:17:49] [Worker-Main-13/INFO] (Minecraft) [STDOUT]: [Mixin] buildSurface skipped chunk(-34,-1)
[21:17:49] [Worker-Main-11/INFO] (Minecraft) [STDOUT]: [Mixin] buildSurface skipped chunk(-34,-2)
[21:17:49] [Worker-Main-13/INFO] (Minecraft) [STDOUT]: [Mixin] buildSurface skipped chunk(-34,0)
[21:17:49] [Worker-Main-8/INFO] (Minecraft) [STDOUT]: [Mixin] buildSurface skipped chunk(-20,-2)
[21:17:49] [Worker-Main-7/INFO] (Minecraft) [STDOUT]: [Mixin] buildSurface skipped chunk(-19,-2)
[21:17:49] [Worker-Main-7/INFO] (Minecraft) [STDOUT]: [Mixin] buildSurface skipped chunk(-19,-1)
[21:17:49] [Worker-Main-12/INFO] (Minecraft) [STDOUT]: [Mixin] buildSurface skipped chunk(-18,-2)
[21:17:49] [Worker-Main-13/INFO] (Minecraft) [STDOUT]: [Mixin] buildSurface skipped chunk(-18,-4)
[21:17:49] [Worker-Main-8/INFO] (Minecraft) [STDOUT]: [Mixin] buildSurface skipped chunk(-18,-3)
[21:17:49] [Worker-Main-21/INFO] (Minecraft) [STDOUT]: [Mixin] buildSurface skipped chunk(-18,-5)
[21:17:49] [Worker-Main-23/INFO] (Minecraft) [STDOUT]: [Mixin] populateNoise intercepted chunk(-18,-1)
[21:17:49] [Worker-Main-9/INFO] (Minecraft) [STDOUT]: [Mixin] populateNoise intercepted chunk(-19,-6)
[21:17:49] [Worker-Main-20/INFO] (Minecraft) [STDOUT]: [Mixin] populateNoise intercepted chunk(-17,-2)
[21:17:49] [Worker-Main-5/INFO] (Minecraft) [STDOUT]: [Mixin] populateNoise intercepted chunk(-17,-1)
[21:17:49] [Worker-Main-8/INFO] (Minecraft) [STDOUT]: [Mixin] populateNoise intercepted chunk(-17,-5)
[21:17:49] [Worker-Main-7/INFO] (Minecraft) [STDOUT]: [Mixin] populateNoise intercepted chunk(-18,-6)
[21:17:49] [Worker-Main-22/INFO] (Minecraft) [STDOUT]: [Mixin] populateNoise intercepted chunk(-17,-6)
[21:17:49] [Worker-Main-22/INFO] (Minecraft) [STDOUT]: [Mixin] populateNoise intercepted chunk(-17,-4)
[21:17:49] [Worker-Main-11/INFO] (Minecraft) [STDOUT]: [Mixin] populateNoise intercepted chunk(-17,-3)
[21:17:49] [Worker-Main-6/INFO] (Minecraft) [STDOUT]: [Mixin] populateNoise intercepted chunk(-19,-8)
[21:17:49] [Worker-Main-16/INFO] (Minecraft) [STDOUT]: [Mixin] populateNoise intercepted chunk(-19,-7)
[21:17:49] [Worker-Main-6/INFO] (Minecraft) [STDOUT]: [Mixin] populateNoise intercepted chunk(-18,-7)
[21:17:49] [Worker-Main-4/INFO] (Minecraft) [STDOUT]: [Mixin] populateNoise intercepted chunk(-18,-8)
[21:17:49] [Worker-Main-3/INFO] (Minecraft) [STDOUT]: [Mixin] populateNoise intercepted chunk(-19,0)
[21:17:49] [Worker-Main-2/INFO] (Minecraft) [STDOUT]: [Mixin] populateNoise intercepted chunk(-18,0)
[21:17:49] [Worker-Main-12/INFO] (Minecraft) [STDOUT]: [Mixin] populateNoise intercepted chunk(-17,0)
[21:17:49] [Worker-Main-10/INFO] (Minecraft) [STDOUT]: [Mixin] populateNoise intercepted chunk(-16,-2)
[21:17:49] [Worker-Main-21/INFO] (Minecraft) [STDOUT]: [Mixin] populateNoise intercepted chunk(-16,-1)
[21:17:49] [Worker-Main-17/INFO] (Minecraft) [STDOUT]: [Mixin] populateNoise intercepted chunk(-16,0)
[21:17:49] [Worker-Main-14/INFO] (Minecraft) [STDOUT]: [Mixin] populateNoise intercepted chunk(-16,-3)
[21:17:49] [Worker-Main-15/INFO] (Minecraft) [STDOUT]: [Mixin] populateNoise intercepted chunk(-16,-4)
[21:17:49] [Worker-Main-13/INFO] (Minecraft) [STDOUT]: [Mixin] populateNoise intercepted chunk(-16,-5)
[21:17:49] [Worker-Main-1/INFO] (Minecraft) [STDOUT]: [Mixin] populateNoise intercepted chunk(-17,-7)
[21:17:49] [Worker-Main-5/INFO] (Minecraft) [STDOUT]: [Mixin] buildSurface skipped chunk(-17,-1)
[21:17:49] [Worker-Main-5/INFO] (Minecraft) [STDOUT]: [Mixin] buildSurface skipped chunk(-19,-6)
[21:17:49] [Worker-Main-8/INFO] (Minecraft) [STDOUT]: [Mixin] buildSurface skipped chunk(-17,-5)
[21:17:49] [Worker-Main-8/INFO] (Minecraft) [STDOUT]: [Mixin] buildSurface skipped chunk(-18,-7)
[21:17:49] [Worker-Main-5/INFO] (Minecraft) [STDOUT]: [Mixin] buildSurface skipped chunk(-18,-1)
[21:17:49] [Worker-Main-8/INFO] (Minecraft) [STDOUT]: [Mixin] buildSurface skipped chunk(-19,-7)
[21:17:49] [Worker-Main-7/INFO] (Minecraft) [STDOUT]: [Mixin] buildSurface skipped chunk(-18,-8)
[21:17:49] [Worker-Main-12/INFO] (Minecraft) [STDOUT]: [Mixin] buildSurface skipped chunk(-17,-6)
[21:17:49] [Worker-Main-12/INFO] (Minecraft) [STDOUT]: [Mixin] buildSurface skipped chunk(-18,-6)
[21:17:49] [Worker-Main-2/INFO] (Minecraft) [STDOUT]: [Mixin] buildSurface skipped chunk(-17,-3)
[21:17:49] [Worker-Main-16/INFO] (Minecraft) [STDOUT]: [Mixin] populateNoise intercepted chunk(-16,-6)
[21:17:49] [Worker-Main-12/INFO] (Minecraft) [STDOUT]: [Mixin] buildSurface skipped chunk(-16,-1)
[21:17:49] [Worker-Main-14/INFO] (Minecraft) [STDOUT]: [Mixin] buildSurface skipped chunk(-16,0)
[21:17:49] [Worker-Main-5/INFO] (Minecraft) [STDOUT]: [Mixin] buildSurface skipped chunk(-17,0)
[21:17:49] [Worker-Main-5/INFO] (Minecraft) [STDOUT]: [Mixin] buildSurface skipped chunk(-16,-2)
[21:17:49] [Worker-Main-5/INFO] (Minecraft) [STDOUT]: [Mixin] buildSurface skipped chunk(-19,0)
[21:17:49] [Worker-Main-14/INFO] (Minecraft) [STDOUT]: [Mixin] buildSurface skipped chunk(-16,-3)
[21:17:49] [Worker-Main-4/INFO] (Minecraft) [STDOUT]: [Mixin] buildSurface skipped chunk(-18,0)
[21:17:49] [Worker-Main-5/INFO] (Minecraft) [STDOUT]: [Mixin] buildSurface skipped chunk(-17,-2)
[21:17:49] [Worker-Main-11/INFO] (Minecraft) [STDOUT]: [Mixin] buildSurface skipped chunk(-19,-8)
[21:17:49] [Worker-Main-14/INFO] (Minecraft) [STDOUT]: [Mixin] buildSurface skipped chunk(-17,-4)
[21:17:49] [Worker-Main-4/INFO] (Minecraft) [STDOUT]: [Mixin] buildSurface skipped chunk(-17,-7)
[21:17:49] [Worker-Main-11/INFO] (Minecraft) [STDOUT]: [Mixin] buildSurface skipped chunk(-16,-4)
[21:17:49] [Worker-Main-4/INFO] (Minecraft) [STDOUT]: [Mixin] buildSurface skipped chunk(-16,-5)
[21:17:49] [Worker-Main-15/INFO] (Minecraft) [STDOUT]: [Mixin] buildSurface skipped chunk(-16,-6)
[21:17:49] [Worker-Main-22/INFO] (Minecraft) [STDOUT]: [Mixin] populateNoise intercepted chunk(-19,-9)
[21:17:49] [Worker-Main-19/INFO] (Minecraft) [STDOUT]: [Mixin] populateNoise intercepted chunk(-17,-8)
[21:17:49] [Worker-Main-6/INFO] (Minecraft) [STDOUT]: [Mixin] populateNoise intercepted chunk(-16,-7)
[21:17:49] [Worker-Main-2/INFO] (Minecraft) [STDOUT]: [Mixin] populateNoise intercepted chunk(-16,-8)
[21:17:49] [Worker-Main-4/INFO] (Minecraft) [STDOUT]: [Mixin] populateNoise intercepted chunk(-18,-9)
[21:17:49] [Worker-Main-11/INFO] (Minecraft) [STDOUT]: [Mixin] populateNoise intercepted chunk(-17,-9)
[21:17:49] [Worker-Main-13/INFO] (Minecraft) [STDOUT]: [Mixin] populateNoise intercepted chunk(-18,-10)
[21:17:49] [Worker-Main-5/INFO] (Minecraft) [STDOUT]: [Mixin] populateNoise intercepted chunk(-16,-9)
[21:17:49] [Worker-Main-17/INFO] (Minecraft) [STDOUT]: [Mixin] populateNoise intercepted chunk(-18,-11)
[21:17:49] [Worker-Main-16/INFO] (Minecraft) [STDOUT]: [Mixin] populateNoise intercepted chunk(-17,-10)
[21:17:49] [Worker-Main-9/INFO] (Minecraft) [STDOUT]: [Mixin] populateNoise intercepted chunk(-16,-10)
[21:17:49] [Worker-Main-1/INFO] (Minecraft) [STDOUT]: [Mixin] populateNoise intercepted chunk(-17,-11)
[21:17:49] [Worker-Main-14/INFO] (Minecraft) [STDOUT]: [Mixin] populateNoise intercepted chunk(-19,-10)
[21:17:49] [Worker-Main-3/INFO] (Minecraft) [STDOUT]: [Mixin] populateNoise intercepted chunk(-19,-11)
[21:17:49] [Worker-Main-7/INFO] (Minecraft) [STDOUT]: [Mixin] populateNoise intercepted chunk(-34,1)
[21:17:49] [Worker-Main-20/INFO] (Minecraft) [STDOUT]: [Mixin] populateNoise intercepted chunk(-21,-10)
[21:17:49] [Worker-Main-18/INFO] (Minecraft) [STDOUT]: [Mixin] populateNoise intercepted chunk(-20,-10)
[21:17:49] [Worker-Main-10/INFO] (Minecraft) [STDOUT]: [Mixin] populateNoise intercepted chunk(-20,-11)
[21:17:49] [Worker-Main-8/INFO] (Minecraft) [STDOUT]: [Mixin] populateNoise intercepted chunk(-33,1)
[21:17:49] [Worker-Main-12/INFO] (Minecraft) [STDOUT]: [Mixin] populateNoise intercepted chunk(-32,1)
[21:17:49] [Worker-Main-23/INFO] (Minecraft) [STDOUT]: [Mixin] populateNoise intercepted chunk(-28,1)
[21:17:49] [Worker-Main-21/INFO] (Minecraft) [STDOUT]: [Mixin] populateNoise intercepted chunk(-31,1)
[21:17:49] [Worker-Main-21/INFO] (Minecraft) [STDOUT]: [Mixin] populateNoise intercepted chunk(-30,1)
[21:17:49] [Worker-Main-22/INFO] (Minecraft) [STDOUT]: [Mixin] buildSurface skipped chunk(-19,-9)
[21:17:49] [Worker-Main-22/INFO] (Minecraft) [STDOUT]: [Mixin] populateNoise intercepted chunk(-29,1)
[21:17:49] [Worker-Main-3/INFO] (Minecraft) [STDOUT]: [Mixin] buildSurface skipped chunk(-19,-11)
[21:17:49] [Worker-Main-6/INFO] (Minecraft) [STDOUT]: [Mixin] buildSurface skipped chunk(-16,-7)
[21:17:49] [Worker-Main-3/INFO] (Minecraft) [STDOUT]: [Mixin] buildSurface skipped chunk(-17,-11)
[21:17:49] [Worker-Main-6/INFO] (Minecraft) [STDOUT]: [Mixin] buildSurface skipped chunk(-17,-8)
[21:17:49] [Worker-Main-6/INFO] (Minecraft) [STDOUT]: [Mixin] buildSurface skipped chunk(-18,-9)
[21:17:49] [Worker-Main-13/INFO] (Minecraft) [STDOUT]: [Mixin] buildSurface skipped chunk(-17,-9)
[21:17:49] [Worker-Main-2/INFO] (Minecraft) [STDOUT]: [Mixin] buildSurface skipped chunk(-18,-10)
[21:17:49] [Worker-Main-16/INFO] (Minecraft) [STDOUT]: [Mixin] buildSurface skipped chunk(-17,-10)
[21:17:49] [Worker-Main-16/INFO] (Minecraft) [STDOUT]: [Mixin] buildSurface skipped chunk(-18,-11)
[21:17:49] [Worker-Main-17/INFO] (Minecraft) [STDOUT]: [Mixin] buildSurface skipped chunk(-16,-8)
[21:17:49] [Worker-Main-11/INFO] (Minecraft) [STDOUT]: [Mixin] buildSurface skipped chunk(-16,-9)
[21:17:49] [Worker-Main-17/INFO] (Minecraft) [STDOUT]: [Mixin] buildSurface skipped chunk(-16,-10)
[21:17:49] [Worker-Main-17/INFO] (Minecraft) [STDOUT]: [Mixin] populateNoise intercepted chunk(-21,-11)
[21:17:49] [Worker-Main-11/INFO] (Minecraft) [STDOUT]: [Mixin] buildSurface skipped chunk(-20,-10)
[21:17:49] [Worker-Main-14/INFO] (Minecraft) [STDOUT]: [Mixin] buildSurface skipped chunk(-19,-10)
[21:17:49] [Worker-Main-23/INFO] (Minecraft) [STDOUT]: [Mixin] buildSurface skipped chunk(-21,-10)
[21:17:49] [Worker-Main-12/INFO] (Minecraft) [STDOUT]: [Mixin] buildSurface skipped chunk(-20,-11)
[21:17:49] [Worker-Main-12/INFO] (Minecraft) [STDOUT]: [Mixin] populateNoise intercepted chunk(-22,-11)
[21:17:49] [Worker-Main-4/INFO] (Minecraft) [STDOUT]: [Mixin] populateNoise intercepted chunk(-27,1)
[21:17:49] [Worker-Main-6/INFO] (Minecraft) [STDOUT]: [Mixin] populateNoise intercepted chunk(-26,1)
[21:17:49] [Worker-Main-10/INFO] (Minecraft) [STDOUT]: [Mixin] populateNoise intercepted chunk(-25,1)
[21:17:49] [Worker-Main-5/INFO] (Minecraft) [STDOUT]: [Mixin] populateNoise intercepted chunk(-24,1)
[21:17:49] [Worker-Main-18/INFO] (Minecraft) [STDOUT]: [Mixin] populateNoise intercepted chunk(-23,1)
[21:17:49] [Worker-Main-23/INFO] (Minecraft) [STDOUT]: [Mixin] populateNoise intercepted chunk(-22,1)
[21:17:49] [Worker-Main-14/INFO] (Minecraft) [STDOUT]: [Mixin] buildSurface skipped chunk(-33,1)
[21:17:49] [Worker-Main-9/INFO] (Minecraft) [STDOUT]: [Mixin] buildSurface skipped chunk(-34,1)
[21:17:49] [Worker-Main-2/INFO] (Minecraft) [STDOUT]: [Mixin] buildSurface skipped chunk(-32,1)
[21:17:49] [Worker-Main-2/INFO] (Minecraft) [STDOUT]: [Mixin] buildSurface skipped chunk(-31,1)
[21:17:49] [Worker-Main-8/INFO] (Minecraft) [STDOUT]: [Mixin] buildSurface skipped chunk(-28,1)
[21:17:49] [Worker-Main-2/INFO] (Minecraft) [STDOUT]: [Mixin] buildSurface skipped chunk(-30,1)
[21:17:49] [Worker-Main-2/INFO] (Minecraft) [STDOUT]: [Mixin] buildSurface skipped chunk(-21,-11)
[21:17:49] [Worker-Main-1/INFO] (Minecraft) [STDOUT]: [Mixin] buildSurface skipped chunk(-29,1)
[21:17:49] [Worker-Main-11/INFO] (Minecraft) [STDOUT]: [Mixin] populateNoise intercepted chunk(-16,-11)
[21:17:49] [Worker-Main-13/INFO] (Minecraft) [STDOUT]: [Mixin] populateNoise intercepted chunk(-20,-12)
[21:17:49] [Worker-Main-14/INFO] (Minecraft) [STDOUT]: [Mixin] populateNoise intercepted chunk(-22,-12)
[21:17:49] [Worker-Main-19/INFO] (Minecraft) [STDOUT]: [Mixin] populateNoise intercepted chunk(-19,-12)
[21:17:49] [Worker-Main-17/INFO] (Minecraft) [STDOUT]: [Mixin] populateNoise intercepted chunk(-18,-12)
[21:17:49] [Worker-Main-22/INFO] (Minecraft) [STDOUT]: [Mixin] populateNoise intercepted chunk(-17,-12)
[21:17:49] [Worker-Main-19/INFO] (Minecraft) [STDOUT]: [Mixin] populateNoise intercepted chunk(-20,-13)
[21:17:49] [Worker-Main-21/INFO] (Minecraft) [STDOUT]: [Mixin] populateNoise intercepted chunk(-21,-13)
[21:17:49] [Worker-Main-8/INFO] (Minecraft) [STDOUT]: [Mixin] populateNoise intercepted chunk(-21,-12)
[21:17:49] [Worker-Main-1/INFO] (Minecraft) [STDOUT]: [Mixin] populateNoise intercepted chunk(-22,-13)
[21:17:49] [Worker-Main-1/INFO] (Minecraft) [STDOUT]: [Mixin] populateNoise intercepted chunk(-16,-12)
[21:17:49] [Worker-Main-16/INFO] (Minecraft) [STDOUT]: [Mixin] populateNoise intercepted chunk(-16,-13)
[21:17:49] [Worker-Main-20/INFO] (Minecraft) [STDOUT]: [Mixin] populateNoise intercepted chunk(-19,-13)
[21:17:49] [Worker-Main-20/INFO] (Minecraft) [STDOUT]: [Mixin] populateNoise intercepted chunk(-18,-13)
[21:17:49] [Worker-Main-15/INFO] (Minecraft) [STDOUT]: [Mixin] populateNoise intercepted chunk(-17,-13)
[21:17:49] [Worker-Main-3/INFO] (Minecraft) [STDOUT]: [Mixin] populateNoise intercepted chunk(-20,-14)
[21:17:49] [Worker-Main-12/INFO] (Minecraft) [STDOUT]: [Mixin] buildSurface skipped chunk(-22,-11)
[21:17:49] [Worker-Main-5/INFO] (Minecraft) [STDOUT]: [Mixin] populateNoise intercepted chunk(-21,-14)
[21:17:49] [Worker-Main-12/INFO] (Minecraft) [STDOUT]: [Mixin] populateNoise intercepted chunk(-22,-14)
[21:17:49] [Worker-Main-6/INFO] (Minecraft) [STDOUT]: [Mixin] populateNoise intercepted chunk(-16,-14)
[21:17:49] [Worker-Main-4/INFO] (Minecraft) [STDOUT]: [Mixin] populateNoise intercepted chunk(-19,-14)
[21:17:49] [Worker-Main-18/INFO] (Minecraft) [STDOUT]: [Mixin] populateNoise intercepted chunk(-18,-14)
[21:17:49] [Worker-Main-10/INFO] (Minecraft) [STDOUT]: [Mixin] populateNoise intercepted chunk(-21,1)
[21:17:49] [Worker-Main-23/INFO] (Minecraft) [STDOUT]: [Mixin] populateNoise intercepted chunk(-17,-14)
[21:17:49] [Worker-Main-14/INFO] (Minecraft) [STDOUT]: [Mixin] buildSurface skipped chunk(-20,-12)
[21:17:49] [Worker-Main-14/INFO] (Minecraft) [STDOUT]: [Mixin] buildSurface skipped chunk(-22,-12)
[21:17:49] [Worker-Main-11/INFO] (Minecraft) [STDOUT]: [Mixin] buildSurface skipped chunk(-19,-12)
[21:17:49] [Worker-Main-14/INFO] (Minecraft) [STDOUT]: [Mixin] buildSurface skipped chunk(-16,-11)
[21:17:49] [Worker-Main-2/INFO] (Minecraft) [STDOUT]: [Mixin] buildSurface skipped chunk(-19,-13)
[21:17:49] [Worker-Main-7/INFO] (Minecraft) [STDOUT]: [Mixin] buildSurface skipped chunk(-22,-13)
[21:17:50] [Worker-Main-15/INFO] (Minecraft) [STDOUT]: [Mixin] buildSurface skipped chunk(-17,-13)
[21:17:50] [Worker-Main-2/INFO] (Minecraft) [STDOUT]: [Mixin] populateNoise intercepted chunk(-20,1)
[21:17:50] [Worker-Main-7/INFO] (Minecraft) [STDOUT]: [Mixin] populateNoise intercepted chunk(-16,1)
[21:17:50] [Worker-Main-19/INFO] (Minecraft) [STDOUT]: [Mixin] buildSurface skipped chunk(-20,-13)
[21:17:50] [Worker-Main-14/INFO] (Minecraft) [STDOUT]: [Mixin] populateNoise intercepted chunk(-19,1)
[21:17:50] [Worker-Main-9/INFO] (Minecraft) [STDOUT]: [Mixin] populateNoise intercepted chunk(-18,1)
[21:17:50] [Worker-Main-11/INFO] (Minecraft) [STDOUT]: [Mixin] populateNoise intercepted chunk(-17,1)
[21:17:50] [Worker-Main-19/INFO] (Minecraft) [STDOUT]: [Mixin] buildSurface skipped chunk(-26,1)
[21:17:50] [Worker-Main-15/INFO] (Minecraft) [STDOUT]: [Mixin] buildSurface skipped chunk(-24,1)
[21:17:50] [Worker-Main-15/INFO] (Minecraft) [STDOUT]: [Mixin] buildSurface skipped chunk(-27,1)
[21:17:50] [Worker-Main-19/INFO] (Minecraft) [STDOUT]: [Mixin] buildSurface skipped chunk(-23,1)
[21:17:50] [Worker-Main-19/INFO] (Minecraft) [STDOUT]: [Mixin] buildSurface skipped chunk(-25,1)
[21:17:50] [Worker-Main-19/INFO] (Minecraft) [STDOUT]: [Mixin] buildSurface skipped chunk(-22,1)
[21:17:50] [Worker-Main-19/INFO] (Minecraft) [STDOUT]: [Mixin] buildSurface skipped chunk(-21,-12)
[21:17:50] [Worker-Main-17/INFO] (Minecraft) [STDOUT]: [Mixin] buildSurface skipped chunk(-21,-13)
[21:17:50] [Worker-Main-13/INFO] (Minecraft) [STDOUT]: [Mixin] buildSurface skipped chunk(-18,-12)
[21:17:50] [Worker-Main-22/INFO] (Minecraft) [STDOUT]: [Mixin] buildSurface skipped chunk(-17,-12)
[21:17:50] [Worker-Main-13/INFO] (Minecraft) [STDOUT]: [Mixin] buildSurface skipped chunk(-18,-13)
[21:17:50] [Worker-Main-3/INFO] (Minecraft) [STDOUT]: [Mixin] buildSurface skipped chunk(-16,-13)
[21:17:50] [Worker-Main-13/INFO] (Minecraft) [STDOUT]: [Mixin] buildSurface skipped chunk(-20,-14)
[21:17:50] [Worker-Main-3/INFO] (Minecraft) [STDOUT]: [Mixin] buildSurface skipped chunk(-16,-12)
[21:17:50] [Worker-Main-13/INFO] (Minecraft) [STDOUT]: [Mixin] buildSurface skipped chunk(-22,-14)
[21:17:50] [Worker-Main-12/INFO] (Minecraft) [STDOUT]: [Mixin] buildSurface skipped chunk(-21,-14)
[21:17:50] [Worker-Main-10/INFO] (Minecraft) [STDOUT]: [Mixin] buildSurface skipped chunk(-18,-14)
[21:17:50] [Worker-Main-4/INFO] (Minecraft) [STDOUT]: [Mixin] buildSurface skipped chunk(-19,-14)
[21:17:50] [Worker-Main-7/INFO] (Minecraft) [STDOUT]: [Mixin] buildSurface skipped chunk(-16,-14)
[21:17:50] [Worker-Main-7/INFO] (Minecraft) [STDOUT]: [Mixin] buildSurface skipped chunk(-17,-14)
[21:17:50] [Worker-Main-7/INFO] (Minecraft) [STDOUT]: [Mixin] buildSurface skipped chunk(-21,1)
[21:17:50] [Worker-Main-14/INFO] (Minecraft) [STDOUT]: [Mixin] buildSurface skipped chunk(-20,1)
[21:17:50] [Worker-Main-17/INFO] (Minecraft) [STDOUT]: [Mixin] buildSurface skipped chunk(-16,1)
[21:17:50] [Worker-Main-14/INFO] (Minecraft) [STDOUT]: [Mixin] buildSurface skipped chunk(-19,1)
[21:17:50] [Worker-Main-17/INFO] (Minecraft) [STDOUT]: [Mixin] buildSurface skipped chunk(-17,1)
[21:17:50] [Worker-Main-7/INFO] (Minecraft) [STDOUT]: [Mixin] buildSurface skipped chunk(-18,1)
[21:17:50] [Worker-Main-11/INFO] (Minecraft) [STDOUT]: [Mixin] populateNoise intercepted chunk(-15,-13)
[21:17:50] [Worker-Main-9/INFO] (Minecraft) [STDOUT]: [Mixin] populateNoise intercepted chunk(-15,-14)
[21:17:50] [Worker-Main-9/INFO] (Minecraft) [STDOUT]: [Mixin] populateNoise intercepted chunk(-15,-12)
[21:17:50] [Worker-Main-22/INFO] (Minecraft) [STDOUT]: [Mixin] populateNoise intercepted chunk(-15,-11)
[21:17:50] [Worker-Main-3/INFO] (Minecraft) [STDOUT]: [Mixin] populateNoise intercepted chunk(-14,-14)
[21:17:50] [Worker-Main-10/INFO] (Minecraft) [STDOUT]: [Mixin] populateNoise intercepted chunk(-14,-13)
[21:17:50] [Worker-Main-8/INFO] (Minecraft) [STDOUT]: [Mixin] populateNoise intercepted chunk(-14,-16)
[21:17:50] [Worker-Main-8/INFO] (Minecraft) [STDOUT]: [Mixin] populateNoise intercepted chunk(-14,-15)
[21:17:50] [Worker-Main-14/INFO] (Minecraft) [STDOUT]: [Mixin] populateNoise intercepted chunk(-13,-16)
[21:17:50] [Worker-Main-1/INFO] (Minecraft) [STDOUT]: [Mixin] populateNoise intercepted chunk(-13,-15)
[21:17:50] [Worker-Main-12/INFO] (Minecraft) [STDOUT]: [Mixin] populateNoise intercepted chunk(-13,-14)
[21:17:50] [Worker-Main-16/INFO] (Minecraft) [STDOUT]: [Mixin] populateNoise intercepted chunk(-13,-13)
[21:17:50] [Worker-Main-17/INFO] (Minecraft) [STDOUT]: [Mixin] populateNoise intercepted chunk(-14,-17)
[21:17:50] [Worker-Main-4/INFO] (Minecraft) [STDOUT]: [Mixin] populateNoise intercepted chunk(-14,-12)
[21:17:50] [Worker-Main-21/INFO] (Minecraft) [STDOUT]: [Mixin] populateNoise intercepted chunk(-13,-12)
[21:17:50] [Worker-Main-2/INFO] (Minecraft) [STDOUT]: [Mixin] populateNoise intercepted chunk(-12,-16)
[21:17:50] [Worker-Main-18/INFO] (Minecraft) [STDOUT]: [Mixin] populateNoise intercepted chunk(-12,-15)
[21:17:50] [Worker-Main-20/INFO] (Minecraft) [STDOUT]: [Mixin] populateNoise intercepted chunk(-12,-14)
[21:17:50] [Worker-Main-7/INFO] (Minecraft) [STDOUT]: [Mixin] populateNoise intercepted chunk(-12,-13)
[21:17:50] [Worker-Main-19/INFO] (Minecraft) [STDOUT]: [Mixin] populateNoise intercepted chunk(-12,-12)
[21:17:50] [Worker-Main-23/INFO] (Minecraft) [STDOUT]: [Mixin] populateNoise intercepted chunk(-13,-17)
[21:17:50] [Worker-Main-13/INFO] (Minecraft) [STDOUT]: [Mixin] populateNoise intercepted chunk(-11,-15)
[21:17:50] [Worker-Main-6/INFO] (Minecraft) [STDOUT]: [Mixin] populateNoise intercepted chunk(-12,-17)
[21:17:50] [Worker-Main-9/INFO] (Minecraft) [STDOUT]: [Mixin] buildSurface skipped chunk(-15,-12)
[21:17:50] [Worker-Main-15/INFO] (Minecraft) [STDOUT]: [Mixin] buildSurface skipped chunk(-15,-14)
[21:17:50] [Worker-Main-9/INFO] (Minecraft) [STDOUT]: [Mixin] buildSurface skipped chunk(-15,-11)
[21:17:50] [Worker-Main-22/INFO] (Minecraft) [STDOUT]: [Mixin] buildSurface skipped chunk(-14,-14)
[21:17:50] [Worker-Main-10/INFO] (Minecraft) [STDOUT]: [Mixin] buildSurface skipped chunk(-14,-13)
[21:17:50] [Worker-Main-8/INFO] (Minecraft) [STDOUT]: [Mixin] buildSurface skipped chunk(-14,-15)
[21:17:50] [Worker-Main-3/INFO] (Minecraft) [STDOUT]: [Mixin] buildSurface skipped chunk(-15,-13)
[21:17:50] [Worker-Main-3/INFO] (Minecraft) [STDOUT]: [Mixin] buildSurface skipped chunk(-13,-16)
[21:17:50] [Worker-Main-9/INFO] (Minecraft) [STDOUT]: [Mixin] populateNoise intercepted chunk(-11,-16)
[21:17:50] [Worker-Main-9/INFO] (Minecraft) [STDOUT]: [Mixin] populateNoise intercepted chunk(-10,-16)
[21:17:50] [Worker-Main-21/INFO] (Minecraft) [STDOUT]: [Mixin] populateNoise intercepted chunk(-10,-15)
[21:17:50] [Worker-Main-18/INFO] (Minecraft) [STDOUT]: [Mixin] buildSurface skipped chunk(-13,-13)
[21:17:50] [Worker-Main-15/INFO] (Minecraft) [STDOUT]: [Mixin] buildSurface skipped chunk(-13,-15)
[21:17:50] [Worker-Main-11/INFO] (Minecraft) [STDOUT]: [Mixin] buildSurface skipped chunk(-12,-15)
[21:17:50] [Worker-Main-15/INFO] (Minecraft) [STDOUT]: [Mixin] buildSurface skipped chunk(-14,-16)
[21:17:50] [Worker-Main-12/INFO] (Minecraft) [STDOUT]: [Mixin] buildSurface skipped chunk(-13,-14)
[21:17:50] [Worker-Main-2/INFO] (Minecraft) [STDOUT]: [Mixin] buildSurface skipped chunk(-12,-16)
[21:17:50] [Worker-Main-14/INFO] (Minecraft) [STDOUT]: [Mixin] buildSurface skipped chunk(-13,-12)
[21:17:50] [Worker-Main-14/INFO] (Minecraft) [STDOUT]: [Mixin] buildSurface skipped chunk(-14,-12)
[21:17:50] [Worker-Main-7/INFO] (Minecraft) [STDOUT]: [Mixin] buildSurface skipped chunk(-12,-14)
[21:17:50] [Worker-Main-19/INFO] (Minecraft) [STDOUT]: [Mixin] buildSurface skipped chunk(-12,-13)
[21:17:50] [Worker-Main-19/INFO] (Minecraft) [STDOUT]: [Mixin] buildSurface skipped chunk(-12,-12)
[21:17:50] [Worker-Main-14/INFO] (Minecraft) [STDOUT]: [Mixin] buildSurface skipped chunk(-11,-15)
[21:17:50] [Worker-Main-5/INFO] (Minecraft) [STDOUT]: [Mixin] buildSurface skipped chunk(-13,-17)
[21:17:50] [Worker-Main-19/INFO] (Minecraft) [STDOUT]: [Mixin] buildSurface skipped chunk(-14,-17)
[21:17:50] [Worker-Main-20/INFO] (Minecraft) [STDOUT]: [Mixin] buildSurface skipped chunk(-10,-16)
[21:17:50] [Worker-Main-20/INFO] (Minecraft) [STDOUT]: [Mixin] buildSurface skipped chunk(-11,-16)
[21:17:50] [Worker-Main-18/INFO] (Minecraft) [STDOUT]: [Mixin] buildSurface skipped chunk(-10,-15)
[21:17:50] [Worker-Main-18/INFO] (Minecraft) [STDOUT]: [Mixin] buildSurface skipped chunk(-12,-17)
[21:17:50] [Worker-Main-10/INFO] (Minecraft) [STDOUT]: [Mixin] populateNoise intercepted chunk(-11,-14)
[21:17:50] [Worker-Main-19/INFO] (Minecraft) [STDOUT]: [Mixin] populateNoise intercepted chunk(-10,-14)
[21:17:50] [Worker-Main-13/INFO] (Minecraft) [STDOUT]: [Mixin] populateNoise intercepted chunk(-11,-13)
[21:17:50] [Worker-Main-9/INFO] (Minecraft) [STDOUT]: [Mixin] populateNoise intercepted chunk(-10,-13)
[21:17:50] [Worker-Main-16/INFO] (Minecraft) [STDOUT]: [Mixin] populateNoise intercepted chunk(-11,-12)
[21:17:50] [Worker-Main-1/INFO] (Minecraft) [STDOUT]: [Mixin] populateNoise intercepted chunk(-10,-12)
[21:17:50] [Worker-Main-15/INFO] (Minecraft) [STDOUT]: [Mixin] populateNoise intercepted chunk(-12,-11)
[21:17:50] [Worker-Main-18/INFO] (Minecraft) [STDOUT]: [Mixin] populateNoise intercepted chunk(-11,-11)
[21:17:50] [Worker-Main-23/INFO] (Minecraft) [STDOUT]: [Mixin] populateNoise intercepted chunk(-13,-11)
[21:17:50] [Worker-Main-17/INFO] (Minecraft) [STDOUT]: [Mixin] populateNoise intercepted chunk(-14,-11)
[21:17:50] [Worker-Main-2/INFO] (Minecraft) [STDOUT]: [Mixin] populateNoise intercepted chunk(-10,-11)
[21:17:50] [Worker-Main-22/INFO] (Minecraft) [STDOUT]: [Mixin] populateNoise intercepted chunk(-15,-10)
[21:17:50] [Worker-Main-6/INFO] (Minecraft) [STDOUT]: [Mixin] populateNoise intercepted chunk(-13,-10)
[21:17:50] [Worker-Main-3/INFO] (Minecraft) [STDOUT]: [Mixin] populateNoise intercepted chunk(-10,-10)
[21:17:50] [Worker-Main-11/INFO] (Minecraft) [STDOUT]: [Mixin] populateNoise intercepted chunk(-12,-10)
[21:17:50] [Worker-Main-11/INFO] (Minecraft) [STDOUT]: [Mixin] populateNoise intercepted chunk(-11,-10)
[21:17:50] [Worker-Main-4/INFO] (Minecraft) [STDOUT]: [Mixin] populateNoise intercepted chunk(-14,-10)
[21:17:50] [Worker-Main-5/INFO] (Minecraft) [STDOUT]: [Mixin] populateNoise intercepted chunk(-9,-11)
[21:17:50] [Worker-Main-20/INFO] (Minecraft) [STDOUT]: [Mixin] populateNoise intercepted chunk(-9,-10)
[21:17:50] [Worker-Main-14/INFO] (Minecraft) [STDOUT]: [Mixin] populateNoise intercepted chunk(-9,-12)
[21:17:50] [Worker-Main-8/INFO] (Minecraft) [STDOUT]: [Mixin] populateNoise intercepted chunk(-9,-14)
[21:17:50] [Worker-Main-21/INFO] (Minecraft) [STDOUT]: [Mixin] populateNoise intercepted chunk(-9,-13)
[21:17:50] [Worker-Main-12/INFO] (Minecraft) [STDOUT]: [Mixin] populateNoise intercepted chunk(-9,-16)
[21:17:50] [Worker-Main-13/INFO] (Minecraft) [STDOUT]: [Mixin] populateNoise intercepted chunk(-9,-15)
[21:17:50] [Worker-Main-19/INFO] (Minecraft) [STDOUT]: [Mixin] buildSurface skipped chunk(-11,-13)
[21:17:50] [Worker-Main-19/INFO] (Minecraft) [STDOUT]: [Mixin] buildSurface skipped chunk(-10,-14)
[21:17:50] [Worker-Main-19/INFO] (Minecraft) [STDOUT]: [Mixin] populateNoise intercepted chunk(-15,-9)
[21:17:50] [Worker-Main-23/INFO] (Minecraft) [STDOUT]: [Mixin] buildSurface skipped chunk(-13,-11)
[21:17:50] [Worker-Main-23/INFO] (Minecraft) [STDOUT]: [Mixin] populateNoise intercepted chunk(-14,-9)
[21:17:50] [Worker-Main-9/INFO] (Minecraft) [STDOUT]: [Mixin] buildSurface skipped chunk(-10,-13)
[21:17:50] [Worker-Main-2/INFO] (Minecraft) [STDOUT]: [Mixin] buildSurface skipped chunk(-10,-11)
[21:17:50] [Worker-Main-2/INFO] (Minecraft) [STDOUT]: [Mixin] buildSurface skipped chunk(-11,-14)
[21:17:50] [Worker-Main-10/INFO] (Minecraft) [STDOUT]: [Mixin] buildSurface skipped chunk(-11,-12)
[21:17:50] [Worker-Main-10/INFO] (Minecraft) [STDOUT]: [Mixin] populateNoise intercepted chunk(-9,-9)
[21:17:50] [Worker-Main-5/INFO] (Minecraft) [STDOUT]: [Mixin] buildSurface skipped chunk(-12,-11)
[21:17:50] [Worker-Main-5/INFO] (Minecraft) [STDOUT]: [Mixin] populateNoise intercepted chunk(-10,-9)
[21:17:50] [Worker-Main-6/INFO] (Minecraft) [STDOUT]: [Mixin] buildSurface skipped chunk(-11,-11)
[21:17:50] [Worker-Main-14/INFO] (Minecraft) [STDOUT]: [Mixin] buildSurface skipped chunk(-10,-10)
[21:17:50] [Worker-Main-6/INFO] (Minecraft) [STDOUT]: [Mixin] buildSurface skipped chunk(-10,-12)
[21:17:50] [Worker-Main-14/INFO] (Minecraft) [STDOUT]: [Mixin] buildSurface skipped chunk(-9,-11)
[21:17:50] [Worker-Main-4/INFO] (Minecraft) [STDOUT]: [Mixin] buildSurface skipped chunk(-9,-12)
[21:17:50] [Worker-Main-17/INFO] (Minecraft) [STDOUT]: [Mixin] buildSurface skipped chunk(-9,-10)
[21:17:50] [Worker-Main-6/INFO] (Minecraft) [STDOUT]: [Mixin] buildSurface skipped chunk(-12,-10)
[21:17:50] [Worker-Main-11/INFO] (Minecraft) [STDOUT]: [Mixin] buildSurface skipped chunk(-13,-10)
[21:17:50] [Worker-Main-6/INFO] (Minecraft) [STDOUT]: [Mixin] buildSurface skipped chunk(-11,-10)
[21:17:50] [Worker-Main-7/INFO] (Minecraft) [STDOUT]: [Mixin] buildSurface skipped chunk(-9,-14)
[21:17:50] [Worker-Main-14/INFO] (Minecraft) [STDOUT]: [Mixin] buildSurface skipped chunk(-15,-10)
[21:17:50] [Worker-Main-17/INFO] (Minecraft) [STDOUT]: [Mixin] buildSurface skipped chunk(-14,-11)
[21:17:50] [Worker-Main-6/INFO] (Minecraft) [STDOUT]: [Mixin] buildSurface skipped chunk(-14,-10)
[21:17:50] [Worker-Main-1/INFO] (Minecraft) [STDOUT]: [Mixin] buildSurface skipped chunk(-9,-16)
[21:17:50] [Worker-Main-8/INFO] (Minecraft) [STDOUT]: [Mixin] populateNoise intercepted chunk(-11,-9)
[21:17:50] [Worker-Main-6/INFO] (Minecraft) [STDOUT]: [Mixin] populateNoise intercepted chunk(-12,-9)
[21:17:50] [Worker-Main-7/INFO] (Minecraft) [STDOUT]: [Mixin] buildSurface skipped chunk(-9,-15)
[21:17:50] [Worker-Main-16/INFO] (Minecraft) [STDOUT]: [Mixin] populateNoise intercepted chunk(-13,-9)
[21:17:50] [Worker-Main-1/INFO] (Minecraft) [STDOUT]: [Mixin] buildSurface skipped chunk(-9,-13)
[21:17:50] [Worker-Main-9/INFO] (Minecraft) [STDOUT]: [Mixin] buildSurface skipped chunk(-9,-9)
[21:17:50] [Worker-Main-9/INFO] (Minecraft) [STDOUT]: [Mixin] buildSurface skipped chunk(-10,-9)
[21:17:50] [Worker-Main-1/INFO] (Minecraft) [STDOUT]: [Mixin] buildSurface skipped chunk(-14,-9)
[21:17:50] [Worker-Main-1/INFO] (Minecraft) [STDOUT]: [Mixin] buildSurface skipped chunk(-15,-9)
[21:17:50] [Worker-Main-21/INFO] (Minecraft) [STDOUT]: [Mixin] populateNoise intercepted chunk(-11,-17)
[21:17:50] [Worker-Main-5/INFO] (Minecraft) [STDOUT]: [Mixin] populateNoise intercepted chunk(-10,-17)
[21:17:50] [Worker-Main-23/INFO] (Minecraft) [STDOUT]: [Mixin] populateNoise intercepted chunk(-9,-17)
[21:17:50] [Worker-Main-11/INFO] (Minecraft) [STDOUT]: [Mixin] populateNoise intercepted chunk(-8,-12)
[21:17:50] [Worker-Main-19/INFO] (Minecraft) [STDOUT]: [Mixin] populateNoise intercepted chunk(-8,-11)
[21:17:50] [Worker-Main-7/INFO] (Minecraft) [STDOUT]: [Mixin] populateNoise intercepted chunk(-8,-10)
[21:17:50] [Worker-Main-15/INFO] (Minecraft) [STDOUT]: [Mixin] populateNoise intercepted chunk(-8,-9)
[21:17:50] [Worker-Main-22/INFO] (Minecraft) [STDOUT]: [Mixin] populateNoise intercepted chunk(-8,-16)
[21:17:50] [Worker-Main-1/INFO] (Minecraft) [STDOUT]: [Mixin] populateNoise intercepted chunk(-8,-17)
[21:17:50] [Worker-Main-17/INFO] (Minecraft) [STDOUT]: [Mixin] populateNoise intercepted chunk(-8,-15)
[21:17:50] [Worker-Main-20/INFO] (Minecraft) [STDOUT]: [Mixin] populateNoise intercepted chunk(-12,-8)
[21:17:50] [Worker-Main-2/INFO] (Minecraft) [STDOUT]: [Mixin] populateNoise intercepted chunk(-8,-14)
[21:17:50] [Worker-Main-4/INFO] (Minecraft) [STDOUT]: [Mixin] populateNoise intercepted chunk(-8,-13)
[21:17:50] [Worker-Main-7/INFO] (Minecraft) [STDOUT]: [Mixin] populateNoise intercepted chunk(-15,-8)
[21:17:50] [Worker-Main-10/INFO] (Minecraft) [STDOUT]: [Mixin] populateNoise intercepted chunk(-13,-8)
[21:17:50] [Worker-Main-13/INFO] (Minecraft) [STDOUT]: [Mixin] populateNoise intercepted chunk(-14,-8)
[21:17:50] [Worker-Main-12/INFO] (Minecraft) [STDOUT]: [Mixin] populateNoise intercepted chunk(-15,-7)
[21:17:50] [Worker-Main-18/INFO] (Minecraft) [STDOUT]: [Mixin] populateNoise intercepted chunk(-8,-8)
[21:17:50] [Worker-Main-9/INFO] (Minecraft) [STDOUT]: [Mixin] populateNoise intercepted chunk(-11,-8)
[21:17:50] [Worker-Main-3/INFO] (Minecraft) [STDOUT]: [Mixin] populateNoise intercepted chunk(-10,-8)
[21:17:50] [Worker-Main-8/INFO] (Minecraft) [STDOUT]: [Mixin] buildSurface skipped chunk(-11,-9)
[21:17:50] [Worker-Main-8/INFO] (Minecraft) [STDOUT]: [Mixin] buildSurface skipped chunk(-12,-9)
[21:17:50] [Worker-Main-8/INFO] (Minecraft) [STDOUT]: [Mixin] populateNoise intercepted chunk(-9,-8)
[21:17:50] [Worker-Main-16/INFO] (Minecraft) [STDOUT]: [Mixin] buildSurface skipped chunk(-13,-9)
[21:17:50] [Worker-Main-16/INFO] (Minecraft) [STDOUT]: [Mixin] populateNoise intercepted chunk(-15,-5)
[21:17:50] [Worker-Main-6/INFO] (Minecraft) [STDOUT]: [Mixin] populateNoise intercepted chunk(-15,-6)
[21:17:50] [Worker-Main-11/INFO] (Minecraft) [STDOUT]: [Mixin] buildSurface skipped chunk(-8,-12)
[21:17:50] [Worker-Main-11/INFO] (Minecraft) [STDOUT]: [Mixin] buildSurface skipped chunk(-9,-17)
[21:17:50] [Worker-Main-15/INFO] (Minecraft) [STDOUT]: [Mixin] buildSurface skipped chunk(-8,-9)
[21:17:50] [Worker-Main-23/INFO] (Minecraft) [STDOUT]: [Mixin] buildSurface skipped chunk(-11,-17)
[21:17:50] [Worker-Main-11/INFO] (Minecraft) [STDOUT]: [Mixin] buildSurface skipped chunk(-8,-11)
[21:17:50] [Worker-Main-5/INFO] (Minecraft) [STDOUT]: [CHUNKTIME] n=768 perChunk(ms): mixin=97.78 gap=84.63 | sumMixin=75.1s sumGap=65.0s | inflight max=23 now=17
[21:17:50] [Worker-Main-5/INFO] (Minecraft) [STDOUT]: [Mixin] buildSurface skipped chunk(-8,-15)
[21:17:50] [Worker-Main-20/INFO] (Minecraft) [STDOUT]: [Mixin] buildSurface skipped chunk(-8,-10)
[21:17:50] [Worker-Main-19/INFO] (Minecraft) [STDOUT]: [Mixin] buildSurface skipped chunk(-10,-17)
[21:17:50] [Worker-Main-11/INFO] (Minecraft) [STDOUT]: [Mixin] buildSurface skipped chunk(-12,-8)
[21:17:50] [Worker-Main-3/INFO] (Minecraft) [STDOUT]: [Mixin] buildSurface skipped chunk(-8,-14)
[21:17:50] [Worker-Main-13/INFO] (Minecraft) [STDOUT]: [Mixin] buildSurface skipped chunk(-15,-8)
[21:17:50] [Worker-Main-3/INFO] (Minecraft) [STDOUT]: [Mixin] buildSurface skipped chunk(-8,-17)
[21:17:50] [Worker-Main-13/INFO] (Minecraft) [STDOUT]: [Mixin] buildSurface skipped chunk(-8,-16)
[21:17:50] [Worker-Main-9/INFO] (Minecraft) [STDOUT]: [Mixin] buildSurface skipped chunk(-13,-8)
[21:17:50] [Worker-Main-8/INFO] (Minecraft) [STDOUT]: [Mixin] buildSurface skipped chunk(-14,-8)
[21:17:50] [Worker-Main-8/INFO] (Minecraft) [STDOUT]: [Mixin] buildSurface skipped chunk(-11,-8)
[21:17:50] [Worker-Main-9/INFO] (Minecraft) [STDOUT]: [Mixin] buildSurface skipped chunk(-8,-13)
[21:17:50] [Worker-Main-13/INFO] (Minecraft) [STDOUT]: [Mixin] buildSurface skipped chunk(-8,-8)
[21:17:50] [Worker-Main-13/INFO] (Minecraft) [STDOUT]: [Mixin] buildSurface skipped chunk(-10,-8)
[21:17:50] [Worker-Main-13/INFO] (Minecraft) [STDOUT]: [Mixin] buildSurface skipped chunk(-9,-8)
[21:17:50] [Worker-Main-16/INFO] (Minecraft) [STDOUT]: [Mixin] buildSurface skipped chunk(-15,-7)
[21:17:50] [Worker-Main-14/INFO] (Minecraft) [STDOUT]: [Mixin] buildSurface skipped chunk(-15,-6)
[21:17:50] [Worker-Main-14/INFO] (Minecraft) [STDOUT]: [Mixin] buildSurface skipped chunk(-15,-5)
[21:17:50] [Worker-Main-4/INFO] (Minecraft) [STDOUT]: [Mixin] populateNoise intercepted chunk(-14,-7)
[21:17:50] [Worker-Main-16/INFO] (Minecraft) [STDOUT]: [Mixin] populateNoise intercepted chunk(-15,-4)
[21:17:50] [Worker-Main-16/INFO] (Minecraft) [STDOUT]: [Mixin] populateNoise intercepted chunk(-15,-3)
[21:17:50] [Worker-Main-12/INFO] (Minecraft) [STDOUT]: [Mixin] populateNoise intercepted chunk(-13,-7)
[21:17:50] [Worker-Main-2/INFO] (Minecraft) [STDOUT]: [Mixin] populateNoise intercepted chunk(-12,-7)
[21:17:50] [Worker-Main-6/INFO] (Minecraft) [STDOUT]: [Mixin] populateNoise intercepted chunk(-14,-6)
[21:17:50] [Worker-Main-19/INFO] (Minecraft) [STDOUT]: [Mixin] populateNoise intercepted chunk(-14,-5)
[21:17:50] [Worker-Main-20/INFO] (Minecraft) [STDOUT]: [Mixin] populateNoise intercepted chunk(-13,-6)
[21:17:50] [Worker-Main-3/INFO] (Minecraft) [STDOUT]: [Mixin] populateNoise intercepted chunk(-13,-5)
[21:17:50] [Worker-Main-10/INFO] (Minecraft) [STDOUT]: [Mixin] populateNoise intercepted chunk(-12,-6)
[21:17:50] [Worker-Main-23/INFO] (Minecraft) [STDOUT]: [Mixin] populateNoise intercepted chunk(-15,-2)
[21:17:50] [Worker-Main-5/INFO] (Minecraft) [STDOUT]: [Mixin] populateNoise intercepted chunk(-15,-1)
[21:17:50] [Worker-Main-13/INFO] (Minecraft) [STDOUT]: [Mixin] populateNoise intercepted chunk(-12,-5)
[21:17:50] [Worker-Main-17/INFO] (Minecraft) [STDOUT]: [Mixin] populateNoise intercepted chunk(-14,-4)
[21:17:50] [Worker-Main-7/INFO] (Minecraft) [STDOUT]: [Mixin] populateNoise intercepted chunk(-13,-4)
[21:17:50] [Worker-Main-9/INFO] (Minecraft) [STDOUT]: [Mixin] populateNoise intercepted chunk(-12,-4)
[21:17:50] [Worker-Main-11/INFO] (Minecraft) [STDOUT]: [Mixin] populateNoise intercepted chunk(-14,-3)
[21:17:50] [Worker-Main-18/INFO] (Minecraft) [STDOUT]: [Mixin] populateNoise intercepted chunk(-15,0)
[21:17:50] [Worker-Main-18/INFO] (Minecraft) [STDOUT]: [Mixin] populateNoise intercepted chunk(-15,1)
[21:17:50] [Worker-Main-15/INFO] (Minecraft) [STDOUT]: [Mixin] populateNoise intercepted chunk(-14,-2)
[21:17:50] [Worker-Main-1/INFO] (Minecraft) [STDOUT]: [Mixin] populateNoise intercepted chunk(-14,-18)
[21:17:50] [Worker-Main-8/INFO] (Minecraft) [STDOUT]: [Mixin] populateNoise intercepted chunk(-13,-18)
[21:17:50] [Worker-Main-14/INFO] (Minecraft) [STDOUT]: [Mixin] populateNoise intercepted chunk(-12,-18)
[21:17:50] [Worker-Main-12/INFO] (Minecraft) [STDOUT]: [Mixin] buildSurface skipped chunk(-13,-7)
[21:17:50] [Worker-Main-12/INFO] (Minecraft) [STDOUT]: [Mixin] populateNoise intercepted chunk(-11,-18)
[21:17:50] [Worker-Main-4/INFO] (Minecraft) [STDOUT]: [Mixin] buildSurface skipped chunk(-14,-7)
[21:17:50] [Worker-Main-17/INFO] (Minecraft) [STDOUT]: [Mixin] buildSurface skipped chunk(-14,-5)
[21:17:50] [Worker-Main-17/INFO] (Minecraft) [STDOUT]: [Mixin] buildSurface skipped chunk(-15,-3)
[21:17:50] [Worker-Main-17/INFO] (Minecraft) [STDOUT]: [Mixin] buildSurface skipped chunk(-15,-4)
[21:17:50] [Worker-Main-6/INFO] (Minecraft) [STDOUT]: [Mixin] buildSurface skipped chunk(-13,-5)
[21:17:50] [Worker-Main-6/INFO] (Minecraft) [STDOUT]: [Mixin] buildSurface skipped chunk(-14,-6)
[21:17:50] [Worker-Main-2/INFO] (Minecraft) [STDOUT]: [Mixin] buildSurface skipped chunk(-13,-6)
[21:17:50] [Worker-Main-18/INFO] (Minecraft) [STDOUT]: [Mixin] buildSurface skipped chunk(-12,-6)
[21:17:50] [Worker-Main-23/INFO] (Minecraft) [STDOUT]: [Mixin] buildSurface skipped chunk(-14,-4)
[21:17:50] [Worker-Main-23/INFO] (Minecraft) [STDOUT]: [Mixin] buildSurface skipped chunk(-15,-1)
[21:17:50] [Worker-Main-11/INFO] (Minecraft) [STDOUT]: [Mixin] buildSurface skipped chunk(-12,-5)
[21:17:50] [Worker-Main-11/INFO] (Minecraft) [STDOUT]: [Mixin] buildSurface skipped chunk(-12,-7)
[21:17:50] [Worker-Main-23/INFO] (Minecraft) [STDOUT]: [Mixin] buildSurface skipped chunk(-12,-4)
[21:17:50] [Worker-Main-6/INFO] (Minecraft) [STDOUT]: [Mixin] buildSurface skipped chunk(-15,-2)
[21:17:50] [Worker-Main-11/INFO] (Minecraft) [STDOUT]: [Mixin] buildSurface skipped chunk(-13,-4)
[21:17:50] [Worker-Main-2/INFO] (Minecraft) [STDOUT]: [Mixin] buildSurface skipped chunk(-14,-2)
[21:17:50] [Worker-Main-2/INFO] (Minecraft) [STDOUT]: [Mixin] buildSurface skipped chunk(-15,0)
[21:17:50] [Worker-Main-15/INFO] (Minecraft) [STDOUT]: [Mixin] buildSurface skipped chunk(-14,-3)
[21:17:51] [Worker-Main-9/INFO] (Minecraft) [STDOUT]: [Mixin] populateNoise intercepted chunk(-10,-18)
[21:17:51] [Worker-Main-5/INFO] (Minecraft) [STDOUT]: [Mixin] buildSurface skipped chunk(-14,-18)
[21:17:51] [Worker-Main-11/INFO] (Minecraft) [STDOUT]: [Mixin] buildSurface skipped chunk(-15,1)
[21:17:51] [Worker-Main-11/INFO] (Minecraft) [STDOUT]: [Mixin] buildSurface skipped chunk(-13,-18)
[21:17:51] [Worker-Main-14/INFO] (Minecraft) [STDOUT]: [Mixin] buildSurface skipped chunk(-12,-18)
[21:17:51] [Worker-Main-12/INFO] (Minecraft) [STDOUT]: [Mixin] buildSurface skipped chunk(-11,-18)
[21:17:51] [Worker-Main-7/INFO] (Minecraft) [STDOUT]: [Mixin] populateNoise intercepted chunk(-13,-3)
[21:17:51] [Worker-Main-17/INFO] (Minecraft) [STDOUT]: [Mixin] populateNoise intercepted chunk(-13,-2)
[21:17:51] [Worker-Main-5/INFO] (Minecraft) [STDOUT]: [Mixin] populateNoise intercepted chunk(-12,-3)
[21:17:51] [Worker-Main-2/INFO] (Minecraft) [STDOUT]: [Mixin] populateNoise intercepted chunk(-12,-2)
[21:17:51] [Worker-Main-13/INFO] (Minecraft) [STDOUT]: [Mixin] populateNoise intercepted chunk(-11,-4)
[21:17:51] [Worker-Main-13/INFO] (Minecraft) [STDOUT]: [Mixin] populateNoise intercepted chunk(-11,-3)
[21:17:51] [Worker-Main-14/INFO] (Minecraft) [STDOUT]: [Mixin] populateNoise intercepted chunk(-11,-2)
[21:17:51] [Worker-Main-6/INFO] (Minecraft) [STDOUT]: [Mixin] populateNoise intercepted chunk(-11,-5)
[21:17:51] [Worker-Main-21/INFO] (Minecraft) [STDOUT]: [Mixin] populateNoise intercepted chunk(-9,-18)
[21:17:51] [Worker-Main-10/INFO] (Minecraft) [STDOUT]: [Mixin] populateNoise intercepted chunk(-8,-18)
[21:17:51] [Worker-Main-19/INFO] (Minecraft) [STDOUT]: [Mixin] populateNoise intercepted chunk(-11,-7)
[21:17:51] [Worker-Main-22/INFO] (Minecraft) [STDOUT]: [Mixin] populateNoise intercepted chunk(-11,-6)
[21:17:51] [Worker-Main-3/INFO] (Minecraft) [STDOUT]: [Mixin] populateNoise intercepted chunk(-10,-7)
[21:17:51] [Worker-Main-4/INFO] (Minecraft) [STDOUT]: [Mixin] populateNoise intercepted chunk(-9,-7)
[21:17:51] [Worker-Main-16/INFO] (Minecraft) [STDOUT]: [Mixin] populateNoise intercepted chunk(-8,-7)
[21:17:51] [Worker-Main-18/INFO] (Minecraft) [STDOUT]: [Mixin] populateNoise intercepted chunk(-10,-2)
[21:17:51] [Worker-Main-8/INFO] (Minecraft) [STDOUT]: [Mixin] populateNoise intercepted chunk(-9,-2)
[21:17:51] [Worker-Main-20/INFO] (Minecraft) [STDOUT]: [Mixin] populateNoise intercepted chunk(-10,-6)
[21:17:51] [Worker-Main-1/INFO] (Minecraft) [STDOUT]: [Mixin] populateNoise intercepted chunk(-9,-6)
[21:17:51] [Worker-Main-1/INFO] (Minecraft) [STDOUT]: [Mixin] populateNoise intercepted chunk(-8,-2)
[21:17:51] [Worker-Main-12/INFO] (Minecraft) [STDOUT]: [Mixin] populateNoise intercepted chunk(-10,-3)
[21:17:51] [Worker-Main-11/INFO] (Minecraft) [STDOUT]: [Mixin] populateNoise intercepted chunk(-9,-3)
[21:17:51] [Worker-Main-9/INFO] (Minecraft) [STDOUT]: [Mixin] populateNoise intercepted chunk(-10,-5)
[21:17:51] [Worker-Main-7/INFO] (Minecraft) [STDOUT]: [Mixin] buildSurface skipped chunk(-13,-3)
[21:17:51] [Worker-Main-7/INFO] (Minecraft) [STDOUT]: [Mixin] buildSurface skipped chunk(-12,-3)
[21:17:51] [Worker-Main-23/INFO] (Minecraft) [STDOUT]: [Mixin] buildSurface skipped chunk(-13,-2)
[21:17:51] [Worker-Main-7/INFO] (Minecraft) [STDOUT]: [Mixin] buildSurface skipped chunk(-11,-4)
[21:17:51] [Worker-Main-20/INFO] (Minecraft) [STDOUT]: [Mixin] buildSurface skipped chunk(-11,-2)
[21:17:51] [Worker-Main-20/INFO] (Minecraft) [STDOUT]: [Mixin] buildSurface skipped chunk(-11,-3)
[21:17:51] [Worker-Main-14/INFO] (Minecraft) [STDOUT]: [Mixin] populateNoise intercepted chunk(-10,-4)
[21:17:51] [Worker-Main-6/INFO] (Minecraft) [STDOUT]: [Mixin] populateNoise intercepted chunk(-9,-4)
[21:17:51] [Worker-Main-4/INFO] (Minecraft) [STDOUT]: [Mixin] populateNoise intercepted chunk(-8,-4)
[21:17:51] [Worker-Main-20/INFO] (Minecraft) [STDOUT]: [Mixin] populateNoise intercepted chunk(-8,-3)
[21:17:51] [Worker-Main-3/INFO] (Minecraft) [STDOUT]: [Mixin] buildSurface skipped chunk(-11,-5)
[21:17:51] [Worker-Main-13/INFO] (Minecraft) [STDOUT]: [Mixin] buildSurface skipped chunk(-10,-2)
[21:17:51] [Worker-Main-3/INFO] (Minecraft) [STDOUT]: [Mixin] populateNoise intercepted chunk(-9,-5)
[21:17:51] [Worker-Main-21/INFO] (Minecraft) [STDOUT]: [Mixin] populateNoise intercepted chunk(-8,-5)
[21:17:51] [Worker-Main-21/INFO] (Minecraft) [STDOUT]: [Mixin] buildSurface skipped chunk(-10,-18)
[21:17:51] [Worker-Main-10/INFO] (Minecraft) [STDOUT]: [Mixin] buildSurface skipped chunk(-10,-6)
[21:17:51] [Worker-Main-13/INFO] (Minecraft) [STDOUT]: [Mixin] populateNoise intercepted chunk(-8,-6)
[21:17:51] [Worker-Main-21/INFO] (Minecraft) [STDOUT]: [Mixin] buildSurface skipped chunk(-9,-6)
[21:17:51] [Worker-Main-10/INFO] (Minecraft) [STDOUT]: [Mixin] buildSurface skipped chunk(-11,-7)
[21:17:51] [Worker-Main-10/INFO] (Minecraft) [STDOUT]: [Mixin] buildSurface skipped chunk(-10,-7)
[21:17:51] [Worker-Main-18/INFO] (Minecraft) [STDOUT]: [Mixin] buildSurface skipped chunk(-8,-18)
[21:17:51] [Worker-Main-10/INFO] (Minecraft) [STDOUT]: [Mixin] buildSurface skipped chunk(-9,-7)
[21:17:51] [Worker-Main-18/INFO] (Minecraft) [STDOUT]: [Mixin] buildSurface skipped chunk(-9,-18)
[21:17:51] [Worker-Main-18/INFO] (Minecraft) [STDOUT]: [Mixin] buildSurface skipped chunk(-11,-6)
[21:17:51] [Worker-Main-21/INFO] (Minecraft) [STDOUT]: [Mixin] buildSurface skipped chunk(-12,-2)
[21:17:51] [Worker-Main-10/INFO] (Minecraft) [STDOUT]: [Mixin] buildSurface skipped chunk(-10,-3)
[21:17:51] [Worker-Main-2/INFO] (Minecraft) [STDOUT]: [Mixin] buildSurface skipped chunk(-8,-7)
[21:17:51] [Worker-Main-1/INFO] (Minecraft) [STDOUT]: [Mixin] buildSurface skipped chunk(-8,-2)
[21:17:51] [Worker-Main-18/INFO] (Minecraft) [STDOUT]: [Mixin] buildSurface skipped chunk(-9,-3)
[21:17:51] [Worker-Main-18/INFO] (Minecraft) [STDOUT]: [Mixin] buildSurface skipped chunk(-9,-2)
[21:17:51] [Worker-Main-11/INFO] (Minecraft) [STDOUT]: [Mixin] buildSurface skipped chunk(-10,-5)
[21:17:51] [Worker-Main-9/INFO] (Minecraft) [STDOUT]: [Mixin] buildSurface skipped chunk(-10,-4)
[21:17:51] [Worker-Main-16/INFO] (Minecraft) [STDOUT]: [Mixin] buildSurface skipped chunk(-9,-4)
[21:17:51] [Worker-Main-20/INFO] (Minecraft) [STDOUT]: [Mixin] buildSurface skipped chunk(-9,-5)
[21:17:51] [Worker-Main-20/INFO] (Minecraft) [STDOUT]: [Mixin] buildSurface skipped chunk(-8,-4)
[21:17:51] [Worker-Main-20/INFO] (Minecraft) [STDOUT]: [Mixin] buildSurface skipped chunk(-8,-6)
[21:17:51] [Worker-Main-13/INFO] (Minecraft) [STDOUT]: [Mixin] buildSurface skipped chunk(-8,-3)
[21:17:51] [Worker-Main-1/INFO] (Minecraft) [STDOUT]: [Mixin] buildSurface skipped chunk(-8,-5)
[21:17:51] [Worker-Main-4/INFO] (Minecraft) [STDOUT]: [Mixin] populateNoise intercepted chunk(-7,-6)
[21:17:51] [Worker-Main-11/INFO] (Minecraft) [STDOUT]: [Mixin] populateNoise intercepted chunk(-7,-5)
[21:17:51] [Worker-Main-10/INFO] (Minecraft) [STDOUT]: [Mixin] populateNoise intercepted chunk(-7,-3)
[21:17:51] [Worker-Main-7/INFO] (Minecraft) [STDOUT]: [Mixin] populateNoise intercepted chunk(-7,-2)
[21:17:51] [Worker-Main-1/INFO] (Minecraft) [STDOUT]: [Mixin] populateNoise intercepted chunk(-7,-4)
[21:17:51] [Worker-Main-2/INFO] (Minecraft) [STDOUT]: [Mixin] populateNoise intercepted chunk(-6,-6)
[21:17:51] [Worker-Main-20/INFO] (Minecraft) [STDOUT]: [Mixin] populateNoise intercepted chunk(-6,-5)
[21:17:51] [Worker-Main-18/INFO] (Minecraft) [STDOUT]: [Mixin] populateNoise intercepted chunk(-14,-1)
[21:17:51] [Worker-Main-22/INFO] (Minecraft) [STDOUT]: [Mixin] populateNoise intercepted chunk(-13,-1)
[21:17:51] [Worker-Main-18/INFO] (Minecraft) [STDOUT]: [Mixin] populateNoise intercepted chunk(-12,-1)
[21:17:51] [Worker-Main-17/INFO] (Minecraft) [STDOUT]: [Mixin] populateNoise intercepted chunk(-11,-1)
[21:17:51] [Worker-Main-17/INFO] (Minecraft) [STDOUT]: [Mixin] populateNoise intercepted chunk(-5,-6)
[21:17:51] [Worker-Main-8/INFO] (Minecraft) [STDOUT]: [Mixin] populateNoise intercepted chunk(-5,-5)
[21:17:51] [Worker-Main-16/INFO] (Minecraft) [STDOUT]: [Mixin] populateNoise intercepted chunk(-10,-1)
[21:17:51] [Worker-Main-3/INFO] (Minecraft) [STDOUT]: [Mixin] populateNoise intercepted chunk(-9,-1)
[21:17:51] [Worker-Main-13/INFO] (Minecraft) [STDOUT]: [Mixin] populateNoise intercepted chunk(-8,-1)
[21:17:51] [Worker-Main-19/INFO] (Minecraft) [STDOUT]: [Mixin] populateNoise intercepted chunk(-7,-1)
[21:17:51] [Worker-Main-9/INFO] (Minecraft) [STDOUT]: [Mixin] populateNoise intercepted chunk(-4,-6)
[21:17:51] [Worker-Main-7/INFO] (Minecraft) [STDOUT]: [Mixin] populateNoise intercepted chunk(-3,-6)
[21:17:51] [Worker-Main-15/INFO] (Minecraft) [STDOUT]: [Mixin] populateNoise intercepted chunk(-4,-5)
[21:17:51] [Worker-Main-12/INFO] (Minecraft) [STDOUT]: [Mixin] populateNoise intercepted chunk(-7,-7)
[21:17:51] [Worker-Main-1/INFO] (Minecraft) [STDOUT]: [Mixin] populateNoise intercepted chunk(-6,-7)
[21:17:51] [Worker-Main-14/INFO] (Minecraft) [STDOUT]: [Mixin] populateNoise intercepted chunk(-7,-8)
[21:17:51] [Worker-Main-10/INFO] (Minecraft) [STDOUT]: [Mixin] populateNoise intercepted chunk(-3,-5)
[21:17:51] [Worker-Main-20/INFO] (Minecraft) [STDOUT]: [Mixin] buildSurface skipped chunk(-6,-5)
[21:17:51] [Worker-Main-20/INFO] (Minecraft) [STDOUT]: [Mixin] buildSurface skipped chunk(-7,-3)
[21:17:51] [Worker-Main-4/INFO] (Minecraft) [STDOUT]: [Mixin] buildSurface skipped chunk(-7,-6)
[21:17:51] [Worker-Main-4/INFO] (Minecraft) [STDOUT]: [Mixin] buildSurface skipped chunk(-7,-5)
[21:17:51] [Worker-Main-11/INFO] (Minecraft) [STDOUT]: [Mixin] buildSurface skipped chunk(-10,-1)
[21:17:51] [Worker-Main-6/INFO] (Minecraft) [STDOUT]: [Mixin] buildSurface skipped chunk(-11,-1)
[21:17:51] [Worker-Main-17/INFO] (Minecraft) [STDOUT]: [Mixin] buildSurface skipped chunk(-6,-6)
[21:17:51] [Worker-Main-2/INFO] (Minecraft) [STDOUT]: [Mixin] buildSurface skipped chunk(-5,-6)
[21:17:51] [Worker-Main-17/INFO] (Minecraft) [STDOUT]: [Mixin] buildSurface skipped chunk(-5,-5)
[21:17:51] [Worker-Main-17/INFO] (Minecraft) [STDOUT]: [Mixin] buildSurface skipped chunk(-12,-1)
[21:17:51] [Worker-Main-17/INFO] (Minecraft) [STDOUT]: [Mixin] buildSurface skipped chunk(-14,-1)
[21:17:51] [Worker-Main-7/INFO] (Minecraft) [STDOUT]: [Mixin] buildSurface skipped chunk(-13,-1)
[21:17:51] [Worker-Main-9/INFO] (Minecraft) [STDOUT]: [Mixin] buildSurface skipped chunk(-9,-1)
[21:17:51] [Worker-Main-12/INFO] (Minecraft) [STDOUT]: [Mixin] buildSurface skipped chunk(-7,-7)
[21:17:51] [Worker-Main-1/INFO] (Minecraft) [STDOUT]: [Mixin] buildSurface skipped chunk(-6,-7)
[21:17:51] [Worker-Main-9/INFO] (Minecraft) [STDOUT]: [Mixin] buildSurface skipped chunk(-7,-8)
[21:17:51] [Worker-Main-15/INFO] (Minecraft) [STDOUT]: [Mixin] populateNoise intercepted chunk(-6,-4)
[21:17:51] [Worker-Main-1/INFO] (Minecraft) [STDOUT]: [Mixin] buildSurface skipped chunk(-7,-4)
[21:17:51] [Worker-Main-12/INFO] (Minecraft) [STDOUT]: [Mixin] buildSurface skipped chunk(-4,-6)
[21:17:51] [Worker-Main-9/INFO] (Minecraft) [STDOUT]: [Mixin] buildSurface skipped chunk(-8,-1)
[21:17:51] [Worker-Main-12/INFO] (Minecraft) [STDOUT]: [Mixin] buildSurface skipped chunk(-4,-5)
[21:17:51] [Worker-Main-5/INFO] (Minecraft) [STDOUT]: [Mixin] buildSurface skipped chunk(-7,-2)
[21:17:51] [Worker-Main-19/INFO] (Minecraft) [STDOUT]: [Mixin] buildSurface skipped chunk(-3,-6)
[21:17:51] [Worker-Main-10/INFO] (Minecraft) [STDOUT]: [Mixin] buildSurface skipped chunk(-7,-1)
[21:17:51] [Worker-Main-19/INFO] (Minecraft) [STDOUT]: [Mixin] buildSurface skipped chunk(-3,-5)
[21:17:51] [Worker-Main-14/INFO] (Minecraft) [STDOUT]: [Mixin] populateNoise intercepted chunk(-5,-4)
[21:17:51] [Worker-Main-14/INFO] (Minecraft) [STDOUT]: [Mixin] populateNoise intercepted chunk(-4,-4)
[21:17:51] [Worker-Main-3/INFO] (Minecraft) [STDOUT]: [Mixin] populateNoise intercepted chunk(-3,-4)
[21:17:51] [Worker-Main-5/INFO] (Minecraft) [STDOUT]: [Mixin] populateNoise intercepted chunk(-6,-8)
[21:17:51] [Worker-Main-22/INFO] (Minecraft) [STDOUT]: [Mixin] populateNoise intercepted chunk(-5,-7)
[21:17:51] [Worker-Main-13/INFO] (Minecraft) [STDOUT]: [Mixin] populateNoise intercepted chunk(-5,-8)
[21:17:51] [Worker-Main-7/INFO] (Minecraft) [STDOUT]: [Mixin] populateNoise intercepted chunk(-3,-3)
[21:17:51] [Worker-Main-23/INFO] (Minecraft) [STDOUT]: [Mixin] populateNoise intercepted chunk(-11,0)
[21:17:51] [Worker-Main-18/INFO] (Minecraft) [STDOUT]: [Mixin] populateNoise intercepted chunk(-6,-3)
[21:17:51] [Worker-Main-6/INFO] (Minecraft) [STDOUT]: [Mixin] populateNoise intercepted chunk(-6,-2)
[21:17:51] [Worker-Main-2/INFO] (Minecraft) [STDOUT]: [Mixin] populateNoise intercepted chunk(-6,-1)
[21:17:51] [Worker-Main-12/INFO] (Minecraft) [STDOUT]: [Mixin] populateNoise intercepted chunk(-5,-3)
[21:17:51] [Worker-Main-4/INFO] (Minecraft) [STDOUT]: [Mixin] populateNoise intercepted chunk(-14,0)
[21:17:51] [Worker-Main-16/INFO] (Minecraft) [STDOUT]: [Mixin] populateNoise intercepted chunk(-13,0)
[21:17:51] [Worker-Main-9/INFO] (Minecraft) [STDOUT]: [Mixin] populateNoise intercepted chunk(-12,0)
[21:17:51] [Worker-Main-21/INFO] (Minecraft) [STDOUT]: [Mixin] populateNoise intercepted chunk(-6,0)
[21:17:51] [Worker-Main-11/INFO] (Minecraft) [STDOUT]: [Mixin] populateNoise intercepted chunk(-10,0)
[21:17:51] [Worker-Main-8/INFO] (Minecraft) [STDOUT]: [Mixin] populateNoise intercepted chunk(-9,0)
[21:17:51] [Worker-Main-20/INFO] (Minecraft) [STDOUT]: [Mixin] populateNoise intercepted chunk(-8,0)
[21:17:51] [Worker-Main-19/INFO] (Minecraft) [STDOUT]: [Mixin] populateNoise intercepted chunk(-7,0)
[21:17:51] [Worker-Main-10/INFO] (Minecraft) [STDOUT]: [Mixin] populateNoise intercepted chunk(-6,-9)
[21:17:51] [Worker-Main-17/INFO] (Minecraft) [STDOUT]: [Mixin] populateNoise intercepted chunk(-7,-9)
[21:17:51] [Worker-Main-15/INFO] (Minecraft) [STDOUT]: [Mixin] populateNoise intercepted chunk(-4,-7)
[21:17:51] [Worker-Main-14/INFO] (Minecraft) [STDOUT]: [Mixin] populateNoise intercepted chunk(-5,-9)
[21:17:51] [Worker-Main-1/INFO] (Minecraft) [STDOUT]: [Mixin] buildSurface skipped chunk(-6,-4)
[21:17:51] [Worker-Main-1/INFO] (Minecraft) [STDOUT]: [Mixin] buildSurface skipped chunk(-4,-4)
[21:17:51] [Worker-Main-1/INFO] (Minecraft) [STDOUT]: [Mixin] buildSurface skipped chunk(-5,-4)
[21:17:51] [Worker-Main-5/INFO] (Minecraft) [STDOUT]: [Mixin] buildSurface skipped chunk(-5,-7)
[21:17:51] [Worker-Main-12/INFO] (Minecraft) [STDOUT]: [Mixin] buildSurface skipped chunk(-6,-8)
[21:17:51] [Worker-Main-7/INFO] (Minecraft) [STDOUT]: [Mixin] buildSurface skipped chunk(-5,-8)
[21:17:51] [Worker-Main-2/INFO] (Minecraft) [STDOUT]: [Mixin] buildSurface skipped chunk(-6,-2)
[21:17:51] [Worker-Main-2/INFO] (Minecraft) [STDOUT]: [Mixin] buildSurface skipped chunk(-6,-3)
[21:17:51] [Worker-Main-2/INFO] (Minecraft) [STDOUT]: [Mixin] buildSurface skipped chunk(-6,-1)
[21:17:51] [Worker-Main-4/INFO] (Minecraft) [STDOUT]: [Mixin] buildSurface skipped chunk(-6,-9)
[21:17:51] [Worker-Main-9/INFO] (Minecraft) [STDOUT]: [Mixin] buildSurface skipped chunk(-14,0)
[21:17:51] [Worker-Main-9/INFO] (Minecraft) [STDOUT]: [Mixin] buildSurface skipped chunk(-11,0)
[21:17:51] [Worker-Main-9/INFO] (Minecraft) [STDOUT]: [Mixin] buildSurface skipped chunk(-12,0)
[21:17:51] [Worker-Main-17/INFO] (Minecraft) [STDOUT]: [Mixin] buildSurface skipped chunk(-7,0)
[21:17:51] [Worker-Main-8/INFO] (Minecraft) [STDOUT]: [Mixin] buildSurface skipped chunk(-13,0)
[21:17:51] [Worker-Main-16/INFO] (Minecraft) [STDOUT]: [Mixin] buildSurface skipped chunk(-8,0)
[21:17:51] [Worker-Main-8/INFO] (Minecraft) [STDOUT]: [Mixin] populateNoise intercepted chunk(-5,-1)
[21:17:51] [Worker-Main-21/INFO] (Minecraft) [STDOUT]: [Mixin] populateNoise intercepted chunk(-5,-2)
[21:17:51] [Worker-Main-9/INFO] (Minecraft) [STDOUT]: [Mixin] buildSurface skipped chunk(-5,-3)
[21:17:51] [Worker-Main-9/INFO] (Minecraft) [STDOUT]: [Mixin] buildSurface skipped chunk(-6,0)
[21:17:51] [Worker-Main-9/INFO] (Minecraft) [STDOUT]: [Mixin] buildSurface skipped chunk(-7,-9)
[21:17:51] [Worker-Main-20/INFO] (Minecraft) [STDOUT]: [Mixin] buildSurface skipped chunk(-9,0)
[21:17:51] [Worker-Main-15/INFO] (Minecraft) [STDOUT]: [Mixin] buildSurface skipped chunk(-4,-7)
[21:17:51] [Worker-Main-23/INFO] (Minecraft) [STDOUT]: [Mixin] buildSurface skipped chunk(-5,-9)
[21:17:51] [Worker-Main-16/INFO] (Minecraft) [STDOUT]: [Mixin] buildSurface skipped chunk(-10,0)
[21:17:51] [Worker-Main-14/INFO] (Minecraft) [STDOUT]: [Mixin] populateNoise intercepted chunk(-5,0)
[21:17:51] [Worker-Main-15/INFO] (Minecraft) [STDOUT]: [Mixin] populateNoise intercepted chunk(-4,-3)
[21:17:51] [Worker-Main-19/INFO] (Minecraft) [STDOUT]: [Mixin] buildSurface skipped chunk(-3,-4)
[21:17:51] [Worker-Main-16/INFO] (Minecraft) [STDOUT]: [Mixin] buildSurface skipped chunk(-3,-3)
[21:17:51] [Worker-Main-9/INFO] (Minecraft) [STDOUT]: [Mixin] buildSurface skipped chunk(-5,-2)
[21:17:51] [Worker-Main-14/INFO] (Minecraft) [STDOUT]: [Mixin] buildSurface skipped chunk(-5,-1)
[21:17:51] [Worker-Main-16/INFO] (Minecraft) [STDOUT]: [Mixin] populateNoise intercepted chunk(-2,-5)
[21:17:51] [Worker-Main-8/INFO] (Minecraft) [STDOUT]: [Mixin] populateNoise intercepted chunk(-2,-4)
[21:17:51] [Worker-Main-2/INFO] (Minecraft) [STDOUT]: [Mixin] populateNoise intercepted chunk(-2,-3)
[21:17:51] [Worker-Main-18/INFO] (Minecraft) [STDOUT]: [Mixin] populateNoise intercepted chunk(-1,-5)
[21:17:51] [Worker-Main-3/INFO] (Minecraft) [STDOUT]: [Mixin] populateNoise intercepted chunk(-2,-6)
[21:17:51] [Worker-Main-13/INFO] (Minecraft) [STDOUT]: [Mixin] populateNoise intercepted chunk(-1,-6)
[21:17:51] [Worker-Main-10/INFO] (Minecraft) [STDOUT]: [Mixin] populateNoise intercepted chunk(-1,-4)
[21:17:51] [Worker-Main-14/INFO] (Minecraft) [STDOUT]: [Mixin] populateNoise intercepted chunk(-4,-2)
[21:17:51] [Worker-Main-1/INFO] (Minecraft) [STDOUT]: [Mixin] populateNoise intercepted chunk(-4,-1)
[21:17:51] [Worker-Main-21/INFO] (Minecraft) [STDOUT]: [Mixin] populateNoise intercepted chunk(-3,-1)
[21:17:51] [Worker-Main-15/INFO] (Minecraft) [STDOUT]: [Mixin] populateNoise intercepted chunk(-3,-2)
[21:17:51] [Worker-Main-7/INFO] (Minecraft) [STDOUT]: [Mixin] populateNoise intercepted chunk(-4,0)
[21:17:51] [Worker-Main-4/INFO] (Minecraft) [STDOUT]: [Mixin] populateNoise intercepted chunk(-3,0)
[21:17:51] [Worker-Main-11/INFO] (Minecraft) [STDOUT]: [Mixin] populateNoise intercepted chunk(-2,-2)
[21:17:51] [Worker-Main-22/INFO] (Minecraft) [STDOUT]: [Mixin] populateNoise intercepted chunk(-2,-1)
[21:17:51] [Worker-Main-19/INFO] (Minecraft) [STDOUT]: [Mixin] populateNoise intercepted chunk(-2,0)
[21:17:51] [Worker-Main-5/INFO] (Minecraft) [STDOUT]: [Mixin] populateNoise intercepted chunk(-4,-9)
[21:17:51] [Worker-Main-6/INFO] (Minecraft) [STDOUT]: [Mixin] populateNoise intercepted chunk(-4,-8)
[21:17:51] [Worker-Main-12/INFO] (Minecraft) [STDOUT]: [Mixin] populateNoise intercepted chunk(-1,-3)
[21:17:51] [Worker-Main-9/INFO] (Minecraft) [STDOUT]: [Mixin] populateNoise intercepted chunk(-1,-2)
[21:17:51] [Worker-Main-23/INFO] (Minecraft) [STDOUT]: [Mixin] populateNoise intercepted chunk(-1,-1)
[21:17:51] [Worker-Main-20/INFO] (Minecraft) [STDOUT]: [Mixin] buildSurface skipped chunk(-4,-3)
[21:17:51] [Worker-Main-20/INFO] (Minecraft) [STDOUT]: [Mixin] populateNoise intercepted chunk(-1,0)
[21:17:51] [Worker-Main-17/INFO] (Minecraft) [STDOUT]: [Mixin] buildSurface skipped chunk(-5,0)
[21:17:51] [Worker-Main-17/INFO] (Minecraft) [STDOUT]: [Mixin] populateNoise intercepted chunk(-7,-10)
[21:17:51] [Worker-Main-18/INFO] (Minecraft) [STDOUT]: [Mixin] populateNoise intercepted chunk(-7,-11)
[21:17:51] [Worker-Main-10/INFO] (Minecraft) [STDOUT]: [Mixin] populateNoise intercepted chunk(-7,-12)
[21:17:51] [Worker-Main-2/INFO] (Minecraft) [STDOUT]: [Mixin] buildSurface skipped chunk(-2,-3)
[21:17:51] [Worker-Main-2/INFO] (Minecraft) [STDOUT]: [Mixin] buildSurface skipped chunk(-2,-4)
[21:17:51] [Worker-Main-2/INFO] (Minecraft) [STDOUT]: [Mixin] populateNoise intercepted chunk(-7,-15)
[21:17:51] [Worker-Main-3/INFO] (Minecraft) [STDOUT]: [Mixin] populateNoise intercepted chunk(-7,-14)
[21:17:51] [Worker-Main-8/INFO] (Minecraft) [STDOUT]: [Mixin] populateNoise intercepted chunk(-7,-13)
[21:17:51] [Worker-Main-21/INFO] (Minecraft) [STDOUT]: [Mixin] buildSurface skipped chunk(-3,-1)
[21:17:51] [Worker-Main-16/INFO] (Minecraft) [STDOUT]: [Mixin] buildSurface skipped chunk(-4,-2)
[21:17:51] [Worker-Main-13/INFO] (Minecraft) [STDOUT]: [Mixin] buildSurface skipped chunk(-1,-2)
[21:17:51] [Worker-Main-14/INFO] (Minecraft) [STDOUT]: [Mixin] buildSurface skipped chunk(-2,-1)
[21:17:51] [Worker-Main-22/INFO] (Minecraft) [STDOUT]: [Mixin] buildSurface skipped chunk(-4,-1)
[21:17:51] [Worker-Main-22/INFO] (Minecraft) [STDOUT]: [Mixin] buildSurface skipped chunk(-3,-2)
[21:17:51] [Worker-Main-15/INFO] (Minecraft) [STDOUT]: [Mixin] buildSurface skipped chunk(-2,-2)
[21:17:51] [Worker-Main-23/INFO] (Minecraft) [STDOUT]: [Mixin] buildSurface skipped chunk(-1,-1)
[21:17:51] [Worker-Main-19/INFO] (Minecraft) [STDOUT]: [Mixin] buildSurface skipped chunk(-2,-5)
[21:17:51] [Worker-Main-19/INFO] (Minecraft) [STDOUT]: [Mixin] buildSurface skipped chunk(-1,-4)
[21:17:51] [Worker-Main-7/INFO] (Minecraft) [STDOUT]: [Mixin] buildSurface skipped chunk(-3,0)
[21:17:51] [Worker-Main-7/INFO] (Minecraft) [STDOUT]: [Mixin] buildSurface skipped chunk(-2,0)
[21:17:51] [Worker-Main-7/INFO] (Minecraft) [STDOUT]: [Mixin] buildSurface skipped chunk(-4,0)
[21:17:51] [Worker-Main-12/INFO] (Minecraft) [STDOUT]: [Mixin] buildSurface skipped chunk(-1,-3)
[21:17:51] [Worker-Main-7/INFO] (Minecraft) [STDOUT]: [Mixin] buildSurface skipped chunk(-4,-9)
[21:17:51] [Worker-Main-7/INFO] (Minecraft) [STDOUT]: [Mixin] buildSurface skipped chunk(-4,-8)
[21:17:51] [Worker-Main-2/INFO] (Minecraft) [STDOUT]: [Mixin] buildSurface skipped chunk(-1,-5)
[21:17:51] [Worker-Main-3/INFO] (Minecraft) [STDOUT]: [Mixin] buildSurface skipped chunk(-2,-6)
[21:17:51] [Worker-Main-3/INFO] (Minecraft) [STDOUT]: [Mixin] buildSurface skipped chunk(-1,-6)
[21:17:51] [Worker-Main-10/INFO] (Minecraft) [STDOUT]: [Mixin] buildSurface skipped chunk(-7,-11)
[21:17:51] [Worker-Main-10/INFO] (Minecraft) [STDOUT]: [Mixin] buildSurface skipped chunk(-1,0)
[21:17:51] [Worker-Main-10/INFO] (Minecraft) [STDOUT]: [Mixin] buildSurface skipped chunk(-7,-10)
[21:17:51] [Worker-Main-8/INFO] (Minecraft) [STDOUT]: [Mixin] buildSurface skipped chunk(-7,-12)
[21:17:51] [Worker-Main-18/INFO] (Minecraft) [STDOUT]: [Mixin] buildSurface skipped chunk(-7,-13)
[21:17:51] [Worker-Main-3/INFO] (Minecraft) [STDOUT]: [Mixin] buildSurface skipped chunk(-7,-14)
[21:17:51] [Worker-Main-18/INFO] (Minecraft) [STDOUT]: [Mixin] buildSurface skipped chunk(-7,-15)
[21:17:51] [Worker-Main-20/INFO] (Minecraft) [STDOUT]: [Mixin] populateNoise intercepted chunk(0,-2)
[21:17:51] [Worker-Main-3/INFO] (Minecraft) [STDOUT]: [Mixin] populateNoise intercepted chunk(0,-1)
[21:17:51] [Worker-Main-17/INFO] (Minecraft) [STDOUT]: [Mixin] populateNoise intercepted chunk(0,-3)
[21:17:51] [Worker-Main-21/INFO] (Minecraft) [STDOUT]: [Mixin] populateNoise intercepted chunk(0,0)
[21:17:51] [Worker-Main-1/INFO] (Minecraft) [STDOUT]: [Mixin] populateNoise intercepted chunk(0,-4)
[21:17:51] [Worker-Main-15/INFO] (Minecraft) [STDOUT]: [Mixin] populateNoise intercepted chunk(0,-5)
[21:17:51] [Worker-Main-19/INFO] (Minecraft) [STDOUT]: [Mixin] populateNoise intercepted chunk(0,-6)
[21:17:51] [Worker-Main-7/INFO] (Minecraft) [STDOUT]: [Mixin] populateNoise intercepted chunk(1,-3)
[21:17:51] [Worker-Main-9/INFO] (Minecraft) [STDOUT]: [Mixin] populateNoise intercepted chunk(-3,-7)
[21:17:51] [Worker-Main-11/INFO] (Minecraft) [STDOUT]: [Mixin] populateNoise intercepted chunk(-3,-8)
[21:17:51] [Worker-Main-11/INFO] (Minecraft) [STDOUT]: [Mixin] populateNoise intercepted chunk(1,-2)
[21:17:51] [Worker-Main-18/INFO] (Minecraft) [STDOUT]: [Mixin] populateNoise intercepted chunk(1,-4)
[21:17:51] [Worker-Main-2/INFO] (Minecraft) [STDOUT]: [Mixin] populateNoise intercepted chunk(1,-5)
[21:17:51] [Worker-Main-4/INFO] (Minecraft) [STDOUT]: [Mixin] populateNoise intercepted chunk(1,-6)
[21:17:51] [Worker-Main-8/INFO] (Minecraft) [STDOUT]: [Mixin] populateNoise intercepted chunk(-2,-7)
[21:17:51] [Worker-Main-10/INFO] (Minecraft) [STDOUT]: [Mixin] populateNoise intercepted chunk(-7,-18)
[21:17:51] [Worker-Main-20/INFO] (Minecraft) [STDOUT]: [Mixin] buildSurface skipped chunk(0,-2)
[21:17:51] [Worker-Main-23/INFO] (Minecraft) [STDOUT]: [Mixin] populateNoise intercepted chunk(-2,-8)
[21:17:51] [Worker-Main-13/INFO] (Minecraft) [STDOUT]: [Mixin] populateNoise intercepted chunk(-1,-7)
[21:17:51] [Worker-Main-16/INFO] (Minecraft) [STDOUT]: [Mixin] populateNoise intercepted chunk(-1,-8)
[21:17:51] [Worker-Main-20/INFO] (Minecraft) [STDOUT]: [Mixin] buildSurface skipped chunk(0,-3)
[21:17:51] [Worker-Main-14/INFO] (Minecraft) [STDOUT]: [Mixin] populateNoise intercepted chunk(0,-7)
[21:17:51] [Worker-Main-17/INFO] (Minecraft) [STDOUT]: [Mixin] populateNoise intercepted chunk(-3,-9)
[21:17:51] [Worker-Main-3/INFO] (Minecraft) [STDOUT]: [Mixin] buildSurface skipped chunk(0,-1)
[21:17:51] [Worker-Main-22/INFO] (Minecraft) [STDOUT]: [Mixin] populateNoise intercepted chunk(-7,-17)
[21:17:51] [Worker-Main-5/INFO] (Minecraft) [STDOUT]: [Mixin] populateNoise intercepted chunk(-7,-16)
[21:17:51] [Worker-Main-5/INFO] (Minecraft) [STDOUT]: [Mixin] populateNoise intercepted chunk(1,-1)
[21:17:51] [Worker-Main-20/INFO] (Minecraft) [STDOUT]: [Mixin] populateNoise intercepted chunk(1,0)
[21:17:51] [Worker-Main-12/INFO] (Minecraft) [STDOUT]: [Mixin] populateNoise intercepted chunk(-2,-9)
[21:17:51] [Worker-Main-21/INFO] (Minecraft) [STDOUT]: [Mixin] buildSurface skipped chunk(0,0)
[21:17:51] [Worker-Main-21/INFO] (Minecraft) [STDOUT]: [Mixin] populateNoise intercepted chunk(-1,-9)
[21:17:51] [Worker-Main-1/INFO] (Minecraft) [STDOUT]: [Mixin] buildSurface skipped chunk(0,-4)
[21:17:51] [Worker-Main-1/INFO] (Minecraft) [STDOUT]: [Mixin] populateNoise intercepted chunk(0,-8)
[21:17:51] [Worker-Main-7/INFO] (Minecraft) [STDOUT]: [Mixin] buildSurface skipped chunk(1,-3)
[21:17:51] [Worker-Main-7/INFO] (Minecraft) [STDOUT]: [Mixin] buildSurface skipped chunk(-2,-7)
[21:17:51] [Worker-Main-8/INFO] (Minecraft) [STDOUT]: [Mixin] buildSurface skipped chunk(-3,-8)
[21:17:51] [Worker-Main-7/INFO] (Minecraft) [STDOUT]: [Mixin] buildSurface skipped chunk(-3,-7)
[21:17:51] [Worker-Main-9/INFO] (Minecraft) [STDOUT]: [Mixin] buildSurface skipped chunk(-1,-7)
[21:17:51] [Worker-Main-9/INFO] (Minecraft) [STDOUT]: [Mixin] buildSurface skipped chunk(-2,-8)
[21:17:51] [Worker-Main-17/INFO] (Minecraft) [STDOUT]: [Mixin] buildSurface skipped chunk(-1,-8)
[21:17:52] [Worker-Main-4/INFO] (Minecraft) [STDOUT]: [Mixin] buildSurface skipped chunk(0,-6)
[21:17:52] [Worker-Main-4/INFO] (Minecraft) [STDOUT]: [Mixin] buildSurface skipped chunk(0,-5)
[21:17:52] [Worker-Main-22/INFO] (Minecraft) [STDOUT]: [Mixin] buildSurface skipped chunk(0,-7)
[21:17:52] [Worker-Main-4/INFO] (Minecraft) [STDOUT]: [Mixin] buildSurface skipped chunk(-3,-9)
[21:17:52] [Worker-Main-4/INFO] (Minecraft) [STDOUT]: [Mixin] buildSurface skipped chunk(-2,-9)
[21:17:52] [Worker-Main-17/INFO] (Minecraft) [STDOUT]: [Mixin] buildSurface skipped chunk(1,-4)
[21:17:52] [Worker-Main-4/INFO] (Minecraft) [STDOUT]: [Mixin] buildSurface skipped chunk(1,-2)
[21:17:52] [Worker-Main-22/INFO] (Minecraft) [STDOUT]: [Mixin] buildSurface skipped chunk(1,-5)
[21:17:52] [Worker-Main-20/INFO] (Minecraft) [STDOUT]: [Mixin] buildSurface skipped chunk(1,-6)
[21:17:52] [Worker-Main-20/INFO] (Minecraft) [STDOUT]: [Mixin] buildSurface skipped chunk(-7,-18)
[21:17:52] [Worker-Main-20/INFO] (Minecraft) [STDOUT]: [Mixin] buildSurface skipped chunk(-1,-9)
[21:17:52] [Worker-Main-17/INFO] (Minecraft) [STDOUT]: [Mixin] buildSurface skipped chunk(1,-1)
[21:17:52] [Worker-Main-12/INFO] (Minecraft) [STDOUT]: [Mixin] buildSurface skipped chunk(-7,-16)
[21:17:52] [Worker-Main-3/INFO] (Minecraft) [STDOUT]: [Mixin] buildSurface skipped chunk(-7,-17)
[21:17:52] [Worker-Main-3/INFO] (Minecraft) [STDOUT]: [Mixin] buildSurface skipped chunk(1,0)
[21:17:52] [Worker-Main-2/INFO] (Minecraft) [STDOUT]: [Mixin] buildSurface skipped chunk(0,-8)
[21:17:52] [Worker-Main-21/INFO] (Minecraft) [STDOUT]: [Mixin] populateNoise intercepted chunk(-6,-10)
[21:17:52] [Worker-Main-2/INFO] (Minecraft) [STDOUT]: [Mixin] populateNoise intercepted chunk(-2,-10)
[21:17:52] [Worker-Main-15/INFO] (Minecraft) [STDOUT]: [Mixin] populateNoise intercepted chunk(-6,-11)
[21:17:52] [Worker-Main-11/INFO] (Minecraft) [STDOUT]: [Mixin] populateNoise intercepted chunk(-5,-10)
[21:17:52] [Worker-Main-6/INFO] (Minecraft) [STDOUT]: [Mixin] populateNoise intercepted chunk(-4,-10)
[21:17:52] [Worker-Main-19/INFO] (Minecraft) [STDOUT]: [Mixin] populateNoise intercepted chunk(-3,-10)
[21:17:52] [Worker-Main-23/INFO] (Minecraft) [STDOUT]: [Mixin] populateNoise intercepted chunk(-3,-11)
[21:17:52] [Worker-Main-9/INFO] (Minecraft) [STDOUT]: [Mixin] populateNoise intercepted chunk(-2,-11)
[21:17:52] [Worker-Main-13/INFO] (Minecraft) [STDOUT]: [Mixin] populateNoise intercepted chunk(-4,-11)
[21:17:52] [Worker-Main-14/INFO] (Minecraft) [STDOUT]: [Mixin] populateNoise intercepted chunk(-1,-10)
[21:17:52] [Worker-Main-18/INFO] (Minecraft) [STDOUT]: [Mixin] populateNoise intercepted chunk(-1,-11)
[21:17:52] [Worker-Main-12/INFO] (Minecraft) [STDOUT]: [Mixin] populateNoise intercepted chunk(-2,-12)
[21:17:52] [Worker-Main-8/INFO] (Minecraft) [STDOUT]: [Mixin] populateNoise intercepted chunk(-4,-12)
[21:17:52] [Worker-Main-16/INFO] (Minecraft) [STDOUT]: [Mixin] populateNoise intercepted chunk(-3,-12)
[21:17:52] [Worker-Main-20/INFO] (Minecraft) [STDOUT]: [Mixin] populateNoise intercepted chunk(-5,-11)
[21:17:52] [Worker-Main-4/INFO] (Minecraft) [STDOUT]: [Mixin] populateNoise intercepted chunk(-1,-12)
[21:17:52] [Worker-Main-17/INFO] (Minecraft) [STDOUT]: [Mixin] populateNoise intercepted chunk(-5,-12)
[21:17:52] [Worker-Main-1/INFO] (Minecraft) [STDOUT]: [Mixin] populateNoise intercepted chunk(0,-9)
[21:17:52] [Worker-Main-22/INFO] (Minecraft) [STDOUT]: [Mixin] populateNoise intercepted chunk(0,-10)
[21:17:52] [Worker-Main-5/INFO] (Minecraft) [STDOUT]: [Mixin] populateNoise intercepted chunk(0,-11)
[21:17:52] [Worker-Main-7/INFO] (Minecraft) [STDOUT]: [Mixin] populateNoise intercepted chunk(0,-12)
[21:17:52] [Worker-Main-10/INFO] (Minecraft) [STDOUT]: [Mixin] populateNoise intercepted chunk(-5,-13)
[21:17:52] [Worker-Main-3/INFO] (Minecraft) [STDOUT]: [Mixin] populateNoise intercepted chunk(-4,-13)
[21:17:52] [Worker-Main-2/INFO] (Minecraft) [STDOUT]: [Mixin] buildSurface skipped chunk(-2,-10)
[21:17:52] [Worker-Main-2/INFO] (Minecraft) [STDOUT]: [Mixin] populateNoise intercepted chunk(-3,-13)
[21:17:52] [Worker-Main-9/INFO] (Minecraft) [STDOUT]: [Mixin] buildSurface skipped chunk(-2,-11)
[21:17:52] [Worker-Main-9/INFO] (Minecraft) [STDOUT]: [Mixin] buildSurface skipped chunk(-4,-10)
[21:17:52] [Worker-Main-6/INFO] (Minecraft) [STDOUT]: [Mixin] buildSurface skipped chunk(-6,-10)
[21:17:52] [Worker-Main-21/INFO] (Minecraft) [STDOUT]: [Mixin] buildSurface skipped chunk(-1,-10)
[21:17:52] [Worker-Main-21/INFO] (Minecraft) [STDOUT]: [Mixin] buildSurface skipped chunk(-4,-12)
[21:17:52] [Worker-Main-16/INFO] (Minecraft) [STDOUT]: [Mixin] buildSurface skipped chunk(-4,-11)
[21:17:52] [Worker-Main-20/INFO] (Minecraft) [STDOUT]: [Mixin] buildSurface skipped chunk(-2,-12)
[21:17:52] [Worker-Main-11/INFO] (Minecraft) [STDOUT]: [Mixin] buildSurface skipped chunk(-1,-11)
[21:17:52] [Worker-Main-11/INFO] (Minecraft) [STDOUT]: [Mixin] buildSurface skipped chunk(-3,-12)
[21:17:52] [Worker-Main-20/INFO] (Minecraft) [STDOUT]: [Mixin] buildSurface skipped chunk(-5,-10)
[21:17:52] [Worker-Main-22/INFO] (Minecraft) [STDOUT]: [Mixin] buildSurface skipped chunk(-3,-11)
[21:17:52] [Worker-Main-22/INFO] (Minecraft) [STDOUT]: [Mixin] buildSurface skipped chunk(-1,-12)
[21:17:52] [Worker-Main-5/INFO] (Minecraft) [STDOUT]: [Mixin] buildSurface skipped chunk(-3,-10)
[21:17:52] [Worker-Main-17/INFO] (Minecraft) [STDOUT]: [Mixin] populateNoise intercepted chunk(-2,-13)
[21:17:52] [Worker-Main-1/INFO] (Minecraft) [STDOUT]: [Mixin] buildSurface skipped chunk(-6,-11)
[21:17:52] [Worker-Main-21/INFO] (Minecraft) [STDOUT]: [Mixin] buildSurface skipped chunk(-5,-11)
[21:17:52] [Worker-Main-21/INFO] (Minecraft) [STDOUT]: [Mixin] buildSurface skipped chunk(0,-10)
[21:17:52] [Worker-Main-2/INFO] (Minecraft) [STDOUT]: [Mixin] buildSurface skipped chunk(0,-9)
[21:17:52] [Worker-Main-15/INFO] (Minecraft) [STDOUT]: [Mixin] buildSurface skipped chunk(-5,-12)
[21:17:52] [Worker-Main-11/INFO] (Minecraft) [STDOUT]: [Mixin] buildSurface skipped chunk(0,-12)
[21:17:52] [Worker-Main-2/INFO] (Minecraft) [STDOUT]: [Mixin] buildSurface skipped chunk(0,-11)
[21:17:52] [Worker-Main-11/INFO] (Minecraft) [STDOUT]: [Mixin] buildSurface skipped chunk(-5,-13)
[21:17:52] [Worker-Main-2/INFO] (Minecraft) [STDOUT]: [Mixin] buildSurface skipped chunk(-4,-13)
[21:17:52] [Worker-Main-1/INFO] (Minecraft) [STDOUT]: [Mixin] buildSurface skipped chunk(-3,-13)
[21:17:52] [Worker-Main-18/INFO] (Minecraft) [STDOUT]: [Mixin] populateNoise intercepted chunk(-6,-12)
[21:17:52] [Worker-Main-17/INFO] (Minecraft) [STDOUT]: [Mixin] populateNoise intercepted chunk(-6,-13)
[21:17:52] [Worker-Main-18/INFO] (Minecraft) [STDOUT]: [Mixin] buildSurface skipped chunk(-2,-13)
[21:17:52] [Worker-Main-7/INFO] (Minecraft) [STDOUT]: [Mixin] populateNoise intercepted chunk(-6,-14)
[21:17:52] [Worker-Main-2/INFO] (Minecraft) [STDOUT]: [Mixin] populateNoise intercepted chunk(-5,-14)
[21:17:52] [Worker-Main-12/INFO] (Minecraft) [STDOUT]: [Mixin] populateNoise intercepted chunk(-1,-13)
[21:17:52] [Worker-Main-18/INFO] (Minecraft) [STDOUT]: [Mixin] populateNoise intercepted chunk(0,-13)
[21:17:52] [Worker-Main-14/INFO] (Minecraft) [STDOUT]: [Mixin] populateNoise intercepted chunk(-14,1)
[21:17:52] [Worker-Main-16/INFO] (Minecraft) [STDOUT]: [Mixin] populateNoise intercepted chunk(-6,-15)
[21:17:52] [Worker-Main-1/INFO] (Minecraft) [STDOUT]: [Mixin] populateNoise intercepted chunk(-5,-15)
[21:17:52] [Worker-Main-22/INFO] (Minecraft) [STDOUT]: [Mixin] populateNoise intercepted chunk(-4,-14)
[21:17:52] [Worker-Main-15/INFO] (Minecraft) [STDOUT]: [Mixin] populateNoise intercepted chunk(-4,-15)
[21:17:52] [Worker-Main-9/INFO] (Minecraft) [STDOUT]: [Mixin] populateNoise intercepted chunk(-13,1)
[21:17:52] [Worker-Main-21/INFO] (Minecraft) [STDOUT]: [Mixin] populateNoise intercepted chunk(-12,1)
[21:17:52] [Worker-Main-3/INFO] (Minecraft) [STDOUT]: [Mixin] populateNoise intercepted chunk(-11,1)
[21:17:52] [Worker-Main-6/INFO] (Minecraft) [STDOUT]: [Mixin] populateNoise intercepted chunk(-1,1)
[21:17:52] [Worker-Main-11/INFO] (Minecraft) [STDOUT]: [Mixin] populateNoise intercepted chunk(0,1)
[21:17:52] [Worker-Main-20/INFO] (Minecraft) [STDOUT]: [Mixin] populateNoise intercepted chunk(1,1)
[21:17:52] [Worker-Main-5/INFO] (Minecraft) [STDOUT]: [Mixin] populateNoise intercepted chunk(-2,1)
[21:17:52] [Worker-Main-13/INFO] (Minecraft) [STDOUT]: [Mixin] populateNoise intercepted chunk(-4,1)
[21:17:52] [Worker-Main-10/INFO] (Minecraft) [STDOUT]: [Mixin] populateNoise intercepted chunk(-3,1)
[21:17:52] [Worker-Main-8/INFO] (Minecraft) [STDOUT]: [Mixin] populateNoise intercepted chunk(-5,1)
[21:17:52] [Worker-Main-4/INFO] (Minecraft) [STDOUT]: [Mixin] populateNoise intercepted chunk(-6,1)
[21:17:52] [Worker-Main-23/INFO] (Minecraft) [STDOUT]: [Mixin] populateNoise intercepted chunk(-7,1)
[21:17:52] [Worker-Main-19/INFO] (Minecraft) [STDOUT]: [Mixin] buildSurface skipped chunk(-6,-12)
[21:17:52] [Worker-Main-17/INFO] (Minecraft) [STDOUT]: [Mixin] buildSurface skipped chunk(-6,-13)
[21:17:52] [Worker-Main-17/INFO] (Minecraft) [STDOUT]: [Mixin] populateNoise intercepted chunk(-10,1)
[21:17:52] [Worker-Main-19/INFO] (Minecraft) [STDOUT]: [Mixin] populateNoise intercepted chunk(-9,1)
[21:17:52] [Worker-Main-7/INFO] (Minecraft) [STDOUT]: [Mixin] buildSurface skipped chunk(-6,-14)
[21:17:52] [Worker-Main-1/INFO] (Minecraft) [STDOUT]: [Mixin] buildSurface skipped chunk(-1,-13)
[21:17:52] [Worker-Main-12/INFO] (Minecraft) [STDOUT]: [Mixin] buildSurface skipped chunk(0,-13)
[21:17:52] [Worker-Main-18/INFO] (Minecraft) [STDOUT]: [Mixin] buildSurface skipped chunk(-5,-15)
[21:17:52] [Worker-Main-18/INFO] (Minecraft) [STDOUT]: [Mixin] buildSurface skipped chunk(-5,-14)
[21:17:52] [Worker-Main-12/INFO] (Minecraft) [STDOUT]: [Mixin] buildSurface skipped chunk(-6,-15)
[21:17:52] [Worker-Main-9/INFO] (Minecraft) [STDOUT]: [Mixin] buildSurface skipped chunk(-4,-15)
[21:17:52] [Worker-Main-22/INFO] (Minecraft) [STDOUT]: [Mixin] buildSurface skipped chunk(-4,-14)
[21:17:52] [Worker-Main-8/INFO] (Minecraft) [STDOUT]: [Mixin] populateNoise intercepted chunk(-8,1)
[21:17:52] [Worker-Main-12/INFO] (Minecraft) [STDOUT]: [Mixin] buildSurface skipped chunk(-14,1)
[21:17:52] [Worker-Main-12/INFO] (Minecraft) [STDOUT]: [Mixin] buildSurface skipped chunk(1,1)
[21:17:52] [Worker-Main-12/INFO] (Minecraft) [STDOUT]: [Mixin] buildSurface skipped chunk(-1,1)
[21:17:52] [Worker-Main-3/INFO] (Minecraft) [STDOUT]: [Mixin] buildSurface skipped chunk(-12,1)
[21:17:52] [Worker-Main-3/INFO] (Minecraft) [STDOUT]: [Mixin] buildSurface skipped chunk(-13,1)
[21:17:52] [Worker-Main-3/INFO] (Minecraft) [STDOUT]: [Mixin] buildSurface skipped chunk(-2,1)
[21:17:52] [Worker-Main-8/INFO] (Minecraft) [STDOUT]: [Mixin] buildSurface skipped chunk(-4,1)
[21:17:52] [Worker-Main-9/INFO] (Minecraft) [STDOUT]: [Mixin] buildSurface skipped chunk(-11,1)
[21:17:52] [Worker-Main-8/INFO] (Minecraft) [STDOUT]: [Mixin] buildSurface skipped chunk(0,1)
[21:17:52] [Worker-Main-5/INFO] (Minecraft) [STDOUT]: [Mixin] buildSurface skipped chunk(-5,1)
[21:17:52] [Worker-Main-4/INFO] (Minecraft) [STDOUT]: [Mixin] buildSurface skipped chunk(-3,1)
[21:17:52] [Worker-Main-12/INFO] (Minecraft) [STDOUT]: [Mixin] buildSurface skipped chunk(-6,1)
[21:17:52] [Worker-Main-5/INFO] (Minecraft) [STDOUT]: [Mixin] buildSurface skipped chunk(-7,1)
[21:17:52] [Worker-Main-20/INFO] (Minecraft) [STDOUT]: [Mixin] buildSurface skipped chunk(-10,1)
[21:17:52] [Worker-Main-12/INFO] (Minecraft) [STDOUT]: [Mixin] buildSurface skipped chunk(-9,1)
[21:17:52] [Worker-Main-12/INFO] (Minecraft) [STDOUT]: [Mixin] buildSurface skipped chunk(-8,1)
[21:17:52] [Worker-Main-10/INFO] (Minecraft) [STDOUT]: [Mixin] populateNoise intercepted chunk(-3,-14)
[21:17:52] [Worker-Main-5/INFO] (Minecraft) [STDOUT]: [Mixin] populateNoise intercepted chunk(-3,-15)
[21:17:52] [Worker-Main-11/INFO] (Minecraft) [STDOUT]: [Mixin] populateNoise intercepted chunk(-2,-14)
[21:17:52] [Worker-Main-15/INFO] (Minecraft) [STDOUT]: [Mixin] populateNoise intercepted chunk(-2,-15)
[21:17:52] [Worker-Main-3/INFO] (Minecraft) [STDOUT]: [Mixin] populateNoise intercepted chunk(-6,-16)
[21:17:52] [Worker-Main-22/INFO] (Minecraft) [STDOUT]: [Mixin] populateNoise intercepted chunk(-1,-14)
[21:17:52] [Worker-Main-7/INFO] (Minecraft) [STDOUT]: [Mixin] populateNoise intercepted chunk(-1,-17)
[21:17:52] [Worker-Main-23/INFO] (Minecraft) [STDOUT]: [Mixin] populateNoise intercepted chunk(-1,-16)
[21:17:52] [Worker-Main-17/INFO] (Minecraft) [STDOUT]: [Mixin] populateNoise intercepted chunk(-1,-15)
[21:17:52] [Worker-Main-2/INFO] (Minecraft) [STDOUT]: [Mixin] populateNoise intercepted chunk(-5,-16)
[21:17:52] [Worker-Main-14/INFO] (Minecraft) [STDOUT]: [Mixin] populateNoise intercepted chunk(-4,-16)
[21:17:52] [Worker-Main-4/INFO] (Minecraft) [STDOUT]: [Mixin] populateNoise intercepted chunk(-3,-16)
[21:17:52] [Worker-Main-21/INFO] (Minecraft) [STDOUT]: [Mixin] populateNoise intercepted chunk(-2,-17)
[21:17:52] [Worker-Main-16/INFO] (Minecraft) [STDOUT]: [Mixin] populateNoise intercepted chunk(-2,-16)
[21:17:52] [Worker-Main-18/INFO] (Minecraft) [STDOUT]: [Mixin] populateNoise intercepted chunk(-1,-18)
[21:17:52] [Worker-Main-13/INFO] (Minecraft) [STDOUT]: [Mixin] populateNoise intercepted chunk(-2,-18)
[21:17:52] [Worker-Main-1/INFO] (Minecraft) [STDOUT]: [Mixin] populateNoise intercepted chunk(-3,-17)
[21:17:52] [Worker-Main-1/INFO] (Minecraft) [STDOUT]: [Mixin] populateNoise intercepted chunk(0,-14)
[21:17:52] [Worker-Main-19/INFO] (Minecraft) [STDOUT]: [Mixin] populateNoise intercepted chunk(0,-15)
[21:17:52] [Worker-Main-9/INFO] (Minecraft) [STDOUT]: [Mixin] populateNoise intercepted chunk(-6,-17)
[21:17:52] [Worker-Main-6/INFO] (Minecraft) [STDOUT]: [Mixin] populateNoise intercepted chunk(-5,-17)
[21:17:52] [Worker-Main-20/INFO] (Minecraft) [STDOUT]: [Mixin] populateNoise intercepted chunk(-4,-17)
[21:17:52] [Worker-Main-8/INFO] (Minecraft) [STDOUT]: [Mixin] populateNoise intercepted chunk(0,-16)
[21:17:52] [Worker-Main-5/INFO] (Minecraft) [STDOUT]: [Mixin] buildSurface skipped chunk(-3,-15)
[21:17:52] [Worker-Main-5/INFO] (Minecraft) [STDOUT]: [Mixin] buildSurface skipped chunk(-2,-14)
[21:17:52] [Worker-Main-5/INFO] (Minecraft) [STDOUT]: [Mixin] populateNoise intercepted chunk(0,-17)
[21:17:52] [Worker-Main-11/INFO] (Minecraft) [STDOUT]: [Mixin] populateNoise intercepted chunk(0,-18)
[21:17:52] [Worker-Main-11/INFO] (Minecraft) [STDOUT]: [Mixin] buildSurface skipped chunk(-1,-16)
[21:17:52] [Worker-Main-15/INFO] (Minecraft) [STDOUT]: [Mixin] buildSurface skipped chunk(-2,-15)
[21:17:52] [Worker-Main-21/INFO] (Minecraft) [STDOUT]: [Mixin] buildSurface skipped chunk(-2,-17)
[21:17:52] [Worker-Main-21/INFO] (Minecraft) [STDOUT]: [Mixin] buildSurface skipped chunk(-3,-16)
[21:17:52] [Worker-Main-21/INFO] (Minecraft) [STDOUT]: [Mixin] buildSurface skipped chunk(-1,-18)
[21:17:52] [Worker-Main-19/INFO] (Minecraft) [STDOUT]: [Mixin] buildSurface skipped chunk(-1,-15)
[21:17:52] [Worker-Main-21/INFO] (Minecraft) [STDOUT]: [Mixin] buildSurface skipped chunk(-4,-17)
[21:17:52] [Worker-Main-17/INFO] (Minecraft) [STDOUT]: [Mixin] buildSurface skipped chunk(-2,-16)
[21:17:52] [Worker-Main-13/INFO] (Minecraft) [STDOUT]: [Mixin] buildSurface skipped chunk(-2,-18)
[21:17:52] [Worker-Main-6/INFO] (Minecraft) [STDOUT]: [Mixin] buildSurface skipped chunk(-5,-16)
[21:17:52] [Worker-Main-6/INFO] (Minecraft) [STDOUT]: [Mixin] buildSurface skipped chunk(-3,-17)
[21:17:52] [Worker-Main-6/INFO] (Minecraft) [STDOUT]: [Mixin] buildSurface skipped chunk(-1,-17)
[21:17:52] [Worker-Main-6/INFO] (Minecraft) [STDOUT]: [Mixin] buildSurface skipped chunk(-3,-14)
[21:17:52] [Worker-Main-6/INFO] (Minecraft) [STDOUT]: [Mixin] buildSurface skipped chunk(-1,-14)
[21:17:52] [Worker-Main-1/INFO] (Minecraft) [STDOUT]: [Mixin] buildSurface skipped chunk(-4,-16)
[21:17:52] [Worker-Main-14/INFO] (Minecraft) [STDOUT]: [Mixin] buildSurface skipped chunk(-6,-16)
[21:17:52] [Worker-Main-23/INFO] (Minecraft) [STDOUT]: [CHUNKTIME] n=1024 perChunk(ms): mixin=95.41 gap=84.77 | sumMixin=97.7s sumGap=86.8s | inflight max=23 now=1
[21:17:52] [Worker-Main-16/INFO] (Minecraft) [STDOUT]: [Mixin] buildSurface skipped chunk(0,-15)
[21:17:52] [Worker-Main-16/INFO] (Minecraft) [STDOUT]: [Mixin] buildSurface skipped chunk(-6,-17)
[21:17:52] [Worker-Main-16/INFO] (Minecraft) [STDOUT]: [Mixin] buildSurface skipped chunk(-5,-17)
[21:17:52] [Worker-Main-16/INFO] (Minecraft) [STDOUT]: [Mixin] buildSurface skipped chunk(0,-14)
[21:17:52] [Worker-Main-6/INFO] (Minecraft) [STDOUT]: [Mixin] buildSurface skipped chunk(0,-16)
[21:17:52] [Worker-Main-3/INFO] (Minecraft) [STDOUT]: [Mixin] buildSurface skipped chunk(0,-17)
[21:17:52] [Worker-Main-5/INFO] (Minecraft) [STDOUT]: [Mixin] buildSurface skipped chunk(0,-18)
[21:17:52] [Worker-Main-8/INFO] (Minecraft) [STDOUT]: [Mixin] populateNoise intercepted chunk(-3,-18)
[21:17:52] [Worker-Main-1/INFO] (Minecraft) [STDOUT]: [Mixin] populateNoise intercepted chunk(-3,-19)
[21:17:52] [Worker-Main-17/INFO] (Minecraft) [STDOUT]: [Mixin] populateNoise intercepted chunk(-2,-19)
[21:17:52] [Worker-Main-16/INFO] (Minecraft) [STDOUT]: [Mixin] populateNoise intercepted chunk(-4,-18)
[21:17:52] [Worker-Main-11/INFO] (Minecraft) [STDOUT]: [Mixin] populateNoise intercepted chunk(-5,-18)
[21:17:52] [Worker-Main-14/INFO] (Minecraft) [STDOUT]: [Mixin] populateNoise intercepted chunk(-4,-19)
[21:17:52] [Worker-Main-5/INFO] (Minecraft) [STDOUT]: [Mixin] populateNoise intercepted chunk(-2,-20)
[21:17:52] [Worker-Main-10/INFO] (Minecraft) [STDOUT]: [Mixin] populateNoise intercepted chunk(-6,-18)
[21:17:52] [Worker-Main-23/INFO] (Minecraft) [STDOUT]: [Mixin] populateNoise intercepted chunk(-1,-19)
[21:17:52] [Worker-Main-7/INFO] (Minecraft) [STDOUT]: [Mixin] populateNoise intercepted chunk(-1,-20)
[21:17:52] [Worker-Main-7/INFO] (Minecraft) [STDOUT]: [Mixin] populateNoise intercepted chunk(-1,-21)
[21:17:52] [Worker-Main-15/INFO] (Minecraft) [STDOUT]: [Mixin] populateNoise intercepted chunk(-3,-20)
[21:17:52] [Worker-Main-21/INFO] (Minecraft) [STDOUT]: [Mixin] populateNoise intercepted chunk(-4,-20)
[21:17:52] [Worker-Main-13/INFO] (Minecraft) [STDOUT]: [Mixin] populateNoise intercepted chunk(-2,-21)
[21:17:52] [Worker-Main-12/INFO] (Minecraft) [STDOUT]: [Mixin] populateNoise intercepted chunk(-2,-22)
[21:17:52] [Worker-Main-19/INFO] (Minecraft) [STDOUT]: [Mixin] populateNoise intercepted chunk(-1,-22)
[21:17:52] [Worker-Main-20/INFO] (Minecraft) [STDOUT]: [Mixin] populateNoise intercepted chunk(0,-19)
[21:17:52] [Worker-Main-18/INFO] (Minecraft) [STDOUT]: [Mixin] populateNoise intercepted chunk(-5,-19)
[21:17:52] [Worker-Main-6/INFO] (Minecraft) [STDOUT]: [Mixin] populateNoise intercepted chunk(-5,-20)
[21:17:52] [Worker-Main-9/INFO] (Minecraft) [STDOUT]: [Mixin] populateNoise intercepted chunk(0,-20)
[21:17:52] [Worker-Main-3/INFO] (Minecraft) [STDOUT]: [Mixin] populateNoise intercepted chunk(-5,-21)
[21:17:52] [Worker-Main-4/INFO] (Minecraft) [STDOUT]: [Mixin] populateNoise intercepted chunk(-4,-21)
[21:17:52] [Worker-Main-2/INFO] (Minecraft) [STDOUT]: [Mixin] populateNoise intercepted chunk(-3,-21)
[21:17:52] [Worker-Main-1/INFO] (Minecraft) [STDOUT]: [Mixin] buildSurface skipped chunk(-3,-19)
[21:17:52] [Worker-Main-1/INFO] (Minecraft) [STDOUT]: [Mixin] buildSurface skipped chunk(-4,-18)
[21:17:52] [Worker-Main-16/INFO] (Minecraft) [STDOUT]: [Mixin] buildSurface skipped chunk(-3,-18)
[21:17:52] [Worker-Main-15/INFO] (Minecraft) [STDOUT]: [Mixin] buildSurface skipped chunk(-2,-19)
[21:17:52] [Worker-Main-1/INFO] (Minecraft) [STDOUT]: [Mixin] buildSurface skipped chunk(-1,-20)
[21:17:52] [Worker-Main-1/INFO] (Minecraft) [STDOUT]: [Mixin] buildSurface skipped chunk(-1,-21)
[21:17:52] [Worker-Main-9/INFO] (Minecraft) [STDOUT]: [Mixin] buildSurface skipped chunk(-3,-20)
[21:17:52] [Worker-Main-23/INFO] (Minecraft) [STDOUT]: [Mixin] buildSurface skipped chunk(-1,-19)
[21:17:52] [Worker-Main-9/INFO] (Minecraft) [STDOUT]: [Mixin] buildSurface skipped chunk(-4,-20)
[21:17:52] [Worker-Main-13/INFO] (Minecraft) [STDOUT]: [Mixin] buildSurface skipped chunk(-2,-22)
[21:17:52] [Worker-Main-13/INFO] (Minecraft) [STDOUT]: [Mixin] buildSurface skipped chunk(-2,-20)
[21:17:52] [Worker-Main-19/INFO] (Minecraft) [STDOUT]: [Mixin] buildSurface skipped chunk(-4,-19)
[21:17:52] [Worker-Main-13/INFO] (Minecraft) [STDOUT]: [Mixin] buildSurface skipped chunk(-1,-22)
[21:17:52] [Worker-Main-13/INFO] (Minecraft) [STDOUT]: [Mixin] buildSurface skipped chunk(-2,-21)
[21:17:52] [Worker-Main-2/INFO] (Minecraft) [STDOUT]: [Mixin] buildSurface skipped chunk(-3,-21)
[21:17:52] [Worker-Main-4/INFO] (Minecraft) [STDOUT]: [Mixin] buildSurface skipped chunk(-4,-21)
[21:17:52] [Worker-Main-14/INFO] (Minecraft) [STDOUT]: [Mixin] populateNoise intercepted chunk(0,-21)
[21:17:52] [Worker-Main-3/INFO] (Minecraft) [STDOUT]: [Mixin] populateNoise intercepted chunk(0,-22)
[21:17:52] [Worker-Main-19/INFO] (Minecraft) [STDOUT]: [Mixin] buildSurface skipped chunk(-5,-18)
[21:17:52] [Worker-Main-23/INFO] (Minecraft) [STDOUT]: [Mixin] buildSurface skipped chunk(-5,-19)
[21:17:52] [Worker-Main-2/INFO] (Minecraft) [STDOUT]: [Mixin] buildSurface skipped chunk(-5,-20)
[21:17:52] [Worker-Main-4/INFO] (Minecraft) [STDOUT]: [Mixin] buildSurface skipped chunk(0,-20)
[21:17:52] [Worker-Main-2/INFO] (Minecraft) [STDOUT]: [Mixin] buildSurface skipped chunk(0,-19)
[21:17:52] [Worker-Main-2/INFO] (Minecraft) [STDOUT]: [Mixin] buildSurface skipped chunk(-5,-21)
[21:17:52] [Worker-Main-13/INFO] (Minecraft) [STDOUT]: [Mixin] buildSurface skipped chunk(-6,-18)
[21:17:52] [Worker-Main-7/INFO] (Minecraft) [STDOUT]: [Mixin] populateNoise intercepted chunk(-2,-23)
[21:17:52] [Worker-Main-23/INFO] (Minecraft) [STDOUT]: [Mixin] populateNoise intercepted chunk(-3,-22)
[21:17:52] [Worker-Main-23/INFO] (Minecraft) [STDOUT]: [Mixin] populateNoise intercepted chunk(-3,-23)
[21:17:52] [Worker-Main-23/INFO] (Minecraft) [STDOUT]: [Mixin] populateNoise intercepted chunk(-1,-23)
[21:17:52] [Worker-Main-9/INFO] (Minecraft) [STDOUT]: [Mixin] populateNoise intercepted chunk(-4,-22)
[21:17:52] [Worker-Main-9/INFO] (Minecraft) [STDOUT]: [Mixin] populateNoise intercepted chunk(-4,-23)
[21:17:52] [Worker-Main-10/INFO] (Minecraft) [STDOUT]: [Mixin] populateNoise intercepted chunk(-3,-24)
[21:17:52] [Worker-Main-20/INFO] (Minecraft) [STDOUT]: [Mixin] populateNoise intercepted chunk(-2,-24)
[21:17:52] [Worker-Main-15/INFO] (Minecraft) [STDOUT]: [Mixin] populateNoise intercepted chunk(-4,-24)
[21:17:52] [Worker-Main-16/INFO] (Minecraft) [STDOUT]: [Mixin] populateNoise intercepted chunk(-1,-24)
[21:17:52] [Worker-Main-1/INFO] (Minecraft) [STDOUT]: [Mixin] populateNoise intercepted chunk(-6,-19)
[21:17:52] [Worker-Main-8/INFO] (Minecraft) [STDOUT]: [Mixin] populateNoise intercepted chunk(-6,-20)
[21:17:52] [Worker-Main-13/INFO] (Minecraft) [STDOUT]: [Mixin] populateNoise intercepted chunk(-6,-21)
[21:17:53] [Worker-Main-22/INFO] (Minecraft) [STDOUT]: [Mixin] populateNoise intercepted chunk(-6,-22)
[21:17:53] [Worker-Main-13/INFO] (Minecraft) [STDOUT]: [Mixin] populateNoise intercepted chunk(-5,-22)
[21:17:53] [Worker-Main-15/INFO] (Minecraft) [STDOUT]: [Mixin] populateNoise intercepted chunk(-5,-23)
[21:17:53] [Worker-Main-5/INFO] (Minecraft) [STDOUT]: [Mixin] populateNoise intercepted chunk(-5,-24)
[21:17:53] [Worker-Main-10/INFO] (Minecraft) [STDOUT]: [Mixin] buildSurface skipped chunk(-1,-23)
[21:17:53] [Worker-Main-10/INFO] (Minecraft) [STDOUT]: [Mixin] buildSurface skipped chunk(-2,-23)
[21:17:53] [Worker-Main-10/INFO] (Minecraft) [STDOUT]: [Mixin] buildSurface skipped chunk(-3,-23)
[21:17:53] [Worker-Main-10/INFO] (Minecraft) [STDOUT]: [Mixin] buildSurface skipped chunk(-6,-21)
[21:17:53] [Worker-Main-16/INFO] (Minecraft) [STDOUT]: [Mixin] buildSurface skipped chunk(-3,-24)
[21:17:53] [Worker-Main-16/INFO] (Minecraft) [STDOUT]: [Mixin] buildSurface skipped chunk(-4,-22)
[21:17:53] [Worker-Main-10/INFO] (Minecraft) [STDOUT]: [Mixin] buildSurface skipped chunk(-3,-22)
[21:17:53] [Worker-Main-20/INFO] (Minecraft) [STDOUT]: [Mixin] buildSurface skipped chunk(-1,-24)
[21:17:53] [Worker-Main-20/INFO] (Minecraft) [STDOUT]: [Mixin] buildSurface skipped chunk(-4,-23)
[21:17:53] [Worker-Main-20/INFO] (Minecraft) [STDOUT]: [Mixin] buildSurface skipped chunk(-2,-24)
[21:17:53] [Worker-Main-9/INFO] (Minecraft) [STDOUT]: [Mixin] buildSurface skipped chunk(-4,-24)
[21:17:53] [Worker-Main-10/INFO] (Minecraft) [STDOUT]: [Mixin] populateNoise intercepted chunk(0,-23)
[21:17:53] [Worker-Main-21/INFO] (Minecraft) [STDOUT]: [Mixin] populateNoise intercepted chunk(0,-24)
[21:17:53] [Worker-Main-16/INFO] (Minecraft) [STDOUT]: [Mixin] buildSurface skipped chunk(0,-21)
[21:17:53] [Worker-Main-8/INFO] (Minecraft) [STDOUT]: [Mixin] buildSurface skipped chunk(0,-22)
[21:17:53] [Worker-Main-9/INFO] (Minecraft) [STDOUT]: [Mixin] buildSurface skipped chunk(-6,-20)
[21:17:53] [Worker-Main-18/INFO] (Minecraft) [STDOUT]: [Mixin] buildSurface skipped chunk(-6,-19)
[21:17:53] [Worker-Main-20/INFO] (Minecraft) [STDOUT]: [Mixin] populateNoise intercepted chunk(-3,-25)
[21:17:53] [Worker-Main-16/INFO] (Minecraft) [STDOUT]: [Mixin] buildSurface skipped chunk(-5,-22)
[21:17:53] [Worker-Main-15/INFO] (Minecraft) [STDOUT]: [Mixin] buildSurface skipped chunk(-5,-23)
[21:17:53] [Worker-Main-16/INFO] (Minecraft) [STDOUT]: [Mixin] buildSurface skipped chunk(-6,-22)
[21:17:53] [Worker-Main-16/INFO] (Minecraft) [STDOUT]: [Mixin] buildSurface skipped chunk(-5,-24)
[21:17:53] [Worker-Main-8/INFO] (Minecraft) [STDOUT]: [Mixin] populateNoise intercepted chunk(-6,-23)
[21:17:53] [Worker-Main-15/INFO] (Minecraft) [STDOUT]: [Mixin] populateNoise intercepted chunk(-7,-23)
[21:17:53] [Worker-Main-17/INFO] (Minecraft) [STDOUT]: [Mixin] populateNoise intercepted chunk(-6,-24)
[21:17:53] [Worker-Main-7/INFO] (Minecraft) [STDOUT]: [Mixin] populateNoise intercepted chunk(-7,-19)
[21:17:53] [Worker-Main-9/INFO] (Minecraft) [STDOUT]: [Mixin] populateNoise intercepted chunk(-7,-24)
[21:17:53] [Worker-Main-13/INFO] (Minecraft) [STDOUT]: [Mixin] populateNoise intercepted chunk(-8,-23)
[21:17:53] [Worker-Main-5/INFO] (Minecraft) [STDOUT]: [Mixin] populateNoise intercepted chunk(-7,-22)
[21:17:53] [Worker-Main-6/INFO] (Minecraft) [STDOUT]: [Mixin] populateNoise intercepted chunk(-7,-21)
[21:17:53] [Worker-Main-1/INFO] (Minecraft) [STDOUT]: [Mixin] populateNoise intercepted chunk(-8,-24)
[21:17:53] [Worker-Main-11/INFO] (Minecraft) [STDOUT]: [Mixin] populateNoise intercepted chunk(-7,-20)
[21:17:53] [Worker-Main-23/INFO] (Minecraft) [STDOUT]: [Mixin] populateNoise intercepted chunk(-8,-22)
[21:17:53] [Worker-Main-4/INFO] (Minecraft) [STDOUT]: [Mixin] populateNoise intercepted chunk(-8,-21)
[21:17:53] [Worker-Main-13/INFO] (Minecraft) [STDOUT]: [Mixin] populateNoise intercepted chunk(-2,-25)
[21:17:53] [Worker-Main-14/INFO] (Minecraft) [STDOUT]: [Mixin] populateNoise intercepted chunk(-8,-20)
[21:17:53] [Worker-Main-12/INFO] (Minecraft) [STDOUT]: [Mixin] populateNoise intercepted chunk(-8,-19)
[21:17:53] [Worker-Main-19/INFO] (Minecraft) [STDOUT]: [Mixin] populateNoise intercepted chunk(-1,-25)
[21:17:53] [Worker-Main-18/INFO] (Minecraft) [STDOUT]: [Mixin] populateNoise intercepted chunk(0,-25)
[21:17:53] [Worker-Main-3/INFO] (Minecraft) [STDOUT]: [Mixin] populateNoise intercepted chunk(-4,-25)
[21:17:53] [Worker-Main-2/INFO] (Minecraft) [STDOUT]: [Mixin] populateNoise intercepted chunk(-5,-25)
[21:17:53] [Worker-Main-5/INFO] (Minecraft) [STDOUT]: [Mixin] populateNoise intercepted chunk(-6,-25)
[21:17:53] [Worker-Main-10/INFO] (Minecraft) [STDOUT]: [Mixin] populateNoise intercepted chunk(-7,-25)
[21:17:53] [Worker-Main-21/INFO] (Minecraft) [STDOUT]: [Mixin] populateNoise intercepted chunk(-8,-25)
[21:17:53] [Worker-Main-20/INFO] (Minecraft) [STDOUT]: [Mixin] buildSurface skipped chunk(0,-23)
[21:17:53] [Worker-Main-20/INFO] (Minecraft) [STDOUT]: [Mixin] buildSurface skipped chunk(0,-24)
[21:17:53] [Worker-Main-20/INFO] (Minecraft) [STDOUT]: [Mixin] buildSurface skipped chunk(-3,-25)
[21:17:53] [Worker-Main-20/INFO] (Minecraft) [STDOUT]: [Mixin] buildSurface skipped chunk(-6,-23)
[21:17:53] [Worker-Main-7/INFO] (Minecraft) [STDOUT]: [Mixin] buildSurface skipped chunk(-7,-19)
[21:17:53] [Worker-Main-8/INFO] (Minecraft) [STDOUT]: [Mixin] populateNoise intercepted chunk(-9,-19)
[21:17:53] [Worker-Main-23/INFO] (Minecraft) [STDOUT]: [Mixin] buildSurface skipped chunk(-7,-22)
[21:17:53] [Worker-Main-15/INFO] (Minecraft) [STDOUT]: [Mixin] buildSurface skipped chunk(-8,-21)
[21:17:53] [Worker-Main-15/INFO] (Minecraft) [STDOUT]: [Mixin] buildSurface skipped chunk(-7,-23)
[21:17:53] [Worker-Main-13/INFO] (Minecraft) [STDOUT]: [Mixin] buildSurface skipped chunk(-7,-21)
[21:17:53] [Worker-Main-7/INFO] (Minecraft) [STDOUT]: [Mixin] buildSurface skipped chunk(-8,-23)
[21:17:53] [Worker-Main-23/INFO] (Minecraft) [STDOUT]: [Mixin] buildSurface skipped chunk(-8,-19)
[21:17:53] [Worker-Main-13/INFO] (Minecraft) [STDOUT]: [Mixin] buildSurface skipped chunk(-8,-20)
[21:17:53] [Worker-Main-13/INFO] (Minecraft) [STDOUT]: [Mixin] buildSurface skipped chunk(-6,-24)
[21:17:53] [Worker-Main-13/INFO] (Minecraft) [STDOUT]: [Mixin] buildSurface skipped chunk(-8,-22)
[21:17:53] [Worker-Main-11/INFO] (Minecraft) [STDOUT]: [Mixin] buildSurface skipped chunk(-7,-20)
[21:17:53] [Worker-Main-11/INFO] (Minecraft) [STDOUT]: [Mixin] buildSurface skipped chunk(-7,-24)
[21:17:53] [Worker-Main-5/INFO] (Minecraft) [STDOUT]: [Mixin] buildSurface skipped chunk(-8,-24)
[21:17:53] [Worker-Main-5/INFO] (Minecraft) [STDOUT]: [Mixin] populateNoise intercepted chunk(-9,-20)
[21:17:53] [Worker-Main-11/INFO] (Minecraft) [STDOUT]: [Mixin] buildSurface skipped chunk(0,-25)
[21:17:53] [Worker-Main-11/INFO] (Minecraft) [STDOUT]: [Mixin] buildSurface skipped chunk(-2,-25)
[21:17:53] [Worker-Main-21/INFO] (Minecraft) [STDOUT]: [Mixin] buildSurface skipped chunk(-1,-25)
[21:17:53] [Worker-Main-8/INFO] (Minecraft) [STDOUT]: [Mixin] buildSurface skipped chunk(-4,-25)
[21:17:53] [Worker-Main-8/INFO] (Minecraft) [STDOUT]: [Mixin] buildSurface skipped chunk(-5,-25)
[21:17:53] [Worker-Main-8/INFO] (Minecraft) [STDOUT]: [Mixin] buildSurface skipped chunk(-6,-25)
[21:17:53] [Worker-Main-11/INFO] (Minecraft) [STDOUT]: [Mixin] buildSurface skipped chunk(-8,-25)
[21:17:53] [Worker-Main-1/INFO] (Minecraft) [STDOUT]: [Mixin] buildSurface skipped chunk(-7,-25)
[21:17:53] [Worker-Main-8/INFO] (Minecraft) [STDOUT]: [Mixin] buildSurface skipped chunk(-9,-19)
[21:17:53] [Worker-Main-18/INFO] (Minecraft) [STDOUT]: [Mixin] populateNoise intercepted chunk(-9,-21)
[21:17:53] [Worker-Main-4/INFO] (Minecraft) [STDOUT]: [Mixin] populateNoise intercepted chunk(-9,-24)
[21:17:53] [Worker-Main-7/INFO] (Minecraft) [STDOUT]: [Mixin] populateNoise intercepted chunk(-9,-23)
[21:17:53] [Worker-Main-1/INFO] (Minecraft) [STDOUT]: [Mixin] populateNoise intercepted chunk(-9,-22)
[21:17:53] [Worker-Main-16/INFO] (Minecraft) [STDOUT]: [Mixin] populateNoise intercepted chunk(-9,-25)
[21:17:53] [Worker-Main-21/INFO] (Minecraft) [STDOUT]: [Mixin] populateNoise intercepted chunk(1,-7)
[21:17:53] [Worker-Main-6/INFO] (Minecraft) [STDOUT]: [Mixin] populateNoise intercepted chunk(1,-8)
[21:17:53] [Worker-Main-12/INFO] (Minecraft) [STDOUT]: [Mixin] populateNoise intercepted chunk(1,-9)
[21:17:53] [Worker-Main-23/INFO] (Minecraft) [STDOUT]: [Mixin] populateNoise intercepted chunk(1,-10)
[21:17:53] [Worker-Main-8/INFO] (Minecraft) [STDOUT]: [Mixin] populateNoise intercepted chunk(1,-11)
[21:17:53] [Worker-Main-19/INFO] (Minecraft) [STDOUT]: [Mixin] populateNoise intercepted chunk(1,-12)
[21:17:53] [Worker-Main-20/INFO] (Minecraft) [STDOUT]: [Mixin] populateNoise intercepted chunk(1,-13)
[21:17:53] [Worker-Main-2/INFO] (Minecraft) [STDOUT]: [Mixin] buildSurface skipped chunk(-9,-20)
[21:17:53] [Worker-Main-5/INFO] (Minecraft) [STDOUT]: [Mixin] populateNoise intercepted chunk(1,-14)
[21:17:53] [Worker-Main-11/INFO] (Minecraft) [STDOUT]: [Mixin] populateNoise intercepted chunk(1,-15)
[21:17:53] [Worker-Main-20/INFO] (Minecraft) [STDOUT]: [Mixin] populateNoise intercepted chunk(1,-16)
[21:17:53] [Worker-Main-2/INFO] (Minecraft) [STDOUT]: [Mixin] populateNoise intercepted chunk(1,-17)
[21:17:53] [Worker-Main-15/INFO] (Minecraft) [STDOUT]: [Mixin] populateNoise intercepted chunk(1,-18)
[21:17:53] [Worker-Main-9/INFO] (Minecraft) [STDOUT]: [Mixin] populateNoise intercepted chunk(1,-19)
[21:17:53] [Worker-Main-13/INFO] (Minecraft) [STDOUT]: [Mixin] populateNoise intercepted chunk(1,-20)
[21:17:53] [Worker-Main-10/INFO] (Minecraft) [STDOUT]: [Mixin] populateNoise intercepted chunk(1,-21)
[21:17:53] [Worker-Main-22/INFO] (Minecraft) [STDOUT]: [Mixin] populateNoise intercepted chunk(1,-22)
[21:17:53] [Worker-Main-14/INFO] (Minecraft) [STDOUT]: [Mixin] populateNoise intercepted chunk(1,-23)
[21:17:53] [Worker-Main-3/INFO] (Minecraft) [STDOUT]: [Mixin] populateNoise intercepted chunk(1,-24)
[21:17:53] [Worker-Main-1/INFO] (Minecraft) [STDOUT]: [Mixin] buildSurface skipped chunk(-9,-23)
[21:17:53] [Worker-Main-1/INFO] (Minecraft) [STDOUT]: [Mixin] buildSurface skipped chunk(-9,-22)
[21:17:53] [Worker-Main-18/INFO] (Minecraft) [STDOUT]: [Mixin] buildSurface skipped chunk(-9,-21)
[21:17:53] [Worker-Main-19/INFO] (Minecraft) [STDOUT]: [Mixin] buildSurface skipped chunk(-9,-24)
[21:17:53] [Worker-Main-19/INFO] (Minecraft) [STDOUT]: [Mixin] buildSurface skipped chunk(-9,-25)
[21:17:53] [Worker-Main-10/INFO] (Minecraft) [STDOUT]: [Mixin] buildSurface skipped chunk(1,-8)
[21:17:53] [Worker-Main-19/INFO] (Minecraft) [STDOUT]: [Mixin] buildSurface skipped chunk(1,-9)
[21:17:53] [Worker-Main-12/INFO] (Minecraft) [STDOUT]: [Mixin] buildSurface skipped chunk(1,-14)
[21:17:53] [Worker-Main-15/INFO] (Minecraft) [STDOUT]: [Mixin] buildSurface skipped chunk(1,-11)
[21:17:53] [Worker-Main-5/INFO] (Minecraft) [STDOUT]: [Mixin] buildSurface skipped chunk(1,-13)
[21:17:53] [Worker-Main-15/INFO] (Minecraft) [STDOUT]: [Mixin] buildSurface skipped chunk(1,-10)
[21:17:53] [Worker-Main-19/INFO] (Minecraft) [STDOUT]: [Mixin] buildSurface skipped chunk(1,-15)
[21:17:53] [Worker-Main-20/INFO] (Minecraft) [STDOUT]: [Mixin] buildSurface skipped chunk(1,-12)
[21:17:53] [Worker-Main-20/INFO] (Minecraft) [STDOUT]: [Mixin] buildSurface skipped chunk(1,-18)
[21:17:53] [Worker-Main-15/INFO] (Minecraft) [STDOUT]: [Mixin] buildSurface skipped chunk(1,-7)
[21:17:53] [Worker-Main-19/INFO] (Minecraft) [STDOUT]: [Mixin] buildSurface skipped chunk(1,-21)
[21:17:53] [Worker-Main-20/INFO] (Minecraft) [STDOUT]: [Mixin] buildSurface skipped chunk(1,-20)
[21:17:53] [Worker-Main-19/INFO] (Minecraft) [STDOUT]: [Mixin] buildSurface skipped chunk(1,-19)
[21:17:53] [Worker-Main-19/INFO] (Minecraft) [STDOUT]: [Mixin] buildSurface skipped chunk(1,-16)
[21:17:53] [Worker-Main-20/INFO] (Minecraft) [STDOUT]: [Mixin] buildSurface skipped chunk(1,-17)
[21:17:53] [Worker-Main-12/INFO] (Minecraft) [STDOUT]: [Mixin] buildSurface skipped chunk(1,-22)
[21:17:53] [Worker-Main-20/INFO] (Minecraft) [STDOUT]: [Mixin] buildSurface skipped chunk(1,-24)
[21:17:53] [Worker-Main-19/INFO] (Minecraft) [STDOUT]: [Mixin] buildSurface skipped chunk(1,-23)
[21:17:53] [Worker-Main-16/INFO] (Minecraft) [STDOUT]: [Mixin] populateNoise intercepted chunk(-10,-20)
[21:17:53] [Worker-Main-5/INFO] (Minecraft) [STDOUT]: [Mixin] populateNoise intercepted chunk(-10,-19)
[21:17:53] [Worker-Main-9/INFO] (Minecraft) [STDOUT]: [Mixin] populateNoise intercepted chunk(-11,-19)
[21:17:53] [Worker-Main-12/INFO] (Minecraft) [STDOUT]: [Mixin] populateNoise intercepted chunk(-11,-20)
[21:17:53] [Worker-Main-13/INFO] (Minecraft) [STDOUT]: [Mixin] populateNoise intercepted chunk(-12,-19)
[21:17:53] [Worker-Main-17/INFO] (Minecraft) [STDOUT]: [Mixin] populateNoise intercepted chunk(-13,-19)
[21:17:53] [Worker-Main-4/INFO] (Minecraft) [STDOUT]: [Mixin] populateNoise intercepted chunk(-14,-19)
[21:17:53] [Worker-Main-12/INFO] (Minecraft) [STDOUT]: [Mixin] populateNoise intercepted chunk(-10,-21)
[21:17:53] [Worker-Main-1/INFO] (Minecraft) [STDOUT]: [Mixin] populateNoise intercepted chunk(-11,-21)
[21:17:53] [Worker-Main-21/INFO] (Minecraft) [STDOUT]: [Mixin] populateNoise intercepted chunk(-12,-20)
[21:17:53] [Worker-Main-22/INFO] (Minecraft) [STDOUT]: [Mixin] populateNoise intercepted chunk(-12,-21)
[21:17:53] [Worker-Main-18/INFO] (Minecraft) [STDOUT]: [Mixin] populateNoise intercepted chunk(-13,-21)
[21:17:53] [Worker-Main-3/INFO] (Minecraft) [STDOUT]: [Mixin] populateNoise intercepted chunk(-13,-20)
[21:17:53] [Worker-Main-8/INFO] (Minecraft) [STDOUT]: [Mixin] populateNoise intercepted chunk(-14,-20)
[21:17:53] [Worker-Main-15/INFO] (Minecraft) [STDOUT]: [Mixin] populateNoise intercepted chunk(-14,-21)
[21:17:53] [Worker-Main-19/INFO] (Minecraft) [STDOUT]: [Mixin] populateNoise intercepted chunk(1,-25)
[21:17:53] [Worker-Main-11/INFO] (Minecraft) [STDOUT]: [Mixin] populateNoise intercepted chunk(-3,-26)
[21:17:53] [Worker-Main-11/INFO] (Minecraft) [STDOUT]: [Mixin] populateNoise intercepted chunk(-2,-26)
[21:17:53] [Worker-Main-6/INFO] (Minecraft) [STDOUT]: [Mixin] populateNoise intercepted chunk(-1,-26)
[21:17:53] [Worker-Main-6/INFO] (Minecraft) [STDOUT]: [Mixin] populateNoise intercepted chunk(0,-26)
[21:17:53] [Worker-Main-23/INFO] (Minecraft) [STDOUT]: [Mixin] populateNoise intercepted chunk(1,-26)
[21:17:53] [Worker-Main-2/INFO] (Minecraft) [STDOUT]: [Mixin] populateNoise intercepted chunk(-4,-26)
[21:17:53] [Worker-Main-7/INFO] (Minecraft) [STDOUT]: [Mixin] populateNoise intercepted chunk(-5,-26)
[21:17:54] [Worker-Main-5/INFO] (Minecraft) [STDOUT]: [Mixin] buildSurface skipped chunk(-10,-19)
[21:17:54] [Worker-Main-5/INFO] (Minecraft) [STDOUT]: [Mixin] populateNoise intercepted chunk(-6,-26)
[21:17:54] [Worker-Main-15/INFO] (Minecraft) [STDOUT]: [Mixin] buildSurface skipped chunk(-14,-21)
[21:17:54] [Worker-Main-15/INFO] (Minecraft) [STDOUT]: [Mixin] buildSurface skipped chunk(-11,-20)
[21:17:54] [Worker-Main-9/INFO] (Minecraft) [STDOUT]: [Mixin] buildSurface skipped chunk(-10,-20)
[21:17:54] [Worker-Main-8/INFO] (Minecraft) [STDOUT]: [Mixin] buildSurface skipped chunk(-11,-19)
[21:17:54] [Worker-Main-8/INFO] (Minecraft) [STDOUT]: [Mixin] buildSurface skipped chunk(-14,-20)
[21:17:54] [Worker-Main-22/INFO] (Minecraft) [STDOUT]: [Mixin] buildSurface skipped chunk(-14,-19)
[21:17:54] [Worker-Main-11/INFO] (Minecraft) [STDOUT]: [Mixin] buildSurface skipped chunk(-12,-20)
[21:17:54] [Worker-Main-11/INFO] (Minecraft) [STDOUT]: [Mixin] buildSurface skipped chunk(-13,-19)
[21:17:54] [Worker-Main-13/INFO] (Minecraft) [STDOUT]: [Mixin] buildSurface skipped chunk(-13,-20)
[21:17:54] [Worker-Main-10/INFO] (Minecraft) [STDOUT]: [Mixin] buildSurface skipped chunk(-12,-19)
[21:17:54] [Worker-Main-16/INFO] (Minecraft) [STDOUT]: [Mixin] buildSurface skipped chunk(-13,-21)
[21:17:54] [Worker-Main-11/INFO] (Minecraft) [STDOUT]: [Mixin] buildSurface skipped chunk(-11,-21)
[21:17:54] [Worker-Main-20/INFO] (Minecraft) [STDOUT]: [Mixin] buildSurface skipped chunk(-10,-21)
[21:17:54] [Worker-Main-20/INFO] (Minecraft) [STDOUT]: [Mixin] buildSurface skipped chunk(-12,-21)
[21:17:54] [Worker-Main-16/INFO] (Minecraft) [STDOUT]: [Mixin] populateNoise intercepted chunk(-7,-26)
[21:17:54] [Worker-Main-11/INFO] (Minecraft) [STDOUT]: [Mixin] buildSurface skipped chunk(-1,-26)
[21:17:54] [Worker-Main-11/INFO] (Minecraft) [STDOUT]: [Mixin] buildSurface skipped chunk(0,-26)
[21:17:54] [Worker-Main-7/INFO] (Minecraft) [STDOUT]: [Mixin] buildSurface skipped chunk(1,-25)
[21:17:54] [Worker-Main-20/INFO] (Minecraft) [STDOUT]: [Mixin] buildSurface skipped chunk(-3,-26)
[21:17:54] [Worker-Main-20/INFO] (Minecraft) [STDOUT]: [Mixin] buildSurface skipped chunk(-2,-26)
[21:17:54] [Worker-Main-13/INFO] (Minecraft) [STDOUT]: [Mixin] buildSurface skipped chunk(1,-26)
[21:17:54] [Worker-Main-13/INFO] (Minecraft) [STDOUT]: [Mixin] buildSurface skipped chunk(-5,-26)
[21:17:54] [Worker-Main-20/INFO] (Minecraft) [STDOUT]: [Mixin] buildSurface skipped chunk(-6,-26)
[21:17:54] [Worker-Main-20/INFO] (Minecraft) [STDOUT]: [Mixin] buildSurface skipped chunk(-4,-26)
[21:17:54] [Worker-Main-19/INFO] (Minecraft) [STDOUT]: [Mixin] buildSurface skipped chunk(-7,-26)
[21:17:54] [Worker-Main-2/INFO] (Minecraft) [STDOUT]: [Mixin] populateNoise intercepted chunk(-10,-22)
[21:17:54] [Worker-Main-19/INFO] (Minecraft) [STDOUT]: [Mixin] populateNoise intercepted chunk(-11,-22)
[21:17:54] [Worker-Main-18/INFO] (Minecraft) [STDOUT]: [Mixin] populateNoise intercepted chunk(-12,-22)
[21:17:54] [Worker-Main-4/INFO] (Minecraft) [STDOUT]: [Mixin] populateNoise intercepted chunk(-13,-22)
[21:17:54] [Worker-Main-6/INFO] (Minecraft) [STDOUT]: [Mixin] populateNoise intercepted chunk(-14,-22)
[21:17:54] [Worker-Main-12/INFO] (Minecraft) [STDOUT]: [Mixin] populateNoise intercepted chunk(-10,-23)
[21:17:54] [Worker-Main-12/INFO] (Minecraft) [STDOUT]: [Mixin] populateNoise intercepted chunk(-14,-23)
[21:17:54] [Worker-Main-17/INFO] (Minecraft) [STDOUT]: [Mixin] populateNoise intercepted chunk(-10,-24)
[21:17:54] [Worker-Main-9/INFO] (Minecraft) [STDOUT]: [Mixin] populateNoise intercepted chunk(-14,-24)
[21:17:54] [Worker-Main-17/INFO] (Minecraft) [STDOUT]: [Mixin] populateNoise intercepted chunk(-14,-25)
[21:17:54] [Worker-Main-17/INFO] (Minecraft) [STDOUT]: [Mixin] populateNoise intercepted chunk(-13,-23)
[21:17:54] [Worker-Main-16/INFO] (Minecraft) [STDOUT]: [Mixin] populateNoise intercepted chunk(-12,-23)
[21:17:54] [Worker-Main-7/INFO] (Minecraft) [STDOUT]: [Mixin] populateNoise intercepted chunk(-11,-23)
[21:17:54] [Worker-Main-21/INFO] (Minecraft) [STDOUT]: [Mixin] populateNoise intercepted chunk(-13,-24)
[21:17:54] [Worker-Main-11/INFO] (Minecraft) [STDOUT]: [Mixin] populateNoise intercepted chunk(-12,-24)
[21:17:54] [Worker-Main-20/INFO] (Minecraft) [STDOUT]: [Mixin] populateNoise intercepted chunk(-11,-24)
[21:17:54] [Worker-Main-5/INFO] (Minecraft) [STDOUT]: [Mixin] populateNoise intercepted chunk(-10,-25)
[21:17:54] [Worker-Main-13/INFO] (Minecraft) [STDOUT]: [Mixin] populateNoise intercepted chunk(-13,-25)
[21:17:54] [Worker-Main-8/INFO] (Minecraft) [STDOUT]: [Mixin] populateNoise intercepted chunk(-12,-25)
[21:17:54] [Worker-Main-14/INFO] (Minecraft) [STDOUT]: [Mixin] populateNoise intercepted chunk(-11,-25)
[21:17:54] [Worker-Main-3/INFO] (Minecraft) [STDOUT]: [Mixin] populateNoise intercepted chunk(-8,-26)
[21:17:54] [Worker-Main-10/INFO] (Minecraft) [STDOUT]: [Mixin] populateNoise intercepted chunk(-9,-26)
[21:17:54] [Worker-Main-15/INFO] (Minecraft) [STDOUT]: [Mixin] populateNoise intercepted chunk(-10,-26)
[21:17:54] [Worker-Main-2/INFO] (Minecraft) [STDOUT]: [Mixin] buildSurface skipped chunk(-10,-22)
[21:17:54] [Worker-Main-1/INFO] (Minecraft) [STDOUT]: [Mixin] buildSurface skipped chunk(-13,-22)
[21:17:54] [Worker-Main-1/INFO] (Minecraft) [STDOUT]: [Mixin] buildSurface skipped chunk(-14,-22)
[21:17:54] [Worker-Main-2/INFO] (Minecraft) [STDOUT]: [Mixin] buildSurface skipped chunk(-12,-22)
[21:17:54] [Worker-Main-18/INFO] (Minecraft) [STDOUT]: [Mixin] buildSurface skipped chunk(-10,-23)
[21:17:54] [Worker-Main-5/INFO] (Minecraft) [STDOUT]: [Mixin] buildSurface skipped chunk(-11,-22)
[21:17:54] [Worker-Main-12/INFO] (Minecraft) [STDOUT]: [Mixin] buildSurface skipped chunk(-12,-24)
[21:17:54] [Worker-Main-22/INFO] (Minecraft) [STDOUT]: [Mixin] buildSurface skipped chunk(-14,-23)
[21:17:54] [Worker-Main-22/INFO] (Minecraft) [STDOUT]: [Mixin] buildSurface skipped chunk(-11,-24)
[21:17:54] [Worker-Main-10/INFO] (Minecraft) [STDOUT]: [Mixin] buildSurface skipped chunk(-10,-24)
[21:17:54] [Worker-Main-9/INFO] (Minecraft) [STDOUT]: [Mixin] buildSurface skipped chunk(-10,-25)
[21:17:54] [Worker-Main-17/INFO] (Minecraft) [STDOUT]: [Mixin] buildSurface skipped chunk(-13,-23)
[21:17:54] [Worker-Main-9/INFO] (Minecraft) [STDOUT]: [Mixin] buildSurface skipped chunk(-12,-23)
[21:17:54] [Worker-Main-9/INFO] (Minecraft) [STDOUT]: [Mixin] buildSurface skipped chunk(-11,-23)
[21:17:54] [Worker-Main-17/INFO] (Minecraft) [STDOUT]: [Mixin] buildSurface skipped chunk(-13,-24)
[21:17:54] [Worker-Main-14/INFO] (Minecraft) [STDOUT]: [Mixin] buildSurface skipped chunk(-14,-24)
[21:17:54] [Worker-Main-7/INFO] (Minecraft) [STDOUT]: [Mixin] buildSurface skipped chunk(-10,-26)
[21:17:54] [Worker-Main-9/INFO] (Minecraft) [STDOUT]: [Mixin] buildSurface skipped chunk(-9,-26)
[21:17:54] [Worker-Main-3/INFO] (Minecraft) [STDOUT]: [Mixin] populateNoise intercepted chunk(-11,-26)
[21:17:54] [Worker-Main-14/INFO] (Minecraft) [STDOUT]: [Mixin] buildSurface skipped chunk(-14,-25)
[21:17:54] [Worker-Main-9/INFO] (Minecraft) [STDOUT]: [Mixin] buildSurface skipped chunk(-12,-25)
[21:17:54] [Worker-Main-9/INFO] (Minecraft) [STDOUT]: [Mixin] buildSurface skipped chunk(-8,-26)
[21:17:54] [Worker-Main-17/INFO] (Minecraft) [STDOUT]: [Mixin] buildSurface skipped chunk(-11,-25)
[21:17:54] [Worker-Main-10/INFO] (Minecraft) [STDOUT]: [Mixin] buildSurface skipped chunk(-13,-25)
[21:17:54] [Worker-Main-23/INFO] (Minecraft) [STDOUT]: [Mixin] populateNoise intercepted chunk(-12,-26)
[21:17:54] [Worker-Main-11/INFO] (Minecraft) [STDOUT]: [Mixin] populateNoise intercepted chunk(-13,-26)
[21:17:54] [Worker-Main-16/INFO] (Minecraft) [STDOUT]: [Mixin] populateNoise intercepted chunk(-14,-26)
[21:17:54] [Worker-Main-2/INFO] (Minecraft) [STDOUT]: [Mixin] populateNoise intercepted chunk(-11,-27)
[21:17:54] [Worker-Main-15/INFO] (Minecraft) [STDOUT]: [Mixin] populateNoise intercepted chunk(-10,-27)
[21:17:54] [Worker-Main-1/INFO] (Minecraft) [STDOUT]: [Mixin] populateNoise intercepted chunk(-9,-27)
[21:17:54] [Worker-Main-12/INFO] (Minecraft) [STDOUT]: [Mixin] populateNoise intercepted chunk(-12,-27)
[21:17:54] [Worker-Main-17/INFO] (Minecraft) [STDOUT]: [Mixin] populateNoise intercepted chunk(-13,-27)
[21:17:54] [Worker-Main-21/INFO] (Minecraft) [STDOUT]: [Mixin] populateNoise intercepted chunk(-14,-27)
[21:17:54] [Worker-Main-21/INFO] (Minecraft) [STDOUT]: [Mixin] populateNoise intercepted chunk(-13,-28)
[21:17:54] [Worker-Main-1/INFO] (Minecraft) [STDOUT]: [Mixin] populateNoise intercepted chunk(-14,-28)
[21:17:54] [Worker-Main-6/INFO] (Minecraft) [STDOUT]: [Mixin] populateNoise intercepted chunk(-9,-28)
[21:17:54] [Worker-Main-19/INFO] (Minecraft) [STDOUT]: [Mixin] populateNoise intercepted chunk(-12,-28)
[21:17:54] [Worker-Main-7/INFO] (Minecraft) [STDOUT]: [Mixin] populateNoise intercepted chunk(-11,-28)
[21:17:54] [Worker-Main-18/INFO] (Minecraft) [STDOUT]: [Mixin] populateNoise intercepted chunk(-10,-28)
[21:17:54] [Worker-Main-14/INFO] (Minecraft) [STDOUT]: [Mixin] populateNoise intercepted chunk(-13,-29)
[21:17:54] [Worker-Main-16/INFO] (Minecraft) [STDOUT]: [Mixin] populateNoise intercepted chunk(-14,-29)
[21:17:54] [Worker-Main-4/INFO] (Minecraft) [STDOUT]: [Mixin] populateNoise intercepted chunk(-14,-30)
[21:17:54] [Worker-Main-10/INFO] (Minecraft) [STDOUT]: [Mixin] populateNoise intercepted chunk(-13,-30)
[21:17:54] [Worker-Main-9/INFO] (Minecraft) [STDOUT]: [Mixin] populateNoise intercepted chunk(-8,-27)
[21:17:54] [Worker-Main-12/INFO] (Minecraft) [STDOUT]: [Mixin] populateNoise intercepted chunk(-8,-28)
[21:17:54] [Worker-Main-22/INFO] (Minecraft) [STDOUT]: [Mixin] populateNoise intercepted chunk(-12,-29)
[21:17:54] [Worker-Main-3/INFO] (Minecraft) [STDOUT]: [Mixin] buildSurface skipped chunk(-11,-26)
[21:17:54] [Worker-Main-3/INFO] (Minecraft) [STDOUT]: [Mixin] populateNoise intercepted chunk(-11,-29)
[21:17:54] [Worker-Main-23/INFO] (Minecraft) [STDOUT]: [Mixin] buildSurface skipped chunk(-12,-26)
[21:17:54] [Worker-Main-23/INFO] (Minecraft) [STDOUT]: [Mixin] buildSurface skipped chunk(-13,-26)
[21:17:54] [Worker-Main-11/INFO] (Minecraft) [STDOUT]: [Mixin] buildSurface skipped chunk(-14,-26)
[21:17:54] [Worker-Main-23/INFO] (Minecraft) [STDOUT]: [Mixin] buildSurface skipped chunk(-12,-27)
[21:17:54] [Worker-Main-11/INFO] (Minecraft) [STDOUT]: [Mixin] buildSurface skipped chunk(-13,-27)
[21:17:54] [Worker-Main-21/INFO] (Minecraft) [STDOUT]: [Mixin] buildSurface skipped chunk(-10,-27)
[21:17:54] [Worker-Main-5/INFO] (Minecraft) [STDOUT]: [Mixin] buildSurface skipped chunk(-11,-27)
[21:17:54] [Worker-Main-5/INFO] (Minecraft) [STDOUT]: [Mixin] buildSurface skipped chunk(-14,-28)
[21:17:54] [Worker-Main-5/INFO] (Minecraft) [STDOUT]: [Mixin] buildSurface skipped chunk(-13,-28)
[21:17:54] [Worker-Main-6/INFO] (Minecraft) [STDOUT]: [Mixin] buildSurface skipped chunk(-9,-28)
[21:17:54] [Worker-Main-6/INFO] (Minecraft) [STDOUT]: [Mixin] buildSurface skipped chunk(-10,-28)
[21:17:54] [Worker-Main-4/INFO] (Minecraft) [STDOUT]: [Mixin] buildSurface skipped chunk(-14,-27)
[21:17:54] [Worker-Main-6/INFO] (Minecraft) [STDOUT]: [Mixin] buildSurface skipped chunk(-12,-28)
[21:17:54] [Worker-Main-5/INFO] (Minecraft) [STDOUT]: [Mixin] buildSurface skipped chunk(-14,-29)
[21:17:54] [Worker-Main-5/INFO] (Minecraft) [STDOUT]: [Mixin] buildSurface skipped chunk(-14,-30)
[21:17:54] [Worker-Main-14/INFO] (Minecraft) [STDOUT]: [Mixin] buildSurface skipped chunk(-13,-30)
[21:17:54] [Worker-Main-5/INFO] (Minecraft) [STDOUT]: [Mixin] buildSurface skipped chunk(-11,-28)
[21:17:54] [Worker-Main-19/INFO] (Minecraft) [STDOUT]: [Mixin] buildSurface skipped chunk(-9,-27)
[21:17:54] [Worker-Main-5/INFO] (Minecraft) [STDOUT]: [Mixin] buildSurface skipped chunk(-13,-29)
[21:17:54] [Worker-Main-22/INFO] (Minecraft) [STDOUT]: [Mixin] populateNoise intercepted chunk(-10,-29)
[21:17:54] [Worker-Main-19/INFO] (Minecraft) [STDOUT]: [Mixin] buildSurface skipped chunk(-8,-28)
[21:17:54] [Worker-Main-19/INFO] (Minecraft) [STDOUT]: [Mixin] buildSurface skipped chunk(-12,-29)
[21:17:54] [Worker-Main-3/INFO] (Minecraft) [STDOUT]: [Mixin] buildSurface skipped chunk(-11,-29)
[21:17:54] [Worker-Main-13/INFO] (Minecraft) [STDOUT]: [Mixin] buildSurface skipped chunk(-8,-27)
[21:17:54] [Worker-Main-6/INFO] (Minecraft) [STDOUT]: [Mixin] populateNoise intercepted chunk(-9,-29)
[21:17:54] [Worker-Main-10/INFO] (Minecraft) [STDOUT]: [Mixin] populateNoise intercepted chunk(-14,-31)
[21:17:54] [Worker-Main-20/INFO] (Minecraft) [STDOUT]: [Mixin] populateNoise intercepted chunk(-13,-31)
[21:17:54] [Worker-Main-13/INFO] (Minecraft) [STDOUT]: [Mixin] populateNoise intercepted chunk(-12,-30)
[21:17:54] [Worker-Main-7/INFO] (Minecraft) [STDOUT]: [Mixin] populateNoise intercepted chunk(-12,-31)
[21:17:54] [Worker-Main-11/INFO] (Minecraft) [STDOUT]: [Mixin] populateNoise intercepted chunk(-14,-32)
[21:17:54] [Worker-Main-14/INFO] (Minecraft) [STDOUT]: [Mixin] populateNoise intercepted chunk(-13,-32)
[21:17:54] [Worker-Main-19/INFO] (Minecraft) [STDOUT]: [Mixin] populateNoise intercepted chunk(-12,-32)
[21:17:54] [Worker-Main-8/INFO] (Minecraft) [STDOUT]: [Mixin] populateNoise intercepted chunk(-11,-30)
[21:17:54] [Worker-Main-17/INFO] (Minecraft) [STDOUT]: [Mixin] populateNoise intercepted chunk(-11,-31)
[21:17:54] [Worker-Main-1/INFO] (Minecraft) [STDOUT]: [Mixin] populateNoise intercepted chunk(-11,-32)
[21:17:54] [Worker-Main-9/INFO] (Minecraft) [STDOUT]: [Mixin] populateNoise intercepted chunk(-8,-29)
[21:17:54] [Worker-Main-16/INFO] (Minecraft) [STDOUT]: [Mixin] populateNoise intercepted chunk(-14,-33)
[21:17:54] [Worker-Main-15/INFO] (Minecraft) [STDOUT]: [Mixin] populateNoise intercepted chunk(-13,-33)
[21:17:54] [Worker-Main-5/INFO] (Minecraft) [STDOUT]: [Mixin] populateNoise intercepted chunk(-12,-33)
[21:17:54] [Worker-Main-2/INFO] (Minecraft) [STDOUT]: [Mixin] populateNoise intercepted chunk(-11,-33)
[21:17:54] [Worker-Main-23/INFO] (Minecraft) [STDOUT]: [Mixin] populateNoise intercepted chunk(-7,-27)
[21:17:54] [Worker-Main-3/INFO] (Minecraft) [STDOUT]: [Mixin] populateNoise intercepted chunk(-10,-30)
[21:17:54] [Worker-Main-21/INFO] (Minecraft) [STDOUT]: [Mixin] populateNoise intercepted chunk(-9,-30)
[21:17:54] [Worker-Main-12/INFO] (Minecraft) [STDOUT]: [Mixin] populateNoise intercepted chunk(-7,-28)
[21:17:54] [Worker-Main-4/INFO] (Minecraft) [STDOUT]: [Mixin] populateNoise intercepted chunk(-8,-30)
[21:17:54] [Worker-Main-18/INFO] (Minecraft) [STDOUT]: [Mixin] populateNoise intercepted chunk(-7,-30)
[21:17:54] [Worker-Main-22/INFO] (Minecraft) [STDOUT]: [Mixin] buildSurface skipped chunk(-10,-29)
[21:17:54] [Worker-Main-22/INFO] (Minecraft) [STDOUT]: [Mixin] populateNoise intercepted chunk(-7,-29)
[21:17:54] [Worker-Main-6/INFO] (Minecraft) [STDOUT]: [Mixin] buildSurface skipped chunk(-9,-29)
[21:17:54] [Worker-Main-13/INFO] (Minecraft) [STDOUT]: [Mixin] buildSurface skipped chunk(-12,-30)
[21:17:54] [Worker-Main-13/INFO] (Minecraft) [STDOUT]: [Mixin] buildSurface skipped chunk(-11,-32)
[21:17:54] [Worker-Main-13/INFO] (Minecraft) [STDOUT]: [Mixin] buildSurface skipped chunk(-14,-31)
[21:17:54] [Worker-Main-13/INFO] (Minecraft) [STDOUT]: [Mixin] buildSurface skipped chunk(-14,-32)
[21:17:54] [Worker-Main-19/INFO] (Minecraft) [STDOUT]: [Mixin] buildSurface skipped chunk(-12,-31)
[21:17:54] [Worker-Main-19/INFO] (Minecraft) [STDOUT]: [Mixin] buildSurface skipped chunk(-12,-32)
[21:17:54] [Worker-Main-14/INFO] (Minecraft) [STDOUT]: [Mixin] buildSurface skipped chunk(-13,-31)
[21:17:54] [Worker-Main-15/INFO] (Minecraft) [STDOUT]: [Mixin] buildSurface skipped chunk(-9,-30)
[21:17:54] [Worker-Main-2/INFO] (Minecraft) [STDOUT]: [Mixin] buildSurface skipped chunk(-11,-31)
[21:17:54] [Worker-Main-23/INFO] (Minecraft) [STDOUT]: [Mixin] buildSurface skipped chunk(-13,-32)
[21:17:54] [Worker-Main-9/INFO] (Minecraft) [STDOUT]: [Mixin] buildSurface skipped chunk(-11,-30)
[21:17:54] [Worker-Main-2/INFO] (Minecraft) [STDOUT]: [Mixin] buildSurface skipped chunk(-10,-30)
[21:17:54] [RCON Listener #1/INFO] (Minecraft) Thread RCON Client /127.0.0.1 started
[21:17:54] [Worker-Main-23/INFO] (Minecraft) [STDOUT]: [Mixin] buildSurface skipped chunk(-13,-33)
[21:17:54] [Worker-Main-17/INFO] (Minecraft) [STDOUT]: [Mixin] buildSurface skipped chunk(-12,-33)
[21:17:54] [Worker-Main-23/INFO] (Minecraft) [STDOUT]: [Mixin] buildSurface skipped chunk(-14,-33)
[21:17:54] [Worker-Main-23/INFO] (Minecraft) [STDOUT]: [Mixin] buildSurface skipped chunk(-11,-33)
[21:17:54] [Worker-Main-9/INFO] (Minecraft) [STDOUT]: [Mixin] buildSurface skipped chunk(-8,-29)
[21:17:54] [Worker-Main-18/INFO] (Minecraft) [STDOUT]: [Mixin] buildSurface skipped chunk(-8,-30)
[21:17:54] [Worker-Main-23/INFO] (Minecraft) [STDOUT]: [Mixin] buildSurface skipped chunk(-7,-30)
[21:17:54] [Worker-Main-17/INFO] (Minecraft) [STDOUT]: [Mixin] buildSurface skipped chunk(-7,-29)
[21:17:54] [RCON Client /127.0.0.1 #6/INFO] (Minecraft) Thread RCON Client /127.0.0.1 shutting down
[21:17:54] [Worker-Main-2/INFO] (Minecraft) [STDOUT]: [Mixin] buildSurface skipped chunk(-7,-28)
[21:17:54] [Worker-Main-15/INFO] (Minecraft) [STDOUT]: [Mixin] buildSurface skipped chunk(-7,-27)
[21:17:54] [Worker-Main-9/INFO] (Minecraft) [STDOUT]: [Mixin] populateNoise intercepted chunk(-10,-31)
[21:17:54] [Worker-Main-4/INFO] (Minecraft) [STDOUT]: [Mixin] populateNoise intercepted chunk(-9,-31)
[21:17:54] [Worker-Main-22/INFO] (Minecraft) [STDOUT]: [Mixin] populateNoise intercepted chunk(-8,-31)
[21:17:54] [Worker-Main-12/INFO] (Minecraft) [STDOUT]: [Mixin] populateNoise intercepted chunk(-7,-31)
[21:17:54] [Worker-Main-16/INFO] (Minecraft) [STDOUT]: [Mixin] populateNoise intercepted chunk(-6,-27)
[21:17:54] [Worker-Main-17/INFO] (Minecraft) [STDOUT]: [Mixin] populateNoise intercepted chunk(-6,-28)
[21:17:54] [Worker-Main-2/INFO] (Minecraft) [STDOUT]: [Mixin] populateNoise intercepted chunk(-10,-32)
[21:17:54] [Worker-Main-18/INFO] (Minecraft) [STDOUT]: [Mixin] populateNoise intercepted chunk(-6,-29)
[21:17:54] [Worker-Main-20/INFO] (Minecraft) [STDOUT]: [Mixin] populateNoise intercepted chunk(-9,-32)
[21:17:54] [Worker-Main-15/INFO] (Minecraft) [STDOUT]: [Mixin] populateNoise intercepted chunk(-8,-32)
[21:17:54] [Worker-Main-23/INFO] (Minecraft) [STDOUT]: [Mixin] populateNoise intercepted chunk(-6,-31)
[21:17:54] [Worker-Main-13/INFO] (Minecraft) [STDOUT]: [Mixin] populateNoise intercepted chunk(-6,-30)
[21:17:54] [Worker-Main-19/INFO] (Minecraft) [STDOUT]: [Mixin] populateNoise intercepted chunk(-7,-32)
[21:17:54] [Worker-Main-10/INFO] (Minecraft) [STDOUT]: [Mixin] populateNoise intercepted chunk(-6,-32)
[21:17:54] [Worker-Main-21/INFO] (Minecraft) [STDOUT]: [Mixin] populateNoise intercepted chunk(-5,-32)
[21:17:54] [Worker-Main-5/INFO] (Minecraft) [STDOUT]: [Mixin] populateNoise intercepted chunk(-5,-31)
[21:17:54] [Worker-Main-11/INFO] (Minecraft) [STDOUT]: [Mixin] populateNoise intercepted chunk(-5,-30)
[21:17:54] [Worker-Main-11/INFO] (Minecraft) [STDOUT]: [Mixin] populateNoise intercepted chunk(-5,-29)
[21:17:54] [Worker-Main-3/INFO] (Minecraft) [STDOUT]: [Mixin] populateNoise intercepted chunk(-10,-33)
[21:17:54] [Worker-Main-14/INFO] (Minecraft) [STDOUT]: [Mixin] populateNoise intercepted chunk(-5,-28)
[21:17:54] [Worker-Main-8/INFO] (Minecraft) [STDOUT]: [Mixin] populateNoise intercepted chunk(-5,-27)
[21:17:54] [Worker-Main-6/INFO] (Minecraft) [STDOUT]: [Mixin] populateNoise intercepted chunk(-9,-33)
[21:17:54] [Worker-Main-1/INFO] (Minecraft) [STDOUT]: [Mixin] populateNoise intercepted chunk(-8,-33)
[21:17:54] [Worker-Main-4/INFO] (Minecraft) [STDOUT]: [Mixin] buildSurface skipped chunk(-9,-31)
[21:17:54] [Worker-Main-4/INFO] (Minecraft) [STDOUT]: [Mixin] populateNoise intercepted chunk(-7,-33)
[21:17:54] [Worker-Main-23/INFO] (Minecraft) [STDOUT]: [Mixin] buildSurface skipped chunk(-6,-31)
[21:17:54] [Worker-Main-13/INFO] (Minecraft) [STDOUT]: [Mixin] buildSurface skipped chunk(-6,-30)
[21:17:54] [Worker-Main-23/INFO] (Minecraft) [STDOUT]: [Mixin] buildSurface skipped chunk(-10,-31)
[21:17:54] [Worker-Main-17/INFO] (Minecraft) [STDOUT]: [Mixin] buildSurface skipped chunk(-7,-32)
[21:17:54] [Worker-Main-19/INFO] (Minecraft) [STDOUT]: [Mixin] buildSurface skipped chunk(-8,-32)
[21:17:54] [Worker-Main-22/INFO] (Minecraft) [STDOUT]: [Mixin] buildSurface skipped chunk(-6,-29)
[21:17:54] [Worker-Main-20/INFO] (Minecraft) [STDOUT]: [Mixin] buildSurface skipped chunk(-5,-32)
[21:17:54] [Worker-Main-20/INFO] (Minecraft) [STDOUT]: [Mixin] buildSurface skipped chunk(-5,-30)
[21:17:54] [Worker-Main-22/INFO] (Minecraft) [STDOUT]: [Mixin] buildSurface skipped chunk(-5,-31)
[21:17:54] [Worker-Main-20/INFO] (Minecraft) [STDOUT]: [Mixin] buildSurface skipped chunk(-7,-31)
[21:17:54] [Worker-Main-23/INFO] (Minecraft) [STDOUT]: [Mixin] buildSurface skipped chunk(-5,-29)
[21:17:54] [Worker-Main-22/INFO] (Minecraft) [STDOUT]: [Mixin] buildSurface skipped chunk(-6,-32)
[21:17:54] [Worker-Main-19/INFO] (Minecraft) [STDOUT]: [Mixin] buildSurface skipped chunk(-6,-27)
[21:17:54] [Worker-Main-23/INFO] (Minecraft) [STDOUT]: [Mixin] buildSurface skipped chunk(-9,-32)
[21:17:54] [Worker-Main-20/INFO] (Minecraft) [STDOUT]: [Mixin] buildSurface skipped chunk(-10,-32)
[21:17:54] [Worker-Main-20/INFO] (Minecraft) [STDOUT]: [Mixin] buildSurface skipped chunk(-8,-31)
[21:17:54] [Worker-Main-8/INFO] (Minecraft) [STDOUT]: [Mixin] buildSurface skipped chunk(-5,-27)
[21:17:54] [Worker-Main-20/INFO] (Minecraft) [STDOUT]: [Mixin] populateNoise intercepted chunk(-6,-33)
[21:17:54] [Worker-Main-4/INFO] (Minecraft) [STDOUT]: [Mixin] populateNoise intercepted chunk(-5,-33)
[21:17:54] [Worker-Main-2/INFO] (Minecraft) [STDOUT]: [Mixin] buildSurface skipped chunk(-6,-28)
[21:17:54] [Worker-Main-22/INFO] (Minecraft) [STDOUT]: [Mixin] buildSurface skipped chunk(-5,-28)
[21:17:54] [Worker-Main-22/INFO] (Minecraft) [STDOUT]: [Mixin] buildSurface skipped chunk(-10,-33)
[21:17:54] [Worker-Main-2/INFO] (Minecraft) [STDOUT]: [Mixin] buildSurface skipped chunk(-9,-33)
[21:17:54] [Worker-Main-23/INFO] (Minecraft) [STDOUT]: [Mixin] buildSurface skipped chunk(-8,-33)
[21:17:54] [Worker-Main-2/INFO] (Minecraft) [STDOUT]: [Mixin] buildSurface skipped chunk(-7,-33)
[21:17:55] [Worker-Main-1/INFO] (Minecraft) [STDOUT]: [Mixin] populateNoise intercepted chunk(-4,-27)
[21:17:55] [Worker-Main-6/INFO] (Minecraft) [STDOUT]: [Mixin] populateNoise intercepted chunk(-4,-28)
[21:17:55] [Worker-Main-10/INFO] (Minecraft) [STDOUT]: [Mixin] populateNoise intercepted chunk(-3,-27)
[21:17:55] [Worker-Main-9/INFO] (Minecraft) [STDOUT]: [Mixin] populateNoise intercepted chunk(-3,-28)
[21:17:55] [Worker-Main-22/INFO] (Minecraft) [STDOUT]: [Mixin] populateNoise intercepted chunk(-4,-29)
[21:17:55] [Worker-Main-8/INFO] (Minecraft) [STDOUT]: [Mixin] populateNoise intercepted chunk(-3,-29)
[21:17:55] [Worker-Main-5/INFO] (Minecraft) [STDOUT]: [Mixin] populateNoise intercepted chunk(-2,-27)
[21:17:55] [Worker-Main-23/INFO] (Minecraft) [STDOUT]: [Mixin] populateNoise intercepted chunk(-4,-33)
[21:17:55] [Worker-Main-21/INFO] (Minecraft) [STDOUT]: [Mixin] populateNoise intercepted chunk(-2,-28)
[21:17:55] [Worker-Main-11/INFO] (Minecraft) [STDOUT]: [Mixin] populateNoise intercepted chunk(-2,-29)
[21:17:55] [Worker-Main-11/INFO] (Minecraft) [STDOUT]: [Mixin] populateNoise intercepted chunk(-1,-27)
[21:17:55] [Worker-Main-2/INFO] (Minecraft) [STDOUT]: [Mixin] populateNoise intercepted chunk(-4,-32)
[21:17:55] [Worker-Main-13/INFO] (Minecraft) [STDOUT]: [Mixin] populateNoise intercepted chunk(-4,-31)
[21:17:55] [Worker-Main-16/INFO] (Minecraft) [STDOUT]: [Mixin] populateNoise intercepted chunk(-4,-30)
[21:17:55] [Worker-Main-17/INFO] (Minecraft) [STDOUT]: [Mixin] populateNoise intercepted chunk(-14,-34)
[21:17:55] [Worker-Main-15/INFO] (Minecraft) [STDOUT]: [Mixin] populateNoise intercepted chunk(-13,-34)
[21:17:55] [Worker-Main-14/INFO] (Minecraft) [STDOUT]: [Mixin] populateNoise intercepted chunk(-12,-34)
[21:17:55] [Worker-Main-19/INFO] (Minecraft) [STDOUT]: [Mixin] populateNoise intercepted chunk(-11,-34)
[21:17:55] [Worker-Main-18/INFO] (Minecraft) [STDOUT]: [Mixin] populateNoise intercepted chunk(-10,-34)
[21:17:55] [Worker-Main-7/INFO] (Minecraft) [STDOUT]: [Mixin] populateNoise intercepted chunk(-9,-34)
[21:17:55] [Worker-Main-12/INFO] (Minecraft) [STDOUT]: [Mixin] populateNoise intercepted chunk(-8,-34)
[21:17:55] [Worker-Main-20/INFO] (Minecraft) [STDOUT]: [Mixin] buildSurface skipped chunk(-6,-33)
[21:17:55] [Worker-Main-20/INFO] (Minecraft) [STDOUT]: [Mixin] buildSurface skipped chunk(-5,-33)
[21:17:55] [Worker-Main-4/INFO] (Minecraft) [STDOUT]: [Mixin] populateNoise intercepted chunk(-7,-34)
[21:17:55] [Worker-Main-20/INFO] (Minecraft) [STDOUT]: [Mixin] populateNoise intercepted chunk(-6,-34)
[21:17:55] [Worker-Main-6/INFO] (Minecraft) [STDOUT]: [Mixin] buildSurface skipped chunk(-4,-28)
[21:17:55] [Worker-Main-6/INFO] (Minecraft) [STDOUT]: [Mixin] buildSurface skipped chunk(-4,-27)
[21:17:55] [Worker-Main-6/INFO] (Minecraft) [STDOUT]: [Mixin] buildSurface skipped chunk(-3,-28)
[21:17:55] [Worker-Main-16/INFO] (Minecraft) [STDOUT]: [Mixin] buildSurface skipped chunk(-3,-29)
[21:17:55] [Worker-Main-16/INFO] (Minecraft) [STDOUT]: [Mixin] buildSurface skipped chunk(-3,-27)
[21:17:55] [Worker-Main-13/INFO] (Minecraft) [STDOUT]: [Mixin] buildSurface skipped chunk(-1,-27)
[21:17:55] [Server thread/INFO] (Minecraft) [Chunky] Task running for minecraft:overworld. Processed: 966 chunks (22.86%), ETA: 0:00:34, Rate: 94.9 cps, Current: -7, -31
[21:17:55] [Worker-Main-2/INFO] (Minecraft) [STDOUT]: [Mixin] buildSurface skipped chunk(-4,-29)
[21:17:55] [Worker-Main-2/INFO] (Minecraft) [STDOUT]: [Mixin] buildSurface skipped chunk(-2,-29)
[21:17:55] [Worker-Main-2/INFO] (Minecraft) [STDOUT]: [Mixin] buildSurface skipped chunk(-4,-30)
[21:17:55] [Worker-Main-15/INFO] (Minecraft) [STDOUT]: [Mixin] buildSurface skipped chunk(-2,-27)
[21:17:55] [Worker-Main-13/INFO] (Minecraft) [STDOUT]: [Mixin] buildSurface skipped chunk(-2,-28)
[21:17:55] [Worker-Main-12/INFO] (Minecraft) [STDOUT]: [Mixin] buildSurface skipped chunk(-4,-33)
[21:17:55] [Worker-Main-7/INFO] (Minecraft) [STDOUT]: [Mixin] buildSurface skipped chunk(-4,-31)
[21:17:55] [Worker-Main-21/INFO] (Minecraft) [STDOUT]: [Mixin] buildSurface skipped chunk(-4,-32)
[21:17:55] [Worker-Main-15/INFO] (Minecraft) [STDOUT]: [Mixin] buildSurface skipped chunk(-14,-34)
[21:17:55] [Worker-Main-14/INFO] (Minecraft) [STDOUT]: [Mixin] buildSurface skipped chunk(-13,-34)
[21:17:55] [Worker-Main-21/INFO] (Minecraft) [STDOUT]: [Mixin] buildSurface skipped chunk(-12,-34)
[21:17:55] [Worker-Main-21/INFO] (Minecraft) [STDOUT]: [Mixin] buildSurface skipped chunk(-11,-34)
[21:17:55] [Worker-Main-21/INFO] (Minecraft) [STDOUT]: [Mixin] buildSurface skipped chunk(-10,-34)
[21:17:55] [Worker-Main-4/INFO] (Minecraft) [STDOUT]: [Mixin] buildSurface skipped chunk(-9,-34)
[21:17:55] [Worker-Main-15/INFO] (Minecraft) [STDOUT]: [Mixin] buildSurface skipped chunk(-8,-34)
[21:17:55] [Worker-Main-5/INFO] (Minecraft) [STDOUT]: [Mixin] buildSurface skipped chunk(-6,-34)
[21:17:55] [Worker-Main-5/INFO] (Minecraft) [STDOUT]: [Mixin] buildSurface skipped chunk(-7,-34)
[21:17:55] [Worker-Main-15/INFO] (Minecraft) [STDOUT]: [Mixin] populateNoise intercepted chunk(-3,-30)
[21:17:55] [Worker-Main-13/INFO] (Minecraft) [STDOUT]: [Mixin] populateNoise intercepted chunk(-2,-30)
[21:17:55] [Worker-Main-1/INFO] (Minecraft) [STDOUT]: [Mixin] populateNoise intercepted chunk(-3,-31)
[21:17:55] [Worker-Main-5/INFO] (Minecraft) [STDOUT]: [Mixin] populateNoise intercepted chunk(-1,-28)
[21:17:55] [Worker-Main-17/INFO] (Minecraft) [STDOUT]: [Mixin] populateNoise intercepted chunk(-1,-29)
[21:17:55] [Worker-Main-18/INFO] (Minecraft) [STDOUT]: [Mixin] populateNoise intercepted chunk(-2,-31)
[21:17:55] [Worker-Main-7/INFO] (Minecraft) [STDOUT]: [Mixin] populateNoise intercepted chunk(-1,-30)
[21:17:55] [Worker-Main-19/INFO] (Minecraft) [STDOUT]: [Mixin] populateNoise intercepted chunk(-3,-32)
[21:17:55] [Worker-Main-16/INFO] (Minecraft) [STDOUT]: [Mixin] populateNoise intercepted chunk(-1,-31)
[21:17:55] [Worker-Main-6/INFO] (Minecraft) [STDOUT]: [Mixin] populateNoise intercepted chunk(0,-31)
[21:17:55] [Worker-Main-2/INFO] (Minecraft) [STDOUT]: [Mixin] populateNoise intercepted chunk(0,-27)
[21:17:55] [Worker-Main-8/INFO] (Minecraft) [STDOUT]: [Mixin] populateNoise intercepted chunk(0,-28)
[21:17:55] [Worker-Main-14/INFO] (Minecraft) [STDOUT]: [Mixin] populateNoise intercepted chunk(0,-29)
[21:17:55] [Worker-Main-21/INFO] (Minecraft) [STDOUT]: [Mixin] populateNoise intercepted chunk(0,-30)
[21:17:55] [Worker-Main-10/INFO] (Minecraft) [STDOUT]: [Mixin] populateNoise intercepted chunk(-2,-32)
[21:17:55] [Worker-Main-20/INFO] (Minecraft) [STDOUT]: [Mixin] populateNoise intercepted chunk(-1,-32)
[21:17:55] [Worker-Main-11/INFO] (Minecraft) [STDOUT]: [Mixin] populateNoise intercepted chunk(0,-32)
[21:17:55] [Worker-Main-9/INFO] (Minecraft) [STDOUT]: [Mixin] populateNoise intercepted chunk(-3,-33)
[21:17:55] [Worker-Main-22/INFO] (Minecraft) [STDOUT]: [Mixin] populateNoise intercepted chunk(-2,-33)
[21:17:55] [Worker-Main-12/INFO] (Minecraft) [STDOUT]: [Mixin] populateNoise intercepted chunk(-1,-33)
[21:17:55] [Worker-Main-3/INFO] (Minecraft) [STDOUT]: [Mixin] populateNoise intercepted chunk(0,-33)
[21:17:55] [Worker-Main-23/INFO] (Minecraft) [STDOUT]: [Mixin] populateNoise intercepted chunk(1,-31)
[21:17:55] [Worker-Main-4/INFO] (Minecraft) [STDOUT]: [Mixin] populateNoise intercepted chunk(1,-32)
[21:17:55] [Worker-Main-15/INFO] (Minecraft) [STDOUT]: [Mixin] buildSurface skipped chunk(-3,-30)
[21:17:55] [Worker-Main-15/INFO] (Minecraft) [STDOUT]: [Mixin] populateNoise intercepted chunk(1,-33)
[21:17:55] [Worker-Main-5/INFO] (Minecraft) [STDOUT]: [Mixin] buildSurface skipped chunk(-1,-28)
[21:17:55] [Worker-Main-5/INFO] (Minecraft) [STDOUT]: [Mixin] buildSurface skipped chunk(-1,-30)
[21:17:55] [Worker-Main-19/INFO] (Minecraft) [STDOUT]: [Mixin] buildSurface skipped chunk(-3,-32)
[21:17:55] [Worker-Main-7/INFO] (Minecraft) [STDOUT]: [Mixin] buildSurface skipped chunk(-2,-30)
[21:17:55] [Worker-Main-7/INFO] (Minecraft) [STDOUT]: [Mixin] buildSurface skipped chunk(0,-30)
[21:17:55] [Worker-Main-21/INFO] (Minecraft) [STDOUT]: [Mixin] buildSurface skipped chunk(-2,-32)
[21:17:55] [Worker-Main-7/INFO] (Minecraft) [STDOUT]: [Mixin] buildSurface skipped chunk(-1,-31)
[21:17:55] [Worker-Main-13/INFO] (Minecraft) [STDOUT]: [Mixin] populateNoise intercepted chunk(1,-27)
[21:17:55] [Worker-Main-19/INFO] (Minecraft) [STDOUT]: [Mixin] populateNoise intercepted chunk(1,-28)
[21:17:55] [Worker-Main-21/INFO] (Minecraft) [STDOUT]: [Mixin] populateNoise intercepted chunk(1,-29)
[21:17:55] [Worker-Main-5/INFO] (Minecraft) [STDOUT]: [Mixin] populateNoise intercepted chunk(1,-30)
[21:17:55] [Worker-Main-7/INFO] (Minecraft) [STDOUT]: [Mixin] populateNoise intercepted chunk(-5,-34)
[21:17:55] [Worker-Main-18/INFO] (Minecraft) [STDOUT]: [Mixin] buildSurface skipped chunk(-2,-31)
[21:17:55] [Worker-Main-18/INFO] (Minecraft) [STDOUT]: [Mixin] buildSurface skipped chunk(0,-29)
[21:17:55] [Worker-Main-17/INFO] (Minecraft) [STDOUT]: [Mixin] buildSurface skipped chunk(0,-27)
[21:17:55] [Worker-Main-14/INFO] (Minecraft) [STDOUT]: [Mixin] buildSurface skipped chunk(-1,-29)
[21:17:55] [Worker-Main-17/INFO] (Minecraft) [STDOUT]: [Mixin] buildSurface skipped chunk(0,-32)
[21:17:55] [Worker-Main-18/INFO] (Minecraft) [STDOUT]: [Mixin] buildSurface skipped chunk(-3,-31)
[21:17:55] [Worker-Main-10/INFO] (Minecraft) [STDOUT]: [Mixin] buildSurface skipped chunk(0,-28)
[21:17:55] [Worker-Main-14/INFO] (Minecraft) [STDOUT]: [Mixin] buildSurface skipped chunk(-1,-32)
[21:17:55] [Worker-Main-4/INFO] (Minecraft) [STDOUT]: [CHUNKTIME] n=1280 perChunk(ms): mixin=94.09 gap=98.53 | sumMixin=120.4s sumGap=126.1s | inflight max=23 now=11
[21:17:55] [Worker-Main-23/INFO] (Minecraft) [STDOUT]: [Mixin] buildSurface skipped chunk(0,-31)
[21:17:55] [Worker-Main-14/INFO] (Minecraft) [STDOUT]: [Mixin] buildSurface skipped chunk(-3,-33)
[21:17:55] [Worker-Main-23/INFO] (Minecraft) [STDOUT]: [Mixin] buildSurface skipped chunk(1,-32)
[21:17:55] [Worker-Main-14/INFO] (Minecraft) [STDOUT]: [Mixin] buildSurface skipped chunk(1,-31)
[21:17:55] [Worker-Main-20/INFO] (Minecraft) [STDOUT]: [Mixin] buildSurface skipped chunk(-2,-33)
[21:17:55] [Worker-Main-15/INFO] (Minecraft) [STDOUT]: [Mixin] buildSurface skipped chunk(0,-33)
[21:17:55] [Worker-Main-14/INFO] (Minecraft) [STDOUT]: [Mixin] buildSurface skipped chunk(-1,-33)
[21:17:55] [Worker-Main-14/INFO] (Minecraft) [STDOUT]: [Mixin] buildSurface skipped chunk(1,-33)
[21:17:55] [Worker-Main-17/INFO] (Minecraft) [STDOUT]: [Mixin] buildSurface skipped chunk(1,-27)
[21:17:55] [Worker-Main-6/INFO] (Minecraft) [STDOUT]: [Mixin] buildSurface skipped chunk(1,-30)
[21:17:55] [Worker-Main-1/INFO] (Minecraft) [STDOUT]: [Mixin] populateNoise intercepted chunk(-4,-34)
[21:17:55] [Worker-Main-18/INFO] (Minecraft) [STDOUT]: [Mixin] populateNoise intercepted chunk(-3,-34)
[21:17:55] [Worker-Main-13/INFO] (Minecraft) [STDOUT]: [Mixin] populateNoise intercepted chunk(-2,-34)
[21:17:55] [Worker-Main-8/INFO] (Minecraft) [STDOUT]: [Mixin] buildSurface skipped chunk(1,-28)
[21:17:55] [Worker-Main-7/INFO] (Minecraft) [STDOUT]: [Mixin] buildSurface skipped chunk(-5,-34)
[21:17:55] [Worker-Main-7/INFO] (Minecraft) [STDOUT]: [Mixin] buildSurface skipped chunk(1,-29)
[21:17:55] [Worker-Main-16/INFO] (Minecraft) [STDOUT]: [Mixin] populateNoise intercepted chunk(-1,-34)
[21:17:55] [Worker-Main-4/INFO] (Minecraft) [STDOUT]: [Mixin] populateNoise intercepted chunk(2,-5)
[21:17:55] [Worker-Main-21/INFO] (Minecraft) [STDOUT]: [Mixin] populateNoise intercepted chunk(2,-4)
[21:17:55] [Worker-Main-23/INFO] (Minecraft) [STDOUT]: [Mixin] populateNoise intercepted chunk(2,-6)
[21:17:55] [Worker-Main-9/INFO] (Minecraft) [STDOUT]: [Mixin] populateNoise intercepted chunk(2,-3)
[21:17:55] [Worker-Main-9/INFO] (Minecraft) [STDOUT]: [Mixin] populateNoise intercepted chunk(2,-2)
[21:17:55] [Worker-Main-19/INFO] (Minecraft) [STDOUT]: [Mixin] populateNoise intercepted chunk(2,-1)
[21:17:55] [Worker-Main-22/INFO] (Minecraft) [STDOUT]: [Mixin] populateNoise intercepted chunk(2,-33)
[21:17:55] [Worker-Main-15/INFO] (Minecraft) [STDOUT]: [Mixin] populateNoise intercepted chunk(2,-32)
[21:17:55] [Worker-Main-8/INFO] (Minecraft) [STDOUT]: [Mixin] populateNoise intercepted chunk(2,-31)
[21:17:55] [Worker-Main-12/INFO] (Minecraft) [STDOUT]: [Mixin] populateNoise intercepted chunk(2,-27)
[21:17:55] [Worker-Main-11/INFO] (Minecraft) [STDOUT]: [Mixin] populateNoise intercepted chunk(2,-26)
[21:17:55] [Worker-Main-5/INFO] (Minecraft) [STDOUT]: [Mixin] populateNoise intercepted chunk(2,0)
[21:17:55] [Worker-Main-17/INFO] (Minecraft) [STDOUT]: [Mixin] populateNoise intercepted chunk(2,-30)
[21:17:55] [Worker-Main-20/INFO] (Minecraft) [STDOUT]: [Mixin] populateNoise intercepted chunk(2,-29)
[21:17:55] [Worker-Main-10/INFO] (Minecraft) [STDOUT]: [Mixin] populateNoise intercepted chunk(2,-28)
[21:17:55] [Worker-Main-6/INFO] (Minecraft) [STDOUT]: [Mixin] populateNoise intercepted chunk(2,-25)
[21:17:55] [Worker-Main-3/INFO] (Minecraft) [STDOUT]: [Mixin] populateNoise intercepted chunk(2,-24)
[21:17:55] [Worker-Main-14/INFO] (Minecraft) [STDOUT]: [Mixin] populateNoise intercepted chunk(2,-23)
[21:17:55] [Worker-Main-12/INFO] (Minecraft) [STDOUT]: [Mixin] populateNoise intercepted chunk(2,-22)
[21:17:55] [Worker-Main-18/INFO] (Minecraft) [STDOUT]: [Mixin] populateNoise intercepted chunk(2,-21)
[21:17:55] [Worker-Main-1/INFO] (Minecraft) [STDOUT]: [Mixin] populateNoise intercepted chunk(2,-20)
[21:17:55] [Worker-Main-13/INFO] (Minecraft) [STDOUT]: [Mixin] buildSurface skipped chunk(-3,-34)
[21:17:55] [Worker-Main-13/INFO] (Minecraft) [STDOUT]: [Mixin] buildSurface skipped chunk(-4,-34)
[21:17:55] [Worker-Main-13/INFO] (Minecraft) [STDOUT]: [Mixin] buildSurface skipped chunk(-2,-34)
[21:17:55] [Worker-Main-16/INFO] (Minecraft) [STDOUT]: [Mixin] buildSurface skipped chunk(-1,-34)
[21:17:55] [Worker-Main-16/INFO] (Minecraft) [STDOUT]: [Mixin] populateNoise intercepted chunk(2,-7)
[21:17:55] [Worker-Main-13/INFO] (Minecraft) [STDOUT]: [Mixin] populateNoise intercepted chunk(2,-8)
[21:17:55] [Worker-Main-4/INFO] (Minecraft) [STDOUT]: [Mixin] buildSurface skipped chunk(2,-5)
[21:17:55] [Worker-Main-4/INFO] (Minecraft) [STDOUT]: [Mixin] populateNoise intercepted chunk(2,-9)
[21:17:55] [Worker-Main-23/INFO] (Minecraft) [STDOUT]: [Mixin] buildSurface skipped chunk(2,-6)
[21:17:55] [Worker-Main-7/INFO] (Minecraft) [STDOUT]: [Mixin] buildSurface skipped chunk(2,-27)
[21:17:55] [Worker-Main-7/INFO] (Minecraft) [STDOUT]: [Mixin] populateNoise intercepted chunk(2,-19)
[21:17:55] [Worker-Main-2/INFO] (Minecraft) [STDOUT]: [Mixin] buildSurface skipped chunk(2,-3)
[21:17:55] [Worker-Main-2/INFO] (Minecraft) [STDOUT]: [Mixin] buildSurface skipped chunk(2,-32)
[21:17:55] [Worker-Main-2/INFO] (Minecraft) [STDOUT]: [Mixin] populateNoise intercepted chunk(2,-18)
[21:17:55] [Worker-Main-7/INFO] (Minecraft) [STDOUT]: [Mixin] populateNoise intercepted chunk(2,-17)
[21:17:55] [Worker-Main-15/INFO] (Minecraft) [STDOUT]: [Mixin] populateNoise intercepted chunk(2,-16)
[21:17:55] [Worker-Main-21/INFO] (Minecraft) [STDOUT]: [Mixin] buildSurface skipped chunk(2,-4)
[21:17:55] [Worker-Main-21/INFO] (Minecraft) [STDOUT]: [Mixin] buildSurface skipped chunk(2,-1)
[21:17:55] [Worker-Main-9/INFO] (Minecraft) [STDOUT]: [Mixin] buildSurface skipped chunk(2,-20)
[21:17:55] [Worker-Main-19/INFO] (Minecraft) [STDOUT]: [Mixin] buildSurface skipped chunk(2,-33)
[21:17:55] [Worker-Main-22/INFO] (Minecraft) [STDOUT]: [Mixin] buildSurface skipped chunk(2,-30)
[21:17:55] [Worker-Main-9/INFO] (Minecraft) [STDOUT]: [Mixin] buildSurface skipped chunk(2,-26)
[21:17:55] [Worker-Main-9/INFO] (Minecraft) [STDOUT]: [Mixin] buildSurface skipped chunk(2,-2)
[21:17:55] [Worker-Main-9/INFO] (Minecraft) [STDOUT]: [Mixin] buildSurface skipped chunk(2,-24)
[21:17:55] [Worker-Main-10/INFO] (Minecraft) [STDOUT]: [Mixin] buildSurface skipped chunk(2,-28)
[21:17:55] [Worker-Main-12/INFO] (Minecraft) [STDOUT]: [Mixin] buildSurface skipped chunk(2,-23)
[21:17:55] [Worker-Main-14/INFO] (Minecraft) [STDOUT]: [Mixin] buildSurface skipped chunk(2,-22)
[21:17:55] [Worker-Main-14/INFO] (Minecraft) [STDOUT]: [Mixin] buildSurface skipped chunk(2,-25)
[21:17:55] [Worker-Main-11/INFO] (Minecraft) [STDOUT]: [Mixin] buildSurface skipped chunk(2,-31)
[21:17:55] [Worker-Main-8/INFO] (Minecraft) [STDOUT]: [Mixin] buildSurface skipped chunk(2,-21)
[21:17:55] [Worker-Main-20/INFO] (Minecraft) [STDOUT]: [Mixin] buildSurface skipped chunk(2,-29)
[21:17:55] [Worker-Main-12/INFO] (Minecraft) [STDOUT]: [Mixin] buildSurface skipped chunk(2,-18)
[21:17:55] [Worker-Main-8/INFO] (Minecraft) [STDOUT]: [Mixin] buildSurface skipped chunk(2,-19)
[21:17:55] [Worker-Main-8/INFO] (Minecraft) [STDOUT]: [Mixin] buildSurface skipped chunk(2,-9)
[21:17:55] [Worker-Main-2/INFO] (Minecraft) [STDOUT]: [Mixin] buildSurface skipped chunk(2,-16)
[21:17:55] [Worker-Main-15/INFO] (Minecraft) [STDOUT]: [Mixin] buildSurface skipped chunk(2,-17)
[21:17:55] [Worker-Main-7/INFO] (Minecraft) [STDOUT]: [Mixin] buildSurface skipped chunk(2,-8)
[21:17:55] [Worker-Main-23/INFO] (Minecraft) [STDOUT]: [Mixin] buildSurface skipped chunk(2,-7)
[21:17:55] [Worker-Main-23/INFO] (Minecraft) [STDOUT]: [Mixin] buildSurface skipped chunk(2,0)
[21:17:55] [Worker-Main-20/INFO] (Minecraft) [STDOUT]: [Mixin] populateNoise intercepted chunk(2,-15)
[21:17:55] [Worker-Main-13/INFO] (Minecraft) [STDOUT]: [Mixin] populateNoise intercepted chunk(2,-14)
[21:17:55] [Worker-Main-12/INFO] (Minecraft) [STDOUT]: [Mixin] populateNoise intercepted chunk(2,-13)
[21:17:55] [Worker-Main-4/INFO] (Minecraft) [STDOUT]: [Mixin] populateNoise intercepted chunk(2,-12)
[21:17:55] [Worker-Main-18/INFO] (Minecraft) [STDOUT]: [Mixin] populateNoise intercepted chunk(2,-11)
[21:17:55] [Worker-Main-2/INFO] (Minecraft) [STDOUT]: [Mixin] populateNoise intercepted chunk(2,-10)
[21:17:55] [Worker-Main-14/INFO] (Minecraft) [STDOUT]: [Mixin] populateNoise intercepted chunk(3,-2)
[21:17:55] [Worker-Main-23/INFO] (Minecraft) [STDOUT]: [Mixin] populateNoise intercepted chunk(3,-3)
[21:17:55] [Worker-Main-7/INFO] (Minecraft) [STDOUT]: [Mixin] populateNoise intercepted chunk(3,-1)
[21:17:55] [Worker-Main-8/INFO] (Minecraft) [STDOUT]: [Mixin] populateNoise intercepted chunk(3,0)
[21:17:55] [Worker-Main-16/INFO] (Minecraft) [STDOUT]: [Mixin] populateNoise intercepted chunk(3,-6)
[21:17:55] [Worker-Main-15/INFO] (Minecraft) [STDOUT]: [Mixin] populateNoise intercepted chunk(3,-5)
[21:17:55] [Worker-Main-6/INFO] (Minecraft) [STDOUT]: [Mixin] populateNoise intercepted chunk(3,-4)
[21:17:55] [Worker-Main-10/INFO] (Minecraft) [STDOUT]: [Mixin] populateNoise intercepted chunk(2,1)
[21:17:55] [Worker-Main-21/INFO] (Minecraft) [STDOUT]: [Mixin] populateNoise intercepted chunk(3,1)
[21:17:55] [Worker-Main-9/INFO] (Minecraft) [STDOUT]: [Mixin] populateNoise intercepted chunk(0,-34)
[21:17:55] [Worker-Main-17/INFO] (Minecraft) [STDOUT]: [Mixin] populateNoise intercepted chunk(1,-34)
[21:17:55] [Worker-Main-19/INFO] (Minecraft) [STDOUT]: [Mixin] populateNoise intercepted chunk(2,-34)
[21:17:55] [Worker-Main-5/INFO] (Minecraft) [STDOUT]: [Mixin] populateNoise intercepted chunk(3,-34)
[21:17:55] [Worker-Main-3/INFO] (Minecraft) [STDOUT]: [Mixin] populateNoise intercepted chunk(3,-33)
[21:17:55] [Worker-Main-11/INFO] (Minecraft) [STDOUT]: [Mixin] populateNoise intercepted chunk(3,-32)
[21:17:55] [Worker-Main-1/INFO] (Minecraft) [STDOUT]: [Mixin] populateNoise intercepted chunk(3,-31)
[21:17:55] [Worker-Main-22/INFO] (Minecraft) [STDOUT]: [Mixin] populateNoise intercepted chunk(3,-30)
[21:17:55] [Worker-Main-20/INFO] (Minecraft) [STDOUT]: [Mixin] buildSurface skipped chunk(2,-15)
[21:17:55] [Worker-Main-13/INFO] (Minecraft) [STDOUT]: [Mixin] buildSurface skipped chunk(2,-14)
[21:17:55] [Worker-Main-14/INFO] (Minecraft) [STDOUT]: [Mixin] buildSurface skipped chunk(3,-2)
[21:17:55] [Worker-Main-20/INFO] (Minecraft) [STDOUT]: [Mixin] populateNoise intercepted chunk(3,-29)
[21:17:55] [Worker-Main-12/INFO] (Minecraft) [STDOUT]: [Mixin] buildSurface skipped chunk(2,-13)
[21:17:55] [Worker-Main-12/INFO] (Minecraft) [STDOUT]: [Mixin] buildSurface skipped chunk(2,-12)
[21:17:55] [Worker-Main-14/INFO] (Minecraft) [STDOUT]: [Mixin] populateNoise intercepted chunk(3,-28)
[21:17:55] [Worker-Main-13/INFO] (Minecraft) [STDOUT]: [Mixin] buildSurface skipped chunk(2,-11)
[21:17:55] [Worker-Main-3/INFO] (Minecraft) [STDOUT]: [Mixin] populateNoise intercepted chunk(3,-27)
[21:17:55] [Worker-Main-1/INFO] (Minecraft) [STDOUT]: [Mixin] buildSurface skipped chunk(3,-33)
[21:17:55] [Worker-Main-8/INFO] (Minecraft) [STDOUT]: [Mixin] buildSurface skipped chunk(3,-32)
[21:17:55] [Worker-Main-1/INFO] (Minecraft) [STDOUT]: [Mixin] buildSurface skipped chunk(3,-31)
[21:17:55] [Worker-Main-17/INFO] (Minecraft) [STDOUT]: [Mixin] buildSurface skipped chunk(2,-10)
[21:17:55] [Worker-Main-17/INFO] (Minecraft) [STDOUT]: [Mixin] buildSurface skipped chunk(3,-5)
[21:17:55] [Worker-Main-1/INFO] (Minecraft) [STDOUT]: [Mixin] buildSurface skipped chunk(3,-6)
[21:17:55] [Worker-Main-17/INFO] (Minecraft) [STDOUT]: [Mixin] buildSurface skipped chunk(3,-1)
[21:17:55] [Worker-Main-1/INFO] (Minecraft) [STDOUT]: [Mixin] buildSurface skipped chunk(3,-3)
[21:17:55] [Worker-Main-1/INFO] (Minecraft) [STDOUT]: [Mixin] buildSurface skipped chunk(3,-4)
[21:17:55] [Worker-Main-2/INFO] (Minecraft) [STDOUT]: [Mixin] buildSurface skipped chunk(2,-34)
[21:17:55] [Worker-Main-2/INFO] (Minecraft) [STDOUT]: [Mixin] buildSurface skipped chunk(1,-34)
[21:17:55] [Worker-Main-8/INFO] (Minecraft) [STDOUT]: [Mixin] buildSurface skipped chunk(3,0)
[21:17:55] [Worker-Main-8/INFO] (Minecraft) [STDOUT]: [Mixin] buildSurface skipped chunk(2,1)
[21:17:55] [Worker-Main-17/INFO] (Minecraft) [STDOUT]: [Mixin] buildSurface skipped chunk(0,-34)
[21:17:55] [Worker-Main-8/INFO] (Minecraft) [STDOUT]: [Mixin] buildSurface skipped chunk(3,1)
[21:17:55] [Worker-Main-11/INFO] (Minecraft) [STDOUT]: [Mixin] buildSurface skipped chunk(3,-30)
[21:17:55] [Worker-Main-20/INFO] (Minecraft) [STDOUT]: [Mixin] buildSurface skipped chunk(3,-29)
[21:17:55] [Worker-Main-14/INFO] (Minecraft) [STDOUT]: [Mixin] buildSurface skipped chunk(3,-28)
[21:17:55] [Worker-Main-10/INFO] (Minecraft) [STDOUT]: [Mixin] buildSurface skipped chunk(3,-27)
[21:17:55] [Worker-Main-9/INFO] (Minecraft) [STDOUT]: [Mixin] buildSurface skipped chunk(3,-34)
[21:17:55] [Worker-Main-10/INFO] (Minecraft) [STDOUT]: [Mixin] populateNoise intercepted chunk(3,-26)
[21:17:55] [Worker-Main-6/INFO] (Minecraft) [STDOUT]: [Mixin] populateNoise intercepted chunk(3,-15)
[21:17:55] [Worker-Main-5/INFO] (Minecraft) [STDOUT]: [Mixin] populateNoise intercepted chunk(3,-14)
[21:17:55] [Worker-Main-9/INFO] (Minecraft) [STDOUT]: [Mixin] populateNoise intercepted chunk(3,-13)
[21:17:55] [Worker-Main-19/INFO] (Minecraft) [STDOUT]: [Mixin] populateNoise intercepted chunk(3,-21)
[21:17:55] [Worker-Main-2/INFO] (Minecraft) [STDOUT]: [Mixin] populateNoise intercepted chunk(3,-17)
[21:17:55] [Worker-Main-11/INFO] (Minecraft) [STDOUT]: [Mixin] populateNoise intercepted chunk(3,-16)
[21:17:55] [Worker-Main-21/INFO] (Minecraft) [STDOUT]: [Mixin] populateNoise intercepted chunk(3,-25)
[21:17:55] [Worker-Main-9/INFO] (Minecraft) [STDOUT]: [Mixin] populateNoise intercepted chunk(3,-12)
[21:17:55] [Worker-Main-15/INFO] (Minecraft) [STDOUT]: [Mixin] populateNoise intercepted chunk(3,-11)
[21:17:55] [Worker-Main-15/INFO] (Minecraft) [STDOUT]: [Mixin] populateNoise intercepted chunk(3,-24)
[21:17:55] [Worker-Main-22/INFO] (Minecraft) [STDOUT]: [Mixin] populateNoise intercepted chunk(3,-23)
[21:17:55] [Worker-Main-22/INFO] (Minecraft) [STDOUT]: [Mixin] populateNoise intercepted chunk(3,-22)
[21:17:55] [Worker-Main-1/INFO] (Minecraft) [STDOUT]: [Mixin] populateNoise intercepted chunk(3,-7)
[21:17:55] [Worker-Main-3/INFO] (Minecraft) [STDOUT]: [Mixin] populateNoise intercepted chunk(3,-10)
[21:17:55] [Worker-Main-14/INFO] (Minecraft) [STDOUT]: [Mixin] populateNoise intercepted chunk(3,-20)
[21:17:55] [Worker-Main-16/INFO] (Minecraft) [STDOUT]: [Mixin] populateNoise intercepted chunk(3,-9)
[21:17:55] [Worker-Main-23/INFO] (Minecraft) [STDOUT]: [Mixin] populateNoise intercepted chunk(3,-19)
[21:17:55] [Worker-Main-20/INFO] (Minecraft) [STDOUT]: [Mixin] populateNoise intercepted chunk(3,-8)
[21:17:55] [Worker-Main-13/INFO] (Minecraft) [STDOUT]: [Mixin] populateNoise intercepted chunk(3,-18)
[21:17:55] [Worker-Main-8/INFO] (Minecraft) [STDOUT]: [Mixin] populateNoise intercepted chunk(4,-6)
[21:17:55] [Worker-Main-4/INFO] (Minecraft) [STDOUT]: [Mixin] populateNoise intercepted chunk(4,-5)
[21:17:55] [Worker-Main-12/INFO] (Minecraft) [STDOUT]: [Mixin] populateNoise intercepted chunk(4,-34)
[21:17:56] [Worker-Main-10/INFO] (Minecraft) [STDOUT]: [Mixin] buildSurface skipped chunk(3,-26)
[21:17:56] [Worker-Main-10/INFO] (Minecraft) [STDOUT]: [Mixin] buildSurface skipped chunk(3,-15)
[21:17:56] [Worker-Main-21/INFO] (Minecraft) [STDOUT]: [Mixin] buildSurface skipped chunk(3,-21)
[21:17:56] [Worker-Main-9/INFO] (Minecraft) [STDOUT]: [Mixin] buildSurface skipped chunk(3,-13)
[21:17:56] [Worker-Main-21/INFO] (Minecraft) [STDOUT]: [Mixin] buildSurface skipped chunk(3,-25)
[21:17:56] [Worker-Main-21/INFO] (Minecraft) [STDOUT]: [Mixin] buildSurface skipped chunk(3,-12)
[21:17:56] [Worker-Main-23/INFO] (Minecraft) [STDOUT]: [Mixin] buildSurface skipped chunk(3,-16)
[21:17:56] [Worker-Main-15/INFO] (Minecraft) [STDOUT]: [Mixin] buildSurface skipped chunk(3,-9)
[21:17:56] [Worker-Main-20/INFO] (Minecraft) [STDOUT]: [Mixin] buildSurface skipped chunk(3,-24)
[21:17:56] [Worker-Main-3/INFO] (Minecraft) [STDOUT]: [Mixin] buildSurface skipped chunk(3,-14)
[21:17:56] [Worker-Main-3/INFO] (Minecraft) [STDOUT]: [Mixin] buildSurface skipped chunk(3,-20)
[21:17:56] [Worker-Main-3/INFO] (Minecraft) [STDOUT]: [Mixin] buildSurface skipped chunk(3,-22)
[21:17:56] [Worker-Main-3/INFO] (Minecraft) [STDOUT]: [Mixin] buildSurface skipped chunk(3,-19)
[21:17:56] [Worker-Main-16/INFO] (Minecraft) [STDOUT]: [Mixin] buildSurface skipped chunk(3,-10)
[21:17:56] [Worker-Main-23/INFO] (Minecraft) [STDOUT]: [Mixin] buildSurface skipped chunk(3,-7)
[21:17:56] [Worker-Main-3/INFO] (Minecraft) [STDOUT]: [Mixin] buildSurface skipped chunk(3,-8)
[21:17:56] [Worker-Main-3/INFO] (Minecraft) [STDOUT]: [Mixin] buildSurface skipped chunk(3,-18)
[21:17:56] [Worker-Main-13/INFO] (Minecraft) [STDOUT]: [Mixin] buildSurface skipped chunk(3,-11)
[21:17:56] [Worker-Main-1/INFO] (Minecraft) [STDOUT]: [Mixin] buildSurface skipped chunk(3,-23)
[21:17:56] [Worker-Main-23/INFO] (Minecraft) [STDOUT]: [Mixin] buildSurface skipped chunk(3,-17)
[21:17:56] [Worker-Main-8/INFO] (Minecraft) [STDOUT]: [Mixin] populateNoise intercepted chunk(4,-33)
[21:17:56] [Worker-Main-13/INFO] (Minecraft) [STDOUT]: [Mixin] buildSurface skipped chunk(4,-6)
[21:17:56] [Worker-Main-16/INFO] (Minecraft) [STDOUT]: [Mixin] buildSurface skipped chunk(4,-5)
[21:17:56] [Worker-Main-16/INFO] (Minecraft) [STDOUT]: [Mixin] buildSurface skipped chunk(4,-34)
[21:17:56] [Worker-Main-9/INFO] (Minecraft) [STDOUT]: [Mixin] populateNoise intercepted chunk(4,-4)
[21:17:56] [Worker-Main-7/INFO] (Minecraft) [STDOUT]: [Mixin] populateNoise intercepted chunk(4,-3)
[21:17:56] [Worker-Main-3/INFO] (Minecraft) [STDOUT]: [Mixin] populateNoise intercepted chunk(4,-32)
[21:17:56] [Worker-Main-16/INFO] (Minecraft) [STDOUT]: [Mixin] populateNoise intercepted chunk(4,-31)
[21:17:56] [Worker-Main-5/INFO] (Minecraft) [STDOUT]: [Mixin] populateNoise intercepted chunk(4,-2)
[21:17:56] [Worker-Main-12/INFO] (Minecraft) [STDOUT]: [Mixin] populateNoise intercepted chunk(4,-1)
[21:17:56] [Worker-Main-23/INFO] (Minecraft) [STDOUT]: [Mixin] populateNoise intercepted chunk(4,-27)
[21:17:56] [Worker-Main-4/INFO] (Minecraft) [STDOUT]: [Mixin] populateNoise intercepted chunk(4,-26)
[21:17:56] [Worker-Main-19/INFO] (Minecraft) [STDOUT]: [Mixin] populateNoise intercepted chunk(4,-30)
[21:17:56] [Worker-Main-17/INFO] (Minecraft) [STDOUT]: [Mixin] populateNoise intercepted chunk(4,-29)
[21:17:56] [Worker-Main-22/INFO] (Minecraft) [STDOUT]: [Mixin] populateNoise intercepted chunk(4,-28)
[21:17:56] [Worker-Main-10/INFO] (Minecraft) [STDOUT]: [Mixin] populateNoise intercepted chunk(4,-20)
[21:17:56] [Worker-Main-14/INFO] (Minecraft) [STDOUT]: [Mixin] populateNoise intercepted chunk(4,-25)
[21:17:56] [Worker-Main-21/INFO] (Minecraft) [STDOUT]: [Mixin] populateNoise intercepted chunk(4,-19)
[21:17:56] [Worker-Main-13/INFO] (Minecraft) [STDOUT]: [Mixin] populateNoise intercepted chunk(4,-24)
[21:17:56] [Worker-Main-11/INFO] (Minecraft) [STDOUT]: [Mixin] populateNoise intercepted chunk(4,0)
[21:17:56] [Worker-Main-20/INFO] (Minecraft) [STDOUT]: [Mixin] populateNoise intercepted chunk(4,-23)
[21:17:56] [Worker-Main-6/INFO] (Minecraft) [STDOUT]: [Mixin] populateNoise intercepted chunk(4,-22)
[21:17:56] [Worker-Main-15/INFO] (Minecraft) [STDOUT]: [Mixin] populateNoise intercepted chunk(4,-21)
[21:17:56] [Worker-Main-2/INFO] (Minecraft) [STDOUT]: [Mixin] populateNoise intercepted chunk(4,-18)
[21:17:56] [Worker-Main-1/INFO] (Minecraft) [STDOUT]: [Mixin] populateNoise intercepted chunk(4,-17)
[21:17:56] [Worker-Main-18/INFO] (Minecraft) [STDOUT]: [Mixin] populateNoise intercepted chunk(4,-16)
[21:17:56] [Worker-Main-8/INFO] (Minecraft) [STDOUT]: [Mixin] buildSurface skipped chunk(4,-33)
[21:17:56] [Worker-Main-8/INFO] (Minecraft) [STDOUT]: [Mixin] populateNoise intercepted chunk(4,-15)
[21:17:56] [Worker-Main-21/INFO] (Minecraft) [STDOUT]: [Mixin] buildSurface skipped chunk(4,-19)
[21:17:56] [Worker-Main-22/INFO] (Minecraft) [STDOUT]: [Mixin] buildSurface skipped chunk(4,-28)
[21:17:56] [Worker-Main-4/INFO] (Minecraft) [STDOUT]: [Mixin] buildSurface skipped chunk(4,-26)
[21:17:56] [Worker-Main-4/INFO] (Minecraft) [STDOUT]: [Mixin] buildSurface skipped chunk(4,-29)
[21:17:56] [Worker-Main-19/INFO] (Minecraft) [STDOUT]: [Mixin] buildSurface skipped chunk(4,-30)
[21:17:56] [Worker-Main-21/INFO] (Minecraft) [STDOUT]: [Mixin] buildSurface skipped chunk(4,-24)
[21:17:56] [Worker-Main-7/INFO] (Minecraft) [STDOUT]: [Mixin] buildSurface skipped chunk(4,-23)
[21:17:56] [Worker-Main-7/INFO] (Minecraft) [STDOUT]: [Mixin] buildSurface skipped chunk(4,-32)
[21:17:56] [Worker-Main-7/INFO] (Minecraft) [STDOUT]: [Mixin] populateNoise intercepted chunk(4,-14)
[21:17:56] [Worker-Main-1/INFO] (Minecraft) [STDOUT]: [Mixin] buildSurface skipped chunk(4,-20)
[21:17:56] [Worker-Main-9/INFO] (Minecraft) [STDOUT]: [Mixin] buildSurface skipped chunk(4,-22)
[21:17:56] [Worker-Main-12/INFO] (Minecraft) [STDOUT]: [Mixin] buildSurface skipped chunk(4,-27)
[21:17:56] [Worker-Main-9/INFO] (Minecraft) [STDOUT]: [Mixin] buildSurface skipped chunk(4,-21)
[21:17:56] [Worker-Main-9/INFO] (Minecraft) [STDOUT]: [Mixin] buildSurface skipped chunk(4,-17)
[21:17:56] [Worker-Main-14/INFO] (Minecraft) [STDOUT]: [Mixin] buildSurface skipped chunk(4,-25)
[21:17:56] [Worker-Main-12/INFO] (Minecraft) [STDOUT]: [Mixin] buildSurface skipped chunk(4,-16)
[21:17:56] [Worker-Main-12/INFO] (Minecraft) [STDOUT]: [Mixin] buildSurface skipped chunk(4,-31)
[21:17:56] [Worker-Main-16/INFO] (Minecraft) [STDOUT]: [Mixin] buildSurface skipped chunk(4,-18)
[21:17:56] [Worker-Main-18/INFO] (Minecraft) [STDOUT]: [Mixin] populateNoise intercepted chunk(4,-13)
[21:17:56] [Worker-Main-12/INFO] (Minecraft) [STDOUT]: [Mixin] buildSurface skipped chunk(4,-15)
[21:17:56] [Worker-Main-8/INFO] (Minecraft) [STDOUT]: [Mixin] populateNoise intercepted chunk(4,-12)
[21:17:56] [Worker-Main-9/INFO] (Minecraft) [STDOUT]: [Mixin] populateNoise intercepted chunk(4,-11)
[21:17:56] [Worker-Main-6/INFO] (Minecraft) [STDOUT]: [Mixin] populateNoise intercepted chunk(4,-10)
[21:17:56] [Worker-Main-12/INFO] (Minecraft) [STDOUT]: [Mixin] populateNoise intercepted chunk(4,-9)
[21:17:56] [Worker-Main-14/INFO] (Minecraft) [STDOUT]: [Mixin] populateNoise intercepted chunk(4,-8)
[21:17:56] [Worker-Main-21/INFO] (Minecraft) [STDOUT]: [Mixin] populateNoise intercepted chunk(4,-7)
[21:17:56] [Worker-Main-3/INFO] (Minecraft) [STDOUT]: [Mixin] buildSurface skipped chunk(4,-14)
[21:17:56] [Worker-Main-9/INFO] (Minecraft) [STDOUT]: [Mixin] buildSurface skipped chunk(4,-4)
[21:17:56] [Worker-Main-9/INFO] (Minecraft) [STDOUT]: [Mixin] buildSurface skipped chunk(4,-3)
[21:17:56] [Worker-Main-9/INFO] (Minecraft) [STDOUT]: [Mixin] buildSurface skipped chunk(4,-2)
[21:17:56] [Worker-Main-19/INFO] (Minecraft) [STDOUT]: [Mixin] buildSurface skipped chunk(4,-1)
[21:17:56] [Worker-Main-10/INFO] (Minecraft) [STDOUT]: [Mixin] buildSurface skipped chunk(4,0)
[21:17:56] [Worker-Main-18/INFO] (Minecraft) [STDOUT]: [Mixin] buildSurface skipped chunk(4,-13)
[21:17:56] [Worker-Main-7/INFO] (Minecraft) [STDOUT]: [Mixin] populateNoise intercepted chunk(5,-32)
[21:17:56] [Worker-Main-22/INFO] (Minecraft) [STDOUT]: [Mixin] populateNoise intercepted chunk(5,-33)
[21:17:56] [Worker-Main-22/INFO] (Minecraft) [STDOUT]: [Mixin] populateNoise intercepted chunk(5,-31)
[21:17:56] [Worker-Main-18/INFO] (Minecraft) [STDOUT]: [Mixin] populateNoise intercepted chunk(5,-30)
[21:17:56] [Worker-Main-18/INFO] (Minecraft) [STDOUT]: [Mixin] populateNoise intercepted chunk(5,-29)
[21:17:56] [Worker-Main-15/INFO] (Minecraft) [STDOUT]: [Mixin] populateNoise intercepted chunk(5,-1)
[21:17:56] [Worker-Main-23/INFO] (Minecraft) [STDOUT]: [Mixin] populateNoise intercepted chunk(5,-2)
[21:17:56] [Worker-Main-3/INFO] (Minecraft) [STDOUT]: [Mixin] populateNoise intercepted chunk(5,-3)
[21:17:56] [Worker-Main-9/INFO] (Minecraft) [STDOUT]: [Mixin] populateNoise intercepted chunk(5,-6)
[21:17:56] [Worker-Main-2/INFO] (Minecraft) [STDOUT]: [Mixin] populateNoise intercepted chunk(5,-5)
[21:17:56] [Worker-Main-17/INFO] (Minecraft) [STDOUT]: [Mixin] populateNoise intercepted chunk(5,-4)
[21:17:56] [Worker-Main-23/INFO] (Minecraft) [STDOUT]: [Mixin] populateNoise intercepted chunk(5,0)
[21:17:56] [Worker-Main-6/INFO] (Minecraft) [STDOUT]: [Mixin] populateNoise intercepted chunk(5,-28)
[21:17:56] [Worker-Main-20/INFO] (Minecraft) [STDOUT]: [Mixin] populateNoise intercepted chunk(5,-27)
[21:17:56] [Worker-Main-19/INFO] (Minecraft) [STDOUT]: [Mixin] populateNoise intercepted chunk(4,1)
[21:17:56] [Worker-Main-21/INFO] (Minecraft) [STDOUT]: [Mixin] populateNoise intercepted chunk(5,1)
[21:17:56] [Worker-Main-4/INFO] (Minecraft) [STDOUT]: [Mixin] populateNoise intercepted chunk(5,-34)
[21:17:56] [Worker-Main-14/INFO] (Minecraft) [STDOUT]: [Mixin] buildSurface skipped chunk(4,-8)
[21:17:56] [Worker-Main-12/INFO] (Minecraft) [STDOUT]: [Mixin] buildSurface skipped chunk(4,-9)
[21:17:56] [Worker-Main-1/INFO] (Minecraft) [STDOUT]: [Mixin] buildSurface skipped chunk(4,-12)
[21:17:56] [Worker-Main-1/INFO] (Minecraft) [STDOUT]: [Mixin] buildSurface skipped chunk(4,-10)
[21:17:56] [Worker-Main-5/INFO] (Minecraft) [STDOUT]: [Mixin] buildSurface skipped chunk(4,-11)
[21:17:56] [Worker-Main-12/INFO] (Minecraft) [STDOUT]: [Mixin] buildSurface skipped chunk(4,-7)
[21:17:56] [Worker-Main-10/INFO] (Minecraft) [STDOUT]: [Mixin] buildSurface skipped chunk(5,-33)
[21:17:56] [Worker-Main-17/INFO] (Minecraft) [STDOUT]: [Mixin] buildSurface skipped chunk(5,-4)
[21:17:56] [Worker-Main-17/INFO] (Minecraft) [STDOUT]: [Mixin] populateNoise intercepted chunk(5,-26)
[21:17:56] [Worker-Main-10/INFO] (Minecraft) [STDOUT]: [Mixin] populateNoise intercepted chunk(5,-25)
[21:17:56] [Worker-Main-16/INFO] (Minecraft) [STDOUT]: [Mixin] populateNoise intercepted chunk(5,-24)
[21:17:56] [Worker-Main-8/INFO] (Minecraft) [STDOUT]: [Mixin] populateNoise intercepted chunk(5,-23)
[21:17:56] [Worker-Main-12/INFO] (Minecraft) [STDOUT]: [Mixin] populateNoise intercepted chunk(5,-22)
[21:17:56] [Worker-Main-5/INFO] (Minecraft) [STDOUT]: [Mixin] buildSurface skipped chunk(5,-31)
[21:17:56] [Worker-Main-5/INFO] (Minecraft) [STDOUT]: [Mixin] populateNoise intercepted chunk(5,-21)
[21:17:56] [Worker-Main-22/INFO] (Minecraft) [STDOUT]: [Mixin] populateNoise intercepted chunk(5,-7)
[21:17:56] [Worker-Main-1/INFO] (Minecraft) [STDOUT]: [Mixin] populateNoise intercepted chunk(5,-20)
[21:17:56] [Worker-Main-11/INFO] (Minecraft) [STDOUT]: [Mixin] buildSurface skipped chunk(5,-2)
[21:17:56] [Worker-Main-11/INFO] (Minecraft) [STDOUT]: [Mixin] buildSurface skipped chunk(5,-5)
[21:17:56] [Worker-Main-18/INFO] (Minecraft) [STDOUT]: [Mixin] buildSurface skipped chunk(5,-29)
[21:17:56] [Worker-Main-14/INFO] (Minecraft) [STDOUT]: [Mixin] buildSurface skipped chunk(5,-3)
[21:17:56] [Worker-Main-15/INFO] (Minecraft) [STDOUT]: [Mixin] buildSurface skipped chunk(5,-32)
[21:17:56] [Worker-Main-3/INFO] (Minecraft) [STDOUT]: [Mixin] buildSurface skipped chunk(5,-27)
[21:17:56] [Worker-Main-20/INFO] (Minecraft) [STDOUT]: [Mixin] buildSurface skipped chunk(5,-30)
[21:17:56] [Worker-Main-15/INFO] (Minecraft) [STDOUT]: [Mixin] buildSurface skipped chunk(5,-28)
[21:17:56] [Worker-Main-13/INFO] (Minecraft) [STDOUT]: [Mixin] populateNoise intercepted chunk(5,-8)
[21:17:56] [Worker-Main-3/INFO] (Minecraft) [STDOUT]: [Mixin] buildSurface skipped chunk(5,-1)
[21:17:56] [Worker-Main-4/INFO] (Minecraft) [STDOUT]: [Mixin] populateNoise intercepted chunk(5,-19)
[21:17:56] [Worker-Main-4/INFO] (Minecraft) [STDOUT]: [Mixin] populateNoise intercepted chunk(5,-18)
[21:17:56] [Worker-Main-4/INFO] (Minecraft) [STDOUT]: [Mixin] populateNoise intercepted chunk(5,-17)
[21:17:56] [Worker-Main-20/INFO] (Minecraft) [STDOUT]: [Mixin] populateNoise intercepted chunk(5,-16)
[21:17:56] [Worker-Main-9/INFO] (Minecraft) [STDOUT]: [Mixin] populateNoise intercepted chunk(5,-15)
[21:17:56] [Worker-Main-21/INFO] (Minecraft) [STDOUT]: [Mixin] buildSurface skipped chunk(5,-6)
[21:17:56] [Worker-Main-14/INFO] (Minecraft) [STDOUT]: [Mixin] buildSurface skipped chunk(5,1)
[21:17:56] [Worker-Main-21/INFO] (Minecraft) [STDOUT]: [Mixin] buildSurface skipped chunk(5,-34)
[21:17:56] [Worker-Main-6/INFO] (Minecraft) [STDOUT]: [Mixin] buildSurface skipped chunk(4,1)
[21:17:56] [Worker-Main-6/INFO] (Minecraft) [STDOUT]: [Mixin] buildSurface skipped chunk(5,0)
[21:17:56] [Worker-Main-14/INFO] (Minecraft) [STDOUT]: [Mixin] buildSurface skipped chunk(5,-26)
[21:17:56] [Worker-Main-17/INFO] (Minecraft) [STDOUT]: [Mixin] buildSurface skipped chunk(5,-21)
[21:17:56] [Worker-Main-15/INFO] (Minecraft) [STDOUT]: [Mixin] buildSurface skipped chunk(5,-24)
[21:17:56] [Worker-Main-6/INFO] (Minecraft) [STDOUT]: [Mixin] buildSurface skipped chunk(5,-23)
[21:17:56] [Worker-Main-22/INFO] (Minecraft) [STDOUT]: [Mixin] buildSurface skipped chunk(5,-22)
[21:17:56] [Worker-Main-15/INFO] (Minecraft) [STDOUT]: [Mixin] buildSurface skipped chunk(5,-25)
[21:17:56] [Worker-Main-15/INFO] (Minecraft) [STDOUT]: [Mixin] populateNoise intercepted chunk(5,-14)
[21:17:56] [Worker-Main-6/INFO] (Minecraft) [STDOUT]: [Mixin] buildSurface skipped chunk(5,-20)
[21:17:56] [Worker-Main-10/INFO] (Minecraft) [STDOUT]: [Mixin] buildSurface skipped chunk(5,-8)
[21:17:56] [Worker-Main-20/INFO] (Minecraft) [STDOUT]: [Mixin] buildSurface skipped chunk(5,-7)
[21:17:56] [Worker-Main-23/INFO] (Minecraft) [STDOUT]: [Mixin] buildSurface skipped chunk(5,-18)
[21:17:56] [Worker-Main-20/INFO] (Minecraft) [STDOUT]: [Mixin] buildSurface skipped chunk(5,-15)
[21:17:56] [Worker-Main-20/INFO] (Minecraft) [STDOUT]: [Mixin] buildSurface skipped chunk(5,-16)
[21:17:56] [Worker-Main-9/INFO] (Minecraft) [STDOUT]: [Mixin] buildSurface skipped chunk(5,-19)
[21:17:56] [Worker-Main-7/INFO] (Minecraft) [STDOUT]: [Mixin] buildSurface skipped chunk(5,-17)
[21:17:56] [Worker-Main-7/INFO] (Minecraft) [STDOUT]: [Mixin] buildSurface skipped chunk(5,-14)
[21:17:56] [Worker-Main-15/INFO] (Minecraft) [STDOUT]: [Mixin] populateNoise intercepted chunk(5,-9)
[21:17:56] [Worker-Main-16/INFO] (Minecraft) [STDOUT]: [Mixin] populateNoise intercepted chunk(5,-10)
[21:17:56] [Worker-Main-9/INFO] (Minecraft) [STDOUT]: [Mixin] populateNoise intercepted chunk(5,-13)
[21:17:56] [Worker-Main-17/INFO] (Minecraft) [STDOUT]: [Mixin] populateNoise intercepted chunk(5,-12)
[21:17:56] [Worker-Main-13/INFO] (Minecraft) [STDOUT]: [Mixin] populateNoise intercepted chunk(5,-11)
[21:17:56] [Worker-Main-6/INFO] (Minecraft) [STDOUT]: [Mixin] populateNoise intercepted chunk(6,-6)
[21:17:56] [Worker-Main-19/INFO] (Minecraft) [STDOUT]: [Mixin] populateNoise intercepted chunk(6,-1)
[21:17:56] [Worker-Main-23/INFO] (Minecraft) [STDOUT]: [Mixin] populateNoise intercepted chunk(6,-5)
[21:17:56] [Worker-Main-1/INFO] (Minecraft) [STDOUT]: [Mixin] populateNoise intercepted chunk(6,-4)
[21:17:56] [Worker-Main-7/INFO] (Minecraft) [STDOUT]: [Mixin] populateNoise intercepted chunk(6,-3)
[21:17:56] [Worker-Main-2/INFO] (Minecraft) [STDOUT]: [Mixin] populateNoise intercepted chunk(6,-2)
[21:17:56] [Worker-Main-20/INFO] (Minecraft) [STDOUT]: [Mixin] populateNoise intercepted chunk(6,-34)
[21:17:56] [Worker-Main-11/INFO] (Minecraft) [STDOUT]: [Mixin] populateNoise intercepted chunk(6,-33)
[21:17:56] [Worker-Main-12/INFO] (Minecraft) [STDOUT]: [Mixin] populateNoise intercepted chunk(6,-32)
[21:17:56] [Worker-Main-18/INFO] (Minecraft) [STDOUT]: [Mixin] populateNoise intercepted chunk(6,-31)
[21:17:56] [Worker-Main-14/INFO] (Minecraft) [STDOUT]: [Mixin] populateNoise intercepted chunk(6,-30)
[21:17:56] [Worker-Main-3/INFO] (Minecraft) [STDOUT]: [Mixin] populateNoise intercepted chunk(6,-29)
[21:17:56] [Worker-Main-4/INFO] (Minecraft) [STDOUT]: [Mixin] populateNoise intercepted chunk(6,-28)
[21:17:56] [Worker-Main-22/INFO] (Minecraft) [STDOUT]: [Mixin] populateNoise intercepted chunk(6,-26)
[21:17:56] [Worker-Main-10/INFO] (Minecraft) [STDOUT]: [Mixin] populateNoise intercepted chunk(6,-27)
[21:17:56] [Worker-Main-8/INFO] (Minecraft) [STDOUT]: [Mixin] populateNoise intercepted chunk(6,-10)
[21:17:56] [Worker-Main-5/INFO] (Minecraft) [STDOUT]: [Mixin] populateNoise intercepted chunk(6,-9)
[21:17:56] [Worker-Main-21/INFO] (Minecraft) [STDOUT]: [Mixin] populateNoise intercepted chunk(6,-8)
[21:17:56] [Worker-Main-20/INFO] (Minecraft) [STDOUT]: [Mixin] populateNoise intercepted chunk(6,-7)
[21:17:56] [Worker-Main-9/INFO] (Minecraft) [STDOUT]: [Mixin] buildSurface skipped chunk(5,-13)
[21:17:56] [Worker-Main-13/INFO] (Minecraft) [STDOUT]: [Mixin] buildSurface skipped chunk(5,-12)
[21:17:56] [Worker-Main-17/INFO] (Minecraft) [STDOUT]: [Mixin] buildSurface skipped chunk(5,-9)
[21:17:56] [Worker-Main-17/INFO] (Minecraft) [STDOUT]: [Mixin] buildSurface skipped chunk(5,-11)
[21:17:56] [Worker-Main-14/INFO] (Minecraft) [STDOUT]: [Mixin] buildSurface skipped chunk(5,-10)
[21:17:56] [Worker-Main-7/INFO] (Minecraft) [STDOUT]: [Mixin] buildSurface skipped chunk(6,-26)
[21:17:56] [Worker-Main-14/INFO] (Minecraft) [STDOUT]: [Mixin] buildSurface skipped chunk(6,-28)
[21:17:56] [Worker-Main-17/INFO] (Minecraft) [STDOUT]: [Mixin] buildSurface skipped chunk(6,-31)
[21:17:56] [Worker-Main-17/INFO] (Minecraft) [STDOUT]: [Mixin] buildSurface skipped chunk(6,-30)
[21:17:56] [Worker-Main-21/INFO] (Minecraft) [STDOUT]: [Mixin] buildSurface skipped chunk(6,-29)
[21:17:56] [Worker-Main-11/INFO] (Minecraft) [STDOUT]: [Mixin] buildSurface skipped chunk(6,-32)
[21:17:56] [Worker-Main-21/INFO] (Minecraft) [STDOUT]: [Mixin] buildSurface skipped chunk(6,-27)
[21:17:56] [Worker-Main-10/INFO] (Minecraft) [STDOUT]: [Mixin] buildSurface skipped chunk(6,-33)
[21:17:56] [Worker-Main-7/INFO] (Minecraft) [STDOUT]: [Mixin] populateNoise intercepted chunk(6,-11)
[21:17:56] [Worker-Main-4/INFO] (Minecraft) [STDOUT]: [Mixin] buildSurface skipped chunk(6,-34)
[21:17:56] [Worker-Main-4/INFO] (Minecraft) [STDOUT]: [Mixin] buildSurface skipped chunk(6,-2)
[21:17:56] [Worker-Main-5/INFO] (Minecraft) [STDOUT]: [Mixin] buildSurface skipped chunk(6,-5)
[21:17:56] [Worker-Main-17/INFO] (Minecraft) [STDOUT]: [Mixin] buildSurface skipped chunk(6,-6)
[21:17:56] [Worker-Main-10/INFO] (Minecraft) [STDOUT]: [Mixin] buildSurface skipped chunk(6,-3)
[21:17:56] [Worker-Main-18/INFO] (Minecraft) [STDOUT]: [Mixin] buildSurface skipped chunk(6,-1)
[21:17:56] [Worker-Main-17/INFO] (Minecraft) [STDOUT]: [Mixin] buildSurface skipped chunk(6,-4)
[21:17:56] [Worker-Main-6/INFO] (Minecraft) [STDOUT]: [Mixin] buildSurface skipped chunk(6,-10)
[21:17:56] [Worker-Main-6/INFO] (Minecraft) [STDOUT]: [Mixin] buildSurface skipped chunk(6,-8)
[21:17:56] [Worker-Main-23/INFO] (Minecraft) [STDOUT]: [Mixin] buildSurface skipped chunk(6,-9)
[21:17:56] [Worker-Main-16/INFO] (Minecraft) [STDOUT]: [Mixin] populateNoise intercepted chunk(6,-25)
[21:17:56] [Worker-Main-12/INFO] (Minecraft) [STDOUT]: [Mixin] populateNoise intercepted chunk(6,-24)
[21:17:56] [Worker-Main-1/INFO] (Minecraft) [STDOUT]: [Mixin] populateNoise intercepted chunk(6,-23)
[21:17:56] [Worker-Main-17/INFO] (Minecraft) [STDOUT]: [Mixin] populateNoise intercepted chunk(6,-22)
[21:17:56] [Worker-Main-18/INFO] (Minecraft) [STDOUT]: [Mixin] populateNoise intercepted chunk(6,-12)
[21:17:56] [Worker-Main-4/INFO] (Minecraft) [STDOUT]: [Mixin] populateNoise intercepted chunk(6,-18)
[21:17:56] [Worker-Main-14/INFO] (Minecraft) [STDOUT]: [Mixin] populateNoise intercepted chunk(6,-21)
[21:17:56] [Worker-Main-23/INFO] (Minecraft) [STDOUT]: [Mixin] populateNoise intercepted chunk(6,-20)
[21:17:56] [Worker-Main-8/INFO] (Minecraft) [STDOUT]: [Mixin] populateNoise intercepted chunk(6,-19)
[21:17:56] [Worker-Main-11/INFO] (Minecraft) [STDOUT]: [Mixin] populateNoise intercepted chunk(6,-14)
[21:17:56] [Worker-Main-5/INFO] (Minecraft) [STDOUT]: [Mixin] populateNoise intercepted chunk(6,-13)
[21:17:56] [Worker-Main-10/INFO] (Minecraft) [STDOUT]: [Mixin] populateNoise intercepted chunk(6,-17)
[21:17:56] [Worker-Main-6/INFO] (Minecraft) [STDOUT]: [Mixin] populateNoise intercepted chunk(6,-16)
[21:17:56] [Worker-Main-4/INFO] (Minecraft) [STDOUT]: [Mixin] populateNoise intercepted chunk(6,-15)
[21:17:56] [Worker-Main-9/INFO] (Minecraft) [STDOUT]: [Mixin] buildSurface skipped chunk(6,-7)
[21:17:56] [Worker-Main-2/INFO] (Minecraft) [STDOUT]: [Mixin] populateNoise intercepted chunk(7,-6)
[21:17:56] [Worker-Main-15/INFO] (Minecraft) [STDOUT]: [Mixin] populateNoise intercepted chunk(6,0)
[21:17:56] [Worker-Main-3/INFO] (Minecraft) [STDOUT]: [Mixin] populateNoise intercepted chunk(6,1)
[21:17:56] [Worker-Main-22/INFO] (Minecraft) [STDOUT]: [Mixin] populateNoise intercepted chunk(7,-7)
[21:17:56] [Worker-Main-13/INFO] (Minecraft) [STDOUT]: [Mixin] populateNoise intercepted chunk(7,-34)
[21:17:56] [Worker-Main-9/INFO] (Minecraft) [STDOUT]: [Mixin] populateNoise intercepted chunk(7,-33)
[21:17:56] [Worker-Main-20/INFO] (Minecraft) [STDOUT]: [Mixin] populateNoise intercepted chunk(7,-32)
[21:17:56] [Worker-Main-19/INFO] (Minecraft) [STDOUT]: [Mixin] populateNoise intercepted chunk(7,-31)
[21:17:56] [Worker-Main-7/INFO] (Minecraft) [STDOUT]: [Mixin] buildSurface skipped chunk(6,-11)
[21:17:56] [Worker-Main-7/INFO] (Minecraft) [STDOUT]: [Mixin] populateNoise intercepted chunk(7,-5)
[21:17:56] [Worker-Main-12/INFO] (Minecraft) [STDOUT]: [Mixin] buildSurface skipped chunk(6,-24)
[21:17:56] [Worker-Main-12/INFO] (Minecraft) [STDOUT]: [Mixin] buildSurface skipped chunk(6,-17)
[21:17:56] [Worker-Main-12/INFO] (Minecraft) [STDOUT]: [Mixin] buildSurface skipped chunk(6,-13)
[21:17:56] [Worker-Main-16/INFO] (Minecraft) [STDOUT]: [Mixin] buildSurface skipped chunk(6,-25)
[21:17:56] [Worker-Main-12/INFO] (Minecraft) [STDOUT]: [Mixin] buildSurface skipped chunk(6,-15)
[21:17:56] [Worker-Main-11/INFO] (Minecraft) [STDOUT]: [Mixin] buildSurface skipped chunk(6,-16)
[21:17:56] [Worker-Main-16/INFO] (Minecraft) [STDOUT]: [Mixin] buildSurface skipped chunk(6,-12)
[21:17:56] [Worker-Main-8/INFO] (Minecraft) [STDOUT]: [Mixin] buildSurface skipped chunk(6,-14)
[21:17:56] [Worker-Main-23/INFO] (Minecraft) [STDOUT]: [Mixin] buildSurface skipped chunk(6,-22)
[21:17:56] [Worker-Main-8/INFO] (Minecraft) [STDOUT]: [Mixin] buildSurface skipped chunk(6,-23)
[21:17:56] [Worker-Main-1/INFO] (Minecraft) [STDOUT]: [Mixin] buildSurface skipped chunk(6,-18)
[21:17:56] [Worker-Main-1/INFO] (Minecraft) [STDOUT]: [Mixin] buildSurface skipped chunk(6,-20)
[21:17:56] [Worker-Main-16/INFO] (Minecraft) [STDOUT]: [Mixin] buildSurface skipped chunk(6,-19)
[21:17:56] [Worker-Main-7/INFO] (Minecraft) [STDOUT]: [Mixin] buildSurface skipped chunk(6,-21)
[21:17:56] [Worker-Main-20/INFO] (Minecraft) [STDOUT]: [Mixin] buildSurface skipped chunk(6,0)
[21:17:56] [Worker-Main-7/INFO] (Minecraft) [STDOUT]: [Mixin] buildSurface skipped chunk(7,-33)
[21:17:56] [Worker-Main-22/INFO] (Minecraft) [STDOUT]: [Mixin] buildSurface skipped chunk(7,-32)
[21:17:56] [Worker-Main-20/INFO] (Minecraft) [STDOUT]: [Mixin] buildSurface skipped chunk(7,-31)
[21:17:56] [Worker-Main-7/INFO] (Minecraft) [STDOUT]: [Mixin] populateNoise intercepted chunk(7,-4)
[21:17:56] [Worker-Main-6/INFO] (Minecraft) [STDOUT]: [Mixin] populateNoise intercepted chunk(7,-3)
[21:17:56] [Worker-Main-19/INFO] (Minecraft) [STDOUT]: [Mixin] populateNoise intercepted chunk(7,-2)
[21:17:56] [Worker-Main-22/INFO] (Minecraft) [STDOUT]: [Mixin] populateNoise intercepted chunk(7,-1)
[21:17:56] [Worker-Main-1/INFO] (Minecraft) [STDOUT]: [Mixin] populateNoise intercepted chunk(7,0)
[21:17:56] [Worker-Main-1/INFO] (Minecraft) [STDOUT]: [Mixin] populateNoise intercepted chunk(7,1)
[21:17:56] [Worker-Main-6/INFO] (Minecraft) [STDOUT]: [Mixin] buildSurface skipped chunk(7,-6)
[21:17:56] [Worker-Main-6/INFO] (Minecraft) [STDOUT]: [Mixin] buildSurface skipped chunk(7,-7)
[21:17:56] [Worker-Main-6/INFO] (Minecraft) [STDOUT]: [Mixin] buildSurface skipped chunk(7,-34)
[21:17:56] [Worker-Main-8/INFO] (Minecraft) [STDOUT]: [Mixin] buildSurface skipped chunk(6,1)
[21:17:56] [Worker-Main-8/INFO] (Minecraft) [STDOUT]: [Mixin] buildSurface skipped chunk(7,-5)
[21:17:56] [Worker-Main-8/INFO] (Minecraft) [STDOUT]: [Mixin] populateNoise intercepted chunk(7,-30)
[21:17:56] [Worker-Main-15/INFO] (Minecraft) [STDOUT]: [Mixin] populateNoise intercepted chunk(7,-29)
[21:17:56] [Worker-Main-12/INFO] (Minecraft) [STDOUT]: [Mixin] populateNoise intercepted chunk(7,-28)
[21:17:56] [Worker-Main-14/INFO] (Minecraft) [STDOUT]: [Mixin] populateNoise intercepted chunk(7,-27)
[21:17:56] [Worker-Main-17/INFO] (Minecraft) [STDOUT]: [Mixin] populateNoise intercepted chunk(7,-15)
[21:17:56] [Worker-Main-13/INFO] (Minecraft) [STDOUT]: [Mixin] populateNoise intercepted chunk(7,-22)
[21:17:56] [Worker-Main-5/INFO] (Minecraft) [STDOUT]: [Mixin] populateNoise intercepted chunk(7,-16)
[21:17:56] [Worker-Main-6/INFO] (Minecraft) [STDOUT]: [Mixin] populateNoise intercepted chunk(7,-21)
[21:17:56] [Worker-Main-20/INFO] (Minecraft) [STDOUT]: [Mixin] populateNoise intercepted chunk(7,-20)
[21:17:56] [Worker-Main-3/INFO] (Minecraft) [STDOUT]: [Mixin] populateNoise intercepted chunk(7,-26)
[21:17:56] [Worker-Main-23/INFO] (Minecraft) [STDOUT]: [Mixin] populateNoise intercepted chunk(7,-19)
[21:17:56] [Worker-Main-10/INFO] (Minecraft) [STDOUT]: [Mixin] populateNoise intercepted chunk(7,-18)
[21:17:56] [Worker-Main-21/INFO] (Minecraft) [STDOUT]: [Mixin] populateNoise intercepted chunk(7,-17)
[21:17:56] [Worker-Main-11/INFO] (Minecraft) [STDOUT]: [Mixin] populateNoise intercepted chunk(7,-25)
[21:17:56] [Worker-Main-9/INFO] (Minecraft) [STDOUT]: [Mixin] populateNoise intercepted chunk(7,-24)
[21:17:56] [Worker-Main-4/INFO] (Minecraft) [STDOUT]: [Mixin] populateNoise intercepted chunk(7,-23)
[21:17:56] [Worker-Main-18/INFO] (Minecraft) [STDOUT]: [Mixin] populateNoise intercepted chunk(7,-14)
[21:17:56] [Worker-Main-7/INFO] (Minecraft) [STDOUT]: [Mixin] populateNoise intercepted chunk(7,-13)
[21:17:56] [Worker-Main-2/INFO] (Minecraft) [STDOUT]: [Mixin] populateNoise intercepted chunk(7,-12)
[21:17:56] [Worker-Main-19/INFO] (Minecraft) [STDOUT]: [Mixin] populateNoise intercepted chunk(7,-11)
[21:17:56] [Worker-Main-22/INFO] (Minecraft) [STDOUT]: [Mixin] populateNoise intercepted chunk(7,-8)
[21:17:56] [Worker-Main-16/INFO] (Minecraft) [STDOUT]: [Mixin] populateNoise intercepted chunk(7,-10)
[21:17:56] [Worker-Main-8/INFO] (Minecraft) [STDOUT]: [Mixin] buildSurface skipped chunk(7,-30)
[21:17:56] [Worker-Main-8/INFO] (Minecraft) [STDOUT]: [Mixin] buildSurface skipped chunk(7,-29)
[21:17:57] [Worker-Main-15/INFO] (Minecraft) [STDOUT]: [Mixin] buildSurface skipped chunk(7,-19)
[21:17:57] [Worker-Main-14/INFO] (Minecraft) [STDOUT]: [Mixin] buildSurface skipped chunk(7,-27)
[21:17:57] [Worker-Main-1/INFO] (Minecraft) [STDOUT]: [Mixin] buildSurface skipped chunk(7,-15)
[21:17:57] [Worker-Main-14/INFO] (Minecraft) [STDOUT]: [Mixin] buildSurface skipped chunk(7,-16)
[21:17:57] [Worker-Main-17/INFO] (Minecraft) [STDOUT]: [Mixin] buildSurface skipped chunk(7,-26)
[21:17:57] [Worker-Main-17/INFO] (Minecraft) [STDOUT]: [Mixin] buildSurface skipped chunk(7,-22)
[21:17:57] [Worker-Main-17/INFO] (Minecraft) [STDOUT]: [Mixin] buildSurface skipped chunk(7,-17)
[21:17:57] [Worker-Main-17/INFO] (Minecraft) [STDOUT]: [Mixin] buildSurface skipped chunk(7,-28)
[21:17:57] [Worker-Main-6/INFO] (Minecraft) [STDOUT]: [Mixin] buildSurface skipped chunk(7,-25)
[21:17:57] [Worker-Main-11/INFO] (Minecraft) [STDOUT]: [Mixin] buildSurface skipped chunk(7,-20)
[21:17:57] [Worker-Main-20/INFO] (Minecraft) [STDOUT]: [Mixin] buildSurface skipped chunk(7,-21)
[21:17:57] [Worker-Main-20/INFO] (Minecraft) [STDOUT]: [Mixin] buildSurface skipped chunk(7,-23)
[21:17:57] [Worker-Main-20/INFO] (Minecraft) [STDOUT]: [Mixin] buildSurface skipped chunk(7,-18)
[21:17:57] [Worker-Main-11/INFO] (Minecraft) [STDOUT]: [Mixin] buildSurface skipped chunk(7,-24)
[21:17:57] [Worker-Main-19/INFO] (Minecraft) [STDOUT]: [Mixin] buildSurface skipped chunk(7,-14)
[21:17:57] [Worker-Main-10/INFO] (Minecraft) [STDOUT]: [Mixin] buildSurface skipped chunk(7,-13)
[21:17:57] [Worker-Main-10/INFO] (Minecraft) [STDOUT]: [Mixin] buildSurface skipped chunk(7,-12)
[21:17:57] [Worker-Main-20/INFO] (Minecraft) [STDOUT]: [Mixin] buildSurface skipped chunk(7,-11)
[21:17:57] [Worker-Main-11/INFO] (Minecraft) [STDOUT]: [Mixin] populateNoise intercepted chunk(7,-9)
[21:17:57] [Worker-Main-10/INFO] (Minecraft) [STDOUT]: [Mixin] buildSurface skipped chunk(7,-8)
[21:17:57] [Worker-Main-10/INFO] (Minecraft) [STDOUT]: [Mixin] buildSurface skipped chunk(7,-10)
[21:17:57] [Worker-Main-10/INFO] (Minecraft) [STDOUT]: [Mixin] buildSurface skipped chunk(7,-4)
[21:17:57] [Worker-Main-19/INFO] (Minecraft) [STDOUT]: [Mixin] buildSurface skipped chunk(7,-3)
[21:17:57] [Worker-Main-6/INFO] (Minecraft) [STDOUT]: [Mixin] buildSurface skipped chunk(7,-2)
[21:17:57] [Worker-Main-6/INFO] (Minecraft) [STDOUT]: [Mixin] buildSurface skipped chunk(7,-1)
[21:17:57] [Worker-Main-6/INFO] (Minecraft) [STDOUT]: [Mixin] buildSurface skipped chunk(7,0)
[21:17:57] [Worker-Main-17/INFO] (Minecraft) [STDOUT]: [Mixin] buildSurface skipped chunk(7,1)
[21:17:57] [Worker-Main-2/INFO] (Minecraft) [STDOUT]: [Mixin] populateNoise intercepted chunk(8,-6)
[21:17:57] [Worker-Main-4/INFO] (Minecraft) [STDOUT]: [Mixin] populateNoise intercepted chunk(8,-5)
[21:17:57] [Worker-Main-6/INFO] (Minecraft) [STDOUT]: [Mixin] populateNoise intercepted chunk(8,-4)
[21:17:57] [Worker-Main-17/INFO] (Minecraft) [STDOUT]: [Mixin] populateNoise intercepted chunk(8,-3)
[21:17:57] [Worker-Main-23/INFO] (Minecraft) [STDOUT]: [Mixin] populateNoise intercepted chunk(8,-2)
[21:17:57] [Worker-Main-22/INFO] (Minecraft) [STDOUT]: [Mixin] populateNoise intercepted chunk(8,-1)
[21:17:57] [Worker-Main-18/INFO] (Minecraft) [STDOUT]: [Mixin] populateNoise intercepted chunk(8,0)
[21:17:57] [Worker-Main-10/INFO] (Minecraft) [STDOUT]: [Mixin] populateNoise intercepted chunk(8,1)
[21:17:57] [Worker-Main-8/INFO] (Minecraft) [STDOUT]: [Mixin] populateNoise intercepted chunk(8,-34)
[21:17:57] [Worker-Main-12/INFO] (Minecraft) [STDOUT]: [Mixin] populateNoise intercepted chunk(8,-33)
[21:17:57] [Worker-Main-21/INFO] (Minecraft) [STDOUT]: [Mixin] populateNoise intercepted chunk(8,-32)
[21:17:57] [Worker-Main-5/INFO] (Minecraft) [STDOUT]: [Mixin] populateNoise intercepted chunk(8,-31)
[21:17:57] [Worker-Main-19/INFO] (Minecraft) [STDOUT]: [Mixin] populateNoise intercepted chunk(8,-30)
[21:17:57] [Worker-Main-3/INFO] (Minecraft) [STDOUT]: [Mixin] populateNoise intercepted chunk(8,-29)
[21:17:57] [Worker-Main-1/INFO] (Minecraft) [STDOUT]: [Mixin] populateNoise intercepted chunk(8,-28)
[21:17:57] [Worker-Main-14/INFO] (Minecraft) [STDOUT]: [Mixin] populateNoise intercepted chunk(8,-27)
[21:17:57] [Worker-Main-7/INFO] (Minecraft) [STDOUT]: [Mixin] populateNoise intercepted chunk(8,-26)
[21:17:57] [Worker-Main-16/INFO] (Minecraft) [STDOUT]: [Mixin] populateNoise intercepted chunk(8,-22)
[21:17:57] [Worker-Main-20/INFO] (Minecraft) [STDOUT]: [Mixin] populateNoise intercepted chunk(8,-25)
[21:17:57] [Worker-Main-9/INFO] (Minecraft) [STDOUT]: [Mixin] populateNoise intercepted chunk(8,-24)
[21:17:57] [Worker-Main-13/INFO] (Minecraft) [STDOUT]: [Mixin] populateNoise intercepted chunk(8,-23)
[21:17:57] [Worker-Main-15/INFO] (Minecraft) [STDOUT]: [Mixin] populateNoise intercepted chunk(8,-21)
[21:17:57] [Worker-Main-11/INFO] (Minecraft) [STDOUT]: [Mixin] populateNoise intercepted chunk(8,-20)
[21:17:57] [Worker-Main-6/INFO] (Minecraft) [STDOUT]: [Mixin] populateNoise intercepted chunk(8,-19)
[21:17:57] [Worker-Main-22/INFO] (Minecraft) [STDOUT]: [Mixin] buildSurface skipped chunk(7,-9)
[21:17:57] [Worker-Main-2/INFO] (Minecraft) [STDOUT]: [Mixin] buildSurface skipped chunk(8,-27)
[21:17:57] [Worker-Main-4/INFO] (Minecraft) [STDOUT]: [Mixin] buildSurface skipped chunk(8,-28)
[21:17:57] [Worker-Main-2/INFO] (Minecraft) [STDOUT]: [Mixin] buildSurface skipped chunk(8,-4)
[21:17:57] [Worker-Main-2/INFO] (Minecraft) [STDOUT]: [Mixin] buildSurface skipped chunk(8,-2)
[21:17:57] [Worker-Main-2/INFO] (Minecraft) [STDOUT]: [Mixin] buildSurface skipped chunk(8,-1)
[21:17:57] [Worker-Main-22/INFO] (Minecraft) [STDOUT]: [Mixin] buildSurface skipped chunk(8,-6)
[21:17:57] [Worker-Main-22/INFO] (Minecraft) [STDOUT]: [Mixin] buildSurface skipped chunk(8,-5)
[21:17:57] [Worker-Main-4/INFO] (Minecraft) [STDOUT]: [Mixin] buildSurface skipped chunk(8,-3)
[21:17:57] [Worker-Main-2/INFO] (Minecraft) [STDOUT]: [Mixin] buildSurface skipped chunk(8,0)
[21:17:57] [Worker-Main-17/INFO] (Minecraft) [STDOUT]: [Mixin] buildSurface skipped chunk(8,-33)
[21:17:57] [Worker-Main-17/INFO] (Minecraft) [STDOUT]: [Mixin] buildSurface skipped chunk(8,-22)
[21:17:57] [Worker-Main-2/INFO] (Minecraft) [STDOUT]: [Mixin] buildSurface skipped chunk(8,-31)
[21:17:57] [Worker-Main-2/INFO] (Minecraft) [STDOUT]: [Mixin] buildSurface skipped chunk(8,-29)
[21:17:57] [Worker-Main-2/INFO] (Minecraft) [STDOUT]: [Mixin] buildSurface skipped chunk(8,-21)
[21:17:57] [Worker-Main-4/INFO] (Minecraft) [STDOUT]: [Mixin] buildSurface skipped chunk(8,-32)
[21:17:57] [Worker-Main-4/INFO] (Minecraft) [STDOUT]: [Mixin] buildSurface skipped chunk(8,-26)
[21:17:57] [Worker-Main-2/INFO] (Minecraft) [STDOUT]: [Mixin] buildSurface skipped chunk(8,-23)
[21:17:57] [Worker-Main-7/INFO] (Minecraft) [STDOUT]: [Mixin] buildSurface skipped chunk(8,-25)
[21:17:57] [Worker-Main-7/INFO] (Minecraft) [STDOUT]: [Mixin] buildSurface skipped chunk(8,-30)
[21:17:57] [Worker-Main-7/INFO] (Minecraft) [STDOUT]: [Mixin] buildSurface skipped chunk(8,-24)
[21:17:57] [Worker-Main-6/INFO] (Minecraft) [STDOUT]: [CHUNKTIME] n=1536 perChunk(ms): mixin=93.41 gap=95.17 | sumMixin=143.5s sumGap=146.2s | inflight max=23 now=1
[21:17:57] [Worker-Main-20/INFO] (Minecraft) [STDOUT]: [Mixin] buildSurface skipped chunk(8,-20)
[21:17:57] [Worker-Main-15/INFO] (Minecraft) [STDOUT]: [Mixin] buildSurface skipped chunk(8,-19)
[21:17:57] [Worker-Main-21/INFO] (Minecraft) [STDOUT]: [Mixin] buildSurface skipped chunk(8,-34)
[21:17:57] [Worker-Main-11/INFO] (Minecraft) [STDOUT]: [Mixin] buildSurface skipped chunk(8,1)
[21:17:57] [Worker-Main-11/INFO] (Minecraft) [STDOUT]: [Mixin] populateNoise intercepted chunk(8,-7)
[21:17:57] [Worker-Main-15/INFO] (Minecraft) [STDOUT]: [Mixin] populateNoise intercepted chunk(8,-13)
[21:17:57] [Worker-Main-10/INFO] (Minecraft) [STDOUT]: [Mixin] populateNoise intercepted chunk(8,-14)
[21:17:57] [Worker-Main-21/INFO] (Minecraft) [STDOUT]: [Mixin] populateNoise intercepted chunk(8,-12)
[21:17:57] [Worker-Main-2/INFO] (Minecraft) [STDOUT]: [Mixin] populateNoise intercepted chunk(8,-15)
[21:17:57] [Worker-Main-13/INFO] (Minecraft) [STDOUT]: [Mixin] populateNoise intercepted chunk(8,-10)
[21:17:57] [Worker-Main-15/INFO] (Minecraft) [STDOUT]: [Mixin] populateNoise intercepted chunk(8,-11)
[21:17:57] [Worker-Main-6/INFO] (Minecraft) [STDOUT]: [Mixin] populateNoise intercepted chunk(8,-9)
[21:17:57] [Worker-Main-8/INFO] (Minecraft) [STDOUT]: [Mixin] populateNoise intercepted chunk(8,-8)
[21:17:57] [Worker-Main-18/INFO] (Minecraft) [STDOUT]: [Mixin] populateNoise intercepted chunk(8,-18)
[21:17:57] [Worker-Main-20/INFO] (Minecraft) [STDOUT]: [Mixin] populateNoise intercepted chunk(8,-17)
[21:17:57] [Worker-Main-19/INFO] (Minecraft) [STDOUT]: [Mixin] populateNoise intercepted chunk(8,-16)
[21:17:57] [Worker-Main-3/INFO] (Minecraft) [STDOUT]: [Mixin] populateNoise intercepted chunk(9,-34)
[21:17:57] [Worker-Main-12/INFO] (Minecraft) [STDOUT]: [Mixin] populateNoise intercepted chunk(9,-33)
[21:17:57] [Worker-Main-17/INFO] (Minecraft) [STDOUT]: [Mixin] populateNoise intercepted chunk(9,-32)
[21:17:57] [Worker-Main-1/INFO] (Minecraft) [STDOUT]: [Mixin] populateNoise intercepted chunk(9,-31)
[21:17:57] [Worker-Main-1/INFO] (Minecraft) [STDOUT]: [Mixin] populateNoise intercepted chunk(9,-30)
[21:17:57] [Worker-Main-14/INFO] (Minecraft) [STDOUT]: [Mixin] populateNoise intercepted chunk(9,-29)
[21:17:57] [Worker-Main-4/INFO] (Minecraft) [STDOUT]: [Mixin] populateNoise intercepted chunk(9,-28)
[21:17:57] [Worker-Main-7/INFO] (Minecraft) [STDOUT]: [Mixin] populateNoise intercepted chunk(9,-27)
[21:17:57] [Worker-Main-16/INFO] (Minecraft) [STDOUT]: [Mixin] populateNoise intercepted chunk(9,-26)
[21:17:57] [Worker-Main-22/INFO] (Minecraft) [STDOUT]: [Mixin] populateNoise intercepted chunk(9,-8)
[21:17:57] [Worker-Main-9/INFO] (Minecraft) [STDOUT]: [Mixin] populateNoise intercepted chunk(9,-9)
[21:17:57] [Worker-Main-15/INFO] (Minecraft) [STDOUT]: [Mixin] buildSurface skipped chunk(8,-12)
[21:17:57] [Worker-Main-6/INFO] (Minecraft) [STDOUT]: [Mixin] buildSurface skipped chunk(8,-15)
[21:17:57] [Worker-Main-15/INFO] (Minecraft) [STDOUT]: [Mixin] buildSurface skipped chunk(8,-14)
[21:17:57] [Worker-Main-15/INFO] (Minecraft) [STDOUT]: [Mixin] buildSurface skipped chunk(8,-7)
[21:17:57] [Worker-Main-15/INFO] (Minecraft) [STDOUT]: [Mixin] buildSurface skipped chunk(8,-8)
[21:17:57] [Worker-Main-15/INFO] (Minecraft) [STDOUT]: [Mixin] buildSurface skipped chunk(8,-9)
[21:17:57] [Worker-Main-11/INFO] (Minecraft) [STDOUT]: [Mixin] buildSurface skipped chunk(8,-11)
[21:17:57] [Worker-Main-6/INFO] (Minecraft) [STDOUT]: [Mixin] buildSurface skipped chunk(8,-18)
[21:17:57] [Worker-Main-9/INFO] (Minecraft) [STDOUT]: [Mixin] buildSurface skipped chunk(8,-13)
[21:17:57] [Worker-Main-12/INFO] (Minecraft) [STDOUT]: [Mixin] buildSurface skipped chunk(8,-10)
[21:17:57] [Worker-Main-10/INFO] (Minecraft) [STDOUT]: [Mixin] buildSurface skipped chunk(8,-16)
[21:17:57] [Worker-Main-20/INFO] (Minecraft) [STDOUT]: [Mixin] buildSurface skipped chunk(8,-17)
[21:17:57] [Worker-Main-7/INFO] (Minecraft) [STDOUT]: [Mixin] buildSurface skipped chunk(9,-30)
[21:17:57] [Worker-Main-20/INFO] (Minecraft) [STDOUT]: [Mixin] buildSurface skipped chunk(9,-33)
[21:17:57] [Worker-Main-23/INFO] (Minecraft) [STDOUT]: [Mixin] buildSurface skipped chunk(9,-28)
[21:17:57] [Worker-Main-7/INFO] (Minecraft) [STDOUT]: [Mixin] buildSurface skipped chunk(9,-31)
[21:17:57] [Worker-Main-10/INFO] (Minecraft) [STDOUT]: [Mixin] buildSurface skipped chunk(9,-32)
[21:17:57] [Worker-Main-21/INFO] (Minecraft) [STDOUT]: [Mixin] buildSurface skipped chunk(9,-29)
[21:17:57] [Worker-Main-7/INFO] (Minecraft) [STDOUT]: [Mixin] buildSurface skipped chunk(9,-27)
[21:17:57] [Worker-Main-13/INFO] (Minecraft) [STDOUT]: [Mixin] buildSurface skipped chunk(9,-26)
[21:17:57] [Worker-Main-14/INFO] (Minecraft) [STDOUT]: [Mixin] populateNoise intercepted chunk(9,-10)
[21:17:57] [Worker-Main-21/INFO] (Minecraft) [STDOUT]: [Mixin] populateNoise intercepted chunk(9,-7)
[21:17:57] [Worker-Main-19/INFO] (Minecraft) [STDOUT]: [Mixin] buildSurface skipped chunk(9,-34)
[21:17:57] [Worker-Main-19/INFO] (Minecraft) [STDOUT]: [Mixin] buildSurface skipped chunk(9,-9)
[21:17:57] [Worker-Main-19/INFO] (Minecraft) [STDOUT]: [Mixin] buildSurface skipped chunk(9,-8)
[21:17:57] [Worker-Main-20/INFO] (Minecraft) [STDOUT]: [Mixin] populateNoise intercepted chunk(9,-20)
[21:17:57] [Worker-Main-23/INFO] (Minecraft) [STDOUT]: [Mixin] populateNoise intercepted chunk(9,-25)
[21:17:57] [Worker-Main-7/INFO] (Minecraft) [STDOUT]: [Mixin] populateNoise intercepted chunk(9,-24)
[21:17:57] [Worker-Main-6/INFO] (Minecraft) [STDOUT]: [Mixin] populateNoise intercepted chunk(9,-21)
[21:17:57] [Worker-Main-16/INFO] (Minecraft) [STDOUT]: [Mixin] populateNoise intercepted chunk(9,-23)
[21:17:57] [Worker-Main-12/INFO] (Minecraft) [STDOUT]: [Mixin] populateNoise intercepted chunk(9,-22)
[21:17:57] [Worker-Main-5/INFO] (Minecraft) [STDOUT]: [Mixin] populateNoise intercepted chunk(9,-19)
[21:17:57] [Worker-Main-19/INFO] (Minecraft) [STDOUT]: [Mixin] populateNoise intercepted chunk(9,-16)
[21:17:57] [Worker-Main-10/INFO] (Minecraft) [STDOUT]: [Mixin] populateNoise intercepted chunk(9,-18)
[21:17:57] [Worker-Main-22/INFO] (Minecraft) [STDOUT]: [Mixin] populateNoise intercepted chunk(9,-17)
[21:17:57] [Worker-Main-17/INFO] (Minecraft) [STDOUT]: [Mixin] populateNoise intercepted chunk(9,-12)
[21:17:57] [Worker-Main-9/INFO] (Minecraft) [STDOUT]: [Mixin] populateNoise intercepted chunk(9,-15)
[21:17:57] [Worker-Main-4/INFO] (Minecraft) [STDOUT]: [Mixin] populateNoise intercepted chunk(9,-11)
[21:17:57] [Worker-Main-13/INFO] (Minecraft) [STDOUT]: [Mixin] populateNoise intercepted chunk(9,-14)
[21:17:57] [Worker-Main-3/INFO] (Minecraft) [STDOUT]: [Mixin] populateNoise intercepted chunk(9,-13)
[21:17:57] [Worker-Main-11/INFO] (Minecraft) [STDOUT]: [Mixin] populateNoise intercepted chunk(10,-34)
[21:17:57] [Worker-Main-1/INFO] (Minecraft) [STDOUT]: [Mixin] populateNoise intercepted chunk(10,-33)
[21:17:57] [Worker-Main-18/INFO] (Minecraft) [STDOUT]: [Mixin] populateNoise intercepted chunk(10,-32)
[21:17:57] [Worker-Main-18/INFO] (Minecraft) [STDOUT]: [Mixin] populateNoise intercepted chunk(10,-31)
[21:17:57] [Worker-Main-15/INFO] (Minecraft) [STDOUT]: [Mixin] populateNoise intercepted chunk(10,-30)
[21:17:57] [Worker-Main-2/INFO] (Minecraft) [STDOUT]: [Mixin] populateNoise intercepted chunk(10,-29)
[21:17:57] [Worker-Main-14/INFO] (Minecraft) [STDOUT]: [Mixin] buildSurface skipped chunk(9,-10)
[21:17:57] [Worker-Main-14/INFO] (Minecraft) [STDOUT]: [Mixin] buildSurface skipped chunk(9,-7)
[21:17:57] [Worker-Main-20/INFO] (Minecraft) [STDOUT]: [Mixin] buildSurface skipped chunk(9,-20)
[21:17:57] [Worker-Main-20/INFO] (Minecraft) [STDOUT]: [Mixin] buildSurface skipped chunk(9,-21)
[21:17:57] [Worker-Main-14/INFO] (Minecraft) [STDOUT]: [Mixin] buildSurface skipped chunk(9,-14)
[21:17:57] [Worker-Main-7/INFO] (Minecraft) [STDOUT]: [Mixin] buildSurface skipped chunk(9,-19)
[21:17:57] [Worker-Main-7/INFO] (Minecraft) [STDOUT]: [Mixin] buildSurface skipped chunk(9,-25)
[21:17:57] [Worker-Main-7/INFO] (Minecraft) [STDOUT]: [Mixin] buildSurface skipped chunk(9,-24)
[21:17:57] [Worker-Main-20/INFO] (Minecraft) [STDOUT]: [Mixin] buildSurface skipped chunk(9,-12)
[21:17:57] [Worker-Main-5/INFO] (Minecraft) [STDOUT]: [Mixin] buildSurface skipped chunk(9,-22)
[21:17:57] [Worker-Main-16/INFO] (Minecraft) [STDOUT]: [Mixin] buildSurface skipped chunk(9,-18)
[21:17:57] [Worker-Main-22/INFO] (Minecraft) [STDOUT]: [Mixin] buildSurface skipped chunk(9,-13)
[21:17:57] [Worker-Main-20/INFO] (Minecraft) [STDOUT]: [Mixin] buildSurface skipped chunk(9,-11)
[21:17:57] [Worker-Main-20/INFO] (Minecraft) [STDOUT]: [Mixin] buildSurface skipped chunk(9,-17)
[21:17:57] [Worker-Main-9/INFO] (Minecraft) [STDOUT]: [Mixin] buildSurface skipped chunk(9,-15)
[21:17:57] [Worker-Main-1/INFO] (Minecraft) [STDOUT]: [Mixin] buildSurface skipped chunk(9,-16)
[21:17:57] [Worker-Main-12/INFO] (Minecraft) [STDOUT]: [Mixin] buildSurface skipped chunk(9,-23)
[21:17:57] [Worker-Main-12/INFO] (Minecraft) [STDOUT]: [Mixin] buildSurface skipped chunk(10,-33)
[21:17:57] [Worker-Main-1/INFO] (Minecraft) [STDOUT]: [Mixin] buildSurface skipped chunk(10,-31)
[21:17:57] [Worker-Main-6/INFO] (Minecraft) [STDOUT]: [Mixin] buildSurface skipped chunk(10,-32)
[21:17:57] [Worker-Main-5/INFO] (Minecraft) [STDOUT]: [Mixin] buildSurface skipped chunk(10,-30)
[21:17:57] [Worker-Main-15/INFO] (Minecraft) [STDOUT]: [Mixin] buildSurface skipped chunk(10,-29)
[21:17:57] [Worker-Main-6/INFO] (Minecraft) [STDOUT]: [Mixin] populateNoise intercepted chunk(10,-28)
[21:17:57] [Worker-Main-18/INFO] (Minecraft) [STDOUT]: [Mixin] buildSurface skipped chunk(10,-34)
[21:17:57] [Worker-Main-19/INFO] (Minecraft) [STDOUT]: [Mixin] populateNoise intercepted chunk(10,-27)
[21:17:57] [Worker-Main-4/INFO] (Minecraft) [STDOUT]: [Mixin] populateNoise intercepted chunk(10,-26)
[21:17:57] [Worker-Main-13/INFO] (Minecraft) [STDOUT]: [Mixin] populateNoise intercepted chunk(10,-18)
[21:17:57] [Worker-Main-10/INFO] (Minecraft) [STDOUT]: [Mixin] populateNoise intercepted chunk(10,-12)
[21:17:57] [Worker-Main-20/INFO] (Minecraft) [STDOUT]: [Mixin] populateNoise intercepted chunk(10,-16)
[21:17:57] [Worker-Main-16/INFO] (Minecraft) [STDOUT]: [Mixin] populateNoise intercepted chunk(10,-17)
[21:17:57] [Worker-Main-17/INFO] (Minecraft) [STDOUT]: [Mixin] populateNoise intercepted chunk(10,-19)
[21:17:57] [Worker-Main-8/INFO] (Minecraft) [STDOUT]: [Mixin] populateNoise intercepted chunk(10,-15)
[21:17:57] [Worker-Main-23/INFO] (Minecraft) [STDOUT]: [Mixin] populateNoise intercepted chunk(10,-25)
[21:17:57] [Worker-Main-5/INFO] (Minecraft) [STDOUT]: [Mixin] populateNoise intercepted chunk(10,-14)
[21:17:57] [Worker-Main-9/INFO] (Minecraft) [STDOUT]: [Mixin] populateNoise intercepted chunk(10,-21)
[21:17:57] [Worker-Main-14/INFO] (Minecraft) [STDOUT]: [Mixin] populateNoise intercepted chunk(10,-13)
[21:17:57] [Worker-Main-3/INFO] (Minecraft) [STDOUT]: [Mixin] populateNoise intercepted chunk(10,-24)
[21:17:57] [Worker-Main-9/INFO] (Minecraft) [STDOUT]: [Mixin] populateNoise intercepted chunk(10,-20)
[21:17:57] [Worker-Main-2/INFO] (Minecraft) [STDOUT]: [Mixin] populateNoise intercepted chunk(10,-23)
[21:17:57] [Worker-Main-1/INFO] (Minecraft) [STDOUT]: [Mixin] populateNoise intercepted chunk(10,-22)
[21:17:57] [Worker-Main-12/INFO] (Minecraft) [STDOUT]: [Mixin] populateNoise intercepted chunk(10,-11)
[21:17:57] [Worker-Main-7/INFO] (Minecraft) [STDOUT]: [Mixin] populateNoise intercepted chunk(10,-10)
[21:17:57] [Worker-Main-22/INFO] (Minecraft) [STDOUT]: [Mixin] populateNoise intercepted chunk(10,-9)
[21:17:57] [Worker-Main-11/INFO] (Minecraft) [STDOUT]: [Mixin] populateNoise intercepted chunk(10,-8)
[21:17:57] [Worker-Main-15/INFO] (Minecraft) [STDOUT]: [Mixin] populateNoise intercepted chunk(10,-7)
[21:17:57] [Worker-Main-21/INFO] (Minecraft) [STDOUT]: [Mixin] populateNoise intercepted chunk(11,-34)
[21:17:57] [Worker-Main-6/INFO] (Minecraft) [STDOUT]: [Mixin] buildSurface skipped chunk(10,-28)
[21:17:57] [Worker-Main-6/INFO] (Minecraft) [STDOUT]: [Mixin] populateNoise intercepted chunk(11,-33)
[21:17:57] [Worker-Main-13/INFO] (Minecraft) [STDOUT]: [Mixin] buildSurface skipped chunk(10,-18)
[21:17:57] [Worker-Main-13/INFO] (Minecraft) [STDOUT]: [Mixin] buildSurface skipped chunk(10,-21)
[21:17:57] [Worker-Main-13/INFO] (Minecraft) [STDOUT]: [Mixin] buildSurface skipped chunk(10,-15)
[21:17:57] [Worker-Main-13/INFO] (Minecraft) [STDOUT]: [Mixin] buildSurface skipped chunk(10,-20)
[21:17:57] [Worker-Main-13/INFO] (Minecraft) [STDOUT]: [Mixin] buildSurface skipped chunk(10,-19)
[21:17:57] [Worker-Main-13/INFO] (Minecraft) [STDOUT]: [Mixin] buildSurface skipped chunk(10,-26)
[21:17:57] [Worker-Main-19/INFO] (Minecraft) [STDOUT]: [Mixin] buildSurface skipped chunk(10,-11)
[21:17:57] [Worker-Main-4/INFO] (Minecraft) [STDOUT]: [Mixin] buildSurface skipped chunk(10,-8)
[21:17:57] [Worker-Main-22/INFO] (Minecraft) [STDOUT]: [Mixin] buildSurface skipped chunk(10,-27)
[21:17:57] [Worker-Main-16/INFO] (Minecraft) [STDOUT]: [Mixin] buildSurface skipped chunk(10,-17)
[21:17:57] [Worker-Main-10/INFO] (Minecraft) [STDOUT]: [Mixin] buildSurface skipped chunk(10,-9)
[21:17:57] [Worker-Main-5/INFO] (Minecraft) [STDOUT]: [Mixin] buildSurface skipped chunk(10,-22)
[21:17:57] [Worker-Main-10/INFO] (Minecraft) [STDOUT]: [Mixin] buildSurface skipped chunk(10,-10)
[21:17:57] [Worker-Main-10/INFO] (Minecraft) [STDOUT]: [Mixin] buildSurface skipped chunk(10,-23)
[21:17:57] [Worker-Main-15/INFO] (Minecraft) [STDOUT]: [Mixin] buildSurface skipped chunk(10,-13)
[21:17:57] [Worker-Main-16/INFO] (Minecraft) [STDOUT]: [Mixin] buildSurface skipped chunk(10,-16)
[21:17:57] [Worker-Main-23/INFO] (Minecraft) [STDOUT]: [Mixin] buildSurface skipped chunk(10,-12)
[21:17:57] [Worker-Main-16/INFO] (Minecraft) [STDOUT]: [Mixin] buildSurface skipped chunk(10,-24)
[21:17:57] [Worker-Main-23/INFO] (Minecraft) [STDOUT]: [Mixin] buildSurface skipped chunk(10,-7)
[21:17:57] [Worker-Main-23/INFO] (Minecraft) [STDOUT]: [Mixin] buildSurface skipped chunk(10,-14)
[21:17:57] [Worker-Main-5/INFO] (Minecraft) [STDOUT]: [Mixin] buildSurface skipped chunk(10,-25)
[21:17:57] [Worker-Main-16/INFO] (Minecraft) [STDOUT]: [Mixin] buildSurface skipped chunk(11,-33)
[21:17:57] [Worker-Main-16/INFO] (Minecraft) [STDOUT]: [Mixin] buildSurface skipped chunk(11,-34)
[21:17:57] [Worker-Main-2/INFO] (Minecraft) [STDOUT]: [Mixin] populateNoise intercepted chunk(11,-32)
[21:17:57] [Worker-Main-3/INFO] (Minecraft) [STDOUT]: [Mixin] populateNoise intercepted chunk(11,-31)
[21:17:57] [Worker-Main-20/INFO] (Minecraft) [STDOUT]: [Mixin] populateNoise intercepted chunk(11,-27)
[21:17:57] [Worker-Main-14/INFO] (Minecraft) [STDOUT]: [Mixin] populateNoise intercepted chunk(11,-26)
[21:17:57] [Worker-Main-18/INFO] (Minecraft) [STDOUT]: [Mixin] populateNoise intercepted chunk(11,-19)
[21:17:57] [Worker-Main-11/INFO] (Minecraft) [STDOUT]: [Mixin] populateNoise intercepted chunk(11,-30)
[21:17:57] [Worker-Main-17/INFO] (Minecraft) [STDOUT]: [Mixin] populateNoise intercepted chunk(11,-29)
[21:17:57] [Worker-Main-8/INFO] (Minecraft) [STDOUT]: [Mixin] populateNoise intercepted chunk(11,-28)
[21:17:57] [Worker-Main-1/INFO] (Minecraft) [STDOUT]: [Mixin] populateNoise intercepted chunk(11,-25)
[21:17:57] [Worker-Main-7/INFO] (Minecraft) [STDOUT]: [Mixin] populateNoise intercepted chunk(11,-24)
[21:17:57] [Worker-Main-17/INFO] (Minecraft) [STDOUT]: [Mixin] populateNoise intercepted chunk(11,-23)
[21:17:57] [Worker-Main-19/INFO] (Minecraft) [STDOUT]: [Mixin] populateNoise intercepted chunk(11,-22)
[21:17:57] [Worker-Main-9/INFO] (Minecraft) [STDOUT]: [Mixin] populateNoise intercepted chunk(11,-21)
[21:17:57] [Worker-Main-10/INFO] (Minecraft) [STDOUT]: [Mixin] populateNoise intercepted chunk(11,-20)
[21:17:57] [Worker-Main-22/INFO] (Minecraft) [STDOUT]: [Mixin] populateNoise intercepted chunk(11,-18)
[21:17:57] [Worker-Main-4/INFO] (Minecraft) [STDOUT]: [Mixin] populateNoise intercepted chunk(11,-17)
[21:17:57] [Worker-Main-9/INFO] (Minecraft) [STDOUT]: [Mixin] populateNoise intercepted chunk(11,-16)
[21:17:57] [Worker-Main-7/INFO] (Minecraft) [STDOUT]: [Mixin] populateNoise intercepted chunk(11,-15)
[21:17:57] [Worker-Main-6/INFO] (Minecraft) [STDOUT]: [Mixin] populateNoise intercepted chunk(11,-11)
[21:17:57] [Worker-Main-16/INFO] (Minecraft) [STDOUT]: [Mixin] populateNoise intercepted chunk(11,-10)
[21:17:57] [Worker-Main-5/INFO] (Minecraft) [STDOUT]: [Mixin] populateNoise intercepted chunk(11,-14)
[21:17:57] [Worker-Main-21/INFO] (Minecraft) [STDOUT]: [Mixin] populateNoise intercepted chunk(11,-9)
[21:17:57] [Worker-Main-12/INFO] (Minecraft) [STDOUT]: [Mixin] populateNoise intercepted chunk(11,-8)
[21:17:57] [Worker-Main-20/INFO] (Minecraft) [STDOUT]: [Mixin] populateNoise intercepted chunk(11,-13)
[21:17:57] [Worker-Main-2/INFO] (Minecraft) [STDOUT]: [Mixin] populateNoise intercepted chunk(11,-12)
[21:17:57] [Worker-Main-18/INFO] (Minecraft) [STDOUT]: [Mixin] buildSurface skipped chunk(11,-27)
[21:17:57] [Worker-Main-18/INFO] (Minecraft) [STDOUT]: [Mixin] buildSurface skipped chunk(11,-32)
[21:17:57] [Worker-Main-18/INFO] (Minecraft) [STDOUT]: [Mixin] buildSurface skipped chunk(11,-19)
[21:17:57] [Worker-Main-18/INFO] (Minecraft) [STDOUT]: [Mixin] buildSurface skipped chunk(11,-31)
[21:17:57] [Worker-Main-3/INFO] (Minecraft) [STDOUT]: [Mixin] buildSurface skipped chunk(11,-26)
[21:17:57] [Worker-Main-3/INFO] (Minecraft) [STDOUT]: [Mixin] buildSurface skipped chunk(11,-29)
[21:17:57] [Worker-Main-18/INFO] (Minecraft) [STDOUT]: [Mixin] buildSurface skipped chunk(11,-28)
[21:17:57] [Worker-Main-13/INFO] (Minecraft) [STDOUT]: [Mixin] buildSurface skipped chunk(11,-17)
[21:17:57] [Worker-Main-19/INFO] (Minecraft) [STDOUT]: [Mixin] buildSurface skipped chunk(11,-18)
[21:17:57] [Worker-Main-21/INFO] (Minecraft) [STDOUT]: [Mixin] buildSurface skipped chunk(11,-11)
[21:17:57] [Worker-Main-23/INFO] (Minecraft) [STDOUT]: [Mixin] buildSurface skipped chunk(11,-10)
[21:17:57] [Worker-Main-23/INFO] (Minecraft) [STDOUT]: [Mixin] buildSurface skipped chunk(11,-20)
[21:17:57] [Worker-Main-23/INFO] (Minecraft) [STDOUT]: [Mixin] buildSurface skipped chunk(11,-14)
[21:17:57] [Worker-Main-21/INFO] (Minecraft) [STDOUT]: [Mixin] buildSurface skipped chunk(11,-16)
[21:17:57] [Worker-Main-17/INFO] (Minecraft) [STDOUT]: [Mixin] buildSurface skipped chunk(11,-30)
[21:17:57] [Worker-Main-19/INFO] (Minecraft) [STDOUT]: [Mixin] buildSurface skipped chunk(11,-23)
[21:17:57] [Worker-Main-23/INFO] (Minecraft) [STDOUT]: [Mixin] buildSurface skipped chunk(11,-22)
[21:17:57] [Worker-Main-15/INFO] (Minecraft) [STDOUT]: [Mixin] buildSurface skipped chunk(11,-21)
[21:17:57] [Worker-Main-19/INFO] (Minecraft) [STDOUT]: [Mixin] buildSurface skipped chunk(11,-15)
[21:17:57] [Worker-Main-19/INFO] (Minecraft) [STDOUT]: [Mixin] buildSurface skipped chunk(11,-24)
[21:17:57] [Worker-Main-19/INFO] (Minecraft) [STDOUT]: [Mixin] buildSurface skipped chunk(11,-25)
[21:17:57] [Worker-Main-17/INFO] (Minecraft) [STDOUT]: [Mixin] buildSurface skipped chunk(11,-9)
[21:17:58] [Worker-Main-15/INFO] (Minecraft) [STDOUT]: [Mixin] buildSurface skipped chunk(11,-13)
[21:17:58] [Worker-Main-9/INFO] (Minecraft) [STDOUT]: [Mixin] buildSurface skipped chunk(11,-12)
[21:17:58] [Worker-Main-9/INFO] (Minecraft) [STDOUT]: [Mixin] buildSurface skipped chunk(11,-8)
[21:17:58] [Worker-Main-16/INFO] (Minecraft) [STDOUT]: [Mixin] populateNoise intercepted chunk(11,-7)
[21:17:58] [Worker-Main-4/INFO] (Minecraft) [STDOUT]: [Mixin] populateNoise intercepted chunk(12,-32)
[21:17:58] [Worker-Main-12/INFO] (Minecraft) [STDOUT]: [Mixin] populateNoise intercepted chunk(12,-31)
[21:17:58] [Worker-Main-15/INFO] (Minecraft) [STDOUT]: [Mixin] populateNoise intercepted chunk(12,-33)
[21:17:58] [Worker-Main-21/INFO] (Minecraft) [STDOUT]: [Mixin] populateNoise intercepted chunk(12,-30)
[21:17:58] [Worker-Main-9/INFO] (Minecraft) [STDOUT]: [Mixin] populateNoise intercepted chunk(12,-29)
[21:17:58] [Worker-Main-8/INFO] (Minecraft) [STDOUT]: [Mixin] populateNoise intercepted chunk(12,-28)
[21:17:58] [Worker-Main-8/INFO] (Minecraft) [STDOUT]: [Mixin] populateNoise intercepted chunk(12,-27)
[21:17:58] [Worker-Main-10/INFO] (Minecraft) [STDOUT]: [Mixin] populateNoise intercepted chunk(12,-26)
[21:17:58] [Worker-Main-18/INFO] (Minecraft) [STDOUT]: [Mixin] populateNoise intercepted chunk(12,-25)
[21:17:58] [Worker-Main-22/INFO] (Minecraft) [STDOUT]: [Mixin] populateNoise intercepted chunk(12,-24)
[21:17:58] [Worker-Main-23/INFO] (Minecraft) [STDOUT]: [Mixin] populateNoise intercepted chunk(12,-34)
[21:17:58] [Worker-Main-3/INFO] (Minecraft) [STDOUT]: [Mixin] populateNoise intercepted chunk(12,-10)
[21:17:58] [Worker-Main-17/INFO] (Minecraft) [STDOUT]: [Mixin] populateNoise intercepted chunk(12,-9)
[21:17:58] [Worker-Main-14/INFO] (Minecraft) [STDOUT]: [Mixin] populateNoise intercepted chunk(12,-8)
[21:17:58] [Worker-Main-6/INFO] (Minecraft) [STDOUT]: [Mixin] populateNoise intercepted chunk(12,-20)
[21:17:58] [Worker-Main-20/INFO] (Minecraft) [STDOUT]: [Mixin] populateNoise intercepted chunk(12,-23)
[21:17:58] [Worker-Main-5/INFO] (Minecraft) [STDOUT]: [Mixin] populateNoise intercepted chunk(12,-22)
[21:17:58] [Worker-Main-1/INFO] (Minecraft) [STDOUT]: [Mixin] populateNoise intercepted chunk(12,-21)
[21:17:58] [Worker-Main-7/INFO] (Minecraft) [STDOUT]: [Mixin] populateNoise intercepted chunk(12,-19)
[21:17:58] [Worker-Main-2/INFO] (Minecraft) [STDOUT]: [Mixin] populateNoise intercepted chunk(12,-7)
[21:17:58] [Worker-Main-2/INFO] (Minecraft) [STDOUT]: [Mixin] populateNoise intercepted chunk(12,-18)
[21:17:58] [Worker-Main-13/INFO] (Minecraft) [STDOUT]: [Mixin] populateNoise intercepted chunk(12,-17)
[21:17:58] [Worker-Main-16/INFO] (Minecraft) [STDOUT]: [Mixin] populateNoise intercepted chunk(12,-16)
[21:17:58] [Worker-Main-9/INFO] (Minecraft) [STDOUT]: [Mixin] populateNoise intercepted chunk(12,-15)
[21:17:58] [Worker-Main-8/INFO] (Minecraft) [STDOUT]: [Mixin] buildSurface skipped chunk(11,-7)
[21:17:58] [Worker-Main-8/INFO] (Minecraft) [STDOUT]: [Mixin] buildSurface skipped chunk(12,-29)
[21:17:58] [Worker-Main-8/INFO] (Minecraft) [STDOUT]: [Mixin] buildSurface skipped chunk(12,-27)
[21:17:58] [Worker-Main-7/INFO] (Minecraft) [STDOUT]: [Mixin] buildSurface skipped chunk(12,-32)
[21:17:58] [Worker-Main-21/INFO] (Minecraft) [STDOUT]: [Mixin] buildSurface skipped chunk(12,-33)
[21:17:58] [Worker-Main-20/INFO] (Minecraft) [STDOUT]: [Mixin] buildSurface skipped chunk(12,-28)
[21:17:58] [Worker-Main-21/INFO] (Minecraft) [STDOUT]: [Mixin] buildSurface skipped chunk(12,-31)
[21:17:58] [Worker-Main-21/INFO] (Minecraft) [STDOUT]: [Mixin] buildSurface skipped chunk(12,-25)
[21:17:58] [Worker-Main-11/INFO] (Minecraft) [STDOUT]: [Mixin] buildSurface skipped chunk(12,-20)
[21:17:58] [Worker-Main-11/INFO] (Minecraft) [STDOUT]: [Mixin] buildSurface skipped chunk(12,-24)
[21:17:58] [Worker-Main-21/INFO] (Minecraft) [STDOUT]: [Mixin] buildSurface skipped chunk(12,-30)
[21:17:58] [Worker-Main-11/INFO] (Minecraft) [STDOUT]: [Mixin] buildSurface skipped chunk(12,-18)
[21:17:58] [Worker-Main-11/INFO] (Minecraft) [STDOUT]: [Mixin] buildSurface skipped chunk(12,-26)
[21:17:58] [Worker-Main-7/INFO] (Minecraft) [STDOUT]: [Mixin] buildSurface skipped chunk(12,-19)
[21:17:58] [Worker-Main-20/INFO] (Minecraft) [STDOUT]: [Mixin] buildSurface skipped chunk(12,-23)
[21:17:58] [Worker-Main-20/INFO] (Minecraft) [STDOUT]: [Mixin] buildSurface skipped chunk(12,-22)
[21:17:58] [Worker-Main-21/INFO] (Minecraft) [STDOUT]: [Mixin] buildSurface skipped chunk(12,-21)
[21:17:58] [Worker-Main-9/INFO] (Minecraft) [STDOUT]: [Mixin] buildSurface skipped chunk(12,-17)
[21:17:58] [Worker-Main-9/INFO] (Minecraft) [STDOUT]: [Mixin] populateNoise intercepted chunk(12,-14)
[21:17:58] [Worker-Main-23/INFO] (Minecraft) [STDOUT]: [Mixin] populateNoise intercepted chunk(12,-13)
[21:17:58] [Worker-Main-16/INFO] (Minecraft) [STDOUT]: [Mixin] populateNoise intercepted chunk(12,-12)
[21:17:58] [Worker-Main-1/INFO] (Minecraft) [STDOUT]: [Mixin] populateNoise intercepted chunk(12,-11)
[21:17:58] [Worker-Main-7/INFO] (Minecraft) [STDOUT]: [Mixin] buildSurface skipped chunk(12,-10)
[21:17:58] [Worker-Main-7/INFO] (Minecraft) [STDOUT]: [Mixin] buildSurface skipped chunk(12,-16)
[21:17:58] [Worker-Main-7/INFO] (Minecraft) [STDOUT]: [Mixin] buildSurface skipped chunk(12,-15)
[21:17:58] [Worker-Main-14/INFO] (Minecraft) [STDOUT]: [Mixin] buildSurface skipped chunk(12,-9)
[21:17:58] [Worker-Main-13/INFO] (Minecraft) [STDOUT]: [Mixin] buildSurface skipped chunk(12,-8)
[21:17:58] [Worker-Main-14/INFO] (Minecraft) [STDOUT]: [Mixin] buildSurface skipped chunk(12,-7)
[21:17:58] [Worker-Main-15/INFO] (Minecraft) [STDOUT]: [Mixin] buildSurface skipped chunk(12,-34)
[21:17:58] [Worker-Main-19/INFO] (Minecraft) [STDOUT]: [Mixin] populateNoise intercepted chunk(13,-31)
[21:17:58] [Worker-Main-22/INFO] (Minecraft) [STDOUT]: [Mixin] populateNoise intercepted chunk(13,-30)
[21:17:58] [Worker-Main-11/INFO] (Minecraft) [STDOUT]: [Mixin] populateNoise intercepted chunk(13,-32)
[21:17:58] [Worker-Main-10/INFO] (Minecraft) [STDOUT]: [Mixin] populateNoise intercepted chunk(13,-33)
[21:17:58] [Worker-Main-15/INFO] (Minecraft) [STDOUT]: [Mixin] populateNoise intercepted chunk(13,-29)
[21:17:58] [Worker-Main-2/INFO] (Minecraft) [STDOUT]: [Mixin] populateNoise intercepted chunk(13,-28)
[21:17:58] [Worker-Main-12/INFO] (Minecraft) [STDOUT]: [Mixin] populateNoise intercepted chunk(13,-27)
[21:17:58] [Worker-Main-4/INFO] (Minecraft) [STDOUT]: [Mixin] populateNoise intercepted chunk(13,-26)
[21:17:58] [Worker-Main-20/INFO] (Minecraft) [STDOUT]: [Mixin] populateNoise intercepted chunk(13,-25)
[21:17:58] [Worker-Main-7/INFO] (Minecraft) [STDOUT]: [Mixin] populateNoise intercepted chunk(13,-24)
[21:17:58] [Worker-Main-3/INFO] (Minecraft) [STDOUT]: [Mixin] populateNoise intercepted chunk(13,-23)
[21:17:58] [Worker-Main-13/INFO] (Minecraft) [STDOUT]: [Mixin] populateNoise intercepted chunk(13,-22)
[21:17:58] [Worker-Main-8/INFO] (Minecraft) [STDOUT]: [Mixin] populateNoise intercepted chunk(13,-7)
[21:17:58] [Worker-Main-14/INFO] (Minecraft) [STDOUT]: [Mixin] populateNoise intercepted chunk(13,-9)
[21:17:58] [Worker-Main-18/INFO] (Minecraft) [STDOUT]: [Mixin] populateNoise intercepted chunk(13,-8)
[21:17:58] [Worker-Main-5/INFO] (Minecraft) [STDOUT]: [Mixin] populateNoise intercepted chunk(13,-11)
[21:17:58] [Worker-Main-17/INFO] (Minecraft) [STDOUT]: [Mixin] populateNoise intercepted chunk(13,-21)
[21:17:58] [Worker-Main-6/INFO] (Minecraft) [STDOUT]: [Mixin] populateNoise intercepted chunk(13,-20)
[21:17:58] [Worker-Main-21/INFO] (Minecraft) [STDOUT]: [Mixin] populateNoise intercepted chunk(13,-19)
[21:17:58] [Worker-Main-9/INFO] (Minecraft) [STDOUT]: [Mixin] buildSurface skipped chunk(12,-14)
[21:17:58] [Worker-Main-9/INFO] (Minecraft) [STDOUT]: [Mixin] buildSurface skipped chunk(12,-13)
[21:17:58] [Worker-Main-9/INFO] (Minecraft) [STDOUT]: [Mixin] buildSurface skipped chunk(12,-11)
[21:17:58] [Worker-Main-9/INFO] (Minecraft) [STDOUT]: [Mixin] buildSurface skipped chunk(12,-12)
[21:17:58] [Worker-Main-23/INFO] (Minecraft) [STDOUT]: [Mixin] populateNoise intercepted chunk(13,-10)
[21:17:58] [Worker-Main-1/INFO] (Minecraft) [STDOUT]: [Mixin] populateNoise intercepted chunk(13,-18)
[21:17:58] [Worker-Main-9/INFO] (Minecraft) [STDOUT]: [Mixin] populateNoise intercepted chunk(13,-17)
[21:17:58] [Worker-Main-16/INFO] (Minecraft) [STDOUT]: [Mixin] populateNoise intercepted chunk(13,-16)
[21:17:58] [Worker-Main-12/INFO] (Minecraft) [STDOUT]: [Mixin] buildSurface skipped chunk(13,-27)
[21:17:58] [Worker-Main-12/INFO] (Minecraft) [STDOUT]: [Mixin] buildSurface skipped chunk(13,-31)
[21:17:58] [Worker-Main-12/INFO] (Minecraft) [STDOUT]: [Mixin] buildSurface skipped chunk(13,-33)
[21:17:58] [Worker-Main-2/INFO] (Minecraft) [STDOUT]: [Mixin] buildSurface skipped chunk(13,-32)
[21:17:58] [Worker-Main-5/INFO] (Minecraft) [STDOUT]: [Mixin] buildSurface skipped chunk(13,-28)
[21:17:58] [Worker-Main-17/INFO] (Minecraft) [STDOUT]: [Mixin] buildSurface skipped chunk(13,-22)
[21:17:58] [Worker-Main-17/INFO] (Minecraft) [STDOUT]: [Mixin] buildSurface skipped chunk(13,-26)
[21:17:58] [Worker-Main-17/INFO] (Minecraft) [STDOUT]: [Mixin] buildSurface skipped chunk(13,-25)
[21:17:58] [Worker-Main-17/INFO] (Minecraft) [STDOUT]: [Mixin] buildSurface skipped chunk(13,-23)
[21:17:58] [Worker-Main-21/INFO] (Minecraft) [STDOUT]: [Mixin] buildSurface skipped chunk(13,-30)
[21:17:58] [Worker-Main-3/INFO] (Minecraft) [STDOUT]: [Mixin] buildSurface skipped chunk(13,-29)
[21:17:58] [Worker-Main-7/INFO] (Minecraft) [STDOUT]: [Mixin] buildSurface skipped chunk(13,-24)
[21:17:58] [Worker-Main-3/INFO] (Minecraft) [STDOUT]: [Mixin] buildSurface skipped chunk(13,-21)
[21:17:58] [Worker-Main-17/INFO] (Minecraft) [STDOUT]: [Mixin] buildSurface skipped chunk(13,-20)
[21:17:58] [Worker-Main-17/INFO] (Minecraft) [STDOUT]: [Mixin] buildSurface skipped chunk(13,-19)
[21:17:58] [Worker-Main-4/INFO] (Minecraft) [STDOUT]: [Mixin] populateNoise intercepted chunk(13,-12)
[21:17:58] [Worker-Main-4/INFO] (Minecraft) [STDOUT]: [Mixin] buildSurface skipped chunk(13,-11)
[21:17:58] [Worker-Main-8/INFO] (Minecraft) [STDOUT]: [Mixin] buildSurface skipped chunk(13,-10)
[21:17:58] [Worker-Main-4/INFO] (Minecraft) [STDOUT]: [Mixin] buildSurface skipped chunk(13,-18)
[21:17:58] [Worker-Main-8/INFO] (Minecraft) [STDOUT]: [Mixin] buildSurface skipped chunk(13,-17)
[21:17:58] [Worker-Main-4/INFO] (Minecraft) [STDOUT]: [Mixin] buildSurface skipped chunk(13,-9)
[21:17:58] [Worker-Main-1/INFO] (Minecraft) [STDOUT]: [Mixin] buildSurface skipped chunk(13,-8)
[21:17:58] [Worker-Main-8/INFO] (Minecraft) [STDOUT]: [Mixin] buildSurface skipped chunk(13,-7)
[21:17:58] [Worker-Main-1/INFO] (Minecraft) [STDOUT]: [Mixin] buildSurface skipped chunk(13,-16)
[21:17:58] [Worker-Main-20/INFO] (Minecraft) [STDOUT]: [Mixin] populateNoise intercepted chunk(13,-15)
[21:17:58] [Worker-Main-4/INFO] (Minecraft) [STDOUT]: [Mixin] populateNoise intercepted chunk(13,-14)
[21:17:58] [Worker-Main-1/INFO] (Minecraft) [STDOUT]: [Mixin] populateNoise intercepted chunk(13,-13)
[21:17:58] [Worker-Main-21/INFO] (Minecraft) [STDOUT]: [Mixin] populateNoise intercepted chunk(14,-31)
[21:17:58] [Worker-Main-12/INFO] (Minecraft) [STDOUT]: [Mixin] populateNoise intercepted chunk(14,-30)
[21:17:58] [Worker-Main-3/INFO] (Minecraft) [STDOUT]: [Mixin] populateNoise intercepted chunk(14,-29)
[21:17:58] [Worker-Main-6/INFO] (Minecraft) [STDOUT]: [Mixin] populateNoise intercepted chunk(14,-26)
[21:17:58] [Worker-Main-6/INFO] (Minecraft) [STDOUT]: [Mixin] populateNoise intercepted chunk(14,-28)
[21:17:58] [Worker-Main-15/INFO] (Minecraft) [STDOUT]: [Mixin] populateNoise intercepted chunk(14,-27)
[21:17:58] [Worker-Main-8/INFO] (Minecraft) [STDOUT]: [Mixin] populateNoise intercepted chunk(14,-33)
[21:17:58] [Worker-Main-2/INFO] (Minecraft) [STDOUT]: [Mixin] populateNoise intercepted chunk(14,-32)
[21:17:58] [Worker-Main-5/INFO] (Minecraft) [STDOUT]: [Mixin] populateNoise intercepted chunk(14,-25)
[21:17:58] [Worker-Main-11/INFO] (Minecraft) [STDOUT]: [Mixin] populateNoise intercepted chunk(14,-12)
[21:17:58] [Worker-Main-17/INFO] (Minecraft) [STDOUT]: [Mixin] populateNoise intercepted chunk(14,-11)
[21:17:58] [Worker-Main-7/INFO] (Minecraft) [STDOUT]: [Mixin] populateNoise intercepted chunk(14,-10)
[21:17:58] [Worker-Main-16/INFO] (Minecraft) [STDOUT]: [Mixin] populateNoise intercepted chunk(14,-9)
[21:17:58] [Worker-Main-22/INFO] (Minecraft) [STDOUT]: [Mixin] populateNoise intercepted chunk(14,-24)
[21:17:58] [Worker-Main-23/INFO] (Minecraft) [STDOUT]: [Mixin] populateNoise intercepted chunk(14,-8)
[21:17:58] [Worker-Main-10/INFO] (Minecraft) [STDOUT]: [Mixin] populateNoise intercepted chunk(14,-23)
[21:17:58] [Worker-Main-14/INFO] (Minecraft) [STDOUT]: [Mixin] populateNoise intercepted chunk(14,-22)
[21:17:58] [Worker-Main-9/INFO] (Minecraft) [STDOUT]: [Mixin] populateNoise intercepted chunk(14,-21)
[21:17:58] [Worker-Main-18/INFO] (Minecraft) [STDOUT]: [Mixin] populateNoise intercepted chunk(14,-20)
[21:17:58] [Worker-Main-19/INFO] (Minecraft) [STDOUT]: [Mixin] populateNoise intercepted chunk(14,-19)
[21:17:58] [Worker-Main-4/INFO] (Minecraft) [STDOUT]: [Mixin] buildSurface skipped chunk(13,-12)
[21:17:58] [Worker-Main-4/INFO] (Minecraft) [STDOUT]: [Mixin] buildSurface skipped chunk(13,-14)
[21:17:58] [Worker-Main-20/INFO] (Minecraft) [STDOUT]: [Mixin] buildSurface skipped chunk(13,-15)
[21:17:58] [Worker-Main-17/INFO] (Minecraft) [STDOUT]: [Mixin] buildSurface skipped chunk(13,-13)
[21:17:58] [Worker-Main-21/INFO] (Minecraft) [STDOUT]: [Mixin] buildSurface skipped chunk(14,-31)
[21:17:58] [Worker-Main-21/INFO] (Minecraft) [STDOUT]: [Mixin] buildSurface skipped chunk(14,-20)
[21:17:58] [Worker-Main-23/INFO] (Minecraft) [STDOUT]: [Mixin] buildSurface skipped chunk(14,-27)
[21:17:58] [Worker-Main-14/INFO] (Minecraft) [STDOUT]: [Mixin] buildSurface skipped chunk(14,-29)
[21:17:58] [Worker-Main-14/INFO] (Minecraft) [STDOUT]: [Mixin] buildSurface skipped chunk(14,-28)
[21:17:58] [Worker-Main-8/INFO] (Minecraft) [STDOUT]: [Mixin] buildSurface skipped chunk(14,-30)
[21:17:58] [Worker-Main-7/INFO] (Minecraft) [STDOUT]: [Mixin] buildSurface skipped chunk(14,-25)
[21:17:58] [Worker-Main-7/INFO] (Minecraft) [STDOUT]: [Mixin] buildSurface skipped chunk(14,-32)
[21:17:58] [Worker-Main-7/INFO] (Minecraft) [STDOUT]: [Mixin] populateNoise intercepted chunk(14,-18)
[21:17:58] [Worker-Main-8/INFO] (Minecraft) [STDOUT]: [Mixin] buildSurface skipped chunk(14,-33)
[21:17:58] [Worker-Main-8/INFO] (Minecraft) [STDOUT]: [Mixin] buildSurface skipped chunk(14,-26)
[21:17:58] [Worker-Main-14/INFO] (Minecraft) [STDOUT]: [Mixin] buildSurface skipped chunk(14,-24)
[21:17:58] [Worker-Main-23/INFO] (Minecraft) [STDOUT]: [Mixin] populateNoise intercepted chunk(14,-17)
[21:17:58] [Worker-Main-8/INFO] (Minecraft) [STDOUT]: [Mixin] populateNoise intercepted chunk(14,-16)
[21:17:58] [Worker-Main-14/INFO] (Minecraft) [STDOUT]: [Mixin] buildSurface skipped chunk(14,-22)
[21:17:58] [Worker-Main-14/INFO] (Minecraft) [STDOUT]: [Mixin] buildSurface skipped chunk(14,-23)
[21:17:58] [Worker-Main-5/INFO] (Minecraft) [STDOUT]: [Mixin] buildSurface skipped chunk(14,-21)
[21:17:58] [Worker-Main-5/INFO] (Minecraft) [STDOUT]: [Mixin] populateNoise intercepted chunk(14,-15)
[21:17:58] [Worker-Main-17/INFO] (Minecraft) [STDOUT]: [Mixin] populateNoise intercepted chunk(14,-14)
[21:17:58] [Worker-Main-22/INFO] (Minecraft) [STDOUT]: [Mixin] populateNoise intercepted chunk(14,-13)
[21:17:58] [Worker-Main-16/INFO] (Minecraft) [STDOUT]: [Mixin] buildSurface skipped chunk(14,-12)
[21:17:58] [Worker-Main-9/INFO] (Minecraft) [STDOUT]: [Mixin] buildSurface skipped chunk(14,-11)
[21:17:58] [Worker-Main-16/INFO] (Minecraft) [STDOUT]: [Mixin] buildSurface skipped chunk(14,-19)
[21:17:58] [Worker-Main-14/INFO] (Minecraft) [STDOUT]: [Mixin] buildSurface skipped chunk(14,-10)
[21:17:58] [Worker-Main-16/INFO] (Minecraft) [STDOUT]: [Mixin] buildSurface skipped chunk(14,-9)
[21:17:58] [Worker-Main-14/INFO] (Minecraft) [STDOUT]: [Mixin] buildSurface skipped chunk(14,-8)
[21:17:58] [Worker-Main-21/INFO] (Minecraft) [STDOUT]: [Mixin] populateNoise intercepted chunk(14,-7)
[21:17:58] [Worker-Main-19/INFO] (Minecraft) [STDOUT]: [Mixin] buildSurface skipped chunk(14,-18)
[21:17:58] [Worker-Main-7/INFO] (Minecraft) [STDOUT]: [Mixin] buildSurface skipped chunk(14,-17)
[21:17:58] [Worker-Main-19/INFO] (Minecraft) [STDOUT]: [Mixin] buildSurface skipped chunk(14,-16)
[21:17:58] [Worker-Main-14/INFO] (Minecraft) [STDOUT]: [Mixin] populateNoise intercepted chunk(15,-32)
[21:17:58] [Worker-Main-9/INFO] (Minecraft) [STDOUT]: [Mixin] populateNoise intercepted chunk(15,-31)
[21:17:58] [Worker-Main-3/INFO] (Minecraft) [STDOUT]: [Mixin] populateNoise intercepted chunk(15,-33)
[21:17:58] [Worker-Main-8/INFO] (Minecraft) [STDOUT]: [Mixin] populateNoise intercepted chunk(15,-30)
[21:17:58] [Worker-Main-18/INFO] (Minecraft) [STDOUT]: [Mixin] populateNoise intercepted chunk(15,-29)
[21:17:58] [Worker-Main-23/INFO] (Minecraft) [STDOUT]: [Mixin] populateNoise intercepted chunk(15,-28)
[21:17:58] [Worker-Main-2/INFO] (Minecraft) [STDOUT]: [Mixin] populateNoise intercepted chunk(15,-27)
[21:17:58] [Worker-Main-7/INFO] (Minecraft) [STDOUT]: [Mixin] populateNoise intercepted chunk(15,-26)
[21:17:58] [Worker-Main-1/INFO] (Minecraft) [STDOUT]: [Mixin] populateNoise intercepted chunk(15,-25)
[21:17:58] [Worker-Main-12/INFO] (Minecraft) [STDOUT]: [Mixin] populateNoise intercepted chunk(15,-14)
[21:17:58] [Worker-Main-6/INFO] (Minecraft) [STDOUT]: [Mixin] populateNoise intercepted chunk(15,-10)
[21:17:58] [Worker-Main-20/INFO] (Minecraft) [STDOUT]: [Mixin] populateNoise intercepted chunk(15,-9)
[21:17:58] [Worker-Main-15/INFO] (Minecraft) [STDOUT]: [Mixin] populateNoise intercepted chunk(15,-8)
[21:17:58] [Worker-Main-13/INFO] (Minecraft) [STDOUT]: [Mixin] populateNoise intercepted chunk(15,-7)
[21:17:58] [Worker-Main-19/INFO] (Minecraft) [STDOUT]: [Mixin] populateNoise intercepted chunk(15,-13)
[21:17:58] [Worker-Main-10/INFO] (Minecraft) [STDOUT]: [Mixin] populateNoise intercepted chunk(15,-12)
[21:17:58] [Worker-Main-3/INFO] (Minecraft) [STDOUT]: [Mixin] populateNoise intercepted chunk(15,-24)
[21:17:58] [Worker-Main-11/INFO] (Minecraft) [STDOUT]: [Mixin] populateNoise intercepted chunk(15,-11)
[21:17:58] [Worker-Main-4/INFO] (Minecraft) [STDOUT]: [Mixin] populateNoise intercepted chunk(15,-15)
[21:17:58] [Worker-Main-22/INFO] (Minecraft) [STDOUT]: [Mixin] buildSurface skipped chunk(14,-13)
[21:17:58] [Worker-Main-17/INFO] (Minecraft) [STDOUT]: [Mixin] buildSurface skipped chunk(14,-15)
[21:17:58] [Worker-Main-5/INFO] (Minecraft) [STDOUT]: [Mixin] buildSurface skipped chunk(14,-14)
[21:17:58] [Worker-Main-17/INFO] (Minecraft) [STDOUT]: [Mixin] populateNoise intercepted chunk(15,-16)
[21:17:58] [Worker-Main-5/INFO] (Minecraft) [STDOUT]: [Mixin] populateNoise intercepted chunk(15,-17)
[21:17:58] [Worker-Main-22/INFO] (Minecraft) [STDOUT]: [Mixin] populateNoise intercepted chunk(15,-19)
[21:17:58] [Worker-Main-21/INFO] (Minecraft) [STDOUT]: [Mixin] buildSurface skipped chunk(14,-7)
[21:17:58] [Worker-Main-21/INFO] (Minecraft) [STDOUT]: [Mixin] populateNoise intercepted chunk(15,-18)
[21:17:58] [Worker-Main-9/INFO] (Minecraft) [STDOUT]: [Mixin] buildSurface skipped chunk(15,-31)
[21:17:58] [Worker-Main-12/INFO] (Minecraft) [STDOUT]: [Mixin] buildSurface skipped chunk(15,-30)
[21:17:58] [Worker-Main-1/INFO] (Minecraft) [STDOUT]: [Mixin] buildSurface skipped chunk(15,-25)
[21:17:58] [Worker-Main-1/INFO] (Minecraft) [STDOUT]: [Mixin] buildSurface skipped chunk(15,-14)
[21:17:58] [Worker-Main-1/INFO] (Minecraft) [STDOUT]: [Mixin] populateNoise intercepted chunk(15,-23)
[21:17:58] [Worker-Main-9/INFO] (Minecraft) [STDOUT]: [Mixin] buildSurface skipped chunk(15,-9)
[21:17:58] [Worker-Main-9/INFO] (Minecraft) [STDOUT]: [Mixin] buildSurface skipped chunk(15,-29)
[21:17:58] [Worker-Main-9/INFO] (Minecraft) [STDOUT]: [Mixin] buildSurface skipped chunk(15,-28)
[21:17:58] [Worker-Main-9/INFO] (Minecraft) [STDOUT]: [Mixin] buildSurface skipped chunk(15,-24)
[21:17:58] [Worker-Main-3/INFO] (Minecraft) [STDOUT]: [Mixin] populateNoise intercepted chunk(15,-22)
[21:17:58] [Worker-Main-12/INFO] (Minecraft) [STDOUT]: [Mixin] populateNoise intercepted chunk(15,-21)
[21:17:58] [Worker-Main-13/INFO] (Minecraft) [STDOUT]: [Mixin] populateNoise intercepted chunk(15,-20)
[21:17:58] [Worker-Main-9/INFO] (Minecraft) [STDOUT]: [Mixin] buildSurface skipped chunk(15,-27)
[21:17:58] [Worker-Main-10/INFO] (Minecraft) [STDOUT]: [Mixin] buildSurface skipped chunk(15,-33)
[21:17:58] [Worker-Main-10/INFO] (Minecraft) [STDOUT]: [Mixin] buildSurface skipped chunk(15,-26)
[21:17:58] [Worker-Main-19/INFO] (Minecraft) [STDOUT]: [Mixin] buildSurface skipped chunk(15,-32)
[21:17:58] [Worker-Main-2/INFO] (Minecraft) [STDOUT]: [Mixin] buildSurface skipped chunk(15,-15)
[21:17:58] [Worker-Main-5/INFO] (Minecraft) [STDOUT]: [Mixin] buildSurface skipped chunk(15,-13)
[21:17:58] [Worker-Main-5/INFO] (Minecraft) [STDOUT]: [Mixin] buildSurface skipped chunk(15,-12)
[21:17:58] [Worker-Main-5/INFO] (Minecraft) [STDOUT]: [Mixin] buildSurface skipped chunk(15,-11)
[21:17:58] [Worker-Main-5/INFO] (Minecraft) [STDOUT]: [Mixin] buildSurface skipped chunk(15,-16)
[21:17:58] [Worker-Main-8/INFO] (Minecraft) [STDOUT]: [Mixin] buildSurface skipped chunk(15,-17)
[21:17:58] [Worker-Main-5/INFO] (Minecraft) [STDOUT]: [Mixin] buildSurface skipped chunk(15,-19)
[21:17:58] [Worker-Main-22/INFO] (Minecraft) [STDOUT]: [Mixin] buildSurface skipped chunk(15,-18)
[21:17:58] [Worker-Main-1/INFO] (Minecraft) [STDOUT]: [Mixin] buildSurface skipped chunk(15,-10)
[21:17:58] [Worker-Main-22/INFO] (Minecraft) [STDOUT]: [Mixin] buildSurface skipped chunk(15,-8)
[21:17:58] [Worker-Main-22/INFO] (Minecraft) [STDOUT]: [Mixin] buildSurface skipped chunk(15,-23)
[21:17:58] [Worker-Main-22/INFO] (Minecraft) [STDOUT]: [Mixin] buildSurface skipped chunk(15,-7)
[21:17:58] [Worker-Main-12/INFO] (Minecraft) [STDOUT]: [Mixin] buildSurface skipped chunk(15,-20)
[21:17:58] [Worker-Main-2/INFO] (Minecraft) [STDOUT]: [Mixin] buildSurface skipped chunk(15,-22)
[21:17:58] [Worker-Main-2/INFO] (Minecraft) [STDOUT]: [Mixin] buildSurface skipped chunk(15,-21)
[21:17:58] [Worker-Main-1/INFO] (Minecraft) [STDOUT]: [Mixin] populateNoise intercepted chunk(16,-32)
[21:17:58] [Worker-Main-20/INFO] (Minecraft) [STDOUT]: [Mixin] populateNoise intercepted chunk(16,-31)
[21:17:58] [Worker-Main-13/INFO] (Minecraft) [STDOUT]: [Mixin] populateNoise intercepted chunk(16,-33)
[21:17:58] [Worker-Main-12/INFO] (Minecraft) [STDOUT]: [Mixin] populateNoise intercepted chunk(16,-30)
[21:17:58] [Worker-Main-21/INFO] (Minecraft) [STDOUT]: [Mixin] populateNoise intercepted chunk(16,-29)
[21:17:58] [Worker-Main-22/INFO] (Minecraft) [STDOUT]: [Mixin] populateNoise intercepted chunk(16,-28)
[21:17:58] [Worker-Main-5/INFO] (Minecraft) [STDOUT]: [Mixin] populateNoise intercepted chunk(16,-27)
[21:17:58] [Worker-Main-15/INFO] (Minecraft) [STDOUT]: [Mixin] populateNoise intercepted chunk(16,-26)
[21:17:58] [Worker-Main-2/INFO] (Minecraft) [STDOUT]: [Mixin] populateNoise intercepted chunk(16,-19)
[21:17:58] [Worker-Main-9/INFO] (Minecraft) [STDOUT]: [Mixin] populateNoise intercepted chunk(16,-20)
[21:17:58] [Worker-Main-11/INFO] (Minecraft) [STDOUT]: [Mixin] populateNoise intercepted chunk(16,-18)
[21:17:58] [Worker-Main-3/INFO] (Minecraft) [STDOUT]: [Mixin] populateNoise intercepted chunk(16,-22)
[21:17:58] [Worker-Main-14/INFO] (Minecraft) [STDOUT]: [Mixin] populateNoise intercepted chunk(16,-21)
[21:17:58] [Worker-Main-23/INFO] (Minecraft) [STDOUT]: [Mixin] populateNoise intercepted chunk(16,-25)
[21:17:58] [Worker-Main-18/INFO] (Minecraft) [STDOUT]: [Mixin] populateNoise intercepted chunk(16,-24)
[21:17:58] [Worker-Main-4/INFO] (Minecraft) [STDOUT]: [Mixin] populateNoise intercepted chunk(16,-23)
[21:17:58] [Worker-Main-7/INFO] (Minecraft) [STDOUT]: [Mixin] populateNoise intercepted chunk(16,-8)
[21:17:58] [Worker-Main-8/INFO] (Minecraft) [STDOUT]: [Mixin] populateNoise intercepted chunk(16,-7)
[21:17:58] [Worker-Main-19/INFO] (Minecraft) [STDOUT]: [Mixin] populateNoise intercepted chunk(16,-9)
[21:17:58] [Worker-Main-16/INFO] (Minecraft) [STDOUT]: [Mixin] populateNoise intercepted chunk(16,-10)
[21:17:58] [Worker-Main-6/INFO] (Minecraft) [STDOUT]: [Mixin] populateNoise intercepted chunk(16,-13)
[21:17:58] [Worker-Main-10/INFO] (Minecraft) [STDOUT]: [Mixin] populateNoise intercepted chunk(16,-17)
[21:17:58] [Worker-Main-17/INFO] (Minecraft) [STDOUT]: [Mixin] populateNoise intercepted chunk(16,-16)
[21:17:58] [Worker-Main-20/INFO] (Minecraft) [STDOUT]: [Mixin] populateNoise intercepted chunk(16,-15)
[21:17:58] [Worker-Main-1/INFO] (Minecraft) [STDOUT]: [Mixin] populateNoise intercepted chunk(16,-14)
[21:17:58] [Worker-Main-15/INFO] (Minecraft) [STDOUT]: [Mixin] buildSurface skipped chunk(16,-31)
[21:17:58] [Worker-Main-15/INFO] (Minecraft) [STDOUT]: [Mixin] buildSurface skipped chunk(16,-32)
[21:17:58] [Worker-Main-15/INFO] (Minecraft) [STDOUT]: [Mixin] buildSurface skipped chunk(16,-26)
[21:17:58] [Worker-Main-13/INFO] (Minecraft) [STDOUT]: [Mixin] buildSurface skipped chunk(16,-33)
[21:17:58] [Worker-Main-4/INFO] (Minecraft) [STDOUT]: [Mixin] buildSurface skipped chunk(16,-23)
[21:17:58] [Worker-Main-13/INFO] (Minecraft) [STDOUT]: [Mixin] buildSurface skipped chunk(16,-20)
[21:17:58] [Worker-Main-11/INFO] (Minecraft) [STDOUT]: [Mixin] buildSurface skipped chunk(16,-18)
[21:17:58] [Worker-Main-21/INFO] (Minecraft) [STDOUT]: [Mixin] buildSurface skipped chunk(16,-21)
[21:17:58] [Worker-Main-5/INFO] (Minecraft) [STDOUT]: [Mixin] buildSurface skipped chunk(16,-27)
[21:17:58] [Worker-Main-5/INFO] (Minecraft) [STDOUT]: [Mixin] buildSurface skipped chunk(16,-19)
[21:17:58] [Worker-Main-14/INFO] (Minecraft) [STDOUT]: [Mixin] buildSurface skipped chunk(16,-29)
[21:17:58] [Worker-Main-14/INFO] (Minecraft) [STDOUT]: [Mixin] buildSurface skipped chunk(16,-24)
[21:17:58] [Worker-Main-3/INFO] (Minecraft) [STDOUT]: [Mixin] buildSurface skipped chunk(16,-30)
[21:17:58] [Worker-Main-18/INFO] (Minecraft) [STDOUT]: [Mixin] buildSurface skipped chunk(16,-22)
[21:17:58] [Worker-Main-18/INFO] (Minecraft) [STDOUT]: [Mixin] buildSurface skipped chunk(16,-25)
[21:17:58] [Worker-Main-23/INFO] (Minecraft) [STDOUT]: [Mixin] buildSurface skipped chunk(16,-13)
[21:17:58] [Worker-Main-18/INFO] (Minecraft) [STDOUT]: [Mixin] buildSurface skipped chunk(16,-28)
[21:17:58] [Worker-Main-18/INFO] (Minecraft) [STDOUT]: [Mixin] buildSurface skipped chunk(16,-17)
[21:17:58] [Worker-Main-6/INFO] (Minecraft) [STDOUT]: [Mixin] buildSurface skipped chunk(16,-16)
[21:17:58] [Worker-Main-8/INFO] (Minecraft) [STDOUT]: [Mixin] populateNoise intercepted chunk(16,-12)
[21:17:59] [Worker-Main-20/INFO] (Minecraft) [STDOUT]: [Mixin] populateNoise intercepted chunk(16,-11)
[21:17:59] [Worker-Main-18/INFO] (Minecraft) [STDOUT]: [Mixin] buildSurface skipped chunk(16,-10)
[21:17:59] [Worker-Main-22/INFO] (Minecraft) [STDOUT]: [Mixin] buildSurface skipped chunk(16,-9)
[21:17:59] [Worker-Main-22/INFO] (Minecraft) [STDOUT]: [Mixin] buildSurface skipped chunk(16,-14)
[21:17:59] [Worker-Main-18/INFO] (Minecraft) [STDOUT]: [Mixin] buildSurface skipped chunk(16,-15)
[21:17:59] [Worker-Main-1/INFO] (Minecraft) [STDOUT]: [Mixin] buildSurface skipped chunk(16,-8)
[21:17:59] [Worker-Main-19/INFO] (Minecraft) [STDOUT]: [Mixin] buildSurface skipped chunk(16,-7)
[21:17:59] [Worker-Main-1/INFO] (Minecraft) [STDOUT]: [Mixin] buildSurface skipped chunk(16,-12)
[21:17:59] [Worker-Main-1/INFO] (Minecraft) [STDOUT]: [Mixin] populateNoise intercepted chunk(17,-30)
[21:17:59] [Worker-Main-7/INFO] (Minecraft) [STDOUT]: [Mixin] populateNoise intercepted chunk(17,-29)
[21:17:59] [Worker-Main-2/INFO] (Minecraft) [STDOUT]: [Mixin] populateNoise intercepted chunk(17,-28)
[21:17:59] [Worker-Main-14/INFO] (Minecraft) [STDOUT]: [Mixin] populateNoise intercepted chunk(17,-27)
[21:17:59] [Worker-Main-3/INFO] (Minecraft) [STDOUT]: [Mixin] populateNoise intercepted chunk(17,-26)
[21:17:59] [Worker-Main-6/INFO] (Minecraft) [STDOUT]: [Mixin] populateNoise intercepted chunk(17,-25)
[21:17:59] [Worker-Main-17/INFO] (Minecraft) [STDOUT]: [Mixin] populateNoise intercepted chunk(17,-24)
[21:17:59] [Worker-Main-10/INFO] (Minecraft) [STDOUT]: [Mixin] populateNoise intercepted chunk(17,-33)
[21:17:59] [Worker-Main-16/INFO] (Minecraft) [STDOUT]: [Mixin] populateNoise intercepted chunk(17,-32)
[21:17:59] [Worker-Main-16/INFO] (Minecraft) [STDOUT]: [Mixin] populateNoise intercepted chunk(17,-31)
[21:17:59] [Worker-Main-22/INFO] (Minecraft) [STDOUT]: [Mixin] populateNoise intercepted chunk(17,-23)
[21:17:59] [Worker-Main-9/INFO] (Minecraft) [STDOUT]: [Mixin] populateNoise intercepted chunk(17,-22)
[21:17:59] [Worker-Main-13/INFO] (Minecraft) [STDOUT]: [Mixin] populateNoise intercepted chunk(13,-34)
[21:17:59] [Worker-Main-8/INFO] (Minecraft) [STDOUT]: [Mixin] populateNoise intercepted chunk(14,-34)
[21:17:59] [Worker-Main-4/INFO] (Minecraft) [STDOUT]: [Mixin] populateNoise intercepted chunk(15,-34)
[21:17:59] [Worker-Main-19/INFO] (Minecraft) [STDOUT]: [Mixin] populateNoise intercepted chunk(17,-9)
[21:17:59] [Worker-Main-11/INFO] (Minecraft) [STDOUT]: [Mixin] populateNoise intercepted chunk(17,-8)
[21:17:59] [Worker-Main-5/INFO] (Minecraft) [STDOUT]: [Mixin] populateNoise intercepted chunk(17,-7)
[21:17:59] [Worker-Main-21/INFO] (Minecraft) [STDOUT]: [Mixin] populateNoise intercepted chunk(17,-14)
[21:17:59] [Worker-Main-15/INFO] (Minecraft) [STDOUT]: [Mixin] populateNoise intercepted chunk(17,-13)
[21:17:59] [Worker-Main-12/INFO] (Minecraft) [STDOUT]: [Mixin] populateNoise intercepted chunk(17,-12)
[21:17:59] [Worker-Main-23/INFO] (Minecraft) [STDOUT]: [Mixin] populateNoise intercepted chunk(17,-21)
[21:17:59] [Worker-Main-20/INFO] (Minecraft) [STDOUT]: [Mixin] buildSurface skipped chunk(16,-11)
[21:17:59] [Worker-Main-20/INFO] (Minecraft) [STDOUT]: [Mixin] populateNoise intercepted chunk(17,-11)
[21:17:59] [Worker-Main-7/INFO] (Minecraft) [STDOUT]: [Mixin] buildSurface skipped chunk(17,-29)
[21:17:59] [Worker-Main-17/INFO] (Minecraft) [STDOUT]: [Mixin] buildSurface skipped chunk(17,-33)
[21:17:59] [Worker-Main-10/INFO] (Minecraft) [STDOUT]: [Mixin] buildSurface skipped chunk(17,-24)
[21:17:59] [Worker-Main-10/INFO] (Minecraft) [STDOUT]: [Mixin] buildSurface skipped chunk(17,-26)
[21:17:59] [Worker-Main-3/INFO] (Minecraft) [STDOUT]: [Mixin] populateNoise intercepted chunk(17,-10)
[21:17:59] [Worker-Main-7/INFO] (Minecraft) [STDOUT]: [Mixin] buildSurface skipped chunk(17,-12)
[21:17:59] [Worker-Main-7/INFO] (Minecraft) [STDOUT]: [Mixin] buildSurface skipped chunk(17,-14)
[21:17:59] [Worker-Main-7/INFO] (Minecraft) [STDOUT]: [Mixin] buildSurface skipped chunk(17,-28)
[21:17:59] [Worker-Main-7/INFO] (Minecraft) [STDOUT]: [Mixin] buildSurface skipped chunk(17,-23)
[21:17:59] [Worker-Main-18/INFO] (Minecraft) [STDOUT]: [Mixin] buildSurface skipped chunk(17,-27)
[21:17:59] [Worker-Main-9/INFO] (Minecraft) [STDOUT]: [Mixin] buildSurface skipped chunk(17,-22)
[21:17:59] [Worker-Main-17/INFO] (Minecraft) [STDOUT]: [Mixin] buildSurface skipped chunk(17,-32)
[21:17:59] [Worker-Main-10/INFO] (Minecraft) [STDOUT]: [Mixin] buildSurface skipped chunk(17,-30)
[21:17:59] [Worker-Main-16/INFO] (Minecraft) [STDOUT]: [Mixin] populateNoise intercepted chunk(17,-20)
[21:17:59] [Worker-Main-4/INFO] (Minecraft) [STDOUT]: [Mixin] populateNoise intercepted chunk(17,-19)
[21:17:59] [Worker-Main-12/INFO] (Minecraft) [STDOUT]: [Mixin] buildSurface skipped chunk(17,-25)
[21:17:59] [Worker-Main-19/INFO] (Minecraft) [STDOUT]: [Mixin] buildSurface skipped chunk(17,-31)
[21:17:59] [Worker-Main-19/INFO] (Minecraft) [STDOUT]: [Mixin] buildSurface skipped chunk(17,-21)
[21:17:59] [Worker-Main-3/INFO] (Minecraft) [STDOUT]: [CHUNKTIME] n=1792 perChunk(ms): mixin=91.98 gap=94.74 | sumMixin=164.8s sumGap=169.8s | inflight max=23 now=3
[21:17:59] [Worker-Main-17/INFO] (Minecraft) [STDOUT]: [Mixin] buildSurface skipped chunk(17,-13)
[21:17:59] [Worker-Main-3/INFO] (Minecraft) [STDOUT]: [Mixin] buildSurface skipped chunk(17,-11)
[21:17:59] [Worker-Main-3/INFO] (Minecraft) [STDOUT]: [Mixin] buildSurface skipped chunk(17,-9)
[21:17:59] [Worker-Main-19/INFO] (Minecraft) [STDOUT]: [Mixin] buildSurface skipped chunk(17,-10)
[21:17:59] [Worker-Main-11/INFO] (Minecraft) [STDOUT]: [Mixin] buildSurface skipped chunk(17,-8)
[21:17:59] [Worker-Main-5/INFO] (Minecraft) [STDOUT]: [Mixin] buildSurface skipped chunk(17,-7)
[21:17:59] [Worker-Main-17/INFO] (Minecraft) [STDOUT]: [Mixin] buildSurface skipped chunk(17,-19)
[21:17:59] [Worker-Main-11/INFO] (Minecraft) [STDOUT]: [Mixin] buildSurface skipped chunk(17,-20)
[21:17:59] [Worker-Main-11/INFO] (Minecraft) [STDOUT]: [Mixin] buildSurface skipped chunk(14,-34)
[21:17:59] [Worker-Main-3/INFO] (Minecraft) [STDOUT]: [Mixin] buildSurface skipped chunk(13,-34)
[21:17:59] [Worker-Main-11/INFO] (Minecraft) [STDOUT]: [Mixin] buildSurface skipped chunk(15,-34)
[21:17:59] [Worker-Main-16/INFO] (Minecraft) [STDOUT]: [Mixin] populateNoise intercepted chunk(17,-18)
[21:17:59] [Worker-Main-13/INFO] (Minecraft) [STDOUT]: [Mixin] populateNoise intercepted chunk(17,-17)
[21:17:59] [Worker-Main-19/INFO] (Minecraft) [STDOUT]: [Mixin] populateNoise intercepted chunk(17,-15)
[21:17:59] [Worker-Main-20/INFO] (Minecraft) [STDOUT]: [Mixin] populateNoise intercepted chunk(17,-16)
[21:17:59] [Worker-Main-4/INFO] (Minecraft) [STDOUT]: [Mixin] populateNoise intercepted chunk(18,-31)
[21:17:59] [Worker-Main-8/INFO] (Minecraft) [STDOUT]: [Mixin] populateNoise intercepted chunk(18,-30)
[21:17:59] [Worker-Main-3/INFO] (Minecraft) [STDOUT]: [Mixin] populateNoise intercepted chunk(18,-29)
[21:17:59] [Worker-Main-22/INFO] (Minecraft) [STDOUT]: [Mixin] populateNoise intercepted chunk(18,-28)
[21:17:59] [Worker-Main-9/INFO] (Minecraft) [STDOUT]: [Mixin] populateNoise intercepted chunk(18,-33)
[21:17:59] [Worker-Main-7/INFO] (Minecraft) [STDOUT]: [Mixin] populateNoise intercepted chunk(18,-32)
[21:17:59] [Worker-Main-11/INFO] (Minecraft) [STDOUT]: [Mixin] populateNoise intercepted chunk(18,-27)
[21:17:59] [Worker-Main-6/INFO] (Minecraft) [STDOUT]: [Mixin] populateNoise intercepted chunk(18,-26)
[21:17:59] [Worker-Main-12/INFO] (Minecraft) [STDOUT]: [Mixin] populateNoise intercepted chunk(18,-25)
[21:17:59] [Worker-Main-23/INFO] (Minecraft) [STDOUT]: [Mixin] populateNoise intercepted chunk(18,-24)
[21:17:59] [Worker-Main-15/INFO] (Minecraft) [STDOUT]: [Mixin] populateNoise intercepted chunk(18,-23)
[21:17:59] [Worker-Main-17/INFO] (Minecraft) [STDOUT]: [Mixin] populateNoise intercepted chunk(18,-9)
[21:17:59] [Worker-Main-21/INFO] (Minecraft) [STDOUT]: [Mixin] populateNoise intercepted chunk(18,-12)
[21:17:59] [Worker-Main-1/INFO] (Minecraft) [STDOUT]: [Mixin] populateNoise intercepted chunk(18,-8)
[21:17:59] [Worker-Main-14/INFO] (Minecraft) [STDOUT]: [Mixin] populateNoise intercepted chunk(18,-11)
[21:17:59] [Worker-Main-18/INFO] (Minecraft) [STDOUT]: [Mixin] populateNoise intercepted chunk(18,-10)
[21:17:59] [Worker-Main-5/INFO] (Minecraft) [STDOUT]: [Mixin] populateNoise intercepted chunk(18,-7)
[21:17:59] [Worker-Main-10/INFO] (Minecraft) [STDOUT]: [Mixin] populateNoise intercepted chunk(18,-16)
[21:17:59] [Worker-Main-2/INFO] (Minecraft) [STDOUT]: [Mixin] populateNoise intercepted chunk(18,-15)
[21:17:59] [Worker-Main-20/INFO] (Minecraft) [STDOUT]: [Mixin] buildSurface skipped chunk(17,-16)
[21:17:59] [Worker-Main-20/INFO] (Minecraft) [STDOUT]: [Mixin] populateNoise intercepted chunk(18,-14)
[21:17:59] [Worker-Main-19/INFO] (Minecraft) [STDOUT]: [Mixin] buildSurface skipped chunk(17,-15)
[21:17:59] [Worker-Main-16/INFO] (Minecraft) [STDOUT]: [Mixin] buildSurface skipped chunk(17,-17)
[21:17:59] [Worker-Main-16/INFO] (Minecraft) [STDOUT]: [Mixin] buildSurface skipped chunk(17,-18)
[21:17:59] [Worker-Main-16/INFO] (Minecraft) [STDOUT]: [Mixin] populateNoise intercepted chunk(18,-13)
[21:17:59] [Worker-Main-13/INFO] (Minecraft) [STDOUT]: [Mixin] populateNoise intercepted chunk(18,-18)
[21:17:59] [Worker-Main-19/INFO] (Minecraft) [STDOUT]: [Mixin] populateNoise intercepted chunk(18,-17)
[21:17:59] [Worker-Main-4/INFO] (Minecraft) [STDOUT]: [Mixin] buildSurface skipped chunk(18,-31)
[21:17:59] [Worker-Main-22/INFO] (Minecraft) [STDOUT]: [Mixin] buildSurface skipped chunk(18,-27)
[21:17:59] [Worker-Main-22/INFO] (Minecraft) [STDOUT]: [Mixin] buildSurface skipped chunk(18,-28)
[21:17:59] [Worker-Main-7/INFO] (Minecraft) [STDOUT]: [Mixin] buildSurface skipped chunk(18,-32)
[21:17:59] [Worker-Main-4/INFO] (Minecraft) [STDOUT]: [Mixin] populateNoise intercepted chunk(18,-22)
[21:17:59] [Worker-Main-17/INFO] (Minecraft) [STDOUT]: [Mixin] buildSurface skipped chunk(18,-8)
[21:17:59] [Worker-Main-7/INFO] (Minecraft) [STDOUT]: [Mixin] buildSurface skipped chunk(18,-9)
[21:17:59] [Worker-Main-7/INFO] (Minecraft) [STDOUT]: [Mixin] buildSurface skipped chunk(18,-16)
[21:17:59] [Worker-Main-7/INFO] (Minecraft) [STDOUT]: [Mixin] buildSurface skipped chunk(18,-24)
[21:17:59] [Worker-Main-7/INFO] (Minecraft) [STDOUT]: [Mixin] buildSurface skipped chunk(18,-25)
[21:17:59] [Worker-Main-7/INFO] (Minecraft) [STDOUT]: [Mixin] buildSurface skipped chunk(18,-30)
[21:17:59] [Worker-Main-21/INFO] (Minecraft) [STDOUT]: [Mixin] buildSurface skipped chunk(18,-33)
[21:17:59] [Worker-Main-14/INFO] (Minecraft) [STDOUT]: [Mixin] populateNoise intercepted chunk(18,-21)
[21:17:59] [Worker-Main-6/INFO] (Minecraft) [STDOUT]: [Mixin] populateNoise intercepted chunk(18,-20)
[21:17:59] [Worker-Main-15/INFO] (Minecraft) [STDOUT]: [Mixin] buildSurface skipped chunk(18,-15)
[21:17:59] [Worker-Main-15/INFO] (Minecraft) [STDOUT]: [Mixin] populateNoise intercepted chunk(18,-19)
[21:17:59] [Worker-Main-21/INFO] (Minecraft) [STDOUT]: [Mixin] buildSurface skipped chunk(18,-26)
[21:17:59] [Worker-Main-21/INFO] (Minecraft) [STDOUT]: [Mixin] buildSurface skipped chunk(18,-29)
[21:17:59] [Worker-Main-3/INFO] (Minecraft) [STDOUT]: [Mixin] buildSurface skipped chunk(18,-12)
[21:17:59] [Worker-Main-3/INFO] (Minecraft) [STDOUT]: [Mixin] buildSurface skipped chunk(18,-23)
[21:17:59] [Worker-Main-21/INFO] (Minecraft) [STDOUT]: [Mixin] buildSurface skipped chunk(18,-11)
[21:17:59] [Worker-Main-9/INFO] (Minecraft) [STDOUT]: [Mixin] buildSurface skipped chunk(18,-10)
[21:17:59] [Worker-Main-8/INFO] (Minecraft) [STDOUT]: [Mixin] buildSurface skipped chunk(18,-7)
[21:17:59] [Worker-Main-23/INFO] (Minecraft) [STDOUT]: [Mixin] buildSurface skipped chunk(18,-14)
[21:17:59] [Worker-Main-1/INFO] (Minecraft) [STDOUT]: [Mixin] buildSurface skipped chunk(18,-13)
[21:17:59] [Worker-Main-21/INFO] (Minecraft) [STDOUT]: [Mixin] buildSurface skipped chunk(18,-17)
[21:17:59] [Worker-Main-16/INFO] (Minecraft) [STDOUT]: [Mixin] buildSurface skipped chunk(18,-18)
[21:17:59] [Worker-Main-16/INFO] (Minecraft) [STDOUT]: [Mixin] buildSurface skipped chunk(18,-22)
[21:17:59] [Worker-Main-1/INFO] (Minecraft) [STDOUT]: [Mixin] buildSurface skipped chunk(18,-19)
[21:17:59] [Worker-Main-15/INFO] (Minecraft) [STDOUT]: [Mixin] buildSurface skipped chunk(18,-20)
[21:17:59] [Worker-Main-20/INFO] (Minecraft) [STDOUT]: [Mixin] buildSurface skipped chunk(18,-21)
[21:17:59] [Worker-Main-5/INFO] (Minecraft) [STDOUT]: [Mixin] populateNoise intercepted chunk(19,-33)
[21:17:59] [Worker-Main-6/INFO] (Minecraft) [STDOUT]: [Mixin] populateNoise intercepted chunk(19,-32)
[21:17:59] [Worker-Main-21/INFO] (Minecraft) [STDOUT]: [Mixin] populateNoise intercepted chunk(19,-31)
[21:17:59] [Worker-Main-8/INFO] (Minecraft) [STDOUT]: [Mixin] populateNoise intercepted chunk(19,-29)
[21:17:59] [Worker-Main-7/INFO] (Minecraft) [STDOUT]: [Mixin] populateNoise intercepted chunk(19,-30)
[21:17:59] [Worker-Main-9/INFO] (Minecraft) [STDOUT]: [Mixin] populateNoise intercepted chunk(19,-28)
[21:17:59] [Worker-Main-12/INFO] (Minecraft) [STDOUT]: [Mixin] populateNoise intercepted chunk(19,-27)
[21:17:59] [Worker-Main-22/INFO] (Minecraft) [STDOUT]: [Mixin] populateNoise intercepted chunk(19,-26)
[21:17:59] [Worker-Main-23/INFO] (Minecraft) [STDOUT]: [Mixin] populateNoise intercepted chunk(19,-20)
[21:17:59] [Worker-Main-19/INFO] (Minecraft) [STDOUT]: [Mixin] populateNoise intercepted chunk(19,-21)
[21:17:59] [Worker-Main-16/INFO] (Minecraft) [STDOUT]: [Mixin] populateNoise intercepted chunk(19,-22)
[21:17:59] [Worker-Main-15/INFO] (Minecraft) [STDOUT]: [Mixin] populateNoise intercepted chunk(19,-25)
[21:17:59] [Worker-Main-17/INFO] (Minecraft) [STDOUT]: [Mixin] populateNoise intercepted chunk(19,-24)
[21:17:59] [Worker-Main-2/INFO] (Minecraft) [STDOUT]: [Mixin] populateNoise intercepted chunk(19,-23)
[21:17:59] [Worker-Main-20/INFO] (Minecraft) [STDOUT]: [Mixin] populateNoise intercepted chunk(19,-7)
[21:17:59] [Worker-Main-20/INFO] (Minecraft) [STDOUT]: [Mixin] populateNoise intercepted chunk(19,-8)
[21:17:59] [Worker-Main-14/INFO] (Minecraft) [STDOUT]: [Mixin] populateNoise intercepted chunk(19,-19)
[21:17:59] [Worker-Main-3/INFO] (Minecraft) [STDOUT]: [Mixin] populateNoise intercepted chunk(19,-18)
[21:17:59] [Worker-Main-3/INFO] (Minecraft) [STDOUT]: [Mixin] populateNoise intercepted chunk(19,-17)
[21:17:59] [Worker-Main-13/INFO] (Minecraft) [STDOUT]: [Mixin] populateNoise intercepted chunk(19,-11)
[21:17:59] [Worker-Main-4/INFO] (Minecraft) [STDOUT]: [Mixin] populateNoise intercepted chunk(19,-10)
[21:17:59] [Worker-Main-10/INFO] (Minecraft) [STDOUT]: [Mixin] populateNoise intercepted chunk(19,-16)
[21:17:59] [Worker-Main-10/INFO] (Minecraft) [STDOUT]: [Mixin] populateNoise intercepted chunk(19,-15)
[21:17:59] [Worker-Main-8/INFO] (Minecraft) [STDOUT]: [Mixin] populateNoise intercepted chunk(19,-14)
[21:17:59] [Worker-Main-21/INFO] (Minecraft) [STDOUT]: [Mixin] populateNoise intercepted chunk(19,-13)
[21:17:59] [Worker-Main-5/INFO] (Minecraft) [STDOUT]: [Mixin] buildSurface skipped chunk(19,-29)
[21:17:59] [Worker-Main-5/INFO] (Minecraft) [STDOUT]: [Mixin] buildSurface skipped chunk(19,-31)
[21:17:59] [Worker-Main-5/INFO] (Minecraft) [STDOUT]: [Mixin] buildSurface skipped chunk(19,-33)
[21:17:59] [Worker-Main-6/INFO] (Minecraft) [STDOUT]: [Mixin] buildSurface skipped chunk(19,-32)
[21:17:59] [Worker-Main-7/INFO] (Minecraft) [STDOUT]: [Mixin] buildSurface skipped chunk(19,-30)
[21:17:59] [Worker-Main-5/INFO] (Minecraft) [STDOUT]: [Mixin] populateNoise intercepted chunk(19,-9)
[21:17:59] [Worker-Main-6/INFO] (Minecraft) [STDOUT]: [Mixin] populateNoise intercepted chunk(19,-12)
[21:17:59] [Worker-Main-9/INFO] (Minecraft) [STDOUT]: [Mixin] buildSurface skipped chunk(19,-28)
[21:17:59] [Worker-Main-7/INFO] (Minecraft) [STDOUT]: [Mixin] populateNoise intercepted chunk(16,-34)
[21:17:59] [Worker-Main-9/INFO] (Minecraft) [STDOUT]: [Mixin] populateNoise intercepted chunk(17,-34)
[21:17:59] [Worker-Main-12/INFO] (Minecraft) [STDOUT]: [Mixin] buildSurface skipped chunk(19,-27)
[21:17:59] [Worker-Main-3/INFO] (Minecraft) [STDOUT]: [Mixin] buildSurface skipped chunk(19,-17)
[21:17:59] [Worker-Main-1/INFO] (Minecraft) [STDOUT]: [Mixin] buildSurface skipped chunk(19,-16)
[21:17:59] [Worker-Main-17/INFO] (Minecraft) [STDOUT]: [Mixin] buildSurface skipped chunk(19,-24)
[21:17:59] [Worker-Main-3/INFO] (Minecraft) [STDOUT]: [Mixin] buildSurface skipped chunk(19,-20)
[21:17:59] [Worker-Main-3/INFO] (Minecraft) [STDOUT]: [Mixin] buildSurface skipped chunk(19,-22)
[21:17:59] [Worker-Main-11/INFO] (Minecraft) [STDOUT]: [Mixin] buildSurface skipped chunk(19,-26)
[21:17:59] [Worker-Main-15/INFO] (Minecraft) [STDOUT]: [Mixin] buildSurface skipped chunk(19,-23)
[21:17:59] [Worker-Main-2/INFO] (Minecraft) [STDOUT]: [Mixin] buildSurface skipped chunk(19,-18)
[21:17:59] [Worker-Main-4/INFO] (Minecraft) [STDOUT]: [Mixin] buildSurface skipped chunk(19,-10)
[21:17:59] [Worker-Main-2/INFO] (Minecraft) [STDOUT]: [Mixin] buildSurface skipped chunk(19,-25)
[21:17:59] [Worker-Main-13/INFO] (Minecraft) [STDOUT]: [Mixin] buildSurface skipped chunk(19,-11)
[21:17:59] [Worker-Main-13/INFO] (Minecraft) [STDOUT]: [Mixin] buildSurface skipped chunk(19,-19)
[21:17:59] [Worker-Main-10/INFO] (Minecraft) [STDOUT]: [Mixin] buildSurface skipped chunk(19,-21)
[21:17:59] [Worker-Main-10/INFO] (Minecraft) [STDOUT]: [Mixin] buildSurface skipped chunk(19,-15)
[21:17:59] [Worker-Main-19/INFO] (Minecraft) [STDOUT]: [Mixin] buildSurface skipped chunk(19,-14)
[21:17:59] [Worker-Main-14/INFO] (Minecraft) [STDOUT]: [Mixin] buildSurface skipped chunk(19,-13)
[21:17:59] [Worker-Main-14/INFO] (Minecraft) [STDOUT]: [Mixin] buildSurface skipped chunk(19,-9)
[21:17:59] [Worker-Main-9/INFO] (Minecraft) [STDOUT]: [Mixin] buildSurface skipped chunk(19,-12)
[21:17:59] [Worker-Main-13/INFO] (Minecraft) [STDOUT]: [Mixin] buildSurface skipped chunk(19,-8)
[21:17:59] [Worker-Main-2/INFO] (Minecraft) [STDOUT]: [Mixin] populateNoise intercepted chunk(18,-34)
[21:17:59] [Worker-Main-2/INFO] (Minecraft) [STDOUT]: [Mixin] populateNoise intercepted chunk(19,-34)
[21:17:59] [Worker-Main-2/INFO] (Minecraft) [STDOUT]: [Mixin] buildSurface skipped chunk(19,-7)
[21:17:59] [Worker-Main-21/INFO] (Minecraft) [STDOUT]: [Mixin] buildSurface skipped chunk(16,-34)
[21:17:59] [Worker-Main-21/INFO] (Minecraft) [STDOUT]: [Mixin] buildSurface skipped chunk(17,-34)
[21:17:59] [Worker-Main-22/INFO] (Minecraft) [STDOUT]: [Mixin] populateNoise intercepted chunk(20,-33)
[21:17:59] [Worker-Main-6/INFO] (Minecraft) [STDOUT]: [Mixin] populateNoise intercepted chunk(20,-34)
[21:17:59] [Worker-Main-1/INFO] (Minecraft) [STDOUT]: [Mixin] populateNoise intercepted chunk(20,-29)
[21:17:59] [Worker-Main-4/INFO] (Minecraft) [STDOUT]: [Mixin] populateNoise intercepted chunk(20,-28)
[21:17:59] [Worker-Main-19/INFO] (Minecraft) [STDOUT]: [Mixin] populateNoise intercepted chunk(20,-27)
[21:17:59] [Worker-Main-23/INFO] (Minecraft) [STDOUT]: [Mixin] populateNoise intercepted chunk(20,-26)
[21:17:59] [Worker-Main-21/INFO] (Minecraft) [STDOUT]: [Mixin] populateNoise intercepted chunk(20,-32)
[21:17:59] [Worker-Main-15/INFO] (Minecraft) [STDOUT]: [Mixin] populateNoise intercepted chunk(20,-31)
[21:17:59] [Worker-Main-8/INFO] (Minecraft) [STDOUT]: [Mixin] populateNoise intercepted chunk(20,-30)
[21:17:59] [Worker-Main-18/INFO] (Minecraft) [STDOUT]: [Mixin] populateNoise intercepted chunk(20,-25)
[21:17:59] [Worker-Main-18/INFO] (Minecraft) [STDOUT]: [Mixin] populateNoise intercepted chunk(20,-24)
[21:17:59] [Worker-Main-17/INFO] (Minecraft) [STDOUT]: [Mixin] populateNoise intercepted chunk(20,-23)
[21:17:59] [Worker-Main-9/INFO] (Minecraft) [STDOUT]: [Mixin] populateNoise intercepted chunk(20,-22)
[21:17:59] [Worker-Main-2/INFO] (Minecraft) [STDOUT]: [Mixin] populateNoise intercepted chunk(20,-21)
[21:17:59] [Worker-Main-10/INFO] (Minecraft) [STDOUT]: [Mixin] populateNoise intercepted chunk(20,-20)
[21:17:59] [Worker-Main-3/INFO] (Minecraft) [STDOUT]: [Mixin] populateNoise intercepted chunk(20,-19)
[21:17:59] [Worker-Main-16/INFO] (Minecraft) [STDOUT]: [Mixin] populateNoise intercepted chunk(20,-18)
[21:17:59] [Worker-Main-20/INFO] (Minecraft) [STDOUT]: [Mixin] populateNoise intercepted chunk(20,-17)
[21:17:59] [Worker-Main-7/INFO] (Minecraft) [STDOUT]: [Mixin] populateNoise intercepted chunk(20,-16)
[21:17:59] [Worker-Main-5/INFO] (Minecraft) [STDOUT]: [Mixin] populateNoise intercepted chunk(20,-15)
[21:17:59] [Worker-Main-12/INFO] (Minecraft) [STDOUT]: [Mixin] populateNoise intercepted chunk(20,-14)
[21:17:59] [Worker-Main-13/INFO] (Minecraft) [STDOUT]: [Mixin] populateNoise intercepted chunk(20,-13)
[21:17:59] [Worker-Main-14/INFO] (Minecraft) [STDOUT]: [Mixin] populateNoise intercepted chunk(20,-12)
[21:17:59] [Worker-Main-18/INFO] (Minecraft) [STDOUT]: [Mixin] buildSurface skipped chunk(20,-33)
[21:17:59] [Worker-Main-18/INFO] (Minecraft) [STDOUT]: [Mixin] buildSurface skipped chunk(20,-24)
[21:17:59] [Worker-Main-18/INFO] (Minecraft) [STDOUT]: [Mixin] buildSurface skipped chunk(20,-29)
[21:17:59] [Worker-Main-1/INFO] (Minecraft) [STDOUT]: [Mixin] populateNoise intercepted chunk(20,-8)
[21:17:59] [Worker-Main-1/INFO] (Minecraft) [STDOUT]: [Mixin] populateNoise intercepted chunk(20,-7)
[21:17:59] [Worker-Main-22/INFO] (Minecraft) [STDOUT]: [Mixin] populateNoise intercepted chunk(20,-9)
[21:17:59] [Worker-Main-21/INFO] (Minecraft) [STDOUT]: [Mixin] buildSurface skipped chunk(20,-32)
[21:17:59] [Worker-Main-21/INFO] (Minecraft) [STDOUT]: [Mixin] buildSurface skipped chunk(20,-30)
[21:17:59] [Worker-Main-21/INFO] (Minecraft) [STDOUT]: [Mixin] buildSurface skipped chunk(20,-25)
[21:17:59] [Worker-Main-21/INFO] (Minecraft) [STDOUT]: [Mixin] populateNoise intercepted chunk(20,-11)
[21:17:59] [Worker-Main-8/INFO] (Minecraft) [STDOUT]: [Mixin] populateNoise intercepted chunk(20,-10)
[21:17:59] [Worker-Main-6/INFO] (Minecraft) [STDOUT]: [Mixin] buildSurface skipped chunk(18,-34)
[21:17:59] [Worker-Main-6/INFO] (Minecraft) [STDOUT]: [Mixin] buildSurface skipped chunk(19,-34)
[21:17:59] [Worker-Main-6/INFO] (Minecraft) [STDOUT]: [Mixin] buildSurface skipped chunk(20,-34)
[21:17:59] [Worker-Main-6/INFO] (Minecraft) [STDOUT]: [Mixin] buildSurface skipped chunk(20,-27)
[21:17:59] [Worker-Main-4/INFO] (Minecraft) [STDOUT]: [Mixin] buildSurface skipped chunk(20,-26)
[21:17:59] [Worker-Main-4/INFO] (Minecraft) [STDOUT]: [Mixin] buildSurface skipped chunk(20,-28)
[21:17:59] [Worker-Main-5/INFO] (Minecraft) [STDOUT]: [Mixin] buildSurface skipped chunk(20,-23)
[21:17:59] [Worker-Main-5/INFO] (Minecraft) [STDOUT]: [Mixin] buildSurface skipped chunk(20,-19)
[21:17:59] [Worker-Main-10/INFO] (Minecraft) [STDOUT]: [Mixin] buildSurface skipped chunk(20,-22)
[21:17:59] [Worker-Main-16/INFO] (Minecraft) [STDOUT]: [Mixin] buildSurface skipped chunk(20,-16)
[21:17:59] [Worker-Main-16/INFO] (Minecraft) [STDOUT]: [Mixin] buildSurface skipped chunk(20,-20)
[21:17:59] [Worker-Main-5/INFO] (Minecraft) [STDOUT]: [Mixin] buildSurface skipped chunk(20,-17)
[21:17:59] [Worker-Main-5/INFO] (Minecraft) [STDOUT]: [Mixin] buildSurface skipped chunk(20,-18)
[21:17:59] [Worker-Main-5/INFO] (Minecraft) [STDOUT]: [Mixin] buildSurface skipped chunk(20,-15)
[21:17:59] [Worker-Main-10/INFO] (Minecraft) [STDOUT]: [Mixin] buildSurface skipped chunk(20,-31)
[21:17:59] [Worker-Main-12/INFO] (Minecraft) [STDOUT]: [Mixin] buildSurface skipped chunk(20,-14)
[21:17:59] [Worker-Main-18/INFO] (Minecraft) [STDOUT]: [Mixin] buildSurface skipped chunk(20,-21)
[21:17:59] [Worker-Main-18/INFO] (Minecraft) [STDOUT]: [Mixin] buildSurface skipped chunk(20,-13)
[21:17:59] [Worker-Main-3/INFO] (Minecraft) [STDOUT]: [Mixin] buildSurface skipped chunk(20,-12)
[21:17:59] [Worker-Main-22/INFO] (Minecraft) [STDOUT]: [Mixin] buildSurface skipped chunk(20,-11)
[21:17:59] [Worker-Main-7/INFO] (Minecraft) [STDOUT]: [Mixin] buildSurface skipped chunk(20,-10)
[21:17:59] [Worker-Main-19/INFO] (Minecraft) [STDOUT]: [Mixin] buildSurface skipped chunk(20,-9)
[21:17:59] [Worker-Main-17/INFO] (Minecraft) [STDOUT]: [Mixin] buildSurface skipped chunk(20,-8)
[21:17:59] [Worker-Main-10/INFO] (Minecraft) [STDOUT]: [Mixin] buildSurface skipped chunk(20,-7)
[21:17:59] [Worker-Main-9/INFO] (Minecraft) [STDOUT]: [Mixin] populateNoise intercepted chunk(21,-30)
[21:17:59] [Worker-Main-21/INFO] (Minecraft) [STDOUT]: [Mixin] populateNoise intercepted chunk(21,-31)
[21:17:59] [Worker-Main-11/INFO] (Minecraft) [STDOUT]: [Mixin] populateNoise intercepted chunk(21,-29)
[21:17:59] [Worker-Main-1/INFO] (Minecraft) [STDOUT]: [Mixin] populateNoise intercepted chunk(21,-33)
[21:17:59] [Worker-Main-10/INFO] (Minecraft) [STDOUT]: [Mixin] populateNoise intercepted chunk(21,-32)
[21:17:59] [Worker-Main-22/INFO] (Minecraft) [STDOUT]: [Mixin] populateNoise intercepted chunk(21,-28)
[21:17:59] [Worker-Main-7/INFO] (Minecraft) [STDOUT]: [Mixin] populateNoise intercepted chunk(21,-27)
[21:17:59] [Worker-Main-20/INFO] (Minecraft) [STDOUT]: [Mixin] populateNoise intercepted chunk(21,-26)
[21:17:59] [Worker-Main-16/INFO] (Minecraft) [STDOUT]: [Mixin] populateNoise intercepted chunk(21,-16)
[21:17:59] [Worker-Main-6/INFO] (Minecraft) [STDOUT]: [Mixin] populateNoise intercepted chunk(21,-15)
[21:17:59] [Worker-Main-18/INFO] (Minecraft) [STDOUT]: [Mixin] populateNoise intercepted chunk(21,-19)
[21:17:59] [Worker-Main-8/INFO] (Minecraft) [STDOUT]: [Mixin] populateNoise intercepted chunk(21,-18)
[21:17:59] [Worker-Main-17/INFO] (Minecraft) [STDOUT]: [Mixin] populateNoise intercepted chunk(21,-17)
[21:17:59] [Worker-Main-14/INFO] (Minecraft) [STDOUT]: [Mixin] populateNoise intercepted chunk(21,-21)
[21:17:59] [Worker-Main-3/INFO] (Minecraft) [STDOUT]: [Mixin] populateNoise intercepted chunk(21,-20)
[21:17:59] [Worker-Main-19/INFO] (Minecraft) [STDOUT]: [Mixin] populateNoise intercepted chunk(21,-14)
[21:17:59] [Worker-Main-4/INFO] (Minecraft) [STDOUT]: [Mixin] populateNoise intercepted chunk(21,-13)
[21:17:59] [Worker-Main-6/INFO] (Minecraft) [STDOUT]: [Mixin] populateNoise intercepted chunk(21,-22)
[21:17:59] [Worker-Main-15/INFO] (Minecraft) [STDOUT]: [Mixin] populateNoise intercepted chunk(21,-12)
[21:17:59] [Worker-Main-23/INFO] (Minecraft) [STDOUT]: [Mixin] populateNoise intercepted chunk(21,-25)
[21:17:59] [Worker-Main-5/INFO] (Minecraft) [STDOUT]: [Mixin] populateNoise intercepted chunk(21,-24)
[21:17:59] [Worker-Main-2/INFO] (Minecraft) [STDOUT]: [Mixin] populateNoise intercepted chunk(21,-23)
[21:17:59] [Worker-Main-13/INFO] (Minecraft) [STDOUT]: [Mixin] populateNoise intercepted chunk(21,-11)
[21:18:00] [Worker-Main-6/INFO] (Minecraft) [STDOUT]: [Mixin] populateNoise intercepted chunk(21,-10)
[21:18:00] [Worker-Main-1/INFO] (Minecraft) [STDOUT]: [Mixin] buildSurface skipped chunk(21,-22)
[21:18:00] [Worker-Main-1/INFO] (Minecraft) [STDOUT]: [Mixin] buildSurface skipped chunk(21,-33)
[21:18:00] [Worker-Main-20/INFO] (Minecraft) [STDOUT]: [Mixin] buildSurface skipped chunk(21,-26)
[21:18:00] [Worker-Main-12/INFO] (Minecraft) [STDOUT]: [Mixin] buildSurface skipped chunk(21,-15)
[21:18:00] [Worker-Main-21/INFO] (Minecraft) [STDOUT]: [Mixin] buildSurface skipped chunk(21,-16)
[21:18:00] [Worker-Main-1/INFO] (Minecraft) [STDOUT]: [Mixin] buildSurface skipped chunk(21,-31)
[21:18:00] [Worker-Main-12/INFO] (Minecraft) [STDOUT]: [Mixin] buildSurface skipped chunk(21,-17)
[21:18:00] [Worker-Main-3/INFO] (Minecraft) [STDOUT]: [Mixin] buildSurface skipped chunk(21,-14)
[21:18:00] [Worker-Main-3/INFO] (Minecraft) [STDOUT]: [Mixin] buildSurface skipped chunk(21,-32)
[21:18:00] [Worker-Main-20/INFO] (Minecraft) [STDOUT]: [Mixin] buildSurface skipped chunk(21,-29)
[21:18:00] [Worker-Main-3/INFO] (Minecraft) [STDOUT]: [Mixin] buildSurface skipped chunk(21,-11)
[21:18:00] [Worker-Main-20/INFO] (Minecraft) [STDOUT]: [Mixin] buildSurface skipped chunk(21,-18)
[21:18:00] [Worker-Main-3/INFO] (Minecraft) [STDOUT]: [Mixin] buildSurface skipped chunk(21,-20)
[21:18:00] [Worker-Main-22/INFO] (Minecraft) [STDOUT]: [Mixin] buildSurface skipped chunk(21,-25)
[21:18:00] [Worker-Main-22/INFO] (Minecraft) [STDOUT]: [Mixin] buildSurface skipped chunk(21,-13)
[21:18:00] [Worker-Main-9/INFO] (Minecraft) [STDOUT]: [Mixin] buildSurface skipped chunk(21,-21)
[21:18:00] [Worker-Main-9/INFO] (Minecraft) [STDOUT]: [Mixin] buildSurface skipped chunk(21,-19)
[21:18:00] [Worker-Main-9/INFO] (Minecraft) [STDOUT]: [Mixin] buildSurface skipped chunk(21,-28)
[21:18:00] [Worker-Main-22/INFO] (Minecraft) [STDOUT]: [Mixin] buildSurface skipped chunk(21,-27)
[21:18:00] [Worker-Main-22/INFO] (Minecraft) [STDOUT]: [Mixin] buildSurface skipped chunk(21,-30)
[21:18:00] [Worker-Main-9/INFO] (Minecraft) [STDOUT]: [Mixin] buildSurface skipped chunk(21,-12)
[21:18:00] [Worker-Main-8/INFO] (Minecraft) [STDOUT]: [Mixin] populateNoise intercepted chunk(21,-9)
[21:18:00] [Worker-Main-6/INFO] (Minecraft) [STDOUT]: [Mixin] populateNoise intercepted chunk(21,-8)
[21:18:00] [Worker-Main-12/INFO] (Minecraft) [STDOUT]: [Mixin] buildSurface skipped chunk(21,-24)
[21:18:00] [Worker-Main-23/INFO] (Minecraft) [STDOUT]: [Mixin] buildSurface skipped chunk(21,-23)
[21:18:00] [Worker-Main-12/INFO] (Minecraft) [STDOUT]: [Mixin] buildSurface skipped chunk(21,-10)
[21:18:00] [Worker-Main-15/INFO] (Minecraft) [STDOUT]: [Mixin] populateNoise intercepted chunk(21,-7)
[21:18:00] [Worker-Main-5/INFO] (Minecraft) [STDOUT]: [Mixin] populateNoise intercepted chunk(21,-34)
[21:18:00] [Worker-Main-7/INFO] (Minecraft) [STDOUT]: [Mixin] populateNoise intercepted chunk(22,-30)
[21:18:00] [Worker-Main-10/INFO] (Minecraft) [STDOUT]: [Mixin] populateNoise intercepted chunk(22,-29)
[21:18:00] [Worker-Main-22/INFO] (Minecraft) [STDOUT]: [Mixin] populateNoise intercepted chunk(22,-28)
[21:18:00] [Worker-Main-12/INFO] (Minecraft) [STDOUT]: [Mixin] populateNoise intercepted chunk(22,-27)
[21:18:00] [Worker-Main-16/INFO] (Minecraft) [STDOUT]: [Mixin] populateNoise intercepted chunk(22,-33)
[21:18:00] [Worker-Main-18/INFO] (Minecraft) [STDOUT]: [Mixin] populateNoise intercepted chunk(22,-32)
[21:18:00] [Worker-Main-21/INFO] (Minecraft) [STDOUT]: [Mixin] populateNoise intercepted chunk(22,-31)
[21:18:00] [Worker-Main-19/INFO] (Minecraft) [STDOUT]: [Mixin] populateNoise intercepted chunk(22,-23)
[21:18:00] [Worker-Main-11/INFO] (Minecraft) [STDOUT]: [Mixin] populateNoise intercepted chunk(22,-22)
[21:18:00] [Worker-Main-17/INFO] (Minecraft) [STDOUT]: [Mixin] populateNoise intercepted chunk(22,-21)
[21:18:00] [Worker-Main-23/INFO] (Minecraft) [STDOUT]: [Mixin] populateNoise intercepted chunk(22,-26)
[21:18:00] [Worker-Main-2/INFO] (Minecraft) [STDOUT]: [Mixin] populateNoise intercepted chunk(22,-25)
[21:18:00] [Worker-Main-1/INFO] (Minecraft) [STDOUT]: [Mixin] populateNoise intercepted chunk(22,-24)
[21:18:00] [Worker-Main-14/INFO] (Minecraft) [STDOUT]: [Mixin] populateNoise intercepted chunk(22,-20)
[21:18:00] [Worker-Main-9/INFO] (Minecraft) [STDOUT]: [Mixin] populateNoise intercepted chunk(22,-19)
[21:18:00] [Worker-Main-13/INFO] (Minecraft) [STDOUT]: [Mixin] populateNoise intercepted chunk(22,-9)
[21:18:00] [Worker-Main-4/INFO] (Minecraft) [STDOUT]: [Mixin] populateNoise intercepted chunk(22,-18)
[21:18:00] [Worker-Main-20/INFO] (Minecraft) [STDOUT]: [Mixin] populateNoise intercepted chunk(22,-8)
[21:18:00] [Worker-Main-3/INFO] (Minecraft) [STDOUT]: [Mixin] populateNoise intercepted chunk(22,-7)
[21:18:00] [Worker-Main-6/INFO] (Minecraft) [STDOUT]: [Mixin] buildSurface skipped chunk(21,-8)
[21:18:00] [Worker-Main-6/INFO] (Minecraft) [STDOUT]: [Mixin] populateNoise intercepted chunk(22,-11)
[21:18:00] [Worker-Main-15/INFO] (Minecraft) [STDOUT]: [Mixin] buildSurface skipped chunk(21,-7)
[21:18:00] [Worker-Main-8/INFO] (Minecraft) [STDOUT]: [Mixin] buildSurface skipped chunk(21,-9)
[21:18:00] [Worker-Main-15/INFO] (Minecraft) [STDOUT]: [Mixin] populateNoise intercepted chunk(22,-10)
[21:18:00] [Worker-Main-8/INFO] (Minecraft) [STDOUT]: [Mixin] populateNoise intercepted chunk(22,-12)
[21:18:00] [Worker-Main-22/INFO] (Minecraft) [STDOUT]: [Mixin] buildSurface skipped chunk(22,-28)
[21:18:00] [Worker-Main-22/INFO] (Minecraft) [STDOUT]: [Mixin] populateNoise intercepted chunk(22,-13)
[21:18:00] [Worker-Main-7/INFO] (Minecraft) [STDOUT]: [Mixin] buildSurface skipped chunk(22,-30)
[21:18:00] [Worker-Main-11/INFO] (Minecraft) [STDOUT]: [Mixin] buildSurface skipped chunk(22,-22)
[21:18:00] [Worker-Main-1/INFO] (Minecraft) [STDOUT]: [Mixin] buildSurface skipped chunk(22,-24)
[21:18:00] [Worker-Main-13/INFO] (Minecraft) [STDOUT]: [Mixin] populateNoise intercepted chunk(22,-17)
[21:18:00] [Worker-Main-5/INFO] (Minecraft) [STDOUT]: [Mixin] populateNoise intercepted chunk(22,-16)
[21:18:00] [Worker-Main-11/INFO] (Minecraft) [STDOUT]: [Mixin] buildSurface skipped chunk(22,-33)
[21:18:00] [Worker-Main-11/INFO] (Minecraft) [STDOUT]: [Mixin] buildSurface skipped chunk(22,-29)
[21:18:00] [Worker-Main-4/INFO] (Minecraft) [STDOUT]: [Mixin] buildSurface skipped chunk(22,-18)
[21:18:00] [Worker-Main-1/INFO] (Minecraft) [STDOUT]: [Mixin] buildSurface skipped chunk(22,-25)
[21:18:00] [Worker-Main-1/INFO] (Minecraft) [STDOUT]: [Mixin] buildSurface skipped chunk(22,-27)
[21:18:00] [Worker-Main-18/INFO] (Minecraft) [STDOUT]: [Mixin] buildSurface skipped chunk(22,-31)
[21:18:00] [Worker-Main-18/INFO] (Minecraft) [STDOUT]: [Mixin] buildSurface skipped chunk(22,-32)
[21:18:00] [Worker-Main-14/INFO] (Minecraft) [STDOUT]: [Mixin] buildSurface skipped chunk(22,-23)
[21:18:00] [Worker-Main-20/INFO] (Minecraft) [STDOUT]: [Mixin] buildSurface skipped chunk(22,-20)
[21:18:00] [Worker-Main-15/INFO] (Minecraft) [STDOUT]: [Mixin] buildSurface skipped chunk(22,-26)
[21:18:00] [Worker-Main-20/INFO] (Minecraft) [STDOUT]: [Mixin] buildSurface skipped chunk(22,-21)
[21:18:00] [Worker-Main-20/INFO] (Minecraft) [STDOUT]: [Mixin] buildSurface skipped chunk(22,-19)
[21:18:00] [Worker-Main-9/INFO] (Minecraft) [STDOUT]: [Mixin] buildSurface skipped chunk(22,-16)
[21:18:00] [Worker-Main-9/INFO] (Minecraft) [STDOUT]: [Mixin] buildSurface skipped chunk(22,-17)
[21:18:00] [Worker-Main-15/INFO] (Minecraft) [STDOUT]: [Mixin] populateNoise intercepted chunk(22,-15)
[21:18:00] [Worker-Main-5/INFO] (Minecraft) [STDOUT]: [Mixin] populateNoise intercepted chunk(22,-14)
[21:18:00] [Worker-Main-13/INFO] (Minecraft) [STDOUT]: [Mixin] buildSurface skipped chunk(22,-13)
[21:18:00] [Worker-Main-14/INFO] (Minecraft) [STDOUT]: [Mixin] buildSurface skipped chunk(22,-12)
[21:18:00] [Worker-Main-1/INFO] (Minecraft) [STDOUT]: [Mixin] buildSurface skipped chunk(22,-11)
[21:18:00] [Worker-Main-8/INFO] (Minecraft) [STDOUT]: [Mixin] buildSurface skipped chunk(22,-10)
[21:18:00] [Worker-Main-15/INFO] (Minecraft) [STDOUT]: [Mixin] buildSurface skipped chunk(22,-9)
[21:18:00] [Worker-Main-14/INFO] (Minecraft) [STDOUT]: [Mixin] buildSurface skipped chunk(22,-8)
[21:18:00] [Worker-Main-17/INFO] (Minecraft) [STDOUT]: [Mixin] buildSurface skipped chunk(22,-7)
[21:18:00] [Worker-Main-14/INFO] (Minecraft) [STDOUT]: [Mixin] buildSurface skipped chunk(21,-34)
[21:18:00] [Worker-Main-14/INFO] (Minecraft) [STDOUT]: [Mixin] buildSurface skipped chunk(22,-14)
[21:18:00] [Worker-Main-14/INFO] (Minecraft) [STDOUT]: [Mixin] buildSurface skipped chunk(22,-15)
[21:18:00] [Worker-Main-5/INFO] (Minecraft) [STDOUT]: [Mixin] populateNoise intercepted chunk(23,-32)
[21:18:00] [Worker-Main-15/INFO] (Minecraft) [STDOUT]: [Mixin] populateNoise intercepted chunk(23,-28)
[21:18:00] [Worker-Main-18/INFO] (Minecraft) [STDOUT]: [Mixin] populateNoise intercepted chunk(23,-31)
[21:18:00] [Worker-Main-4/INFO] (Minecraft) [STDOUT]: [Mixin] populateNoise intercepted chunk(23,-30)
[21:18:00] [Worker-Main-2/INFO] (Minecraft) [STDOUT]: [Mixin] populateNoise intercepted chunk(23,-27)
[21:18:00] [Worker-Main-13/INFO] (Minecraft) [STDOUT]: [Mixin] populateNoise intercepted chunk(23,-29)
[21:18:00] [Worker-Main-10/INFO] (Minecraft) [STDOUT]: [Mixin] populateNoise intercepted chunk(23,-26)
[21:18:00] [Worker-Main-14/INFO] (Minecraft) [STDOUT]: [Mixin] populateNoise intercepted chunk(23,-33)
[21:18:00] [Worker-Main-6/INFO] (Minecraft) [STDOUT]: [Mixin] populateNoise intercepted chunk(23,-18)
[21:18:00] [Worker-Main-6/INFO] (Minecraft) [STDOUT]: [Mixin] populateNoise intercepted chunk(23,-20)
[21:18:00] [Worker-Main-8/INFO] (Minecraft) [STDOUT]: [Mixin] populateNoise intercepted chunk(23,-19)
[21:18:00] [Worker-Main-23/INFO] (Minecraft) [STDOUT]: [Mixin] populateNoise intercepted chunk(23,-17)
[21:18:00] [Worker-Main-7/INFO] (Minecraft) [STDOUT]: [Mixin] populateNoise intercepted chunk(23,-22)
[21:18:00] [Worker-Main-22/INFO] (Minecraft) [STDOUT]: [Mixin] populateNoise intercepted chunk(23,-21)
[21:18:00] [Worker-Main-17/INFO] (Minecraft) [STDOUT]: [Mixin] populateNoise intercepted chunk(23,-16)
[21:18:00] [Worker-Main-1/INFO] (Minecraft) [STDOUT]: [Mixin] populateNoise intercepted chunk(23,-25)
[21:18:00] [Worker-Main-19/INFO] (Minecraft) [STDOUT]: [Mixin] populateNoise intercepted chunk(23,-24)
[21:18:00] [Worker-Main-16/INFO] (Minecraft) [STDOUT]: [Mixin] populateNoise intercepted chunk(23,-23)
[21:18:00] [Worker-Main-12/INFO] (Minecraft) [STDOUT]: [Mixin] populateNoise intercepted chunk(23,-15)
[21:18:00] [Worker-Main-11/INFO] (Minecraft) [STDOUT]: [Mixin] populateNoise intercepted chunk(23,-12)
[21:18:00] [Worker-Main-3/INFO] (Minecraft) [STDOUT]: [Mixin] populateNoise intercepted chunk(23,-14)
[21:18:00] [Worker-Main-9/INFO] (Minecraft) [STDOUT]: [Mixin] populateNoise intercepted chunk(23,-13)
[21:18:00] [Worker-Main-21/INFO] (Minecraft) [STDOUT]: [Mixin] populateNoise intercepted chunk(23,-11)
[21:18:00] [Worker-Main-5/INFO] (Minecraft) [STDOUT]: [Mixin] buildSurface skipped chunk(23,-32)
[21:18:00] [Worker-Main-5/INFO] (Minecraft) [STDOUT]: [Mixin] buildSurface skipped chunk(23,-30)
[21:18:00] [Worker-Main-5/INFO] (Minecraft) [STDOUT]: [Mixin] populateNoise intercepted chunk(23,-10)
[21:18:00] [Worker-Main-4/INFO] (Minecraft) [STDOUT]: [Mixin] populateNoise intercepted chunk(23,-9)
[21:18:00] [Worker-Main-14/INFO] (Minecraft) [STDOUT]: [Mixin] buildSurface skipped chunk(23,-33)
[21:18:00] [Worker-Main-14/INFO] (Minecraft) [STDOUT]: [Mixin] buildSurface skipped chunk(23,-26)
[21:18:00] [Worker-Main-14/INFO] (Minecraft) [STDOUT]: [Mixin] buildSurface skipped chunk(23,-28)
[21:18:00] [Worker-Main-15/INFO] (Minecraft) [STDOUT]: [Mixin] buildSurface skipped chunk(23,-29)
[21:18:00] [Worker-Main-15/INFO] (Minecraft) [STDOUT]: [Mixin] buildSurface skipped chunk(23,-22)
[21:18:00] [Worker-Main-15/INFO] (Minecraft) [STDOUT]: [Mixin] buildSurface skipped chunk(23,-20)
[21:18:00] [Worker-Main-6/INFO] (Minecraft) [STDOUT]: [Mixin] buildSurface skipped chunk(23,-18)
[21:18:00] [Worker-Main-6/INFO] (Minecraft) [STDOUT]: [Mixin] buildSurface skipped chunk(23,-17)
[21:18:00] [Worker-Main-6/INFO] (Minecraft) [STDOUT]: [Mixin] buildSurface skipped chunk(23,-19)
[21:18:00] [Worker-Main-11/INFO] (Minecraft) [STDOUT]: [Mixin] buildSurface skipped chunk(23,-21)
[21:18:00] [Worker-Main-11/INFO] (Minecraft) [STDOUT]: [Mixin] buildSurface skipped chunk(23,-25)
[21:18:00] [Worker-Main-18/INFO] (Minecraft) [STDOUT]: [Mixin] buildSurface skipped chunk(23,-16)
[21:18:00] [Worker-Main-11/INFO] (Minecraft) [STDOUT]: [Mixin] buildSurface skipped chunk(23,-12)
[21:18:00] [Worker-Main-6/INFO] (Minecraft) [STDOUT]: [Mixin] buildSurface skipped chunk(23,-31)
[21:18:00] [Worker-Main-11/INFO] (Minecraft) [STDOUT]: [Mixin] buildSurface skipped chunk(23,-13)
[21:18:00] [Worker-Main-19/INFO] (Minecraft) [STDOUT]: [Mixin] buildSurface skipped chunk(23,-24)
[21:18:00] [Worker-Main-18/INFO] (Minecraft) [STDOUT]: [Mixin] buildSurface skipped chunk(23,-27)
[21:18:00] [Worker-Main-22/INFO] (Minecraft) [STDOUT]: [Mixin] buildSurface skipped chunk(23,-23)
[21:18:00] [Worker-Main-4/INFO] (Minecraft) [STDOUT]: [Mixin] buildSurface skipped chunk(23,-15)
[21:18:00] [Worker-Main-4/INFO] (Minecraft) [STDOUT]: [Mixin] populateNoise intercepted chunk(23,-8)
[21:18:00] [Worker-Main-21/INFO] (Minecraft) [STDOUT]: [Mixin] populateNoise intercepted chunk(23,-7)
[21:18:00] [Worker-Main-22/INFO] (Minecraft) [STDOUT]: [Mixin] buildSurface skipped chunk(23,-14)
[21:18:00] [Worker-Main-5/INFO] (Minecraft) [STDOUT]: [Mixin] buildSurface skipped chunk(23,-11)
[21:18:00] [Worker-Main-3/INFO] (Minecraft) [STDOUT]: [Mixin] buildSurface skipped chunk(23,-10)
[21:18:00] [Worker-Main-22/INFO] (Minecraft) [STDOUT]: [Mixin] buildSurface skipped chunk(23,-9)
[21:18:00] [Worker-Main-11/INFO] (Minecraft) [STDOUT]: [Mixin] populateNoise intercepted chunk(22,-34)
[21:18:01] [Worker-Main-17/INFO] (Minecraft) [STDOUT]: [Mixin] buildSurface skipped chunk(23,-7)
[21:18:01] [Worker-Main-16/INFO] (Minecraft) [STDOUT]: [Mixin] buildSurface skipped chunk(23,-8)
[21:18:01] [Worker-Main-12/INFO] (Minecraft) [STDOUT]: [Mixin] buildSurface skipped chunk(22,-34)
[21:18:01] [Worker-Main-3/INFO] (Minecraft) [STDOUT]: [Mixin] populateNoise intercepted chunk(24,-31)
[21:18:01] [Worker-Main-21/INFO] (Minecraft) [STDOUT]: [Mixin] populateNoise intercepted chunk(24,-32)
[21:18:01] [Worker-Main-16/INFO] (Minecraft) [STDOUT]: [Mixin] populateNoise intercepted chunk(24,-33)
[21:18:01] [Worker-Main-21/INFO] (Minecraft) [STDOUT]: [Mixin] populateNoise intercepted chunk(24,-30)
[21:18:01] [Worker-Main-10/INFO] (Minecraft) [STDOUT]: [Mixin] populateNoise intercepted chunk(24,-29)
[21:18:01] [Worker-Main-4/INFO] (Minecraft) [STDOUT]: [Mixin] populateNoise intercepted chunk(24,-28)
[21:18:01] [Worker-Main-2/INFO] (Minecraft) [STDOUT]: [Mixin] populateNoise intercepted chunk(24,-27)
[21:18:01] [Worker-Main-14/INFO] (Minecraft) [STDOUT]: [Mixin] populateNoise intercepted chunk(24,-26)
[21:18:01] [Worker-Main-20/INFO] (Minecraft) [STDOUT]: [Mixin] populateNoise intercepted chunk(24,-25)
[21:18:01] [Worker-Main-18/INFO] (Minecraft) [STDOUT]: [Mixin] populateNoise intercepted chunk(24,-24)
[21:18:01] [Worker-Main-18/INFO] (Minecraft) [STDOUT]: [Mixin] populateNoise intercepted chunk(24,-23)
[21:18:01] [Worker-Main-23/INFO] (Minecraft) [STDOUT]: [Mixin] populateNoise intercepted chunk(24,-16)
[21:18:01] [Worker-Main-23/INFO] (Minecraft) [STDOUT]: [Mixin] populateNoise intercepted chunk(24,-22)
[21:18:01] [Worker-Main-6/INFO] (Minecraft) [STDOUT]: [Mixin] populateNoise intercepted chunk(24,-15)
[21:18:01] [Worker-Main-6/INFO] (Minecraft) [STDOUT]: [Mixin] populateNoise intercepted chunk(24,-21)
[21:18:01] [Worker-Main-17/INFO] (Minecraft) [STDOUT]: [Mixin] populateNoise intercepted chunk(24,-19)
[21:18:01] [Worker-Main-1/INFO] (Minecraft) [STDOUT]: [Mixin] populateNoise intercepted chunk(24,-18)
[21:18:01] [Worker-Main-13/INFO] (Minecraft) [STDOUT]: [Mixin] populateNoise intercepted chunk(24,-17)
[21:18:01] [Worker-Main-8/INFO] (Minecraft) [STDOUT]: [Mixin] populateNoise intercepted chunk(24,-14)
[21:18:01] [Worker-Main-9/INFO] (Minecraft) [STDOUT]: [Mixin] populateNoise intercepted chunk(24,-20)
[21:18:01] [Worker-Main-11/INFO] (Minecraft) [STDOUT]: [Mixin] populateNoise intercepted chunk(24,-13)
[21:18:01] [Worker-Main-5/INFO] (Minecraft) [STDOUT]: [Mixin] populateNoise intercepted chunk(24,-12)
[21:18:01] [Worker-Main-19/INFO] (Minecraft) [STDOUT]: [Mixin] populateNoise intercepted chunk(24,-11)
[21:18:01] [Worker-Main-12/INFO] (Minecraft) [STDOUT]: [Mixin] buildSurface skipped chunk(24,-32)
[21:18:01] [Worker-Main-12/INFO] (Minecraft) [STDOUT]: [Mixin] populateNoise intercepted chunk(24,-10)
[21:18:01] [Worker-Main-3/INFO] (Minecraft) [STDOUT]: [Mixin] buildSurface skipped chunk(24,-31)
[21:18:01] [Worker-Main-3/INFO] (Minecraft) [STDOUT]: [Mixin] populateNoise intercepted chunk(24,-9)
[21:18:01] [Worker-Main-2/INFO] (Minecraft) [STDOUT]: [Mixin] buildSurface skipped chunk(24,-27)
[21:18:01] [Worker-Main-2/INFO] (Minecraft) [STDOUT]: [Mixin] populateNoise intercepted chunk(24,-8)
[21:18:01] [Worker-Main-10/INFO] (Minecraft) [STDOUT]: [Mixin] buildSurface skipped chunk(24,-29)
[21:18:01] [Worker-Main-10/INFO] (Minecraft) [STDOUT]: [Mixin] populateNoise intercepted chunk(24,-7)
[21:18:01] [Worker-Main-18/INFO] (Minecraft) [STDOUT]: [Mixin] buildSurface skipped chunk(24,-23)
[21:18:01] [Worker-Main-13/INFO] (Minecraft) [STDOUT]: [Mixin] buildSurface skipped chunk(24,-33)
[21:18:01] [Worker-Main-18/INFO] (Minecraft) [STDOUT]: [Mixin] buildSurface skipped chunk(24,-17)
[21:18:01] [Worker-Main-18/INFO] (Minecraft) [STDOUT]: [Mixin] buildSurface skipped chunk(24,-30)
[21:18:01] [Worker-Main-16/INFO] (Minecraft) [STDOUT]: [Mixin] buildSurface skipped chunk(24,-26)
[21:18:01] [Worker-Main-16/INFO] (Minecraft) [STDOUT]: [Mixin] buildSurface skipped chunk(24,-21)
[21:18:01] [Worker-Main-16/INFO] (Minecraft) [STDOUT]: [Mixin] buildSurface skipped chunk(24,-28)
[21:18:01] [Worker-Main-17/INFO] (Minecraft) [STDOUT]: [Mixin] buildSurface skipped chunk(24,-15)
[21:18:01] [Worker-Main-17/INFO] (Minecraft) [STDOUT]: [Mixin] buildSurface skipped chunk(24,-16)
[21:18:01] [Worker-Main-23/INFO] (Minecraft) [STDOUT]: [Mixin] buildSurface skipped chunk(24,-18)
[21:18:01] [Worker-Main-23/INFO] (Minecraft) [STDOUT]: [Mixin] buildSurface skipped chunk(24,-14)
[21:18:01] [Worker-Main-23/INFO] (Minecraft) [STDOUT]: [Mixin] buildSurface skipped chunk(24,-19)
[21:18:01] [Worker-Main-17/INFO] (Minecraft) [STDOUT]: [Mixin] buildSurface skipped chunk(24,-22)
[21:18:01] [Worker-Main-17/INFO] (Minecraft) [STDOUT]: [Mixin] buildSurface skipped chunk(24,-13)
[21:18:01] [Worker-Main-17/INFO] (Minecraft) [STDOUT]: [Mixin] buildSurface skipped chunk(24,-25)
[21:18:01] [Worker-Main-16/INFO] (Minecraft) [STDOUT]: [Mixin] buildSurface skipped chunk(24,-24)
[21:18:01] [Worker-Main-3/INFO] (Minecraft) [STDOUT]: [Mixin] buildSurface skipped chunk(24,-20)
[21:18:01] [Worker-Main-2/INFO] (Minecraft) [STDOUT]: [Mixin] buildSurface skipped chunk(24,-12)
[21:18:01] [Worker-Main-23/INFO] (Minecraft) [STDOUT]: [Mixin] buildSurface skipped chunk(24,-11)
[21:18:01] [Worker-Main-2/INFO] (Minecraft) [STDOUT]: [Mixin] buildSurface skipped chunk(24,-7)
[21:18:01] [Worker-Main-2/INFO] (Minecraft) [STDOUT]: [Mixin] buildSurface skipped chunk(24,-8)
[21:18:01] [Worker-Main-17/INFO] (Minecraft) [STDOUT]: [Mixin] buildSurface skipped chunk(24,-9)
[21:18:01] [Worker-Main-23/INFO] (Minecraft) [STDOUT]: [Mixin] buildSurface skipped chunk(24,-10)
[21:18:01] [Worker-Main-2/INFO] (Minecraft) [STDOUT]: [Mixin] populateNoise intercepted chunk(23,-34)
[21:18:01] [Worker-Main-14/INFO] (Minecraft) [STDOUT]: [Mixin] populateNoise intercepted chunk(25,-33)
[21:18:01] [Worker-Main-1/INFO] (Minecraft) [STDOUT]: [Mixin] populateNoise intercepted chunk(25,-32)
[21:18:01] [Worker-Main-11/INFO] (Minecraft) [STDOUT]: [Mixin] populateNoise intercepted chunk(25,-31)
[21:18:01] [Worker-Main-11/INFO] (Minecraft) [STDOUT]: [Mixin] populateNoise intercepted chunk(25,-30)
[21:18:01] [Worker-Main-19/INFO] (Minecraft) [STDOUT]: [Mixin] populateNoise intercepted chunk(25,-29)
[21:18:01] [Worker-Main-9/INFO] (Minecraft) [STDOUT]: [Mixin] populateNoise intercepted chunk(25,-25)
[21:18:01] [Worker-Main-3/INFO] (Minecraft) [STDOUT]: [Mixin] populateNoise intercepted chunk(25,-19)
[21:18:01] [Worker-Main-3/INFO] (Minecraft) [STDOUT]: [Mixin] populateNoise intercepted chunk(25,-21)
[21:18:01] [Worker-Main-5/INFO] (Minecraft) [STDOUT]: [Mixin] populateNoise intercepted chunk(25,-20)
[21:18:01] [Worker-Main-3/INFO] (Minecraft) [STDOUT]: [Mixin] populateNoise intercepted chunk(25,-18)
[21:18:01] [Worker-Main-12/INFO] (Minecraft) [STDOUT]: [Mixin] populateNoise intercepted chunk(25,-17)
[21:18:01] [Worker-Main-23/INFO] (Minecraft) [STDOUT]: [Mixin] populateNoise intercepted chunk(25,-28)
[21:18:01] [Worker-Main-21/INFO] (Minecraft) [STDOUT]: [Mixin] populateNoise intercepted chunk(25,-27)
[21:18:01] [Worker-Main-21/INFO] (Minecraft) [STDOUT]: [Mixin] populateNoise intercepted chunk(25,-26)
[21:18:01] [Worker-Main-17/INFO] (Minecraft) [STDOUT]: [Mixin] populateNoise intercepted chunk(25,-24)
[21:18:01] [Worker-Main-15/INFO] (Minecraft) [STDOUT]: [Mixin] populateNoise intercepted chunk(25,-23)
[21:18:01] [Worker-Main-10/INFO] (Minecraft) [STDOUT]: [Mixin] populateNoise intercepted chunk(25,-22)
[21:18:01] [Worker-Main-16/INFO] (Minecraft) [STDOUT]: [Mixin] populateNoise intercepted chunk(25,-7)
[21:18:01] [Worker-Main-22/INFO] (Minecraft) [STDOUT]: [Mixin] populateNoise intercepted chunk(25,-9)
[21:18:01] [Worker-Main-4/INFO] (Minecraft) [STDOUT]: [Mixin] populateNoise intercepted chunk(25,-11)
[21:18:01] [Worker-Main-8/INFO] (Minecraft) [STDOUT]: [Mixin] populateNoise intercepted chunk(25,-8)
[21:18:01] [Worker-Main-6/INFO] (Minecraft) [STDOUT]: [Mixin] populateNoise intercepted chunk(25,-10)
[21:18:01] [Worker-Main-2/INFO] (Minecraft) [STDOUT]: [Mixin] populateNoise intercepted chunk(25,-16)
[21:18:01] [Worker-Main-1/INFO] (Minecraft) [STDOUT]: [Mixin] populateNoise intercepted chunk(25,-15)
[21:18:01] [Worker-Main-12/INFO] (Minecraft) [STDOUT]: [Mixin] populateNoise intercepted chunk(25,-14)
[21:18:01] [Worker-Main-18/INFO] (Minecraft) [STDOUT]: [Mixin] populateNoise intercepted chunk(25,-13)
[21:18:01] [Worker-Main-7/INFO] (Minecraft) [STDOUT]: [Mixin] populateNoise intercepted chunk(25,-12)
[21:18:01] [Worker-Main-13/INFO] (Minecraft) [STDOUT]: [Mixin] buildSurface skipped chunk(25,-32)
[21:18:01] [Worker-Main-13/INFO] (Minecraft) [STDOUT]: [Mixin] buildSurface skipped chunk(25,-17)
[21:18:01] [Worker-Main-13/INFO] (Minecraft) [STDOUT]: [Mixin] buildSurface skipped chunk(25,-21)
[21:18:01] [Worker-Main-13/INFO] (Minecraft) [STDOUT]: [Mixin] buildSurface skipped chunk(25,-31)
[21:18:01] [Worker-Main-13/INFO] (Minecraft) [STDOUT]: [Mixin] buildSurface skipped chunk(25,-27)
[21:18:01] [Worker-Main-16/INFO] (Minecraft) [STDOUT]: [Mixin] buildSurface skipped chunk(25,-18)
[21:18:01] [Worker-Main-17/INFO] (Minecraft) [STDOUT]: [Mixin] buildSurface skipped chunk(25,-26)
[21:18:01] [Worker-Main-15/INFO] (Minecraft) [STDOUT]: [Mixin] buildSurface skipped chunk(25,-29)
[21:18:01] [Worker-Main-23/INFO] (Minecraft) [STDOUT]: [Mixin] buildSurface skipped chunk(25,-30)
[21:18:01] [Worker-Main-23/INFO] (Minecraft) [STDOUT]: [Mixin] buildSurface skipped chunk(25,-23)
[21:18:01] [Worker-Main-17/INFO] (Minecraft) [STDOUT]: [Mixin] buildSurface skipped chunk(25,-24)
[21:18:01] [Worker-Main-17/INFO] (Minecraft) [STDOUT]: [Mixin] buildSurface skipped chunk(25,-28)
[21:18:01] [Worker-Main-15/INFO] (Minecraft) [STDOUT]: [Mixin] buildSurface skipped chunk(25,-25)
[21:18:01] [Worker-Main-4/INFO] (Minecraft) [STDOUT]: [Mixin] buildSurface skipped chunk(25,-20)
[21:18:01] [Worker-Main-15/INFO] (Minecraft) [STDOUT]: [Mixin] buildSurface skipped chunk(25,-19)
[21:18:01] [Worker-Main-15/INFO] (Minecraft) [STDOUT]: [Mixin] buildSurface skipped chunk(25,-33)
[21:18:01] [Worker-Main-15/INFO] (Minecraft) [STDOUT]: [Mixin] buildSurface skipped chunk(25,-22)
[21:18:01] [Worker-Main-2/INFO] (Minecraft) [STDOUT]: [Mixin] buildSurface skipped chunk(25,-11)
[21:18:01] [Worker-Main-15/INFO] (Minecraft) [STDOUT]: [Mixin] buildSurface skipped chunk(25,-10)
[21:18:01] [Worker-Main-9/INFO] (Minecraft) [STDOUT]: [Mixin] buildSurface skipped chunk(25,-9)
[21:18:01] [Worker-Main-7/INFO] (Minecraft) [STDOUT]: [Mixin] buildSurface skipped chunk(25,-16)
[21:18:01] [Worker-Main-15/INFO] (Minecraft) [STDOUT]: [Mixin] buildSurface skipped chunk(25,-8)
[21:18:01] [Worker-Main-15/INFO] (Minecraft) [STDOUT]: [Mixin] buildSurface skipped chunk(25,-7)
[21:18:01] [Worker-Main-9/INFO] (Minecraft) [STDOUT]: [Mixin] buildSurface skipped chunk(25,-12)
[21:18:01] [Worker-Main-18/INFO] (Minecraft) [STDOUT]: [Mixin] buildSurface skipped chunk(25,-13)
[21:18:01] [Worker-Main-18/INFO] (Minecraft) [STDOUT]: [Mixin] buildSurface skipped chunk(25,-15)
[21:18:01] [Worker-Main-9/INFO] (Minecraft) [STDOUT]: [Mixin] buildSurface skipped chunk(25,-14)
[21:18:01] [Worker-Main-14/INFO] (Minecraft) [STDOUT]: [Mixin] populateNoise intercepted chunk(24,-34)
[21:18:01] [Worker-Main-2/INFO] (Minecraft) [STDOUT]: [Mixin] buildSurface skipped chunk(23,-34)
[21:18:01] [Worker-Main-18/INFO] (Minecraft) [STDOUT]: [Mixin] populateNoise intercepted chunk(26,-33)
[21:18:01] [Worker-Main-12/INFO] (Minecraft) [STDOUT]: [Mixin] populateNoise intercepted chunk(26,-32)
[21:18:01] [Worker-Main-5/INFO] (Minecraft) [STDOUT]: [Mixin] populateNoise intercepted chunk(26,-31)
[21:18:01] [Worker-Main-7/INFO] (Minecraft) [STDOUT]: [Mixin] populateNoise intercepted chunk(26,-30)
[21:18:01] [Worker-Main-16/INFO] (Minecraft) [STDOUT]: [Mixin] populateNoise intercepted chunk(26,-29)
[21:18:01] [Worker-Main-6/INFO] (Minecraft) [STDOUT]: [Mixin] populateNoise intercepted chunk(26,-28)
[21:18:01] [Worker-Main-4/INFO] (Minecraft) [STDOUT]: [Mixin] populateNoise intercepted chunk(26,-27)
[21:18:01] [Worker-Main-11/INFO] (Minecraft) [STDOUT]: [Mixin] populateNoise intercepted chunk(26,-26)
[21:18:01] [Worker-Main-22/INFO] (Minecraft) [STDOUT]: [Mixin] populateNoise intercepted chunk(26,-20)
[21:18:01] [Worker-Main-3/INFO] (Minecraft) [STDOUT]: [Mixin] populateNoise intercepted chunk(26,-19)
[21:18:01] [Worker-Main-10/INFO] (Minecraft) [STDOUT]: [Mixin] populateNoise intercepted chunk(26,-18)
[21:18:01] [Worker-Main-23/INFO] (Minecraft) [STDOUT]: [Mixin] populateNoise intercepted chunk(26,-17)
[21:18:01] [Worker-Main-19/INFO] (Minecraft) [STDOUT]: [Mixin] populateNoise intercepted chunk(26,-22)
[21:18:01] [Worker-Main-17/INFO] (Minecraft) [STDOUT]: [Mixin] populateNoise intercepted chunk(26,-21)
[21:18:01] [Worker-Main-20/INFO] (Minecraft) [STDOUT]: [Mixin] populateNoise intercepted chunk(26,-25)
[21:18:01] [Worker-Main-8/INFO] (Minecraft) [STDOUT]: [Mixin] populateNoise intercepted chunk(26,-24)
[21:18:01] [Worker-Main-13/INFO] (Minecraft) [STDOUT]: [Mixin] populateNoise intercepted chunk(26,-23)
[21:18:01] [Worker-Main-9/INFO] (Minecraft) [STDOUT]: [Mixin] populateNoise intercepted chunk(26,-16)
[21:18:01] [Worker-Main-2/INFO] (Minecraft) [STDOUT]: [Mixin] populateNoise intercepted chunk(26,-7)
[21:18:01] [Worker-Main-15/INFO] (Minecraft) [STDOUT]: [Mixin] populateNoise intercepted chunk(26,-9)
[21:18:01] [Worker-Main-1/INFO] (Minecraft) [STDOUT]: [Mixin] populateNoise intercepted chunk(26,-8)
[21:18:01] [Worker-Main-21/INFO] (Minecraft) [STDOUT]: [Mixin] populateNoise intercepted chunk(26,-10)
[21:18:01] [Worker-Main-14/INFO] (Minecraft) [STDOUT]: [Mixin] populateNoise intercepted chunk(26,-15)
[21:18:01] [Worker-Main-11/INFO] (Minecraft) [STDOUT]: [Mixin] populateNoise intercepted chunk(26,-14)
[21:18:01] [Worker-Main-7/INFO] (Minecraft) [STDOUT]: [Mixin] buildSurface skipped chunk(26,-26)
[21:18:01] [Worker-Main-7/INFO] (Minecraft) [STDOUT]: [Mixin] buildSurface skipped chunk(26,-30)
[21:18:01] [Worker-Main-23/INFO] (Minecraft) [STDOUT]: [Mixin] populateNoise intercepted chunk(26,-13)
[21:18:01] [Worker-Main-7/INFO] (Minecraft) [STDOUT]: [Mixin] buildSurface skipped chunk(26,-17)
[21:18:01] [Worker-Main-6/INFO] (Minecraft) [STDOUT]: [Mixin] buildSurface skipped chunk(26,-28)
[21:18:01] [Worker-Main-6/INFO] (Minecraft) [STDOUT]: [Mixin] populateNoise intercepted chunk(26,-12)
[21:18:01] [Worker-Main-7/INFO] (Minecraft) [STDOUT]: [Mixin] buildSurface skipped chunk(26,-27)
[21:18:01] [Worker-Main-4/INFO] (Minecraft) [STDOUT]: [Mixin] buildSurface skipped chunk(26,-20)
[21:18:01] [Worker-Main-4/INFO] (Minecraft) [STDOUT]: [Mixin] buildSurface skipped chunk(26,-33)
[21:18:01] [Worker-Main-7/INFO] (Minecraft) [STDOUT]: [Mixin] buildSurface skipped chunk(26,-31)
[21:18:01] [Worker-Main-7/INFO] (Minecraft) [STDOUT]: [Mixin] buildSurface skipped chunk(26,-18)
[21:18:01] [Worker-Main-7/INFO] (Minecraft) [STDOUT]: [Mixin] buildSurface skipped chunk(26,-29)
[21:18:01] [Worker-Main-3/INFO] (Minecraft) [STDOUT]: [Mixin] buildSurface skipped chunk(26,-23)
[21:18:01] [Worker-Main-9/INFO] (Minecraft) [STDOUT]: [Mixin] buildSurface skipped chunk(26,-21)
[21:18:01] [Worker-Main-9/INFO] (Minecraft) [STDOUT]: [Mixin] buildSurface skipped chunk(26,-24)
[21:18:01] [Worker-Main-13/INFO] (Minecraft) [STDOUT]: [Mixin] buildSurface skipped chunk(26,-16)
[21:18:01] [Worker-Main-19/INFO] (Minecraft) [STDOUT]: [Mixin] buildSurface skipped chunk(26,-19)
[21:18:01] [Worker-Main-15/INFO] (Minecraft) [STDOUT]: [Mixin] buildSurface skipped chunk(26,-22)
[21:18:01] [Worker-Main-1/INFO] (Minecraft) [STDOUT]: [Mixin] buildSurface skipped chunk(26,-25)
[21:18:01] [Worker-Main-15/INFO] (Minecraft) [STDOUT]: [Mixin] buildSurface skipped chunk(26,-32)
[21:18:01] [Worker-Main-11/INFO] (Minecraft) [STDOUT]: [CHUNKTIME] n=2048 perChunk(ms): mixin=91.31 gap=98.65 | sumMixin=187.0s sumGap=202.0s | inflight max=23 now=2
[21:18:01] [Worker-Main-11/INFO] (Minecraft) [STDOUT]: [Mixin] buildSurface skipped chunk(26,-15)
[21:18:01] [Worker-Main-15/INFO] (Minecraft) [STDOUT]: [Mixin] populateNoise intercepted chunk(26,-11)
[21:18:01] [Worker-Main-9/INFO] (Minecraft) [STDOUT]: [Mixin] buildSurface skipped chunk(26,-10)
[21:18:01] [Worker-Main-9/INFO] (Minecraft) [STDOUT]: [Mixin] buildSurface skipped chunk(26,-13)
[21:18:01] [Worker-Main-9/INFO] (Minecraft) [STDOUT]: [Mixin] buildSurface skipped chunk(26,-14)
[21:18:01] [Worker-Main-3/INFO] (Minecraft) [STDOUT]: [Mixin] buildSurface skipped chunk(26,-9)
[21:18:01] [Worker-Main-3/INFO] (Minecraft) [STDOUT]: [Mixin] buildSurface skipped chunk(26,-8)
[21:18:01] [Worker-Main-11/INFO] (Minecraft) [STDOUT]: [Mixin] buildSurface skipped chunk(26,-7)
[21:18:01] [Worker-Main-9/INFO] (Minecraft) [STDOUT]: [Mixin] buildSurface skipped chunk(24,-34)
[21:18:01] [Worker-Main-20/INFO] (Minecraft) [STDOUT]: [Mixin] populateNoise intercepted chunk(27,-33)
[21:18:01] [Worker-Main-17/INFO] (Minecraft) [STDOUT]: [Mixin] populateNoise intercepted chunk(27,-32)
[21:18:01] [Worker-Main-9/INFO] (Minecraft) [STDOUT]: [Mixin] populateNoise intercepted chunk(27,-31)
[21:18:01] [Worker-Main-13/INFO] (Minecraft) [STDOUT]: [Mixin] populateNoise intercepted chunk(25,-34)
[21:18:01] [Worker-Main-1/INFO] (Minecraft) [STDOUT]: [Mixin] populateNoise intercepted chunk(27,-30)
[21:18:01] [Worker-Main-14/INFO] (Minecraft) [STDOUT]: [Mixin] populateNoise intercepted chunk(27,-29)
[21:18:01] [Worker-Main-12/INFO] (Minecraft) [STDOUT]: [Mixin] populateNoise intercepted chunk(27,-28)
[21:18:01] [Worker-Main-19/INFO] (Minecraft) [STDOUT]: [Mixin] populateNoise intercepted chunk(27,-27)
[21:18:01] [Worker-Main-8/INFO] (Minecraft) [STDOUT]: [Mixin] populateNoise intercepted chunk(27,-26)
[21:18:01] [Worker-Main-22/INFO] (Minecraft) [STDOUT]: [Mixin] populateNoise intercepted chunk(27,-18)
[21:18:01] [Worker-Main-18/INFO] (Minecraft) [STDOUT]: [Mixin] populateNoise intercepted chunk(27,-25)
[21:18:01] [Worker-Main-10/INFO] (Minecraft) [STDOUT]: [Mixin] populateNoise intercepted chunk(27,-24)
[21:18:01] [Worker-Main-3/INFO] (Minecraft) [STDOUT]: [Mixin] populateNoise intercepted chunk(27,-23)
[21:18:01] [Worker-Main-4/INFO] (Minecraft) [STDOUT]: [Mixin] populateNoise intercepted chunk(27,-19)
[21:18:01] [Worker-Main-23/INFO] (Minecraft) [STDOUT]: [Mixin] populateNoise intercepted chunk(27,-22)
[21:18:01] [Worker-Main-11/INFO] (Minecraft) [STDOUT]: [Mixin] populateNoise intercepted chunk(27,-21)
[21:18:01] [Worker-Main-7/INFO] (Minecraft) [STDOUT]: [Mixin] populateNoise intercepted chunk(27,-20)
[21:18:01] [Worker-Main-21/INFO] (Minecraft) [STDOUT]: [Mixin] populateNoise intercepted chunk(27,-10)
[21:18:01] [Worker-Main-5/INFO] (Minecraft) [STDOUT]: [Mixin] populateNoise intercepted chunk(27,-11)
[21:18:01] [Worker-Main-16/INFO] (Minecraft) [STDOUT]: [Mixin] populateNoise intercepted chunk(27,-9)
[21:18:01] [Worker-Main-2/INFO] (Minecraft) [STDOUT]: [Mixin] populateNoise intercepted chunk(27,-8)
[21:18:01] [Worker-Main-6/INFO] (Minecraft) [STDOUT]: [Mixin] buildSurface skipped chunk(26,-12)
[21:18:01] [Worker-Main-6/INFO] (Minecraft) [STDOUT]: [Mixin] populateNoise intercepted chunk(27,-7)
[21:18:01] [Worker-Main-15/INFO] (Minecraft) [STDOUT]: [Mixin] buildSurface skipped chunk(26,-11)
[21:18:01] [Worker-Main-15/INFO] (Minecraft) [STDOUT]: [Mixin] buildSurface skipped chunk(27,-30)
[21:18:01] [Worker-Main-4/INFO] (Minecraft) [STDOUT]: [Mixin] buildSurface skipped chunk(27,-28)
[21:18:01] [Worker-Main-19/INFO] (Minecraft) [STDOUT]: [Mixin] buildSurface skipped chunk(27,-27)
[21:18:01] [Worker-Main-11/INFO] (Minecraft) [STDOUT]: [Mixin] buildSurface skipped chunk(27,-29)
[21:18:01] [Worker-Main-19/INFO] (Minecraft) [STDOUT]: [Mixin] buildSurface skipped chunk(27,-33)
[21:18:01] [Worker-Main-19/INFO] (Minecraft) [STDOUT]: [Mixin] buildSurface skipped chunk(27,-20)
[21:18:01] [Worker-Main-2/INFO] (Minecraft) [STDOUT]: [Mixin] buildSurface skipped chunk(27,-26)
[21:18:01] [Worker-Main-19/INFO] (Minecraft) [STDOUT]: [Mixin] buildSurface skipped chunk(27,-31)
[21:18:01] [Worker-Main-2/INFO] (Minecraft) [STDOUT]: [Mixin] buildSurface skipped chunk(27,-25)
[21:18:01] [Worker-Main-2/INFO] (Minecraft) [STDOUT]: [Mixin] buildSurface skipped chunk(27,-23)
[21:18:01] [Worker-Main-4/INFO] (Minecraft) [STDOUT]: [Mixin] buildSurface skipped chunk(27,-21)
[21:18:01] [Worker-Main-11/INFO] (Minecraft) [STDOUT]: [Mixin] buildSurface skipped chunk(27,-19)
[21:18:01] [Worker-Main-2/INFO] (Minecraft) [STDOUT]: [Mixin] buildSurface skipped chunk(27,-24)
[21:18:01] [Worker-Main-23/INFO] (Minecraft) [STDOUT]: [Mixin] buildSurface skipped chunk(27,-32)
[21:18:01] [Worker-Main-16/INFO] (Minecraft) [STDOUT]: [Mixin] buildSurface skipped chunk(27,-18)
[21:18:01] [Worker-Main-16/INFO] (Minecraft) [STDOUT]: [Mixin] buildSurface skipped chunk(27,-22)
[21:18:01] [Worker-Main-2/INFO] (Minecraft) [STDOUT]: [Mixin] populateNoise intercepted chunk(27,-14)
[21:18:01] [Worker-Main-23/INFO] (Minecraft) [STDOUT]: [Mixin] populateNoise intercepted chunk(27,-13)
[21:18:01] [Worker-Main-16/INFO] (Minecraft) [STDOUT]: [Mixin] populateNoise intercepted chunk(27,-12)
[21:18:01] [Worker-Main-22/INFO] (Minecraft) [STDOUT]: [Mixin] buildSurface skipped chunk(27,-8)
[21:18:01] [Worker-Main-22/INFO] (Minecraft) [STDOUT]: [Mixin] buildSurface skipped chunk(27,-11)
[21:18:01] [Worker-Main-10/INFO] (Minecraft) [STDOUT]: [Mixin] buildSurface skipped chunk(25,-34)
[21:18:01] [Worker-Main-10/INFO] (Minecraft) [STDOUT]: [Mixin] buildSurface skipped chunk(27,-9)
[21:18:01] [Worker-Main-21/INFO] (Minecraft) [STDOUT]: [Mixin] buildSurface skipped chunk(27,-10)
[21:18:01] [Worker-Main-10/INFO] (Minecraft) [STDOUT]: [Mixin] buildSurface skipped chunk(27,-7)
[21:18:01] [Worker-Main-11/INFO] (Minecraft) [STDOUT]: [Mixin] populateNoise intercepted chunk(27,-17)
[21:18:01] [Worker-Main-6/INFO] (Minecraft) [STDOUT]: [Mixin] populateNoise intercepted chunk(27,-16)
[21:18:01] [Worker-Main-21/INFO] (Minecraft) [STDOUT]: [Mixin] populateNoise intercepted chunk(27,-15)
[21:18:01] [Worker-Main-13/INFO] (Minecraft) [STDOUT]: [Mixin] buildSurface skipped chunk(27,-14)
[21:18:01] [Worker-Main-5/INFO] (Minecraft) [STDOUT]: [Mixin] buildSurface skipped chunk(27,-12)
[21:18:01] [Worker-Main-5/INFO] (Minecraft) [STDOUT]: [Mixin] buildSurface skipped chunk(27,-13)
[21:18:01] [Worker-Main-8/INFO] (Minecraft) [STDOUT]: [Mixin] populateNoise intercepted chunk(28,-33)
[21:18:01] [Worker-Main-16/INFO] (Minecraft) [STDOUT]: [Mixin] populateNoise intercepted chunk(28,-32)
[21:18:01] [Worker-Main-10/INFO] (Minecraft) [STDOUT]: [Mixin] populateNoise intercepted chunk(28,-31)
[21:18:01] [Worker-Main-14/INFO] (Minecraft) [STDOUT]: [Mixin] populateNoise intercepted chunk(28,-30)
[21:18:01] [Worker-Main-18/INFO] (Minecraft) [STDOUT]: [Mixin] populateNoise intercepted chunk(28,-29)
[21:18:01] [Worker-Main-2/INFO] (Minecraft) [STDOUT]: [Mixin] populateNoise intercepted chunk(28,-28)
[21:18:01] [Worker-Main-7/INFO] (Minecraft) [STDOUT]: [Mixin] populateNoise intercepted chunk(28,-27)
[21:18:01] [Worker-Main-5/INFO] (Minecraft) [STDOUT]: [Mixin] populateNoise intercepted chunk(28,-26)
[21:18:01] [Worker-Main-1/INFO] (Minecraft) [STDOUT]: [Mixin] populateNoise intercepted chunk(28,-25)
[21:18:01] [Worker-Main-19/INFO] (Minecraft) [STDOUT]: [Mixin] populateNoise intercepted chunk(28,-24)
[21:18:01] [Worker-Main-15/INFO] (Minecraft) [STDOUT]: [Mixin] populateNoise intercepted chunk(28,-23)
[21:18:01] [Worker-Main-22/INFO] (Minecraft) [STDOUT]: [Mixin] populateNoise intercepted chunk(28,-22)
[21:18:01] [Worker-Main-13/INFO] (Minecraft) [STDOUT]: [Mixin] populateNoise intercepted chunk(28,-15)
[21:18:01] [Worker-Main-4/INFO] (Minecraft) [STDOUT]: [Mixin] populateNoise intercepted chunk(28,-8)
[21:18:01] [Worker-Main-23/INFO] (Minecraft) [STDOUT]: [Mixin] populateNoise intercepted chunk(28,-7)
[21:18:01] [Worker-Main-9/INFO] (Minecraft) [STDOUT]: [Mixin] populateNoise intercepted chunk(28,-11)
[21:18:01] [Worker-Main-20/INFO] (Minecraft) [STDOUT]: [Mixin] populateNoise intercepted chunk(28,-10)
[21:18:01] [Worker-Main-17/INFO] (Minecraft) [STDOUT]: [Mixin] populateNoise intercepted chunk(28,-9)
[21:18:01] [Worker-Main-12/INFO] (Minecraft) [STDOUT]: [Mixin] populateNoise intercepted chunk(28,-16)
[21:18:01] [Worker-Main-3/INFO] (Minecraft) [STDOUT]: [Mixin] populateNoise intercepted chunk(28,-14)
[21:18:01] [Worker-Main-6/INFO] (Minecraft) [STDOUT]: [Mixin] buildSurface skipped chunk(27,-16)
[21:18:01] [Worker-Main-6/INFO] (Minecraft) [STDOUT]: [Mixin] buildSurface skipped chunk(27,-17)
[21:18:01] [Worker-Main-11/INFO] (Minecraft) [STDOUT]: [Mixin] buildSurface skipped chunk(27,-15)
[21:18:01] [Worker-Main-11/INFO] (Minecraft) [STDOUT]: [Mixin] populateNoise intercepted chunk(28,-13)
[21:18:01] [Worker-Main-6/INFO] (Minecraft) [STDOUT]: [Mixin] populateNoise intercepted chunk(28,-12)
[21:18:01] [Worker-Main-21/INFO] (Minecraft) [STDOUT]: [Mixin] populateNoise intercepted chunk(28,-17)
[21:18:01] [Worker-Main-16/INFO] (Minecraft) [STDOUT]: [Mixin] populateNoise intercepted chunk(28,-18)
[21:18:01] [Worker-Main-19/INFO] (Minecraft) [STDOUT]: [Mixin] buildSurface skipped chunk(28,-32)
[21:18:01] [Worker-Main-19/INFO] (Minecraft) [STDOUT]: [Mixin] buildSurface skipped chunk(28,-24)
[21:18:01] [Worker-Main-19/INFO] (Minecraft) [STDOUT]: [Mixin] buildSurface skipped chunk(28,-29)
[21:18:01] [Worker-Main-22/INFO] (Minecraft) [STDOUT]: [Mixin] buildSurface skipped chunk(28,-22)
[21:18:01] [Worker-Main-19/INFO] (Minecraft) [STDOUT]: [Mixin] populateNoise intercepted chunk(28,-21)
[21:18:01] [Worker-Main-18/INFO] (Minecraft) [STDOUT]: [Mixin] populateNoise intercepted chunk(28,-20)
[21:18:01] [Worker-Main-22/INFO] (Minecraft) [STDOUT]: [Mixin] populateNoise intercepted chunk(28,-19)
[21:18:01] [Worker-Main-8/INFO] (Minecraft) [STDOUT]: [Mixin] buildSurface skipped chunk(28,-33)
[21:18:01] [Worker-Main-7/INFO] (Minecraft) [STDOUT]: [Mixin] buildSurface skipped chunk(28,-27)
[21:18:01] [Worker-Main-2/INFO] (Minecraft) [STDOUT]: [Mixin] buildSurface skipped chunk(28,-28)
[21:18:01] [Worker-Main-2/INFO] (Minecraft) [STDOUT]: [Mixin] buildSurface skipped chunk(28,-30)
[21:18:02] [Worker-Main-2/INFO] (Minecraft) [STDOUT]: [Mixin] buildSurface skipped chunk(28,-25)
[21:18:02] [Worker-Main-1/INFO] (Minecraft) [STDOUT]: [Mixin] buildSurface skipped chunk(28,-31)
[21:18:02] [Worker-Main-4/INFO] (Minecraft) [STDOUT]: [Mixin] buildSurface skipped chunk(28,-23)
[21:18:02] [Worker-Main-4/INFO] (Minecraft) [STDOUT]: [Mixin] buildSurface skipped chunk(28,-14)
[21:18:02] [Worker-Main-17/INFO] (Minecraft) [STDOUT]: [Mixin] buildSurface skipped chunk(28,-15)
[21:18:02] [Worker-Main-20/INFO] (Minecraft) [STDOUT]: [Mixin] buildSurface skipped chunk(28,-26)
[21:18:02] [Worker-Main-1/INFO] (Minecraft) [STDOUT]: [Mixin] buildSurface skipped chunk(28,-16)
[21:18:02] [Worker-Main-6/INFO] (Minecraft) [STDOUT]: [Mixin] buildSurface skipped chunk(28,-11)
[21:18:02] [Worker-Main-1/INFO] (Minecraft) [STDOUT]: [Mixin] buildSurface skipped chunk(28,-10)
[21:18:02] [Worker-Main-1/INFO] (Minecraft) [STDOUT]: [Mixin] buildSurface skipped chunk(28,-9)
[21:18:02] [Worker-Main-1/INFO] (Minecraft) [STDOUT]: [Mixin] buildSurface skipped chunk(28,-12)
[21:18:02] [Worker-Main-18/INFO] (Minecraft) [STDOUT]: [Mixin] buildSurface skipped chunk(28,-13)
[21:18:02] [Worker-Main-13/INFO] (Minecraft) [STDOUT]: [Mixin] buildSurface skipped chunk(28,-17)
[21:18:02] [Worker-Main-19/INFO] (Minecraft) [STDOUT]: [Mixin] buildSurface skipped chunk(28,-18)
[21:18:02] [Worker-Main-17/INFO] (Minecraft) [STDOUT]: [Mixin] buildSurface skipped chunk(28,-21)
[21:18:02] [Worker-Main-17/INFO] (Minecraft) [STDOUT]: [Mixin] buildSurface skipped chunk(28,-20)
[21:18:02] [Worker-Main-22/INFO] (Minecraft) [STDOUT]: [Mixin] buildSurface skipped chunk(28,-8)
[21:18:02] [Worker-Main-13/INFO] (Minecraft) [STDOUT]: [Mixin] buildSurface skipped chunk(28,-7)
[21:18:02] [Worker-Main-17/INFO] (Minecraft) [STDOUT]: [Mixin] buildSurface skipped chunk(28,-19)
[21:18:02] [Worker-Main-17/INFO] (Minecraft) [STDOUT]: [Mixin] populateNoise intercepted chunk(26,-34)
[21:18:02] [Worker-Main-7/INFO] (Minecraft) [STDOUT]: [Mixin] populateNoise intercepted chunk(29,-30)
[21:18:02] [Worker-Main-5/INFO] (Minecraft) [STDOUT]: [Mixin] populateNoise intercepted chunk(29,-29)
[21:18:02] [Worker-Main-12/INFO] (Minecraft) [STDOUT]: [Mixin] populateNoise intercepted chunk(29,-28)
[21:18:02] [Worker-Main-18/INFO] (Minecraft) [STDOUT]: [Mixin] populateNoise intercepted chunk(29,-33)
[21:18:02] [Worker-Main-23/INFO] (Minecraft) [STDOUT]: [Mixin] populateNoise intercepted chunk(29,-32)
[21:18:02] [Worker-Main-16/INFO] (Minecraft) [STDOUT]: [Mixin] populateNoise intercepted chunk(29,-31)
[21:18:02] [Worker-Main-9/INFO] (Minecraft) [STDOUT]: [Mixin] populateNoise intercepted chunk(29,-27)
[21:18:02] [Worker-Main-10/INFO] (Minecraft) [STDOUT]: [Mixin] populateNoise intercepted chunk(29,-26)
[21:18:02] [Worker-Main-3/INFO] (Minecraft) [STDOUT]: [Mixin] populateNoise intercepted chunk(29,-25)
[21:18:02] [Worker-Main-20/INFO] (Minecraft) [STDOUT]: [Mixin] populateNoise intercepted chunk(29,-24)
[21:18:02] [Worker-Main-11/INFO] (Minecraft) [STDOUT]: [Mixin] populateNoise intercepted chunk(29,-23)
[21:18:02] [Worker-Main-8/INFO] (Minecraft) [STDOUT]: [Mixin] populateNoise intercepted chunk(29,-22)
[21:18:02] [Worker-Main-14/INFO] (Minecraft) [STDOUT]: [Mixin] populateNoise intercepted chunk(29,-21)
[21:18:02] [Worker-Main-15/INFO] (Minecraft) [STDOUT]: [Mixin] populateNoise intercepted chunk(29,-7)
[21:18:02] [Worker-Main-1/INFO] (Minecraft) [STDOUT]: [Mixin] populateNoise intercepted chunk(29,-8)
[21:18:02] [Worker-Main-1/INFO] (Minecraft) [STDOUT]: [Mixin] populateNoise intercepted chunk(29,-14)
[21:18:02] [Worker-Main-4/INFO] (Minecraft) [STDOUT]: [Mixin] populateNoise intercepted chunk(29,-15)
[21:18:02] [Worker-Main-22/INFO] (Minecraft) [STDOUT]: [Mixin] populateNoise intercepted chunk(29,-13)
[21:18:02] [Worker-Main-13/INFO] (Minecraft) [STDOUT]: [Mixin] populateNoise intercepted chunk(29,-12)
[21:18:02] [Worker-Main-19/INFO] (Minecraft) [STDOUT]: [Mixin] populateNoise intercepted chunk(29,-20)
[21:18:02] [Worker-Main-6/INFO] (Minecraft) [STDOUT]: [Mixin] populateNoise intercepted chunk(29,-16)
[21:18:02] [Worker-Main-21/INFO] (Minecraft) [STDOUT]: [Mixin] populateNoise intercepted chunk(29,-19)
[21:18:02] [Worker-Main-17/INFO] (Minecraft) [STDOUT]: [Mixin] populateNoise intercepted chunk(29,-18)
[21:18:02] [Worker-Main-10/INFO] (Minecraft) [STDOUT]: [Mixin] populateNoise intercepted chunk(29,-17)
[21:18:02] [Worker-Main-20/INFO] (Minecraft) [STDOUT]: [Mixin] buildSurface skipped chunk(29,-26)
[21:18:02] [Worker-Main-20/INFO] (Minecraft) [STDOUT]: [Mixin] buildSurface skipped chunk(29,-24)
[21:18:02] [Worker-Main-20/INFO] (Minecraft) [STDOUT]: [Mixin] buildSurface skipped chunk(29,-30)
[21:18:02] [Worker-Main-20/INFO] (Minecraft) [STDOUT]: [Mixin] buildSurface skipped chunk(29,-23)
[21:18:02] [Worker-Main-11/INFO] (Minecraft) [STDOUT]: [Mixin] buildSurface skipped chunk(29,-33)
[21:18:02] [Worker-Main-18/INFO] (Minecraft) [STDOUT]: [Mixin] buildSurface skipped chunk(29,-22)
[21:18:02] [Worker-Main-5/INFO] (Minecraft) [STDOUT]: [Mixin] buildSurface skipped chunk(29,-25)
[21:18:02] [Worker-Main-5/INFO] (Minecraft) [STDOUT]: [Mixin] buildSurface skipped chunk(29,-31)
[21:18:02] [Worker-Main-11/INFO] (Minecraft) [STDOUT]: [Mixin] buildSurface skipped chunk(29,-13)
[21:18:02] [Worker-Main-14/INFO] (Minecraft) [STDOUT]: [Mixin] buildSurface skipped chunk(29,-32)
[21:18:02] [Worker-Main-5/INFO] (Minecraft) [STDOUT]: [Mixin] buildSurface skipped chunk(29,-21)
[21:18:02] [Worker-Main-14/INFO] (Minecraft) [STDOUT]: [Mixin] buildSurface skipped chunk(29,-29)
[21:18:02] [Worker-Main-6/INFO] (Minecraft) [STDOUT]: [Mixin] buildSurface skipped chunk(29,-14)
[21:18:02] [Worker-Main-9/INFO] (Minecraft) [STDOUT]: [Mixin] buildSurface skipped chunk(29,-27)
[21:18:02] [Worker-Main-5/INFO] (Minecraft) [STDOUT]: [Mixin] buildSurface skipped chunk(29,-15)
[21:18:02] [Worker-Main-6/INFO] (Minecraft) [STDOUT]: [Mixin] buildSurface skipped chunk(29,-28)
[21:18:02] [Worker-Main-13/INFO] (Minecraft) [STDOUT]: [Mixin] buildSurface skipped chunk(29,-20)
[21:18:02] [Worker-Main-13/INFO] (Minecraft) [STDOUT]: [Mixin] buildSurface skipped chunk(29,-12)
[21:18:02] [Worker-Main-13/INFO] (Minecraft) [STDOUT]: [Mixin] buildSurface skipped chunk(29,-19)
[21:18:02] [Worker-Main-9/INFO] (Minecraft) [STDOUT]: [Mixin] buildSurface skipped chunk(29,-16)
[21:18:02] [Worker-Main-2/INFO] (Minecraft) [STDOUT]: [Mixin] populateNoise intercepted chunk(29,-11)
[21:18:02] [Worker-Main-13/INFO] (Minecraft) [STDOUT]: [Mixin] populateNoise intercepted chunk(29,-10)
[21:18:02] [Worker-Main-18/INFO] (Minecraft) [STDOUT]: [Mixin] buildSurface skipped chunk(29,-18)
[21:18:02] [Worker-Main-18/INFO] (Minecraft) [STDOUT]: [Mixin] populateNoise intercepted chunk(29,-9)
[21:18:02] [Worker-Main-11/INFO] (Minecraft) [STDOUT]: [Mixin] buildSurface skipped chunk(29,-17)
[21:18:02] [Worker-Main-14/INFO] (Minecraft) [STDOUT]: [Mixin] buildSurface skipped chunk(29,-8)
[21:18:02] [Worker-Main-14/INFO] (Minecraft) [STDOUT]: [Mixin] buildSurface skipped chunk(29,-7)
[21:18:02] [Worker-Main-9/INFO] (Minecraft) [STDOUT]: [Mixin] buildSurface skipped chunk(26,-34)
[21:18:02] [Worker-Main-19/INFO] (Minecraft) [STDOUT]: [Mixin] populateNoise intercepted chunk(30,-33)
[21:18:02] [Worker-Main-14/INFO] (Minecraft) [STDOUT]: [Mixin] populateNoise intercepted chunk(30,-32)
[21:18:02] [Worker-Main-22/INFO] (Minecraft) [STDOUT]: [Mixin] populateNoise intercepted chunk(30,-31)
[21:18:02] [Worker-Main-6/INFO] (Minecraft) [STDOUT]: [Mixin] populateNoise intercepted chunk(30,-26)
[21:18:02] [Worker-Main-1/INFO] (Minecraft) [STDOUT]: [Mixin] populateNoise intercepted chunk(30,-30)
[21:18:02] [Worker-Main-23/INFO] (Minecraft) [STDOUT]: [Mixin] populateNoise intercepted chunk(30,-29)
[21:18:02] [Worker-Main-4/INFO] (Minecraft) [STDOUT]: [Mixin] populateNoise intercepted chunk(30,-28)
[21:18:02] [Worker-Main-16/INFO] (Minecraft) [STDOUT]: [Mixin] populateNoise intercepted chunk(30,-27)
[21:18:02] [Worker-Main-12/INFO] (Minecraft) [STDOUT]: [Mixin] populateNoise intercepted chunk(30,-25)
[21:18:02] [Worker-Main-17/INFO] (Minecraft) [STDOUT]: [Mixin] populateNoise intercepted chunk(30,-24)
[21:18:02] [Worker-Main-10/INFO] (Minecraft) [STDOUT]: [Mixin] populateNoise intercepted chunk(30,-23)
[21:18:02] [Worker-Main-5/INFO] (Minecraft) [STDOUT]: [Mixin] populateNoise intercepted chunk(30,-22)
[21:18:02] [Worker-Main-7/INFO] (Minecraft) [STDOUT]: [Mixin] populateNoise intercepted chunk(30,-21)
[21:18:02] [Worker-Main-3/INFO] (Minecraft) [STDOUT]: [Mixin] populateNoise intercepted chunk(30,-20)
[21:18:02] [Worker-Main-11/INFO] (Minecraft) [STDOUT]: [Mixin] populateNoise intercepted chunk(30,-7)
[21:18:02] [Worker-Main-21/INFO] (Minecraft) [STDOUT]: [Mixin] populateNoise intercepted chunk(30,-8)
[21:18:02] [Worker-Main-20/INFO] (Minecraft) [STDOUT]: [Mixin] populateNoise intercepted chunk(30,-9)
[21:18:02] [Worker-Main-8/INFO] (Minecraft) [STDOUT]: [Mixin] populateNoise intercepted chunk(30,-11)
[21:18:02] [Worker-Main-9/INFO] (Minecraft) [STDOUT]: [Mixin] populateNoise intercepted chunk(30,-10)
[21:18:02] [Worker-Main-15/INFO] (Minecraft) [STDOUT]: [Mixin] populateNoise intercepted chunk(30,-13)
[21:18:02] [Worker-Main-2/INFO] (Minecraft) [STDOUT]: [Mixin] buildSurface skipped chunk(29,-11)
[21:18:02] [Worker-Main-2/INFO] (Minecraft) [STDOUT]: [Mixin] populateNoise intercepted chunk(30,-12)
[21:18:02] [Worker-Main-13/INFO] (Minecraft) [STDOUT]: [Mixin] buildSurface skipped chunk(29,-10)
[21:18:02] [Worker-Main-13/INFO] (Minecraft) [STDOUT]: [Mixin] buildSurface skipped chunk(29,-9)
[21:18:02] [Worker-Main-18/INFO] (Minecraft) [STDOUT]: [Mixin] populateNoise intercepted chunk(30,-14)
[21:18:02] [Worker-Main-6/INFO] (Minecraft) [STDOUT]: [Mixin] buildSurface skipped chunk(30,-26)
[21:18:02] [Worker-Main-6/INFO] (Minecraft) [STDOUT]: [Mixin] buildSurface skipped chunk(30,-33)
[21:18:02] [Worker-Main-6/INFO] (Minecraft) [STDOUT]: [Mixin] populateNoise intercepted chunk(30,-15)
[21:18:02] [Worker-Main-19/INFO] (Minecraft) [STDOUT]: [Mixin] buildSurface skipped chunk(30,-32)
[21:18:02] [Worker-Main-14/INFO] (Minecraft) [STDOUT]: [Mixin] buildSurface skipped chunk(30,-28)
[21:18:02] [Worker-Main-12/INFO] (Minecraft) [STDOUT]: [Mixin] buildSurface skipped chunk(30,-30)
[21:18:02] [Worker-Main-14/INFO] (Minecraft) [STDOUT]: [Mixin] buildSurface skipped chunk(30,-25)
[21:18:02] [Worker-Main-1/INFO] (Minecraft) [STDOUT]: [Mixin] buildSurface skipped chunk(30,-21)
[21:18:02] [Worker-Main-5/INFO] (Minecraft) [STDOUT]: [Mixin] populateNoise intercepted chunk(30,-19)
[21:18:02] [Worker-Main-10/INFO] (Minecraft) [STDOUT]: [Mixin] buildSurface skipped chunk(30,-31)
[21:18:02] [Worker-Main-1/INFO] (Minecraft) [STDOUT]: [Mixin] buildSurface skipped chunk(30,-29)
[21:18:02] [Worker-Main-22/INFO] (Minecraft) [STDOUT]: [Mixin] buildSurface skipped chunk(30,-23)
[21:18:02] [Worker-Main-23/INFO] (Minecraft) [STDOUT]: [Mixin] buildSurface skipped chunk(30,-22)
[21:18:02] [Worker-Main-16/INFO] (Minecraft) [STDOUT]: [Mixin] buildSurface skipped chunk(30,-24)
[21:18:02] [Worker-Main-20/INFO] (Minecraft) [STDOUT]: [Mixin] buildSurface skipped chunk(30,-20)
[21:18:02] [Worker-Main-16/INFO] (Minecraft) [STDOUT]: [Mixin] buildSurface skipped chunk(30,-27)
[21:18:02] [Worker-Main-16/INFO] (Minecraft) [STDOUT]: [Mixin] buildSurface skipped chunk(30,-13)
[21:18:02] [Worker-Main-17/INFO] (Minecraft) [STDOUT]: [Mixin] buildSurface skipped chunk(30,-12)
[21:18:02] [Worker-Main-17/INFO] (Minecraft) [STDOUT]: [Mixin] buildSurface skipped chunk(30,-11)
[21:18:02] [Worker-Main-17/INFO] (Minecraft) [STDOUT]: [Mixin] buildSurface skipped chunk(30,-14)
[21:18:02] [Worker-Main-21/INFO] (Minecraft) [STDOUT]: [Mixin] buildSurface skipped chunk(30,-10)
[21:18:02] [Worker-Main-1/INFO] (Minecraft) [STDOUT]: [Mixin] buildSurface skipped chunk(30,-9)
[21:18:02] [Worker-Main-1/INFO] (Minecraft) [STDOUT]: [Mixin] buildSurface skipped chunk(30,-8)
[21:18:02] [Worker-Main-1/INFO] (Minecraft) [STDOUT]: [Mixin] buildSurface skipped chunk(30,-19)
[21:18:02] [Worker-Main-1/INFO] (Minecraft) [STDOUT]: [Mixin] buildSurface skipped chunk(30,-7)
[21:18:02] [Worker-Main-16/INFO] (Minecraft) [STDOUT]: [Mixin] buildSurface skipped chunk(30,-15)
[21:18:02] [Worker-Main-8/INFO] (Minecraft) [STDOUT]: [Mixin] populateNoise intercepted chunk(30,-18)
[21:18:02] [Worker-Main-21/INFO] (Minecraft) [STDOUT]: [Mixin] populateNoise intercepted chunk(30,-17)
[21:18:02] [Worker-Main-1/INFO] (Minecraft) [STDOUT]: [Mixin] populateNoise intercepted chunk(30,-16)
[21:18:02] [Worker-Main-20/INFO] (Minecraft) [STDOUT]: [Mixin] populateNoise intercepted chunk(27,-34)
[21:18:02] [Worker-Main-13/INFO] (Minecraft) [STDOUT]: [Mixin] populateNoise intercepted chunk(28,-34)
[21:18:02] [Worker-Main-21/INFO] (Minecraft) [STDOUT]: [Mixin] populateNoise intercepted chunk(29,-34)
[21:18:02] [Worker-Main-5/INFO] (Minecraft) [STDOUT]: [Mixin] populateNoise intercepted chunk(30,-34)
[21:18:02] [Worker-Main-7/INFO] (Minecraft) [STDOUT]: [Mixin] populateNoise intercepted chunk(31,-34)
[21:18:02] [Worker-Main-12/INFO] (Minecraft) [STDOUT]: [Mixin] populateNoise intercepted chunk(31,-33)
[21:18:02] [Worker-Main-18/INFO] (Minecraft) [STDOUT]: [Mixin] populateNoise intercepted chunk(31,-32)
[21:18:02] [Worker-Main-22/INFO] (Minecraft) [STDOUT]: [Mixin] populateNoise intercepted chunk(31,-31)
[21:18:02] [Worker-Main-5/INFO] (Minecraft) [STDOUT]: [Mixin] populateNoise intercepted chunk(31,-27)
[21:18:02] [Worker-Main-15/INFO] (Minecraft) [STDOUT]: [Mixin] populateNoise intercepted chunk(31,-30)
[21:18:02] [Worker-Main-17/INFO] (Minecraft) [STDOUT]: [Mixin] populateNoise intercepted chunk(31,-29)
[21:18:02] [Worker-Main-14/INFO] (Minecraft) [STDOUT]: [Mixin] populateNoise intercepted chunk(31,-26)
[21:18:02] [Worker-Main-11/INFO] (Minecraft) [STDOUT]: [Mixin] populateNoise intercepted chunk(31,-28)
[21:18:02] [Worker-Main-23/INFO] (Minecraft) [STDOUT]: [Mixin] populateNoise intercepted chunk(31,-13)
[21:18:02] [Worker-Main-19/INFO] (Minecraft) [STDOUT]: [Mixin] populateNoise intercepted chunk(31,-9)
[21:18:02] [Worker-Main-4/INFO] (Minecraft) [STDOUT]: [Mixin] populateNoise intercepted chunk(31,-8)
[21:18:02] [Worker-Main-6/INFO] (Minecraft) [STDOUT]: [Mixin] populateNoise intercepted chunk(31,-7)
[21:18:02] [Worker-Main-9/INFO] (Minecraft) [STDOUT]: [Mixin] populateNoise intercepted chunk(31,-12)
[21:18:02] [Worker-Main-2/INFO] (Minecraft) [STDOUT]: [Mixin] populateNoise intercepted chunk(31,-11)
[21:18:02] [Worker-Main-10/INFO] (Minecraft) [STDOUT]: [Mixin] populateNoise intercepted chunk(31,-10)
[21:18:02] [Worker-Main-20/INFO] (Minecraft) [STDOUT]: [Mixin] populateNoise intercepted chunk(31,-15)
[21:18:02] [Worker-Main-13/INFO] (Minecraft) [STDOUT]: [Mixin] populateNoise intercepted chunk(31,-14)
[21:18:02] [Worker-Main-21/INFO] (Minecraft) [STDOUT]: [Mixin] populateNoise intercepted chunk(31,-16)
[21:18:02] [Worker-Main-1/INFO] (Minecraft) [STDOUT]: [Mixin] buildSurface skipped chunk(30,-16)
[21:18:02] [Worker-Main-3/INFO] (Minecraft) [STDOUT]: [Mixin] populateNoise intercepted chunk(31,-17)
[21:18:02] [Worker-Main-1/INFO] (Minecraft) [STDOUT]: [Mixin] buildSurface skipped chunk(27,-34)
[21:18:02] [Worker-Main-22/INFO] (Minecraft) [STDOUT]: [Mixin] buildSurface skipped chunk(28,-34)
[21:18:02] [Worker-Main-8/INFO] (Minecraft) [STDOUT]: [Mixin] buildSurface skipped chunk(30,-18)
[21:18:02] [Worker-Main-17/INFO] (Minecraft) [STDOUT]: [Mixin] buildSurface skipped chunk(29,-34)
[21:18:02] [Worker-Main-22/INFO] (Minecraft) [STDOUT]: [Mixin] buildSurface skipped chunk(30,-34)
[21:18:02] [Worker-Main-17/INFO] (Minecraft) [STDOUT]: [Mixin] buildSurface skipped chunk(31,-27)
[21:18:02] [Worker-Main-17/INFO] (Minecraft) [STDOUT]: [Mixin] buildSurface skipped chunk(31,-31)
[21:18:02] [Worker-Main-1/INFO] (Minecraft) [STDOUT]: [Mixin] buildSurface skipped chunk(30,-17)
[21:18:02] [Worker-Main-11/INFO] (Minecraft) [STDOUT]: [Mixin] buildSurface skipped chunk(31,-29)
[21:18:02] [Worker-Main-19/INFO] (Minecraft) [STDOUT]: [Mixin] buildSurface skipped chunk(31,-32)
[21:18:02] [Worker-Main-4/INFO] (Minecraft) [STDOUT]: [Mixin] buildSurface skipped chunk(31,-33)
[21:18:02] [Worker-Main-4/INFO] (Minecraft) [STDOUT]: [Mixin] buildSurface skipped chunk(31,-28)
[21:18:02] [Worker-Main-6/INFO] (Minecraft) [STDOUT]: [Mixin] buildSurface skipped chunk(31,-34)
[21:18:02] [Worker-Main-12/INFO] (Minecraft) [STDOUT]: [Mixin] buildSurface skipped chunk(31,-26)
[21:18:02] [Worker-Main-12/INFO] (Minecraft) [STDOUT]: [Mixin] buildSurface skipped chunk(31,-30)
[21:18:02] [Worker-Main-11/INFO] (Minecraft) [STDOUT]: [Mixin] buildSurface skipped chunk(31,-13)
[21:18:02] [Worker-Main-11/INFO] (Minecraft) [STDOUT]: [Mixin] buildSurface skipped chunk(31,-12)
[21:18:02] [Worker-Main-11/INFO] (Minecraft) [STDOUT]: [Mixin] buildSurface skipped chunk(31,-9)
[21:18:02] [Worker-Main-11/INFO] (Minecraft) [STDOUT]: [Mixin] buildSurface skipped chunk(31,-8)
[21:18:02] [Worker-Main-6/INFO] (Minecraft) [STDOUT]: [Mixin] buildSurface skipped chunk(31,-7)
[21:18:02] [Worker-Main-10/INFO] (Minecraft) [STDOUT]: [Mixin] buildSurface skipped chunk(31,-11)
[21:18:02] [Worker-Main-4/INFO] (Minecraft) [STDOUT]: [Mixin] buildSurface skipped chunk(31,-10)
[21:18:02] [Worker-Main-20/INFO] (Minecraft) [STDOUT]: [Mixin] buildSurface skipped chunk(31,-15)
[21:18:02] [Worker-Main-20/INFO] (Minecraft) [STDOUT]: [Mixin] buildSurface skipped chunk(31,-14)
[21:18:02] [Worker-Main-20/INFO] (Minecraft) [STDOUT]: [Mixin] buildSurface skipped chunk(31,-16)
[21:18:02] [Worker-Main-7/INFO] (Minecraft) [STDOUT]: [Mixin] buildSurface skipped chunk(31,-17)
[21:18:02] [Worker-Main-20/INFO] (Minecraft) [STDOUT]: [Mixin] populateNoise intercepted chunk(31,-20)
[21:18:02] [Worker-Main-14/INFO] (Minecraft) [STDOUT]: [Mixin] populateNoise intercepted chunk(31,-25)
[21:18:02] [Worker-Main-22/INFO] (Minecraft) [STDOUT]: [Mixin] populateNoise intercepted chunk(31,-19)
[21:18:02] [Worker-Main-4/INFO] (Minecraft) [STDOUT]: [Mixin] populateNoise intercepted chunk(31,-18)
[21:18:02] [Worker-Main-12/INFO] (Minecraft) [STDOUT]: [Mixin] populateNoise intercepted chunk(31,-24)
[21:18:02] [Worker-Main-11/INFO] (Minecraft) [STDOUT]: [Mixin] populateNoise intercepted chunk(31,-21)
[21:18:02] [Worker-Main-3/INFO] (Minecraft) [STDOUT]: [Mixin] populateNoise intercepted chunk(31,-23)
[21:18:02] [Worker-Main-6/INFO] (Minecraft) [STDOUT]: [Mixin] populateNoise intercepted chunk(31,-22)
[21:18:02] [Worker-Main-18/INFO] (Minecraft) [STDOUT]: [Mixin] populateNoise intercepted chunk(-2,-35)
[21:18:02] [Worker-Main-8/INFO] (Minecraft) [STDOUT]: [Mixin] populateNoise intercepted chunk(-1,-35)
[21:18:02] [Worker-Main-18/INFO] (Minecraft) [STDOUT]: [Mixin] populateNoise intercepted chunk(0,-35)
[21:18:02] [Worker-Main-18/INFO] (Minecraft) [STDOUT]: [Mixin] populateNoise intercepted chunk(1,-35)
[21:18:02] [Worker-Main-23/INFO] (Minecraft) [STDOUT]: [Mixin] populateNoise intercepted chunk(2,-35)
[21:18:02] [Worker-Main-1/INFO] (Minecraft) [STDOUT]: [Mixin] populateNoise intercepted chunk(3,-35)
[21:18:02] [Worker-Main-17/INFO] (Minecraft) [STDOUT]: [Mixin] populateNoise intercepted chunk(4,-35)
[21:18:02] [Worker-Main-10/INFO] (Minecraft) [STDOUT]: [Mixin] populateNoise intercepted chunk(5,-35)
[21:18:02] [Worker-Main-13/INFO] (Minecraft) [STDOUT]: [Mixin] populateNoise intercepted chunk(6,-35)
[21:18:02] [Worker-Main-2/INFO] (Minecraft) [STDOUT]: [Mixin] populateNoise intercepted chunk(7,-35)
[21:18:02] [Worker-Main-5/INFO] (Minecraft) [STDOUT]: [Mixin] populateNoise intercepted chunk(8,-35)
[21:18:02] [Worker-Main-21/INFO] (Minecraft) [STDOUT]: [Mixin] populateNoise intercepted chunk(12,-35)
[21:18:02] [Worker-Main-15/INFO] (Minecraft) [STDOUT]: [Mixin] populateNoise intercepted chunk(9,-35)
[21:18:02] [Worker-Main-7/INFO] (Minecraft) [STDOUT]: [Mixin] populateNoise intercepted chunk(10,-35)
[21:18:02] [Worker-Main-16/INFO] (Minecraft) [STDOUT]: [Mixin] populateNoise intercepted chunk(11,-35)
[21:18:02] [Worker-Main-3/INFO] (Minecraft) [STDOUT]: [Mixin] populateNoise intercepted chunk(13,-35)
[21:18:02] [Worker-Main-12/INFO] (Minecraft) [STDOUT]: [Mixin] populateNoise intercepted chunk(14,-35)
[21:18:02] [Worker-Main-20/INFO] (Minecraft) [STDOUT]: [Mixin] buildSurface skipped chunk(31,-23)
[21:18:02] [Worker-Main-20/INFO] (Minecraft) [STDOUT]: [Mixin] buildSurface skipped chunk(31,-24)
[21:18:02] [Worker-Main-20/INFO] (Minecraft) [STDOUT]: [Mixin] buildSurface skipped chunk(31,-20)
[21:18:02] [Worker-Main-20/INFO] (Minecraft) [STDOUT]: [Mixin] buildSurface skipped chunk(31,-25)
[21:18:02] [Worker-Main-20/INFO] (Minecraft) [STDOUT]: [Mixin] buildSurface skipped chunk(31,-22)
[21:18:02] [Worker-Main-4/INFO] (Minecraft) [STDOUT]: [Mixin] buildSurface skipped chunk(31,-19)
[21:18:02] [Worker-Main-4/INFO] (Minecraft) [STDOUT]: [Mixin] buildSurface skipped chunk(31,-18)
[21:18:02] [Worker-Main-4/INFO] (Minecraft) [STDOUT]: [Mixin] buildSurface skipped chunk(31,-21)
[21:18:02] [Worker-Main-18/INFO] (Minecraft) [STDOUT]: [Mixin] buildSurface skipped chunk(1,-35)
[21:18:02] [Worker-Main-6/INFO] (Minecraft) [STDOUT]: [Mixin] buildSurface skipped chunk(0,-35)
[21:18:02] [Worker-Main-11/INFO] (Minecraft) [STDOUT]: [Mixin] populateNoise intercepted chunk(18,-35)
[21:18:02] [Worker-Main-18/INFO] (Minecraft) [STDOUT]: [Mixin] populateNoise intercepted chunk(19,-35)
[21:18:02] [Worker-Main-9/INFO] (Minecraft) [STDOUT]: [Mixin] populateNoise intercepted chunk(15,-35)
[21:18:02] [Worker-Main-19/INFO] (Minecraft) [STDOUT]: [Mixin] populateNoise intercepted chunk(16,-35)
[21:18:02] [Worker-Main-8/INFO] (Minecraft) [STDOUT]: [Mixin] populateNoise intercepted chunk(17,-35)
[21:18:02] [Worker-Main-22/INFO] (Minecraft) [STDOUT]: [Mixin] buildSurface skipped chunk(-1,-35)
[21:18:02] [Worker-Main-22/INFO] (Minecraft) [STDOUT]: [Mixin] buildSurface skipped chunk(-2,-35)
[21:18:02] [Worker-Main-1/INFO] (Minecraft) [STDOUT]: [Mixin] buildSurface skipped chunk(6,-35)
[21:18:02] [Worker-Main-1/INFO] (Minecraft) [STDOUT]: [Mixin] buildSurface skipped chunk(3,-35)
[21:18:02] [Worker-Main-6/INFO] (Minecraft) [STDOUT]: [Mixin] buildSurface skipped chunk(5,-35)
[21:18:02] [Worker-Main-15/INFO] (Minecraft) [STDOUT]: [Mixin] buildSurface skipped chunk(4,-35)
[21:18:02] [Worker-Main-15/INFO] (Minecraft) [STDOUT]: [Mixin] buildSurface skipped chunk(2,-35)
[21:18:02] [Worker-Main-15/INFO] (Minecraft) [STDOUT]: [Mixin] buildSurface skipped chunk(8,-35)
[21:18:02] [Worker-Main-15/INFO] (Minecraft) [STDOUT]: [Mixin] buildSurface skipped chunk(9,-35)
[21:18:02] [Worker-Main-2/INFO] (Minecraft) [STDOUT]: [Mixin] buildSurface skipped chunk(7,-35)
[21:18:02] [Worker-Main-2/INFO] (Minecraft) [STDOUT]: [Mixin] buildSurface skipped chunk(12,-35)
[21:18:02] [Worker-Main-6/INFO] (Minecraft) [STDOUT]: [Mixin] buildSurface skipped chunk(11,-35)
[21:18:02] [Worker-Main-16/INFO] (Minecraft) [STDOUT]: [Mixin] buildSurface skipped chunk(14,-35)
[21:18:02] [Worker-Main-16/INFO] (Minecraft) [STDOUT]: [Mixin] buildSurface skipped chunk(10,-35)
[21:18:02] [Worker-Main-6/INFO] (Minecraft) [STDOUT]: [Mixin] buildSurface skipped chunk(13,-35)
[21:18:02] [Worker-Main-18/INFO] (Minecraft) [STDOUT]: [Mixin] buildSurface skipped chunk(15,-35)
[21:18:02] [Worker-Main-18/INFO] (Minecraft) [STDOUT]: [Mixin] buildSurface skipped chunk(16,-35)
[21:18:02] [Worker-Main-16/INFO] (Minecraft) [STDOUT]: [Mixin] buildSurface skipped chunk(17,-35)
[21:18:02] [Worker-Main-9/INFO] (Minecraft) [STDOUT]: [Mixin] buildSurface skipped chunk(18,-35)
[21:18:02] [Worker-Main-6/INFO] (Minecraft) [STDOUT]: [Mixin] buildSurface skipped chunk(19,-35)
[21:18:03] [Worker-Main-3/INFO] (Minecraft) [STDOUT]: [Mixin] populateNoise intercepted chunk(24,-35)
[21:18:03] [Worker-Main-2/INFO] (Minecraft) [STDOUT]: [Mixin] populateNoise intercepted chunk(20,-35)
[21:18:03] [Worker-Main-3/INFO] (Minecraft) [STDOUT]: [Mixin] populateNoise intercepted chunk(21,-35)
[21:18:03] [Worker-Main-1/INFO] (Minecraft) [STDOUT]: [Mixin] populateNoise intercepted chunk(22,-35)
[21:18:03] [Worker-Main-15/INFO] (Minecraft) [STDOUT]: [Mixin] populateNoise intercepted chunk(23,-35)
[21:18:03] [Worker-Main-9/INFO] (Minecraft) [STDOUT]: [Mixin] populateNoise intercepted chunk(25,-35)
[21:18:03] [Worker-Main-7/INFO] (Minecraft) [STDOUT]: [Mixin] populateNoise intercepted chunk(26,-35)
[21:18:03] [Worker-Main-16/INFO] (Minecraft) [STDOUT]: [Mixin] populateNoise intercepted chunk(27,-35)
[21:18:03] [Worker-Main-9/INFO] (Minecraft) [STDOUT]: [Mixin] populateNoise intercepted chunk(28,-35)
[21:18:03] [Worker-Main-23/INFO] (Minecraft) [STDOUT]: [Mixin] populateNoise intercepted chunk(29,-35)
[21:18:03] [Worker-Main-20/INFO] (Minecraft) [STDOUT]: [Mixin] populateNoise intercepted chunk(30,-35)
[21:18:03] [Worker-Main-11/INFO] (Minecraft) [STDOUT]: [Mixin] populateNoise intercepted chunk(31,-35)
[21:18:03] [Worker-Main-19/INFO] (Minecraft) [STDOUT]: [Mixin] populateNoise intercepted chunk(-34,-35)
[21:18:03] [Worker-Main-7/INFO] (Minecraft) [STDOUT]: [Mixin] populateNoise intercepted chunk(-33,-35)
[21:18:03] [Worker-Main-10/INFO] (Minecraft) [STDOUT]: [Mixin] populateNoise intercepted chunk(-32,-35)
[21:18:03] [Worker-Main-4/INFO] (Minecraft) [STDOUT]: [Mixin] populateNoise intercepted chunk(-31,-35)
[21:18:03] [Worker-Main-13/INFO] (Minecraft) [STDOUT]: [Mixin] populateNoise intercepted chunk(-30,-35)
[21:18:03] [Worker-Main-22/INFO] (Minecraft) [STDOUT]: [Mixin] populateNoise intercepted chunk(-29,-35)
[21:18:03] [Worker-Main-7/INFO] (Minecraft) [STDOUT]: [Mixin] populateNoise intercepted chunk(-28,-35)
[21:18:03] [Worker-Main-8/INFO] (Minecraft) [STDOUT]: [Mixin] populateNoise intercepted chunk(-27,-35)
[21:18:03] [Worker-Main-5/INFO] (Minecraft) [STDOUT]: [Mixin] populateNoise intercepted chunk(-26,-35)
[21:18:03] [Worker-Main-14/INFO] (Minecraft) [STDOUT]: [Mixin] populateNoise intercepted chunk(-25,-35)
[21:18:03] [Worker-Main-21/INFO] (Minecraft) [STDOUT]: [Mixin] populateNoise intercepted chunk(-24,-35)
[21:18:03] [Worker-Main-20/INFO] (Minecraft) [STDOUT]: [Mixin] buildSurface skipped chunk(30,-35)
[21:18:03] [Worker-Main-20/INFO] (Minecraft) [STDOUT]: [Mixin] buildSurface skipped chunk(21,-35)
[21:18:03] [Worker-Main-3/INFO] (Minecraft) [STDOUT]: [Mixin] buildSurface skipped chunk(23,-35)
[21:18:03] [Worker-Main-15/INFO] (Minecraft) [STDOUT]: [Mixin] buildSurface skipped chunk(26,-35)
[21:18:03] [Worker-Main-17/INFO] (Minecraft) [STDOUT]: [Mixin] buildSurface skipped chunk(28,-35)
[21:18:03] [Worker-Main-1/INFO] (Minecraft) [STDOUT]: [Mixin] buildSurface skipped chunk(20,-35)
[21:18:03] [Worker-Main-2/INFO] (Minecraft) [STDOUT]: [Mixin] buildSurface skipped chunk(25,-35)
[21:18:03] [Worker-Main-9/INFO] (Minecraft) [STDOUT]: [Mixin] populateNoise intercepted chunk(-23,-35)
[21:18:03] [Worker-Main-1/INFO] (Minecraft) [STDOUT]: [Mixin] buildSurface skipped chunk(22,-35)
[21:18:03] [Worker-Main-13/INFO] (Minecraft) [STDOUT]: [Mixin] buildSurface skipped chunk(24,-35)
[21:18:03] [Worker-Main-6/INFO] (Minecraft) [STDOUT]: [Mixin] buildSurface skipped chunk(27,-35)
[21:18:03] [Worker-Main-13/INFO] (Minecraft) [STDOUT]: [Mixin] buildSurface skipped chunk(29,-35)
[21:18:03] [Worker-Main-13/INFO] (Minecraft) [STDOUT]: [Mixin] buildSurface skipped chunk(31,-35)
[21:18:03] [Worker-Main-13/INFO] (Minecraft) [STDOUT]: [Mixin] buildSurface skipped chunk(-33,-35)
[21:18:03] [Worker-Main-13/INFO] (Minecraft) [STDOUT]: [Mixin] buildSurface skipped chunk(-34,-35)
[21:18:03] [Worker-Main-13/INFO] (Minecraft) [STDOUT]: [Mixin] buildSurface skipped chunk(-30,-35)
[21:18:03] [Worker-Main-16/INFO] (Minecraft) [STDOUT]: [Mixin] buildSurface skipped chunk(-29,-35)
[21:18:03] [Worker-Main-19/INFO] (Minecraft) [STDOUT]: [Mixin] buildSurface skipped chunk(-32,-35)
[21:18:03] [Worker-Main-13/INFO] (Minecraft) [STDOUT]: [Mixin] buildSurface skipped chunk(-28,-35)
[21:18:03] [Worker-Main-13/INFO] (Minecraft) [STDOUT]: [Mixin] buildSurface skipped chunk(-27,-35)
[21:18:03] [Worker-Main-13/INFO] (Minecraft) [STDOUT]: [Mixin] buildSurface skipped chunk(-31,-35)
[21:18:03] [Worker-Main-13/INFO] (Minecraft) [STDOUT]: [Mixin] buildSurface skipped chunk(-26,-35)
[21:18:03] [Worker-Main-13/INFO] (Minecraft) [STDOUT]: [Mixin] buildSurface skipped chunk(-25,-35)
[21:18:03] [Worker-Main-18/INFO] (Minecraft) [STDOUT]: [Mixin] buildSurface skipped chunk(-24,-35)
[21:18:03] [Worker-Main-21/INFO] (Minecraft) [STDOUT]: [Mixin] buildSurface skipped chunk(-23,-35)
[21:18:03] [Worker-Main-8/INFO] (Minecraft) [STDOUT]: [Mixin] populateNoise intercepted chunk(-35,-33)
[21:18:03] [Worker-Main-5/INFO] (Minecraft) [STDOUT]: [Mixin] populateNoise intercepted chunk(-35,-32)
[21:18:03] [Worker-Main-21/INFO] (Minecraft) [STDOUT]: [Mixin] populateNoise intercepted chunk(-35,-31)
[21:18:03] [Worker-Main-16/INFO] (Minecraft) [STDOUT]: [Mixin] populateNoise intercepted chunk(-35,-30)
[21:18:03] [Worker-Main-18/INFO] (Minecraft) [STDOUT]: [Mixin] populateNoise intercepted chunk(-35,-29)
[21:18:03] [Worker-Main-7/INFO] (Minecraft) [STDOUT]: [Mixin] populateNoise intercepted chunk(-35,-28)
[21:18:03] [Worker-Main-4/INFO] (Minecraft) [STDOUT]: [Mixin] populateNoise intercepted chunk(-35,-27)
[21:18:03] [Worker-Main-17/INFO] (Minecraft) [STDOUT]: [Mixin] populateNoise intercepted chunk(-35,-26)
[21:18:03] [Worker-Main-13/INFO] (Minecraft) [STDOUT]: [Mixin] populateNoise intercepted chunk(-35,-25)
[21:18:03] [Worker-Main-2/INFO] (Minecraft) [STDOUT]: [Mixin] populateNoise intercepted chunk(-35,-24)
[21:18:03] [Worker-Main-10/INFO] (Minecraft) [STDOUT]: [Mixin] populateNoise intercepted chunk(-35,-23)
[21:18:03] [Worker-Main-14/INFO] (Minecraft) [STDOUT]: [Mixin] populateNoise intercepted chunk(-35,-22)
[21:18:03] [Worker-Main-23/INFO] (Minecraft) [STDOUT]: [Mixin] populateNoise intercepted chunk(-35,-21)
[21:18:03] [Worker-Main-15/INFO] (Minecraft) [STDOUT]: [Mixin] populateNoise intercepted chunk(-35,-20)
[21:18:03] [Worker-Main-1/INFO] (Minecraft) [STDOUT]: [Mixin] populateNoise intercepted chunk(-35,-19)
[21:18:03] [Worker-Main-20/INFO] (Minecraft) [STDOUT]: [Mixin] populateNoise intercepted chunk(-35,-18)
[21:18:03] [Worker-Main-3/INFO] (Minecraft) [STDOUT]: [Mixin] populateNoise intercepted chunk(-35,-17)
[21:18:03] [Worker-Main-6/INFO] (Minecraft) [STDOUT]: [Mixin] populateNoise intercepted chunk(-35,-16)
[21:18:03] [Worker-Main-19/INFO] (Minecraft) [STDOUT]: [Mixin] populateNoise intercepted chunk(-35,-34)
[21:18:03] [Worker-Main-11/INFO] (Minecraft) [STDOUT]: [Mixin] populateNoise intercepted chunk(-36,-34)
[21:18:03] [Worker-Main-12/INFO] (Minecraft) [STDOUT]: [Mixin] populateNoise intercepted chunk(-36,-33)
[21:18:03] [Worker-Main-9/INFO] (Minecraft) [STDOUT]: [Mixin] populateNoise intercepted chunk(-36,-32)
[21:18:03] [Worker-Main-22/INFO] (Minecraft) [STDOUT]: [Mixin] populateNoise intercepted chunk(-36,-31)
[21:18:03] [Worker-Main-18/INFO] (Minecraft) [STDOUT]: [Mixin] buildSurface skipped chunk(-35,-33)
[21:18:03] [Worker-Main-8/INFO] (Minecraft) [STDOUT]: [Mixin] buildSurface skipped chunk(-35,-29)
[21:18:03] [Worker-Main-21/INFO] (Minecraft) [STDOUT]: [Mixin] buildSurface skipped chunk(-35,-31)
[21:18:03] [Worker-Main-8/INFO] (Minecraft) [STDOUT]: [Mixin] buildSurface skipped chunk(-35,-32)
[21:18:03] [Worker-Main-21/INFO] (Minecraft) [STDOUT]: [Mixin] buildSurface skipped chunk(-35,-30)
[21:18:03] [Worker-Main-21/INFO] (Minecraft) [STDOUT]: [Mixin] buildSurface skipped chunk(-35,-28)
[21:18:03] [Worker-Main-21/INFO] (Minecraft) [STDOUT]: [Mixin] buildSurface skipped chunk(-35,-19)
[21:18:03] [Worker-Main-2/INFO] (Minecraft) [STDOUT]: [Mixin] buildSurface skipped chunk(-35,-27)
[21:18:03] [Worker-Main-21/INFO] (Minecraft) [STDOUT]: [Mixin] buildSurface skipped chunk(-35,-24)
[21:18:03] [Worker-Main-6/INFO] (Minecraft) [STDOUT]: [Mixin] buildSurface skipped chunk(-35,-16)
[21:18:03] [Worker-Main-6/INFO] (Minecraft) [STDOUT]: [Mixin] buildSurface skipped chunk(-35,-18)
[21:18:03] [Worker-Main-3/INFO] (Minecraft) [STDOUT]: [Mixin] buildSurface skipped chunk(-35,-22)
[21:18:03] [Worker-Main-6/INFO] (Minecraft) [STDOUT]: [Mixin] buildSurface skipped chunk(-35,-25)
[21:18:03] [Worker-Main-3/INFO] (Minecraft) [STDOUT]: [Mixin] buildSurface skipped chunk(-35,-20)
[21:18:03] [Worker-Main-3/INFO] (Minecraft) [STDOUT]: [Mixin] buildSurface skipped chunk(-35,-23)
[21:18:03] [Worker-Main-3/INFO] (Minecraft) [STDOUT]: [Mixin] buildSurface skipped chunk(-35,-17)
[21:18:03] [Worker-Main-3/INFO] (Minecraft) [STDOUT]: [Mixin] buildSurface skipped chunk(-35,-26)
[21:18:03] [Worker-Main-11/INFO] (Minecraft) [STDOUT]: [Mixin] buildSurface skipped chunk(-35,-21)
[21:18:03] [Worker-Main-19/INFO] (Minecraft) [STDOUT]: [Mixin] buildSurface skipped chunk(-35,-34)
[21:18:03] [Worker-Main-19/INFO] (Minecraft) [STDOUT]: [Mixin] buildSurface skipped chunk(-36,-33)
[21:18:03] [Worker-Main-13/INFO] (Minecraft) [STDOUT]: [Mixin] buildSurface skipped chunk(-36,-34)
[21:18:03] [Worker-Main-14/INFO] (Minecraft) [STDOUT]: [Mixin] buildSurface skipped chunk(-36,-32)
[21:18:03] [Worker-Main-9/INFO] (Minecraft) [STDOUT]: [Mixin] buildSurface skipped chunk(-36,-31)
[21:18:03] [Worker-Main-19/INFO] (Minecraft) [STDOUT]: [Mixin] populateNoise intercepted chunk(-35,-15)
[21:18:03] [Worker-Main-16/INFO] (Minecraft) [STDOUT]: [Mixin] populateNoise intercepted chunk(-35,-14)
[21:18:03] [Worker-Main-4/INFO] (Minecraft) [STDOUT]: [Mixin] populateNoise intercepted chunk(-35,-13)
[21:18:03] [Worker-Main-3/INFO] (Minecraft) [STDOUT]: [Mixin] populateNoise intercepted chunk(-35,-12)
[21:18:03] [Worker-Main-3/INFO] (Minecraft) [STDOUT]: [Mixin] populateNoise intercepted chunk(-35,-11)
[21:18:03] [Worker-Main-10/INFO] (Minecraft) [STDOUT]: [Mixin] populateNoise intercepted chunk(-35,-10)
[21:18:03] [Worker-Main-5/INFO] (Minecraft) [STDOUT]: [Mixin] populateNoise intercepted chunk(-36,-30)
[21:18:03] [Worker-Main-15/INFO] (Minecraft) [STDOUT]: [Mixin] populateNoise intercepted chunk(-36,-29)
[21:18:03] [Worker-Main-9/INFO] (Minecraft) [STDOUT]: [Mixin] populateNoise intercepted chunk(-36,-28)
[21:18:03] [Worker-Main-7/INFO] (Minecraft) [STDOUT]: [Mixin] populateNoise intercepted chunk(-36,-27)
[21:18:03] [Worker-Main-22/INFO] (Minecraft) [STDOUT]: [Mixin] populateNoise intercepted chunk(-36,-26)
[21:18:03] [Worker-Main-20/INFO] (Minecraft) [STDOUT]: [Mixin] populateNoise intercepted chunk(-36,-25)
[21:18:03] [Worker-Main-13/INFO] (Minecraft) [STDOUT]: [Mixin] populateNoise intercepted chunk(-36,-24)
[21:18:03] [Worker-Main-2/INFO] (Minecraft) [STDOUT]: [Mixin] populateNoise intercepted chunk(-36,-22)
[21:18:03] [Worker-Main-8/INFO] (Minecraft) [STDOUT]: [Mixin] populateNoise intercepted chunk(-36,-23)
[21:18:03] [Worker-Main-1/INFO] (Minecraft) [STDOUT]: [Mixin] populateNoise intercepted chunk(-36,-21)
[21:18:03] [Worker-Main-11/INFO] (Minecraft) [STDOUT]: [Mixin] populateNoise intercepted chunk(-36,-20)
[21:18:03] [Worker-Main-23/INFO] (Minecraft) [STDOUT]: [Mixin] populateNoise intercepted chunk(-36,-19)
[21:18:03] [Worker-Main-12/INFO] (Minecraft) [STDOUT]: [Mixin] populateNoise intercepted chunk(-36,-18)
[21:18:03] [Worker-Main-14/INFO] (Minecraft) [STDOUT]: [Mixin] populateNoise intercepted chunk(-36,-17)
[21:18:03] [Worker-Main-6/INFO] (Minecraft) [STDOUT]: [Mixin] populateNoise intercepted chunk(-36,-16)
[21:18:03] [Worker-Main-21/INFO] (Minecraft) [STDOUT]: [Mixin] populateNoise intercepted chunk(-36,-15)
[21:18:03] [Worker-Main-17/INFO] (Minecraft) [STDOUT]: [Mixin] populateNoise intercepted chunk(-36,-14)
[21:18:03] [Worker-Main-4/INFO] (Minecraft) [STDOUT]: [Mixin] buildSurface skipped chunk(-35,-13)
[21:18:03] [Worker-Main-4/INFO] (Minecraft) [STDOUT]: [Mixin] buildSurface skipped chunk(-35,-15)
[21:18:03] [Worker-Main-4/INFO] (Minecraft) [STDOUT]: [Mixin] buildSurface skipped chunk(-35,-10)
[21:18:03] [Worker-Main-15/INFO] (Minecraft) [STDOUT]: [Mixin] buildSurface skipped chunk(-36,-28)
[21:18:03] [Worker-Main-4/INFO] (Minecraft) [STDOUT]: [Mixin] buildSurface skipped chunk(-36,-27)
[21:18:03] [Worker-Main-15/INFO] (Minecraft) [STDOUT]: [Mixin] buildSurface skipped chunk(-36,-29)
[21:18:03] [Worker-Main-4/INFO] (Minecraft) [STDOUT]: [Mixin] buildSurface skipped chunk(-36,-30)
[21:18:03] [Worker-Main-22/INFO] (Minecraft) [STDOUT]: [Mixin] buildSurface skipped chunk(-35,-14)
[21:18:03] [Worker-Main-19/INFO] (Minecraft) [STDOUT]: [Mixin] buildSurface skipped chunk(-35,-11)
[21:18:03] [Worker-Main-5/INFO] (Minecraft) [STDOUT]: [Mixin] buildSurface skipped chunk(-35,-12)
[21:18:03] [Worker-Main-22/INFO] (Minecraft) [STDOUT]: [Mixin] buildSurface skipped chunk(-36,-24)
[21:18:03] [Worker-Main-17/INFO] (Minecraft) [STDOUT]: [Mixin] buildSurface skipped chunk(-36,-25)
[21:18:03] [Worker-Main-21/INFO] (Minecraft) [STDOUT]: [Mixin] buildSurface skipped chunk(-36,-23)
[21:18:03] [Worker-Main-21/INFO] (Minecraft) [STDOUT]: [Mixin] buildSurface skipped chunk(-36,-20)
[21:18:03] [Worker-Main-21/INFO] (Minecraft) [STDOUT]: [Mixin] buildSurface skipped chunk(-36,-26)
[21:18:03] [Worker-Main-6/INFO] (Minecraft) [STDOUT]: [Mixin] buildSurface skipped chunk(-36,-17)
[21:18:03] [Worker-Main-22/INFO] (Minecraft) [STDOUT]: [Mixin] buildSurface skipped chunk(-36,-19)
[21:18:03] [Worker-Main-22/INFO] (Minecraft) [STDOUT]: [Mixin] buildSurface skipped chunk(-36,-22)
[21:18:03] [Worker-Main-6/INFO] (Minecraft) [STDOUT]: [Mixin] buildSurface skipped chunk(-36,-16)
[21:18:03] [Worker-Main-6/INFO] (Minecraft) [STDOUT]: [Mixin] buildSurface skipped chunk(-36,-21)
[21:18:03] [Worker-Main-6/INFO] (Minecraft) [STDOUT]: [Mixin] buildSurface skipped chunk(-36,-14)
[21:18:03] [Worker-Main-6/INFO] (Minecraft) [STDOUT]: [Mixin] buildSurface skipped chunk(-36,-15)
[21:18:03] [Worker-Main-22/INFO] (Minecraft) [STDOUT]: [Mixin] buildSurface skipped chunk(-36,-18)
[21:18:03] [Worker-Main-1/INFO] (Minecraft) [STDOUT]: [Mixin] populateNoise intercepted chunk(-36,-10)
[21:18:03] [Worker-Main-17/INFO] (Minecraft) [STDOUT]: [Mixin] populateNoise intercepted chunk(-36,-13)
[21:18:03] [Worker-Main-2/INFO] (Minecraft) [STDOUT]: [Mixin] populateNoise intercepted chunk(-36,-12)
[21:18:03] [Worker-Main-21/INFO] (Minecraft) [STDOUT]: [Mixin] populateNoise intercepted chunk(-36,-11)
[21:18:03] [Worker-Main-12/INFO] (Minecraft) [STDOUT]: [Mixin] populateNoise intercepted chunk(-35,-9)
[21:18:03] [Worker-Main-20/INFO] (Minecraft) [STDOUT]: [Mixin] populateNoise intercepted chunk(-36,-9)
[21:18:03] [Worker-Main-5/INFO] (Minecraft) [STDOUT]: [Mixin] populateNoise intercepted chunk(-22,-35)
[21:18:03] [Worker-Main-11/INFO] (Minecraft) [STDOUT]: [Mixin] populateNoise intercepted chunk(-4,-35)
[21:18:03] [Worker-Main-16/INFO] (Minecraft) [STDOUT]: [Mixin] populateNoise intercepted chunk(-3,-35)
[21:18:03] [Worker-Main-9/INFO] (Minecraft) [STDOUT]: [Mixin] populateNoise intercepted chunk(-7,-35)
[21:18:03] [Worker-Main-4/INFO] (Minecraft) [STDOUT]: [Mixin] populateNoise intercepted chunk(-6,-35)
[21:18:03] [Worker-Main-22/INFO] (Minecraft) [STDOUT]: [Mixin] populateNoise intercepted chunk(-5,-35)
[21:18:03] [Worker-Main-10/INFO] (Minecraft) [STDOUT]: [Mixin] populateNoise intercepted chunk(-8,-35)
[21:18:03] [Worker-Main-23/INFO] (Minecraft) [STDOUT]: [Mixin] populateNoise intercepted chunk(-10,-35)
[21:18:03] [Worker-Main-19/INFO] (Minecraft) [STDOUT]: [Mixin] populateNoise intercepted chunk(-9,-35)
[21:18:03] [Worker-Main-8/INFO] (Minecraft) [STDOUT]: [Mixin] populateNoise intercepted chunk(-13,-35)
[21:18:03] [Worker-Main-3/INFO] (Minecraft) [STDOUT]: [Mixin] populateNoise intercepted chunk(-14,-35)
[21:18:03] [Worker-Main-7/INFO] (Minecraft) [STDOUT]: [Mixin] populateNoise intercepted chunk(-12,-35)
[21:18:03] [Worker-Main-6/INFO] (Minecraft) [STDOUT]: [Mixin] populateNoise intercepted chunk(-11,-35)
[21:18:03] [Worker-Main-13/INFO] (Minecraft) [STDOUT]: [Mixin] populateNoise intercepted chunk(-21,-35)
[21:18:03] [Worker-Main-15/INFO] (Minecraft) [STDOUT]: [Mixin] populateNoise intercepted chunk(-20,-35)
[21:18:03] [Worker-Main-14/INFO] (Minecraft) [STDOUT]: [Mixin] populateNoise intercepted chunk(-19,-35)
[21:18:03] [Worker-Main-18/INFO] (Minecraft) [STDOUT]: [Mixin] populateNoise intercepted chunk(-15,-35)
[21:18:03] [Worker-Main-12/INFO] (Minecraft) [STDOUT]: [Mixin] buildSurface skipped chunk(-35,-9)
[21:18:03] [Worker-Main-1/INFO] (Minecraft) [STDOUT]: [Mixin] buildSurface skipped chunk(-36,-10)
[21:18:03] [Worker-Main-19/INFO] (Minecraft) [STDOUT]: [Mixin] populateNoise intercepted chunk(-18,-35)
[21:18:03] [Worker-Main-12/INFO] (Minecraft) [STDOUT]: [Mixin] populateNoise intercepted chunk(-17,-35)
[21:18:03] [Worker-Main-8/INFO] (Minecraft) [STDOUT]: [Mixin] populateNoise intercepted chunk(-16,-35)
[21:18:03] [Worker-Main-1/INFO] (Minecraft) [STDOUT]: [Mixin] buildSurface skipped chunk(-9,-35)
[21:18:03] [Worker-Main-1/INFO] (Minecraft) [STDOUT]: [Mixin] buildSurface skipped chunk(-13,-35)
[21:18:03] [Worker-Main-10/INFO] (Minecraft) [STDOUT]: [Mixin] buildSurface skipped chunk(-36,-13)
[21:18:03] [Worker-Main-10/INFO] (Minecraft) [STDOUT]: [Mixin] buildSurface skipped chunk(-36,-12)
[21:18:03] [Worker-Main-10/INFO] (Minecraft) [STDOUT]: [Mixin] buildSurface skipped chunk(-36,-9)
[21:18:03] [Worker-Main-20/INFO] (Minecraft) [STDOUT]: [Mixin] buildSurface skipped chunk(-36,-11)
[21:18:03] [Worker-Main-6/INFO] (Minecraft) [STDOUT]: [CHUNKTIME] n=2304 perChunk(ms): mixin=91.56 gap=100.26 | sumMixin=211.0s sumGap=231.0s | inflight max=23 now=7
[21:18:03] [Worker-Main-6/INFO] (Minecraft) [STDOUT]: [Mixin] buildSurface skipped chunk(-10,-35)
[21:18:03] [Worker-Main-6/INFO] (Minecraft) [STDOUT]: [Mixin] buildSurface skipped chunk(-7,-35)
[21:18:03] [Worker-Main-14/INFO] (Minecraft) [STDOUT]: [Mixin] buildSurface skipped chunk(-8,-35)
[21:18:03] [Worker-Main-5/INFO] (Minecraft) [STDOUT]: [Mixin] buildSurface skipped chunk(-6,-35)
[21:18:03] [Worker-Main-5/INFO] (Minecraft) [STDOUT]: [Mixin] buildSurface skipped chunk(-3,-35)
[21:18:03] [Worker-Main-5/INFO] (Minecraft) [STDOUT]: [Mixin] buildSurface skipped chunk(-5,-35)
[21:18:03] [Worker-Main-14/INFO] (Minecraft) [STDOUT]: [Mixin] buildSurface skipped chunk(-14,-35)
[21:18:03] [Worker-Main-14/INFO] (Minecraft) [STDOUT]: [Mixin] buildSurface skipped chunk(-21,-35)
[21:18:03] [Worker-Main-14/INFO] (Minecraft) [STDOUT]: [Mixin] buildSurface skipped chunk(-12,-35)
[21:18:03] [Worker-Main-10/INFO] (Minecraft) [STDOUT]: [Mixin] buildSurface skipped chunk(-4,-35)
[21:18:03] [Worker-Main-14/INFO] (Minecraft) [STDOUT]: [Mixin] buildSurface skipped chunk(-20,-35)
[21:18:03] [Worker-Main-10/INFO] (Minecraft) [STDOUT]: [Mixin] buildSurface skipped chunk(-11,-35)
[21:18:03] [Worker-Main-5/INFO] (Minecraft) [STDOUT]: [Mixin] buildSurface skipped chunk(-22,-35)
[21:18:03] [Worker-Main-14/INFO] (Minecraft) [STDOUT]: [Mixin] buildSurface skipped chunk(-19,-35)
[21:18:03] [Worker-Main-15/INFO] (Minecraft) [STDOUT]: [Mixin] buildSurface skipped chunk(-15,-35)
[21:18:03] [Worker-Main-6/INFO] (Minecraft) [STDOUT]: [Mixin] buildSurface skipped chunk(-18,-35)
[21:18:03] [Worker-Main-6/INFO] (Minecraft) [STDOUT]: [Mixin] buildSurface skipped chunk(-16,-35)
[21:18:03] [Worker-Main-15/INFO] (Minecraft) [STDOUT]: [Mixin] buildSurface skipped chunk(-17,-35)
[21:18:04] [Worker-Main-8/INFO] (Minecraft) [STDOUT]: [Mixin] populateNoise intercepted chunk(-35,-8)
[21:18:04] [Worker-Main-2/INFO] (Minecraft) [STDOUT]: [Mixin] populateNoise intercepted chunk(-35,-7)
[21:18:04] [Worker-Main-3/INFO] (Minecraft) [STDOUT]: [Mixin] populateNoise intercepted chunk(-35,-6)
[21:18:04] [Worker-Main-1/INFO] (Minecraft) [STDOUT]: [Mixin] populateNoise intercepted chunk(-35,-5)
[21:18:04] [Worker-Main-14/INFO] (Minecraft) [STDOUT]: [Mixin] populateNoise intercepted chunk(-35,-4)
[21:18:04] [Worker-Main-9/INFO] (Minecraft) [STDOUT]: [Mixin] populateNoise intercepted chunk(-35,-3)
[21:18:04] [Worker-Main-16/INFO] (Minecraft) [STDOUT]: [Mixin] populateNoise intercepted chunk(-35,-2)
[21:18:04] [Worker-Main-7/INFO] (Minecraft) [STDOUT]: [Mixin] populateNoise intercepted chunk(-35,-1)
[21:18:04] [Worker-Main-17/INFO] (Minecraft) [STDOUT]: [Mixin] populateNoise intercepted chunk(-36,-5)
[21:18:04] [Worker-Main-19/INFO] (Minecraft) [STDOUT]: [Mixin] populateNoise intercepted chunk(-36,-8)
[21:18:04] [Worker-Main-5/INFO] (Minecraft) [STDOUT]: [Mixin] populateNoise intercepted chunk(-36,-7)
[21:18:04] [Worker-Main-11/INFO] (Minecraft) [STDOUT]: [Mixin] populateNoise intercepted chunk(-36,-6)
[21:18:04] [Worker-Main-10/INFO] (Minecraft) [STDOUT]: [Mixin] populateNoise intercepted chunk(-36,-4)
[21:18:04] [Worker-Main-18/INFO] (Minecraft) [STDOUT]: [Mixin] populateNoise intercepted chunk(-35,0)
[21:18:04] [Worker-Main-20/INFO] (Minecraft) [STDOUT]: [Mixin] populateNoise intercepted chunk(-36,-3)
[21:18:04] [Worker-Main-6/INFO] (Minecraft) [STDOUT]: [Mixin] populateNoise intercepted chunk(-36,-2)
[21:18:04] [Worker-Main-4/INFO] (Minecraft) [STDOUT]: [Mixin] populateNoise intercepted chunk(-36,-1)
[21:18:04] [Worker-Main-13/INFO] (Minecraft) [STDOUT]: [Mixin] populateNoise intercepted chunk(-36,0)
[21:18:04] [Worker-Main-15/INFO] (Minecraft) [STDOUT]: [Mixin] populateNoise intercepted chunk(-36,-35)
[21:18:04] [Worker-Main-23/INFO] (Minecraft) [STDOUT]: [Mixin] populateNoise intercepted chunk(-35,-35)
[21:18:04] [Worker-Main-12/INFO] (Minecraft) [STDOUT]: [Mixin] populateNoise intercepted chunk(-37,-35)
[21:18:04] [Worker-Main-22/INFO] (Minecraft) [STDOUT]: [Mixin] populateNoise intercepted chunk(-37,-34)
[21:18:04] [Worker-Main-21/INFO] (Minecraft) [STDOUT]: [Mixin] populateNoise intercepted chunk(-37,-33)
[21:18:04] [Worker-Main-8/INFO] (Minecraft) [STDOUT]: [Mixin] buildSurface skipped chunk(-35,-8)
[21:18:04] [Worker-Main-8/INFO] (Minecraft) [STDOUT]: [Mixin] buildSurface skipped chunk(-35,-7)
[21:18:04] [Worker-Main-8/INFO] (Minecraft) [STDOUT]: [Mixin] buildSurface skipped chunk(-35,-6)
[21:18:04] [Worker-Main-8/INFO] (Minecraft) [STDOUT]: [Mixin] buildSurface skipped chunk(-35,-1)
[21:18:04] [Worker-Main-8/INFO] (Minecraft) [STDOUT]: [Mixin] buildSurface skipped chunk(-35,-5)
[21:18:04] [Worker-Main-11/INFO] (Minecraft) [STDOUT]: [Mixin] buildSurface skipped chunk(-35,-3)
[21:18:04] [Worker-Main-7/INFO] (Minecraft) [STDOUT]: [Mixin] buildSurface skipped chunk(-35,-4)
[21:18:04] [Worker-Main-19/INFO] (Minecraft) [STDOUT]: [Mixin] buildSurface skipped chunk(-36,-8)
[21:18:04] [Worker-Main-19/INFO] (Minecraft) [STDOUT]: [Mixin] buildSurface skipped chunk(-36,-6)
[21:18:04] [Worker-Main-8/INFO] (Minecraft) [STDOUT]: [Mixin] buildSurface skipped chunk(-36,-7)
[21:18:04] [Worker-Main-17/INFO] (Minecraft) [STDOUT]: [Mixin] buildSurface skipped chunk(-36,-1)
[21:18:04] [Worker-Main-9/INFO] (Minecraft) [STDOUT]: [Mixin] buildSurface skipped chunk(-36,-5)
[21:18:04] [Worker-Main-14/INFO] (Minecraft) [STDOUT]: [Mixin] buildSurface skipped chunk(-36,-2)
[21:18:04] [Worker-Main-17/INFO] (Minecraft) [STDOUT]: [Mixin] buildSurface skipped chunk(-35,0)
[21:18:04] [Worker-Main-18/INFO] (Minecraft) [STDOUT]: [Mixin] buildSurface skipped chunk(-36,0)
[21:18:04] [Worker-Main-10/INFO] (Minecraft) [STDOUT]: [Mixin] buildSurface skipped chunk(-36,-4)
[21:18:04] [Worker-Main-6/INFO] (Minecraft) [STDOUT]: [Mixin] buildSurface skipped chunk(-37,-35)
[21:18:04] [Worker-Main-12/INFO] (Minecraft) [STDOUT]: [Mixin] buildSurface skipped chunk(-36,-35)
[21:18:04] [Worker-Main-23/INFO] (Minecraft) [STDOUT]: [Mixin] buildSurface skipped chunk(-35,-35)
[21:18:04] [Worker-Main-20/INFO] (Minecraft) [STDOUT]: [Mixin] buildSurface skipped chunk(-35,-2)
[21:18:04] [Worker-Main-6/INFO] (Minecraft) [STDOUT]: [Mixin] buildSurface skipped chunk(-36,-3)
[21:18:04] [Worker-Main-6/INFO] (Minecraft) [STDOUT]: [Mixin] buildSurface skipped chunk(-37,-34)
[21:18:04] [Worker-Main-20/INFO] (Minecraft) [STDOUT]: [Mixin] buildSurface skipped chunk(-37,-33)
[21:18:04] [Worker-Main-1/INFO] (Minecraft) [STDOUT]: [Mixin] populateNoise intercepted chunk(-37,-32)
[21:18:04] [Worker-Main-20/INFO] (Minecraft) [STDOUT]: [Mixin] populateNoise intercepted chunk(-37,-31)
[21:18:04] [Worker-Main-19/INFO] (Minecraft) [STDOUT]: [Mixin] populateNoise intercepted chunk(-37,-30)
[21:18:04] [Worker-Main-7/INFO] (Minecraft) [STDOUT]: [Mixin] populateNoise intercepted chunk(-37,-26)
[21:18:04] [Worker-Main-4/INFO] (Minecraft) [STDOUT]: [Mixin] populateNoise intercepted chunk(-37,-29)
[21:18:04] [Worker-Main-23/INFO] (Minecraft) [STDOUT]: [Mixin] populateNoise intercepted chunk(-37,-28)
[21:18:04] [Worker-Main-10/INFO] (Minecraft) [STDOUT]: [Mixin] populateNoise intercepted chunk(-37,-27)
[21:18:04] [Worker-Main-21/INFO] (Minecraft) [STDOUT]: [Mixin] populateNoise intercepted chunk(-37,-25)
[21:18:04] [Worker-Main-22/INFO] (Minecraft) [STDOUT]: [Mixin] populateNoise intercepted chunk(-37,-24)
[21:18:04] [Worker-Main-16/INFO] (Minecraft) [STDOUT]: [Mixin] populateNoise intercepted chunk(-37,-23)
[21:18:04] [Worker-Main-8/INFO] (Minecraft) [STDOUT]: [Mixin] populateNoise intercepted chunk(-37,-19)
[21:18:04] [Worker-Main-6/INFO] (Minecraft) [STDOUT]: [Mixin] populateNoise intercepted chunk(-37,-22)
[21:18:04] [Worker-Main-13/INFO] (Minecraft) [STDOUT]: [Mixin] populateNoise intercepted chunk(-37,-21)
[21:18:04] [Worker-Main-13/INFO] (Minecraft) [STDOUT]: [Mixin] populateNoise intercepted chunk(-37,-20)
[21:18:04] [Worker-Main-14/INFO] (Minecraft) [STDOUT]: [Mixin] populateNoise intercepted chunk(-37,-18)
[21:18:04] [Worker-Main-15/INFO] (Minecraft) [STDOUT]: [Mixin] populateNoise intercepted chunk(-37,-17)
[21:18:04] [Worker-Main-9/INFO] (Minecraft) [STDOUT]: [Mixin] populateNoise intercepted chunk(-37,-16)
[21:18:04] [Worker-Main-18/INFO] (Minecraft) [STDOUT]: [Mixin] populateNoise intercepted chunk(-37,-15)
[21:18:04] [Worker-Main-5/INFO] (Minecraft) [STDOUT]: [Mixin] populateNoise intercepted chunk(-37,-14)
[21:18:04] [Worker-Main-17/INFO] (Minecraft) [STDOUT]: [Mixin] populateNoise intercepted chunk(-37,-13)
[21:18:04] [Worker-Main-3/INFO] (Minecraft) [STDOUT]: [Mixin] populateNoise intercepted chunk(-37,-12)
[21:18:04] [Worker-Main-12/INFO] (Minecraft) [STDOUT]: [Mixin] populateNoise intercepted chunk(-37,-11)
[21:18:04] [Worker-Main-2/INFO] (Minecraft) [STDOUT]: [Mixin] populateNoise intercepted chunk(-37,-10)
[21:18:04] [Worker-Main-4/INFO] (Minecraft) [STDOUT]: [Mixin] populateNoise intercepted chunk(-37,-9)
[21:18:04] [Worker-Main-16/INFO] (Minecraft) [STDOUT]: [Mixin] buildSurface skipped chunk(-37,-28)
[21:18:04] [Worker-Main-16/INFO] (Minecraft) [STDOUT]: [Mixin] buildSurface skipped chunk(-37,-29)
[21:18:04] [Worker-Main-16/INFO] (Minecraft) [STDOUT]: [Mixin] buildSurface skipped chunk(-37,-23)
[21:18:04] [Worker-Main-16/INFO] (Minecraft) [STDOUT]: [Mixin] buildSurface skipped chunk(-37,-17)
[21:18:04] [Worker-Main-22/INFO] (Minecraft) [STDOUT]: [Mixin] buildSurface skipped chunk(-37,-30)
[21:18:04] [Worker-Main-23/INFO] (Minecraft) [STDOUT]: [Mixin] buildSurface skipped chunk(-37,-24)
[21:18:04] [Worker-Main-23/INFO] (Minecraft) [STDOUT]: [Mixin] buildSurface skipped chunk(-37,-31)
[21:18:04] [Worker-Main-8/INFO] (Minecraft) [STDOUT]: [Mixin] buildSurface skipped chunk(-37,-16)
[21:18:04] [Worker-Main-18/INFO] (Minecraft) [STDOUT]: [Mixin] buildSurface skipped chunk(-37,-26)
[21:18:04] [Worker-Main-6/INFO] (Minecraft) [STDOUT]: [Mixin] buildSurface skipped chunk(-37,-20)
[21:18:04] [Worker-Main-8/INFO] (Minecraft) [STDOUT]: [Mixin] buildSurface skipped chunk(-37,-32)
[21:18:04] [Worker-Main-8/INFO] (Minecraft) [STDOUT]: [Mixin] buildSurface skipped chunk(-37,-27)
[21:18:04] [Worker-Main-6/INFO] (Minecraft) [STDOUT]: [Mixin] buildSurface skipped chunk(-37,-11)
[21:18:04] [Worker-Main-7/INFO] (Minecraft) [STDOUT]: [Mixin] buildSurface skipped chunk(-37,-15)
[21:18:04] [Worker-Main-8/INFO] (Minecraft) [STDOUT]: [Mixin] buildSurface skipped chunk(-37,-21)
[21:18:04] [Worker-Main-7/INFO] (Minecraft) [STDOUT]: [Mixin] buildSurface skipped chunk(-37,-18)
[21:18:04] [Worker-Main-7/INFO] (Minecraft) [STDOUT]: [Mixin] buildSurface skipped chunk(-37,-22)
[21:18:04] [Worker-Main-18/INFO] (Minecraft) [STDOUT]: [Mixin] buildSurface skipped chunk(-37,-19)
[21:18:04] [Worker-Main-4/INFO] (Minecraft) [STDOUT]: [Mixin] buildSurface skipped chunk(-37,-13)
[21:18:04] [Worker-Main-4/INFO] (Minecraft) [STDOUT]: [Mixin] buildSurface skipped chunk(-37,-25)
[21:18:04] [Worker-Main-4/INFO] (Minecraft) [STDOUT]: [Mixin] buildSurface skipped chunk(-37,-14)
[21:18:04] [Worker-Main-4/INFO] (Minecraft) [STDOUT]: [Mixin] buildSurface skipped chunk(-37,-10)
[21:18:04] [Worker-Main-18/INFO] (Minecraft) [STDOUT]: [Mixin] buildSurface skipped chunk(-37,-12)
[21:18:04] [Worker-Main-22/INFO] (Minecraft) [STDOUT]: [Mixin] buildSurface skipped chunk(-37,-9)
[21:18:04] [Worker-Main-11/INFO] (Minecraft) [STDOUT]: [Mixin] populateNoise intercepted chunk(-35,1)
[21:18:04] [Worker-Main-11/INFO] (Minecraft) [STDOUT]: [Mixin] populateNoise intercepted chunk(-35,2)
[21:18:04] [Worker-Main-18/INFO] (Minecraft) [STDOUT]: [Mixin] populateNoise intercepted chunk(-35,3)
[21:18:04] [Worker-Main-13/INFO] (Minecraft) [STDOUT]: [Mixin] populateNoise intercepted chunk(-35,4)
[21:18:04] [Worker-Main-19/INFO] (Minecraft) [STDOUT]: [Mixin] populateNoise intercepted chunk(-35,8)
[21:18:04] [Worker-Main-19/INFO] (Minecraft) [STDOUT]: [Mixin] populateNoise intercepted chunk(-35,9)
[21:18:04] [Worker-Main-12/INFO] (Minecraft) [STDOUT]: [Mixin] populateNoise intercepted chunk(-35,5)
[21:18:04] [Worker-Main-4/INFO] (Minecraft) [STDOUT]: [Mixin] populateNoise intercepted chunk(-35,6)
[21:18:04] [Worker-Main-8/INFO] (Minecraft) [STDOUT]: [Mixin] populateNoise intercepted chunk(-35,7)
[21:18:04] [Worker-Main-5/INFO] (Minecraft) [STDOUT]: [Mixin] populateNoise intercepted chunk(-35,10)
[21:18:04] [Worker-Main-15/INFO] (Minecraft) [STDOUT]: [Mixin] populateNoise intercepted chunk(-35,11)
[21:18:04] [Worker-Main-18/INFO] (Minecraft) [STDOUT]: [Mixin] populateNoise intercepted chunk(-35,12)
[21:18:04] [Worker-Main-1/INFO] (Minecraft) [STDOUT]: [Mixin] populateNoise intercepted chunk(-35,13)
[21:18:04] [Worker-Main-21/INFO] (Minecraft) [STDOUT]: [Mixin] populateNoise intercepted chunk(-35,14)
[21:18:04] [Worker-Main-23/INFO] (Minecraft) [STDOUT]: [Mixin] populateNoise intercepted chunk(-35,15)
[21:18:04] [Worker-Main-7/INFO] (Minecraft) [STDOUT]: [Mixin] populateNoise intercepted chunk(-35,16)
[21:18:04] [Worker-Main-3/INFO] (Minecraft) [STDOUT]: [Mixin] populateNoise intercepted chunk(-35,17)
[21:18:04] [Worker-Main-14/INFO] (Minecraft) [STDOUT]: [Mixin] populateNoise intercepted chunk(-35,18)
[21:18:04] [Worker-Main-10/INFO] (Minecraft) [STDOUT]: [Mixin] populateNoise intercepted chunk(-35,19)
[21:18:04] [Worker-Main-20/INFO] (Minecraft) [STDOUT]: [Mixin] populateNoise intercepted chunk(-35,20)
[21:18:04] [Worker-Main-6/INFO] (Minecraft) [STDOUT]: [Mixin] populateNoise intercepted chunk(-35,21)
[21:18:04] [Worker-Main-20/INFO] (Minecraft) [STDOUT]: [Mixin] populateNoise intercepted chunk(-35,22)
[21:18:04] [Worker-Main-10/INFO] (Minecraft) [STDOUT]: [Mixin] populateNoise intercepted chunk(-36,1)
[21:18:04] [Worker-Main-19/INFO] (Minecraft) [STDOUT]: [Mixin] buildSurface skipped chunk(-35,9)
[21:18:04] [Worker-Main-11/INFO] (Minecraft) [STDOUT]: [Mixin] buildSurface skipped chunk(-35,2)
[21:18:04] [Worker-Main-11/INFO] (Minecraft) [STDOUT]: [Mixin] buildSurface skipped chunk(-35,4)
[21:18:04] [Worker-Main-11/INFO] (Minecraft) [STDOUT]: [Mixin] buildSurface skipped chunk(-35,10)
[21:18:05] [RCON Listener #1/INFO] (Minecraft) Thread RCON Client /127.0.0.1 started
[21:18:05] [RCON Client /127.0.0.1 #7/INFO] (Minecraft) Thread RCON Client /127.0.0.1 shutting down
[21:18:05] [Worker-Main-19/INFO] (Minecraft) [STDOUT]: [Mixin] buildSurface skipped chunk(-35,11)
[21:18:05] [Worker-Main-6/INFO] (Minecraft) [STDOUT]: [Mixin] buildSurface skipped chunk(-35,6)
[21:18:05] [Worker-Main-6/INFO] (Minecraft) [STDOUT]: [Mixin] buildSurface skipped chunk(-35,7)
[21:18:05] [Worker-Main-6/INFO] (Minecraft) [STDOUT]: [Mixin] buildSurface skipped chunk(-35,1)
[21:18:05] [Worker-Main-19/INFO] (Minecraft) [STDOUT]: [Mixin] buildSurface skipped chunk(-35,8)
[21:18:05] [Worker-Main-6/INFO] (Minecraft) [STDOUT]: [Mixin] buildSurface skipped chunk(-35,12)
[21:18:05] [Worker-Main-6/INFO] (Minecraft) [STDOUT]: [Mixin] buildSurface skipped chunk(-35,3)
[21:18:05] [Worker-Main-19/INFO] (Minecraft) [STDOUT]: [Mixin] buildSurface skipped chunk(-35,15)
[21:18:05] [Worker-Main-10/INFO] (Minecraft) [STDOUT]: [Mixin] buildSurface skipped chunk(-35,5)
[21:18:05] [Worker-Main-10/INFO] (Minecraft) [STDOUT]: [Mixin] buildSurface skipped chunk(-35,16)
[21:18:05] [Worker-Main-19/INFO] (Minecraft) [STDOUT]: [Mixin] buildSurface skipped chunk(-35,14)
[21:18:05] [Worker-Main-20/INFO] (Minecraft) [STDOUT]: [Mixin] buildSurface skipped chunk(-35,19)
[21:18:05] [Worker-Main-19/INFO] (Minecraft) [STDOUT]: [Mixin] buildSurface skipped chunk(-35,18)
[21:18:05] [Worker-Main-6/INFO] (Minecraft) [STDOUT]: [Mixin] buildSurface skipped chunk(-35,21)
[21:18:05] [Worker-Main-19/INFO] (Minecraft) [STDOUT]: [Mixin] buildSurface skipped chunk(-35,17)
[21:18:05] [Worker-Main-19/INFO] (Minecraft) [STDOUT]: [Mixin] buildSurface skipped chunk(-35,13)
[21:18:05] [Worker-Main-19/INFO] (Minecraft) [STDOUT]: [Mixin] buildSurface skipped chunk(-35,20)
[21:18:05] [Worker-Main-19/INFO] (Minecraft) [STDOUT]: [Mixin] buildSurface skipped chunk(-35,22)
[21:18:05] [Worker-Main-19/INFO] (Minecraft) [STDOUT]: [Mixin] buildSurface skipped chunk(-36,1)
[21:18:05] [Server thread/INFO] (Minecraft) [Chunky] Task running for minecraft:overworld. Processed: 2134 chunks (50.51%), ETA: 0:00:19, Rate: 105.0 cps, Current: -33, -1
[21:18:05] [Worker-Main-17/INFO] (Minecraft) [STDOUT]: [Mixin] populateNoise intercepted chunk(-35,23)
[21:18:05] [Worker-Main-3/INFO] (Minecraft) [STDOUT]: [Mixin] populateNoise intercepted chunk(-35,24)
[21:18:05] [Worker-Main-10/INFO] (Minecraft) [STDOUT]: [Mixin] populateNoise intercepted chunk(-35,25)
[21:18:05] [Worker-Main-21/INFO] (Minecraft) [STDOUT]: [Mixin] populateNoise intercepted chunk(-35,26)
[21:18:05] [Worker-Main-8/INFO] (Minecraft) [STDOUT]: [Mixin] populateNoise intercepted chunk(-35,27)
[21:18:05] [Worker-Main-9/INFO] (Minecraft) [STDOUT]: [Mixin] populateNoise intercepted chunk(-35,28)
[21:18:05] [Worker-Main-2/INFO] (Minecraft) [STDOUT]: [Mixin] populateNoise intercepted chunk(-35,29)
[21:18:05] [Worker-Main-12/INFO] (Minecraft) [STDOUT]: [Mixin] populateNoise intercepted chunk(-35,30)
[21:18:05] [Worker-Main-6/INFO] (Minecraft) [STDOUT]: [Mixin] populateNoise intercepted chunk(-35,31)
[21:18:05] [Worker-Main-14/INFO] (Minecraft) [STDOUT]: [Mixin] populateNoise intercepted chunk(-34,2)
[21:18:05] [Worker-Main-18/INFO] (Minecraft) [STDOUT]: [Mixin] populateNoise intercepted chunk(-34,3)
[21:18:05] [Worker-Main-16/INFO] (Minecraft) [STDOUT]: [Mixin] populateNoise intercepted chunk(-34,4)
[21:18:05] [Worker-Main-23/INFO] (Minecraft) [STDOUT]: [Mixin] populateNoise intercepted chunk(-34,5)
[21:18:05] [Worker-Main-7/INFO] (Minecraft) [STDOUT]: [Mixin] populateNoise intercepted chunk(-34,6)
[21:18:05] [Worker-Main-19/INFO] (Minecraft) [STDOUT]: [Mixin] populateNoise intercepted chunk(-34,7)
[21:18:05] [Worker-Main-15/INFO] (Minecraft) [STDOUT]: [Mixin] populateNoise intercepted chunk(-36,2)
[21:18:05] [Worker-Main-22/INFO] (Minecraft) [STDOUT]: [Mixin] populateNoise intercepted chunk(-36,3)
[21:18:05] [Worker-Main-20/INFO] (Minecraft) [STDOUT]: [Mixin] populateNoise intercepted chunk(-36,4)
[21:18:05] [Worker-Main-1/INFO] (Minecraft) [STDOUT]: [Mixin] populateNoise intercepted chunk(-36,5)
[21:18:05] [Worker-Main-11/INFO] (Minecraft) [STDOUT]: [Mixin] populateNoise intercepted chunk(-36,6)
[21:18:05] [Worker-Main-13/INFO] (Minecraft) [STDOUT]: [Mixin] populateNoise intercepted chunk(-36,7)
[21:18:05] [Worker-Main-13/INFO] (Minecraft) [STDOUT]: [Mixin] populateNoise intercepted chunk(-36,8)
[21:18:05] [Worker-Main-4/INFO] (Minecraft) [STDOUT]: [Mixin] populateNoise intercepted chunk(-34,8)
[21:18:05] [Worker-Main-18/INFO] (Minecraft) [STDOUT]: [Mixin] buildSurface skipped chunk(-34,3)
[21:18:05] [Worker-Main-18/INFO] (Minecraft) [STDOUT]: [Mixin] buildSurface skipped chunk(-34,2)
[21:18:05] [Worker-Main-18/INFO] (Minecraft) [STDOUT]: [Mixin] buildSurface skipped chunk(-34,6)
[21:18:05] [Worker-Main-19/INFO] (Minecraft) [STDOUT]: [Mixin] buildSurface skipped chunk(-35,23)
[21:18:05] [Worker-Main-14/INFO] (Minecraft) [STDOUT]: [Mixin] buildSurface skipped chunk(-34,7)
[21:18:05] [Worker-Main-21/INFO] (Minecraft) [STDOUT]: [Mixin] buildSurface skipped chunk(-35,26)
[21:18:05] [Worker-Main-23/INFO] (Minecraft) [STDOUT]: [Mixin] buildSurface skipped chunk(-34,4)
[21:18:05] [Worker-Main-23/INFO] (Minecraft) [STDOUT]: [Mixin] buildSurface skipped chunk(-34,5)
[21:18:05] [Worker-Main-19/INFO] (Minecraft) [STDOUT]: [Mixin] buildSurface skipped chunk(-35,30)
[21:18:05] [Worker-Main-20/INFO] (Minecraft) [STDOUT]: [Mixin] buildSurface skipped chunk(-36,2)
[21:18:05] [Worker-Main-20/INFO] (Minecraft) [STDOUT]: [Mixin] buildSurface skipped chunk(-36,4)
[21:18:05] [Worker-Main-19/INFO] (Minecraft) [STDOUT]: [Mixin] buildSurface skipped chunk(-35,25)
[21:18:05] [Worker-Main-19/INFO] (Minecraft) [STDOUT]: [Mixin] buildSurface skipped chunk(-35,24)
[21:18:05] [Worker-Main-2/INFO] (Minecraft) [STDOUT]: [Mixin] buildSurface skipped chunk(-35,28)
[21:18:05] [Worker-Main-19/INFO] (Minecraft) [STDOUT]: [Mixin] buildSurface skipped chunk(-35,29)
[21:18:05] [Worker-Main-2/INFO] (Minecraft) [STDOUT]: [Mixin] buildSurface skipped chunk(-35,31)
[21:18:05] [Worker-Main-2/INFO] (Minecraft) [STDOUT]: [Mixin] buildSurface skipped chunk(-36,3)
[21:18:05] [Worker-Main-6/INFO] (Minecraft) [STDOUT]: [Mixin] buildSurface skipped chunk(-36,5)
[21:18:05] [Worker-Main-2/INFO] (Minecraft) [STDOUT]: [Mixin] buildSurface skipped chunk(-36,8)
[21:18:05] [Worker-Main-2/INFO] (Minecraft) [STDOUT]: [Mixin] buildSurface skipped chunk(-36,7)
[21:18:05] [Worker-Main-6/INFO] (Minecraft) [STDOUT]: [Mixin] buildSurface skipped chunk(-34,8)
[21:18:05] [Worker-Main-19/INFO] (Minecraft) [STDOUT]: [Mixin] buildSurface skipped chunk(-36,6)
[21:18:05] [Worker-Main-19/INFO] (Minecraft) [STDOUT]: [Mixin] buildSurface skipped chunk(-35,27)
[21:18:05] [Worker-Main-19/INFO] (Minecraft) [STDOUT]: [Mixin] populateNoise intercepted chunk(-36,9)
[21:18:05] [Worker-Main-2/INFO] (Minecraft) [STDOUT]: [Mixin] populateNoise intercepted chunk(-36,10)
[21:18:05] [Worker-Main-4/INFO] (Minecraft) [STDOUT]: [Mixin] populateNoise intercepted chunk(-34,9)
[21:18:05] [Worker-Main-11/INFO] (Minecraft) [STDOUT]: [Mixin] populateNoise intercepted chunk(-34,10)
[21:18:05] [Worker-Main-5/INFO] (Minecraft) [STDOUT]: [Mixin] populateNoise intercepted chunk(-36,11)
[21:18:05] [Worker-Main-3/INFO] (Minecraft) [STDOUT]: [Mixin] populateNoise intercepted chunk(-36,12)
[21:18:05] [Worker-Main-22/INFO] (Minecraft) [STDOUT]: [Mixin] populateNoise intercepted chunk(-34,11)
[21:18:05] [Worker-Main-9/INFO] (Minecraft) [STDOUT]: [Mixin] populateNoise intercepted chunk(-34,12)
[21:18:05] [Worker-Main-1/INFO] (Minecraft) [STDOUT]: [Mixin] populateNoise intercepted chunk(-34,13)
[21:18:05] [Worker-Main-20/INFO] (Minecraft) [STDOUT]: [Mixin] populateNoise intercepted chunk(-36,13)
[21:18:05] [Worker-Main-13/INFO] (Minecraft) [STDOUT]: [Mixin] populateNoise intercepted chunk(-36,14)
[21:18:05] [Worker-Main-12/INFO] (Minecraft) [STDOUT]: [Mixin] populateNoise intercepted chunk(-34,14)
[21:18:05] [Worker-Main-10/INFO] (Minecraft) [STDOUT]: [Mixin] populateNoise intercepted chunk(-36,15)
[21:18:05] [Worker-Main-16/INFO] (Minecraft) [STDOUT]: [Mixin] populateNoise intercepted chunk(-34,15)
[21:18:05] [Worker-Main-23/INFO] (Minecraft) [STDOUT]: [Mixin] populateNoise intercepted chunk(-36,16)
[21:18:05] [Worker-Main-15/INFO] (Minecraft) [STDOUT]: [Mixin] populateNoise intercepted chunk(-34,16)
[21:18:05] [Worker-Main-14/INFO] (Minecraft) [STDOUT]: [Mixin] populateNoise intercepted chunk(-34,17)
[21:18:05] [Worker-Main-17/INFO] (Minecraft) [STDOUT]: [Mixin] populateNoise intercepted chunk(-36,17)
[21:18:05] [Worker-Main-21/INFO] (Minecraft) [STDOUT]: [Mixin] populateNoise intercepted chunk(-36,18)
[21:18:05] [Worker-Main-7/INFO] (Minecraft) [STDOUT]: [Mixin] populateNoise intercepted chunk(-34,18)
[21:18:05] [Worker-Main-18/INFO] (Minecraft) [STDOUT]: [Mixin] populateNoise intercepted chunk(-36,19)
[21:18:05] [Worker-Main-8/INFO] (Minecraft) [STDOUT]: [Mixin] populateNoise intercepted chunk(-34,19)
[21:18:05] [Worker-Main-6/INFO] (Minecraft) [STDOUT]: [Mixin] populateNoise intercepted chunk(-36,20)
[21:18:05] [Worker-Main-19/INFO] (Minecraft) [STDOUT]: [Mixin] buildSurface skipped chunk(-36,9)
[21:18:05] [Worker-Main-3/INFO] (Minecraft) [STDOUT]: [Mixin] buildSurface skipped chunk(-36,12)
[21:18:05] [Worker-Main-3/INFO] (Minecraft) [STDOUT]: [Mixin] populateNoise intercepted chunk(-34,20)
[21:18:05] [Worker-Main-19/INFO] (Minecraft) [STDOUT]: [Mixin] buildSurface skipped chunk(-34,12)
[21:18:05] [Worker-Main-9/INFO] (Minecraft) [STDOUT]: [Mixin] buildSurface skipped chunk(-34,16)
[21:18:05] [Worker-Main-19/INFO] (Minecraft) [STDOUT]: [Mixin] buildSurface skipped chunk(-34,13)
[21:18:05] [Worker-Main-5/INFO] (Minecraft) [STDOUT]: [Mixin] buildSurface skipped chunk(-36,15)
[21:18:05] [Worker-Main-1/INFO] (Minecraft) [STDOUT]: [Mixin] buildSurface skipped chunk(-36,11)
[21:18:05] [Worker-Main-1/INFO] (Minecraft) [STDOUT]: [Mixin] buildSurface skipped chunk(-34,9)
[21:18:05] [Worker-Main-22/INFO] (Minecraft) [STDOUT]: [Mixin] buildSurface skipped chunk(-34,17)
[21:18:05] [Worker-Main-13/INFO] (Minecraft) [STDOUT]: [Mixin] buildSurface skipped chunk(-36,10)
[21:18:05] [Worker-Main-13/INFO] (Minecraft) [STDOUT]: [Mixin] buildSurface skipped chunk(-34,10)
[21:18:05] [Worker-Main-4/INFO] (Minecraft) [STDOUT]: [Mixin] buildSurface skipped chunk(-36,14)
[21:18:05] [Worker-Main-20/INFO] (Minecraft) [STDOUT]: [Mixin] buildSurface skipped chunk(-36,13)
[21:18:05] [Worker-Main-4/INFO] (Minecraft) [STDOUT]: [Mixin] buildSurface skipped chunk(-34,15)
[21:18:05] [Worker-Main-20/INFO] (Minecraft) [STDOUT]: [Mixin] buildSurface skipped chunk(-34,11)
[21:18:05] [Worker-Main-4/INFO] (Minecraft) [STDOUT]: [Mixin] buildSurface skipped chunk(-34,14)
[21:18:05] [Worker-Main-7/INFO] (Minecraft) [STDOUT]: [Mixin] buildSurface skipped chunk(-36,16)
[21:18:05] [Worker-Main-6/INFO] (Minecraft) [STDOUT]: [Mixin] buildSurface skipped chunk(-36,17)
[21:18:05] [Worker-Main-18/INFO] (Minecraft) [STDOUT]: [Mixin] buildSurface skipped chunk(-36,19)
[21:18:05] [Worker-Main-18/INFO] (Minecraft) [STDOUT]: [Mixin] buildSurface skipped chunk(-34,18)
[21:18:05] [Worker-Main-18/INFO] (Minecraft) [STDOUT]: [Mixin] buildSurface skipped chunk(-36,18)
[21:18:05] [Worker-Main-13/INFO] (Minecraft) [STDOUT]: [Mixin] buildSurface skipped chunk(-36,20)
[21:18:05] [Worker-Main-13/INFO] (Minecraft) [STDOUT]: [Mixin] buildSurface skipped chunk(-34,19)
[21:18:05] [Worker-Main-3/INFO] (Minecraft) [STDOUT]: [Mixin] buildSurface skipped chunk(-34,20)
[21:18:05] [Worker-Main-17/INFO] (Minecraft) [STDOUT]: [Mixin] populateNoise intercepted chunk(-36,21)
[21:18:05] [Worker-Main-21/INFO] (Minecraft) [STDOUT]: [Mixin] populateNoise intercepted chunk(-34,21)
[21:18:05] [Worker-Main-2/INFO] (Minecraft) [STDOUT]: [Mixin] populateNoise intercepted chunk(-36,22)
[21:18:05] [Worker-Main-14/INFO] (Minecraft) [STDOUT]: [Mixin] populateNoise intercepted chunk(-34,22)
[21:18:05] [Worker-Main-22/INFO] (Minecraft) [STDOUT]: [Mixin] populateNoise intercepted chunk(-36,23)
[21:18:05] [Worker-Main-16/INFO] (Minecraft) [STDOUT]: [Mixin] populateNoise intercepted chunk(-34,23)
[21:18:05] [Worker-Main-1/INFO] (Minecraft) [STDOUT]: [Mixin] populateNoise intercepted chunk(-36,24)
[21:18:05] [Worker-Main-23/INFO] (Minecraft) [STDOUT]: [Mixin] populateNoise intercepted chunk(-34,24)
[21:18:05] [Worker-Main-7/INFO] (Minecraft) [STDOUT]: [Mixin] populateNoise intercepted chunk(-36,25)
[21:18:05] [Worker-Main-12/INFO] (Minecraft) [STDOUT]: [Mixin] populateNoise intercepted chunk(-34,25)
[21:18:05] [Worker-Main-13/INFO] (Minecraft) [STDOUT]: [Mixin] populateNoise intercepted chunk(-34,26)
[21:18:05] [Worker-Main-18/INFO] (Minecraft) [STDOUT]: [Mixin] populateNoise intercepted chunk(-36,26)
[21:18:05] [Worker-Main-6/INFO] (Minecraft) [STDOUT]: [Mixin] populateNoise intercepted chunk(-34,27)
[21:18:05] [Worker-Main-8/INFO] (Minecraft) [STDOUT]: [Mixin] populateNoise intercepted chunk(-36,27)
[21:18:05] [Worker-Main-4/INFO] (Minecraft) [STDOUT]: [Mixin] populateNoise intercepted chunk(-36,28)
[21:18:05] [Worker-Main-20/INFO] (Minecraft) [STDOUT]: [Mixin] populateNoise intercepted chunk(-34,28)
[21:18:05] [Worker-Main-5/INFO] (Minecraft) [STDOUT]: [Mixin] populateNoise intercepted chunk(-36,29)
[21:18:05] [Worker-Main-3/INFO] (Minecraft) [STDOUT]: [Mixin] populateNoise intercepted chunk(-34,29)
[21:18:05] [Worker-Main-9/INFO] (Minecraft) [STDOUT]: [Mixin] populateNoise intercepted chunk(-34,30)
[21:18:05] [Worker-Main-15/INFO] (Minecraft) [STDOUT]: [Mixin] populateNoise intercepted chunk(-34,31)
[21:18:05] [Worker-Main-19/INFO] (Minecraft) [STDOUT]: [Mixin] populateNoise intercepted chunk(-36,30)
[21:18:05] [Worker-Main-11/INFO] (Minecraft) [STDOUT]: [Mixin] populateNoise intercepted chunk(-36,31)
[21:18:05] [Worker-Main-10/INFO] (Minecraft) [STDOUT]: [Mixin] populateNoise intercepted chunk(-36,32)
[21:18:05] [Worker-Main-14/INFO] (Minecraft) [STDOUT]: [Mixin] populateNoise intercepted chunk(-35,32)
[21:18:05] [Worker-Main-21/INFO] (Minecraft) [STDOUT]: [Mixin] buildSurface skipped chunk(-34,22)
[21:18:05] [Worker-Main-21/INFO] (Minecraft) [STDOUT]: [Mixin] buildSurface skipped chunk(-34,21)
[21:18:05] [Worker-Main-21/INFO] (Minecraft) [STDOUT]: [Mixin] buildSurface skipped chunk(-34,25)
[21:18:05] [Worker-Main-12/INFO] (Minecraft) [STDOUT]: [Mixin] buildSurface skipped chunk(-36,23)
[21:18:05] [Worker-Main-12/INFO] (Minecraft) [STDOUT]: [Mixin] buildSurface skipped chunk(-36,24)
[21:18:05] [Worker-Main-12/INFO] (Minecraft) [STDOUT]: [Mixin] buildSurface skipped chunk(-34,23)
[21:18:05] [Worker-Main-12/INFO] (Minecraft) [STDOUT]: [Mixin] buildSurface skipped chunk(-36,21)
[21:18:05] [Worker-Main-4/INFO] (Minecraft) [STDOUT]: [Mixin] buildSurface skipped chunk(-34,26)
[21:18:05] [Worker-Main-4/INFO] (Minecraft) [STDOUT]: [Mixin] buildSurface skipped chunk(-36,25)
[21:18:05] [Worker-Main-4/INFO] (Minecraft) [STDOUT]: [Mixin] buildSurface skipped chunk(-36,22)
[21:18:05] [Worker-Main-8/INFO] (Minecraft) [STDOUT]: [Mixin] buildSurface skipped chunk(-36,27)
[21:18:05] [Worker-Main-2/INFO] (Minecraft) [STDOUT]: [Mixin] buildSurface skipped chunk(-36,28)
[21:18:05] [Worker-Main-6/INFO] (Minecraft) [STDOUT]: [Mixin] buildSurface skipped chunk(-34,27)
[21:18:05] [Worker-Main-6/INFO] (Minecraft) [STDOUT]: [Mixin] buildSurface skipped chunk(-36,29)
[21:18:05] [Worker-Main-18/INFO] (Minecraft) [STDOUT]: [Mixin] buildSurface skipped chunk(-36,26)
[21:18:05] [Worker-Main-18/INFO] (Minecraft) [STDOUT]: [Mixin] buildSurface skipped chunk(-34,24)
[21:18:05] [Worker-Main-18/INFO] (Minecraft) [STDOUT]: [Mixin] buildSurface skipped chunk(-34,29)
[21:18:05] [Worker-Main-18/INFO] (Minecraft) [STDOUT]: [Mixin] buildSurface skipped chunk(-34,28)
[21:18:05] [Worker-Main-2/INFO] (Minecraft) [STDOUT]: [Mixin] buildSurface skipped chunk(-34,30)
[21:18:05] [Worker-Main-2/INFO] (Minecraft) [STDOUT]: [Mixin] buildSurface skipped chunk(-34,31)
[21:18:05] [Worker-Main-19/INFO] (Minecraft) [STDOUT]: [Mixin] buildSurface skipped chunk(-36,30)
[21:18:05] [Worker-Main-19/INFO] (Minecraft) [STDOUT]: [Mixin] buildSurface skipped chunk(-36,31)
[21:18:05] [Worker-Main-10/INFO] (Minecraft) [STDOUT]: [Mixin] buildSurface skipped chunk(-36,32)
[21:18:05] [Worker-Main-11/INFO] (Minecraft) [STDOUT]: [Mixin] buildSurface skipped chunk(-35,32)
[21:18:05] [Worker-Main-10/INFO] (Minecraft) [STDOUT]: [Mixin] populateNoise intercepted chunk(-33,2)
[21:18:05] [Worker-Main-14/INFO] (Minecraft) [STDOUT]: [Mixin] populateNoise intercepted chunk(-34,32)
[21:18:05] [Worker-Main-9/INFO] (Minecraft) [STDOUT]: [Mixin] populateNoise intercepted chunk(-33,3)
[21:18:05] [Worker-Main-3/INFO] (Minecraft) [STDOUT]: [Mixin] populateNoise intercepted chunk(-33,4)
[21:18:05] [Worker-Main-17/INFO] (Minecraft) [STDOUT]: [Mixin] populateNoise intercepted chunk(-33,5)
[21:18:05] [Worker-Main-2/INFO] (Minecraft) [STDOUT]: [Mixin] populateNoise intercepted chunk(-33,6)
[21:18:05] [Worker-Main-15/INFO] (Minecraft) [STDOUT]: [Mixin] populateNoise intercepted chunk(-33,7)
[21:18:05] [Worker-Main-19/INFO] (Minecraft) [STDOUT]: [Mixin] populateNoise intercepted chunk(-33,8)
[21:18:05] [Worker-Main-8/INFO] (Minecraft) [STDOUT]: [Mixin] populateNoise intercepted chunk(-37,-8)
[21:18:05] [Worker-Main-18/INFO] (Minecraft) [STDOUT]: [Mixin] populateNoise intercepted chunk(-37,-7)
[21:18:05] [Worker-Main-13/INFO] (Minecraft) [STDOUT]: [Mixin] populateNoise intercepted chunk(-37,-6)
[21:18:05] [Worker-Main-16/INFO] (Minecraft) [STDOUT]: [Mixin] populateNoise intercepted chunk(-37,-5)
[21:18:05] [Worker-Main-11/INFO] (Minecraft) [STDOUT]: [Mixin] populateNoise intercepted chunk(-37,-4)
[21:18:05] [Worker-Main-23/INFO] (Minecraft) [STDOUT]: [Mixin] populateNoise intercepted chunk(-37,-3)
[21:18:05] [Worker-Main-21/INFO] (Minecraft) [STDOUT]: [Mixin] populateNoise intercepted chunk(-37,-2)
[21:18:05] [Worker-Main-1/INFO] (Minecraft) [STDOUT]: [Mixin] populateNoise intercepted chunk(-37,-1)
[21:18:05] [Worker-Main-7/INFO] (Minecraft) [STDOUT]: [Mixin] populateNoise intercepted chunk(-37,0)
[21:18:05] [Worker-Main-12/INFO] (Minecraft) [STDOUT]: [Mixin] populateNoise intercepted chunk(-37,1)
[21:18:05] [Worker-Main-4/INFO] (Minecraft) [STDOUT]: [Mixin] populateNoise intercepted chunk(-37,2)
[21:18:05] [Worker-Main-6/INFO] (Minecraft) [STDOUT]: [Mixin] populateNoise intercepted chunk(-37,3)
[21:18:05] [Worker-Main-22/INFO] (Minecraft) [STDOUT]: [Mixin] populateNoise intercepted chunk(-37,4)
[21:18:05] [Worker-Main-20/INFO] (Minecraft) [STDOUT]: [Mixin] populateNoise intercepted chunk(-37,5)
[21:18:05] [Worker-Main-5/INFO] (Minecraft) [STDOUT]: [Mixin] populateNoise intercepted chunk(-37,6)
[21:18:05] [Worker-Main-8/INFO] (Minecraft) [STDOUT]: [Mixin] populateNoise intercepted chunk(-37,7)
[21:18:05] [Worker-Main-16/INFO] (Minecraft) [STDOUT]: [Mixin] buildSurface skipped chunk(-37,-8)
[21:18:05] [Worker-Main-16/INFO] (Minecraft) [STDOUT]: [Mixin] buildSurface skipped chunk(-37,-5)
[21:18:05] [Worker-Main-16/INFO] (Minecraft) [STDOUT]: [Mixin] buildSurface skipped chunk(-33,2)
[21:18:05] [Worker-Main-19/INFO] (Minecraft) [STDOUT]: [Mixin] buildSurface skipped chunk(-33,6)
[21:18:05] [Worker-Main-19/INFO] (Minecraft) [STDOUT]: [Mixin] buildSurface skipped chunk(-33,8)
[21:18:05] [Worker-Main-13/INFO] (Minecraft) [STDOUT]: [Mixin] buildSurface skipped chunk(-33,3)
[21:18:05] [Worker-Main-21/INFO] (Minecraft) [STDOUT]: [Mixin] buildSurface skipped chunk(-33,5)
[21:18:05] [Worker-Main-1/INFO] (Minecraft) [STDOUT]: [Mixin] buildSurface skipped chunk(-33,4)
[21:18:05] [Worker-Main-1/INFO] (Minecraft) [STDOUT]: [Mixin] buildSurface skipped chunk(-33,7)
[21:18:05] [Worker-Main-14/INFO] (Minecraft) [STDOUT]: [Mixin] buildSurface skipped chunk(-34,32)
[21:18:05] [Worker-Main-4/INFO] (Minecraft) [STDOUT]: [Mixin] buildSurface skipped chunk(-37,-7)
[21:18:05] [Worker-Main-4/INFO] (Minecraft) [STDOUT]: [Mixin] buildSurface skipped chunk(-37,-6)
[21:18:05] [Worker-Main-4/INFO] (Minecraft) [STDOUT]: [Mixin] buildSurface skipped chunk(-37,-4)
[21:18:05] [Worker-Main-4/INFO] (Minecraft) [STDOUT]: [Mixin] buildSurface skipped chunk(-37,-2)
[21:18:05] [Worker-Main-22/INFO] (Minecraft) [STDOUT]: [Mixin] buildSurface skipped chunk(-37,-1)
[21:18:05] [Worker-Main-5/INFO] (Minecraft) [STDOUT]: [Mixin] buildSurface skipped chunk(-37,2)
[21:18:05] [Worker-Main-5/INFO] (Minecraft) [STDOUT]: [Mixin] buildSurface skipped chunk(-37,0)
[21:18:05] [Worker-Main-14/INFO] (Minecraft) [STDOUT]: [Mixin] buildSurface skipped chunk(-37,1)
[21:18:05] [Worker-Main-14/INFO] (Minecraft) [STDOUT]: [Mixin] buildSurface skipped chunk(-37,3)
[21:18:05] [Worker-Main-12/INFO] (Minecraft) [STDOUT]: [Mixin] buildSurface skipped chunk(-37,4)
[21:18:05] [Worker-Main-22/INFO] (Minecraft) [STDOUT]: [Mixin] buildSurface skipped chunk(-37,5)
[21:18:05] [Worker-Main-5/INFO] (Minecraft) [STDOUT]: [Mixin] buildSurface skipped chunk(-37,6)
[21:18:05] [Worker-Main-5/INFO] (Minecraft) [STDOUT]: [Mixin] buildSurface skipped chunk(-37,-3)
[21:18:05] [Worker-Main-5/INFO] (Minecraft) [STDOUT]: [Mixin] buildSurface skipped chunk(-37,7)
[21:18:05] [Worker-Main-14/INFO] (Minecraft) [STDOUT]: [Mixin] populateNoise intercepted chunk(-37,8)
[21:18:05] [Worker-Main-16/INFO] (Minecraft) [STDOUT]: [Mixin] populateNoise intercepted chunk(-33,9)
[21:18:05] [Worker-Main-5/INFO] (Minecraft) [STDOUT]: [Mixin] populateNoise intercepted chunk(-33,10)
[21:18:05] [Worker-Main-22/INFO] (Minecraft) [STDOUT]: [Mixin] populateNoise intercepted chunk(-33,11)
[21:18:05] [Worker-Main-1/INFO] (Minecraft) [STDOUT]: [Mixin] populateNoise intercepted chunk(-33,12)
[21:18:05] [Worker-Main-8/INFO] (Minecraft) [STDOUT]: [Mixin] populateNoise intercepted chunk(-33,13)
[21:18:05] [Worker-Main-19/INFO] (Minecraft) [STDOUT]: [Mixin] populateNoise intercepted chunk(-33,14)
[21:18:05] [Worker-Main-9/INFO] (Minecraft) [STDOUT]: [Mixin] populateNoise intercepted chunk(-33,15)
[21:18:05] [Worker-Main-4/INFO] (Minecraft) [STDOUT]: [Mixin] populateNoise intercepted chunk(-33,16)
[21:18:05] [Worker-Main-10/INFO] (Minecraft) [STDOUT]: [Mixin] populateNoise intercepted chunk(-37,9)
[21:18:05] [Worker-Main-7/INFO] (Minecraft) [STDOUT]: [Mixin] populateNoise intercepted chunk(-33,17)
[21:18:05] [Worker-Main-15/INFO] (Minecraft) [STDOUT]: [Mixin] populateNoise intercepted chunk(-33,18)
[21:18:05] [Worker-Main-20/INFO] (Minecraft) [STDOUT]: [Mixin] populateNoise intercepted chunk(-37,10)
[21:18:05] [Worker-Main-13/INFO] (Minecraft) [STDOUT]: [Mixin] populateNoise intercepted chunk(-37,11)
[21:18:05] [Worker-Main-12/INFO] (Minecraft) [STDOUT]: [Mixin] populateNoise intercepted chunk(-37,12)
[21:18:05] [Worker-Main-2/INFO] (Minecraft) [STDOUT]: [Mixin] populateNoise intercepted chunk(-37,13)
[21:18:05] [Worker-Main-6/INFO] (Minecraft) [STDOUT]: [Mixin] populateNoise intercepted chunk(-37,14)
[21:18:05] [Worker-Main-3/INFO] (Minecraft) [STDOUT]: [Mixin] populateNoise intercepted chunk(-37,15)
[21:18:05] [Worker-Main-11/INFO] (Minecraft) [STDOUT]: [Mixin] populateNoise intercepted chunk(-37,16)
[21:18:05] [Worker-Main-17/INFO] (Minecraft) [STDOUT]: [Mixin] populateNoise intercepted chunk(-37,17)
[21:18:05] [Worker-Main-23/INFO] (Minecraft) [STDOUT]: [Mixin] populateNoise intercepted chunk(-37,18)
[21:18:05] [Worker-Main-18/INFO] (Minecraft) [STDOUT]: [Mixin] populateNoise intercepted chunk(-33,19)
[21:18:05] [Worker-Main-21/INFO] (Minecraft) [STDOUT]: [Mixin] populateNoise intercepted chunk(-33,20)
[21:18:06] [Worker-Main-1/INFO] (Minecraft) [STDOUT]: [Mixin] buildSurface skipped chunk(-33,12)
[21:18:06] [Worker-Main-1/INFO] (Minecraft) [STDOUT]: [Mixin] buildSurface skipped chunk(-33,17)
[21:18:06] [Worker-Main-7/INFO] (Minecraft) [STDOUT]: [Mixin] buildSurface skipped chunk(-33,11)
[21:18:06] [Worker-Main-7/INFO] (Minecraft) [STDOUT]: [Mixin] populateNoise intercepted chunk(-37,19)
[21:18:06] [Worker-Main-13/INFO] (Minecraft) [STDOUT]: [Mixin] buildSurface skipped chunk(-37,12)
[21:18:06] [Worker-Main-1/INFO] (Minecraft) [STDOUT]: [Mixin] buildSurface skipped chunk(-37,11)
[21:18:06] [Worker-Main-1/INFO] (Minecraft) [STDOUT]: [Mixin] buildSurface skipped chunk(-33,14)
[21:18:06] [Worker-Main-16/INFO] (Minecraft) [STDOUT]: [Mixin] buildSurface skipped chunk(-33,9)
[21:18:06] [Worker-Main-5/INFO] (Minecraft) [STDOUT]: [Mixin] buildSurface skipped chunk(-33,18)
[21:18:06] [Worker-Main-8/INFO] (Minecraft) [STDOUT]: [Mixin] buildSurface skipped chunk(-33,13)
[21:18:06] [Worker-Main-5/INFO] (Minecraft) [STDOUT]: [Mixin] buildSurface skipped chunk(-33,16)
[21:18:06] [Worker-Main-5/INFO] (Minecraft) [STDOUT]: [Mixin] buildSurface skipped chunk(-33,10)
[21:18:06] [Worker-Main-11/INFO] (Minecraft) [STDOUT]: [Mixin] buildSurface skipped chunk(-33,15)
[21:18:06] [Worker-Main-18/INFO] (Minecraft) [STDOUT]: [Mixin] buildSurface skipped chunk(-33,19)
[21:18:06] [Worker-Main-11/INFO] (Minecraft) [STDOUT]: [Mixin] buildSurface skipped chunk(-33,20)
[21:18:06] [Worker-Main-21/INFO] (Minecraft) [STDOUT]: [Mixin] buildSurface skipped chunk(-37,8)
[21:18:06] [Worker-Main-18/INFO] (Minecraft) [STDOUT]: [Mixin] buildSurface skipped chunk(-37,9)
[21:18:06] [Worker-Main-18/INFO] (Minecraft) [STDOUT]: [Mixin] buildSurface skipped chunk(-37,14)
[21:18:06] [Worker-Main-20/INFO] (Minecraft) [STDOUT]: [Mixin] buildSurface skipped chunk(-37,10)
[21:18:06] [Worker-Main-18/INFO] (Minecraft) [STDOUT]: [Mixin] buildSurface skipped chunk(-37,17)
[21:18:06] [Worker-Main-23/INFO] (Minecraft) [STDOUT]: [Mixin] buildSurface skipped chunk(-37,15)
[21:18:06] [Worker-Main-23/INFO] (Minecraft) [STDOUT]: [Mixin] buildSurface skipped chunk(-37,13)
[21:18:06] [Worker-Main-21/INFO] (Minecraft) [STDOUT]: [Mixin] buildSurface skipped chunk(-37,16)
[21:18:06] [Worker-Main-18/INFO] (Minecraft) [STDOUT]: [Mixin] buildSurface skipped chunk(-37,18)
[21:18:06] [Worker-Main-23/INFO] (Minecraft) [STDOUT]: [Mixin] buildSurface skipped chunk(-37,19)
[21:18:06] [Worker-Main-12/INFO] (Minecraft) [STDOUT]: [Mixin] populateNoise intercepted chunk(-33,21)
[21:18:06] [Worker-Main-5/INFO] (Minecraft) [STDOUT]: [Mixin] populateNoise intercepted chunk(-33,22)
[21:18:06] [Worker-Main-11/INFO] (Minecraft) [STDOUT]: [Mixin] populateNoise intercepted chunk(-33,23)
[21:18:06] [Worker-Main-4/INFO] (Minecraft) [STDOUT]: [Mixin] populateNoise intercepted chunk(-33,24)
[21:18:06] [Worker-Main-2/INFO] (Minecraft) [STDOUT]: [Mixin] populateNoise intercepted chunk(-33,25)
[21:18:06] [Worker-Main-18/INFO] (Minecraft) [STDOUT]: [Mixin] populateNoise intercepted chunk(-33,26)
[21:18:06] [Worker-Main-20/INFO] (Minecraft) [STDOUT]: [Mixin] populateNoise intercepted chunk(-33,27)
[21:18:06] [Worker-Main-22/INFO] (Minecraft) [STDOUT]: [Mixin] populateNoise intercepted chunk(-33,28)
[21:18:06] [Worker-Main-8/INFO] (Minecraft) [STDOUT]: [Mixin] populateNoise intercepted chunk(-33,29)
[21:18:06] [Worker-Main-13/INFO] (Minecraft) [STDOUT]: [Mixin] populateNoise intercepted chunk(-33,30)
[21:18:06] [Worker-Main-21/INFO] (Minecraft) [STDOUT]: [Mixin] populateNoise intercepted chunk(-33,31)
[21:18:06] [Worker-Main-16/INFO] (Minecraft) [STDOUT]: [Mixin] populateNoise intercepted chunk(-33,32)
[21:18:06] [Worker-Main-17/INFO] (Minecraft) [STDOUT]: [Mixin] populateNoise intercepted chunk(-37,20)
[21:18:06] [Worker-Main-3/INFO] (Minecraft) [STDOUT]: [Mixin] populateNoise intercepted chunk(-37,21)
[21:18:06] [Worker-Main-7/INFO] (Minecraft) [STDOUT]: [Mixin] populateNoise intercepted chunk(-37,22)
[21:18:06] [Worker-Main-6/INFO] (Minecraft) [STDOUT]: [Mixin] populateNoise intercepted chunk(-37,23)
[21:18:06] [Worker-Main-5/INFO] (Minecraft) [STDOUT]: [Mixin] populateNoise intercepted chunk(-37,24)
[21:18:06] [Worker-Main-1/INFO] (Minecraft) [STDOUT]: [Mixin] populateNoise intercepted chunk(-37,25)
[21:18:06] [Worker-Main-9/INFO] (Minecraft) [STDOUT]: [Mixin] populateNoise intercepted chunk(-37,26)
[21:18:06] [Worker-Main-10/INFO] (Minecraft) [STDOUT]: [Mixin] populateNoise intercepted chunk(-37,27)
[21:18:06] [Worker-Main-23/INFO] (Minecraft) [STDOUT]: [Mixin] populateNoise intercepted chunk(-37,28)
[21:18:06] [Worker-Main-15/INFO] (Minecraft) [STDOUT]: [Mixin] populateNoise intercepted chunk(-37,29)
[21:18:06] [Worker-Main-14/INFO] (Minecraft) [STDOUT]: [Mixin] populateNoise intercepted chunk(-32,2)
[21:18:06] [Worker-Main-12/INFO] (Minecraft) [STDOUT]: [Mixin] buildSurface skipped chunk(-33,21)
[21:18:06] [Worker-Main-21/INFO] (Minecraft) [STDOUT]: [Mixin] buildSurface skipped chunk(-33,31)
[21:18:06] [Worker-Main-21/INFO] (Minecraft) [STDOUT]: [Mixin] buildSurface skipped chunk(-33,22)
[21:18:06] [Worker-Main-2/INFO] (Minecraft) [STDOUT]: [Mixin] buildSurface skipped chunk(-33,23)
[21:18:06] [Worker-Main-13/INFO] (Minecraft) [STDOUT]: [Mixin] buildSurface skipped chunk(-33,27)
[21:18:06] [Worker-Main-2/INFO] (Minecraft) [STDOUT]: [Mixin] buildSurface skipped chunk(-33,29)
[21:18:06] [Worker-Main-18/INFO] (Minecraft) [STDOUT]: [Mixin] populateNoise intercepted chunk(-32,3)
[21:18:06] [Worker-Main-4/INFO] (Minecraft) [STDOUT]: [Mixin] buildSurface skipped chunk(-33,25)
[21:18:06] [Worker-Main-4/INFO] (Minecraft) [STDOUT]: [Mixin] buildSurface skipped chunk(-33,24)
[21:18:06] [Worker-Main-4/INFO] (Minecraft) [STDOUT]: [Mixin] buildSurface skipped chunk(-33,30)
[21:18:06] [Worker-Main-5/INFO] (Minecraft) [STDOUT]: [Mixin] buildSurface skipped chunk(-33,26)
[21:18:06] [Worker-Main-2/INFO] (Minecraft) [STDOUT]: [Mixin] buildSurface skipped chunk(-33,28)
[21:18:06] [Worker-Main-16/INFO] (Minecraft) [STDOUT]: [Mixin] buildSurface skipped chunk(-32,2)
[21:18:06] [Worker-Main-16/INFO] (Minecraft) [STDOUT]: [Mixin] buildSurface skipped chunk(-33,32)
[21:18:06] [Worker-Main-23/INFO] (Minecraft) [STDOUT]: [Mixin] populateNoise intercepted chunk(-37,30)
[21:18:06] [Worker-Main-2/INFO] (Minecraft) [STDOUT]: [Mixin] buildSurface skipped chunk(-37,21)
[21:18:06] [Worker-Main-16/INFO] (Minecraft) [STDOUT]: [Mixin] buildSurface skipped chunk(-37,23)
[21:18:06] [Worker-Main-15/INFO] (Minecraft) [STDOUT]: [Mixin] buildSurface skipped chunk(-37,20)
[21:18:06] [Worker-Main-9/INFO] (Minecraft) [STDOUT]: [Mixin] buildSurface skipped chunk(-37,26)
[21:18:06] [Worker-Main-16/INFO] (Minecraft) [STDOUT]: [Mixin] buildSurface skipped chunk(-37,24)
[21:18:06] [Worker-Main-16/INFO] (Minecraft) [STDOUT]: [Mixin] buildSurface skipped chunk(-37,22)
[21:18:06] [Worker-Main-9/INFO] (Minecraft) [STDOUT]: [Mixin] buildSurface skipped chunk(-37,25)
[21:18:06] [Worker-Main-2/INFO] (Minecraft) [STDOUT]: [Mixin] buildSurface skipped chunk(-37,27)
[21:18:06] [Worker-Main-15/INFO] (Minecraft) [STDOUT]: [Mixin] buildSurface skipped chunk(-37,28)
[21:18:06] [Worker-Main-9/INFO] (Minecraft) [STDOUT]: [Mixin] buildSurface skipped chunk(-37,29)
[21:18:06] [Worker-Main-18/INFO] (Minecraft) [STDOUT]: [Mixin] buildSurface skipped chunk(-32,3)
[21:18:06] [Worker-Main-6/INFO] (Minecraft) [STDOUT]: [Mixin] populateNoise intercepted chunk(-32,4)
[21:18:06] [Worker-Main-16/INFO] (Minecraft) [STDOUT]: [Mixin] populateNoise intercepted chunk(-32,5)
[21:18:06] [Worker-Main-10/INFO] (Minecraft) [STDOUT]: [Mixin] populateNoise intercepted chunk(-32,6)
[21:18:06] [Worker-Main-22/INFO] (Minecraft) [STDOUT]: [Mixin] populateNoise intercepted chunk(-32,7)
[21:18:06] [Worker-Main-19/INFO] (Minecraft) [STDOUT]: [Mixin] populateNoise intercepted chunk(-32,8)
[21:18:06] [Worker-Main-17/INFO] (Minecraft) [STDOUT]: [Mixin] populateNoise intercepted chunk(-32,9)
[21:18:06] [Worker-Main-13/INFO] (Minecraft) [STDOUT]: [Mixin] populateNoise intercepted chunk(-32,10)
[21:18:06] [Worker-Main-9/INFO] (Minecraft) [STDOUT]: [Mixin] populateNoise intercepted chunk(-32,11)
[21:18:06] [Worker-Main-15/INFO] (Minecraft) [STDOUT]: [Mixin] populateNoise intercepted chunk(-32,12)
[21:18:06] [Worker-Main-1/INFO] (Minecraft) [STDOUT]: [Mixin] populateNoise intercepted chunk(-32,13)
[21:18:06] [Worker-Main-4/INFO] (Minecraft) [STDOUT]: [Mixin] populateNoise intercepted chunk(-32,14)
[21:18:06] [Worker-Main-18/INFO] (Minecraft) [STDOUT]: [Mixin] populateNoise intercepted chunk(-32,15)
[21:18:06] [Worker-Main-14/INFO] (Minecraft) [STDOUT]: [Mixin] populateNoise intercepted chunk(-37,31)
[21:18:06] [Worker-Main-2/INFO] (Minecraft) [STDOUT]: [Mixin] populateNoise intercepted chunk(-37,32)
[21:18:06] [Worker-Main-21/INFO] (Minecraft) [STDOUT]: [Mixin] populateNoise intercepted chunk(-37,33)
[21:18:06] [Worker-Main-5/INFO] (Minecraft) [STDOUT]: [Mixin] populateNoise intercepted chunk(-36,33)
[21:18:06] [Worker-Main-7/INFO] (Minecraft) [STDOUT]: [Mixin] populateNoise intercepted chunk(-35,33)
[21:18:06] [Worker-Main-20/INFO] (Minecraft) [STDOUT]: [Mixin] populateNoise intercepted chunk(-34,33)
[21:18:06] [Worker-Main-23/INFO] (Minecraft) [STDOUT]: [Mixin] populateNoise intercepted chunk(-33,33)
[21:18:06] [Worker-Main-11/INFO] (Minecraft) [STDOUT]: [Mixin] populateNoise intercepted chunk(-32,16)
[21:18:06] [Worker-Main-3/INFO] (Minecraft) [STDOUT]: [Mixin] buildSurface skipped chunk(-37,30)
[21:18:06] [Worker-Main-3/INFO] (Minecraft) [STDOUT]: [Mixin] populateNoise intercepted chunk(-32,17)
[21:18:06] [Worker-Main-12/INFO] (Minecraft) [STDOUT]: [Mixin] populateNoise intercepted chunk(-32,18)
[21:18:06] [Worker-Main-8/INFO] (Minecraft) [STDOUT]: [Mixin] populateNoise intercepted chunk(-32,19)
[21:18:06] [Worker-Main-17/INFO] (Minecraft) [STDOUT]: [Mixin] buildSurface skipped chunk(-32,9)
[21:18:06] [Worker-Main-10/INFO] (Minecraft) [STDOUT]: [Mixin] buildSurface skipped chunk(-32,6)
[21:18:06] [Worker-Main-16/INFO] (Minecraft) [STDOUT]: [Mixin] buildSurface skipped chunk(-32,5)
[21:18:06] [Worker-Main-17/INFO] (Minecraft) [STDOUT]: [Mixin] buildSurface skipped chunk(-32,11)
[21:18:06] [Worker-Main-9/INFO] (Minecraft) [STDOUT]: [Mixin] buildSurface skipped chunk(-32,12)
[21:18:06] [Worker-Main-9/INFO] (Minecraft) [STDOUT]: [Mixin] buildSurface skipped chunk(-32,7)
[21:18:06] [Worker-Main-9/INFO] (Minecraft) [STDOUT]: [Mixin] buildSurface skipped chunk(-32,8)
[21:18:06] [Worker-Main-11/INFO] (Minecraft) [STDOUT]: [Mixin] buildSurface skipped chunk(-32,10)
[21:18:06] [Worker-Main-11/INFO] (Minecraft) [STDOUT]: [Mixin] buildSurface skipped chunk(-32,4)
[21:18:06] [Worker-Main-11/INFO] (Minecraft) [STDOUT]: [Mixin] buildSurface skipped chunk(-32,15)
[21:18:06] [Worker-Main-7/INFO] (Minecraft) [STDOUT]: [Mixin] buildSurface skipped chunk(-32,13)
[21:18:06] [Worker-Main-3/INFO] (Minecraft) [STDOUT]: [Mixin] buildSurface skipped chunk(-32,16)
[21:18:06] [Worker-Main-11/INFO] (Minecraft) [STDOUT]: [Mixin] buildSurface skipped chunk(-32,14)
[21:18:06] [Worker-Main-11/INFO] (Minecraft) [STDOUT]: [Mixin] buildSurface skipped chunk(-32,17)
[21:18:06] [Worker-Main-5/INFO] (Minecraft) [STDOUT]: [Mixin] buildSurface skipped chunk(-32,18)
[21:18:06] [Worker-Main-19/INFO] (Minecraft) [STDOUT]: [Mixin] buildSurface skipped chunk(-32,19)
[21:18:06] [Worker-Main-8/INFO] (Minecraft) [STDOUT]: [Mixin] buildSurface skipped chunk(-37,31)
[21:18:06] [Worker-Main-8/INFO] (Minecraft) [STDOUT]: [Mixin] buildSurface skipped chunk(-37,32)
[21:18:06] [Worker-Main-13/INFO] (Minecraft) [STDOUT]: [Mixin] buildSurface skipped chunk(-37,33)
[21:18:06] [Worker-Main-2/INFO] (Minecraft) [STDOUT]: [Mixin] buildSurface skipped chunk(-33,33)
[21:18:06] [Worker-Main-2/INFO] (Minecraft) [STDOUT]: [Mixin] buildSurface skipped chunk(-36,33)
[21:18:06] [Worker-Main-20/INFO] (Minecraft) [STDOUT]: [Mixin] buildSurface skipped chunk(-35,33)
[21:18:06] [Worker-Main-20/INFO] (Minecraft) [STDOUT]: [Mixin] buildSurface skipped chunk(-34,33)
[21:18:06] [Worker-Main-13/INFO] (Minecraft) [STDOUT]: [Mixin] populateNoise intercepted chunk(-32,20)
[21:18:06] [Worker-Main-11/INFO] (Minecraft) [STDOUT]: [Mixin] populateNoise intercepted chunk(-32,21)
[21:18:06] [Worker-Main-3/INFO] (Minecraft) [STDOUT]: [Mixin] populateNoise intercepted chunk(-32,25)
[21:18:06] [Worker-Main-15/INFO] (Minecraft) [STDOUT]: [Mixin] populateNoise intercepted chunk(-32,22)
[21:18:06] [Worker-Main-10/INFO] (Minecraft) [STDOUT]: [Mixin] populateNoise intercepted chunk(-32,23)
[21:18:06] [Worker-Main-23/INFO] (Minecraft) [STDOUT]: [Mixin] populateNoise intercepted chunk(-32,24)
[21:18:06] [Worker-Main-9/INFO] (Minecraft) [STDOUT]: [Mixin] populateNoise intercepted chunk(-32,26)
[21:18:06] [Worker-Main-5/INFO] (Minecraft) [STDOUT]: [Mixin] populateNoise intercepted chunk(-32,27)
[21:18:06] [Worker-Main-14/INFO] (Minecraft) [STDOUT]: [Mixin] populateNoise intercepted chunk(-32,28)
[21:18:06] [Worker-Main-17/INFO] (Minecraft) [STDOUT]: [Mixin] populateNoise intercepted chunk(-32,29)
[21:18:06] [Worker-Main-6/INFO] (Minecraft) [STDOUT]: [Mixin] populateNoise intercepted chunk(-32,30)
[21:18:06] [Worker-Main-16/INFO] (Minecraft) [STDOUT]: [Mixin] populateNoise intercepted chunk(-32,31)
[21:18:06] [Worker-Main-19/INFO] (Minecraft) [STDOUT]: [Mixin] populateNoise intercepted chunk(-32,32)
[21:18:06] [Worker-Main-18/INFO] (Minecraft) [STDOUT]: [Mixin] populateNoise intercepted chunk(-31,2)
[21:18:06] [Worker-Main-9/INFO] (Minecraft) [STDOUT]: [Mixin] populateNoise intercepted chunk(-30,2)
[21:18:06] [Worker-Main-8/INFO] (Minecraft) [STDOUT]: [Mixin] populateNoise intercepted chunk(-32,33)
[21:18:06] [Worker-Main-2/INFO] (Minecraft) [STDOUT]: [Mixin] populateNoise intercepted chunk(-31,3)
[21:18:06] [Worker-Main-1/INFO] (Minecraft) [STDOUT]: [Mixin] populateNoise intercepted chunk(-31,4)
[21:18:06] [Worker-Main-7/INFO] (Minecraft) [STDOUT]: [Mixin] populateNoise intercepted chunk(-31,5)
[21:18:06] [Worker-Main-12/INFO] (Minecraft) [STDOUT]: [Mixin] populateNoise intercepted chunk(-31,6)
[21:18:06] [Worker-Main-20/INFO] (Minecraft) [STDOUT]: [Mixin] populateNoise intercepted chunk(-31,7)
[21:18:06] [Worker-Main-4/INFO] (Minecraft) [STDOUT]: [Mixin] populateNoise intercepted chunk(-31,8)
[21:18:06] [Worker-Main-22/INFO] (Minecraft) [STDOUT]: [Mixin] populateNoise intercepted chunk(-31,9)
[21:18:06] [Worker-Main-11/INFO] (Minecraft) [STDOUT]: [Mixin] buildSurface skipped chunk(-32,21)
[21:18:06] [Worker-Main-11/INFO] (Minecraft) [STDOUT]: [Mixin] populateNoise intercepted chunk(-31,10)
[21:18:06] [Worker-Main-23/INFO] (Minecraft) [STDOUT]: [Mixin] buildSurface skipped chunk(-32,24)
[21:18:06] [Worker-Main-23/INFO] (Minecraft) [STDOUT]: [Mixin] buildSurface skipped chunk(-32,22)
[21:18:06] [Worker-Main-15/INFO] (Minecraft) [STDOUT]: [Mixin] buildSurface skipped chunk(-32,20)
[21:18:06] [Worker-Main-15/INFO] (Minecraft) [STDOUT]: [Mixin] buildSurface skipped chunk(-32,23)
[21:18:06] [Worker-Main-15/INFO] (Minecraft) [STDOUT]: [Mixin] buildSurface skipped chunk(-32,26)
[21:18:06] [Worker-Main-15/INFO] (Minecraft) [STDOUT]: [Mixin] buildSurface skipped chunk(-32,27)
[21:18:06] [Worker-Main-3/INFO] (Minecraft) [STDOUT]: [Mixin] buildSurface skipped chunk(-32,25)
[21:18:06] [Worker-Main-15/INFO] (Minecraft) [STDOUT]: [Mixin] buildSurface skipped chunk(-32,29)
[21:18:06] [Worker-Main-19/INFO] (Minecraft) [STDOUT]: [CHUNKTIME] n=2560 perChunk(ms): mixin=92.58 gap=105.32 | sumMixin=237.0s sumGap=269.6s | inflight max=23 now=12
[21:18:06] [Worker-Main-20/INFO] (Minecraft) [STDOUT]: [Mixin] buildSurface skipped chunk(-32,32)
[21:18:06] [Worker-Main-21/INFO] (Minecraft) [STDOUT]: [Mixin] buildSurface skipped chunk(-31,2)
[21:18:06] [Worker-Main-18/INFO] (Minecraft) [STDOUT]: [Mixin] buildSurface skipped chunk(-32,28)
[21:18:06] [Worker-Main-20/INFO] (Minecraft) [STDOUT]: [Mixin] buildSurface skipped chunk(-32,30)
[21:18:06] [Worker-Main-21/INFO] (Minecraft) [STDOUT]: [Mixin] buildSurface skipped chunk(-30,2)
[21:18:06] [Worker-Main-20/INFO] (Minecraft) [STDOUT]: [Mixin] buildSurface skipped chunk(-32,31)
[21:18:06] [Worker-Main-15/INFO] (Minecraft) [STDOUT]: [Mixin] buildSurface skipped chunk(-31,3)
[21:18:06] [Worker-Main-1/INFO] (Minecraft) [STDOUT]: [Mixin] buildSurface skipped chunk(-31,4)
[21:18:06] [Worker-Main-3/INFO] (Minecraft) [STDOUT]: [Mixin] buildSurface skipped chunk(-31,5)
[21:18:06] [Worker-Main-11/INFO] (Minecraft) [STDOUT]: [Mixin] buildSurface skipped chunk(-31,6)
[21:18:06] [Worker-Main-6/INFO] (Minecraft) [STDOUT]: [Mixin] buildSurface skipped chunk(-31,7)
[21:18:06] [Worker-Main-22/INFO] (Minecraft) [STDOUT]: [Mixin] buildSurface skipped chunk(-31,8)
[21:18:06] [Worker-Main-21/INFO] (Minecraft) [STDOUT]: [Mixin] buildSurface skipped chunk(-32,33)
[21:18:06] [Worker-Main-21/INFO] (Minecraft) [STDOUT]: [Mixin] buildSurface skipped chunk(-31,9)
[21:18:06] [Worker-Main-21/INFO] (Minecraft) [STDOUT]: [Mixin] buildSurface skipped chunk(-31,10)
[21:18:06] [Worker-Main-1/INFO] (Minecraft) [STDOUT]: [Mixin] populateNoise intercepted chunk(-29,2)
[21:18:06] [Worker-Main-22/INFO] (Minecraft) [STDOUT]: [Mixin] populateNoise intercepted chunk(-30,6)
[21:18:06] [Worker-Main-4/INFO] (Minecraft) [STDOUT]: [Mixin] populateNoise intercepted chunk(-30,7)
[21:18:06] [Worker-Main-15/INFO] (Minecraft) [STDOUT]: [Mixin] populateNoise intercepted chunk(-30,3)
[21:18:06] [Worker-Main-20/INFO] (Minecraft) [STDOUT]: [Mixin] populateNoise intercepted chunk(-30,4)
[21:18:06] [Worker-Main-8/INFO] (Minecraft) [STDOUT]: [Mixin] populateNoise intercepted chunk(-29,6)
[21:18:06] [Worker-Main-19/INFO] (Minecraft) [STDOUT]: [Mixin] populateNoise intercepted chunk(-29,7)
[21:18:06] [Worker-Main-12/INFO] (Minecraft) [STDOUT]: [Mixin] populateNoise intercepted chunk(-30,5)
[21:18:06] [Worker-Main-2/INFO] (Minecraft) [STDOUT]: [Mixin] populateNoise intercepted chunk(-29,3)
[21:18:06] [Worker-Main-16/INFO] (Minecraft) [STDOUT]: [Mixin] populateNoise intercepted chunk(-29,4)
[21:18:06] [Worker-Main-7/INFO] (Minecraft) [STDOUT]: [Mixin] populateNoise intercepted chunk(-29,5)
[21:18:06] [Worker-Main-14/INFO] (Minecraft) [STDOUT]: [Mixin] populateNoise intercepted chunk(-30,8)
[21:18:06] [Worker-Main-3/INFO] (Minecraft) [STDOUT]: [Mixin] populateNoise intercepted chunk(-29,8)
[21:18:06] [Worker-Main-21/INFO] (Minecraft) [STDOUT]: [Mixin] populateNoise intercepted chunk(-28,2)
[21:18:06] [Worker-Main-9/INFO] (Minecraft) [STDOUT]: [Mixin] populateNoise intercepted chunk(-28,3)
[21:18:06] [Worker-Main-10/INFO] (Minecraft) [STDOUT]: [Mixin] populateNoise intercepted chunk(-28,4)
[21:18:06] [Worker-Main-13/INFO] (Minecraft) [STDOUT]: [Mixin] populateNoise intercepted chunk(-28,8)
[21:18:06] [Worker-Main-6/INFO] (Minecraft) [STDOUT]: [Mixin] populateNoise intercepted chunk(-28,5)
[21:18:06] [Worker-Main-17/INFO] (Minecraft) [STDOUT]: [Mixin] populateNoise intercepted chunk(-28,6)
[21:18:06] [Worker-Main-23/INFO] (Minecraft) [STDOUT]: [Mixin] populateNoise intercepted chunk(-28,7)
[21:18:06] [Worker-Main-5/INFO] (Minecraft) [STDOUT]: [Mixin] populateNoise intercepted chunk(-31,11)
[21:18:06] [Worker-Main-18/INFO] (Minecraft) [STDOUT]: [Mixin] populateNoise intercepted chunk(-31,12)
[21:18:06] [Worker-Main-16/INFO] (Minecraft) [STDOUT]: [Mixin] populateNoise intercepted chunk(-31,13)
[21:18:06] [Worker-Main-1/INFO] (Minecraft) [STDOUT]: [Mixin] buildSurface skipped chunk(-29,2)
[21:18:06] [Worker-Main-1/INFO] (Minecraft) [STDOUT]: [Mixin] buildSurface skipped chunk(-30,6)
[21:18:06] [Worker-Main-22/INFO] (Minecraft) [STDOUT]: [Mixin] buildSurface skipped chunk(-29,7)
[21:18:06] [Worker-Main-22/INFO] (Minecraft) [STDOUT]: [Mixin] buildSurface skipped chunk(-29,6)
[21:18:06] [Worker-Main-22/INFO] (Minecraft) [STDOUT]: [Mixin] buildSurface skipped chunk(-30,3)
[21:18:06] [Worker-Main-22/INFO] (Minecraft) [STDOUT]: [Mixin] buildSurface skipped chunk(-29,3)
[21:18:06] [Worker-Main-23/INFO] (Minecraft) [STDOUT]: [Mixin] buildSurface skipped chunk(-29,4)
[21:18:06] [Worker-Main-5/INFO] (Minecraft) [STDOUT]: [Mixin] buildSurface skipped chunk(-28,2)
[21:18:06] [Worker-Main-6/INFO] (Minecraft) [STDOUT]: [Mixin] buildSurface skipped chunk(-28,3)
[21:18:06] [Worker-Main-5/INFO] (Minecraft) [STDOUT]: [Mixin] buildSurface skipped chunk(-30,5)
[21:18:06] [Worker-Main-13/INFO] (Minecraft) [STDOUT]: [Mixin] buildSurface skipped chunk(-29,8)
[21:18:06] [Worker-Main-12/INFO] (Minecraft) [STDOUT]: [Mixin] buildSurface skipped chunk(-30,8)
[21:18:06] [Worker-Main-5/INFO] (Minecraft) [STDOUT]: [Mixin] buildSurface skipped chunk(-28,5)
[21:18:06] [Worker-Main-17/INFO] (Minecraft) [STDOUT]: [Mixin] buildSurface skipped chunk(-30,4)
[21:18:06] [Worker-Main-17/INFO] (Minecraft) [STDOUT]: [Mixin] buildSurface skipped chunk(-28,8)
[21:18:06] [Worker-Main-5/INFO] (Minecraft) [STDOUT]: [Mixin] buildSurface skipped chunk(-28,7)
[21:18:06] [Worker-Main-5/INFO] (Minecraft) [STDOUT]: [Mixin] buildSurface skipped chunk(-28,6)
[21:18:06] [Worker-Main-5/INFO] (Minecraft) [STDOUT]: [Mixin] buildSurface skipped chunk(-29,5)
[21:18:06] [Worker-Main-18/INFO] (Minecraft) [STDOUT]: [Mixin] buildSurface skipped chunk(-30,7)
[21:18:06] [Worker-Main-18/INFO] (Minecraft) [STDOUT]: [Mixin] buildSurface skipped chunk(-28,4)
[21:18:06] [Worker-Main-12/INFO] (Minecraft) [STDOUT]: [Mixin] populateNoise intercepted chunk(-31,14)
[21:18:06] [Worker-Main-7/INFO] (Minecraft) [STDOUT]: [Mixin] populateNoise intercepted chunk(-31,15)
[21:18:06] [Worker-Main-18/INFO] (Minecraft) [STDOUT]: [Mixin] buildSurface skipped chunk(-31,11)
[21:18:06] [Worker-Main-14/INFO] (Minecraft) [STDOUT]: [Mixin] buildSurface skipped chunk(-31,12)
[21:18:06] [Worker-Main-14/INFO] (Minecraft) [STDOUT]: [Mixin] buildSurface skipped chunk(-31,13)
[21:18:06] [Worker-Main-23/INFO] (Minecraft) [STDOUT]: [Mixin] populateNoise intercepted chunk(-31,16)
[21:18:06] [Worker-Main-17/INFO] (Minecraft) [STDOUT]: [Mixin] populateNoise intercepted chunk(-27,6)
[21:18:06] [Worker-Main-6/INFO] (Minecraft) [STDOUT]: [Mixin] populateNoise intercepted chunk(-27,7)
[21:18:06] [Worker-Main-9/INFO] (Minecraft) [STDOUT]: [Mixin] populateNoise intercepted chunk(-26,6)
[21:18:06] [Worker-Main-22/INFO] (Minecraft) [STDOUT]: [Mixin] populateNoise intercepted chunk(-27,5)
[21:18:06] [Worker-Main-16/INFO] (Minecraft) [STDOUT]: [Mixin] populateNoise intercepted chunk(-27,4)
[21:18:06] [Worker-Main-4/INFO] (Minecraft) [STDOUT]: [Mixin] populateNoise intercepted chunk(-27,3)
[21:18:06] [Worker-Main-15/INFO] (Minecraft) [STDOUT]: [Mixin] populateNoise intercepted chunk(-27,2)
[21:18:06] [Worker-Main-21/INFO] (Minecraft) [STDOUT]: [Mixin] populateNoise intercepted chunk(-26,5)
[21:18:06] [Worker-Main-11/INFO] (Minecraft) [STDOUT]: [Mixin] populateNoise intercepted chunk(-25,6)
[21:18:06] [Worker-Main-10/INFO] (Minecraft) [STDOUT]: [Mixin] populateNoise intercepted chunk(-26,3)
[21:18:06] [Worker-Main-1/INFO] (Minecraft) [STDOUT]: [Mixin] populateNoise intercepted chunk(-26,4)
[21:18:06] [Worker-Main-14/INFO] (Minecraft) [STDOUT]: [Mixin] populateNoise intercepted chunk(-26,7)
[21:18:06] [Worker-Main-5/INFO] (Minecraft) [STDOUT]: [Mixin] populateNoise intercepted chunk(-25,5)
[21:18:06] [Worker-Main-18/INFO] (Minecraft) [STDOUT]: [Mixin] populateNoise intercepted chunk(-25,7)
[21:18:06] [Worker-Main-13/INFO] (Minecraft) [STDOUT]: [Mixin] populateNoise intercepted chunk(-27,8)
[21:18:06] [Worker-Main-8/INFO] (Minecraft) [STDOUT]: [Mixin] populateNoise intercepted chunk(-26,8)
[21:18:06] [Worker-Main-2/INFO] (Minecraft) [STDOUT]: [Mixin] populateNoise intercepted chunk(-25,8)
[21:18:06] [Worker-Main-3/INFO] (Minecraft) [STDOUT]: [Mixin] populateNoise intercepted chunk(-24,6)
[21:18:06] [Worker-Main-20/INFO] (Minecraft) [STDOUT]: [Mixin] populateNoise intercepted chunk(-26,2)
[21:18:06] [Worker-Main-19/INFO] (Minecraft) [STDOUT]: [Mixin] populateNoise intercepted chunk(-24,7)
[21:18:07] [Worker-Main-12/INFO] (Minecraft) [STDOUT]: [Mixin] populateNoise intercepted chunk(-24,8)
[21:18:07] [Worker-Main-7/INFO] (Minecraft) [STDOUT]: [Mixin] buildSurface skipped chunk(-31,14)
[21:18:07] [Worker-Main-7/INFO] (Minecraft) [STDOUT]: [Mixin] buildSurface skipped chunk(-31,15)
[21:18:07] [Worker-Main-23/INFO] (Minecraft) [STDOUT]: [Mixin] buildSurface skipped chunk(-31,16)
[21:18:07] [Worker-Main-23/INFO] (Minecraft) [STDOUT]: [Mixin] buildSurface skipped chunk(-27,3)
[21:18:07] [Worker-Main-23/INFO] (Minecraft) [STDOUT]: [Mixin] buildSurface skipped chunk(-27,5)
[21:18:07] [Worker-Main-6/INFO] (Minecraft) [STDOUT]: [Mixin] populateNoise intercepted chunk(-25,2)
[21:18:07] [Worker-Main-17/INFO] (Minecraft) [STDOUT]: [Mixin] populateNoise intercepted chunk(-25,3)
[21:18:07] [Worker-Main-23/INFO] (Minecraft) [STDOUT]: [Mixin] populateNoise intercepted chunk(-25,4)
[21:18:07] [Worker-Main-21/INFO] (Minecraft) [STDOUT]: [Mixin] buildSurface skipped chunk(-27,6)
[21:18:07] [Worker-Main-21/INFO] (Minecraft) [STDOUT]: [Mixin] buildSurface skipped chunk(-26,5)
[21:18:07] [Worker-Main-7/INFO] (Minecraft) [STDOUT]: [Mixin] buildSurface skipped chunk(-27,7)
[21:18:07] [Worker-Main-1/INFO] (Minecraft) [STDOUT]: [Mixin] buildSurface skipped chunk(-26,7)
[21:18:07] [Worker-Main-16/INFO] (Minecraft) [STDOUT]: [Mixin] buildSurface skipped chunk(-26,4)
[21:18:07] [Worker-Main-16/INFO] (Minecraft) [STDOUT]: [Mixin] buildSurface skipped chunk(-25,6)
[21:18:07] [Worker-Main-11/INFO] (Minecraft) [STDOUT]: [Mixin] buildSurface skipped chunk(-27,4)
[21:18:07] [Worker-Main-20/INFO] (Minecraft) [STDOUT]: [Mixin] buildSurface skipped chunk(-25,5)
[21:18:07] [Worker-Main-4/INFO] (Minecraft) [STDOUT]: [Mixin] buildSurface skipped chunk(-25,7)
[21:18:07] [Worker-Main-4/INFO] (Minecraft) [STDOUT]: [Mixin] buildSurface skipped chunk(-26,2)
[21:18:07] [Worker-Main-19/INFO] (Minecraft) [STDOUT]: [Mixin] buildSurface skipped chunk(-26,6)
[21:18:07] [Worker-Main-19/INFO] (Minecraft) [STDOUT]: [Mixin] buildSurface skipped chunk(-26,3)
[21:18:07] [Worker-Main-5/INFO] (Minecraft) [STDOUT]: [Mixin] buildSurface skipped chunk(-27,2)
[21:18:07] [Worker-Main-1/INFO] (Minecraft) [STDOUT]: [Mixin] buildSurface skipped chunk(-27,8)
[21:18:07] [Worker-Main-1/INFO] (Minecraft) [STDOUT]: [Mixin] buildSurface skipped chunk(-26,8)
[21:18:07] [Worker-Main-3/INFO] (Minecraft) [STDOUT]: [Mixin] buildSurface skipped chunk(-25,8)
[21:18:07] [Worker-Main-5/INFO] (Minecraft) [STDOUT]: [Mixin] buildSurface skipped chunk(-24,6)
[21:18:07] [Worker-Main-9/INFO] (Minecraft) [STDOUT]: [Mixin] buildSurface skipped chunk(-24,7)
[21:18:07] [Worker-Main-3/INFO] (Minecraft) [STDOUT]: [Mixin] buildSurface skipped chunk(-24,8)
[21:18:07] [Worker-Main-3/INFO] (Minecraft) [STDOUT]: [Mixin] buildSurface skipped chunk(-25,2)
[21:18:07] [Worker-Main-4/INFO] (Minecraft) [STDOUT]: [Mixin] buildSurface skipped chunk(-25,4)
[21:18:07] [Worker-Main-17/INFO] (Minecraft) [STDOUT]: [Mixin] buildSurface skipped chunk(-25,3)
[21:18:07] [Worker-Main-1/INFO] (Minecraft) [STDOUT]: [Mixin] populateNoise intercepted chunk(-24,5)
[21:18:07] [Worker-Main-20/INFO] (Minecraft) [STDOUT]: [Mixin] populateNoise intercepted chunk(-24,4)
[21:18:07] [Worker-Main-4/INFO] (Minecraft) [STDOUT]: [Mixin] populateNoise intercepted chunk(-24,3)
[21:18:07] [Worker-Main-6/INFO] (Minecraft) [STDOUT]: [Mixin] populateNoise intercepted chunk(-24,2)
[21:18:07] [Worker-Main-15/INFO] (Minecraft) [STDOUT]: [Mixin] populateNoise intercepted chunk(-31,17)
[21:18:07] [Worker-Main-1/INFO] (Minecraft) [STDOUT]: [Mixin] populateNoise intercepted chunk(-31,18)
[21:18:07] [Worker-Main-14/INFO] (Minecraft) [STDOUT]: [Mixin] populateNoise intercepted chunk(-31,19)
[21:18:07] [Worker-Main-23/INFO] (Minecraft) [STDOUT]: [Mixin] populateNoise intercepted chunk(-31,20)
[21:18:07] [Worker-Main-21/INFO] (Minecraft) [STDOUT]: [Mixin] populateNoise intercepted chunk(-31,21)
[21:18:07] [Worker-Main-22/INFO] (Minecraft) [STDOUT]: [Mixin] populateNoise intercepted chunk(-31,22)
[21:18:07] [Worker-Main-14/INFO] (Minecraft) [STDOUT]: [Mixin] populateNoise intercepted chunk(-31,23)
[21:18:07] [Worker-Main-5/INFO] (Minecraft) [STDOUT]: [Mixin] populateNoise intercepted chunk(-31,24)
[21:18:07] [Worker-Main-17/INFO] (Minecraft) [STDOUT]: [Mixin] populateNoise intercepted chunk(-31,25)
[21:18:07] [Worker-Main-13/INFO] (Minecraft) [STDOUT]: [Mixin] populateNoise intercepted chunk(-31,26)
[21:18:07] [Worker-Main-8/INFO] (Minecraft) [STDOUT]: [Mixin] populateNoise intercepted chunk(-31,27)
[21:18:07] [Worker-Main-10/INFO] (Minecraft) [STDOUT]: [Mixin] populateNoise intercepted chunk(-22,2)
[21:18:07] [Worker-Main-12/INFO] (Minecraft) [STDOUT]: [Mixin] populateNoise intercepted chunk(-23,2)
[21:18:07] [Worker-Main-2/INFO] (Minecraft) [STDOUT]: [Mixin] populateNoise intercepted chunk(-31,28)
[21:18:07] [Worker-Main-19/INFO] (Minecraft) [STDOUT]: [Mixin] populateNoise intercepted chunk(-31,29)
[21:18:07] [Worker-Main-16/INFO] (Minecraft) [STDOUT]: [Mixin] populateNoise intercepted chunk(-23,3)
[21:18:07] [Worker-Main-7/INFO] (Minecraft) [STDOUT]: [Mixin] populateNoise intercepted chunk(-23,4)
[21:18:07] [Worker-Main-18/INFO] (Minecraft) [STDOUT]: [Mixin] populateNoise intercepted chunk(-31,30)
[21:18:07] [Worker-Main-3/INFO] (Minecraft) [STDOUT]: [Mixin] populateNoise intercepted chunk(-31,31)
[21:18:07] [Worker-Main-6/INFO] (Minecraft) [STDOUT]: [Mixin] buildSurface skipped chunk(-24,2)
[21:18:07] [Worker-Main-13/INFO] (Minecraft) [STDOUT]: [Mixin] buildSurface skipped chunk(-23,2)
[21:18:07] [Worker-Main-5/INFO] (Minecraft) [STDOUT]: [Mixin] buildSurface skipped chunk(-22,2)
[21:18:07] [Worker-Main-11/INFO] (Minecraft) [STDOUT]: [Mixin] buildSurface skipped chunk(-24,3)
[21:18:07] [Worker-Main-13/INFO] (Minecraft) [STDOUT]: [Mixin] buildSurface skipped chunk(-23,3)
[21:18:07] [Worker-Main-16/INFO] (Minecraft) [STDOUT]: [Mixin] buildSurface skipped chunk(-24,4)
[21:18:07] [Worker-Main-9/INFO] (Minecraft) [STDOUT]: [Mixin] buildSurface skipped chunk(-24,5)
[21:18:07] [Worker-Main-16/INFO] (Minecraft) [STDOUT]: [Mixin] buildSurface skipped chunk(-23,4)
[21:18:07] [Worker-Main-20/INFO] (Minecraft) [STDOUT]: [Mixin] buildSurface skipped chunk(-31,18)
[21:18:07] [Worker-Main-23/INFO] (Minecraft) [STDOUT]: [Mixin] buildSurface skipped chunk(-31,21)
[21:18:07] [Worker-Main-23/INFO] (Minecraft) [STDOUT]: [Mixin] buildSurface skipped chunk(-31,22)
[21:18:07] [Worker-Main-6/INFO] (Minecraft) [STDOUT]: [Mixin] buildSurface skipped chunk(-31,23)
[21:18:07] [Worker-Main-20/INFO] (Minecraft) [STDOUT]: [Mixin] buildSurface skipped chunk(-31,25)
[21:18:07] [Worker-Main-6/INFO] (Minecraft) [STDOUT]: [Mixin] buildSurface skipped chunk(-31,20)
[21:18:07] [Worker-Main-23/INFO] (Minecraft) [STDOUT]: [Mixin] buildSurface skipped chunk(-31,19)
[21:18:07] [Worker-Main-17/INFO] (Minecraft) [STDOUT]: [Mixin] buildSurface skipped chunk(-31,26)
[21:18:07] [Worker-Main-5/INFO] (Minecraft) [STDOUT]: [Mixin] buildSurface skipped chunk(-31,24)
[21:18:07] [Worker-Main-5/INFO] (Minecraft) [STDOUT]: [Mixin] buildSurface skipped chunk(-31,27)
[21:18:07] [Worker-Main-6/INFO] (Minecraft) [STDOUT]: [Mixin] buildSurface skipped chunk(-31,28)
[21:18:07] [Worker-Main-23/INFO] (Minecraft) [STDOUT]: [Mixin] buildSurface skipped chunk(-31,29)
[21:18:07] [Worker-Main-17/INFO] (Minecraft) [STDOUT]: [Mixin] buildSurface skipped chunk(-31,30)
[21:18:07] [Worker-Main-8/INFO] (Minecraft) [STDOUT]: [Mixin] buildSurface skipped chunk(-31,17)
[21:18:07] [Worker-Main-17/INFO] (Minecraft) [STDOUT]: [Mixin] buildSurface skipped chunk(-31,31)
[21:18:07] [Worker-Main-13/INFO] (Minecraft) [STDOUT]: [Mixin] populateNoise intercepted chunk(-22,3)
[21:18:07] [Worker-Main-8/INFO] (Minecraft) [STDOUT]: [Mixin] populateNoise intercepted chunk(-21,2)
[21:18:07] [Worker-Main-18/INFO] (Minecraft) [STDOUT]: [Mixin] populateNoise intercepted chunk(-20,2)
[21:18:07] [Worker-Main-20/INFO] (Minecraft) [STDOUT]: [Mixin] populateNoise intercepted chunk(-19,2)
[21:18:07] [Worker-Main-21/INFO] (Minecraft) [STDOUT]: [Mixin] populateNoise intercepted chunk(-18,2)
[21:18:07] [Worker-Main-21/INFO] (Minecraft) [STDOUT]: [Mixin] populateNoise intercepted chunk(-21,3)
[21:18:07] [Worker-Main-16/INFO] (Minecraft) [STDOUT]: [Mixin] populateNoise intercepted chunk(-17,2)
[21:18:07] [Worker-Main-3/INFO] (Minecraft) [STDOUT]: [Mixin] populateNoise intercepted chunk(-20,3)
[21:18:07] [Worker-Main-19/INFO] (Minecraft) [STDOUT]: [Mixin] populateNoise intercepted chunk(-22,4)
[21:18:07] [Worker-Main-11/INFO] (Minecraft) [STDOUT]: [Mixin] populateNoise intercepted chunk(-19,3)
[21:18:07] [Worker-Main-1/INFO] (Minecraft) [STDOUT]: [Mixin] populateNoise intercepted chunk(-18,3)
[21:18:07] [Worker-Main-11/INFO] (Minecraft) [STDOUT]: [Mixin] populateNoise intercepted chunk(-20,4)
[21:18:07] [Worker-Main-12/INFO] (Minecraft) [STDOUT]: [Mixin] populateNoise intercepted chunk(-17,3)
[21:18:07] [Worker-Main-4/INFO] (Minecraft) [STDOUT]: [Mixin] populateNoise intercepted chunk(-19,4)
[21:18:07] [Worker-Main-14/INFO] (Minecraft) [STDOUT]: [Mixin] populateNoise intercepted chunk(-18,4)
[21:18:07] [Worker-Main-14/INFO] (Minecraft) [STDOUT]: [Mixin] populateNoise intercepted chunk(-21,4)
[21:18:07] [Worker-Main-22/INFO] (Minecraft) [STDOUT]: [Mixin] populateNoise intercepted chunk(-16,2)
[21:18:07] [Worker-Main-9/INFO] (Minecraft) [STDOUT]: [Mixin] populateNoise intercepted chunk(-16,3)
[21:18:07] [Worker-Main-10/INFO] (Minecraft) [STDOUT]: [Mixin] populateNoise intercepted chunk(-17,4)
[21:18:07] [Worker-Main-6/INFO] (Minecraft) [STDOUT]: [Mixin] populateNoise intercepted chunk(-16,4)
[21:18:07] [Worker-Main-5/INFO] (Minecraft) [STDOUT]: [Mixin] populateNoise intercepted chunk(-23,5)
[21:18:07] [Worker-Main-17/INFO] (Minecraft) [STDOUT]: [Mixin] populateNoise intercepted chunk(-20,5)
[21:18:07] [Worker-Main-7/INFO] (Minecraft) [STDOUT]: [Mixin] populateNoise intercepted chunk(-19,5)
[21:18:07] [Worker-Main-13/INFO] (Minecraft) [STDOUT]: [Mixin] buildSurface skipped chunk(-22,3)
[21:18:07] [Worker-Main-18/INFO] (Minecraft) [STDOUT]: [Mixin] buildSurface skipped chunk(-20,2)
[21:18:07] [Worker-Main-8/INFO] (Minecraft) [STDOUT]: [Mixin] buildSurface skipped chunk(-21,2)
[21:18:07] [Worker-Main-8/INFO] (Minecraft) [STDOUT]: [Mixin] buildSurface skipped chunk(-21,3)
[21:18:07] [Worker-Main-13/INFO] (Minecraft) [STDOUT]: [Mixin] buildSurface skipped chunk(-19,4)
[21:18:07] [Worker-Main-21/INFO] (Minecraft) [STDOUT]: [Mixin] buildSurface skipped chunk(-17,2)
[21:18:07] [Worker-Main-21/INFO] (Minecraft) [STDOUT]: [Mixin] buildSurface skipped chunk(-19,2)
[21:18:07] [Worker-Main-14/INFO] (Minecraft) [STDOUT]: [Mixin] buildSurface skipped chunk(-18,3)
[21:18:07] [Worker-Main-10/INFO] (Minecraft) [STDOUT]: [Mixin] buildSurface skipped chunk(-19,3)
[21:18:07] [Worker-Main-10/INFO] (Minecraft) [STDOUT]: [Mixin] buildSurface skipped chunk(-20,4)
[21:18:07] [Worker-Main-17/INFO] (Minecraft) [STDOUT]: [Mixin] buildSurface skipped chunk(-18,4)
[21:18:07] [Worker-Main-17/INFO] (Minecraft) [STDOUT]: [Mixin] buildSurface skipped chunk(-17,3)
[21:18:07] [Worker-Main-14/INFO] (Minecraft) [STDOUT]: [Mixin] buildSurface skipped chunk(-20,3)
[21:18:07] [Worker-Main-9/INFO] (Minecraft) [STDOUT]: [Mixin] buildSurface skipped chunk(-20,5)
[21:18:07] [Worker-Main-17/INFO] (Minecraft) [STDOUT]: [Mixin] buildSurface skipped chunk(-18,2)
[21:18:07] [Worker-Main-9/INFO] (Minecraft) [STDOUT]: [Mixin] buildSurface skipped chunk(-17,4)
[21:18:07] [Worker-Main-17/INFO] (Minecraft) [STDOUT]: [Mixin] buildSurface skipped chunk(-19,5)
[21:18:07] [Worker-Main-14/INFO] (Minecraft) [STDOUT]: [Mixin] populateNoise intercepted chunk(-21,5)
[21:18:07] [Worker-Main-10/INFO] (Minecraft) [STDOUT]: [Mixin] buildSurface skipped chunk(-16,2)
[21:18:07] [Worker-Main-10/INFO] (Minecraft) [STDOUT]: [Mixin] buildSurface skipped chunk(-16,4)
[21:18:07] [Worker-Main-6/INFO] (Minecraft) [STDOUT]: [Mixin] buildSurface skipped chunk(-21,4)
[21:18:07] [Worker-Main-10/INFO] (Minecraft) [STDOUT]: [Mixin] buildSurface skipped chunk(-16,3)
[21:18:07] [Worker-Main-12/INFO] (Minecraft) [STDOUT]: [Mixin] buildSurface skipped chunk(-22,4)
[21:18:07] [Worker-Main-2/INFO] (Minecraft) [STDOUT]: [Mixin] populateNoise intercepted chunk(-22,5)
[21:18:07] [Worker-Main-5/INFO] (Minecraft) [STDOUT]: [Mixin] buildSurface skipped chunk(-23,5)
[21:18:07] [Worker-Main-22/INFO] (Minecraft) [STDOUT]: [Mixin] populateNoise intercepted chunk(-18,5)
[21:18:07] [Worker-Main-7/INFO] (Minecraft) [STDOUT]: [Mixin] populateNoise intercepted chunk(-22,6)
[21:18:07] [Worker-Main-13/INFO] (Minecraft) [STDOUT]: [Mixin] populateNoise intercepted chunk(-21,6)
[21:18:07] [Worker-Main-15/INFO] (Minecraft) [STDOUT]: [Mixin] populateNoise intercepted chunk(-20,6)
[21:18:07] [Worker-Main-5/INFO] (Minecraft) [STDOUT]: [Mixin] populateNoise intercepted chunk(-17,5)
[21:18:07] [Worker-Main-10/INFO] (Minecraft) [STDOUT]: [Mixin] populateNoise intercepted chunk(-19,6)
[21:18:07] [Worker-Main-12/INFO] (Minecraft) [STDOUT]: [Mixin] populateNoise intercepted chunk(-22,7)
[21:18:07] [Worker-Main-12/INFO] (Minecraft) [STDOUT]: [Mixin] populateNoise intercepted chunk(-18,6)
[21:18:07] [Worker-Main-12/INFO] (Minecraft) [STDOUT]: [Mixin] populateNoise intercepted chunk(-17,6)
[21:18:07] [Worker-Main-1/INFO] (Minecraft) [STDOUT]: [Mixin] populateNoise intercepted chunk(-21,7)
[21:18:07] [Worker-Main-1/INFO] (Minecraft) [STDOUT]: [Mixin] populateNoise intercepted chunk(-23,6)
[21:18:07] [Worker-Main-6/INFO] (Minecraft) [STDOUT]: [Mixin] populateNoise intercepted chunk(-23,7)
[21:18:07] [Worker-Main-21/INFO] (Minecraft) [STDOUT]: [Mixin] populateNoise intercepted chunk(-20,7)
[21:18:07] [Worker-Main-17/INFO] (Minecraft) [STDOUT]: [Mixin] populateNoise intercepted chunk(-19,7)
[21:18:07] [Worker-Main-11/INFO] (Minecraft) [STDOUT]: [Mixin] populateNoise intercepted chunk(-18,7)
[21:18:07] [Worker-Main-19/INFO] (Minecraft) [STDOUT]: [Mixin] populateNoise intercepted chunk(-17,7)
[21:18:07] [Worker-Main-8/INFO] (Minecraft) [STDOUT]: [Mixin] populateNoise intercepted chunk(-16,5)
[21:18:07] [Worker-Main-18/INFO] (Minecraft) [STDOUT]: [Mixin] populateNoise intercepted chunk(-16,6)
[21:18:07] [Worker-Main-16/INFO] (Minecraft) [STDOUT]: [Mixin] populateNoise intercepted chunk(-16,7)
[21:18:07] [Worker-Main-3/INFO] (Minecraft) [STDOUT]: [Mixin] populateNoise intercepted chunk(-16,8)
[21:18:07] [Worker-Main-4/INFO] (Minecraft) [STDOUT]: [Mixin] populateNoise intercepted chunk(-17,8)
[21:18:07] [Worker-Main-14/INFO] (Minecraft) [STDOUT]: [Mixin] buildSurface skipped chunk(-21,5)
[21:18:07] [Worker-Main-14/INFO] (Minecraft) [STDOUT]: [Mixin] populateNoise intercepted chunk(-18,8)
[21:18:07] [Worker-Main-2/INFO] (Minecraft) [STDOUT]: [Mixin] buildSurface skipped chunk(-22,5)
[21:18:07] [Worker-Main-2/INFO] (Minecraft) [STDOUT]: [Mixin] buildSurface skipped chunk(-22,6)
[21:18:07] [Worker-Main-13/INFO] (Minecraft) [STDOUT]: [Mixin] buildSurface skipped chunk(-18,6)
[21:18:07] [Worker-Main-13/INFO] (Minecraft) [STDOUT]: [Mixin] buildSurface skipped chunk(-19,6)
[21:18:07] [Worker-Main-13/INFO] (Minecraft) [STDOUT]: [Mixin] buildSurface skipped chunk(-19,7)
[21:18:07] [Worker-Main-1/INFO] (Minecraft) [STDOUT]: [Mixin] buildSurface skipped chunk(-18,5)
[21:18:07] [Worker-Main-1/INFO] (Minecraft) [STDOUT]: [Mixin] buildSurface skipped chunk(-17,6)
[21:18:07] [Worker-Main-13/INFO] (Minecraft) [STDOUT]: [Mixin] buildSurface skipped chunk(-21,6)
[21:18:07] [Worker-Main-13/INFO] (Minecraft) [STDOUT]: [Mixin] buildSurface skipped chunk(-22,7)
[21:18:07] [Worker-Main-22/INFO] (Minecraft) [STDOUT]: [Mixin] buildSurface skipped chunk(-20,6)
[21:18:07] [Worker-Main-1/INFO] (Minecraft) [STDOUT]: [Mixin] buildSurface skipped chunk(-21,7)
[21:18:07] [Worker-Main-18/INFO] (Minecraft) [STDOUT]: [Mixin] buildSurface skipped chunk(-20,7)
[21:18:07] [Worker-Main-18/INFO] (Minecraft) [STDOUT]: [Mixin] buildSurface skipped chunk(-17,7)
[21:18:07] [Worker-Main-11/INFO] (Minecraft) [STDOUT]: [Mixin] buildSurface skipped chunk(-17,5)
[21:18:07] [Worker-Main-6/INFO] (Minecraft) [STDOUT]: [Mixin] buildSurface skipped chunk(-18,7)
[21:18:07] [Worker-Main-18/INFO] (Minecraft) [STDOUT]: [Mixin] buildSurface skipped chunk(-23,6)
[21:18:07] [Worker-Main-4/INFO] (Minecraft) [STDOUT]: [Mixin] buildSurface skipped chunk(-23,7)
[21:18:07] [Worker-Main-3/INFO] (Minecraft) [STDOUT]: [Mixin] buildSurface skipped chunk(-16,6)
[21:18:07] [Worker-Main-3/INFO] (Minecraft) [STDOUT]: [Mixin] buildSurface skipped chunk(-16,7)
[21:18:07] [Worker-Main-3/INFO] (Minecraft) [STDOUT]: [Mixin] buildSurface skipped chunk(-16,5)
[21:18:07] [Worker-Main-14/INFO] (Minecraft) [STDOUT]: [Mixin] buildSurface skipped chunk(-17,8)
[21:18:07] [Worker-Main-3/INFO] (Minecraft) [STDOUT]: [Mixin] buildSurface skipped chunk(-16,8)
[21:18:07] [Worker-Main-13/INFO] (Minecraft) [STDOUT]: [Mixin] buildSurface skipped chunk(-18,8)
[21:18:07] [Worker-Main-15/INFO] (Minecraft) [STDOUT]: [Mixin] populateNoise intercepted chunk(-23,8)
[21:18:07] [Worker-Main-6/INFO] (Minecraft) [STDOUT]: [Mixin] populateNoise intercepted chunk(-19,8)
[21:18:07] [Worker-Main-14/INFO] (Minecraft) [STDOUT]: [Mixin] populateNoise intercepted chunk(-20,8)
[21:18:07] [Worker-Main-8/INFO] (Minecraft) [STDOUT]: [Mixin] populateNoise intercepted chunk(-21,8)
[21:18:07] [Worker-Main-12/INFO] (Minecraft) [STDOUT]: [Mixin] populateNoise intercepted chunk(-22,8)
[21:18:07] [Worker-Main-20/INFO] (Minecraft) [STDOUT]: [Mixin] populateNoise intercepted chunk(-25,9)
[21:18:07] [Worker-Main-13/INFO] (Minecraft) [STDOUT]: [Mixin] populateNoise intercepted chunk(-30,9)
[21:18:07] [Worker-Main-7/INFO] (Minecraft) [STDOUT]: [Mixin] populateNoise intercepted chunk(-29,9)
[21:18:07] [Worker-Main-9/INFO] (Minecraft) [STDOUT]: [Mixin] populateNoise intercepted chunk(-27,9)
[21:18:07] [Worker-Main-14/INFO] (Minecraft) [STDOUT]: [Mixin] populateNoise intercepted chunk(-28,9)
[21:18:07] [Worker-Main-1/INFO] (Minecraft) [STDOUT]: [Mixin] populateNoise intercepted chunk(-26,9)
[21:18:07] [Worker-Main-21/INFO] (Minecraft) [STDOUT]: [Mixin] populateNoise intercepted chunk(-24,9)
[21:18:07] [Worker-Main-16/INFO] (Minecraft) [STDOUT]: [Mixin] populateNoise intercepted chunk(-23,9)
[21:18:07] [Worker-Main-12/INFO] (Minecraft) [STDOUT]: [Mixin] populateNoise intercepted chunk(-24,10)
[21:18:07] [Worker-Main-7/INFO] (Minecraft) [STDOUT]: [Mixin] populateNoise intercepted chunk(-23,10)
[21:18:07] [Worker-Main-18/INFO] (Minecraft) [STDOUT]: [Mixin] populateNoise intercepted chunk(-22,9)
[21:18:07] [Worker-Main-14/INFO] (Minecraft) [STDOUT]: [Mixin] populateNoise intercepted chunk(-22,10)
[21:18:07] [Worker-Main-9/INFO] (Minecraft) [STDOUT]: [Mixin] buildSurface skipped chunk(-20,8)
[21:18:07] [Worker-Main-9/INFO] (Minecraft) [STDOUT]: [Mixin] buildSurface skipped chunk(-21,8)
[21:18:07] [Worker-Main-9/INFO] (Minecraft) [STDOUT]: [Mixin] buildSurface skipped chunk(-23,8)
[21:18:07] [Worker-Main-9/INFO] (Minecraft) [STDOUT]: [Mixin] buildSurface skipped chunk(-22,8)
[21:18:07] [Worker-Main-15/INFO] (Minecraft) [STDOUT]: [Mixin] populateNoise intercepted chunk(-25,10)
[21:18:07] [Worker-Main-8/INFO] (Minecraft) [STDOUT]: [Mixin] buildSurface skipped chunk(-19,8)
[21:18:07] [Worker-Main-8/INFO] (Minecraft) [STDOUT]: [Mixin] buildSurface skipped chunk(-25,9)
[21:18:07] [Worker-Main-3/INFO] (Minecraft) [STDOUT]: [Mixin] populateNoise intercepted chunk(-26,10)
[21:18:07] [Worker-Main-6/INFO] (Minecraft) [STDOUT]: [Mixin] buildSurface skipped chunk(-30,9)
[21:18:07] [Worker-Main-1/INFO] (Minecraft) [STDOUT]: [Mixin] buildSurface skipped chunk(-26,9)
[21:18:07] [Worker-Main-6/INFO] (Minecraft) [STDOUT]: [Mixin] buildSurface skipped chunk(-27,9)
[21:18:07] [Worker-Main-2/INFO] (Minecraft) [STDOUT]: [Mixin] buildSurface skipped chunk(-28,9)
[21:18:07] [Worker-Main-19/INFO] (Minecraft) [STDOUT]: [Mixin] buildSurface skipped chunk(-29,9)
[21:18:07] [Worker-Main-17/INFO] (Minecraft) [STDOUT]: [Mixin] buildSurface skipped chunk(-22,9)
[21:18:07] [Worker-Main-17/INFO] (Minecraft) [STDOUT]: [Mixin] buildSurface skipped chunk(-23,9)
[21:18:07] [Worker-Main-21/INFO] (Minecraft) [STDOUT]: [Mixin] buildSurface skipped chunk(-24,9)
[21:18:07] [Worker-Main-14/INFO] (Minecraft) [STDOUT]: [Mixin] buildSurface skipped chunk(-22,10)
[21:18:07] [Worker-Main-14/INFO] (Minecraft) [STDOUT]: [Mixin] buildSurface skipped chunk(-23,10)
[21:18:07] [Worker-Main-14/INFO] (Minecraft) [STDOUT]: [Mixin] buildSurface skipped chunk(-24,10)
[21:18:07] [Worker-Main-16/INFO] (Minecraft) [STDOUT]: [Mixin] buildSurface skipped chunk(-25,10)
[21:18:07] [Worker-Main-14/INFO] (Minecraft) [STDOUT]: [Mixin] populateNoise intercepted chunk(-25,11)
[21:18:07] [Worker-Main-16/INFO] (Minecraft) [STDOUT]: [Mixin] populateNoise intercepted chunk(-21,9)
[21:18:07] [Worker-Main-21/INFO] (Minecraft) [STDOUT]: [Mixin] populateNoise intercepted chunk(-26,11)
[21:18:07] [Worker-Main-12/INFO] (Minecraft) [STDOUT]: [Mixin] populateNoise intercepted chunk(-19,9)
[21:18:07] [Worker-Main-4/INFO] (Minecraft) [STDOUT]: [Mixin] populateNoise intercepted chunk(-20,9)
[21:18:07] [Worker-Main-15/INFO] (Minecraft) [STDOUT]: [Mixin] populateNoise intercepted chunk(-18,9)
[21:18:07] [Worker-Main-7/INFO] (Minecraft) [STDOUT]: [Mixin] populateNoise intercepted chunk(-24,11)
[21:18:07] [Worker-Main-5/INFO] (Minecraft) [STDOUT]: [Mixin] populateNoise intercepted chunk(-23,11)
[21:18:07] [Worker-Main-17/INFO] (Minecraft) [STDOUT]: [Mixin] populateNoise intercepted chunk(-22,11)
[21:18:07] [Worker-Main-9/INFO] (Minecraft) [STDOUT]: [Mixin] populateNoise intercepted chunk(-21,10)
[21:18:07] [Worker-Main-2/INFO] (Minecraft) [STDOUT]: [Mixin] populateNoise intercepted chunk(-21,11)
[21:18:07] [Worker-Main-1/INFO] (Minecraft) [STDOUT]: [Mixin] populateNoise intercepted chunk(-17,9)
[21:18:07] [Worker-Main-19/INFO] (Minecraft) [STDOUT]: [Mixin] populateNoise intercepted chunk(-20,10)
[21:18:07] [Worker-Main-13/INFO] (Minecraft) [STDOUT]: [Mixin] populateNoise intercepted chunk(-18,10)
[21:18:07] [Worker-Main-23/INFO] (Minecraft) [STDOUT]: [Mixin] populateNoise intercepted chunk(-17,10)
[21:18:07] [Worker-Main-11/INFO] (Minecraft) [STDOUT]: [Mixin] populateNoise intercepted chunk(-19,10)
[21:18:07] [Worker-Main-18/INFO] (Minecraft) [STDOUT]: [Mixin] populateNoise intercepted chunk(-26,12)
[21:18:07] [Worker-Main-22/INFO] (Minecraft) [STDOUT]: [Mixin] populateNoise intercepted chunk(-25,12)
[21:18:07] [Worker-Main-8/INFO] (Minecraft) [STDOUT]: [Mixin] populateNoise intercepted chunk(-24,12)
[21:18:07] [Worker-Main-20/INFO] (Minecraft) [STDOUT]: [Mixin] populateNoise intercepted chunk(-23,12)
[21:18:07] [Worker-Main-10/INFO] (Minecraft) [STDOUT]: [Mixin] populateNoise intercepted chunk(-22,12)
[21:18:07] [Worker-Main-3/INFO] (Minecraft) [STDOUT]: [Mixin] populateNoise intercepted chunk(-21,12)
[21:18:07] [Worker-Main-6/INFO] (Minecraft) [STDOUT]: [Mixin] buildSurface skipped chunk(-26,10)
[21:18:07] [Worker-Main-6/INFO] (Minecraft) [STDOUT]: [Mixin] populateNoise intercepted chunk(-20,11)
[21:18:08] [Worker-Main-5/INFO] (Minecraft) [STDOUT]: [Mixin] populateNoise intercepted chunk(-19,11)
[21:18:08] [Worker-Main-16/INFO] (Minecraft) [STDOUT]: [Mixin] populateNoise intercepted chunk(-18,11)
[21:18:08] [Worker-Main-15/INFO] (Minecraft) [STDOUT]: [Mixin] buildSurface skipped chunk(-23,11)
[21:18:08] [Worker-Main-15/INFO] (Minecraft) [STDOUT]: [Mixin] buildSurface skipped chunk(-21,9)
[21:18:08] [Worker-Main-15/INFO] (Minecraft) [STDOUT]: [Mixin] buildSurface skipped chunk(-18,9)
[21:18:08] [Worker-Main-15/INFO] (Minecraft) [STDOUT]: [Mixin] buildSurface skipped chunk(-20,10)
[21:18:08] [Worker-Main-15/INFO] (Minecraft) [STDOUT]: [Mixin] buildSurface skipped chunk(-20,9)
[21:18:08] [Worker-Main-7/INFO] (Minecraft) [STDOUT]: [Mixin] buildSurface skipped chunk(-21,10)
[21:18:08] [Worker-Main-7/INFO] (Minecraft) [STDOUT]: [Mixin] buildSurface skipped chunk(-24,11)
[21:18:08] [Worker-Main-7/INFO] (Minecraft) [STDOUT]: [Mixin] buildSurface skipped chunk(-22,11)
[21:18:08] [Worker-Main-15/INFO] (Minecraft) [STDOUT]: [Mixin] buildSurface skipped chunk(-19,9)
[21:18:08] [Worker-Main-20/INFO] (Minecraft) [STDOUT]: [Mixin] buildSurface skipped chunk(-17,9)
[21:18:08] [Worker-Main-22/INFO] (Minecraft) [STDOUT]: [Mixin] buildSurface skipped chunk(-17,10)
[21:18:08] [Worker-Main-18/INFO] (Minecraft) [STDOUT]: [Mixin] buildSurface skipped chunk(-19,10)
[21:18:08] [Worker-Main-18/INFO] (Minecraft) [STDOUT]: [Mixin] buildSurface skipped chunk(-18,10)
[21:18:08] [Worker-Main-23/INFO] (Minecraft) [STDOUT]: [Mixin] buildSurface skipped chunk(-21,11)
[21:18:08] [Worker-Main-1/INFO] (Minecraft) [STDOUT]: [Mixin] buildSurface skipped chunk(-24,12)
[21:18:08] [Worker-Main-10/INFO] (Minecraft) [STDOUT]: [Mixin] buildSurface skipped chunk(-25,11)
[21:18:08] [Worker-Main-1/INFO] (Minecraft) [STDOUT]: [Mixin] buildSurface skipped chunk(-23,12)
[21:18:08] [Worker-Main-1/INFO] (Minecraft) [STDOUT]: [Mixin] buildSurface skipped chunk(-25,12)
[21:18:08] [Worker-Main-4/INFO] (Minecraft) [STDOUT]: [Mixin] buildSurface skipped chunk(-22,12)
[21:18:08] [Worker-Main-1/INFO] (Minecraft) [STDOUT]: [Mixin] buildSurface skipped chunk(-20,11)
[21:18:08] [Worker-Main-17/INFO] (Minecraft) [STDOUT]: [Mixin] buildSurface skipped chunk(-21,12)
[21:18:08] [Worker-Main-10/INFO] (Minecraft) [STDOUT]: [Mixin] buildSurface skipped chunk(-19,11)
[21:18:08] [Worker-Main-10/INFO] (Minecraft) [STDOUT]: [Mixin] buildSurface skipped chunk(-18,11)
[21:18:08] [Worker-Main-4/INFO] (Minecraft) [STDOUT]: [Mixin] buildSurface skipped chunk(-26,11)
[21:18:08] [Worker-Main-4/INFO] (Minecraft) [STDOUT]: [Mixin] buildSurface skipped chunk(-26,12)
[21:18:08] [Worker-Main-9/INFO] (Minecraft) [STDOUT]: [Mixin] populateNoise intercepted chunk(-20,12)
[21:18:08] [Worker-Main-16/INFO] (Minecraft) [STDOUT]: [Mixin] populateNoise intercepted chunk(-19,12)
[21:18:08] [Worker-Main-5/INFO] (Minecraft) [STDOUT]: [Mixin] populateNoise intercepted chunk(-26,13)
[21:18:08] [Worker-Main-18/INFO] (Minecraft) [STDOUT]: [Mixin] populateNoise intercepted chunk(-22,13)
[21:18:08] [Worker-Main-10/INFO] (Minecraft) [STDOUT]: [Mixin] populateNoise intercepted chunk(-23,13)
[21:18:08] [Worker-Main-17/INFO] (Minecraft) [STDOUT]: [Mixin] populateNoise intercepted chunk(-25,13)
[21:18:08] [Worker-Main-15/INFO] (Minecraft) [STDOUT]: [Mixin] populateNoise intercepted chunk(-24,13)
[21:18:08] [Worker-Main-23/INFO] (Minecraft) [STDOUT]: [Mixin] populateNoise intercepted chunk(-20,13)
[21:18:08] [Worker-Main-6/INFO] (Minecraft) [STDOUT]: [Mixin] populateNoise intercepted chunk(-19,13)
[21:18:08] [Worker-Main-11/INFO] (Minecraft) [STDOUT]: [Mixin] populateNoise intercepted chunk(-18,12)
[21:18:08] [Worker-Main-4/INFO] (Minecraft) [STDOUT]: [Mixin] populateNoise intercepted chunk(-18,13)
[21:18:08] [Worker-Main-20/INFO] (Minecraft) [STDOUT]: [Mixin] populateNoise intercepted chunk(-21,13)
[21:18:08] [Worker-Main-2/INFO] (Minecraft) [STDOUT]: [Mixin] populateNoise intercepted chunk(-24,14)
[21:18:08] [Worker-Main-12/INFO] (Minecraft) [STDOUT]: [Mixin] populateNoise intercepted chunk(-22,14)
[21:18:08] [Worker-Main-3/INFO] (Minecraft) [STDOUT]: [Mixin] populateNoise intercepted chunk(-21,14)
[21:18:08] [Worker-Main-8/INFO] (Minecraft) [STDOUT]: [Mixin] populateNoise intercepted chunk(-17,11)
[21:18:08] [Worker-Main-13/INFO] (Minecraft) [STDOUT]: [Mixin] populateNoise intercepted chunk(-17,12)
[21:18:08] [Worker-Main-19/INFO] (Minecraft) [STDOUT]: [Mixin] populateNoise intercepted chunk(-20,14)
[21:18:08] [Worker-Main-7/INFO] (Minecraft) [STDOUT]: [Mixin] populateNoise intercepted chunk(-19,14)
[21:18:08] [Worker-Main-22/INFO] (Minecraft) [STDOUT]: [Mixin] populateNoise intercepted chunk(-18,14)
[21:18:08] [Worker-Main-21/INFO] (Minecraft) [STDOUT]: [Mixin] populateNoise intercepted chunk(-17,13)
[21:18:08] [Worker-Main-14/INFO] (Minecraft) [STDOUT]: [Mixin] populateNoise intercepted chunk(-17,14)
[21:18:08] [Worker-Main-1/INFO] (Minecraft) [STDOUT]: [Mixin] populateNoise intercepted chunk(-23,14)
[21:18:08] [Worker-Main-11/INFO] (Minecraft) [STDOUT]: [Mixin] buildSurface skipped chunk(-18,12)
[21:18:08] [Worker-Main-11/INFO] (Minecraft) [STDOUT]: [Mixin] buildSurface skipped chunk(-20,13)
[21:18:08] [Worker-Main-11/INFO] (Minecraft) [STDOUT]: [Mixin] buildSurface skipped chunk(-23,13)
[21:18:08] [Worker-Main-23/INFO] (Minecraft) [STDOUT]: [Mixin] buildSurface skipped chunk(-20,12)
[21:18:08] [Worker-Main-16/INFO] (Minecraft) [STDOUT]: [Mixin] buildSurface skipped chunk(-19,12)
[21:18:08] [Worker-Main-9/INFO] (Minecraft) [STDOUT]: [Mixin] populateNoise intercepted chunk(-18,15)
[21:18:08] [Worker-Main-11/INFO] (Minecraft) [STDOUT]: [Mixin] populateNoise intercepted chunk(-17,15)
[21:18:08] [Worker-Main-23/INFO] (Minecraft) [STDOUT]: [Mixin] buildSurface skipped chunk(-18,13)
[21:18:08] [Worker-Main-17/INFO] (Minecraft) [STDOUT]: [Mixin] buildSurface skipped chunk(-26,13)
[21:18:08] [Worker-Main-17/INFO] (Minecraft) [STDOUT]: [Mixin] buildSurface skipped chunk(-24,13)
[21:18:08] [Worker-Main-15/INFO] (Minecraft) [STDOUT]: [Mixin] buildSurface skipped chunk(-25,13)
[21:18:08] [Worker-Main-4/INFO] (Minecraft) [STDOUT]: [Mixin] buildSurface skipped chunk(-21,14)
[21:18:08] [Worker-Main-3/INFO] (Minecraft) [STDOUT]: [Mixin] populateNoise intercepted chunk(-19,15)
[21:18:08] [Worker-Main-5/INFO] (Minecraft) [STDOUT]: [Mixin] buildSurface skipped chunk(-21,13)
[21:18:08] [Worker-Main-4/INFO] (Minecraft) [STDOUT]: [Mixin] populateNoise intercepted chunk(-21,15)
[21:18:08] [Worker-Main-23/INFO] (Minecraft) [STDOUT]: [Mixin] populateNoise intercepted chunk(-20,15)
[21:18:08] [Worker-Main-16/INFO] (Minecraft) [STDOUT]: [Mixin] populateNoise intercepted chunk(-22,15)
[21:18:08] [Worker-Main-2/INFO] (Minecraft) [STDOUT]: [Mixin] buildSurface skipped chunk(-22,14)
[21:18:08] [Worker-Main-2/INFO] (Minecraft) [STDOUT]: [Mixin] buildSurface skipped chunk(-17,12)
[21:18:08] [Worker-Main-20/INFO] (Minecraft) [STDOUT]: [Mixin] populateNoise intercepted chunk(-23,15)
[21:18:08] [Worker-Main-2/INFO] (Minecraft) [STDOUT]: [Mixin] buildSurface skipped chunk(-18,14)
[21:18:08] [Worker-Main-22/INFO] (Minecraft) [STDOUT]: [Mixin] buildSurface skipped chunk(-20,14)
[21:18:08] [Worker-Main-1/INFO] (Minecraft) [STDOUT]: [Mixin] buildSurface skipped chunk(-19,13)
[21:18:08] [Worker-Main-2/INFO] (Minecraft) [STDOUT]: [Mixin] buildSurface skipped chunk(-19,14)
[21:18:08] [Worker-Main-8/INFO] (Minecraft) [STDOUT]: [Mixin] buildSurface skipped chunk(-17,11)
[21:18:08] [Worker-Main-14/INFO] (Minecraft) [STDOUT]: [Mixin] buildSurface skipped chunk(-17,13)
[21:18:08] [Worker-Main-8/INFO] (Minecraft) [STDOUT]: [Mixin] buildSurface skipped chunk(-17,14)
[21:18:08] [Worker-Main-2/INFO] (Minecraft) [STDOUT]: [Mixin] buildSurface skipped chunk(-22,13)
[21:18:08] [Worker-Main-7/INFO] (Minecraft) [STDOUT]: [Mixin] buildSurface skipped chunk(-23,14)
[21:18:08] [Worker-Main-5/INFO] (Minecraft) [STDOUT]: [Mixin] buildSurface skipped chunk(-24,14)
[21:18:08] [Worker-Main-6/INFO] (Minecraft) [STDOUT]: [Mixin] populateNoise intercepted chunk(-24,15)
[21:18:08] [Worker-Main-21/INFO] (Minecraft) [STDOUT]: [Mixin] populateNoise intercepted chunk(-16,9)
[21:18:08] [Worker-Main-21/INFO] (Minecraft) [STDOUT]: [Mixin] populateNoise intercepted chunk(-25,14)
[21:18:08] [Worker-Main-2/INFO] (Minecraft) [STDOUT]: [Mixin] populateNoise intercepted chunk(-25,15)
[21:18:08] [Worker-Main-15/INFO] (Minecraft) [STDOUT]: [Mixin] populateNoise intercepted chunk(-16,10)
[21:18:08] [Worker-Main-8/INFO] (Minecraft) [STDOUT]: [Mixin] populateNoise intercepted chunk(-16,11)
[21:18:08] [Worker-Main-7/INFO] (Minecraft) [STDOUT]: [Mixin] populateNoise intercepted chunk(-16,12)
[21:18:08] [Worker-Main-17/INFO] (Minecraft) [STDOUT]: [Mixin] populateNoise intercepted chunk(-26,14)
[21:18:08] [Worker-Main-18/INFO] (Minecraft) [STDOUT]: [Mixin] populateNoise intercepted chunk(-26,15)
[21:18:08] [Worker-Main-1/INFO] (Minecraft) [STDOUT]: [Mixin] populateNoise intercepted chunk(-16,13)
[21:18:08] [Worker-Main-19/INFO] (Minecraft) [STDOUT]: [Mixin] populateNoise intercepted chunk(-16,14)
[21:18:08] [Worker-Main-12/INFO] (Minecraft) [STDOUT]: [Mixin] populateNoise intercepted chunk(-16,15)
[21:18:08] [Worker-Main-13/INFO] (Minecraft) [STDOUT]: [Mixin] populateNoise intercepted chunk(-26,16)
[21:18:08] [Worker-Main-14/INFO] (Minecraft) [STDOUT]: [Mixin] populateNoise intercepted chunk(-25,16)
[21:18:08] [Worker-Main-10/INFO] (Minecraft) [STDOUT]: [Mixin] populateNoise intercepted chunk(-24,16)
[21:18:08] [Worker-Main-23/INFO] (Minecraft) [STDOUT]: [Mixin] buildSurface skipped chunk(-20,15)
[21:18:08] [Worker-Main-11/INFO] (Minecraft) [STDOUT]: [Mixin] buildSurface skipped chunk(-17,15)
[21:18:08] [Worker-Main-3/INFO] (Minecraft) [STDOUT]: [Mixin] buildSurface skipped chunk(-19,15)
[21:18:08] [Worker-Main-4/INFO] (Minecraft) [STDOUT]: [Mixin] buildSurface skipped chunk(-21,15)
[21:18:08] [Worker-Main-9/INFO] (Minecraft) [STDOUT]: [Mixin] buildSurface skipped chunk(-22,15)
[21:18:08] [Worker-Main-11/INFO] (Minecraft) [STDOUT]: [Mixin] buildSurface skipped chunk(-18,15)
[21:18:08] [Worker-Main-22/INFO] (Minecraft) [STDOUT]: [Mixin] populateNoise intercepted chunk(-27,15)
[21:18:08] [Worker-Main-9/INFO] (Minecraft) [STDOUT]: [Mixin] populateNoise intercepted chunk(-27,13)
[21:18:08] [Worker-Main-11/INFO] (Minecraft) [STDOUT]: [Mixin] populateNoise intercepted chunk(-27,14)
[21:18:08] [Worker-Main-16/INFO] (Minecraft) [STDOUT]: [Mixin] populateNoise intercepted chunk(-27,16)
[21:18:08] [Worker-Main-4/INFO] (Minecraft) [STDOUT]: [Mixin] populateNoise intercepted chunk(-27,12)
[21:18:08] [Worker-Main-3/INFO] (Minecraft) [STDOUT]: [Mixin] buildSurface skipped chunk(-23,15)
[21:18:08] [Worker-Main-20/INFO] (Minecraft) [STDOUT]: [Mixin] populateNoise intercepted chunk(-23,16)
[21:18:08] [Worker-Main-23/INFO] (Minecraft) [STDOUT]: [Mixin] populateNoise intercepted chunk(-22,16)
[21:18:08] [Worker-Main-23/INFO] (Minecraft) [STDOUT]: [Mixin] buildSurface skipped chunk(-16,9)
[21:18:08] [Worker-Main-23/INFO] (Minecraft) [STDOUT]: [Mixin] buildSurface skipped chunk(-16,10)
[21:18:08] [Worker-Main-7/INFO] (Minecraft) [STDOUT]: [Mixin] buildSurface skipped chunk(-16,12)
[21:18:08] [Worker-Main-7/INFO] (Minecraft) [STDOUT]: [Mixin] buildSurface skipped chunk(-26,14)
[21:18:08] [Worker-Main-21/INFO] (Minecraft) [STDOUT]: [Mixin] buildSurface skipped chunk(-25,14)
[21:18:08] [Worker-Main-21/INFO] (Minecraft) [STDOUT]: [Mixin] buildSurface skipped chunk(-24,15)
[21:18:08] [Worker-Main-2/INFO] (Minecraft) [STDOUT]: [Mixin] buildSurface skipped chunk(-25,15)
[21:18:08] [Worker-Main-18/INFO] (Minecraft) [STDOUT]: [Mixin] buildSurface skipped chunk(-26,15)
[21:18:08] [Worker-Main-10/INFO] (Minecraft) [STDOUT]: [Mixin] buildSurface skipped chunk(-16,11)
[21:18:08] [Worker-Main-23/INFO] (Minecraft) [STDOUT]: [Mixin] buildSurface skipped chunk(-16,13)
[21:18:08] [Worker-Main-23/INFO] (Minecraft) [STDOUT]: [Mixin] buildSurface skipped chunk(-16,14)
[21:18:08] [Worker-Main-23/INFO] (Minecraft) [STDOUT]: [Mixin] buildSurface skipped chunk(-26,16)
[21:18:08] [Worker-Main-18/INFO] (Minecraft) [STDOUT]: [Mixin] buildSurface skipped chunk(-16,15)
[21:18:08] [Worker-Main-10/INFO] (Minecraft) [STDOUT]: [Mixin] buildSurface skipped chunk(-25,16)
[21:18:08] [Worker-Main-14/INFO] (Minecraft) [STDOUT]: [Mixin] buildSurface skipped chunk(-24,16)
[21:18:08] [Worker-Main-22/INFO] (Minecraft) [STDOUT]: [Mixin] buildSurface skipped chunk(-27,14)
[21:18:08] [Worker-Main-22/INFO] (Minecraft) [STDOUT]: [Mixin] buildSurface skipped chunk(-27,13)
[21:18:08] [Worker-Main-22/INFO] (Minecraft) [STDOUT]: [Mixin] buildSurface skipped chunk(-27,15)
[21:18:08] [Worker-Main-11/INFO] (Minecraft) [STDOUT]: [Mixin] buildSurface skipped chunk(-27,12)
[21:18:08] [Worker-Main-10/INFO] (Minecraft) [STDOUT]: [Mixin] populateNoise intercepted chunk(-27,11)
[21:18:08] [Worker-Main-10/INFO] (Minecraft) [STDOUT]: [Mixin] buildSurface skipped chunk(-27,16)
[21:18:08] [Worker-Main-4/INFO] (Minecraft) [STDOUT]: [Mixin] buildSurface skipped chunk(-23,16)
[21:18:08] [Worker-Main-8/INFO] (Minecraft) [STDOUT]: [Mixin] populateNoise intercepted chunk(-27,10)
[21:18:08] [Worker-Main-2/INFO] (Minecraft) [STDOUT]: [Mixin] populateNoise intercepted chunk(-21,16)
[21:18:08] [Worker-Main-18/INFO] (Minecraft) [STDOUT]: [Mixin] populateNoise intercepted chunk(-28,15)
[21:18:08] [Worker-Main-12/INFO] (Minecraft) [STDOUT]: [Mixin] populateNoise intercepted chunk(-29,15)
[21:18:08] [Worker-Main-15/INFO] (Minecraft) [STDOUT]: [Mixin] populateNoise intercepted chunk(-28,16)
[21:18:08] [Worker-Main-18/INFO] (Minecraft) [STDOUT]: [Mixin] populateNoise intercepted chunk(-29,16)
[21:18:08] [Worker-Main-7/INFO] (Minecraft) [STDOUT]: [Mixin] populateNoise intercepted chunk(-30,15)
[21:18:08] [Worker-Main-20/INFO] (Minecraft) [STDOUT]: [Mixin] populateNoise intercepted chunk(-28,14)
[21:18:08] [Worker-Main-17/INFO] (Minecraft) [STDOUT]: [Mixin] populateNoise intercepted chunk(-29,14)
[21:18:08] [Worker-Main-19/INFO] (Minecraft) [STDOUT]: [Mixin] populateNoise intercepted chunk(-28,12)
[21:18:08] [Worker-Main-22/INFO] (Minecraft) [STDOUT]: [Mixin] populateNoise intercepted chunk(-28,13)
[21:18:08] [Worker-Main-23/INFO] (Minecraft) [STDOUT]: [Mixin] populateNoise intercepted chunk(-29,13)
[21:18:08] [Worker-Main-14/INFO] (Minecraft) [STDOUT]: [Mixin] populateNoise intercepted chunk(-29,12)
[21:18:08] [Worker-Main-5/INFO] (Minecraft) [STDOUT]: [Mixin] populateNoise intercepted chunk(-29,11)
[21:18:08] [Worker-Main-1/INFO] (Minecraft) [STDOUT]: [Mixin] populateNoise intercepted chunk(-28,11)
[21:18:08] [Worker-Main-21/INFO] (Minecraft) [STDOUT]: [Mixin] populateNoise intercepted chunk(-20,16)
[21:18:08] [Worker-Main-3/INFO] (Minecraft) [STDOUT]: [Mixin] populateNoise intercepted chunk(-19,16)
[21:18:08] [Worker-Main-11/INFO] (Minecraft) [STDOUT]: [Mixin] populateNoise intercepted chunk(-18,16)
[21:18:08] [Worker-Main-6/INFO] (Minecraft) [STDOUT]: [Mixin] populateNoise intercepted chunk(-17,16)
[21:18:08] [Worker-Main-10/INFO] (Minecraft) [STDOUT]: [Mixin] populateNoise intercepted chunk(-16,16)
[21:18:08] [Worker-Main-9/INFO] (Minecraft) [STDOUT]: [Mixin] buildSurface skipped chunk(-22,16)
[21:18:08] [Worker-Main-9/INFO] (Minecraft) [STDOUT]: [Mixin] populateNoise intercepted chunk(-30,16)
[21:18:08] [Worker-Main-16/INFO] (Minecraft) [STDOUT]: [Mixin] buildSurface skipped chunk(-27,11)
[21:18:08] [Worker-Main-16/INFO] (Minecraft) [STDOUT]: [Mixin] populateNoise intercepted chunk(-30,10)
[21:18:08] [Worker-Main-13/INFO] (Minecraft) [STDOUT]: [Mixin] populateNoise intercepted chunk(-29,10)
[21:18:08] [Worker-Main-4/INFO] (Minecraft) [STDOUT]: [Mixin] buildSurface skipped chunk(-28,15)
[21:18:08] [Worker-Main-12/INFO] (Minecraft) [STDOUT]: [Mixin] buildSurface skipped chunk(-29,15)
[21:18:08] [Worker-Main-2/INFO] (Minecraft) [STDOUT]: [Mixin] buildSurface skipped chunk(-21,16)
[21:18:08] [Worker-Main-1/INFO] (Minecraft) [STDOUT]: [Mixin] buildSurface skipped chunk(-29,12)
[21:18:08] [Worker-Main-1/INFO] (Minecraft) [STDOUT]: [Mixin] buildSurface skipped chunk(-28,11)
[21:18:08] [Worker-Main-21/INFO] (Minecraft) [STDOUT]: [Mixin] buildSurface skipped chunk(-27,10)
[21:18:08] [Worker-Main-17/INFO] (Minecraft) [STDOUT]: [Mixin] buildSurface skipped chunk(-29,14)
[21:18:08] [Worker-Main-17/INFO] (Minecraft) [STDOUT]: [Mixin] buildSurface skipped chunk(-28,16)
[21:18:08] [Worker-Main-21/INFO] (Minecraft) [STDOUT]: [Mixin] buildSurface skipped chunk(-20,16)
[21:18:08] [Worker-Main-21/INFO] (Minecraft) [STDOUT]: [Mixin] buildSurface skipped chunk(-28,12)
[21:18:08] [Worker-Main-1/INFO] (Minecraft) [STDOUT]: [Mixin] buildSurface skipped chunk(-28,14)
[21:18:08] [Worker-Main-20/INFO] (Minecraft) [STDOUT]: [Mixin] buildSurface skipped chunk(-28,13)
[21:18:08] [Worker-Main-11/INFO] (Minecraft) [STDOUT]: [Mixin] buildSurface skipped chunk(-29,13)
[21:18:08] [Worker-Main-11/INFO] (Minecraft) [STDOUT]: [Mixin] buildSurface skipped chunk(-29,11)
[21:18:08] [Worker-Main-11/INFO] (Minecraft) [STDOUT]: [Mixin] buildSurface skipped chunk(-18,16)
[21:18:08] [Worker-Main-7/INFO] (Minecraft) [STDOUT]: [Mixin] buildSurface skipped chunk(-29,16)
[21:18:08] [Worker-Main-20/INFO] (Minecraft) [STDOUT]: [Mixin] buildSurface skipped chunk(-16,16)
[21:18:08] [Worker-Main-14/INFO] (Minecraft) [STDOUT]: [Mixin] buildSurface skipped chunk(-19,16)
[21:18:08] [Worker-Main-23/INFO] (Minecraft) [STDOUT]: [Mixin] buildSurface skipped chunk(-17,16)
[21:18:08] [Worker-Main-20/INFO] (Minecraft) [STDOUT]: [Mixin] populateNoise intercepted chunk(-28,10)
[21:18:08] [Worker-Main-10/INFO] (Minecraft) [STDOUT]: [Mixin] buildSurface skipped chunk(-29,10)
[21:18:08] [Worker-Main-10/INFO] (Minecraft) [STDOUT]: [Mixin] populateNoise intercepted chunk(-30,14)
[21:18:08] [Worker-Main-7/INFO] (Minecraft) [STDOUT]: [Mixin] populateNoise intercepted chunk(-30,13)
[21:18:08] [Worker-Main-6/INFO] (Minecraft) [STDOUT]: [Mixin] populateNoise intercepted chunk(-30,12)
[21:18:08] [Worker-Main-14/INFO] (Minecraft) [STDOUT]: [Mixin] populateNoise intercepted chunk(-30,11)
[21:18:08] [Worker-Main-23/INFO] (Minecraft) [STDOUT]: [Mixin] populateNoise intercepted chunk(-31,32)
[21:18:08] [Worker-Main-16/INFO] (Minecraft) [STDOUT]: [Mixin] populateNoise intercepted chunk(-31,33)
[21:18:08] [Worker-Main-1/INFO] (Minecraft) [STDOUT]: [Mixin] populateNoise intercepted chunk(-15,2)
[21:18:08] [Worker-Main-22/INFO] (Minecraft) [STDOUT]: [Mixin] populateNoise intercepted chunk(-15,3)
[21:18:08] [Worker-Main-5/INFO] (Minecraft) [STDOUT]: [Mixin] populateNoise intercepted chunk(-15,4)
[21:18:08] [Worker-Main-18/INFO] (Minecraft) [STDOUT]: [Mixin] populateNoise intercepted chunk(-15,5)
[21:18:08] [Worker-Main-9/INFO] (Minecraft) [STDOUT]: [Mixin] buildSurface skipped chunk(-30,15)
[21:18:08] [Worker-Main-8/INFO] (Minecraft) [STDOUT]: [Mixin] buildSurface skipped chunk(-30,10)
[21:18:08] [Worker-Main-21/INFO] (Minecraft) [STDOUT]: [Mixin] buildSurface skipped chunk(-30,16)
[21:18:08] [Worker-Main-12/INFO] (Minecraft) [STDOUT]: [Mixin] populateNoise intercepted chunk(-15,6)
[21:18:08] [Worker-Main-13/INFO] (Minecraft) [STDOUT]: [Mixin] populateNoise intercepted chunk(-15,7)
[21:18:08] [Worker-Main-8/INFO] (Minecraft) [STDOUT]: [Mixin] populateNoise intercepted chunk(-15,8)
[21:18:08] [Worker-Main-19/INFO] (Minecraft) [STDOUT]: [Mixin] populateNoise intercepted chunk(-15,9)
[21:18:08] [Worker-Main-4/INFO] (Minecraft) [STDOUT]: [Mixin] populateNoise intercepted chunk(-15,10)
[21:18:08] [Worker-Main-15/INFO] (Minecraft) [STDOUT]: [Mixin] populateNoise intercepted chunk(-15,11)
[21:18:08] [Worker-Main-17/INFO] (Minecraft) [STDOUT]: [Mixin] populateNoise intercepted chunk(-15,12)
[21:18:08] [Worker-Main-21/INFO] (Minecraft) [STDOUT]: [Mixin] populateNoise intercepted chunk(-15,15)
[21:18:08] [Worker-Main-2/INFO] (Minecraft) [STDOUT]: [Mixin] populateNoise intercepted chunk(-15,13)
[21:18:08] [Worker-Main-22/INFO] (Minecraft) [STDOUT]: [Mixin] populateNoise intercepted chunk(-15,14)
[21:18:08] [Worker-Main-11/INFO] (Minecraft) [STDOUT]: [Mixin] populateNoise intercepted chunk(-15,16)
[21:18:08] [Worker-Main-9/INFO] (Minecraft) [STDOUT]: [Mixin] populateNoise intercepted chunk(-30,17)
[21:18:08] [Worker-Main-20/INFO] (Minecraft) [STDOUT]: [Mixin] buildSurface skipped chunk(-28,10)
[21:18:08] [Worker-Main-20/INFO] (Minecraft) [STDOUT]: [Mixin] populateNoise intercepted chunk(-29,17)
[21:18:08] [Worker-Main-6/INFO] (Minecraft) [STDOUT]: [Mixin] buildSurface skipped chunk(-30,12)
[21:18:08] [Worker-Main-14/INFO] (Minecraft) [STDOUT]: [CHUNKTIME] n=2816 perChunk(ms): mixin=93.22 gap=103.75 | sumMixin=262.5s sumGap=292.2s | inflight max=23 now=20
[21:18:08] [Worker-Main-3/INFO] (Minecraft) [STDOUT]: [Mixin] buildSurface skipped chunk(-30,11)
[21:18:08] [Worker-Main-23/INFO] (Minecraft) [STDOUT]: [Mixin] buildSurface skipped chunk(-15,4)
[21:18:08] [Worker-Main-5/INFO] (Minecraft) [STDOUT]: [Mixin] buildSurface skipped chunk(-30,14)
[21:18:08] [Worker-Main-23/INFO] (Minecraft) [STDOUT]: [Mixin] buildSurface skipped chunk(-15,3)
[21:18:08] [Worker-Main-10/INFO] (Minecraft) [STDOUT]: [Mixin] buildSurface skipped chunk(-30,13)
[21:18:08] [Worker-Main-18/INFO] (Minecraft) [STDOUT]: [Mixin] buildSurface skipped chunk(-15,2)
[21:18:08] [Worker-Main-10/INFO] (Minecraft) [STDOUT]: [Mixin] buildSurface skipped chunk(-31,32)
[21:18:08] [Worker-Main-18/INFO] (Minecraft) [STDOUT]: [Mixin] buildSurface skipped chunk(-15,5)
[21:18:08] [Worker-Main-10/INFO] (Minecraft) [STDOUT]: [Mixin] buildSurface skipped chunk(-30,17)
[21:18:08] [Worker-Main-13/INFO] (Minecraft) [STDOUT]: [Mixin] buildSurface skipped chunk(-29,17)
[21:18:08] [Worker-Main-22/INFO] (Minecraft) [STDOUT]: [Mixin] buildSurface skipped chunk(-31,33)
[21:18:08] [Worker-Main-22/INFO] (Minecraft) [STDOUT]: [Mixin] buildSurface skipped chunk(-15,6)
[21:18:08] [Worker-Main-22/INFO] (Minecraft) [STDOUT]: [Mixin] buildSurface skipped chunk(-15,15)
[21:18:08] [Worker-Main-20/INFO] (Minecraft) [STDOUT]: [Mixin] buildSurface skipped chunk(-15,9)
[21:18:08] [Worker-Main-22/INFO] (Minecraft) [STDOUT]: [Mixin] buildSurface skipped chunk(-15,14)
[21:18:08] [Worker-Main-20/INFO] (Minecraft) [STDOUT]: [Mixin] buildSurface skipped chunk(-15,10)
[21:18:08] [Worker-Main-20/INFO] (Minecraft) [STDOUT]: [Mixin] buildSurface skipped chunk(-15,8)
[21:18:08] [Worker-Main-20/INFO] (Minecraft) [STDOUT]: [Mixin] buildSurface skipped chunk(-15,11)
[21:18:08] [Worker-Main-20/INFO] (Minecraft) [STDOUT]: [Mixin] buildSurface skipped chunk(-15,12)
[21:18:08] [Worker-Main-20/INFO] (Minecraft) [STDOUT]: [Mixin] buildSurface skipped chunk(-15,16)
[21:18:08] [Worker-Main-12/INFO] (Minecraft) [STDOUT]: [Mixin] buildSurface skipped chunk(-15,13)
[21:18:08] [Worker-Main-20/INFO] (Minecraft) [STDOUT]: [Mixin] buildSurface skipped chunk(-15,7)
[21:18:08] [Worker-Main-3/INFO] (Minecraft) [STDOUT]: [Mixin] populateNoise intercepted chunk(-27,17)
[21:18:08] [Worker-Main-13/INFO] (Minecraft) [STDOUT]: [Mixin] populateNoise intercepted chunk(-28,17)
[21:18:08] [Worker-Main-13/INFO] (Minecraft) [STDOUT]: [Mixin] populateNoise intercepted chunk(-30,18)
[21:18:08] [Worker-Main-19/INFO] (Minecraft) [STDOUT]: [Mixin] populateNoise intercepted chunk(-26,17)
[21:18:08] [Worker-Main-8/INFO] (Minecraft) [STDOUT]: [Mixin] populateNoise intercepted chunk(-29,18)
[21:18:08] [Worker-Main-22/INFO] (Minecraft) [STDOUT]: [Mixin] populateNoise intercepted chunk(-28,18)
[21:18:08] [Worker-Main-5/INFO] (Minecraft) [STDOUT]: [Mixin] populateNoise intercepted chunk(-30,19)
[21:18:08] [Worker-Main-21/INFO] (Minecraft) [STDOUT]: [Mixin] populateNoise intercepted chunk(-29,19)
[21:18:08] [Worker-Main-1/INFO] (Minecraft) [STDOUT]: [Mixin] populateNoise intercepted chunk(-26,18)
[21:18:08] [Worker-Main-17/INFO] (Minecraft) [STDOUT]: [Mixin] populateNoise intercepted chunk(-25,17)
[21:18:08] [Worker-Main-20/INFO] (Minecraft) [STDOUT]: [Mixin] populateNoise intercepted chunk(-25,18)
[21:18:08] [Worker-Main-15/INFO] (Minecraft) [STDOUT]: [Mixin] populateNoise intercepted chunk(-27,18)
[21:18:08] [Worker-Main-9/INFO] (Minecraft) [STDOUT]: [Mixin] populateNoise intercepted chunk(-25,19)
[21:18:08] [Worker-Main-18/INFO] (Minecraft) [STDOUT]: [Mixin] populateNoise intercepted chunk(-30,20)
[21:18:08] [Worker-Main-11/INFO] (Minecraft) [STDOUT]: [Mixin] populateNoise intercepted chunk(-24,17)
[21:18:08] [Worker-Main-16/INFO] (Minecraft) [STDOUT]: [Mixin] populateNoise intercepted chunk(-29,20)
[21:18:08] [Worker-Main-12/INFO] (Minecraft) [STDOUT]: [Mixin] populateNoise intercepted chunk(-24,18)
[21:18:08] [Worker-Main-6/INFO] (Minecraft) [STDOUT]: [Mixin] populateNoise intercepted chunk(-28,19)
[21:18:08] [Worker-Main-10/INFO] (Minecraft) [STDOUT]: [Mixin] populateNoise intercepted chunk(-28,20)
[21:18:08] [Worker-Main-4/INFO] (Minecraft) [STDOUT]: [Mixin] populateNoise intercepted chunk(-27,19)
[21:18:08] [Worker-Main-2/INFO] (Minecraft) [STDOUT]: [Mixin] populateNoise intercepted chunk(-24,19)
[21:18:08] [Worker-Main-23/INFO] (Minecraft) [STDOUT]: [Mixin] populateNoise intercepted chunk(-26,19)
[21:18:08] [Worker-Main-7/INFO] (Minecraft) [STDOUT]: [Mixin] populateNoise intercepted chunk(-26,20)
[21:18:09] [Worker-Main-5/INFO] (Minecraft) [STDOUT]: [Mixin] buildSurface skipped chunk(-30,19)
[21:18:09] [Worker-Main-5/INFO] (Minecraft) [STDOUT]: [Mixin] populateNoise intercepted chunk(-25,20)
[21:18:09] [Worker-Main-14/INFO] (Minecraft) [STDOUT]: [Mixin] buildSurface skipped chunk(-28,17)
[21:18:09] [Worker-Main-14/INFO] (Minecraft) [STDOUT]: [Mixin] buildSurface skipped chunk(-29,18)
[21:18:09] [Worker-Main-14/INFO] (Minecraft) [STDOUT]: [Mixin] buildSurface skipped chunk(-30,18)
[21:18:09] [Worker-Main-22/INFO] (Minecraft) [STDOUT]: [Mixin] buildSurface skipped chunk(-27,17)
[21:18:09] [Worker-Main-13/INFO] (Minecraft) [STDOUT]: [Mixin] buildSurface skipped chunk(-25,19)
[21:18:09] [Worker-Main-13/INFO] (Minecraft) [STDOUT]: [Mixin] buildSurface skipped chunk(-28,18)
[21:18:09] [Worker-Main-9/INFO] (Minecraft) [STDOUT]: [Mixin] buildSurface skipped chunk(-29,19)
[21:18:09] [Worker-Main-14/INFO] (Minecraft) [STDOUT]: [Mixin] buildSurface skipped chunk(-26,19)
[21:18:09] [Worker-Main-22/INFO] (Minecraft) [STDOUT]: [Mixin] buildSurface skipped chunk(-25,18)
[21:18:09] [Worker-Main-12/INFO] (Minecraft) [STDOUT]: [Mixin] buildSurface skipped chunk(-27,18)
[21:18:09] [Worker-Main-6/INFO] (Minecraft) [STDOUT]: [Mixin] buildSurface skipped chunk(-27,19)
[21:18:09] [Worker-Main-22/INFO] (Minecraft) [STDOUT]: [Mixin] buildSurface skipped chunk(-26,17)
[21:18:09] [Worker-Main-12/INFO] (Minecraft) [STDOUT]: [Mixin] buildSurface skipped chunk(-26,18)
[21:18:09] [Worker-Main-7/INFO] (Minecraft) [STDOUT]: [Mixin] populateNoise intercepted chunk(-27,20)
[21:18:09] [Worker-Main-10/INFO] (Minecraft) [STDOUT]: [Mixin] buildSurface skipped chunk(-25,17)
[21:18:09] [Worker-Main-11/INFO] (Minecraft) [STDOUT]: [Mixin] buildSurface skipped chunk(-28,19)
[21:18:09] [Worker-Main-6/INFO] (Minecraft) [STDOUT]: [Mixin] buildSurface skipped chunk(-28,20)
[21:18:09] [Worker-Main-5/INFO] (Minecraft) [STDOUT]: [Mixin] populateNoise intercepted chunk(-24,20)
[21:18:09] [Worker-Main-1/INFO] (Minecraft) [STDOUT]: [Mixin] buildSurface skipped chunk(-30,20)
[21:18:09] [Worker-Main-9/INFO] (Minecraft) [STDOUT]: [Mixin] buildSurface skipped chunk(-24,18)
[21:18:09] [Worker-Main-17/INFO] (Minecraft) [STDOUT]: [Mixin] buildSurface skipped chunk(-29,20)
[21:18:09] [Worker-Main-14/INFO] (Minecraft) [STDOUT]: [Mixin] buildSurface skipped chunk(-24,19)
[21:18:09] [Worker-Main-8/INFO] (Minecraft) [STDOUT]: [Mixin] buildSurface skipped chunk(-24,17)
[21:18:09] [Worker-Main-10/INFO] (Minecraft) [STDOUT]: [Mixin] buildSurface skipped chunk(-26,20)
[21:18:09] [Worker-Main-10/INFO] (Minecraft) [STDOUT]: [Mixin] buildSurface skipped chunk(-25,20)
[21:18:09] [Worker-Main-12/INFO] (Minecraft) [STDOUT]: [Mixin] buildSurface skipped chunk(-27,20)
[21:18:09] [Worker-Main-11/INFO] (Minecraft) [STDOUT]: [Mixin] populateNoise intercepted chunk(-30,21)
[21:18:09] [Worker-Main-11/INFO] (Minecraft) [STDOUT]: [Mixin] populateNoise intercepted chunk(-29,21)
[21:18:09] [Worker-Main-1/INFO] (Minecraft) [STDOUT]: [Mixin] populateNoise intercepted chunk(-28,21)
[21:18:09] [Worker-Main-17/INFO] (Minecraft) [STDOUT]: [Mixin] populateNoise intercepted chunk(-27,21)
[21:18:09] [Worker-Main-7/INFO] (Minecraft) [STDOUT]: [Mixin] populateNoise intercepted chunk(-26,21)
[21:18:09] [Worker-Main-10/INFO] (Minecraft) [STDOUT]: [Mixin] populateNoise intercepted chunk(-30,22)
[21:18:09] [Worker-Main-19/INFO] (Minecraft) [STDOUT]: [Mixin] populateNoise intercepted chunk(-25,21)
[21:18:09] [Worker-Main-19/INFO] (Minecraft) [STDOUT]: [Mixin] populateNoise intercepted chunk(-26,22)
[21:18:09] [Worker-Main-23/INFO] (Minecraft) [STDOUT]: [Mixin] populateNoise intercepted chunk(-29,22)
[21:18:09] [Worker-Main-22/INFO] (Minecraft) [STDOUT]: [Mixin] populateNoise intercepted chunk(-28,22)
[21:18:09] [Worker-Main-12/INFO] (Minecraft) [STDOUT]: [Mixin] populateNoise intercepted chunk(-27,22)
[21:18:09] [Worker-Main-8/INFO] (Minecraft) [STDOUT]: [Mixin] populateNoise intercepted chunk(-25,22)
[21:18:09] [Worker-Main-3/INFO] (Minecraft) [STDOUT]: [Mixin] populateNoise intercepted chunk(-25,23)
[21:18:09] [Worker-Main-21/INFO] (Minecraft) [STDOUT]: [Mixin] populateNoise intercepted chunk(-30,23)
[21:18:09] [Worker-Main-20/INFO] (Minecraft) [STDOUT]: [Mixin] populateNoise intercepted chunk(-29,23)
[21:18:09] [Worker-Main-13/INFO] (Minecraft) [STDOUT]: [Mixin] populateNoise intercepted chunk(-28,23)
[21:18:09] [Worker-Main-6/INFO] (Minecraft) [STDOUT]: [Mixin] populateNoise intercepted chunk(-27,23)
[21:18:09] [Worker-Main-18/INFO] (Minecraft) [STDOUT]: [Mixin] populateNoise intercepted chunk(-26,23)
[21:18:09] [Worker-Main-15/INFO] (Minecraft) [STDOUT]: [Mixin] populateNoise intercepted chunk(-24,21)
[21:18:09] [Worker-Main-4/INFO] (Minecraft) [STDOUT]: [Mixin] populateNoise intercepted chunk(-24,22)
[21:18:09] [Worker-Main-9/INFO] (Minecraft) [STDOUT]: [Mixin] populateNoise intercepted chunk(-24,23)
[21:18:09] [Worker-Main-2/INFO] (Minecraft) [STDOUT]: [Mixin] populateNoise intercepted chunk(-24,24)
[21:18:09] [Worker-Main-5/INFO] (Minecraft) [STDOUT]: [Mixin] populateNoise intercepted chunk(-25,24)
[21:18:09] [Worker-Main-11/INFO] (Minecraft) [STDOUT]: [Mixin] buildSurface skipped chunk(-29,21)
[21:18:09] [Worker-Main-11/INFO] (Minecraft) [STDOUT]: [Mixin] buildSurface skipped chunk(-27,21)
[21:18:09] [Worker-Main-17/INFO] (Minecraft) [STDOUT]: [Mixin] buildSurface skipped chunk(-28,21)
[21:18:09] [Worker-Main-17/INFO] (Minecraft) [STDOUT]: [Mixin] buildSurface skipped chunk(-29,22)
[21:18:09] [Worker-Main-11/INFO] (Minecraft) [STDOUT]: [Mixin] buildSurface skipped chunk(-30,23)
[21:18:09] [Worker-Main-21/INFO] (Minecraft) [STDOUT]: [Mixin] populateNoise intercepted chunk(-26,24)
[21:18:09] [Worker-Main-11/INFO] (Minecraft) [STDOUT]: [Mixin] buildSurface skipped chunk(-24,20)
[21:18:09] [Worker-Main-1/INFO] (Minecraft) [STDOUT]: [Mixin] buildSurface skipped chunk(-30,21)
[21:18:09] [Worker-Main-1/INFO] (Minecraft) [STDOUT]: [Mixin] buildSurface skipped chunk(-25,21)
[21:18:09] [Worker-Main-7/INFO] (Minecraft) [STDOUT]: [Mixin] buildSurface skipped chunk(-26,22)
[21:18:09] [Worker-Main-7/INFO] (Minecraft) [STDOUT]: [Mixin] buildSurface skipped chunk(-26,21)
[21:18:09] [Worker-Main-12/INFO] (Minecraft) [STDOUT]: [Mixin] buildSurface skipped chunk(-30,22)
[21:18:09] [Worker-Main-22/INFO] (Minecraft) [STDOUT]: [Mixin] buildSurface skipped chunk(-27,22)
[21:18:09] [Worker-Main-8/INFO] (Minecraft) [STDOUT]: [Mixin] buildSurface skipped chunk(-29,23)
[21:18:09] [Worker-Main-22/INFO] (Minecraft) [STDOUT]: [Mixin] buildSurface skipped chunk(-25,22)
[21:18:09] [Worker-Main-15/INFO] (Minecraft) [STDOUT]: [Mixin] buildSurface skipped chunk(-28,23)
[21:18:09] [Worker-Main-18/INFO] (Minecraft) [STDOUT]: [Mixin] buildSurface skipped chunk(-28,22)
[21:18:09] [Worker-Main-9/INFO] (Minecraft) [STDOUT]: [Mixin] buildSurface skipped chunk(-26,23)
[21:18:09] [Worker-Main-6/INFO] (Minecraft) [STDOUT]: [Mixin] buildSurface skipped chunk(-25,23)
[21:18:09] [Worker-Main-22/INFO] (Minecraft) [STDOUT]: [Mixin] buildSurface skipped chunk(-27,23)
[21:18:09] [Worker-Main-5/INFO] (Minecraft) [STDOUT]: [Mixin] buildSurface skipped chunk(-24,22)
[21:18:09] [Worker-Main-2/INFO] (Minecraft) [STDOUT]: [Mixin] buildSurface skipped chunk(-24,21)
[21:18:09] [Worker-Main-12/INFO] (Minecraft) [STDOUT]: [Mixin] buildSurface skipped chunk(-24,23)
[21:18:09] [Worker-Main-22/INFO] (Minecraft) [STDOUT]: [Mixin] buildSurface skipped chunk(-24,24)
[21:18:09] [Worker-Main-22/INFO] (Minecraft) [STDOUT]: [Mixin] buildSurface skipped chunk(-25,24)
[21:18:09] [Worker-Main-20/INFO] (Minecraft) [STDOUT]: [Mixin] buildSurface skipped chunk(-26,24)
[21:18:09] [Worker-Main-4/INFO] (Minecraft) [STDOUT]: [Mixin] populateNoise intercepted chunk(-29,24)
[21:18:09] [Worker-Main-13/INFO] (Minecraft) [STDOUT]: [Mixin] populateNoise intercepted chunk(-30,24)
[21:18:09] [Worker-Main-4/INFO] (Minecraft) [STDOUT]: [Mixin] populateNoise intercepted chunk(-30,25)
[21:18:09] [Worker-Main-4/INFO] (Minecraft) [STDOUT]: [Mixin] populateNoise intercepted chunk(-29,25)
[21:18:09] [Worker-Main-15/INFO] (Minecraft) [STDOUT]: [Mixin] populateNoise intercepted chunk(-30,26)
[21:18:09] [Worker-Main-19/INFO] (Minecraft) [STDOUT]: [Mixin] populateNoise intercepted chunk(-30,27)
[21:18:09] [Worker-Main-22/INFO] (Minecraft) [STDOUT]: [Mixin] populateNoise intercepted chunk(-29,26)
[21:18:09] [Worker-Main-6/INFO] (Minecraft) [STDOUT]: [Mixin] populateNoise intercepted chunk(-27,24)
[21:18:09] [Worker-Main-7/INFO] (Minecraft) [STDOUT]: [Mixin] populateNoise intercepted chunk(-28,24)
[21:18:09] [Worker-Main-8/INFO] (Minecraft) [STDOUT]: [Mixin] populateNoise intercepted chunk(-29,27)
[21:18:09] [Worker-Main-9/INFO] (Minecraft) [STDOUT]: [Mixin] populateNoise intercepted chunk(-28,25)
[21:18:09] [Worker-Main-9/INFO] (Minecraft) [STDOUT]: [Mixin] populateNoise intercepted chunk(-28,26)
[21:18:09] [Worker-Main-13/INFO] (Minecraft) [STDOUT]: [Mixin] populateNoise intercepted chunk(-28,27)
[21:18:09] [Worker-Main-3/INFO] (Minecraft) [STDOUT]: [Mixin] populateNoise intercepted chunk(-29,28)
[21:18:09] [Worker-Main-18/INFO] (Minecraft) [STDOUT]: [Mixin] populateNoise intercepted chunk(-30,28)
[21:18:09] [Worker-Main-11/INFO] (Minecraft) [STDOUT]: [Mixin] populateNoise intercepted chunk(-23,17)
[21:18:09] [Worker-Main-12/INFO] (Minecraft) [STDOUT]: [Mixin] populateNoise intercepted chunk(-28,28)
[21:18:09] [Worker-Main-21/INFO] (Minecraft) [STDOUT]: [Mixin] populateNoise intercepted chunk(-22,17)
[21:18:09] [Worker-Main-1/INFO] (Minecraft) [STDOUT]: [Mixin] populateNoise intercepted chunk(-21,17)
[21:18:09] [Worker-Main-16/INFO] (Minecraft) [STDOUT]: [Mixin] populateNoise intercepted chunk(-20,17)
[21:18:09] [Worker-Main-14/INFO] (Minecraft) [STDOUT]: [Mixin] populateNoise intercepted chunk(-19,17)
[21:18:09] [Worker-Main-23/INFO] (Minecraft) [STDOUT]: [Mixin] populateNoise intercepted chunk(-18,17)
[21:18:09] [Worker-Main-20/INFO] (Minecraft) [STDOUT]: [Mixin] populateNoise intercepted chunk(-17,17)
[21:18:09] [Worker-Main-5/INFO] (Minecraft) [STDOUT]: [Mixin] buildSurface skipped chunk(-30,24)
[21:18:09] [Worker-Main-2/INFO] (Minecraft) [STDOUT]: [Mixin] buildSurface skipped chunk(-29,24)
[21:18:09] [Worker-Main-17/INFO] (Minecraft) [STDOUT]: [Mixin] buildSurface skipped chunk(-30,25)
[21:18:09] [Worker-Main-6/INFO] (Minecraft) [STDOUT]: [Mixin] buildSurface skipped chunk(-30,26)
[21:18:09] [Worker-Main-4/INFO] (Minecraft) [STDOUT]: [Mixin] buildSurface skipped chunk(-30,27)
[21:18:09] [Worker-Main-4/INFO] (Minecraft) [STDOUT]: [Mixin] buildSurface skipped chunk(-29,26)
[21:18:09] [Worker-Main-10/INFO] (Minecraft) [STDOUT]: [Mixin] buildSurface skipped chunk(-29,27)
[21:18:09] [Worker-Main-4/INFO] (Minecraft) [STDOUT]: [Mixin] buildSurface skipped chunk(-29,25)
[21:18:09] [Worker-Main-11/INFO] (Minecraft) [STDOUT]: [Mixin] buildSurface skipped chunk(-28,25)
[21:18:09] [Worker-Main-12/INFO] (Minecraft) [STDOUT]: [Mixin] buildSurface skipped chunk(-28,26)
[21:18:09] [Worker-Main-20/INFO] (Minecraft) [STDOUT]: [Mixin] buildSurface skipped chunk(-27,24)
[21:18:09] [Worker-Main-12/INFO] (Minecraft) [STDOUT]: [Mixin] buildSurface skipped chunk(-30,28)
[21:18:09] [Worker-Main-12/INFO] (Minecraft) [STDOUT]: [Mixin] buildSurface skipped chunk(-28,27)
[21:18:09] [Worker-Main-11/INFO] (Minecraft) [STDOUT]: [Mixin] buildSurface skipped chunk(-29,28)
[21:18:09] [Worker-Main-14/INFO] (Minecraft) [STDOUT]: [Mixin] buildSurface skipped chunk(-28,24)
[21:18:09] [Worker-Main-16/INFO] (Minecraft) [STDOUT]: [Mixin] buildSurface skipped chunk(-28,28)
[21:18:09] [Worker-Main-10/INFO] (Minecraft) [STDOUT]: [Mixin] buildSurface skipped chunk(-23,17)
[21:18:09] [Worker-Main-10/INFO] (Minecraft) [STDOUT]: [Mixin] buildSurface skipped chunk(-22,17)
[21:18:09] [Worker-Main-17/INFO] (Minecraft) [STDOUT]: [Mixin] buildSurface skipped chunk(-20,17)
[21:18:09] [Worker-Main-17/INFO] (Minecraft) [STDOUT]: [Mixin] buildSurface skipped chunk(-19,17)
[21:18:09] [Worker-Main-17/INFO] (Minecraft) [STDOUT]: [Mixin] buildSurface skipped chunk(-17,17)
[21:18:09] [Worker-Main-17/INFO] (Minecraft) [STDOUT]: [Mixin] buildSurface skipped chunk(-18,17)
[21:18:09] [Worker-Main-12/INFO] (Minecraft) [STDOUT]: [Mixin] buildSurface skipped chunk(-21,17)
[21:18:09] [Worker-Main-14/INFO] (Minecraft) [STDOUT]: [Mixin] populateNoise intercepted chunk(-30,29)
[21:18:09] [Worker-Main-11/INFO] (Minecraft) [STDOUT]: [Mixin] populateNoise intercepted chunk(-29,29)
[21:18:09] [Worker-Main-13/INFO] (Minecraft) [STDOUT]: [Mixin] populateNoise intercepted chunk(-30,30)
[21:18:09] [Worker-Main-16/INFO] (Minecraft) [STDOUT]: [Mixin] populateNoise intercepted chunk(-29,30)
[21:18:09] [Worker-Main-3/INFO] (Minecraft) [STDOUT]: [Mixin] populateNoise intercepted chunk(-28,29)
[21:18:09] [Worker-Main-18/INFO] (Minecraft) [STDOUT]: [Mixin] populateNoise intercepted chunk(-28,30)
[21:18:09] [Worker-Main-12/INFO] (Minecraft) [STDOUT]: [Mixin] populateNoise intercepted chunk(-30,31)
[21:18:09] [Worker-Main-21/INFO] (Minecraft) [STDOUT]: [Mixin] populateNoise intercepted chunk(-29,31)
[21:18:09] [Worker-Main-17/INFO] (Minecraft) [STDOUT]: [Mixin] populateNoise intercepted chunk(-28,31)
[21:18:09] [Worker-Main-1/INFO] (Minecraft) [STDOUT]: [Mixin] populateNoise intercepted chunk(-27,28)
[21:18:09] [Worker-Main-4/INFO] (Minecraft) [STDOUT]: [Mixin] populateNoise intercepted chunk(-27,29)
[21:18:09] [Worker-Main-15/INFO] (Minecraft) [STDOUT]: [Mixin] populateNoise intercepted chunk(-27,27)
[21:18:09] [Worker-Main-15/INFO] (Minecraft) [STDOUT]: [Mixin] populateNoise intercepted chunk(-27,25)
[21:18:09] [Worker-Main-9/INFO] (Minecraft) [STDOUT]: [Mixin] populateNoise intercepted chunk(-27,26)
[21:18:09] [Worker-Main-20/INFO] (Minecraft) [STDOUT]: [Mixin] populateNoise intercepted chunk(-27,30)
[21:18:09] [Worker-Main-6/INFO] (Minecraft) [STDOUT]: [Mixin] populateNoise intercepted chunk(-27,31)
[21:18:09] [Worker-Main-8/INFO] (Minecraft) [STDOUT]: [Mixin] populateNoise intercepted chunk(-30,32)
[21:18:09] [Worker-Main-19/INFO] (Minecraft) [STDOUT]: [Mixin] populateNoise intercepted chunk(-29,32)
[21:18:09] [Worker-Main-22/INFO] (Minecraft) [STDOUT]: [Mixin] populateNoise intercepted chunk(-28,32)
[21:18:09] [Worker-Main-5/INFO] (Minecraft) [STDOUT]: [Mixin] populateNoise intercepted chunk(-26,25)
[21:18:09] [Worker-Main-7/INFO] (Minecraft) [STDOUT]: [Mixin] populateNoise intercepted chunk(-26,26)
[21:18:09] [Worker-Main-2/INFO] (Minecraft) [STDOUT]: [Mixin] populateNoise intercepted chunk(-26,30)
[21:18:09] [Worker-Main-10/INFO] (Minecraft) [STDOUT]: [Mixin] populateNoise intercepted chunk(-26,27)
[21:18:09] [Worker-Main-14/INFO] (Minecraft) [STDOUT]: [Mixin] buildSurface skipped chunk(-30,29)
[21:18:09] [Worker-Main-14/INFO] (Minecraft) [STDOUT]: [Mixin] buildSurface skipped chunk(-29,29)
[21:18:09] [Worker-Main-11/INFO] (Minecraft) [STDOUT]: [Mixin] buildSurface skipped chunk(-29,30)
[21:18:09] [Worker-Main-12/INFO] (Minecraft) [STDOUT]: [Mixin] buildSurface skipped chunk(-28,30)
[21:18:09] [Worker-Main-16/INFO] (Minecraft) [STDOUT]: [Mixin] buildSurface skipped chunk(-28,29)
[21:18:09] [Worker-Main-13/INFO] (Minecraft) [STDOUT]: [Mixin] buildSurface skipped chunk(-29,31)
[21:18:09] [Worker-Main-13/INFO] (Minecraft) [STDOUT]: [Mixin] buildSurface skipped chunk(-27,28)
[21:18:09] [Worker-Main-12/INFO] (Minecraft) [STDOUT]: [Mixin] buildSurface skipped chunk(-28,31)
[21:18:09] [Worker-Main-12/INFO] (Minecraft) [STDOUT]: [Mixin] buildSurface skipped chunk(-27,29)
[21:18:09] [Worker-Main-13/INFO] (Minecraft) [STDOUT]: [Mixin] buildSurface skipped chunk(-30,31)
[21:18:09] [Worker-Main-5/INFO] (Minecraft) [STDOUT]: [Mixin] buildSurface skipped chunk(-30,30)
[21:18:09] [Worker-Main-6/INFO] (Minecraft) [STDOUT]: [Mixin] buildSurface skipped chunk(-27,30)
[21:18:09] [Worker-Main-13/INFO] (Minecraft) [STDOUT]: [Mixin] buildSurface skipped chunk(-27,31)
[21:18:09] [Worker-Main-20/INFO] (Minecraft) [STDOUT]: [Mixin] buildSurface skipped chunk(-26,30)
[21:18:09] [Worker-Main-10/INFO] (Minecraft) [STDOUT]: [Mixin] populateNoise intercepted chunk(-26,29)
[21:18:09] [Worker-Main-7/INFO] (Minecraft) [STDOUT]: [Mixin] populateNoise intercepted chunk(-26,28)
[21:18:09] [Worker-Main-5/INFO] (Minecraft) [STDOUT]: [Mixin] buildSurface skipped chunk(-29,32)
[21:18:09] [Worker-Main-22/INFO] (Minecraft) [STDOUT]: [Mixin] buildSurface skipped chunk(-27,27)
[21:18:09] [Worker-Main-2/INFO] (Minecraft) [STDOUT]: [Mixin] buildSurface skipped chunk(-30,32)
[21:18:09] [Worker-Main-5/INFO] (Minecraft) [STDOUT]: [Mixin] buildSurface skipped chunk(-28,32)
[21:18:09] [Worker-Main-20/INFO] (Minecraft) [STDOUT]: [Mixin] buildSurface skipped chunk(-26,27)
[21:18:09] [Worker-Main-11/INFO] (Minecraft) [STDOUT]: [Mixin] buildSurface skipped chunk(-26,26)
[21:18:09] [Worker-Main-11/INFO] (Minecraft) [STDOUT]: [Mixin] buildSurface skipped chunk(-26,25)
[21:18:09] [Worker-Main-13/INFO] (Minecraft) [STDOUT]: [Mixin] buildSurface skipped chunk(-27,26)
[21:18:09] [Worker-Main-2/INFO] (Minecraft) [STDOUT]: [Mixin] buildSurface skipped chunk(-27,25)
[21:18:09] [Worker-Main-4/INFO] (Minecraft) [STDOUT]: [Mixin] populateNoise intercepted chunk(-26,31)
[21:18:09] [Worker-Main-5/INFO] (Minecraft) [STDOUT]: [Mixin] populateNoise intercepted chunk(-25,26)
[21:18:09] [Worker-Main-8/INFO] (Minecraft) [STDOUT]: [Mixin] populateNoise intercepted chunk(-25,27)
[21:18:09] [Worker-Main-16/INFO] (Minecraft) [STDOUT]: [Mixin] populateNoise intercepted chunk(-25,31)
[21:18:09] [Worker-Main-23/INFO] (Minecraft) [STDOUT]: [Mixin] populateNoise intercepted chunk(-25,28)
[21:18:09] [Worker-Main-12/INFO] (Minecraft) [STDOUT]: [Mixin] populateNoise intercepted chunk(-25,29)
[21:18:09] [Worker-Main-1/INFO] (Minecraft) [STDOUT]: [Mixin] populateNoise intercepted chunk(-25,30)
[21:18:09] [Worker-Main-3/INFO] (Minecraft) [STDOUT]: [Mixin] populateNoise intercepted chunk(-25,25)
[21:18:09] [Worker-Main-6/INFO] (Minecraft) [STDOUT]: [Mixin] populateNoise intercepted chunk(-27,32)
[21:18:09] [Worker-Main-3/INFO] (Minecraft) [STDOUT]: [Mixin] populateNoise intercepted chunk(-26,32)
[21:18:09] [Worker-Main-21/INFO] (Minecraft) [STDOUT]: [Mixin] populateNoise intercepted chunk(-25,32)
[21:18:09] [Worker-Main-19/INFO] (Minecraft) [STDOUT]: [Mixin] populateNoise intercepted chunk(-24,25)
[21:18:09] [Worker-Main-14/INFO] (Minecraft) [STDOUT]: [Mixin] populateNoise intercepted chunk(-24,27)
[21:18:09] [Worker-Main-20/INFO] (Minecraft) [STDOUT]: [Mixin] populateNoise intercepted chunk(-24,26)
[21:18:09] [Worker-Main-22/INFO] (Minecraft) [STDOUT]: [Mixin] populateNoise intercepted chunk(-24,28)
[21:18:09] [Worker-Main-18/INFO] (Minecraft) [STDOUT]: [Mixin] populateNoise intercepted chunk(-24,29)
[21:18:09] [Worker-Main-15/INFO] (Minecraft) [STDOUT]: [Mixin] populateNoise intercepted chunk(-24,30)
[21:18:09] [Worker-Main-17/INFO] (Minecraft) [STDOUT]: [Mixin] populateNoise intercepted chunk(-24,31)
[21:18:09] [Worker-Main-2/INFO] (Minecraft) [STDOUT]: [Mixin] populateNoise intercepted chunk(-24,32)
[21:18:09] [Worker-Main-13/INFO] (Minecraft) [STDOUT]: [Mixin] populateNoise intercepted chunk(-16,17)
[21:18:09] [Worker-Main-13/INFO] (Minecraft) [STDOUT]: [Mixin] populateNoise intercepted chunk(-15,17)
[21:18:09] [Worker-Main-7/INFO] (Minecraft) [STDOUT]: [Mixin] buildSurface skipped chunk(-26,28)
[21:18:09] [Worker-Main-7/INFO] (Minecraft) [STDOUT]: [Mixin] buildSurface skipped chunk(-26,29)
[21:18:09] [Worker-Main-10/INFO] (Minecraft) [STDOUT]: [Mixin] populateNoise intercepted chunk(-23,18)
[21:18:09] [Worker-Main-7/INFO] (Minecraft) [STDOUT]: [Mixin] populateNoise intercepted chunk(-23,19)
[21:18:09] [Worker-Main-5/INFO] (Minecraft) [STDOUT]: [Mixin] buildSurface skipped chunk(-25,26)
[21:18:09] [Worker-Main-16/INFO] (Minecraft) [STDOUT]: [Mixin] buildSurface skipped chunk(-25,31)
[21:18:09] [Worker-Main-6/INFO] (Minecraft) [STDOUT]: [Mixin] buildSurface skipped chunk(-25,25)
[21:18:09] [Worker-Main-5/INFO] (Minecraft) [STDOUT]: [Mixin] buildSurface skipped chunk(-25,27)
[21:18:09] [Worker-Main-19/INFO] (Minecraft) [STDOUT]: [Mixin] buildSurface skipped chunk(-25,29)
[21:18:09] [Worker-Main-5/INFO] (Minecraft) [STDOUT]: [Mixin] buildSurface skipped chunk(-25,28)
[21:18:09] [Worker-Main-6/INFO] (Minecraft) [STDOUT]: [Mixin] buildSurface skipped chunk(-25,30)
[21:18:09] [Worker-Main-5/INFO] (Minecraft) [STDOUT]: [Mixin] buildSurface skipped chunk(-26,31)
[21:18:09] [Worker-Main-5/INFO] (Minecraft) [STDOUT]: [Mixin] buildSurface skipped chunk(-24,25)
[21:18:09] [Worker-Main-21/INFO] (Minecraft) [STDOUT]: [Mixin] buildSurface skipped chunk(-27,32)
[21:18:09] [Worker-Main-15/INFO] (Minecraft) [STDOUT]: [Mixin] buildSurface skipped chunk(-24,31)
[21:18:09] [Worker-Main-21/INFO] (Minecraft) [STDOUT]: [Mixin] buildSurface skipped chunk(-24,27)
[21:18:09] [Worker-Main-21/INFO] (Minecraft) [STDOUT]: [Mixin] buildSurface skipped chunk(-24,29)
[21:18:09] [Worker-Main-2/INFO] (Minecraft) [STDOUT]: [Mixin] buildSurface skipped chunk(-25,32)
[21:18:09] [Worker-Main-7/INFO] (Minecraft) [STDOUT]: [Mixin] buildSurface skipped chunk(-26,32)
[21:18:09] [Worker-Main-7/INFO] (Minecraft) [STDOUT]: [Mixin] buildSurface skipped chunk(-24,26)
[21:18:09] [Worker-Main-7/INFO] (Minecraft) [STDOUT]: [Mixin] buildSurface skipped chunk(-24,28)
[21:18:09] [Worker-Main-7/INFO] (Minecraft) [STDOUT]: [Mixin] buildSurface skipped chunk(-24,30)
[21:18:09] [Worker-Main-7/INFO] (Minecraft) [STDOUT]: [Mixin] buildSurface skipped chunk(-24,32)
[21:18:09] [Worker-Main-3/INFO] (Minecraft) [STDOUT]: [Mixin] populateNoise intercepted chunk(-23,20)
[21:18:09] [Worker-Main-10/INFO] (Minecraft) [STDOUT]: [Mixin] buildSurface skipped chunk(-16,17)
[21:18:09] [Worker-Main-19/INFO] (Minecraft) [STDOUT]: [Mixin] buildSurface skipped chunk(-15,17)
[21:18:09] [Worker-Main-19/INFO] (Minecraft) [STDOUT]: [Mixin] buildSurface skipped chunk(-23,19)
[21:18:09] [Worker-Main-10/INFO] (Minecraft) [STDOUT]: [Mixin] buildSurface skipped chunk(-23,18)
[21:18:09] [Worker-Main-13/INFO] (Minecraft) [STDOUT]: [Mixin] populateNoise intercepted chunk(-23,21)
[21:18:09] [Worker-Main-4/INFO] (Minecraft) [STDOUT]: [Mixin] populateNoise intercepted chunk(-23,22)
[21:18:09] [Worker-Main-23/INFO] (Minecraft) [STDOUT]: [Mixin] populateNoise intercepted chunk(-23,23)
[21:18:09] [Worker-Main-23/INFO] (Minecraft) [STDOUT]: [Mixin] populateNoise intercepted chunk(-23,24)
[21:18:09] [Worker-Main-5/INFO] (Minecraft) [STDOUT]: [Mixin] populateNoise intercepted chunk(-23,25)
[21:18:09] [Worker-Main-11/INFO] (Minecraft) [STDOUT]: [Mixin] populateNoise intercepted chunk(-22,24)
[21:18:09] [Worker-Main-12/INFO] (Minecraft) [STDOUT]: [Mixin] populateNoise intercepted chunk(-23,26)
[21:18:09] [Worker-Main-20/INFO] (Minecraft) [STDOUT]: [Mixin] populateNoise intercepted chunk(-22,25)
[21:18:09] [Worker-Main-15/INFO] (Minecraft) [STDOUT]: [Mixin] populateNoise intercepted chunk(-22,26)
[21:18:09] [Worker-Main-22/INFO] (Minecraft) [STDOUT]: [Mixin] populateNoise intercepted chunk(-23,28)
[21:18:09] [Worker-Main-2/INFO] (Minecraft) [STDOUT]: [Mixin] populateNoise intercepted chunk(-23,27)
[21:18:09] [Worker-Main-19/INFO] (Minecraft) [STDOUT]: [Mixin] populateNoise intercepted chunk(-23,29)
[21:18:09] [Worker-Main-6/INFO] (Minecraft) [STDOUT]: [Mixin] populateNoise intercepted chunk(-23,30)
[21:18:09] [Worker-Main-17/INFO] (Minecraft) [STDOUT]: [Mixin] populateNoise intercepted chunk(-22,23)
[21:18:09] [Worker-Main-9/INFO] (Minecraft) [STDOUT]: [Mixin] populateNoise intercepted chunk(-22,22)
[21:18:09] [Worker-Main-1/INFO] (Minecraft) [STDOUT]: [Mixin] populateNoise intercepted chunk(-21,24)
[21:18:09] [Worker-Main-10/INFO] (Minecraft) [STDOUT]: [Mixin] populateNoise intercepted chunk(-21,23)
[21:18:09] [Worker-Main-16/INFO] (Minecraft) [STDOUT]: [Mixin] populateNoise intercepted chunk(-21,22)
[21:18:09] [Worker-Main-14/INFO] (Minecraft) [STDOUT]: [Mixin] populateNoise intercepted chunk(-21,25)
[21:18:09] [Worker-Main-21/INFO] (Minecraft) [STDOUT]: [Mixin] populateNoise intercepted chunk(-21,26)
[21:18:09] [Worker-Main-8/INFO] (Minecraft) [STDOUT]: [Mixin] populateNoise intercepted chunk(-22,27)
[21:18:09] [Worker-Main-7/INFO] (Minecraft) [STDOUT]: [Mixin] populateNoise intercepted chunk(-21,27)
[21:18:09] [Worker-Main-3/INFO] (Minecraft) [STDOUT]: [Mixin] buildSurface skipped chunk(-23,20)
[21:18:09] [Worker-Main-3/INFO] (Minecraft) [STDOUT]: [Mixin] populateNoise intercepted chunk(-22,28)
[21:18:10] [Worker-Main-23/INFO] (Minecraft) [STDOUT]: [Mixin] buildSurface skipped chunk(-23,24)
[21:18:10] [Worker-Main-23/INFO] (Minecraft) [STDOUT]: [Mixin] buildSurface skipped chunk(-22,24)
[21:18:10] [Worker-Main-17/INFO] (Minecraft) [STDOUT]: [Mixin] buildSurface skipped chunk(-22,23)
[21:18:10] [Worker-Main-11/INFO] (Minecraft) [STDOUT]: [Mixin] buildSurface skipped chunk(-23,27)
[21:18:10] [Worker-Main-2/INFO] (Minecraft) [STDOUT]: [Mixin] buildSurface skipped chunk(-23,21)
[21:18:10] [Worker-Main-13/INFO] (Minecraft) [STDOUT]: [Mixin] buildSurface skipped chunk(-23,22)
[21:18:10] [Worker-Main-18/INFO] (Minecraft) [STDOUT]: [Mixin] buildSurface skipped chunk(-23,25)
[21:18:10] [Worker-Main-18/INFO] (Minecraft) [STDOUT]: [Mixin] buildSurface skipped chunk(-22,25)
[21:18:10] [Worker-Main-20/INFO] (Minecraft) [STDOUT]: [Mixin] buildSurface skipped chunk(-21,27)
[21:18:10] [Worker-Main-15/INFO] (Minecraft) [STDOUT]: [Mixin] buildSurface skipped chunk(-22,26)
[21:18:10] [Worker-Main-12/INFO] (Minecraft) [STDOUT]: [Mixin] buildSurface skipped chunk(-22,27)
[21:18:10] [Worker-Main-18/INFO] (Minecraft) [STDOUT]: [Mixin] buildSurface skipped chunk(-23,26)
[21:18:10] [Worker-Main-18/INFO] (Minecraft) [STDOUT]: [Mixin] buildSurface skipped chunk(-23,29)
[21:18:10] [Worker-Main-18/INFO] (Minecraft) [STDOUT]: [Mixin] buildSurface skipped chunk(-21,26)
[21:18:10] [Worker-Main-18/INFO] (Minecraft) [STDOUT]: [Mixin] buildSurface skipped chunk(-21,25)
[21:18:10] [Worker-Main-6/INFO] (Minecraft) [STDOUT]: [Mixin] buildSurface skipped chunk(-23,28)
[21:18:10] [Worker-Main-9/INFO] (Minecraft) [STDOUT]: [Mixin] buildSurface skipped chunk(-23,30)
[21:18:10] [Worker-Main-1/INFO] (Minecraft) [STDOUT]: [Mixin] buildSurface skipped chunk(-21,24)
[21:18:10] [Worker-Main-1/INFO] (Minecraft) [STDOUT]: [Mixin] buildSurface skipped chunk(-23,23)
[21:18:10] [Worker-Main-18/INFO] (Minecraft) [STDOUT]: [Mixin] buildSurface skipped chunk(-21,23)
[21:18:10] [Worker-Main-3/INFO] (Minecraft) [STDOUT]: [Mixin] buildSurface skipped chunk(-22,28)
[21:18:10] [Worker-Main-1/INFO] (Minecraft) [STDOUT]: [Mixin] buildSurface skipped chunk(-22,22)
[21:18:10] [Worker-Main-16/INFO] (Minecraft) [STDOUT]: [Mixin] buildSurface skipped chunk(-21,22)
[21:18:10] [Worker-Main-1/INFO] (Minecraft) [STDOUT]: [Mixin] populateNoise intercepted chunk(-22,29)
[21:18:10] [Worker-Main-19/INFO] (Minecraft) [STDOUT]: [Mixin] populateNoise intercepted chunk(-22,30)
[21:18:10] [Worker-Main-23/INFO] (Minecraft) [STDOUT]: [Mixin] populateNoise intercepted chunk(-21,28)
[21:18:10] [Worker-Main-2/INFO] (Minecraft) [STDOUT]: [Mixin] populateNoise intercepted chunk(-21,29)
[21:18:10] [Worker-Main-10/INFO] (Minecraft) [STDOUT]: [Mixin] populateNoise intercepted chunk(-20,28)
[21:18:10] [Worker-Main-20/INFO] (Minecraft) [STDOUT]: [Mixin] populateNoise intercepted chunk(-20,23)
[21:18:10] [Worker-Main-22/INFO] (Minecraft) [STDOUT]: [Mixin] populateNoise intercepted chunk(-20,24)
[21:18:10] [Worker-Main-22/INFO] (Minecraft) [STDOUT]: [Mixin] populateNoise intercepted chunk(-20,25)
[21:18:10] [Worker-Main-23/INFO] (Minecraft) [STDOUT]: [Mixin] populateNoise intercepted chunk(-20,26)
[21:18:10] [Worker-Main-13/INFO] (Minecraft) [STDOUT]: [Mixin] populateNoise intercepted chunk(-20,27)
[21:18:10] [Worker-Main-17/INFO] (Minecraft) [STDOUT]: [Mixin] populateNoise intercepted chunk(-20,22)
[21:18:10] [Worker-Main-16/INFO] (Minecraft) [STDOUT]: [Mixin] populateNoise intercepted chunk(-21,30)
[21:18:10] [Worker-Main-18/INFO] (Minecraft) [STDOUT]: [Mixin] populateNoise intercepted chunk(-20,29)
[21:18:10] [Worker-Main-4/INFO] (Minecraft) [STDOUT]: [Mixin] populateNoise intercepted chunk(-19,29)
[21:18:10] [Worker-Main-14/INFO] (Minecraft) [STDOUT]: [Mixin] populateNoise intercepted chunk(-19,28)
[21:18:10] [Worker-Main-7/INFO] (Minecraft) [STDOUT]: [Mixin] populateNoise intercepted chunk(-19,27)
[21:18:10] [Worker-Main-8/INFO] (Minecraft) [STDOUT]: [Mixin] populateNoise intercepted chunk(-19,26)
[21:18:10] [Worker-Main-21/INFO] (Minecraft) [STDOUT]: [Mixin] populateNoise intercepted chunk(-19,23)
[21:18:10] [Worker-Main-21/INFO] (Minecraft) [STDOUT]: [Mixin] populateNoise intercepted chunk(-19,24)
[21:18:10] [Worker-Main-2/INFO] (Minecraft) [STDOUT]: [Mixin] populateNoise intercepted chunk(-19,25)
[21:18:10] [Worker-Main-6/INFO] (Minecraft) [STDOUT]: [Mixin] populateNoise intercepted chunk(-19,22)
[21:18:10] [Worker-Main-5/INFO] (Minecraft) [STDOUT]: [Mixin] populateNoise intercepted chunk(-20,30)
[21:18:10] [Worker-Main-11/INFO] (Minecraft) [STDOUT]: [Mixin] populateNoise intercepted chunk(-19,30)
[21:18:10] [Worker-Main-9/INFO] (Minecraft) [STDOUT]: [Mixin] buildSurface skipped chunk(-21,28)
[21:18:10] [Worker-Main-9/INFO] (Minecraft) [STDOUT]: [Mixin] buildSurface skipped chunk(-22,30)
[21:18:10] [Worker-Main-9/INFO] (Minecraft) [STDOUT]: [Mixin] buildSurface skipped chunk(-21,29)
[21:18:10] [Worker-Main-1/INFO] (Minecraft) [STDOUT]: [Mixin] buildSurface skipped chunk(-22,29)
[21:18:10] [Worker-Main-13/INFO] (Minecraft) [STDOUT]: [Mixin] populateNoise intercepted chunk(-18,30)
[21:18:10] [Worker-Main-20/INFO] (Minecraft) [STDOUT]: [Mixin] buildSurface skipped chunk(-20,28)
[21:18:10] [Worker-Main-23/INFO] (Minecraft) [STDOUT]: [Mixin] buildSurface skipped chunk(-20,24)
[21:18:10] [Worker-Main-23/INFO] (Minecraft) [STDOUT]: [Mixin] buildSurface skipped chunk(-20,29)
[21:18:10] [Worker-Main-7/INFO] (Minecraft) [STDOUT]: [Mixin] buildSurface skipped chunk(-20,27)
[21:18:10] [Worker-Main-10/INFO] (Minecraft) [STDOUT]: [Mixin] buildSurface skipped chunk(-20,23)
[21:18:10] [Worker-Main-22/INFO] (Minecraft) [STDOUT]: [Mixin] buildSurface skipped chunk(-20,26)
[21:18:10] [Worker-Main-3/INFO] (Minecraft) [STDOUT]: [Mixin] buildSurface skipped chunk(-20,25)
[21:18:10] [Worker-Main-3/INFO] (Minecraft) [STDOUT]: [Mixin] buildSurface skipped chunk(-19,29)
[21:18:10] [Worker-Main-10/INFO] (Minecraft) [STDOUT]: [Mixin] buildSurface skipped chunk(-19,27)
[21:18:10] [Worker-Main-2/INFO] (Minecraft) [STDOUT]: [Mixin] buildSurface skipped chunk(-19,28)
[21:18:10] [Worker-Main-2/INFO] (Minecraft) [STDOUT]: [Mixin] populateNoise intercepted chunk(-18,29)
[21:18:10] [Worker-Main-16/INFO] (Minecraft) [STDOUT]: [Mixin] buildSurface skipped chunk(-21,30)
[21:18:10] [Worker-Main-23/INFO] (Minecraft) [STDOUT]: [Mixin] buildSurface skipped chunk(-19,30)
[21:18:10] [Worker-Main-6/INFO] (Minecraft) [STDOUT]: [Mixin] buildSurface skipped chunk(-20,30)
[21:18:10] [Worker-Main-7/INFO] (Minecraft) [STDOUT]: [Mixin] populateNoise intercepted chunk(-18,28)
[21:18:10] [Worker-Main-11/INFO] (Minecraft) [STDOUT]: [Mixin] populateNoise intercepted chunk(-18,27)
[21:18:10] [Worker-Main-5/INFO] (Minecraft) [STDOUT]: [Mixin] buildSurface skipped chunk(-19,26)
[21:18:10] [Worker-Main-3/INFO] (Minecraft) [STDOUT]: [Mixin] buildSurface skipped chunk(-19,25)
[21:18:10] [Worker-Main-10/INFO] (Minecraft) [STDOUT]: [Mixin] populateNoise intercepted chunk(-18,26)
[21:18:10] [Worker-Main-14/INFO] (Minecraft) [STDOUT]: [Mixin] buildSurface skipped chunk(-20,22)
[21:18:10] [Worker-Main-8/INFO] (Minecraft) [STDOUT]: [Mixin] buildSurface skipped chunk(-19,23)
[21:18:10] [Worker-Main-21/INFO] (Minecraft) [STDOUT]: [Mixin] buildSurface skipped chunk(-19,24)
[21:18:10] [Worker-Main-5/INFO] (Minecraft) [STDOUT]: [Mixin] buildSurface skipped chunk(-19,22)
[21:18:10] [Worker-Main-16/INFO] (Minecraft) [STDOUT]: [Mixin] buildSurface skipped chunk(-18,30)
[21:18:10] [Worker-Main-16/INFO] (Minecraft) [STDOUT]: [Mixin] populateNoise intercepted chunk(-18,25)
[21:18:10] [Worker-Main-17/INFO] (Minecraft) [STDOUT]: [Mixin] populateNoise intercepted chunk(-18,24)
[21:18:10] [Worker-Main-4/INFO] (Minecraft) [STDOUT]: [Mixin] populateNoise intercepted chunk(-18,23)
[21:18:10] [Worker-Main-6/INFO] (Minecraft) [STDOUT]: [Mixin] populateNoise intercepted chunk(-23,31)
[21:18:10] [Worker-Main-18/INFO] (Minecraft) [STDOUT]: [Mixin] populateNoise intercepted chunk(-22,31)
[21:18:10] [Worker-Main-5/INFO] (Minecraft) [STDOUT]: [Mixin] populateNoise intercepted chunk(-21,31)
[21:18:10] [Worker-Main-14/INFO] (Minecraft) [STDOUT]: [Mixin] populateNoise intercepted chunk(-20,31)
[21:18:10] [Worker-Main-12/INFO] (Minecraft) [STDOUT]: [Mixin] populateNoise intercepted chunk(-19,31)
[21:18:10] [Worker-Main-2/INFO] (Minecraft) [STDOUT]: [Mixin] buildSurface skipped chunk(-18,29)
[21:18:10] [Worker-Main-8/INFO] (Minecraft) [STDOUT]: [Mixin] populateNoise intercepted chunk(-18,31)
[21:18:10] [Worker-Main-21/INFO] (Minecraft) [STDOUT]: [Mixin] populateNoise intercepted chunk(-17,30)
[21:18:10] [Worker-Main-1/INFO] (Minecraft) [STDOUT]: [Mixin] populateNoise intercepted chunk(-17,31)
[21:18:10] [Worker-Main-15/INFO] (Minecraft) [STDOUT]: [Mixin] populateNoise intercepted chunk(-17,26)
[21:18:10] [Worker-Main-2/INFO] (Minecraft) [STDOUT]: [Mixin] populateNoise intercepted chunk(-17,27)
[21:18:10] [Worker-Main-22/INFO] (Minecraft) [STDOUT]: [Mixin] populateNoise intercepted chunk(-17,28)
[21:18:10] [Worker-Main-9/INFO] (Minecraft) [STDOUT]: [Mixin] populateNoise intercepted chunk(-17,29)
[21:18:10] [Worker-Main-3/INFO] (Minecraft) [STDOUT]: [Mixin] populateNoise intercepted chunk(-23,32)
[21:18:10] [Worker-Main-13/INFO] (Minecraft) [STDOUT]: [Mixin] populateNoise intercepted chunk(-18,22)
[21:18:10] [Worker-Main-19/INFO] (Minecraft) [STDOUT]: [Mixin] populateNoise intercepted chunk(-22,32)
[21:18:10] [Worker-Main-23/INFO] (Minecraft) [STDOUT]: [Mixin] populateNoise intercepted chunk(-21,32)
[21:18:10] [Worker-Main-20/INFO] (Minecraft) [STDOUT]: [Mixin] populateNoise intercepted chunk(-20,32)
[21:18:10] [Worker-Main-7/INFO] (Minecraft) [STDOUT]: [Mixin] buildSurface skipped chunk(-18,28)
[21:18:10] [Worker-Main-11/INFO] (Minecraft) [STDOUT]: [Mixin] buildSurface skipped chunk(-18,27)
[21:18:10] [Worker-Main-11/INFO] (Minecraft) [STDOUT]: [Mixin] populateNoise intercepted chunk(-19,32)
[21:18:10] [Worker-Main-7/INFO] (Minecraft) [STDOUT]: [Mixin] populateNoise intercepted chunk(-18,32)
[21:18:10] [Worker-Main-10/INFO] (Minecraft) [STDOUT]: [Mixin] buildSurface skipped chunk(-18,26)
[21:18:10] [Worker-Main-10/INFO] (Minecraft) [STDOUT]: [Mixin] populateNoise intercepted chunk(-17,32)
[21:18:10] [Worker-Main-14/INFO] (Minecraft) [STDOUT]: [Mixin] buildSurface skipped chunk(-20,31)
[21:18:10] [Worker-Main-14/INFO] (Minecraft) [STDOUT]: [Mixin] buildSurface skipped chunk(-21,31)
[21:18:10] [Worker-Main-17/INFO] (Minecraft) [STDOUT]: [Mixin] buildSurface skipped chunk(-23,31)
[21:18:10] [Worker-Main-17/INFO] (Minecraft) [STDOUT]: [Mixin] buildSurface skipped chunk(-22,31)
[21:18:10] [Worker-Main-4/INFO] (Minecraft) [STDOUT]: [Mixin] buildSurface skipped chunk(-17,28)
[21:18:10] [Worker-Main-4/INFO] (Minecraft) [STDOUT]: [Mixin] buildSurface skipped chunk(-17,31)
[21:18:10] [Worker-Main-21/INFO] (Minecraft) [STDOUT]: [Mixin] buildSurface skipped chunk(-17,27)
[21:18:10] [Worker-Main-4/INFO] (Minecraft) [STDOUT]: [Mixin] buildSurface skipped chunk(-19,31)
[21:18:10] [Worker-Main-8/INFO] (Minecraft) [STDOUT]: [Mixin] buildSurface skipped chunk(-17,30)
[21:18:10] [Worker-Main-15/INFO] (Minecraft) [STDOUT]: [Mixin] buildSurface skipped chunk(-18,31)
[21:18:10] [Worker-Main-19/INFO] (Minecraft) [STDOUT]: [Mixin] buildSurface skipped chunk(-17,29)
[21:18:10] [Worker-Main-19/INFO] (Minecraft) [STDOUT]: [Mixin] buildSurface skipped chunk(-17,26)
[21:18:10] [Worker-Main-22/INFO] (Minecraft) [STDOUT]: [Mixin] buildSurface skipped chunk(-18,24)
[21:18:10] [Worker-Main-13/INFO] (Minecraft) [STDOUT]: [Mixin] buildSurface skipped chunk(-18,25)
[21:18:10] [Worker-Main-7/INFO] (Minecraft) [STDOUT]: [Mixin] buildSurface skipped chunk(-23,32)
[21:18:10] [Worker-Main-21/INFO] (Minecraft) [STDOUT]: [Mixin] buildSurface skipped chunk(-18,23)
[21:18:10] [Worker-Main-11/INFO] (Minecraft) [STDOUT]: [Mixin] buildSurface skipped chunk(-21,32)
[21:18:10] [Worker-Main-5/INFO] (Minecraft) [STDOUT]: [Mixin] buildSurface skipped chunk(-22,32)
[21:18:10] [Worker-Main-11/INFO] (Minecraft) [STDOUT]: [Mixin] buildSurface skipped chunk(-20,32)
[21:18:10] [Worker-Main-11/INFO] (Minecraft) [STDOUT]: [Mixin] buildSurface skipped chunk(-18,32)
[21:18:10] [Worker-Main-21/INFO] (Minecraft) [STDOUT]: [Mixin] buildSurface skipped chunk(-19,32)
[21:18:10] [Worker-Main-2/INFO] (Minecraft) [STDOUT]: [Mixin] buildSurface skipped chunk(-18,22)
[21:18:10] [Worker-Main-3/INFO] (Minecraft) [STDOUT]: [Mixin] buildSurface skipped chunk(-17,32)
[21:18:10] [Worker-Main-7/INFO] (Minecraft) [STDOUT]: [Mixin] populateNoise intercepted chunk(-18,21)
[21:18:10] [Worker-Main-21/INFO] (Minecraft) [STDOUT]: [Mixin] populateNoise intercepted chunk(-19,21)
[21:18:10] [Worker-Main-16/INFO] (Minecraft) [STDOUT]: [Mixin] populateNoise intercepted chunk(-20,21)
[21:18:10] [Worker-Main-17/INFO] (Minecraft) [STDOUT]: [Mixin] populateNoise intercepted chunk(-21,21)
[21:18:10] [Worker-Main-18/INFO] (Minecraft) [STDOUT]: [Mixin] populateNoise intercepted chunk(-22,21)
[21:18:10] [Worker-Main-6/INFO] (Minecraft) [STDOUT]: [Mixin] populateNoise intercepted chunk(-17,25)
[21:18:10] [Worker-Main-11/INFO] (Minecraft) [STDOUT]: [Mixin] populateNoise intercepted chunk(-17,24)
[21:18:10] [Worker-Main-2/INFO] (Minecraft) [STDOUT]: [Mixin] populateNoise intercepted chunk(-17,23)
[21:18:10] [Worker-Main-18/INFO] (Minecraft) [STDOUT]: [Mixin] populateNoise intercepted chunk(-17,22)
[21:18:10] [Worker-Main-3/INFO] (Minecraft) [STDOUT]: [Mixin] populateNoise intercepted chunk(-17,21)
[21:18:10] [Worker-Main-10/INFO] (Minecraft) [STDOUT]: [Mixin] populateNoise intercepted chunk(-18,20)
[21:18:10] [Worker-Main-1/INFO] (Minecraft) [STDOUT]: [Mixin] populateNoise intercepted chunk(-17,20)
[21:18:10] [Worker-Main-9/INFO] (Minecraft) [STDOUT]: [Mixin] populateNoise intercepted chunk(-19,20)
[21:18:10] [Worker-Main-15/INFO] (Minecraft) [STDOUT]: [Mixin] populateNoise intercepted chunk(-20,20)
[21:18:10] [Worker-Main-5/INFO] (Minecraft) [STDOUT]: [Mixin] populateNoise intercepted chunk(-18,19)
[21:18:10] [Worker-Main-23/INFO] (Minecraft) [STDOUT]: [Mixin] populateNoise intercepted chunk(-17,19)
[21:18:10] [Worker-Main-4/INFO] (Minecraft) [STDOUT]: [Mixin] populateNoise intercepted chunk(-19,19)
[21:18:10] [Worker-Main-14/INFO] (Minecraft) [STDOUT]: [Mixin] populateNoise intercepted chunk(-20,19)
[21:18:10] [Worker-Main-20/INFO] (Minecraft) [STDOUT]: [Mixin] populateNoise intercepted chunk(-21,20)
[21:18:10] [Worker-Main-8/INFO] (Minecraft) [STDOUT]: [Mixin] populateNoise intercepted chunk(-21,19)
[21:18:10] [Worker-Main-19/INFO] (Minecraft) [STDOUT]: [Mixin] populateNoise intercepted chunk(-16,28)
[21:18:10] [Worker-Main-22/INFO] (Minecraft) [STDOUT]: [Mixin] populateNoise intercepted chunk(-16,29)
[21:18:10] [Worker-Main-13/INFO] (Minecraft) [STDOUT]: [Mixin] populateNoise intercepted chunk(-16,30)
[21:18:10] [Worker-Main-21/INFO] (Minecraft) [STDOUT]: [Mixin] buildSurface skipped chunk(-19,21)
[21:18:10] [Worker-Main-21/INFO] (Minecraft) [STDOUT]: [Mixin] buildSurface skipped chunk(-17,24)
[21:18:10] [Worker-Main-21/INFO] (Minecraft) [STDOUT]: [Mixin] buildSurface skipped chunk(-20,21)
[21:18:10] [Worker-Main-16/INFO] (Minecraft) [STDOUT]: [Mixin] buildSurface skipped chunk(-18,21)
[21:18:10] [Worker-Main-7/INFO] (Minecraft) [STDOUT]: [Mixin] buildSurface skipped chunk(-17,23)
[21:18:10] [Worker-Main-7/INFO] (Minecraft) [STDOUT]: [Mixin] buildSurface skipped chunk(-17,20)
[21:18:10] [Worker-Main-20/INFO] (Minecraft) [STDOUT]: [Mixin] buildSurface skipped chunk(-18,20)
[21:18:10] [Worker-Main-7/INFO] (Minecraft) [STDOUT]: [Mixin] buildSurface skipped chunk(-20,20)
[21:18:10] [Worker-Main-7/INFO] (Minecraft) [STDOUT]: [Mixin] buildSurface skipped chunk(-17,25)
[21:18:10] [Worker-Main-9/INFO] (Minecraft) [STDOUT]: [Mixin] buildSurface skipped chunk(-19,20)
[21:18:10] [Worker-Main-9/INFO] (Minecraft) [STDOUT]: [Mixin] buildSurface skipped chunk(-17,21)
[21:18:10] [Worker-Main-9/INFO] (Minecraft) [STDOUT]: [Mixin] buildSurface skipped chunk(-17,22)
[21:18:10] [Worker-Main-13/INFO] (Minecraft) [STDOUT]: [Mixin] populateNoise intercepted chunk(-16,31)
[21:18:10] [Worker-Main-7/INFO] (Minecraft) [STDOUT]: [Mixin] populateNoise intercepted chunk(-16,32)
[21:18:10] [Worker-Main-5/INFO] (Minecraft) [STDOUT]: [Mixin] populateNoise intercepted chunk(-16,27)
[21:18:10] [Worker-Main-20/INFO] (Minecraft) [STDOUT]: [Mixin] populateNoise intercepted chunk(-16,26)
[21:18:10] [Worker-Main-4/INFO] (Minecraft) [STDOUT]: [Mixin] buildSurface skipped chunk(-21,21)
[21:18:10] [Worker-Main-4/INFO] (Minecraft) [STDOUT]: [Mixin] buildSurface skipped chunk(-16,29)
[21:18:10] [Worker-Main-12/INFO] (Minecraft) [STDOUT]: [Mixin] buildSurface skipped chunk(-16,28)
[21:18:10] [Worker-Main-12/INFO] (Minecraft) [STDOUT]: [Mixin] buildSurface skipped chunk(-21,20)
[21:18:10] [Worker-Main-23/INFO] (Minecraft) [STDOUT]: [Mixin] buildSurface skipped chunk(-21,19)
[21:18:10] [Worker-Main-12/INFO] (Minecraft) [STDOUT]: [Mixin] buildSurface skipped chunk(-18,19)
[21:18:10] [Worker-Main-4/INFO] (Minecraft) [STDOUT]: [Mixin] buildSurface skipped chunk(-20,19)
[21:18:10] [Worker-Main-12/INFO] (Minecraft) [STDOUT]: [Mixin] buildSurface skipped chunk(-19,19)
[21:18:10] [Worker-Main-4/INFO] (Minecraft) [STDOUT]: [Mixin] buildSurface skipped chunk(-17,19)
[21:18:10] [Worker-Main-8/INFO] (Minecraft) [STDOUT]: [Mixin] buildSurface skipped chunk(-16,30)
[21:18:10] [Worker-Main-14/INFO] (Minecraft) [STDOUT]: [Mixin] buildSurface skipped chunk(-22,21)
[21:18:10] [Worker-Main-19/INFO] (Minecraft) [STDOUT]: [Mixin] populateNoise intercepted chunk(-22,20)
[21:18:10] [Worker-Main-17/INFO] (Minecraft) [STDOUT]: [Mixin] populateNoise intercepted chunk(-19,18)
[21:18:10] [Worker-Main-2/INFO] (Minecraft) [STDOUT]: [Mixin] populateNoise intercepted chunk(-18,18)
[21:18:10] [Worker-Main-11/INFO] (Minecraft) [STDOUT]: [Mixin] populateNoise intercepted chunk(-17,18)
[21:18:10] [Worker-Main-23/INFO] (Minecraft) [STDOUT]: [Mixin] populateNoise intercepted chunk(-20,18)
[21:18:10] [Worker-Main-16/INFO] (Minecraft) [STDOUT]: [Mixin] populateNoise intercepted chunk(-21,18)
[21:18:10] [Worker-Main-8/INFO] (Minecraft) [STDOUT]: [Mixin] populateNoise intercepted chunk(-22,19)
[21:18:10] [Worker-Main-1/INFO] (Minecraft) [STDOUT]: [Mixin] populateNoise intercepted chunk(-22,18)
[21:18:10] [Worker-Main-14/INFO] (Minecraft) [STDOUT]: [Mixin] populateNoise intercepted chunk(-16,25)
[21:18:10] [Worker-Main-22/INFO] (Minecraft) [STDOUT]: [Mixin] populateNoise intercepted chunk(-16,24)
[21:18:10] [Worker-Main-20/INFO] (Minecraft) [STDOUT]: [Mixin] populateNoise intercepted chunk(-16,23)
[21:18:10] [Worker-Main-15/INFO] (Minecraft) [STDOUT]: [Mixin] populateNoise intercepted chunk(-16,22)
[21:18:10] [Worker-Main-5/INFO] (Minecraft) [STDOUT]: [Mixin] populateNoise intercepted chunk(-16,21)
[21:18:10] [Worker-Main-3/INFO] (Minecraft) [STDOUT]: [Mixin] populateNoise intercepted chunk(-16,20)
[21:18:10] [Worker-Main-7/INFO] (Minecraft) [STDOUT]: [Mixin] populateNoise intercepted chunk(-16,19)
[21:18:10] [Worker-Main-13/INFO] (Minecraft) [STDOUT]: [Mixin] buildSurface skipped chunk(-16,31)
[21:18:10] [Worker-Main-12/INFO] (Minecraft) [STDOUT]: [Mixin] buildSurface skipped chunk(-16,26)
[21:18:10] [Worker-Main-6/INFO] (Minecraft) [STDOUT]: [Mixin] buildSurface skipped chunk(-16,27)
[21:18:10] [Worker-Main-4/INFO] (Minecraft) [STDOUT]: [Mixin] buildSurface skipped chunk(-16,32)
[21:18:10] [Worker-Main-4/INFO] (Minecraft) [STDOUT]: [Mixin] buildSurface skipped chunk(-22,20)
[21:18:10] [Worker-Main-10/INFO] (Minecraft) [STDOUT]: [Mixin] buildSurface skipped chunk(-22,19)
[21:18:10] [Worker-Main-8/INFO] (Minecraft) [STDOUT]: [Mixin] buildSurface skipped chunk(-16,24)
[21:18:10] [Worker-Main-2/INFO] (Minecraft) [STDOUT]: [Mixin] populateNoise intercepted chunk(-16,18)
[21:18:10] [Worker-Main-11/INFO] (Minecraft) [STDOUT]: [Mixin] buildSurface skipped chunk(-18,18)
[21:18:10] [Worker-Main-11/INFO] (Minecraft) [STDOUT]: [Mixin] buildSurface skipped chunk(-17,18)
[21:18:10] [Worker-Main-4/INFO] (Minecraft) [STDOUT]: [Mixin] buildSurface skipped chunk(-20,18)
[21:18:10] [Worker-Main-4/INFO] (Minecraft) [STDOUT]: [Mixin] buildSurface skipped chunk(-21,18)
[21:18:10] [Worker-Main-17/INFO] (Minecraft) [STDOUT]: [Mixin] buildSurface skipped chunk(-19,18)
[21:18:10] [Worker-Main-8/INFO] (Minecraft) [STDOUT]: [Mixin] buildSurface skipped chunk(-22,18)
[21:18:10] [Worker-Main-14/INFO] (Minecraft) [STDOUT]: [CHUNKTIME] n=3072 perChunk(ms): mixin=93.51 gap=102.07 | sumMixin=287.3s sumGap=313.6s | inflight max=23 now=3
[21:18:10] [Worker-Main-11/INFO] (Minecraft) [STDOUT]: [Mixin] buildSurface skipped chunk(-16,22)
[21:18:10] [Worker-Main-8/INFO] (Minecraft) [STDOUT]: [Mixin] buildSurface skipped chunk(-16,19)
[21:18:10] [Worker-Main-6/INFO] (Minecraft) [STDOUT]: [Mixin] buildSurface skipped chunk(-16,20)
[21:18:10] [Worker-Main-19/INFO] (Minecraft) [STDOUT]: [Mixin] buildSurface skipped chunk(-16,23)
[21:18:10] [Worker-Main-6/INFO] (Minecraft) [STDOUT]: [Mixin] buildSurface skipped chunk(-16,25)
[21:18:10] [Worker-Main-19/INFO] (Minecraft) [STDOUT]: [Mixin] buildSurface skipped chunk(-16,21)
[21:18:10] [Worker-Main-7/INFO] (Minecraft) [STDOUT]: [Mixin] populateNoise intercepted chunk(-30,33)
[21:18:10] [Worker-Main-1/INFO] (Minecraft) [STDOUT]: [Mixin] buildSurface skipped chunk(-16,18)
[21:18:10] [Worker-Main-2/INFO] (Minecraft) [STDOUT]: [Mixin] populateNoise intercepted chunk(-15,18)
[21:18:10] [Worker-Main-7/INFO] (Minecraft) [STDOUT]: [Mixin] populateNoise intercepted chunk(-29,33)
[21:18:10] [Worker-Main-7/INFO] (Minecraft) [STDOUT]: [Mixin] populateNoise intercepted chunk(-28,33)
[21:18:10] [Worker-Main-22/INFO] (Minecraft) [STDOUT]: [Mixin] populateNoise intercepted chunk(-27,33)
[21:18:10] [Worker-Main-22/INFO] (Minecraft) [STDOUT]: [Mixin] populateNoise intercepted chunk(-26,33)
[21:18:10] [Worker-Main-14/INFO] (Minecraft) [STDOUT]: [Mixin] populateNoise intercepted chunk(-25,33)
[21:18:10] [Worker-Main-14/INFO] (Minecraft) [STDOUT]: [Mixin] populateNoise intercepted chunk(-24,33)
[21:18:10] [Worker-Main-17/INFO] (Minecraft) [STDOUT]: [Mixin] populateNoise intercepted chunk(-23,33)
[21:18:10] [Worker-Main-8/INFO] (Minecraft) [STDOUT]: [Mixin] populateNoise intercepted chunk(-22,33)
[21:18:10] [Worker-Main-12/INFO] (Minecraft) [STDOUT]: [Mixin] populateNoise intercepted chunk(-21,33)
[21:18:10] [Worker-Main-23/INFO] (Minecraft) [STDOUT]: [Mixin] populateNoise intercepted chunk(-20,33)
[21:18:10] [Worker-Main-15/INFO] (Minecraft) [STDOUT]: [Mixin] populateNoise intercepted chunk(-19,33)
[21:18:10] [Worker-Main-19/INFO] (Minecraft) [STDOUT]: [Mixin] populateNoise intercepted chunk(-18,33)
[21:18:10] [Worker-Main-18/INFO] (Minecraft) [STDOUT]: [Mixin] populateNoise intercepted chunk(-17,33)
[21:18:10] [Worker-Main-6/INFO] (Minecraft) [STDOUT]: [Mixin] populateNoise intercepted chunk(-15,20)
[21:18:10] [Worker-Main-20/INFO] (Minecraft) [STDOUT]: [Mixin] populateNoise intercepted chunk(-15,19)
[21:18:10] [Worker-Main-4/INFO] (Minecraft) [STDOUT]: [Mixin] populateNoise intercepted chunk(-16,33)
[21:18:10] [Worker-Main-14/INFO] (Minecraft) [STDOUT]: [Mixin] populateNoise intercepted chunk(-15,21)
[21:18:10] [Worker-Main-7/INFO] (Minecraft) [STDOUT]: [Mixin] populateNoise intercepted chunk(-15,23)
[21:18:10] [Worker-Main-5/INFO] (Minecraft) [STDOUT]: [Mixin] populateNoise intercepted chunk(-15,22)
[21:18:10] [Worker-Main-21/INFO] (Minecraft) [STDOUT]: [Mixin] populateNoise intercepted chunk(-15,24)
[21:18:10] [Worker-Main-16/INFO] (Minecraft) [STDOUT]: [Mixin] populateNoise intercepted chunk(-15,25)
[21:18:10] [Worker-Main-11/INFO] (Minecraft) [STDOUT]: [Mixin] buildSurface skipped chunk(-30,33)
[21:18:10] [Worker-Main-11/INFO] (Minecraft) [STDOUT]: [Mixin] populateNoise intercepted chunk(-14,15)
[21:18:11] [Worker-Main-2/INFO] (Minecraft) [STDOUT]: [Mixin] buildSurface skipped chunk(-15,18)
[21:18:11] [Worker-Main-2/INFO] (Minecraft) [STDOUT]: [Mixin] buildSurface skipped chunk(-23,33)
[21:18:11] [Worker-Main-23/INFO] (Minecraft) [STDOUT]: [Mixin] buildSurface skipped chunk(-15,23)
[21:18:11] [Worker-Main-7/INFO] (Minecraft) [STDOUT]: [Mixin] buildSurface skipped chunk(-20,33)
[21:18:11] [Worker-Main-7/INFO] (Minecraft) [STDOUT]: [Mixin] buildSurface skipped chunk(-27,33)
[21:18:11] [Worker-Main-3/INFO] (Minecraft) [STDOUT]: [Mixin] buildSurface skipped chunk(-22,33)
[21:18:11] [Worker-Main-23/INFO] (Minecraft) [STDOUT]: [Mixin] buildSurface skipped chunk(-26,33)
[21:18:11] [Worker-Main-9/INFO] (Minecraft) [STDOUT]: [Mixin] buildSurface skipped chunk(-29,33)
[21:18:11] [Worker-Main-7/INFO] (Minecraft) [STDOUT]: [Mixin] buildSurface skipped chunk(-24,33)
[21:18:11] [Worker-Main-9/INFO] (Minecraft) [STDOUT]: [Mixin] buildSurface skipped chunk(-15,19)
[21:18:11] [Worker-Main-2/INFO] (Minecraft) [STDOUT]: [Mixin] buildSurface skipped chunk(-15,20)
[21:18:11] [Worker-Main-22/INFO] (Minecraft) [STDOUT]: [Mixin] buildSurface skipped chunk(-19,33)
[21:18:11] [Worker-Main-1/INFO] (Minecraft) [STDOUT]: [Mixin] buildSurface skipped chunk(-25,33)
[21:18:11] [Worker-Main-1/INFO] (Minecraft) [STDOUT]: [Mixin] buildSurface skipped chunk(-17,33)
[21:18:11] [Worker-Main-14/INFO] (Minecraft) [STDOUT]: [Mixin] buildSurface skipped chunk(-18,33)
[21:18:11] [Worker-Main-14/INFO] (Minecraft) [STDOUT]: [Mixin] buildSurface skipped chunk(-21,33)
[21:18:11] [Worker-Main-22/INFO] (Minecraft) [STDOUT]: [Mixin] buildSurface skipped chunk(-28,33)
[21:18:11] [Worker-Main-17/INFO] (Minecraft) [STDOUT]: [Mixin] buildSurface skipped chunk(-15,21)
[21:18:11] [Worker-Main-6/INFO] (Minecraft) [STDOUT]: [Mixin] buildSurface skipped chunk(-14,15)
[21:18:11] [Worker-Main-6/INFO] (Minecraft) [STDOUT]: [Mixin] buildSurface skipped chunk(-16,33)
[21:18:11] [Worker-Main-2/INFO] (Minecraft) [STDOUT]: [Mixin] buildSurface skipped chunk(-15,24)
[21:18:11] [Worker-Main-2/INFO] (Minecraft) [STDOUT]: [Mixin] buildSurface skipped chunk(-15,25)
[21:18:11] [Worker-Main-12/INFO] (Minecraft) [STDOUT]: [Mixin] buildSurface skipped chunk(-15,22)
[21:18:11] [Worker-Main-22/INFO] (Minecraft) [STDOUT]: [Mixin] populateNoise intercepted chunk(-14,16)
[21:18:11] [Worker-Main-2/INFO] (Minecraft) [STDOUT]: [Mixin] populateNoise intercepted chunk(-14,17)
[21:18:11] [Worker-Main-16/INFO] (Minecraft) [STDOUT]: [Mixin] populateNoise intercepted chunk(-14,18)
[21:18:11] [Worker-Main-10/INFO] (Minecraft) [STDOUT]: [Mixin] populateNoise intercepted chunk(-14,19)
[21:18:11] [Worker-Main-18/INFO] (Minecraft) [STDOUT]: [Mixin] populateNoise intercepted chunk(-13,18)
[21:18:11] [Worker-Main-6/INFO] (Minecraft) [STDOUT]: [Mixin] populateNoise intercepted chunk(-13,19)
[21:18:11] [Worker-Main-4/INFO] (Minecraft) [STDOUT]: [Mixin] populateNoise intercepted chunk(-12,18)
[21:18:11] [Worker-Main-1/INFO] (Minecraft) [STDOUT]: [Mixin] populateNoise intercepted chunk(-11,18)
[21:18:11] [Worker-Main-11/INFO] (Minecraft) [STDOUT]: [Mixin] populateNoise intercepted chunk(-13,17)
[21:18:11] [Worker-Main-21/INFO] (Minecraft) [STDOUT]: [Mixin] populateNoise intercepted chunk(-12,17)
[21:18:11] [Worker-Main-15/INFO] (Minecraft) [STDOUT]: [Mixin] populateNoise intercepted chunk(-11,17)
[21:18:11] [Worker-Main-3/INFO] (Minecraft) [STDOUT]: [Mixin] populateNoise intercepted chunk(-10,17)
[21:18:11] [Worker-Main-5/INFO] (Minecraft) [STDOUT]: [Mixin] populateNoise intercepted chunk(-9,17)
[21:18:11] [Worker-Main-12/INFO] (Minecraft) [STDOUT]: [Mixin] populateNoise intercepted chunk(-8,17)
[21:18:11] [Worker-Main-23/INFO] (Minecraft) [STDOUT]: [Mixin] populateNoise intercepted chunk(-7,17)
[21:18:11] [Worker-Main-17/INFO] (Minecraft) [STDOUT]: [Mixin] populateNoise intercepted chunk(-10,18)
[21:18:11] [Worker-Main-19/INFO] (Minecraft) [STDOUT]: [Mixin] populateNoise intercepted chunk(-9,18)
[21:18:11] [Worker-Main-14/INFO] (Minecraft) [STDOUT]: [Mixin] populateNoise intercepted chunk(-8,18)
[21:18:11] [Worker-Main-20/INFO] (Minecraft) [STDOUT]: [Mixin] populateNoise intercepted chunk(-12,19)
[21:18:11] [Worker-Main-9/INFO] (Minecraft) [STDOUT]: [Mixin] populateNoise intercepted chunk(-14,20)
[21:18:11] [Worker-Main-8/INFO] (Minecraft) [STDOUT]: [Mixin] populateNoise intercepted chunk(-13,20)
[21:18:11] [Worker-Main-7/INFO] (Minecraft) [STDOUT]: [Mixin] populateNoise intercepted chunk(-12,20)
[21:18:11] [Worker-Main-13/INFO] (Minecraft) [STDOUT]: [Mixin] populateNoise intercepted chunk(-11,19)
[21:18:11] [Worker-Main-22/INFO] (Minecraft) [STDOUT]: [Mixin] buildSurface skipped chunk(-14,16)
[21:18:11] [Worker-Main-22/INFO] (Minecraft) [STDOUT]: [Mixin] populateNoise intercepted chunk(-7,18)
[21:18:11] [Worker-Main-10/INFO] (Minecraft) [STDOUT]: [Mixin] buildSurface skipped chunk(-14,19)
[21:18:11] [Worker-Main-10/INFO] (Minecraft) [STDOUT]: [Mixin] buildSurface skipped chunk(-14,17)
[21:18:11] [Worker-Main-10/INFO] (Minecraft) [STDOUT]: [Mixin] buildSurface skipped chunk(-14,18)
[21:18:11] [Worker-Main-1/INFO] (Minecraft) [STDOUT]: [Mixin] buildSurface skipped chunk(-11,18)
[21:18:11] [Worker-Main-18/INFO] (Minecraft) [STDOUT]: [Mixin] buildSurface skipped chunk(-9,18)
[21:18:11] [Worker-Main-1/INFO] (Minecraft) [STDOUT]: [Mixin] buildSurface skipped chunk(-10,18)
[21:18:11] [Worker-Main-18/INFO] (Minecraft) [STDOUT]: [Mixin] buildSurface skipped chunk(-13,17)
[21:18:11] [Worker-Main-18/INFO] (Minecraft) [STDOUT]: [Mixin] buildSurface skipped chunk(-13,19)
[21:18:11] [Worker-Main-18/INFO] (Minecraft) [STDOUT]: [Mixin] buildSurface skipped chunk(-12,18)
[21:18:11] [Worker-Main-11/INFO] (Minecraft) [STDOUT]: [Mixin] buildSurface skipped chunk(-13,18)
[21:18:11] [Worker-Main-7/INFO] (Minecraft) [STDOUT]: [Mixin] buildSurface skipped chunk(-12,19)
[21:18:11] [Worker-Main-21/INFO] (Minecraft) [STDOUT]: [Mixin] buildSurface skipped chunk(-12,17)
[21:18:11] [Worker-Main-7/INFO] (Minecraft) [STDOUT]: [Mixin] buildSurface skipped chunk(-10,17)
[21:18:11] [Worker-Main-8/INFO] (Minecraft) [STDOUT]: [Mixin] buildSurface skipped chunk(-12,20)
[21:18:11] [Worker-Main-8/INFO] (Minecraft) [STDOUT]: [Mixin] buildSurface skipped chunk(-9,17)
[21:18:11] [Worker-Main-7/INFO] (Minecraft) [STDOUT]: [Mixin] buildSurface skipped chunk(-11,17)
[21:18:11] [Worker-Main-7/INFO] (Minecraft) [STDOUT]: [Mixin] buildSurface skipped chunk(-14,20)
[21:18:11] [Worker-Main-5/INFO] (Minecraft) [STDOUT]: [Mixin] buildSurface skipped chunk(-8,18)
[21:18:11] [Worker-Main-3/INFO] (Minecraft) [STDOUT]: [Mixin] buildSurface skipped chunk(-13,20)
[21:18:11] [Worker-Main-21/INFO] (Minecraft) [STDOUT]: [Mixin] buildSurface skipped chunk(-8,17)
[21:18:11] [Worker-Main-11/INFO] (Minecraft) [STDOUT]: [Mixin] buildSurface skipped chunk(-7,17)
[21:18:11] [Worker-Main-15/INFO] (Minecraft) [STDOUT]: [Mixin] populateNoise intercepted chunk(-11,20)
[21:18:11] [Worker-Main-14/INFO] (Minecraft) [STDOUT]: [Mixin] populateNoise intercepted chunk(-14,21)
[21:18:11] [Worker-Main-17/INFO] (Minecraft) [STDOUT]: [Mixin] populateNoise intercepted chunk(-13,21)
[21:18:11] [Worker-Main-12/INFO] (Minecraft) [STDOUT]: [Mixin] populateNoise intercepted chunk(-12,21)
[21:18:11] [Worker-Main-11/INFO] (Minecraft) [STDOUT]: [Mixin] populateNoise intercepted chunk(-11,21)
[21:18:11] [Worker-Main-19/INFO] (Minecraft) [STDOUT]: [Mixin] populateNoise intercepted chunk(-10,19)
[21:18:11] [Worker-Main-5/INFO] (Minecraft) [STDOUT]: [Mixin] populateNoise intercepted chunk(-9,19)
[21:18:11] [Worker-Main-18/INFO] (Minecraft) [STDOUT]: [Mixin] populateNoise intercepted chunk(-8,19)
[21:18:11] [Worker-Main-21/INFO] (Minecraft) [STDOUT]: [Mixin] populateNoise intercepted chunk(-7,19)
[21:18:11] [Worker-Main-3/INFO] (Minecraft) [STDOUT]: [Mixin] populateNoise intercepted chunk(-10,20)
[21:18:11] [Worker-Main-1/INFO] (Minecraft) [STDOUT]: [Mixin] populateNoise intercepted chunk(-9,20)
[21:18:11] [Worker-Main-9/INFO] (Minecraft) [STDOUT]: [Mixin] populateNoise intercepted chunk(-10,21)
[21:18:11] [Worker-Main-9/INFO] (Minecraft) [STDOUT]: [Mixin] populateNoise intercepted chunk(-8,20)
[21:18:11] [Worker-Main-16/INFO] (Minecraft) [STDOUT]: [Mixin] populateNoise intercepted chunk(-10,22)
[21:18:11] [Worker-Main-6/INFO] (Minecraft) [STDOUT]: [Mixin] populateNoise intercepted chunk(-11,22)
[21:18:11] [Worker-Main-23/INFO] (Minecraft) [STDOUT]: [Mixin] populateNoise intercepted chunk(-13,16)
[21:18:11] [Worker-Main-2/INFO] (Minecraft) [STDOUT]: [Mixin] populateNoise intercepted chunk(-13,22)
[21:18:11] [Worker-Main-8/INFO] (Minecraft) [STDOUT]: [Mixin] populateNoise intercepted chunk(-12,16)
[21:18:11] [Worker-Main-7/INFO] (Minecraft) [STDOUT]: [Mixin] populateNoise intercepted chunk(-12,22)
[21:18:11] [Worker-Main-20/INFO] (Minecraft) [STDOUT]: [Mixin] populateNoise intercepted chunk(-7,20)
[21:18:11] [Worker-Main-4/INFO] (Minecraft) [STDOUT]: [Mixin] populateNoise intercepted chunk(-11,16)
[21:18:11] [Worker-Main-13/INFO] (Minecraft) [STDOUT]: [Mixin] populateNoise intercepted chunk(-10,16)
[21:18:11] [Worker-Main-22/INFO] (Minecraft) [STDOUT]: [Mixin] populateNoise intercepted chunk(-9,16)
[21:18:11] [Worker-Main-21/INFO] (Minecraft) [STDOUT]: [Mixin] buildSurface skipped chunk(-11,19)
[21:18:11] [Worker-Main-6/INFO] (Minecraft) [STDOUT]: [Mixin] buildSurface skipped chunk(-11,21)
[21:18:11] [Worker-Main-14/INFO] (Minecraft) [STDOUT]: [Mixin] buildSurface skipped chunk(-10,20)
[21:18:11] [Worker-Main-15/INFO] (Minecraft) [STDOUT]: [Mixin] buildSurface skipped chunk(-9,20)
[21:18:11] [Worker-Main-14/INFO] (Minecraft) [STDOUT]: [Mixin] buildSurface skipped chunk(-10,19)
[21:18:11] [Worker-Main-17/INFO] (Minecraft) [STDOUT]: [Mixin] buildSurface skipped chunk(-11,20)
[21:18:11] [Worker-Main-2/INFO] (Minecraft) [STDOUT]: [Mixin] buildSurface skipped chunk(-10,21)
[21:18:11] [Worker-Main-16/INFO] (Minecraft) [STDOUT]: [Mixin] buildSurface skipped chunk(-13,16)
[21:18:11] [Worker-Main-9/INFO] (Minecraft) [STDOUT]: [Mixin] buildSurface skipped chunk(-9,19)
[21:18:11] [Worker-Main-16/INFO] (Minecraft) [STDOUT]: [Mixin] buildSurface skipped chunk(-12,21)
[21:18:11] [Worker-Main-9/INFO] (Minecraft) [STDOUT]: [Mixin] buildSurface skipped chunk(-10,22)
[21:18:11] [Worker-Main-20/INFO] (Minecraft) [STDOUT]: [Mixin] buildSurface skipped chunk(-12,16)
[21:18:11] [Worker-Main-2/INFO] (Minecraft) [STDOUT]: [Mixin] buildSurface skipped chunk(-10,16)
[21:18:11] [Worker-Main-7/INFO] (Minecraft) [STDOUT]: [Mixin] buildSurface skipped chunk(-11,16)
[21:18:11] [Worker-Main-22/INFO] (Minecraft) [STDOUT]: [Mixin] buildSurface skipped chunk(-9,16)
[21:18:11] [Worker-Main-22/INFO] (Minecraft) [STDOUT]: [Mixin] buildSurface skipped chunk(-13,21)
[21:18:11] [Worker-Main-9/INFO] (Minecraft) [STDOUT]: [Mixin] buildSurface skipped chunk(-11,22)
[21:18:11] [Worker-Main-20/INFO] (Minecraft) [STDOUT]: [Mixin] buildSurface skipped chunk(-8,19)
[21:18:11] [Worker-Main-20/INFO] (Minecraft) [STDOUT]: [Mixin] buildSurface skipped chunk(-8,20)
[21:18:11] [Worker-Main-20/INFO] (Minecraft) [STDOUT]: [Mixin] buildSurface skipped chunk(-13,22)
[21:18:11] [Worker-Main-20/INFO] (Minecraft) [STDOUT]: [Mixin] buildSurface skipped chunk(-12,22)
[21:18:11] [Worker-Main-22/INFO] (Minecraft) [STDOUT]: [Mixin] populateNoise intercepted chunk(-14,22)
[21:18:11] [Worker-Main-2/INFO] (Minecraft) [STDOUT]: [Mixin] buildSurface skipped chunk(-7,18)
[21:18:11] [Worker-Main-2/INFO] (Minecraft) [STDOUT]: [Mixin] buildSurface skipped chunk(-7,19)
[21:18:11] [Worker-Main-2/INFO] (Minecraft) [STDOUT]: [Mixin] buildSurface skipped chunk(-14,21)
[21:18:11] [Worker-Main-9/INFO] (Minecraft) [STDOUT]: [Mixin] buildSurface skipped chunk(-7,20)
[21:18:11] [Worker-Main-2/INFO] (Minecraft) [STDOUT]: [Mixin] populateNoise intercepted chunk(-8,16)
[21:18:11] [Worker-Main-7/INFO] (Minecraft) [STDOUT]: [Mixin] populateNoise intercepted chunk(-9,21)
[21:18:11] [Worker-Main-17/INFO] (Minecraft) [STDOUT]: [Mixin] populateNoise intercepted chunk(-9,22)
[21:18:11] [Worker-Main-5/INFO] (Minecraft) [STDOUT]: [Mixin] populateNoise intercepted chunk(-13,23)
[21:18:11] [Worker-Main-23/INFO] (Minecraft) [STDOUT]: [Mixin] populateNoise intercepted chunk(-12,23)
[21:18:11] [Worker-Main-12/INFO] (Minecraft) [STDOUT]: [Mixin] populateNoise intercepted chunk(-11,23)
[21:18:11] [Worker-Main-8/INFO] (Minecraft) [STDOUT]: [Mixin] populateNoise intercepted chunk(-10,23)
[21:18:11] [Worker-Main-10/INFO] (Minecraft) [STDOUT]: [Mixin] populateNoise intercepted chunk(-9,23)
[21:18:11] [Worker-Main-14/INFO] (Minecraft) [STDOUT]: [Mixin] populateNoise intercepted chunk(-14,23)
[21:18:11] [Worker-Main-15/INFO] (Minecraft) [STDOUT]: [Mixin] populateNoise intercepted chunk(-13,15)
[21:18:11] [Worker-Main-13/INFO] (Minecraft) [STDOUT]: [Mixin] populateNoise intercepted chunk(-12,15)
[21:18:11] [Worker-Main-19/INFO] (Minecraft) [STDOUT]: [Mixin] populateNoise intercepted chunk(-7,16)
[21:18:11] [Worker-Main-21/INFO] (Minecraft) [STDOUT]: [Mixin] populateNoise intercepted chunk(-11,15)
[21:18:11] [Worker-Main-6/INFO] (Minecraft) [STDOUT]: [Mixin] populateNoise intercepted chunk(-8,21)
[21:18:11] [Worker-Main-1/INFO] (Minecraft) [STDOUT]: [Mixin] populateNoise intercepted chunk(-10,15)
[21:18:11] [Worker-Main-20/INFO] (Minecraft) [STDOUT]: [Mixin] populateNoise intercepted chunk(-9,15)
[21:18:11] [Worker-Main-16/INFO] (Minecraft) [STDOUT]: [Mixin] populateNoise intercepted chunk(-8,15)
[21:18:11] [Worker-Main-9/INFO] (Minecraft) [STDOUT]: [Mixin] populateNoise intercepted chunk(-7,15)
[21:18:11] [Worker-Main-18/INFO] (Minecraft) [STDOUT]: [Mixin] populateNoise intercepted chunk(-12,24)
[21:18:11] [Worker-Main-3/INFO] (Minecraft) [STDOUT]: [Mixin] populateNoise intercepted chunk(-13,24)
[21:18:11] [Worker-Main-11/INFO] (Minecraft) [STDOUT]: [Mixin] populateNoise intercepted chunk(-14,24)
[21:18:11] [Worker-Main-4/INFO] (Minecraft) [STDOUT]: [Mixin] populateNoise intercepted chunk(-8,22)
[21:18:11] [Worker-Main-22/INFO] (Minecraft) [STDOUT]: [Mixin] buildSurface skipped chunk(-14,22)
[21:18:11] [Worker-Main-2/INFO] (Minecraft) [STDOUT]: [Mixin] populateNoise intercepted chunk(-8,23)
[21:18:11] [Worker-Main-22/INFO] (Minecraft) [STDOUT]: [Mixin] populateNoise intercepted chunk(-11,24)
[21:18:11] [Worker-Main-12/INFO] (Minecraft) [STDOUT]: [Mixin] buildSurface skipped chunk(-12,23)
[21:18:11] [Worker-Main-12/INFO] (Minecraft) [STDOUT]: [Mixin] buildSurface skipped chunk(-11,23)
[21:18:11] [Worker-Main-23/INFO] (Minecraft) [STDOUT]: [Mixin] buildSurface skipped chunk(-10,23)
[21:18:11] [Worker-Main-23/INFO] (Minecraft) [STDOUT]: [Mixin] buildSurface skipped chunk(-14,23)
[21:18:11] [Worker-Main-23/INFO] (Minecraft) [STDOUT]: [Mixin] buildSurface skipped chunk(-9,22)
[21:18:11] [Worker-Main-10/INFO] (Minecraft) [STDOUT]: [Mixin] buildSurface skipped chunk(-13,23)
[21:18:11] [Worker-Main-15/INFO] (Minecraft) [STDOUT]: [Mixin] buildSurface skipped chunk(-9,21)
[21:18:11] [Worker-Main-15/INFO] (Minecraft) [STDOUT]: [Mixin] buildSurface skipped chunk(-9,23)
[21:18:11] [Worker-Main-4/INFO] (Minecraft) [STDOUT]: [Mixin] populateNoise intercepted chunk(-10,24)
[21:18:11] [Worker-Main-21/INFO] (Minecraft) [STDOUT]: [Mixin] buildSurface skipped chunk(-8,16)
[21:18:11] [Worker-Main-16/INFO] (Minecraft) [STDOUT]: [Mixin] buildSurface skipped chunk(-13,15)
[21:18:11] [Worker-Main-13/INFO] (Minecraft) [STDOUT]: [Mixin] buildSurface skipped chunk(-10,15)
[21:18:11] [Worker-Main-13/INFO] (Minecraft) [STDOUT]: [Mixin] buildSurface skipped chunk(-12,24)
[21:18:11] [Worker-Main-13/INFO] (Minecraft) [STDOUT]: [Mixin] buildSurface skipped chunk(-8,21)
[21:18:11] [Worker-Main-13/INFO] (Minecraft) [STDOUT]: [Mixin] buildSurface skipped chunk(-13,24)
[21:18:11] [Worker-Main-13/INFO] (Minecraft) [STDOUT]: [Mixin] buildSurface skipped chunk(-8,22)
[21:18:11] [Worker-Main-11/INFO] (Minecraft) [STDOUT]: [Mixin] buildSurface skipped chunk(-14,24)
[21:18:11] [Worker-Main-20/INFO] (Minecraft) [STDOUT]: [Mixin] buildSurface skipped chunk(-9,15)
[21:18:11] [Worker-Main-16/INFO] (Minecraft) [STDOUT]: [Mixin] buildSurface skipped chunk(-8,15)
[21:18:11] [Worker-Main-16/INFO] (Minecraft) [STDOUT]: [Mixin] buildSurface skipped chunk(-12,15)
[21:18:11] [Worker-Main-13/INFO] (Minecraft) [STDOUT]: [Mixin] buildSurface skipped chunk(-11,15)
[21:18:11] [Worker-Main-21/INFO] (Minecraft) [STDOUT]: [Mixin] buildSurface skipped chunk(-11,24)
[21:18:11] [Worker-Main-9/INFO] (Minecraft) [STDOUT]: [Mixin] buildSurface skipped chunk(-8,23)
[21:18:11] [Worker-Main-9/INFO] (Minecraft) [STDOUT]: [Mixin] buildSurface skipped chunk(-10,24)
[21:18:11] [Worker-Main-20/INFO] (Minecraft) [STDOUT]: [Mixin] buildSurface skipped chunk(-7,16)
[21:18:11] [Worker-Main-18/INFO] (Minecraft) [STDOUT]: [Mixin] buildSurface skipped chunk(-7,15)
[21:18:12] [Worker-Main-10/INFO] (Minecraft) [STDOUT]: [Mixin] populateNoise intercepted chunk(-14,25)
[21:18:12] [Worker-Main-11/INFO] (Minecraft) [STDOUT]: [Mixin] populateNoise intercepted chunk(-13,25)
[21:18:12] [Worker-Main-13/INFO] (Minecraft) [STDOUT]: [Mixin] populateNoise intercepted chunk(-15,26)
[21:18:12] [Worker-Main-18/INFO] (Minecraft) [STDOUT]: [Mixin] populateNoise intercepted chunk(-14,26)
[21:18:12] [Worker-Main-3/INFO] (Minecraft) [STDOUT]: [Mixin] populateNoise intercepted chunk(-13,26)
[21:18:12] [Worker-Main-6/INFO] (Minecraft) [STDOUT]: [Mixin] populateNoise intercepted chunk(-15,28)
[21:18:12] [Worker-Main-9/INFO] (Minecraft) [STDOUT]: [Mixin] populateNoise intercepted chunk(-15,27)
[21:18:12] [Worker-Main-22/INFO] (Minecraft) [STDOUT]: [Mixin] populateNoise intercepted chunk(-14,27)
[21:18:12] [Worker-Main-21/INFO] (Minecraft) [STDOUT]: [Mixin] populateNoise intercepted chunk(-13,27)
[21:18:12] [Worker-Main-15/INFO] (Minecraft) [STDOUT]: [Mixin] populateNoise intercepted chunk(-9,24)
[21:18:12] [Worker-Main-16/INFO] (Minecraft) [STDOUT]: [Mixin] populateNoise intercepted chunk(-8,24)
[21:18:12] [Worker-Main-4/INFO] (Minecraft) [STDOUT]: [Mixin] populateNoise intercepted chunk(-12,25)
[21:18:12] [Worker-Main-7/INFO] (Minecraft) [STDOUT]: [Mixin] populateNoise intercepted chunk(-12,26)
[21:18:12] [Worker-Main-19/INFO] (Minecraft) [STDOUT]: [Mixin] populateNoise intercepted chunk(-12,27)
[21:18:12] [Worker-Main-17/INFO] (Minecraft) [STDOUT]: [Mixin] populateNoise intercepted chunk(-13,28)
[21:18:12] [Worker-Main-5/INFO] (Minecraft) [STDOUT]: [Mixin] populateNoise intercepted chunk(-14,28)
[21:18:12] [Worker-Main-1/INFO] (Minecraft) [STDOUT]: [Mixin] populateNoise intercepted chunk(-15,29)
[21:18:12] [Worker-Main-14/INFO] (Minecraft) [STDOUT]: [Mixin] populateNoise intercepted chunk(-12,28)
[21:18:12] [Worker-Main-20/INFO] (Minecraft) [STDOUT]: [Mixin] populateNoise intercepted chunk(-14,29)
[21:18:12] [Worker-Main-12/INFO] (Minecraft) [STDOUT]: [Mixin] populateNoise intercepted chunk(-15,30)
[21:18:12] [Worker-Main-8/INFO] (Minecraft) [STDOUT]: [Mixin] populateNoise intercepted chunk(-15,31)
[21:18:12] [Worker-Main-2/INFO] (Minecraft) [STDOUT]: [Mixin] populateNoise intercepted chunk(-15,32)
[21:18:12] [Worker-Main-23/INFO] (Minecraft) [STDOUT]: [Mixin] populateNoise intercepted chunk(-15,33)
[21:18:12] [Worker-Main-13/INFO] (Minecraft) [STDOUT]: [Mixin] buildSurface skipped chunk(-15,26)
[21:18:12] [Worker-Main-13/INFO] (Minecraft) [STDOUT]: [Mixin] buildSurface skipped chunk(-14,26)
[21:18:12] [Worker-Main-11/INFO] (Minecraft) [STDOUT]: [Mixin] buildSurface skipped chunk(-13,25)
[21:18:12] [Worker-Main-11/INFO] (Minecraft) [STDOUT]: [Mixin] populateNoise intercepted chunk(-14,14)
[21:18:12] [Worker-Main-18/INFO] (Minecraft) [STDOUT]: [Mixin] buildSurface skipped chunk(-13,26)
[21:18:12] [Worker-Main-3/INFO] (Minecraft) [STDOUT]: [Mixin] buildSurface skipped chunk(-14,27)
[21:18:12] [Worker-Main-9/INFO] (Minecraft) [STDOUT]: [Mixin] buildSurface skipped chunk(-15,28)
[21:18:12] [Worker-Main-9/INFO] (Minecraft) [STDOUT]: [Mixin] buildSurface skipped chunk(-14,25)
[21:18:12] [Worker-Main-9/INFO] (Minecraft) [STDOUT]: [Mixin] buildSurface skipped chunk(-15,27)
[21:18:12] [Worker-Main-21/INFO] (Minecraft) [STDOUT]: [Mixin] buildSurface skipped chunk(-13,27)
[21:18:12] [Worker-Main-19/INFO] (Minecraft) [STDOUT]: [Mixin] buildSurface skipped chunk(-15,29)
[21:18:12] [Worker-Main-19/INFO] (Minecraft) [STDOUT]: [Mixin] buildSurface skipped chunk(-12,26)
[21:18:12] [Worker-Main-14/INFO] (Minecraft) [STDOUT]: [Mixin] buildSurface skipped chunk(-15,30)
[21:18:12] [Worker-Main-19/INFO] (Minecraft) [STDOUT]: [Mixin] buildSurface skipped chunk(-14,29)
[21:18:12] [Worker-Main-1/INFO] (Minecraft) [STDOUT]: [Mixin] buildSurface skipped chunk(-14,28)
[21:18:12] [Worker-Main-1/INFO] (Minecraft) [STDOUT]: [Mixin] buildSurface skipped chunk(-8,24)
[21:18:12] [Worker-Main-15/INFO] (Minecraft) [STDOUT]: [Mixin] buildSurface skipped chunk(-13,28)
[21:18:12] [Worker-Main-14/INFO] (Minecraft) [STDOUT]: [Mixin] buildSurface skipped chunk(-9,24)
[21:18:12] [Worker-Main-19/INFO] (Minecraft) [STDOUT]: [Mixin] buildSurface skipped chunk(-15,31)
[21:18:12] [Worker-Main-14/INFO] (Minecraft) [STDOUT]: [Mixin] buildSurface skipped chunk(-12,27)
[21:18:12] [Worker-Main-19/INFO] (Minecraft) [STDOUT]: [Mixin] buildSurface skipped chunk(-12,28)
[21:18:12] [Worker-Main-19/INFO] (Minecraft) [STDOUT]: [Mixin] buildSurface skipped chunk(-12,25)
[21:18:12] [Worker-Main-4/INFO] (Minecraft) [STDOUT]: [Mixin] populateNoise intercepted chunk(-14,30)
[21:18:12] [Worker-Main-17/INFO] (Minecraft) [STDOUT]: [Mixin] buildSurface skipped chunk(-15,32)
[21:18:12] [Worker-Main-1/INFO] (Minecraft) [STDOUT]: [Mixin] buildSurface skipped chunk(-15,33)
[21:18:12] [Worker-Main-1/INFO] (Minecraft) [STDOUT]: [Mixin] buildSurface skipped chunk(-14,14)
[21:18:12] [Worker-Main-4/INFO] (Minecraft) [STDOUT]: [Mixin] buildSurface skipped chunk(-14,30)
[21:18:12] [Worker-Main-4/INFO] (Minecraft) [STDOUT]: [Mixin] populateNoise intercepted chunk(-13,29)
[21:18:12] [Worker-Main-15/INFO] (Minecraft) [STDOUT]: [Mixin] populateNoise intercepted chunk(-14,31)
[21:18:12] [Worker-Main-21/INFO] (Minecraft) [STDOUT]: [Mixin] populateNoise intercepted chunk(-13,30)
[21:18:12] [Worker-Main-23/INFO] (Minecraft) [STDOUT]: [Mixin] populateNoise intercepted chunk(-13,31)
[21:18:12] [Worker-Main-20/INFO] (Minecraft) [STDOUT]: [Mixin] populateNoise intercepted chunk(-11,28)
[21:18:12] [Worker-Main-2/INFO] (Minecraft) [STDOUT]: [Mixin] populateNoise intercepted chunk(-12,29)
[21:18:12] [Worker-Main-7/INFO] (Minecraft) [STDOUT]: [Mixin] populateNoise intercepted chunk(-11,29)
[21:18:12] [Worker-Main-20/INFO] (Minecraft) [STDOUT]: [Mixin] populateNoise intercepted chunk(-12,30)
[21:18:12] [Worker-Main-3/INFO] (Minecraft) [STDOUT]: [Mixin] populateNoise intercepted chunk(-11,27)
[21:18:12] [Worker-Main-17/INFO] (Minecraft) [STDOUT]: [Mixin] populateNoise intercepted chunk(-14,32)
[21:18:12] [Worker-Main-13/INFO] (Minecraft) [STDOUT]: [Mixin] populateNoise intercepted chunk(-12,31)
[21:18:12] [Worker-Main-18/INFO] (Minecraft) [STDOUT]: [Mixin] populateNoise intercepted chunk(-13,32)
[21:18:12] [Worker-Main-8/INFO] (Minecraft) [STDOUT]: [Mixin] populateNoise intercepted chunk(-12,32)
[21:18:12] [Worker-Main-19/INFO] (Minecraft) [STDOUT]: [Mixin] populateNoise intercepted chunk(-10,27)
[21:18:12] [Worker-Main-11/INFO] (Minecraft) [STDOUT]: [Mixin] populateNoise intercepted chunk(-10,28)
[21:18:12] [Worker-Main-12/INFO] (Minecraft) [STDOUT]: [Mixin] populateNoise intercepted chunk(-11,25)
[21:18:12] [Worker-Main-10/INFO] (Minecraft) [STDOUT]: [Mixin] populateNoise intercepted chunk(-11,26)
[21:18:12] [Worker-Main-14/INFO] (Minecraft) [STDOUT]: [Mixin] populateNoise intercepted chunk(-10,25)
[21:18:12] [Worker-Main-16/INFO] (Minecraft) [STDOUT]: [Mixin] populateNoise intercepted chunk(-10,26)
[21:18:12] [Worker-Main-22/INFO] (Minecraft) [STDOUT]: [Mixin] populateNoise intercepted chunk(-10,29)
[21:18:12] [Worker-Main-19/INFO] (Minecraft) [STDOUT]: [Mixin] populateNoise intercepted chunk(-11,30)
[21:18:12] [Worker-Main-6/INFO] (Minecraft) [STDOUT]: [Mixin] populateNoise intercepted chunk(-10,30)
[21:18:12] [Worker-Main-12/INFO] (Minecraft) [STDOUT]: [Mixin] populateNoise intercepted chunk(-11,31)
[21:18:12] [Worker-Main-4/INFO] (Minecraft) [STDOUT]: [Mixin] buildSurface skipped chunk(-13,29)
[21:18:12] [Worker-Main-23/INFO] (Minecraft) [STDOUT]: [Mixin] buildSurface skipped chunk(-13,31)
[21:18:12] [Worker-Main-4/INFO] (Minecraft) [STDOUT]: [Mixin] buildSurface skipped chunk(-11,28)
[21:18:12] [Worker-Main-4/INFO] (Minecraft) [STDOUT]: [Mixin] buildSurface skipped chunk(-11,29)
[21:18:12] [Worker-Main-4/INFO] (Minecraft) [STDOUT]: [Mixin] buildSurface skipped chunk(-13,30)
[21:18:12] [Worker-Main-13/INFO] (Minecraft) [STDOUT]: [Mixin] buildSurface skipped chunk(-14,31)
[21:18:12] [Worker-Main-13/INFO] (Minecraft) [STDOUT]: [Mixin] buildSurface skipped chunk(-12,30)
[21:18:12] [Worker-Main-9/INFO] (Minecraft) [STDOUT]: [Mixin] buildSurface skipped chunk(-12,29)
[21:18:12] [Worker-Main-3/INFO] (Minecraft) [STDOUT]: [Mixin] buildSurface skipped chunk(-12,31)
[21:18:12] [Worker-Main-16/INFO] (Minecraft) [STDOUT]: [Mixin] buildSurface skipped chunk(-11,30)
[21:18:12] [Worker-Main-16/INFO] (Minecraft) [STDOUT]: [Mixin] buildSurface skipped chunk(-10,30)
[21:18:12] [Worker-Main-8/INFO] (Minecraft) [STDOUT]: [Mixin] buildSurface skipped chunk(-11,31)
[21:18:12] [Worker-Main-8/INFO] (Minecraft) [STDOUT]: [Mixin] buildSurface skipped chunk(-10,29)
[21:18:12] [Worker-Main-8/INFO] (Minecraft) [STDOUT]: [Mixin] buildSurface skipped chunk(-14,32)
[21:18:12] [Worker-Main-8/INFO] (Minecraft) [STDOUT]: [Mixin] buildSurface skipped chunk(-11,27)
[21:18:12] [Worker-Main-1/INFO] (Minecraft) [STDOUT]: [Mixin] buildSurface skipped chunk(-13,32)
[21:18:12] [Worker-Main-8/INFO] (Minecraft) [STDOUT]: [Mixin] buildSurface skipped chunk(-10,28)
[21:18:12] [Worker-Main-1/INFO] (Minecraft) [STDOUT]: [Mixin] buildSurface skipped chunk(-10,27)
[21:18:12] [Worker-Main-11/INFO] (Minecraft) [STDOUT]: [Mixin] buildSurface skipped chunk(-12,32)
[21:18:12] [Worker-Main-11/INFO] (Minecraft) [STDOUT]: [Mixin] buildSurface skipped chunk(-10,26)
[21:18:12] [Worker-Main-19/INFO] (Minecraft) [STDOUT]: [Mixin] buildSurface skipped chunk(-10,25)
[21:18:12] [Worker-Main-8/INFO] (Minecraft) [STDOUT]: [Mixin] buildSurface skipped chunk(-11,25)
[21:18:12] [Worker-Main-8/INFO] (Minecraft) [STDOUT]: [Mixin] buildSurface skipped chunk(-11,26)
[21:18:12] [Worker-Main-12/INFO] (Minecraft) [STDOUT]: [Mixin] populateNoise intercepted chunk(-10,31)
[21:18:12] [Worker-Main-2/INFO] (Minecraft) [STDOUT]: [Mixin] populateNoise intercepted chunk(-9,26)
[21:18:12] [Worker-Main-22/INFO] (Minecraft) [STDOUT]: [Mixin] populateNoise intercepted chunk(-9,31)
[21:18:12] [Worker-Main-22/INFO] (Minecraft) [STDOUT]: [Mixin] populateNoise intercepted chunk(-9,27)
[21:18:12] [Worker-Main-5/INFO] (Minecraft) [STDOUT]: [Mixin] populateNoise intercepted chunk(-9,28)
[21:18:12] [Worker-Main-15/INFO] (Minecraft) [STDOUT]: [Mixin] populateNoise intercepted chunk(-9,29)
[21:18:12] [Worker-Main-23/INFO] (Minecraft) [STDOUT]: [Mixin] populateNoise intercepted chunk(-9,30)
[21:18:12] [Worker-Main-2/INFO] (Minecraft) [STDOUT]: [Mixin] populateNoise intercepted chunk(-11,32)
[21:18:12] [Worker-Main-3/INFO] (Minecraft) [STDOUT]: [Mixin] populateNoise intercepted chunk(-9,25)
[21:18:12] [Worker-Main-10/INFO] (Minecraft) [STDOUT]: [Mixin] populateNoise intercepted chunk(-10,32)
[21:18:12] [Worker-Main-20/INFO] (Minecraft) [STDOUT]: [Mixin] populateNoise intercepted chunk(-9,32)
[21:18:12] [Worker-Main-21/INFO] (Minecraft) [STDOUT]: [Mixin] populateNoise intercepted chunk(-8,25)
[21:18:12] [Worker-Main-14/INFO] (Minecraft) [STDOUT]: [Mixin] populateNoise intercepted chunk(-8,27)
[21:18:12] [Worker-Main-11/INFO] (Minecraft) [STDOUT]: [Mixin] populateNoise intercepted chunk(-8,26)
[21:18:12] [Worker-Main-16/INFO] (Minecraft) [STDOUT]: [Mixin] populateNoise intercepted chunk(-8,28)
[21:18:12] [Worker-Main-18/INFO] (Minecraft) [STDOUT]: [Mixin] populateNoise intercepted chunk(-8,29)
[21:18:12] [Worker-Main-13/INFO] (Minecraft) [STDOUT]: [Mixin] populateNoise intercepted chunk(-8,30)
[21:18:12] [Worker-Main-1/INFO] (Minecraft) [STDOUT]: [Mixin] populateNoise intercepted chunk(-8,31)
[21:18:12] [Worker-Main-17/INFO] (Minecraft) [STDOUT]: [Mixin] populateNoise intercepted chunk(-8,32)
[21:18:12] [Worker-Main-6/INFO] (Minecraft) [STDOUT]: [Mixin] populateNoise intercepted chunk(-13,14)
[21:18:12] [Worker-Main-19/INFO] (Minecraft) [STDOUT]: [Mixin] populateNoise intercepted chunk(-12,14)
[21:18:12] [Worker-Main-4/INFO] (Minecraft) [STDOUT]: [Mixin] populateNoise intercepted chunk(-7,14)
[21:18:12] [Worker-Main-8/INFO] (Minecraft) [STDOUT]: [Mixin] populateNoise intercepted chunk(-8,14)
[21:18:12] [Worker-Main-5/INFO] (Minecraft) [STDOUT]: [Mixin] buildSurface skipped chunk(-9,28)
[21:18:12] [Worker-Main-22/INFO] (Minecraft) [STDOUT]: [Mixin] buildSurface skipped chunk(-9,27)
[21:18:12] [Worker-Main-22/INFO] (Minecraft) [STDOUT]: [Mixin] buildSurface skipped chunk(-9,30)
[21:18:12] [Worker-Main-9/INFO] (Minecraft) [STDOUT]: [Mixin] buildSurface skipped chunk(-9,26)
[21:18:12] [Worker-Main-12/INFO] (Minecraft) [STDOUT]: [Mixin] buildSurface skipped chunk(-9,25)
[21:18:12] [Worker-Main-5/INFO] (Minecraft) [STDOUT]: [Mixin] buildSurface skipped chunk(-10,31)
[21:18:12] [Worker-Main-12/INFO] (Minecraft) [STDOUT]: [Mixin] buildSurface skipped chunk(-9,29)
[21:18:12] [Worker-Main-18/INFO] (Minecraft) [STDOUT]: [Mixin] buildSurface skipped chunk(-8,25)
[21:18:12] [Worker-Main-8/INFO] (Minecraft) [STDOUT]: [Mixin] buildSurface skipped chunk(-9,31)
[21:18:12] [Worker-Main-20/INFO] (Minecraft) [STDOUT]: [Mixin] buildSurface skipped chunk(-8,26)
[21:18:12] [Worker-Main-20/INFO] (Minecraft) [STDOUT]: [Mixin] buildSurface skipped chunk(-11,32)
[21:18:12] [Worker-Main-20/INFO] (Minecraft) [STDOUT]: [Mixin] buildSurface skipped chunk(-10,32)
[21:18:12] [Worker-Main-14/INFO] (Minecraft) [STDOUT]: [Mixin] buildSurface skipped chunk(-8,28)
[21:18:12] [Worker-Main-20/INFO] (Minecraft) [STDOUT]: [Mixin] buildSurface skipped chunk(-8,32)
[21:18:12] [Worker-Main-20/INFO] (Minecraft) [STDOUT]: [Mixin] buildSurface skipped chunk(-8,29)
[21:18:12] [Worker-Main-13/INFO] (Minecraft) [STDOUT]: [Mixin] buildSurface skipped chunk(-9,32)
[21:18:12] [Worker-Main-20/INFO] (Minecraft) [STDOUT]: [Mixin] buildSurface skipped chunk(-8,30)
[21:18:12] [Worker-Main-13/INFO] (Minecraft) [STDOUT]: [Mixin] buildSurface skipped chunk(-8,27)
[21:18:12] [Worker-Main-13/INFO] (Minecraft) [STDOUT]: [Mixin] buildSurface skipped chunk(-8,31)
[21:18:12] [Worker-Main-12/INFO] (Minecraft) [STDOUT]: [Mixin] populateNoise intercepted chunk(-11,14)
[21:18:12] [Worker-Main-3/INFO] (Minecraft) [STDOUT]: [Mixin] populateNoise intercepted chunk(-10,14)
[21:18:12] [Worker-Main-18/INFO] (Minecraft) [STDOUT]: [Mixin] populateNoise intercepted chunk(-9,14)
[21:18:12] [Worker-Main-6/INFO] (Minecraft) [STDOUT]: [Mixin] buildSurface skipped chunk(-12,14)
[21:18:12] [Worker-Main-6/INFO] (Minecraft) [STDOUT]: [Mixin] buildSurface skipped chunk(-7,14)
[21:18:12] [Worker-Main-7/INFO] (Minecraft) [STDOUT]: [Mixin] buildSurface skipped chunk(-13,14)
[21:18:12] [Worker-Main-7/INFO] (Minecraft) [STDOUT]: [Mixin] buildSurface skipped chunk(-8,14)
[21:18:12] [Worker-Main-11/INFO] (Minecraft) [STDOUT]: [Mixin] populateNoise intercepted chunk(-7,24)
[21:18:12] [Worker-Main-5/INFO] (Minecraft) [STDOUT]: [Mixin] populateNoise intercepted chunk(-7,25)
[21:18:12] [Worker-Main-8/INFO] (Minecraft) [STDOUT]: [Mixin] populateNoise intercepted chunk(-6,24)
[21:18:12] [Worker-Main-9/INFO] (Minecraft) [STDOUT]: [Mixin] populateNoise intercepted chunk(-6,25)
[21:18:12] [Worker-Main-15/INFO] (Minecraft) [STDOUT]: [Mixin] populateNoise intercepted chunk(-7,26)
[21:18:12] [Worker-Main-21/INFO] (Minecraft) [STDOUT]: [Mixin] populateNoise intercepted chunk(-6,26)
[21:18:12] [Worker-Main-6/INFO] (Minecraft) [STDOUT]: [Mixin] populateNoise intercepted chunk(-5,24)
[21:18:12] [Worker-Main-22/INFO] (Minecraft) [STDOUT]: [Mixin] populateNoise intercepted chunk(-5,25)
[21:18:12] [Worker-Main-2/INFO] (Minecraft) [STDOUT]: [Mixin] populateNoise intercepted chunk(-7,23)
[21:18:12] [Worker-Main-4/INFO] (Minecraft) [STDOUT]: [Mixin] populateNoise intercepted chunk(-6,23)
[21:18:12] [Worker-Main-16/INFO] (Minecraft) [STDOUT]: [Mixin] populateNoise intercepted chunk(-5,23)
[21:18:12] [Worker-Main-17/INFO] (Minecraft) [STDOUT]: [Mixin] populateNoise intercepted chunk(-7,27)
[21:18:12] [Worker-Main-6/INFO] (Minecraft) [STDOUT]: [Mixin] populateNoise intercepted chunk(-7,21)
[21:18:12] [Worker-Main-10/INFO] (Minecraft) [STDOUT]: [Mixin] populateNoise intercepted chunk(-7,22)
[21:18:12] [Worker-Main-20/INFO] (Minecraft) [STDOUT]: [Mixin] populateNoise intercepted chunk(-6,22)
[21:18:12] [Worker-Main-7/INFO] (Minecraft) [STDOUT]: [Mixin] populateNoise intercepted chunk(-5,26)
[21:18:12] [Worker-Main-9/INFO] (Minecraft) [STDOUT]: [Mixin] populateNoise intercepted chunk(-5,22)
[21:18:12] [Worker-Main-14/INFO] (Minecraft) [STDOUT]: [Mixin] populateNoise intercepted chunk(-7,29)
[21:18:12] [Worker-Main-5/INFO] (Minecraft) [STDOUT]: [Mixin] populateNoise intercepted chunk(-7,28)
[21:18:12] [Worker-Main-13/INFO] (Minecraft) [STDOUT]: [Mixin] populateNoise intercepted chunk(-6,27)
[21:18:12] [Worker-Main-18/INFO] (Minecraft) [STDOUT]: [Mixin] populateNoise intercepted chunk(-5,27)
[21:18:12] [Worker-Main-12/INFO] (Minecraft) [STDOUT]: [Mixin] buildSurface skipped chunk(-9,14)
[21:18:12] [Worker-Main-3/INFO] (Minecraft) [STDOUT]: [Mixin] buildSurface skipped chunk(-11,14)
[21:18:12] [Worker-Main-3/INFO] (Minecraft) [STDOUT]: [Mixin] buildSurface skipped chunk(-10,14)
[21:18:12] [Worker-Main-3/INFO] (Minecraft) [STDOUT]: [Mixin] buildSurface skipped chunk(-7,25)
[21:18:12] [Worker-Main-3/INFO] (Minecraft) [STDOUT]: [Mixin] buildSurface skipped chunk(-7,26)
[21:18:12] [Worker-Main-12/INFO] (Minecraft) [STDOUT]: [Mixin] buildSurface skipped chunk(-6,26)
[21:18:12] [Worker-Main-3/INFO] (Minecraft) [STDOUT]: [Mixin] buildSurface skipped chunk(-6,25)
[21:18:12] [Worker-Main-3/INFO] (Minecraft) [STDOUT]: [Mixin] buildSurface skipped chunk(-6,24)
[21:18:12] [Worker-Main-23/INFO] (Minecraft) [STDOUT]: [Mixin] buildSurface skipped chunk(-5,26)
[21:18:12] [Worker-Main-11/INFO] (Minecraft) [STDOUT]: [Mixin] buildSurface skipped chunk(-7,24)
[21:18:12] [Worker-Main-11/INFO] (Minecraft) [STDOUT]: [Mixin] buildSurface skipped chunk(-5,24)
[21:18:12] [Worker-Main-16/INFO] (Minecraft) [STDOUT]: [Mixin] buildSurface skipped chunk(-7,27)
[21:18:12] [Worker-Main-14/INFO] (Minecraft) [STDOUT]: [Mixin] buildSurface skipped chunk(-5,25)
[21:18:12] [Worker-Main-14/INFO] (Minecraft) [STDOUT]: [Mixin] buildSurface skipped chunk(-7,29)
[21:18:12] [Worker-Main-2/INFO] (Minecraft) [STDOUT]: [Mixin] buildSurface skipped chunk(-6,27)
[21:18:12] [Worker-Main-2/INFO] (Minecraft) [STDOUT]: [Mixin] buildSurface skipped chunk(-7,28)
[21:18:12] [Worker-Main-20/INFO] (Minecraft) [STDOUT]: [Mixin] buildSurface skipped chunk(-5,27)
[21:18:12] [Worker-Main-22/INFO] (Minecraft) [STDOUT]: [Mixin] buildSurface skipped chunk(-6,23)
[21:18:12] [Worker-Main-22/INFO] (Minecraft) [STDOUT]: [Mixin] buildSurface skipped chunk(-5,23)
[21:18:12] [Worker-Main-19/INFO] (Minecraft) [STDOUT]: [Mixin] buildSurface skipped chunk(-7,23)
[21:18:12] [Worker-Main-18/INFO] (Minecraft) [STDOUT]: [Mixin] buildSurface skipped chunk(-7,21)
[21:18:12] [Worker-Main-18/INFO] (Minecraft) [STDOUT]: [Mixin] buildSurface skipped chunk(-5,22)
[21:18:12] [Worker-Main-5/INFO] (Minecraft) [STDOUT]: [Mixin] buildSurface skipped chunk(-7,22)
[21:18:12] [Worker-Main-22/INFO] (Minecraft) [STDOUT]: [Mixin] buildSurface skipped chunk(-6,22)
[21:18:12] [Worker-Main-13/INFO] (Minecraft) [STDOUT]: [Mixin] populateNoise intercepted chunk(-7,30)
[21:18:12] [Worker-Main-15/INFO] (Minecraft) [STDOUT]: [Mixin] populateNoise intercepted chunk(-6,28)
[21:18:12] [Worker-Main-16/INFO] (Minecraft) [STDOUT]: [Mixin] populateNoise intercepted chunk(-6,29)
[21:18:12] [Worker-Main-11/INFO] (Minecraft) [STDOUT]: [Mixin] populateNoise intercepted chunk(-6,30)
[21:18:12] [Worker-Main-3/INFO] (Minecraft) [STDOUT]: [Mixin] populateNoise intercepted chunk(-7,31)
[21:18:12] [Worker-Main-23/INFO] (Minecraft) [STDOUT]: [Mixin] populateNoise intercepted chunk(-5,28)
[21:18:12] [Worker-Main-17/INFO] (Minecraft) [STDOUT]: [Mixin] populateNoise intercepted chunk(-4,28)
[21:18:12] [Worker-Main-17/INFO] (Minecraft) [STDOUT]: [Mixin] populateNoise intercepted chunk(-6,31)
[21:18:12] [Worker-Main-19/INFO] (Minecraft) [STDOUT]: [Mixin] populateNoise intercepted chunk(-5,29)
[21:18:12] [Worker-Main-10/INFO] (Minecraft) [STDOUT]: [Mixin] populateNoise intercepted chunk(-5,30)
[21:18:12] [Worker-Main-9/INFO] (Minecraft) [STDOUT]: [Mixin] populateNoise intercepted chunk(-5,31)
[21:18:12] [Worker-Main-23/INFO] (Minecraft) [STDOUT]: [Mixin] populateNoise intercepted chunk(-4,25)
[21:18:12] [Worker-Main-12/INFO] (Minecraft) [STDOUT]: [Mixin] populateNoise intercepted chunk(-4,26)
[21:18:12] [Worker-Main-23/INFO] (Minecraft) [STDOUT]: [Mixin] populateNoise intercepted chunk(-4,27)
[21:18:12] [Worker-Main-14/INFO] (Minecraft) [STDOUT]: [Mixin] populateNoise intercepted chunk(-4,23)
[21:18:12] [Worker-Main-14/INFO] (Minecraft) [STDOUT]: [Mixin] populateNoise intercepted chunk(-4,24)
[21:18:12] [Worker-Main-6/INFO] (Minecraft) [STDOUT]: [Mixin] populateNoise intercepted chunk(-4,22)
[21:18:12] [Worker-Main-20/INFO] (Minecraft) [STDOUT]: [Mixin] populateNoise intercepted chunk(-3,22)
[21:18:12] [Worker-Main-22/INFO] (Minecraft) [STDOUT]: [Mixin] populateNoise intercepted chunk(-3,27)
[21:18:12] [Worker-Main-4/INFO] (Minecraft) [STDOUT]: [Mixin] populateNoise intercepted chunk(-3,26)
[21:18:12] [Worker-Main-5/INFO] (Minecraft) [STDOUT]: [Mixin] populateNoise intercepted chunk(-3,28)
[21:18:12] [Worker-Main-18/INFO] (Minecraft) [STDOUT]: [Mixin] populateNoise intercepted chunk(-3,23)
[21:18:12] [Worker-Main-21/INFO] (Minecraft) [STDOUT]: [Mixin] populateNoise intercepted chunk(-4,29)
[21:18:12] [Worker-Main-20/INFO] (Minecraft) [STDOUT]: [Mixin] populateNoise intercepted chunk(-3,29)
[21:18:12] [Worker-Main-2/INFO] (Minecraft) [STDOUT]: [Mixin] buildSurface skipped chunk(-4,26)
[21:18:12] [Worker-Main-2/INFO] (Minecraft) [STDOUT]: [Mixin] buildSurface skipped chunk(-4,25)
[21:18:12] [Worker-Main-15/INFO] (Minecraft) [STDOUT]: [Mixin] buildSurface skipped chunk(-6,28)
[21:18:12] [Worker-Main-15/INFO] (Minecraft) [STDOUT]: [Mixin] buildSurface skipped chunk(-4,28)
[21:18:12] [Worker-Main-15/INFO] (Minecraft) [STDOUT]: [Mixin] buildSurface skipped chunk(-6,30)
[21:18:12] [Worker-Main-2/INFO] (Minecraft) [STDOUT]: [Mixin] buildSurface skipped chunk(-7,30)
[21:18:12] [Worker-Main-2/INFO] (Minecraft) [STDOUT]: [Mixin] buildSurface skipped chunk(-5,29)
[21:18:12] [Worker-Main-9/INFO] (Minecraft) [STDOUT]: [Mixin] buildSurface skipped chunk(-7,31)
[21:18:12] [Worker-Main-22/INFO] (Minecraft) [STDOUT]: [Mixin] buildSurface skipped chunk(-6,31)
[21:18:12] [Worker-Main-2/INFO] (Minecraft) [STDOUT]: [Mixin] buildSurface skipped chunk(-5,30)
[21:18:12] [Worker-Main-2/INFO] (Minecraft) [STDOUT]: [Mixin] buildSurface skipped chunk(-5,31)
[21:18:12] [Worker-Main-16/INFO] (Minecraft) [STDOUT]: [Mixin] buildSurface skipped chunk(-5,28)
[21:18:12] [Worker-Main-5/INFO] (Minecraft) [STDOUT]: [Mixin] buildSurface skipped chunk(-6,29)
[21:18:12] [Worker-Main-5/INFO] (Minecraft) [STDOUT]: [Mixin] buildSurface skipped chunk(-3,28)
[21:18:12] [Worker-Main-2/INFO] (Minecraft) [STDOUT]: [Mixin] buildSurface skipped chunk(-4,29)
[21:18:12] [Worker-Main-5/INFO] (Minecraft) [STDOUT]: [Mixin] buildSurface skipped chunk(-4,27)
[21:18:12] [Worker-Main-5/INFO] (Minecraft) [STDOUT]: [Mixin] buildSurface skipped chunk(-4,24)
[21:18:12] [Worker-Main-2/INFO] (Minecraft) [STDOUT]: [Mixin] buildSurface skipped chunk(-4,23)
[21:18:12] [Worker-Main-2/INFO] (Minecraft) [STDOUT]: [Mixin] buildSurface skipped chunk(-3,27)
[21:18:13] [Worker-Main-18/INFO] (Minecraft) [STDOUT]: [Mixin] buildSurface skipped chunk(-3,29)
[21:18:13] [Worker-Main-10/INFO] (Minecraft) [STDOUT]: [Mixin] populateNoise intercepted chunk(-3,24)
[21:18:13] [Worker-Main-22/INFO] (Minecraft) [STDOUT]: [Mixin] populateNoise intercepted chunk(-3,25)
[21:18:13] [Worker-Main-5/INFO] (Minecraft) [STDOUT]: [Mixin] buildSurface skipped chunk(-3,22)
[21:18:13] [Worker-Main-20/INFO] (Minecraft) [STDOUT]: [Mixin] buildSurface skipped chunk(-4,22)
[21:18:13] [Worker-Main-9/INFO] (Minecraft) [STDOUT]: [Mixin] buildSurface skipped chunk(-3,26)
[21:18:13] [Worker-Main-9/INFO] (Minecraft) [STDOUT]: [Mixin] buildSurface skipped chunk(-3,23)
[21:18:13] [Worker-Main-2/INFO] (Minecraft) [STDOUT]: [Mixin] populateNoise intercepted chunk(-4,30)
[21:18:13] [Worker-Main-5/INFO] (Minecraft) [STDOUT]: [Mixin] populateNoise intercepted chunk(-3,30)
[21:18:13] [Worker-Main-20/INFO] (Minecraft) [STDOUT]: [Mixin] populateNoise intercepted chunk(-2,27)
[21:18:13] [Worker-Main-11/INFO] (Minecraft) [STDOUT]: [Mixin] populateNoise intercepted chunk(-2,28)
[21:18:13] [Worker-Main-4/INFO] (Minecraft) [STDOUT]: [Mixin] populateNoise intercepted chunk(-2,29)
[21:18:13] [Worker-Main-3/INFO] (Minecraft) [STDOUT]: [Mixin] populateNoise intercepted chunk(-2,30)
[21:18:13] [Worker-Main-23/INFO] (Minecraft) [STDOUT]: [Mixin] populateNoise intercepted chunk(-2,26)
[21:18:13] [Worker-Main-15/INFO] (Minecraft) [STDOUT]: [Mixin] populateNoise intercepted chunk(-3,31)
[21:18:13] [Worker-Main-17/INFO] (Minecraft) [STDOUT]: [Mixin] populateNoise intercepted chunk(-4,31)
[21:18:13] [Worker-Main-21/INFO] (Minecraft) [STDOUT]: [Mixin] populateNoise intercepted chunk(-2,25)
[21:18:13] [Worker-Main-1/INFO] (Minecraft) [STDOUT]: [Mixin] populateNoise intercepted chunk(-2,31)
[21:18:13] [Worker-Main-14/INFO] (Minecraft) [STDOUT]: [Mixin] populateNoise intercepted chunk(-2,24)
[21:18:13] [Worker-Main-7/INFO] (Minecraft) [STDOUT]: [Mixin] populateNoise intercepted chunk(-1,24)
[21:18:13] [Worker-Main-12/INFO] (Minecraft) [STDOUT]: [Mixin] populateNoise intercepted chunk(-1,31)
[21:18:13] [Worker-Main-13/INFO] (Minecraft) [STDOUT]: [Mixin] populateNoise intercepted chunk(-1,26)
[21:18:13] [Worker-Main-16/INFO] (Minecraft) [STDOUT]: [Mixin] populateNoise intercepted chunk(-1,27)
[21:18:13] [Worker-Main-18/INFO] (Minecraft) [STDOUT]: [Mixin] populateNoise intercepted chunk(-1,28)
[21:18:13] [Worker-Main-6/INFO] (Minecraft) [STDOUT]: [Mixin] populateNoise intercepted chunk(-1,29)
[21:18:13] [Worker-Main-9/INFO] (Minecraft) [STDOUT]: [Mixin] populateNoise intercepted chunk(-1,30)
[21:18:13] [Worker-Main-19/INFO] (Minecraft) [STDOUT]: [Mixin] populateNoise intercepted chunk(-1,25)
[21:18:13] [Worker-Main-8/INFO] (Minecraft) [STDOUT]: [Mixin] populateNoise intercepted chunk(-7,32)
[21:18:13] [Worker-Main-22/INFO] (Minecraft) [STDOUT]: [Mixin] buildSurface skipped chunk(-3,25)
[21:18:13] [Worker-Main-22/INFO] (Minecraft) [STDOUT]: [Mixin] populateNoise intercepted chunk(-6,32)
[21:18:13] [Worker-Main-10/INFO] (Minecraft) [STDOUT]: [Mixin] buildSurface skipped chunk(-3,24)
[21:18:13] [Worker-Main-10/INFO] (Minecraft) [STDOUT]: [Mixin] buildSurface skipped chunk(-3,30)
[21:18:13] [Worker-Main-20/INFO] (Minecraft) [STDOUT]: [Mixin] buildSurface skipped chunk(-2,27)
[21:18:13] [Worker-Main-5/INFO] (Minecraft) [STDOUT]: [Mixin] buildSurface skipped chunk(-2,29)
[21:18:13] [Worker-Main-20/INFO] (Minecraft) [STDOUT]: [Mixin] buildSurface skipped chunk(-4,30)
[21:18:13] [Worker-Main-15/INFO] (Minecraft) [STDOUT]: [Mixin] buildSurface skipped chunk(-2,26)
[21:18:13] [Worker-Main-2/INFO] (Minecraft) [STDOUT]: [Mixin] buildSurface skipped chunk(-3,31)
[21:18:13] [Worker-Main-2/INFO] (Minecraft) [STDOUT]: [Mixin] buildSurface skipped chunk(-2,30)
[21:18:13] [Worker-Main-7/INFO] (Minecraft) [STDOUT]: [Mixin] buildSurface skipped chunk(-4,31)
[21:18:13] [Worker-Main-17/INFO] (Minecraft) [STDOUT]: [Mixin] buildSurface skipped chunk(-1,26)
[21:18:13] [Worker-Main-17/INFO] (Minecraft) [STDOUT]: [Mixin] buildSurface skipped chunk(-2,28)
[21:18:13] [Worker-Main-1/INFO] (Minecraft) [STDOUT]: [Mixin] buildSurface skipped chunk(-1,29)
[21:18:13] [Worker-Main-18/INFO] (Minecraft) [STDOUT]: [Mixin] buildSurface skipped chunk(-1,28)
[21:18:13] [Worker-Main-1/INFO] (Minecraft) [STDOUT]: [Mixin] buildSurface skipped chunk(-2,31)
[21:18:13] [Worker-Main-16/INFO] (Minecraft) [STDOUT]: [Mixin] buildSurface skipped chunk(-1,27)
[21:18:13] [Worker-Main-16/INFO] (Minecraft) [STDOUT]: [Mixin] buildSurface skipped chunk(-1,30)
[21:18:13] [Worker-Main-11/INFO] (Minecraft) [STDOUT]: [Mixin] buildSurface skipped chunk(-1,31)
[21:18:13] [Worker-Main-12/INFO] (Minecraft) [STDOUT]: [Mixin] buildSurface skipped chunk(-2,24)
[21:18:13] [Worker-Main-12/INFO] (Minecraft) [STDOUT]: [Mixin] buildSurface skipped chunk(-2,25)
[21:18:13] [Worker-Main-12/INFO] (Minecraft) [STDOUT]: [Mixin] buildSurface skipped chunk(-1,25)
[21:18:13] [Worker-Main-12/INFO] (Minecraft) [STDOUT]: [Mixin] populateNoise intercepted chunk(-2,23)
[21:18:13] [Worker-Main-1/INFO] (Minecraft) [STDOUT]: [Mixin] buildSurface skipped chunk(-1,24)
[21:18:13] [Worker-Main-12/INFO] (Minecraft) [STDOUT]: [Mixin] populateNoise intercepted chunk(-1,23)
[21:18:13] [Worker-Main-16/INFO] (Minecraft) [STDOUT]: [Mixin] buildSurface skipped chunk(-7,32)
[21:18:13] [Worker-Main-2/INFO] (Minecraft) [STDOUT]: [Mixin] buildSurface skipped chunk(-6,32)
[21:18:13] [Worker-Main-21/INFO] (Minecraft) [STDOUT]: [Mixin] populateNoise intercepted chunk(-2,22)
[21:18:13] [Worker-Main-13/INFO] (Minecraft) [STDOUT]: [Mixin] populateNoise intercepted chunk(-1,22)
[21:18:13] [Worker-Main-1/INFO] (Minecraft) [STDOUT]: [Mixin] populateNoise intercepted chunk(-5,32)
[21:18:13] [Worker-Main-19/INFO] (Minecraft) [STDOUT]: [Mixin] populateNoise intercepted chunk(-4,32)
[21:18:13] [Worker-Main-16/INFO] (Minecraft) [STDOUT]: [Mixin] populateNoise intercepted chunk(-4,21)
[21:18:13] [Worker-Main-23/INFO] (Minecraft) [STDOUT]: [Mixin] populateNoise intercepted chunk(-3,32)
[21:18:13] [Worker-Main-12/INFO] (Minecraft) [STDOUT]: [Mixin] populateNoise intercepted chunk(-2,32)
[21:18:13] [Worker-Main-12/INFO] (Minecraft) [STDOUT]: [Mixin] populateNoise intercepted chunk(-1,32)
[21:18:13] [Worker-Main-9/INFO] (Minecraft) [STDOUT]: [Mixin] populateNoise intercepted chunk(-1,21)
[21:18:13] [Worker-Main-10/INFO] (Minecraft) [STDOUT]: [Mixin] populateNoise intercepted chunk(0,22)
[21:18:13] [Worker-Main-17/INFO] (Minecraft) [STDOUT]: [Mixin] populateNoise intercepted chunk(0,21)
[21:18:13] [Worker-Main-15/INFO] (Minecraft) [STDOUT]: [Mixin] populateNoise intercepted chunk(-3,21)
[21:18:13] [Worker-Main-7/INFO] (Minecraft) [STDOUT]: [Mixin] populateNoise intercepted chunk(-2,21)
[21:18:13] [Worker-Main-14/INFO] (Minecraft) [STDOUT]: [Mixin] populateNoise intercepted chunk(0,23)
[21:18:13] [Worker-Main-2/INFO] (Minecraft) [STDOUT]: [Mixin] populateNoise intercepted chunk(0,24)
[21:18:13] [Worker-Main-5/INFO] (Minecraft) [STDOUT]: [Mixin] populateNoise intercepted chunk(0,25)
[21:18:13] [Worker-Main-22/INFO] (Minecraft) [STDOUT]: [Mixin] populateNoise intercepted chunk(0,26)
[21:18:13] [Worker-Main-20/INFO] (Minecraft) [STDOUT]: [Mixin] populateNoise intercepted chunk(0,27)
[21:18:13] [Worker-Main-3/INFO] (Minecraft) [STDOUT]: [Mixin] populateNoise intercepted chunk(0,28)
[21:18:13] [Worker-Main-8/INFO] (Minecraft) [STDOUT]: [Mixin] populateNoise intercepted chunk(-1,20)
[21:18:13] [Worker-Main-6/INFO] (Minecraft) [STDOUT]: [Mixin] populateNoise intercepted chunk(-2,20)
[21:18:13] [Worker-Main-18/INFO] (Minecraft) [STDOUT]: [Mixin] buildSurface skipped chunk(-2,23)
[21:18:13] [Worker-Main-18/INFO] (Minecraft) [STDOUT]: [Mixin] buildSurface skipped chunk(-1,23)
[21:18:13] [Worker-Main-18/INFO] (Minecraft) [STDOUT]: [Mixin] populateNoise intercepted chunk(-5,21)
[21:18:13] [Worker-Main-11/INFO] (Minecraft) [STDOUT]: [Mixin] populateNoise intercepted chunk(-6,21)
[21:18:13] [Worker-Main-4/INFO] (Minecraft) [STDOUT]: [Mixin] buildSurface skipped chunk(-2,32)
[21:18:13] [Worker-Main-13/INFO] (Minecraft) [STDOUT]: [Mixin] buildSurface skipped chunk(-1,22)
[21:18:13] [Worker-Main-16/INFO] (Minecraft) [STDOUT]: [Mixin] buildSurface skipped chunk(-4,21)
[21:18:13] [Worker-Main-16/INFO] (Minecraft) [STDOUT]: [Mixin] buildSurface skipped chunk(-3,21)
[21:18:13] [Worker-Main-13/INFO] (Minecraft) [STDOUT]: [Mixin] buildSurface skipped chunk(-2,22)
[21:18:13] [Worker-Main-2/INFO] (Minecraft) [STDOUT]: [Mixin] buildSurface skipped chunk(-3,32)
[21:18:13] [Worker-Main-15/INFO] (Minecraft) [STDOUT]: [Mixin] populateNoise intercepted chunk(0,20)
[21:18:13] [Worker-Main-7/INFO] (Minecraft) [STDOUT]: [CHUNKTIME] n=3328 perChunk(ms): mixin=93.55 gap=104.36 | sumMixin=311.3s sumGap=347.3s | inflight max=23 now=13
[21:18:13] [Worker-Main-12/INFO] (Minecraft) [STDOUT]: [Mixin] buildSurface skipped chunk(-2,21)
[21:18:13] [Worker-Main-12/INFO] (Minecraft) [STDOUT]: [Mixin] buildSurface skipped chunk(-1,32)
[21:18:13] [Worker-Main-17/INFO] (Minecraft) [STDOUT]: [Mixin] buildSurface skipped chunk(0,24)
[21:18:13] [Worker-Main-22/INFO] (Minecraft) [STDOUT]: [Mixin] buildSurface skipped chunk(0,25)
[21:18:13] [Worker-Main-12/INFO] (Minecraft) [STDOUT]: [Mixin] buildSurface skipped chunk(-1,21)
[21:18:13] [Worker-Main-17/INFO] (Minecraft) [STDOUT]: [Mixin] buildSurface skipped chunk(-1,20)
[21:18:13] [Worker-Main-17/INFO] (Minecraft) [STDOUT]: [Mixin] buildSurface skipped chunk(-4,32)
[21:18:13] [Worker-Main-17/INFO] (Minecraft) [STDOUT]: [Mixin] buildSurface skipped chunk(0,21)
[21:18:13] [Worker-Main-17/INFO] (Minecraft) [STDOUT]: [Mixin] buildSurface skipped chunk(0,26)
[21:18:13] [Worker-Main-6/INFO] (Minecraft) [STDOUT]: [Mixin] buildSurface skipped chunk(-2,20)
[21:18:13] [Worker-Main-23/INFO] (Minecraft) [STDOUT]: [Mixin] buildSurface skipped chunk(0,23)
[21:18:13] [Worker-Main-5/INFO] (Minecraft) [STDOUT]: [Mixin] buildSurface skipped chunk(-5,32)
[21:18:13] [Worker-Main-23/INFO] (Minecraft) [STDOUT]: [Mixin] buildSurface skipped chunk(0,22)
[21:18:13] [Worker-Main-5/INFO] (Minecraft) [STDOUT]: [Mixin] buildSurface skipped chunk(0,28)
[21:18:13] [Worker-Main-23/INFO] (Minecraft) [STDOUT]: [Mixin] buildSurface skipped chunk(0,27)
[21:18:13] [Worker-Main-19/INFO] (Minecraft) [STDOUT]: [Mixin] buildSurface skipped chunk(-5,21)
[21:18:13] [Worker-Main-19/INFO] (Minecraft) [STDOUT]: [Mixin] buildSurface skipped chunk(-6,21)
[21:18:13] [Worker-Main-19/INFO] (Minecraft) [STDOUT]: [Mixin] buildSurface skipped chunk(0,20)
[21:18:13] [Worker-Main-23/INFO] (Minecraft) [STDOUT]: [Mixin] populateNoise intercepted chunk(-3,20)
[21:18:13] [Worker-Main-9/INFO] (Minecraft) [STDOUT]: [Mixin] populateNoise intercepted chunk(-4,20)
[21:18:13] [Worker-Main-12/INFO] (Minecraft) [STDOUT]: [Mixin] populateNoise intercepted chunk(-5,20)
[21:18:13] [Worker-Main-16/INFO] (Minecraft) [STDOUT]: [Mixin] populateNoise intercepted chunk(-6,20)
[21:18:13] [Worker-Main-2/INFO] (Minecraft) [STDOUT]: [Mixin] populateNoise intercepted chunk(0,29)
[21:18:13] [Worker-Main-17/INFO] (Minecraft) [STDOUT]: [Mixin] populateNoise intercepted chunk(0,30)
[21:18:13] [Worker-Main-3/INFO] (Minecraft) [STDOUT]: [Mixin] populateNoise intercepted chunk(0,31)
[21:18:13] [Worker-Main-14/INFO] (Minecraft) [STDOUT]: [Mixin] populateNoise intercepted chunk(0,32)
[21:18:13] [Worker-Main-10/INFO] (Minecraft) [STDOUT]: [Mixin] populateNoise intercepted chunk(0,19)
[21:18:13] [Worker-Main-3/INFO] (Minecraft) [STDOUT]: [Mixin] populateNoise intercepted chunk(-3,19)
[21:18:13] [Worker-Main-15/INFO] (Minecraft) [STDOUT]: [Mixin] populateNoise intercepted chunk(-2,19)
[21:18:13] [Worker-Main-8/INFO] (Minecraft) [STDOUT]: [Mixin] populateNoise intercepted chunk(-1,19)
[21:18:13] [Worker-Main-5/INFO] (Minecraft) [STDOUT]: [Mixin] populateNoise intercepted chunk(-4,19)
[21:18:13] [Worker-Main-21/INFO] (Minecraft) [STDOUT]: [Mixin] populateNoise intercepted chunk(-5,19)
[21:18:13] [Worker-Main-1/INFO] (Minecraft) [STDOUT]: [Mixin] populateNoise intercepted chunk(1,20)
[21:18:13] [Worker-Main-18/INFO] (Minecraft) [STDOUT]: [Mixin] populateNoise intercepted chunk(-14,33)
[21:18:13] [Worker-Main-20/INFO] (Minecraft) [STDOUT]: [Mixin] populateNoise intercepted chunk(1,19)
[21:18:13] [Worker-Main-19/INFO] (Minecraft) [STDOUT]: [Mixin] populateNoise intercepted chunk(-13,33)
[21:18:13] [Worker-Main-11/INFO] (Minecraft) [STDOUT]: [Mixin] populateNoise intercepted chunk(-6,19)
[21:18:13] [Worker-Main-22/INFO] (Minecraft) [STDOUT]: [Mixin] populateNoise intercepted chunk(-12,33)
[21:18:13] [Worker-Main-7/INFO] (Minecraft) [STDOUT]: [Mixin] populateNoise intercepted chunk(-11,33)
[21:18:13] [Worker-Main-13/INFO] (Minecraft) [STDOUT]: [Mixin] populateNoise intercepted chunk(-10,33)
[21:18:13] [Worker-Main-4/INFO] (Minecraft) [STDOUT]: [Mixin] populateNoise intercepted chunk(-9,33)
[21:18:13] [Worker-Main-9/INFO] (Minecraft) [STDOUT]: [Mixin] buildSurface skipped chunk(-4,20)
[21:18:13] [Worker-Main-12/INFO] (Minecraft) [STDOUT]: [Mixin] buildSurface skipped chunk(-5,20)
[21:18:13] [Worker-Main-9/INFO] (Minecraft) [STDOUT]: [Mixin] populateNoise intercepted chunk(-8,33)
[21:18:13] [Worker-Main-2/INFO] (Minecraft) [STDOUT]: [Mixin] buildSurface skipped chunk(0,29)
[21:18:13] [Worker-Main-22/INFO] (Minecraft) [STDOUT]: [Mixin] buildSurface skipped chunk(-12,33)
[21:18:13] [Worker-Main-22/INFO] (Minecraft) [STDOUT]: [Mixin] buildSurface skipped chunk(-3,20)
[21:18:13] [Worker-Main-22/INFO] (Minecraft) [STDOUT]: [Mixin] buildSurface skipped chunk(-6,20)
[21:18:13] [Worker-Main-3/INFO] (Minecraft) [STDOUT]: [Mixin] buildSurface skipped chunk(-1,19)
[21:18:13] [Worker-Main-3/INFO] (Minecraft) [STDOUT]: [Mixin] buildSurface skipped chunk(-4,19)
[21:18:13] [Worker-Main-3/INFO] (Minecraft) [STDOUT]: [Mixin] buildSurface skipped chunk(0,30)
[21:18:13] [Worker-Main-3/INFO] (Minecraft) [STDOUT]: [Mixin] buildSurface skipped chunk(-2,19)
[21:18:13] [Worker-Main-10/INFO] (Minecraft) [STDOUT]: [Mixin] buildSurface skipped chunk(0,31)
[21:18:13] [Worker-Main-20/INFO] (Minecraft) [STDOUT]: [Mixin] buildSurface skipped chunk(-6,19)
[21:18:13] [Worker-Main-20/INFO] (Minecraft) [STDOUT]: [Mixin] buildSurface skipped chunk(0,32)
[21:18:13] [Worker-Main-20/INFO] (Minecraft) [STDOUT]: [Mixin] buildSurface skipped chunk(-3,19)
[21:18:13] [Worker-Main-21/INFO] (Minecraft) [STDOUT]: [Mixin] buildSurface skipped chunk(0,19)
[21:18:13] [Worker-Main-20/INFO] (Minecraft) [STDOUT]: [Mixin] buildSurface skipped chunk(-5,19)
[21:18:13] [Worker-Main-7/INFO] (Minecraft) [STDOUT]: [Mixin] populateNoise intercepted chunk(-7,33)
[21:18:13] [Worker-Main-6/INFO] (Minecraft) [STDOUT]: [Mixin] buildSurface skipped chunk(-14,33)
[21:18:13] [Worker-Main-21/INFO] (Minecraft) [STDOUT]: [Mixin] buildSurface skipped chunk(-13,33)
[21:18:13] [Worker-Main-14/INFO] (Minecraft) [STDOUT]: [Mixin] buildSurface skipped chunk(1,19)
[21:18:13] [Worker-Main-20/INFO] (Minecraft) [STDOUT]: [Mixin] buildSurface skipped chunk(1,20)
[21:18:13] [Worker-Main-20/INFO] (Minecraft) [STDOUT]: [Mixin] buildSurface skipped chunk(-11,33)
[21:18:13] [Worker-Main-21/INFO] (Minecraft) [STDOUT]: [Mixin] buildSurface skipped chunk(-10,33)
[21:18:13] [Worker-Main-14/INFO] (Minecraft) [STDOUT]: [Mixin] buildSurface skipped chunk(-9,33)
[21:18:13] [Worker-Main-12/INFO] (Minecraft) [STDOUT]: [Mixin] buildSurface skipped chunk(-8,33)
[21:18:13] [Worker-Main-4/INFO] (Minecraft) [STDOUT]: [Mixin] populateNoise intercepted chunk(-6,18)
[21:18:13] [Worker-Main-12/INFO] (Minecraft) [STDOUT]: [Mixin] populateNoise intercepted chunk(-5,18)
[21:18:13] [Worker-Main-16/INFO] (Minecraft) [STDOUT]: [Mixin] populateNoise intercepted chunk(-1,18)
[21:18:13] [Worker-Main-5/INFO] (Minecraft) [STDOUT]: [Mixin] populateNoise intercepted chunk(0,18)
[21:18:13] [Worker-Main-3/INFO] (Minecraft) [STDOUT]: [Mixin] populateNoise intercepted chunk(-6,17)
[21:18:13] [Worker-Main-1/INFO] (Minecraft) [STDOUT]: [Mixin] populateNoise intercepted chunk(-5,17)
[21:18:13] [Worker-Main-17/INFO] (Minecraft) [STDOUT]: [Mixin] populateNoise intercepted chunk(1,18)
[21:18:13] [Worker-Main-19/INFO] (Minecraft) [STDOUT]: [Mixin] populateNoise intercepted chunk(-4,18)
[21:18:13] [Worker-Main-10/INFO] (Minecraft) [STDOUT]: [Mixin] populateNoise intercepted chunk(-3,18)
[21:18:13] [Worker-Main-13/INFO] (Minecraft) [STDOUT]: [Mixin] populateNoise intercepted chunk(-2,18)
[21:18:13] [Worker-Main-15/INFO] (Minecraft) [STDOUT]: [Mixin] populateNoise intercepted chunk(-6,16)
[21:18:13] [Worker-Main-15/INFO] (Minecraft) [STDOUT]: [Mixin] populateNoise intercepted chunk(-5,16)
[21:18:13] [Worker-Main-22/INFO] (Minecraft) [STDOUT]: [Mixin] populateNoise intercepted chunk(-1,17)
[21:18:13] [Worker-Main-6/INFO] (Minecraft) [STDOUT]: [Mixin] populateNoise intercepted chunk(-4,17)
[21:18:13] [Worker-Main-18/INFO] (Minecraft) [STDOUT]: [Mixin] populateNoise intercepted chunk(-3,17)
[21:18:13] [Worker-Main-2/INFO] (Minecraft) [STDOUT]: [Mixin] populateNoise intercepted chunk(-4,16)
[21:18:13] [Worker-Main-14/INFO] (Minecraft) [STDOUT]: [Mixin] populateNoise intercepted chunk(-3,16)
[21:18:13] [Worker-Main-21/INFO] (Minecraft) [STDOUT]: [Mixin] populateNoise intercepted chunk(-2,17)
[21:18:13] [Worker-Main-11/INFO] (Minecraft) [STDOUT]: [Mixin] populateNoise intercepted chunk(-2,16)
[21:18:13] [Worker-Main-20/INFO] (Minecraft) [STDOUT]: [Mixin] populateNoise intercepted chunk(-3,15)
[21:18:13] [Worker-Main-8/INFO] (Minecraft) [STDOUT]: [Mixin] populateNoise intercepted chunk(-2,15)
[21:18:13] [Worker-Main-9/INFO] (Minecraft) [STDOUT]: [Mixin] populateNoise intercepted chunk(-6,15)
[21:18:13] [Worker-Main-7/INFO] (Minecraft) [STDOUT]: [Mixin] populateNoise intercepted chunk(-5,15)
[21:18:13] [Worker-Main-12/INFO] (Minecraft) [STDOUT]: [Mixin] buildSurface skipped chunk(-5,18)
[21:18:13] [Worker-Main-12/INFO] (Minecraft) [STDOUT]: [Mixin] populateNoise intercepted chunk(-4,15)
[21:18:13] [Worker-Main-2/INFO] (Minecraft) [STDOUT]: [Mixin] buildSurface skipped chunk(-4,16)
[21:18:13] [Worker-Main-2/INFO] (Minecraft) [STDOUT]: [Mixin] buildSurface skipped chunk(-2,18)
[21:18:13] [Worker-Main-2/INFO] (Minecraft) [STDOUT]: [Mixin] populateNoise intercepted chunk(-1,16)
[21:18:13] [Worker-Main-13/INFO] (Minecraft) [STDOUT]: [Mixin] populateNoise intercepted chunk(-1,15)
[21:18:13] [Worker-Main-15/INFO] (Minecraft) [STDOUT]: [Mixin] buildSurface skipped chunk(-5,16)
[21:18:13] [Worker-Main-15/INFO] (Minecraft) [STDOUT]: [Mixin] buildSurface skipped chunk(-6,16)
[21:18:13] [Worker-Main-15/INFO] (Minecraft) [STDOUT]: [Mixin] buildSurface skipped chunk(-5,17)
[21:18:13] [Worker-Main-5/INFO] (Minecraft) [STDOUT]: [Mixin] buildSurface skipped chunk(-6,18)
[21:18:13] [Worker-Main-18/INFO] (Minecraft) [STDOUT]: [Mixin] buildSurface skipped chunk(-6,17)
[21:18:13] [Worker-Main-17/INFO] (Minecraft) [STDOUT]: [Mixin] buildSurface skipped chunk(-4,17)
[21:18:13] [Worker-Main-5/INFO] (Minecraft) [STDOUT]: [Mixin] buildSurface skipped chunk(-3,17)
[21:18:13] [Worker-Main-11/INFO] (Minecraft) [STDOUT]: [Mixin] buildSurface skipped chunk(-3,16)
[21:18:13] [Worker-Main-8/INFO] (Minecraft) [STDOUT]: [Mixin] buildSurface skipped chunk(-3,18)
[21:18:13] [Worker-Main-20/INFO] (Minecraft) [STDOUT]: [Mixin] buildSurface skipped chunk(-2,17)
[21:18:13] [Worker-Main-5/INFO] (Minecraft) [STDOUT]: [Mixin] buildSurface skipped chunk(-2,16)
[21:18:13] [Worker-Main-16/INFO] (Minecraft) [STDOUT]: [Mixin] buildSurface skipped chunk(-2,15)
[21:18:13] [Worker-Main-5/INFO] (Minecraft) [STDOUT]: [Mixin] buildSurface skipped chunk(-3,15)
[21:18:13] [Worker-Main-6/INFO] (Minecraft) [STDOUT]: [Mixin] buildSurface skipped chunk(-4,18)
[21:18:13] [Worker-Main-14/INFO] (Minecraft) [STDOUT]: [Mixin] buildSurface skipped chunk(-1,18)
[21:18:13] [Worker-Main-19/INFO] (Minecraft) [STDOUT]: [Mixin] buildSurface skipped chunk(-1,17)
[21:18:13] [Worker-Main-5/INFO] (Minecraft) [STDOUT]: [Mixin] buildSurface skipped chunk(-6,15)
[21:18:13] [Worker-Main-5/INFO] (Minecraft) [STDOUT]: [Mixin] buildSurface skipped chunk(-5,15)
[21:18:13] [Worker-Main-3/INFO] (Minecraft) [STDOUT]: [Mixin] buildSurface skipped chunk(0,18)
[21:18:13] [Worker-Main-19/INFO] (Minecraft) [STDOUT]: [Mixin] buildSurface skipped chunk(-4,15)
[21:18:13] [Worker-Main-13/INFO] (Minecraft) [STDOUT]: [Mixin] buildSurface skipped chunk(-1,16)
[21:18:13] [Worker-Main-15/INFO] (Minecraft) [STDOUT]: [Mixin] buildSurface skipped chunk(-1,15)
[21:18:13] [Worker-Main-8/INFO] (Minecraft) [STDOUT]: [Mixin] buildSurface skipped chunk(-7,33)
[21:18:13] [Worker-Main-17/INFO] (Minecraft) [STDOUT]: [Mixin] buildSurface skipped chunk(1,18)
[21:18:13] [Worker-Main-14/INFO] (Minecraft) [STDOUT]: [Mixin] populateNoise intercepted chunk(0,17)
[21:18:13] [Worker-Main-22/INFO] (Minecraft) [STDOUT]: [Mixin] populateNoise intercepted chunk(1,17)
[21:18:13] [Worker-Main-12/INFO] (Minecraft) [STDOUT]: [Mixin] populateNoise intercepted chunk(0,16)
[21:18:13] [Worker-Main-7/INFO] (Minecraft) [STDOUT]: [Mixin] populateNoise intercepted chunk(0,15)
[21:18:13] [Worker-Main-10/INFO] (Minecraft) [STDOUT]: [Mixin] populateNoise intercepted chunk(1,16)
[21:18:13] [Worker-Main-15/INFO] (Minecraft) [STDOUT]: [Mixin] populateNoise intercepted chunk(1,15)
[21:18:13] [Worker-Main-3/INFO] (Minecraft) [STDOUT]: [Mixin] populateNoise intercepted chunk(-3,14)
[21:18:13] [Worker-Main-17/INFO] (Minecraft) [STDOUT]: [Mixin] populateNoise intercepted chunk(-2,14)
[21:18:13] [Worker-Main-21/INFO] (Minecraft) [STDOUT]: [Mixin] populateNoise intercepted chunk(-1,14)
[21:18:13] [Worker-Main-1/INFO] (Minecraft) [STDOUT]: [Mixin] populateNoise intercepted chunk(0,14)
[21:18:13] [Worker-Main-5/INFO] (Minecraft) [STDOUT]: [Mixin] populateNoise intercepted chunk(1,14)
[21:18:13] [Worker-Main-13/INFO] (Minecraft) [STDOUT]: [Mixin] populateNoise intercepted chunk(-3,13)
[21:18:13] [Worker-Main-6/INFO] (Minecraft) [STDOUT]: [Mixin] populateNoise intercepted chunk(-2,13)
[21:18:13] [Worker-Main-4/INFO] (Minecraft) [STDOUT]: [Mixin] populateNoise intercepted chunk(-4,14)
[21:18:13] [Worker-Main-19/INFO] (Minecraft) [STDOUT]: [Mixin] populateNoise intercepted chunk(-4,13)
[21:18:13] [Worker-Main-16/INFO] (Minecraft) [STDOUT]: [Mixin] populateNoise intercepted chunk(-1,13)
[21:18:13] [Worker-Main-18/INFO] (Minecraft) [STDOUT]: [Mixin] populateNoise intercepted chunk(-5,14)
[21:18:13] [Worker-Main-9/INFO] (Minecraft) [STDOUT]: [Mixin] populateNoise intercepted chunk(0,13)
[21:18:13] [Worker-Main-20/INFO] (Minecraft) [STDOUT]: [Mixin] populateNoise intercepted chunk(1,13)
[21:18:13] [Worker-Main-23/INFO] (Minecraft) [STDOUT]: [Mixin] populateNoise intercepted chunk(-1,12)
[21:18:13] [Worker-Main-8/INFO] (Minecraft) [STDOUT]: [Mixin] populateNoise intercepted chunk(-2,12)
[21:18:13] [Worker-Main-2/INFO] (Minecraft) [STDOUT]: [Mixin] populateNoise intercepted chunk(0,12)
[21:18:13] [Worker-Main-11/INFO] (Minecraft) [STDOUT]: [Mixin] populateNoise intercepted chunk(-3,12)
[21:18:13] [Worker-Main-22/INFO] (Minecraft) [STDOUT]: [Mixin] populateNoise intercepted chunk(-4,12)
[21:18:13] [Worker-Main-15/INFO] (Minecraft) [STDOUT]: [Mixin] populateNoise intercepted chunk(1,12)
[21:18:13] [Worker-Main-3/INFO] (Minecraft) [STDOUT]: [Mixin] buildSurface skipped chunk(-3,14)
[21:18:13] [Worker-Main-3/INFO] (Minecraft) [STDOUT]: [Mixin] buildSurface skipped chunk(1,17)
[21:18:13] [Worker-Main-3/INFO] (Minecraft) [STDOUT]: [Mixin] buildSurface skipped chunk(0,17)
[21:18:13] [Worker-Main-3/INFO] (Minecraft) [STDOUT]: [Mixin] buildSurface skipped chunk(1,15)
[21:18:13] [Worker-Main-3/INFO] (Minecraft) [STDOUT]: [Mixin] buildSurface skipped chunk(-4,14)
[21:18:13] [Worker-Main-7/INFO] (Minecraft) [STDOUT]: [Mixin] buildSurface skipped chunk(0,15)
[21:18:13] [Worker-Main-14/INFO] (Minecraft) [STDOUT]: [Mixin] buildSurface skipped chunk(0,16)
[21:18:13] [Worker-Main-10/INFO] (Minecraft) [STDOUT]: [Mixin] buildSurface skipped chunk(1,16)
[21:18:13] [Worker-Main-12/INFO] (Minecraft) [STDOUT]: [Mixin] buildSurface skipped chunk(-4,13)
[21:18:13] [Worker-Main-10/INFO] (Minecraft) [STDOUT]: [Mixin] buildSurface skipped chunk(-2,14)
[21:18:13] [Worker-Main-7/INFO] (Minecraft) [STDOUT]: [Mixin] buildSurface skipped chunk(-3,13)
[21:18:13] [Worker-Main-13/INFO] (Minecraft) [STDOUT]: [Mixin] buildSurface skipped chunk(-5,14)
[21:18:13] [Worker-Main-13/INFO] (Minecraft) [STDOUT]: [Mixin] buildSurface skipped chunk(-1,14)
[21:18:13] [Worker-Main-5/INFO] (Minecraft) [STDOUT]: [Mixin] buildSurface skipped chunk(-1,13)
[21:18:13] [Worker-Main-20/INFO] (Minecraft) [STDOUT]: [Mixin] buildSurface skipped chunk(-2,12)
[21:18:13] [Worker-Main-16/INFO] (Minecraft) [STDOUT]: [Mixin] buildSurface skipped chunk(-1,12)
[21:18:13] [Worker-Main-6/INFO] (Minecraft) [STDOUT]: [Mixin] buildSurface skipped chunk(-2,13)
[21:18:13] [Worker-Main-23/INFO] (Minecraft) [STDOUT]: [Mixin] buildSurface skipped chunk(-3,12)
[21:18:13] [Worker-Main-16/INFO] (Minecraft) [STDOUT]: [Mixin] buildSurface skipped chunk(0,12)
[21:18:13] [Worker-Main-6/INFO] (Minecraft) [STDOUT]: [Mixin] buildSurface skipped chunk(0,14)
[21:18:13] [Worker-Main-16/INFO] (Minecraft) [STDOUT]: [Mixin] buildSurface skipped chunk(0,13)
[21:18:13] [Worker-Main-16/INFO] (Minecraft) [STDOUT]: [Mixin] buildSurface skipped chunk(-4,12)
[21:18:13] [Worker-Main-6/INFO] (Minecraft) [STDOUT]: [Mixin] buildSurface skipped chunk(1,14)
[21:18:13] [Worker-Main-15/INFO] (Minecraft) [STDOUT]: [Mixin] buildSurface skipped chunk(1,13)
[21:18:13] [Worker-Main-6/INFO] (Minecraft) [STDOUT]: [Mixin] buildSurface skipped chunk(1,12)
[21:18:13] [Worker-Main-16/INFO] (Minecraft) [STDOUT]: [Mixin] populateNoise intercepted chunk(0,11)
[21:18:13] [Worker-Main-2/INFO] (Minecraft) [STDOUT]: [Mixin] populateNoise intercepted chunk(-1,11)
[21:18:13] [Worker-Main-18/INFO] (Minecraft) [STDOUT]: [Mixin] populateNoise intercepted chunk(1,11)
[21:18:13] [Worker-Main-7/INFO] (Minecraft) [STDOUT]: [Mixin] populateNoise intercepted chunk(1,10)
[21:18:13] [Worker-Main-13/INFO] (Minecraft) [STDOUT]: [Mixin] populateNoise intercepted chunk(0,10)
[21:18:13] [Worker-Main-5/INFO] (Minecraft) [STDOUT]: [Mixin] populateNoise intercepted chunk(-1,10)
[21:18:13] [Worker-Main-4/INFO] (Minecraft) [STDOUT]: [Mixin] populateNoise intercepted chunk(-2,11)
[21:18:14] [Worker-Main-14/INFO] (Minecraft) [STDOUT]: [Mixin] populateNoise intercepted chunk(1,9)
[21:18:14] [Worker-Main-8/INFO] (Minecraft) [STDOUT]: [Mixin] populateNoise intercepted chunk(-2,10)
[21:18:14] [Worker-Main-21/INFO] (Minecraft) [STDOUT]: [Mixin] populateNoise intercepted chunk(0,9)
[21:18:14] [Worker-Main-1/INFO] (Minecraft) [STDOUT]: [Mixin] populateNoise intercepted chunk(-3,11)
[21:18:14] [Worker-Main-3/INFO] (Minecraft) [STDOUT]: [Mixin] populateNoise intercepted chunk(-3,10)
[21:18:14] [Worker-Main-17/INFO] (Minecraft) [STDOUT]: [Mixin] populateNoise intercepted chunk(-3,9)
[21:18:14] [Worker-Main-17/INFO] (Minecraft) [STDOUT]: [Mixin] populateNoise intercepted chunk(-2,9)
[21:18:14] [Worker-Main-11/INFO] (Minecraft) [STDOUT]: [Mixin] populateNoise intercepted chunk(-1,9)
[21:18:14] [Worker-Main-22/INFO] (Minecraft) [STDOUT]: [Mixin] populateNoise intercepted chunk(1,8)
[21:18:14] [Worker-Main-20/INFO] (Minecraft) [STDOUT]: [Mixin] populateNoise intercepted chunk(-1,8)
[21:18:14] [Worker-Main-6/INFO] (Minecraft) [STDOUT]: [Mixin] populateNoise intercepted chunk(-2,8)
[21:18:14] [Worker-Main-15/INFO] (Minecraft) [STDOUT]: [Mixin] populateNoise intercepted chunk(-3,8)
[21:18:14] [Worker-Main-9/INFO] (Minecraft) [STDOUT]: [Mixin] populateNoise intercepted chunk(0,8)
[21:18:14] [Worker-Main-10/INFO] (Minecraft) [STDOUT]: [Mixin] populateNoise intercepted chunk(-4,11)
[21:18:14] [Worker-Main-12/INFO] (Minecraft) [STDOUT]: [Mixin] populateNoise intercepted chunk(-6,14)
[21:18:14] [Worker-Main-23/INFO] (Minecraft) [STDOUT]: [Mixin] populateNoise intercepted chunk(-4,10)
[21:18:14] [Worker-Main-2/INFO] (Minecraft) [STDOUT]: [Mixin] populateNoise intercepted chunk(-4,9)
[21:18:14] [Worker-Main-13/INFO] (Minecraft) [STDOUT]: [Mixin] populateNoise intercepted chunk(-4,8)
[21:18:14] [Worker-Main-16/INFO] (Minecraft) [STDOUT]: [Mixin] buildSurface skipped chunk(-1,11)
[21:18:14] [Worker-Main-16/INFO] (Minecraft) [STDOUT]: [Mixin] buildSurface skipped chunk(-2,11)
[21:18:14] [Worker-Main-4/INFO] (Minecraft) [STDOUT]: [Mixin] buildSurface skipped chunk(-1,8)
[21:18:14] [Worker-Main-7/INFO] (Minecraft) [STDOUT]: [Mixin] buildSurface skipped chunk(0,10)
[21:18:14] [Worker-Main-3/INFO] (Minecraft) [STDOUT]: [Mixin] buildSurface skipped chunk(0,11)
[21:18:14] [Worker-Main-4/INFO] (Minecraft) [STDOUT]: [Mixin] buildSurface skipped chunk(0,9)
[21:18:14] [Worker-Main-4/INFO] (Minecraft) [STDOUT]: [Mixin] buildSurface skipped chunk(-3,10)
[21:18:14] [Worker-Main-3/INFO] (Minecraft) [STDOUT]: [Mixin] buildSurface skipped chunk(-1,10)
[21:18:14] [Worker-Main-3/INFO] (Minecraft) [STDOUT]: [Mixin] buildSurface skipped chunk(-3,8)
[21:18:14] [Worker-Main-22/INFO] (Minecraft) [STDOUT]: [Mixin] buildSurface skipped chunk(-2,8)
[21:18:14] [Worker-Main-17/INFO] (Minecraft) [STDOUT]: [Mixin] buildSurface skipped chunk(-2,9)
[21:18:14] [Worker-Main-17/INFO] (Minecraft) [STDOUT]: [Mixin] buildSurface skipped chunk(-4,10)
[21:18:14] [Worker-Main-14/INFO] (Minecraft) [STDOUT]: [Mixin] buildSurface skipped chunk(-3,9)
[21:18:14] [Worker-Main-11/INFO] (Minecraft) [STDOUT]: [Mixin] buildSurface skipped chunk(-1,9)
[21:18:14] [Worker-Main-11/INFO] (Minecraft) [STDOUT]: [Mixin] buildSurface skipped chunk(-2,10)
[21:18:14] [Worker-Main-10/INFO] (Minecraft) [STDOUT]: [Mixin] buildSurface skipped chunk(-3,11)
[21:18:14] [Worker-Main-11/INFO] (Minecraft) [STDOUT]: [Mixin] buildSurface skipped chunk(0,8)
[21:18:14] [Worker-Main-8/INFO] (Minecraft) [STDOUT]: [Mixin] buildSurface skipped chunk(-4,11)
[21:18:14] [Worker-Main-22/INFO] (Minecraft) [STDOUT]: [Mixin] buildSurface skipped chunk(1,11)
[21:18:14] [Worker-Main-22/INFO] (Minecraft) [STDOUT]: [Mixin] buildSurface skipped chunk(1,10)
[21:18:14] [Worker-Main-18/INFO] (Minecraft) [STDOUT]: [Mixin] buildSurface skipped chunk(1,8)
[21:18:14] [Worker-Main-10/INFO] (Minecraft) [STDOUT]: [Mixin] buildSurface skipped chunk(1,9)
[21:18:14] [Worker-Main-10/INFO] (Minecraft) [STDOUT]: [Mixin] buildSurface skipped chunk(-6,14)
[21:18:14] [Worker-Main-19/INFO] (Minecraft) [STDOUT]: [Mixin] buildSurface skipped chunk(-4,8)
[21:18:14] [Worker-Main-2/INFO] (Minecraft) [STDOUT]: [Mixin] buildSurface skipped chunk(-4,9)
[21:18:14] [Worker-Main-2/INFO] (Minecraft) [STDOUT]: [Mixin] populateNoise intercepted chunk(-5,13)
[21:18:14] [Worker-Main-23/INFO] (Minecraft) [STDOUT]: [Mixin] populateNoise intercepted chunk(-5,12)
[21:18:14] [Worker-Main-15/INFO] (Minecraft) [STDOUT]: [Mixin] populateNoise intercepted chunk(-5,11)
[21:18:14] [Worker-Main-17/INFO] (Minecraft) [STDOUT]: [Mixin] populateNoise intercepted chunk(-6,13)
[21:18:14] [Worker-Main-20/INFO] (Minecraft) [STDOUT]: [Mixin] populateNoise intercepted chunk(-6,11)
[21:18:14] [Worker-Main-16/INFO] (Minecraft) [STDOUT]: [Mixin] populateNoise intercepted chunk(-6,12)
[21:18:14] [Worker-Main-19/INFO] (Minecraft) [STDOUT]: [Mixin] populateNoise intercepted chunk(-6,10)
[21:18:14] [Worker-Main-14/INFO] (Minecraft) [STDOUT]: [Mixin] populateNoise intercepted chunk(-5,10)
[21:18:14] [Worker-Main-12/INFO] (Minecraft) [STDOUT]: [Mixin] populateNoise intercepted chunk(-5,9)
[21:18:14] [Worker-Main-9/INFO] (Minecraft) [STDOUT]: [Mixin] populateNoise intercepted chunk(0,7)
[21:18:14] [Worker-Main-13/INFO] (Minecraft) [STDOUT]: [Mixin] populateNoise intercepted chunk(-1,7)
[21:18:14] [Worker-Main-7/INFO] (Minecraft) [STDOUT]: [Mixin] populateNoise intercepted chunk(1,7)
[21:18:14] [Worker-Main-22/INFO] (Minecraft) [STDOUT]: [Mixin] populateNoise intercepted chunk(-3,7)
[21:18:14] [Worker-Main-3/INFO] (Minecraft) [STDOUT]: [Mixin] populateNoise intercepted chunk(-2,7)
[21:18:14] [Worker-Main-6/INFO] (Minecraft) [STDOUT]: [Mixin] populateNoise intercepted chunk(-4,7)
[21:18:14] [Worker-Main-21/INFO] (Minecraft) [STDOUT]: [Mixin] populateNoise intercepted chunk(-5,8)
[21:18:14] [Worker-Main-10/INFO] (Minecraft) [STDOUT]: [Mixin] populateNoise intercepted chunk(-5,7)
[21:18:14] [Worker-Main-11/INFO] (Minecraft) [STDOUT]: [Mixin] populateNoise intercepted chunk(-7,12)
[21:18:14] [Worker-Main-1/INFO] (Minecraft) [STDOUT]: [Mixin] populateNoise intercepted chunk(-7,10)
[21:18:14] [Worker-Main-5/INFO] (Minecraft) [STDOUT]: [Mixin] populateNoise intercepted chunk(-7,11)
[21:18:14] [Worker-Main-8/INFO] (Minecraft) [STDOUT]: [Mixin] populateNoise intercepted chunk(-6,8)
[21:18:14] [Worker-Main-4/INFO] (Minecraft) [STDOUT]: [Mixin] populateNoise intercepted chunk(-6,9)
[21:18:14] [Worker-Main-18/INFO] (Minecraft) [STDOUT]: [Mixin] populateNoise intercepted chunk(-7,9)
[21:18:14] [Worker-Main-2/INFO] (Minecraft) [STDOUT]: [Mixin] populateNoise intercepted chunk(-6,7)
[21:18:14] [Worker-Main-19/INFO] (Minecraft) [STDOUT]: [Mixin] buildSurface skipped chunk(-6,10)
[21:18:14] [Worker-Main-14/INFO] (Minecraft) [STDOUT]: [Mixin] buildSurface skipped chunk(-6,11)
[21:18:14] [Worker-Main-14/INFO] (Minecraft) [STDOUT]: [Mixin] buildSurface skipped chunk(-5,10)
[21:18:14] [Worker-Main-6/INFO] (Minecraft) [STDOUT]: [Mixin] buildSurface skipped chunk(-5,11)
[21:18:14] [Worker-Main-14/INFO] (Minecraft) [STDOUT]: [Mixin] buildSurface skipped chunk(-5,9)
[21:18:14] [Worker-Main-13/INFO] (Minecraft) [STDOUT]: [Mixin] buildSurface skipped chunk(-5,8)
[21:18:14] [Worker-Main-7/INFO] (Minecraft) [STDOUT]: [Mixin] buildSurface skipped chunk(-5,13)
[21:18:14] [Worker-Main-11/INFO] (Minecraft) [STDOUT]: [Mixin] buildSurface skipped chunk(-5,12)
[21:18:14] [Worker-Main-12/INFO] (Minecraft) [STDOUT]: [Mixin] buildSurface skipped chunk(-6,12)
[21:18:14] [Worker-Main-12/INFO] (Minecraft) [STDOUT]: [Mixin] buildSurface skipped chunk(0,7)
[21:18:14] [Worker-Main-12/INFO] (Minecraft) [STDOUT]: [Mixin] buildSurface skipped chunk(-4,7)
[21:18:14] [Worker-Main-7/INFO] (Minecraft) [STDOUT]: [Mixin] buildSurface skipped chunk(-3,7)
[21:18:14] [Worker-Main-7/INFO] (Minecraft) [STDOUT]: [Mixin] buildSurface skipped chunk(-7,10)
[21:18:14] [Worker-Main-11/INFO] (Minecraft) [STDOUT]: [Mixin] buildSurface skipped chunk(-5,7)
[21:18:14] [Worker-Main-12/INFO] (Minecraft) [STDOUT]: [Mixin] buildSurface skipped chunk(-1,7)
[21:18:14] [Worker-Main-13/INFO] (Minecraft) [STDOUT]: [Mixin] buildSurface skipped chunk(-7,11)
[21:18:14] [Worker-Main-13/INFO] (Minecraft) [STDOUT]: [Mixin] buildSurface skipped chunk(-7,12)
[21:18:14] [Worker-Main-4/INFO] (Minecraft) [STDOUT]: [Mixin] buildSurface skipped chunk(-6,9)
[21:18:14] [Worker-Main-13/INFO] (Minecraft) [STDOUT]: [Mixin] buildSurface skipped chunk(-6,8)
[21:18:14] [Worker-Main-13/INFO] (Minecraft) [STDOUT]: [Mixin] buildSurface skipped chunk(-7,9)
[21:18:14] [Worker-Main-14/INFO] (Minecraft) [STDOUT]: [Mixin] buildSurface skipped chunk(-2,7)
[21:18:14] [Worker-Main-3/INFO] (Minecraft) [STDOUT]: [Mixin] populateNoise intercepted chunk(-7,13)
[21:18:14] [Worker-Main-8/INFO] (Minecraft) [STDOUT]: [Mixin] buildSurface skipped chunk(-6,13)
[21:18:14] [Worker-Main-8/INFO] (Minecraft) [STDOUT]: [Mixin] buildSurface skipped chunk(1,7)
[21:18:14] [Worker-Main-21/INFO] (Minecraft) [STDOUT]: [Mixin] buildSurface skipped chunk(-6,7)
[21:18:14] [Worker-Main-4/INFO] (Minecraft) [STDOUT]: [Mixin] populateNoise intercepted chunk(-7,8)
[21:18:14] [Worker-Main-20/INFO] (Minecraft) [STDOUT]: [Mixin] populateNoise intercepted chunk(-8,11)
[21:18:14] [Worker-Main-18/INFO] (Minecraft) [STDOUT]: [Mixin] populateNoise intercepted chunk(-8,12)
[21:18:14] [Worker-Main-11/INFO] (Minecraft) [STDOUT]: [Mixin] populateNoise intercepted chunk(-8,13)
[21:18:14] [Worker-Main-1/INFO] (Minecraft) [STDOUT]: [Mixin] populateNoise intercepted chunk(-8,9)
[21:18:14] [Worker-Main-9/INFO] (Minecraft) [STDOUT]: [Mixin] populateNoise intercepted chunk(-8,10)
[21:18:14] [Worker-Main-6/INFO] (Minecraft) [STDOUT]: [Mixin] populateNoise intercepted chunk(-8,8)
[21:18:14] [Worker-Main-21/INFO] (Minecraft) [STDOUT]: [Mixin] populateNoise intercepted chunk(-7,7)
[21:18:14] [Worker-Main-5/INFO] (Minecraft) [STDOUT]: [Mixin] populateNoise intercepted chunk(-8,7)
[21:18:14] [Worker-Main-14/INFO] (Minecraft) [STDOUT]: [Mixin] populateNoise intercepted chunk(-9,12)
[21:18:14] [Worker-Main-8/INFO] (Minecraft) [STDOUT]: [Mixin] populateNoise intercepted chunk(-9,13)
[21:18:14] [Worker-Main-10/INFO] (Minecraft) [STDOUT]: [Mixin] populateNoise intercepted chunk(-9,7)
[21:18:14] [Worker-Main-19/INFO] (Minecraft) [STDOUT]: [Mixin] populateNoise intercepted chunk(-9,8)
[21:18:14] [Worker-Main-19/INFO] (Minecraft) [STDOUT]: [Mixin] populateNoise intercepted chunk(-9,9)
[21:18:14] [Worker-Main-13/INFO] (Minecraft) [STDOUT]: [Mixin] populateNoise intercepted chunk(-6,33)
[21:18:14] [Worker-Main-13/INFO] (Minecraft) [STDOUT]: [Mixin] populateNoise intercepted chunk(-9,10)
[21:18:14] [Worker-Main-23/INFO] (Minecraft) [STDOUT]: [Mixin] populateNoise intercepted chunk(-9,11)
[21:18:14] [Worker-Main-2/INFO] (Minecraft) [STDOUT]: [Mixin] populateNoise intercepted chunk(-5,33)
[21:18:14] [Worker-Main-16/INFO] (Minecraft) [STDOUT]: [Mixin] populateNoise intercepted chunk(-4,33)
[21:18:14] [Worker-Main-22/INFO] (Minecraft) [STDOUT]: [Mixin] populateNoise intercepted chunk(-3,33)
[21:18:14] [Worker-Main-17/INFO] (Minecraft) [STDOUT]: [Mixin] populateNoise intercepted chunk(-2,33)
[21:18:14] [Worker-Main-12/INFO] (Minecraft) [STDOUT]: [Mixin] populateNoise intercepted chunk(-1,33)
[21:18:14] [Worker-Main-3/INFO] (Minecraft) [STDOUT]: [Mixin] buildSurface skipped chunk(-7,13)
[21:18:14] [Worker-Main-3/INFO] (Minecraft) [STDOUT]: [Mixin] populateNoise intercepted chunk(0,33)
[21:18:14] [Worker-Main-14/INFO] (Minecraft) [STDOUT]: [Mixin] buildSurface skipped chunk(-9,13)
[21:18:14] [Worker-Main-14/INFO] (Minecraft) [STDOUT]: [Mixin] buildSurface skipped chunk(-9,12)
[21:18:14] [Worker-Main-11/INFO] (Minecraft) [STDOUT]: [Mixin] buildSurface skipped chunk(-7,8)
[21:18:14] [Worker-Main-18/INFO] (Minecraft) [STDOUT]: [Mixin] buildSurface skipped chunk(-8,13)
[21:18:14] [Worker-Main-18/INFO] (Minecraft) [STDOUT]: [Mixin] buildSurface skipped chunk(-8,12)
[21:18:14] [Worker-Main-1/INFO] (Minecraft) [STDOUT]: [Mixin] buildSurface skipped chunk(-8,11)
[21:18:14] [Worker-Main-11/INFO] (Minecraft) [STDOUT]: [Mixin] buildSurface skipped chunk(-8,9)
[21:18:14] [Worker-Main-19/INFO] (Minecraft) [STDOUT]: [Mixin] buildSurface skipped chunk(-8,8)
[21:18:14] [Worker-Main-19/INFO] (Minecraft) [STDOUT]: [Mixin] buildSurface skipped chunk(-8,10)
[21:18:14] [Worker-Main-6/INFO] (Minecraft) [STDOUT]: [Mixin] buildSurface skipped chunk(-9,10)
[21:18:14] [Worker-Main-7/INFO] (Minecraft) [STDOUT]: [Mixin] buildSurface skipped chunk(-7,7)
[21:18:14] [Worker-Main-2/INFO] (Minecraft) [STDOUT]: [Mixin] buildSurface skipped chunk(-9,9)
[21:18:14] [Worker-Main-2/INFO] (Minecraft) [STDOUT]: [Mixin] buildSurface skipped chunk(-8,7)
[21:18:14] [Worker-Main-2/INFO] (Minecraft) [STDOUT]: [Mixin] buildSurface skipped chunk(-9,8)
[21:18:14] [Worker-Main-2/INFO] (Minecraft) [STDOUT]: [Mixin] buildSurface skipped chunk(-9,7)
[21:18:14] [Worker-Main-6/INFO] (Minecraft) [STDOUT]: [Mixin] buildSurface skipped chunk(-9,11)
[21:18:14] [Worker-Main-6/INFO] (Minecraft) [STDOUT]: [Mixin] populateNoise intercepted chunk(1,22)
[21:18:14] [Worker-Main-19/INFO] (Minecraft) [STDOUT]: [Mixin] populateNoise intercepted chunk(1,21)
[21:18:14] [Worker-Main-19/INFO] (Minecraft) [STDOUT]: [Mixin] buildSurface skipped chunk(-4,33)
[21:18:14] [Worker-Main-19/INFO] (Minecraft) [STDOUT]: [Mixin] buildSurface skipped chunk(-3,33)
[21:18:14] [Worker-Main-12/INFO] (Minecraft) [STDOUT]: [Mixin] buildSurface skipped chunk(-6,33)
[21:18:14] [Worker-Main-19/INFO] (Minecraft) [STDOUT]: [Mixin] buildSurface skipped chunk(-5,33)
[21:18:14] [Worker-Main-5/INFO] (Minecraft) [STDOUT]: [Mixin] buildSurface skipped chunk(-2,33)
[21:18:14] [Worker-Main-19/INFO] (Minecraft) [STDOUT]: [Mixin] buildSurface skipped chunk(-1,33)
[21:18:14] [Worker-Main-17/INFO] (Minecraft) [STDOUT]: [Mixin] buildSurface skipped chunk(0,33)
[21:18:14] [Worker-Main-15/INFO] (Minecraft) [STDOUT]: [Mixin] populateNoise intercepted chunk(-10,13)
[21:18:14] [Worker-Main-2/INFO] (Minecraft) [STDOUT]: [Mixin] populateNoise intercepted chunk(-11,13)
[21:18:14] [Worker-Main-16/INFO] (Minecraft) [STDOUT]: [Mixin] populateNoise intercepted chunk(-10,12)
[21:18:14] [Worker-Main-5/INFO] (Minecraft) [STDOUT]: [Mixin] populateNoise intercepted chunk(-11,12)
[21:18:14] [Worker-Main-9/INFO] (Minecraft) [STDOUT]: [Mixin] populateNoise intercepted chunk(-12,13)
[21:18:14] [Worker-Main-1/INFO] (Minecraft) [STDOUT]: [Mixin] populateNoise intercepted chunk(-12,12)
[21:18:14] [Worker-Main-19/INFO] (Minecraft) [STDOUT]: [Mixin] populateNoise intercepted chunk(-13,12)
[21:18:14] [Worker-Main-14/INFO] (Minecraft) [STDOUT]: [Mixin] populateNoise intercepted chunk(-13,13)
[21:18:14] [Worker-Main-18/INFO] (Minecraft) [STDOUT]: [Mixin] populateNoise intercepted chunk(-14,13)
[21:18:14] [Worker-Main-13/INFO] (Minecraft) [STDOUT]: [Mixin] populateNoise intercepted chunk(-13,11)
[21:18:14] [Worker-Main-10/INFO] (Minecraft) [STDOUT]: [Mixin] populateNoise intercepted chunk(-10,11)
[21:18:14] [Worker-Main-7/INFO] (Minecraft) [STDOUT]: [Mixin] populateNoise intercepted chunk(-11,11)
[21:18:14] [Worker-Main-23/INFO] (Minecraft) [STDOUT]: [Mixin] populateNoise intercepted chunk(-12,11)
[21:18:14] [Worker-Main-21/INFO] (Minecraft) [STDOUT]: [Mixin] populateNoise intercepted chunk(-14,12)
[21:18:14] [Worker-Main-11/INFO] (Minecraft) [STDOUT]: [Mixin] populateNoise intercepted chunk(-14,11)
[21:18:14] [Worker-Main-8/INFO] (Minecraft) [STDOUT]: [Mixin] populateNoise intercepted chunk(1,23)
[21:18:14] [Worker-Main-20/INFO] (Minecraft) [STDOUT]: [Mixin] populateNoise intercepted chunk(1,24)
[21:18:14] [Worker-Main-17/INFO] (Minecraft) [STDOUT]: [Mixin] populateNoise intercepted chunk(1,29)
[21:18:14] [Worker-Main-12/INFO] (Minecraft) [STDOUT]: [Mixin] populateNoise intercepted chunk(1,28)
[21:18:14] [Worker-Main-4/INFO] (Minecraft) [STDOUT]: [Mixin] populateNoise intercepted chunk(1,33)
[21:18:14] [Worker-Main-22/INFO] (Minecraft) [STDOUT]: [Mixin] populateNoise intercepted chunk(1,30)
[21:18:14] [Worker-Main-3/INFO] (Minecraft) [STDOUT]: [Mixin] populateNoise intercepted chunk(1,31)
[21:18:14] [Worker-Main-6/INFO] (Minecraft) [STDOUT]: [Mixin] populateNoise intercepted chunk(1,32)
[21:18:14] [Worker-Main-15/INFO] (Minecraft) [STDOUT]: [Mixin] buildSurface skipped chunk(-10,13)
[21:18:14] [Worker-Main-16/INFO] (Minecraft) [STDOUT]: [Mixin] buildSurface skipped chunk(-10,12)
[21:18:14] [Worker-Main-9/INFO] (Minecraft) [STDOUT]: [Mixin] buildSurface skipped chunk(-12,13)
[21:18:14] [Worker-Main-2/INFO] (Minecraft) [STDOUT]: [Mixin] buildSurface skipped chunk(-11,13)
[21:18:14] [Worker-Main-18/INFO] (Minecraft) [STDOUT]: [Mixin] buildSurface skipped chunk(-13,13)
[21:18:14] [Worker-Main-18/INFO] (Minecraft) [STDOUT]: [Mixin] buildSurface skipped chunk(-12,11)
[21:18:14] [Worker-Main-4/INFO] (Minecraft) [STDOUT]: [Mixin] buildSurface skipped chunk(-13,12)
[21:18:14] [Worker-Main-4/INFO] (Minecraft) [STDOUT]: [Mixin] buildSurface skipped chunk(-14,13)
[21:18:14] [Worker-Main-7/INFO] (Minecraft) [STDOUT]: [Mixin] buildSurface skipped chunk(-11,11)
[21:18:14] [Worker-Main-7/INFO] (Minecraft) [STDOUT]: [Mixin] buildSurface skipped chunk(-10,11)
[21:18:14] [Worker-Main-10/INFO] (Minecraft) [STDOUT]: [Mixin] buildSurface skipped chunk(-13,11)
[21:18:14] [Worker-Main-10/INFO] (Minecraft) [STDOUT]: [Mixin] buildSurface skipped chunk(-11,12)
[21:18:14] [Worker-Main-17/INFO] (Minecraft) [STDOUT]: [Mixin] buildSurface skipped chunk(-12,12)
[21:18:14] [Worker-Main-16/INFO] (Minecraft) [STDOUT]: [Mixin] buildSurface skipped chunk(-14,12)
[21:18:14] [Worker-Main-18/INFO] (Minecraft) [STDOUT]: [Mixin] buildSurface skipped chunk(-14,11)
[21:18:14] [Worker-Main-23/INFO] (Minecraft) [STDOUT]: [Mixin] populateNoise intercepted chunk(1,27)
[21:18:14] [Worker-Main-16/INFO] (Minecraft) [STDOUT]: [Mixin] populateNoise intercepted chunk(1,26)
[21:18:14] [Worker-Main-16/INFO] (Minecraft) [STDOUT]: [Mixin] populateNoise intercepted chunk(1,25)
[21:18:14] [Worker-Main-15/INFO] (Minecraft) [STDOUT]: [Mixin] buildSurface skipped chunk(1,21)
[21:18:14] [Worker-Main-1/INFO] (Minecraft) [STDOUT]: [Mixin] buildSurface skipped chunk(1,22)
[21:18:14] [Worker-Main-6/INFO] (Minecraft) [STDOUT]: [Mixin] buildSurface skipped chunk(1,29)
[21:18:14] [Worker-Main-18/INFO] (Minecraft) [STDOUT]: [Mixin] buildSurface skipped chunk(1,28)
[21:18:14] [Worker-Main-18/INFO] (Minecraft) [STDOUT]: [Mixin] buildSurface skipped chunk(1,33)
[21:18:14] [Worker-Main-1/INFO] (Minecraft) [STDOUT]: [Mixin] buildSurface skipped chunk(1,24)
[21:18:14] [Worker-Main-15/INFO] (Minecraft) [STDOUT]: [Mixin] buildSurface skipped chunk(1,23)
[21:18:14] [Worker-Main-6/INFO] (Minecraft) [STDOUT]: [Mixin] buildSurface skipped chunk(1,30)
[21:18:14] [Worker-Main-15/INFO] (Minecraft) [STDOUT]: [Mixin] buildSurface skipped chunk(1,31)
[21:18:14] [Worker-Main-6/INFO] (Minecraft) [STDOUT]: [Mixin] buildSurface skipped chunk(1,32)
[21:18:14] [Worker-Main-18/INFO] (Minecraft) [STDOUT]: [Mixin] populateNoise intercepted chunk(1,6)
[21:18:14] [Worker-Main-10/INFO] (Minecraft) [STDOUT]: [Mixin] populateNoise intercepted chunk(0,6)
[21:18:14] [Worker-Main-14/INFO] (Minecraft) [STDOUT]: [Mixin] populateNoise intercepted chunk(-3,6)
[21:18:14] [Worker-Main-4/INFO] (Minecraft) [STDOUT]: [Mixin] populateNoise intercepted chunk(-2,6)
[21:18:14] [Worker-Main-9/INFO] (Minecraft) [STDOUT]: [Mixin] populateNoise intercepted chunk(-1,6)
[21:18:14] [Worker-Main-2/INFO] (Minecraft) [STDOUT]: [Mixin] populateNoise intercepted chunk(-14,10)
[21:18:14] [Worker-Main-22/INFO] (Minecraft) [STDOUT]: [Mixin] populateNoise intercepted chunk(-13,10)
[21:18:14] [Worker-Main-12/INFO] (Minecraft) [STDOUT]: [Mixin] populateNoise intercepted chunk(-14,9)
[21:18:14] [Worker-Main-6/INFO] (Minecraft) [STDOUT]: [Mixin] populateNoise intercepted chunk(-13,9)
[21:18:14] [Worker-Main-21/INFO] (Minecraft) [STDOUT]: [Mixin] populateNoise intercepted chunk(-12,10)
[21:18:14] [Worker-Main-13/INFO] (Minecraft) [STDOUT]: [Mixin] populateNoise intercepted chunk(-12,9)
[21:18:14] [Worker-Main-15/INFO] (Minecraft) [STDOUT]: [Mixin] populateNoise intercepted chunk(-14,8)
[21:18:14] [Worker-Main-17/INFO] (Minecraft) [STDOUT]: [Mixin] populateNoise intercepted chunk(-13,8)
[21:18:14] [Worker-Main-11/INFO] (Minecraft) [STDOUT]: [Mixin] populateNoise intercepted chunk(-10,10)
[21:18:14] [Worker-Main-8/INFO] (Minecraft) [STDOUT]: [Mixin] populateNoise intercepted chunk(-11,10)
[21:18:14] [Worker-Main-7/INFO] (Minecraft) [STDOUT]: [Mixin] populateNoise intercepted chunk(-14,7)
[21:18:14] [Worker-Main-3/INFO] (Minecraft) [STDOUT]: [Mixin] populateNoise intercepted chunk(-13,7)
[21:18:14] [Worker-Main-19/INFO] (Minecraft) [STDOUT]: [Mixin] populateNoise intercepted chunk(-10,9)
[21:18:14] [Worker-Main-1/INFO] (Minecraft) [STDOUT]: [Mixin] populateNoise intercepted chunk(-11,9)
[21:18:14] [Worker-Main-20/INFO] (Minecraft) [STDOUT]: [Mixin] populateNoise intercepted chunk(-10,8)
[21:18:14] [Worker-Main-16/INFO] (Minecraft) [STDOUT]: [Mixin] populateNoise intercepted chunk(-12,8)
[21:18:14] [Worker-Main-23/INFO] (Minecraft) [STDOUT]: [Mixin] populateNoise intercepted chunk(-12,7)
[21:18:14] [Worker-Main-5/INFO] (Minecraft) [STDOUT]: [Mixin] populateNoise intercepted chunk(-11,8)
[21:18:14] [Worker-Main-4/INFO] (Minecraft) [STDOUT]: [Mixin] populateNoise intercepted chunk(-11,7)
[21:18:14] [Worker-Main-9/INFO] (Minecraft) [STDOUT]: [Mixin] populateNoise intercepted chunk(-10,7)
[21:18:14] [Worker-Main-14/INFO] (Minecraft) [STDOUT]: [Mixin] populateNoise intercepted chunk(-4,6)
[21:18:14] [Worker-Main-18/INFO] (Minecraft) [STDOUT]: [Mixin] populateNoise intercepted chunk(-5,6)
[21:18:14] [Worker-Main-2/INFO] (Minecraft) [STDOUT]: [Mixin] buildSurface skipped chunk(-14,10)
[21:18:14] [Worker-Main-2/INFO] (Minecraft) [STDOUT]: [Mixin] buildSurface skipped chunk(-12,9)
[21:18:14] [Worker-Main-2/INFO] (Minecraft) [STDOUT]: [Mixin] buildSurface skipped chunk(-14,9)
[21:18:14] [Worker-Main-2/INFO] (Minecraft) [STDOUT]: [Mixin] buildSurface skipped chunk(-13,9)
[21:18:14] [Worker-Main-15/INFO] (Minecraft) [STDOUT]: [Mixin] buildSurface skipped chunk(-13,8)
[21:18:14] [Worker-Main-22/INFO] (Minecraft) [STDOUT]: [Mixin] buildSurface skipped chunk(-12,10)
[21:18:14] [Worker-Main-22/INFO] (Minecraft) [STDOUT]: [Mixin] buildSurface skipped chunk(-11,9)
[21:18:14] [Worker-Main-3/INFO] (Minecraft) [STDOUT]: [Mixin] buildSurface skipped chunk(-14,8)
[21:18:14] [Worker-Main-15/INFO] (Minecraft) [STDOUT]: [Mixin] buildSurface skipped chunk(-13,10)
[21:18:14] [Worker-Main-5/INFO] (Minecraft) [STDOUT]: [Mixin] buildSurface skipped chunk(-11,8)
[21:18:14] [Worker-Main-19/INFO] (Minecraft) [STDOUT]: [Mixin] buildSurface skipped chunk(-12,8)
[21:18:14] [Worker-Main-15/INFO] (Minecraft) [STDOUT]: [Mixin] buildSurface skipped chunk(-11,10)
[21:18:14] [Worker-Main-3/INFO] (Minecraft) [STDOUT]: [Mixin] buildSurface skipped chunk(-10,10)
[21:18:14] [Worker-Main-19/INFO] (Minecraft) [STDOUT]: [Mixin] buildSurface skipped chunk(-14,7)
[21:18:14] [Worker-Main-19/INFO] (Minecraft) [STDOUT]: [Mixin] buildSurface skipped chunk(-10,9)
[21:18:14] [Worker-Main-3/INFO] (Minecraft) [STDOUT]: [Mixin] buildSurface skipped chunk(-13,7)
[21:18:14] [Worker-Main-3/INFO] (Minecraft) [STDOUT]: [Mixin] buildSurface skipped chunk(-10,8)
[21:18:14] [Worker-Main-19/INFO] (Minecraft) [STDOUT]: [Mixin] buildSurface skipped chunk(-12,7)
[21:18:15] [Worker-Main-19/INFO] (Minecraft) [STDOUT]: [Mixin] buildSurface skipped chunk(-10,7)
[21:18:15] [Worker-Main-14/INFO] (Minecraft) [STDOUT]: [Mixin] buildSurface skipped chunk(-11,7)
[21:18:15] [Worker-Main-4/INFO] (Minecraft) [STDOUT]: [Mixin] buildSurface skipped chunk(1,25)
[21:18:15] [Worker-Main-16/INFO] (Minecraft) [STDOUT]: [Mixin] buildSurface skipped chunk(1,27)
[21:18:15] [Worker-Main-4/INFO] (Minecraft) [STDOUT]: [Mixin] buildSurface skipped chunk(1,26)
[21:18:15] [Worker-Main-15/INFO] (Minecraft) [STDOUT]: [Mixin] buildSurface skipped chunk(-2,6)
[21:18:15] [Worker-Main-23/INFO] (Minecraft) [STDOUT]: [Mixin] buildSurface skipped chunk(-1,6)
[21:18:15] [Worker-Main-23/INFO] (Minecraft) [STDOUT]: [Mixin] buildSurface skipped chunk(-3,6)
[21:18:15] [Worker-Main-11/INFO] (Minecraft) [STDOUT]: [Mixin] buildSurface skipped chunk(1,6)
[21:18:15] [Worker-Main-11/INFO] (Minecraft) [STDOUT]: [Mixin] buildSurface skipped chunk(0,6)
[21:18:15] [Worker-Main-23/INFO] (Minecraft) [STDOUT]: [Mixin] buildSurface skipped chunk(-4,6)
[21:18:15] [Worker-Main-11/INFO] (Minecraft) [STDOUT]: [Mixin] buildSurface skipped chunk(-5,6)
[21:18:15] [Worker-Main-8/INFO] (Minecraft) [STDOUT]: [Mixin] populateNoise intercepted chunk(-6,6)
[21:18:15] [Worker-Main-3/INFO] (Minecraft) [STDOUT]: [Mixin] populateNoise intercepted chunk(-7,6)
[21:18:15] [Worker-Main-5/INFO] (Minecraft) [STDOUT]: [Mixin] populateNoise intercepted chunk(-9,6)
[21:18:15] [Worker-Main-15/INFO] (Minecraft) [STDOUT]: [Mixin] populateNoise intercepted chunk(-8,6)
[21:18:15] [Worker-Main-1/INFO] (Minecraft) [STDOUT]: [Mixin] populateNoise intercepted chunk(-10,6)
[21:18:15] [Worker-Main-9/INFO] (Minecraft) [STDOUT]: [Mixin] populateNoise intercepted chunk(-11,6)
[21:18:15] [Worker-Main-21/INFO] (Minecraft) [STDOUT]: [Mixin] populateNoise intercepted chunk(-14,6)
[21:18:15] [Worker-Main-20/INFO] (Minecraft) [STDOUT]: [Mixin] populateNoise intercepted chunk(-13,6)
[21:18:15] [Worker-Main-13/INFO] (Minecraft) [STDOUT]: [Mixin] populateNoise intercepted chunk(-12,6)
[21:18:15] [Worker-Main-19/INFO] (Minecraft) [STDOUT]: [Mixin] populateNoise intercepted chunk(-13,5)
[21:18:15] [Worker-Main-16/INFO] (Minecraft) [STDOUT]: [Mixin] populateNoise intercepted chunk(-14,5)
[21:18:15] [Worker-Main-18/INFO] (Minecraft) [STDOUT]: [Mixin] populateNoise intercepted chunk(-12,5)
[21:18:15] [Worker-Main-14/INFO] (Minecraft) [STDOUT]: [Mixin] populateNoise intercepted chunk(-11,5)
[21:18:15] [Worker-Main-2/INFO] (Minecraft) [STDOUT]: [Mixin] populateNoise intercepted chunk(-7,5)
[21:18:15] [Worker-Main-4/INFO] (Minecraft) [STDOUT]: [Mixin] populateNoise intercepted chunk(-14,2)
[21:18:15] [Worker-Main-12/INFO] (Minecraft) [STDOUT]: [Mixin] populateNoise intercepted chunk(-10,5)
[21:18:15] [Worker-Main-17/INFO] (Minecraft) [STDOUT]: [Mixin] populateNoise intercepted chunk(-14,3)
[21:18:15] [Worker-Main-11/INFO] (Minecraft) [STDOUT]: [Mixin] populateNoise intercepted chunk(-9,5)
[21:18:15] [Worker-Main-7/INFO] (Minecraft) [STDOUT]: [Mixin] populateNoise intercepted chunk(-14,4)
[21:18:15] [Worker-Main-23/INFO] (Minecraft) [STDOUT]: [Mixin] populateNoise intercepted chunk(-12,4)
[21:18:15] [Worker-Main-22/INFO] (Minecraft) [STDOUT]: [Mixin] populateNoise intercepted chunk(-13,3)
[21:18:15] [Worker-Main-6/INFO] (Minecraft) [STDOUT]: [Mixin] populateNoise intercepted chunk(-13,4)
[21:18:15] [Worker-Main-10/INFO] (Minecraft) [STDOUT]: [Mixin] populateNoise intercepted chunk(-13,2)
[21:18:15] [Worker-Main-8/INFO] (Minecraft) [STDOUT]: [Mixin] populateNoise intercepted chunk(-11,4)
[21:18:15] [Worker-Main-5/INFO] (Minecraft) [STDOUT]: [Mixin] populateNoise intercepted chunk(-10,4)
[21:18:15] [Worker-Main-13/INFO] (Minecraft) [STDOUT]: [Mixin] populateNoise intercepted chunk(-9,4)
[21:18:15] [Worker-Main-15/INFO] (Minecraft) [STDOUT]: [Mixin] buildSurface skipped chunk(-9,6)
[21:18:15] [Worker-Main-15/INFO] (Minecraft) [STDOUT]: [Mixin] buildSurface skipped chunk(-12,6)
[21:18:15] [Worker-Main-9/INFO] (Minecraft) [STDOUT]: [Mixin] buildSurface skipped chunk(-11,6)
[21:18:15] [Worker-Main-9/INFO] (Minecraft) [STDOUT]: [Mixin] populateNoise intercepted chunk(-8,5)
[21:18:15] [Worker-Main-15/INFO] (Minecraft) [STDOUT]: [Mixin] populateNoise intercepted chunk(-12,3)
[21:18:15] [Worker-Main-16/INFO] (Minecraft) [STDOUT]: [Mixin] buildSurface skipped chunk(-14,5)
[21:18:15] [Worker-Main-16/INFO] (Minecraft) [STDOUT]: [Mixin] buildSurface skipped chunk(-10,6)
[21:18:15] [Worker-Main-16/INFO] (Minecraft) [STDOUT]: [Mixin] buildSurface skipped chunk(-13,5)
[21:18:15] [Worker-Main-19/INFO] (Minecraft) [STDOUT]: [Mixin] buildSurface skipped chunk(-14,6)
[21:18:15] [Worker-Main-19/INFO] (Minecraft) [STDOUT]: [Mixin] buildSurface skipped chunk(-9,5)
[21:18:15] [Worker-Main-7/INFO] (Minecraft) [STDOUT]: [Mixin] buildSurface skipped chunk(-12,5)
[21:18:15] [Worker-Main-7/INFO] (Minecraft) [STDOUT]: [Mixin] buildSurface skipped chunk(-10,5)
[21:18:15] [Worker-Main-18/INFO] (Minecraft) [STDOUT]: [Mixin] buildSurface skipped chunk(-14,4)
[21:18:15] [Worker-Main-19/INFO] (Minecraft) [STDOUT]: [Mixin] buildSurface skipped chunk(-13,6)
[21:18:15] [Worker-Main-4/INFO] (Minecraft) [STDOUT]: [Mixin] buildSurface skipped chunk(-14,3)
[21:18:15] [Worker-Main-6/INFO] (Minecraft) [STDOUT]: [Mixin] buildSurface skipped chunk(-14,2)
[21:18:15] [Worker-Main-23/INFO] (Minecraft) [STDOUT]: [Mixin] buildSurface skipped chunk(-13,4)
[21:18:15] [Worker-Main-23/INFO] (Minecraft) [STDOUT]: [Mixin] buildSurface skipped chunk(-11,5)
[21:18:15] [Worker-Main-4/INFO] (Minecraft) [STDOUT]: [Mixin] buildSurface skipped chunk(-13,3)
[21:18:15] [Worker-Main-17/INFO] (Minecraft) [STDOUT]: [Mixin] buildSurface skipped chunk(-12,4)
[21:18:15] [Worker-Main-17/INFO] (Minecraft) [STDOUT]: [Mixin] buildSurface skipped chunk(-13,2)
[21:18:15] [Worker-Main-13/INFO] (Minecraft) [STDOUT]: [Mixin] buildSurface skipped chunk(-11,4)
[21:18:15] [Worker-Main-5/INFO] (Minecraft) [STDOUT]: [Mixin] buildSurface skipped chunk(-10,4)
[21:18:15] [Worker-Main-5/INFO] (Minecraft) [STDOUT]: [Mixin] buildSurface skipped chunk(-9,4)
[21:18:15] [Server thread/INFO] (Minecraft) [Chunky] Task running for minecraft:overworld. Processed: 3125 chunks (73.96%), ETA: 0:00:10, Rate: 103.1 cps, Current: -16, 8
[21:18:15] [Worker-Main-17/INFO] (Minecraft) [STDOUT]: [Mixin] populateNoise intercepted chunk(-8,4)
[21:18:15] [Worker-Main-15/INFO] (Minecraft) [STDOUT]: [Mixin] populateNoise intercepted chunk(-8,3)
[21:18:15] [Worker-Main-15/INFO] (Minecraft) [STDOUT]: [Mixin] populateNoise intercepted chunk(-11,3)
[21:18:15] [Worker-Main-14/INFO] (Minecraft) [STDOUT]: [Mixin] populateNoise intercepted chunk(-10,3)
[21:18:15] [Worker-Main-23/INFO] (Minecraft) [STDOUT]: [Mixin] populateNoise intercepted chunk(-9,3)
[21:18:15] [Worker-Main-8/INFO] (Minecraft) [STDOUT]: [Mixin] buildSurface skipped chunk(-8,6)
[21:18:15] [Worker-Main-8/INFO] (Minecraft) [STDOUT]: [Mixin] buildSurface skipped chunk(-12,3)
[21:18:15] [Worker-Main-22/INFO] (Minecraft) [STDOUT]: [Mixin] buildSurface skipped chunk(-8,5)
[21:18:15] [Worker-Main-16/INFO] (Minecraft) [STDOUT]: [Mixin] buildSurface skipped chunk(-6,6)
[21:18:15] [Worker-Main-16/INFO] (Minecraft) [STDOUT]: [Mixin] buildSurface skipped chunk(-7,5)
[21:18:15] [Worker-Main-4/INFO] (Minecraft) [STDOUT]: [Mixin] buildSurface skipped chunk(-7,6)
[21:18:15] [Worker-Main-12/INFO] (Minecraft) [STDOUT]: [Mixin] populateNoise intercepted chunk(-7,4)
[21:18:15] [Worker-Main-7/INFO] (Minecraft) [STDOUT]: [Mixin] populateNoise intercepted chunk(-7,3)
[21:18:15] [Worker-Main-22/INFO] (Minecraft) [STDOUT]: [Mixin] populateNoise intercepted chunk(-12,2)
[21:18:15] [Worker-Main-19/INFO] (Minecraft) [STDOUT]: [Mixin] populateNoise intercepted chunk(-11,2)
[21:18:15] [Worker-Main-1/INFO] (Minecraft) [STDOUT]: [Mixin] populateNoise intercepted chunk(-9,2)
[21:18:15] [Worker-Main-5/INFO] (Minecraft) [STDOUT]: [Mixin] populateNoise intercepted chunk(-10,2)
[21:18:15] [Worker-Main-16/INFO] (Minecraft) [STDOUT]: [Mixin] populateNoise intercepted chunk(-8,2)
[21:18:15] [Worker-Main-2/INFO] (Minecraft) [STDOUT]: [Mixin] populateNoise intercepted chunk(-7,2)
[21:18:15] [Worker-Main-22/INFO] (Minecraft) [STDOUT]: [Mixin] populateNoise intercepted chunk(-6,2)
[21:18:15] [Worker-Main-3/INFO] (Minecraft) [STDOUT]: [Mixin] populateNoise intercepted chunk(-6,3)
[21:18:15] [Worker-Main-20/INFO] (Minecraft) [STDOUT]: [Mixin] populateNoise intercepted chunk(-6,4)
[21:18:15] [Worker-Main-23/INFO] (Minecraft) [STDOUT]: [Mixin] populateNoise intercepted chunk(-5,2)
[21:18:15] [Worker-Main-8/INFO] (Minecraft) [STDOUT]: [Mixin] populateNoise intercepted chunk(-5,3)
[21:18:15] [Worker-Main-9/INFO] (Minecraft) [STDOUT]: [Mixin] buildSurface skipped chunk(-8,3)
[21:18:15] [Worker-Main-9/INFO] (Minecraft) [STDOUT]: [Mixin] buildSurface skipped chunk(-8,4)
[21:18:15] [Worker-Main-15/INFO] (Minecraft) [STDOUT]: [Mixin] buildSurface skipped chunk(-11,3)
[21:18:15] [Worker-Main-4/INFO] (Minecraft) [STDOUT]: [Mixin] buildSurface skipped chunk(-10,3)
[21:18:15] [Worker-Main-6/INFO] (Minecraft) [STDOUT]: [Mixin] buildSurface skipped chunk(-9,3)
[21:18:15] [Worker-Main-4/INFO] (Minecraft) [STDOUT]: [Mixin] populateNoise intercepted chunk(-4,2)
[21:18:15] [Worker-Main-21/INFO] (Minecraft) [STDOUT]: [Mixin] populateNoise intercepted chunk(-4,3)
[21:18:15] [Worker-Main-17/INFO] (Minecraft) [STDOUT]: [Mixin] populateNoise intercepted chunk(-4,4)
[21:18:15] [Worker-Main-17/INFO] (Minecraft) [STDOUT]: [Mixin] populateNoise intercepted chunk(-5,4)
[21:18:15] [Worker-Main-6/INFO] (Minecraft) [STDOUT]: [Mixin] populateNoise intercepted chunk(-3,2)
[21:18:15] [Worker-Main-10/INFO] (Minecraft) [STDOUT]: [Mixin] populateNoise intercepted chunk(-3,3)
[21:18:15] [Worker-Main-6/INFO] (Minecraft) [STDOUT]: [Mixin] populateNoise intercepted chunk(-3,4)
[21:18:15] [Worker-Main-13/INFO] (Minecraft) [STDOUT]: [Mixin] populateNoise intercepted chunk(-4,5)
[21:18:15] [Worker-Main-14/INFO] (Minecraft) [STDOUT]: [Mixin] populateNoise intercepted chunk(-3,5)
[21:18:15] [Worker-Main-18/INFO] (Minecraft) [STDOUT]: [Mixin] populateNoise intercepted chunk(-6,5)
[21:18:15] [Worker-Main-12/INFO] (Minecraft) [STDOUT]: [Mixin] buildSurface skipped chunk(-7,4)
[21:18:15] [Worker-Main-7/INFO] (Minecraft) [STDOUT]: [Mixin] buildSurface skipped chunk(-7,3)
[21:18:15] [Worker-Main-12/INFO] (Minecraft) [STDOUT]: [Mixin] populateNoise intercepted chunk(-5,5)
[21:18:15] [Worker-Main-2/INFO] (Minecraft) [STDOUT]: [Mixin] buildSurface skipped chunk(-7,2)
[21:18:15] [Worker-Main-5/INFO] (Minecraft) [STDOUT]: [Mixin] buildSurface skipped chunk(-10,2)
[21:18:15] [Worker-Main-11/INFO] (Minecraft) [STDOUT]: [Mixin] buildSurface skipped chunk(-12,2)
[21:18:15] [Worker-Main-1/INFO] (Minecraft) [STDOUT]: [CHUNKTIME] n=3584 perChunk(ms): mixin=94.09 gap=103.36 | sumMixin=337.2s sumGap=370.5s | inflight max=23 now=18
[21:18:15] [Worker-Main-1/INFO] (Minecraft) [STDOUT]: [Mixin] buildSurface skipped chunk(-8,2)
[21:18:15] [Worker-Main-19/INFO] (Minecraft) [STDOUT]: [Mixin] buildSurface skipped chunk(-9,2)
[21:18:15] [Worker-Main-11/INFO] (Minecraft) [STDOUT]: [Mixin] buildSurface skipped chunk(-11,2)
[21:18:15] [Worker-Main-14/INFO] (Minecraft) [STDOUT]: [Mixin] buildSurface skipped chunk(-5,2)
[21:18:15] [Worker-Main-14/INFO] (Minecraft) [STDOUT]: [Mixin] buildSurface skipped chunk(-6,2)
[21:18:15] [Worker-Main-6/INFO] (Minecraft) [STDOUT]: [Mixin] buildSurface skipped chunk(-6,3)
[21:18:15] [Worker-Main-17/INFO] (Minecraft) [STDOUT]: [Mixin] buildSurface skipped chunk(-5,3)
[21:18:15] [Worker-Main-4/INFO] (Minecraft) [STDOUT]: [Mixin] buildSurface skipped chunk(-6,4)
[21:18:15] [Worker-Main-17/INFO] (Minecraft) [STDOUT]: [Mixin] buildSurface skipped chunk(-4,3)
[21:18:15] [Worker-Main-4/INFO] (Minecraft) [STDOUT]: [Mixin] buildSurface skipped chunk(-4,4)
[21:18:15] [Worker-Main-4/INFO] (Minecraft) [STDOUT]: [Mixin] buildSurface skipped chunk(-5,4)
[21:18:15] [Worker-Main-12/INFO] (Minecraft) [STDOUT]: [Mixin] buildSurface skipped chunk(-4,2)
[21:18:15] [Worker-Main-18/INFO] (Minecraft) [STDOUT]: [Mixin] buildSurface skipped chunk(-6,5)
[21:18:15] [Worker-Main-3/INFO] (Minecraft) [STDOUT]: [Mixin] buildSurface skipped chunk(-5,5)
[21:18:15] [Worker-Main-14/INFO] (Minecraft) [STDOUT]: [Mixin] buildSurface skipped chunk(-3,4)
[21:18:15] [Worker-Main-8/INFO] (Minecraft) [STDOUT]: [Mixin] buildSurface skipped chunk(-3,5)
[21:18:15] [Worker-Main-8/INFO] (Minecraft) [STDOUT]: [Mixin] buildSurface skipped chunk(-4,5)
[21:18:15] [Worker-Main-14/INFO] (Minecraft) [STDOUT]: [Mixin] buildSurface skipped chunk(-3,3)
[21:18:15] [Worker-Main-6/INFO] (Minecraft) [STDOUT]: [Mixin] populateNoise intercepted chunk(-2,2)
[21:18:15] [Worker-Main-18/INFO] (Minecraft) [STDOUT]: [Mixin] populateNoise intercepted chunk(-2,5)
[21:18:15] [Worker-Main-23/INFO] (Minecraft) [STDOUT]: [Mixin] populateNoise intercepted chunk(-2,3)
[21:18:15] [Worker-Main-11/INFO] (Minecraft) [STDOUT]: [Mixin] populateNoise intercepted chunk(-2,4)
[21:18:15] [Worker-Main-9/INFO] (Minecraft) [STDOUT]: [Mixin] buildSurface skipped chunk(-3,2)
[21:18:15] [Worker-Main-19/INFO] (Minecraft) [STDOUT]: [Mixin] populateNoise intercepted chunk(-1,5)
[21:18:15] [Worker-Main-12/INFO] (Minecraft) [STDOUT]: [Mixin] populateNoise intercepted chunk(-1,2)
[21:18:15] [Worker-Main-13/INFO] (Minecraft) [STDOUT]: [Mixin] populateNoise intercepted chunk(-1,3)
[21:18:15] [Worker-Main-1/INFO] (Minecraft) [STDOUT]: [Mixin] populateNoise intercepted chunk(-1,4)
[21:18:15] [Worker-Main-22/INFO] (Minecraft) [STDOUT]: [Mixin] populateNoise intercepted chunk(0,5)
[21:18:15] [Worker-Main-3/INFO] (Minecraft) [STDOUT]: [Mixin] populateNoise intercepted chunk(0,4)
[21:18:15] [Worker-Main-7/INFO] (Minecraft) [STDOUT]: [Mixin] populateNoise intercepted chunk(0,3)
[21:18:15] [Worker-Main-5/INFO] (Minecraft) [STDOUT]: [Mixin] populateNoise intercepted chunk(0,2)
[21:18:15] [Worker-Main-20/INFO] (Minecraft) [STDOUT]: [Mixin] populateNoise intercepted chunk(1,2)
[21:18:15] [Worker-Main-10/INFO] (Minecraft) [STDOUT]: [Mixin] populateNoise intercepted chunk(2,6)
[21:18:15] [Worker-Main-4/INFO] (Minecraft) [STDOUT]: [Mixin] populateNoise intercepted chunk(2,2)
[21:18:15] [Worker-Main-17/INFO] (Minecraft) [STDOUT]: [Mixin] populateNoise intercepted chunk(1,5)
[21:18:15] [Worker-Main-14/INFO] (Minecraft) [STDOUT]: [Mixin] populateNoise intercepted chunk(1,4)
[21:18:15] [Worker-Main-14/INFO] (Minecraft) [STDOUT]: [Mixin] populateNoise intercepted chunk(1,3)
[21:18:15] [Worker-Main-15/INFO] (Minecraft) [STDOUT]: [Mixin] populateNoise intercepted chunk(2,3)
[21:18:15] [Worker-Main-2/INFO] (Minecraft) [STDOUT]: [Mixin] populateNoise intercepted chunk(2,4)
[21:18:15] [Worker-Main-14/INFO] (Minecraft) [STDOUT]: [Mixin] populateNoise intercepted chunk(2,5)
[21:18:15] [Worker-Main-16/INFO] (Minecraft) [STDOUT]: [Mixin] populateNoise intercepted chunk(2,7)
[21:18:15] [Worker-Main-9/INFO] (Minecraft) [STDOUT]: [Mixin] populateNoise intercepted chunk(2,8)
[21:18:15] [Worker-Main-13/INFO] (Minecraft) [STDOUT]: [Mixin] buildSurface skipped chunk(-1,3)
[21:18:15] [Worker-Main-13/INFO] (Minecraft) [STDOUT]: [Mixin] buildSurface skipped chunk(-2,4)
[21:18:15] [Worker-Main-4/INFO] (Minecraft) [STDOUT]: [Mixin] buildSurface skipped chunk(-2,3)
[21:18:15] [Worker-Main-1/INFO] (Minecraft) [STDOUT]: [Mixin] buildSurface skipped chunk(-1,4)
[21:18:15] [Worker-Main-11/INFO] (Minecraft) [STDOUT]: [Mixin] buildSurface skipped chunk(2,2)
[21:18:15] [Worker-Main-18/INFO] (Minecraft) [STDOUT]: [Mixin] buildSurface skipped chunk(-2,5)
[21:18:15] [Worker-Main-18/INFO] (Minecraft) [STDOUT]: [Mixin] buildSurface skipped chunk(-2,2)
[21:18:15] [Worker-Main-5/INFO] (Minecraft) [STDOUT]: [Mixin] buildSurface skipped chunk(0,3)
[21:18:15] [Worker-Main-15/INFO] (Minecraft) [STDOUT]: [Mixin] buildSurface skipped chunk(-1,2)
[21:18:15] [Worker-Main-21/INFO] (Minecraft) [STDOUT]: [Mixin] buildSurface skipped chunk(0,2)
[21:18:15] [Worker-Main-5/INFO] (Minecraft) [STDOUT]: [Mixin] buildSurface skipped chunk(-1,5)
[21:18:15] [Worker-Main-21/INFO] (Minecraft) [STDOUT]: [Mixin] buildSurface skipped chunk(0,5)
[21:18:15] [Worker-Main-17/INFO] (Minecraft) [STDOUT]: [Mixin] buildSurface skipped chunk(0,4)
[21:18:15] [Worker-Main-16/INFO] (Minecraft) [STDOUT]: [Mixin] buildSurface skipped chunk(1,2)
[21:18:15] [Worker-Main-4/INFO] (Minecraft) [STDOUT]: [Mixin] buildSurface skipped chunk(1,4)
[21:18:15] [Worker-Main-6/INFO] (Minecraft) [STDOUT]: [Mixin] buildSurface skipped chunk(1,5)
[21:18:15] [Worker-Main-16/INFO] (Minecraft) [STDOUT]: [Mixin] buildSurface skipped chunk(1,3)
[21:18:15] [Worker-Main-21/INFO] (Minecraft) [STDOUT]: [Mixin] populateNoise intercepted chunk(2,9)
[21:18:15] [Worker-Main-23/INFO] (Minecraft) [STDOUT]: [Mixin] buildSurface skipped chunk(2,5)
[21:18:15] [Worker-Main-14/INFO] (Minecraft) [STDOUT]: [Mixin] buildSurface skipped chunk(2,3)
[21:18:15] [Worker-Main-17/INFO] (Minecraft) [STDOUT]: [Mixin] buildSurface skipped chunk(2,4)
[21:18:15] [Worker-Main-17/INFO] (Minecraft) [STDOUT]: [Mixin] buildSurface skipped chunk(2,6)
[21:18:15] [Worker-Main-17/INFO] (Minecraft) [STDOUT]: [Mixin] buildSurface skipped chunk(2,8)
[21:18:15] [Worker-Main-14/INFO] (Minecraft) [STDOUT]: [Mixin] buildSurface skipped chunk(2,7)
[21:18:16] [Worker-Main-23/INFO] (Minecraft) [STDOUT]: [Mixin] populateNoise intercepted chunk(2,12)
[21:18:16] [Worker-Main-4/INFO] (Minecraft) [STDOUT]: [Mixin] populateNoise intercepted chunk(2,11)
[21:18:16] [Worker-Main-2/INFO] (Minecraft) [STDOUT]: [Mixin] populateNoise intercepted chunk(2,10)
[21:18:16] [Worker-Main-8/INFO] (Minecraft) [STDOUT]: [Mixin] populateNoise intercepted chunk(2,13)
[21:18:16] [Worker-Main-16/INFO] (Minecraft) [STDOUT]: [Mixin] populateNoise intercepted chunk(3,2)
[21:18:16] [Worker-Main-10/INFO] (Minecraft) [STDOUT]: [Mixin] populateNoise intercepted chunk(3,3)
[21:18:16] [Worker-Main-22/INFO] (Minecraft) [STDOUT]: [Mixin] populateNoise intercepted chunk(3,5)
[21:18:16] [Worker-Main-11/INFO] (Minecraft) [STDOUT]: [Mixin] populateNoise intercepted chunk(3,4)
[21:18:16] [Worker-Main-12/INFO] (Minecraft) [STDOUT]: [Mixin] populateNoise intercepted chunk(3,6)
[21:18:16] [Worker-Main-3/INFO] (Minecraft) [STDOUT]: [Mixin] populateNoise intercepted chunk(3,7)
[21:18:16] [Worker-Main-13/INFO] (Minecraft) [STDOUT]: [Mixin] populateNoise intercepted chunk(2,14)
[21:18:16] [Worker-Main-20/INFO] (Minecraft) [STDOUT]: [Mixin] populateNoise intercepted chunk(2,15)
[21:18:16] [Worker-Main-18/INFO] (Minecraft) [STDOUT]: [Mixin] populateNoise intercepted chunk(2,16)
[21:18:16] [Worker-Main-6/INFO] (Minecraft) [STDOUT]: [Mixin] populateNoise intercepted chunk(2,17)
[21:18:16] [Worker-Main-9/INFO] (Minecraft) [STDOUT]: [Mixin] populateNoise intercepted chunk(2,18)
[21:18:16] [Worker-Main-1/INFO] (Minecraft) [STDOUT]: [Mixin] populateNoise intercepted chunk(2,19)
[21:18:16] [Worker-Main-15/INFO] (Minecraft) [STDOUT]: [Mixin] populateNoise intercepted chunk(2,20)
[21:18:16] [Worker-Main-5/INFO] (Minecraft) [STDOUT]: [Mixin] populateNoise intercepted chunk(3,8)
[21:18:16] [Worker-Main-17/INFO] (Minecraft) [STDOUT]: [Mixin] populateNoise intercepted chunk(2,21)
[21:18:16] [Worker-Main-19/INFO] (Minecraft) [STDOUT]: [Mixin] populateNoise intercepted chunk(2,22)
[21:18:16] [Worker-Main-7/INFO] (Minecraft) [STDOUT]: [Mixin] populateNoise intercepted chunk(2,23)
[21:18:16] [Worker-Main-14/INFO] (Minecraft) [STDOUT]: [Mixin] populateNoise intercepted chunk(2,24)
[21:18:16] [Worker-Main-21/INFO] (Minecraft) [STDOUT]: [Mixin] buildSurface skipped chunk(2,9)
[21:18:16] [Worker-Main-21/INFO] (Minecraft) [STDOUT]: [Mixin] populateNoise intercepted chunk(3,9)
[21:18:16] [Worker-Main-23/INFO] (Minecraft) [STDOUT]: [Mixin] buildSurface skipped chunk(2,12)
[21:18:16] [Worker-Main-22/INFO] (Minecraft) [STDOUT]: [Mixin] buildSurface skipped chunk(3,5)
[21:18:16] [Worker-Main-22/INFO] (Minecraft) [STDOUT]: [Mixin] buildSurface skipped chunk(2,10)
[21:18:16] [Worker-Main-22/INFO] (Minecraft) [STDOUT]: [Mixin] populateNoise intercepted chunk(3,10)
[21:18:16] [Worker-Main-23/INFO] (Minecraft) [STDOUT]: [Mixin] buildSurface skipped chunk(3,3)
[21:18:16] [Worker-Main-10/INFO] (Minecraft) [STDOUT]: [Mixin] buildSurface skipped chunk(3,6)
[21:18:16] [Worker-Main-13/INFO] (Minecraft) [STDOUT]: [Mixin] buildSurface skipped chunk(2,14)
[21:18:16] [Worker-Main-11/INFO] (Minecraft) [STDOUT]: [Mixin] buildSurface skipped chunk(3,4)
[21:18:16] [Worker-Main-12/INFO] (Minecraft) [STDOUT]: [Mixin] buildSurface skipped chunk(2,20)
[21:18:16] [Worker-Main-10/INFO] (Minecraft) [STDOUT]: [Mixin] buildSurface skipped chunk(2,19)
[21:18:16] [Worker-Main-13/INFO] (Minecraft) [STDOUT]: [Mixin] buildSurface skipped chunk(2,13)
[21:18:16] [Worker-Main-6/INFO] (Minecraft) [STDOUT]: [Mixin] buildSurface skipped chunk(2,17)
[21:18:16] [Worker-Main-5/INFO] (Minecraft) [STDOUT]: [Mixin] buildSurface skipped chunk(2,22)
[21:18:16] [Worker-Main-7/INFO] (Minecraft) [STDOUT]: [Mixin] buildSurface skipped chunk(2,15)
[21:18:16] [Worker-Main-7/INFO] (Minecraft) [STDOUT]: [Mixin] buildSurface skipped chunk(2,11)
[21:18:16] [Worker-Main-5/INFO] (Minecraft) [STDOUT]: [Mixin] buildSurface skipped chunk(2,23)
[21:18:16] [Worker-Main-18/INFO] (Minecraft) [STDOUT]: [Mixin] buildSurface skipped chunk(2,21)
[21:18:16] [Worker-Main-14/INFO] (Minecraft) [STDOUT]: [Mixin] buildSurface skipped chunk(2,18)
[21:18:16] [Worker-Main-9/INFO] (Minecraft) [STDOUT]: [Mixin] buildSurface skipped chunk(2,24)
[21:18:16] [Worker-Main-9/INFO] (Minecraft) [STDOUT]: [Mixin] buildSurface skipped chunk(2,16)
[21:18:16] [Worker-Main-7/INFO] (Minecraft) [STDOUT]: [Mixin] populateNoise intercepted chunk(3,11)
[21:18:16] [Worker-Main-19/INFO] (Minecraft) [STDOUT]: [Mixin] populateNoise intercepted chunk(3,12)
[21:18:16] [Worker-Main-9/INFO] (Minecraft) [STDOUT]: [Mixin] populateNoise intercepted chunk(3,13)
[21:18:16] [Worker-Main-14/INFO] (Minecraft) [STDOUT]: [Mixin] buildSurface skipped chunk(3,2)
[21:18:16] [Worker-Main-14/INFO] (Minecraft) [STDOUT]: [Mixin] populateNoise intercepted chunk(3,14)
[21:18:16] [Worker-Main-18/INFO] (Minecraft) [STDOUT]: [Mixin] populateNoise intercepted chunk(3,15)
[21:18:16] [Worker-Main-5/INFO] (Minecraft) [STDOUT]: [Mixin] buildSurface skipped chunk(3,8)
[21:18:16] [Worker-Main-4/INFO] (Minecraft) [STDOUT]: [Mixin] buildSurface skipped chunk(3,7)
[21:18:16] [Worker-Main-4/INFO] (Minecraft) [STDOUT]: [Mixin] buildSurface skipped chunk(3,9)
[21:18:16] [Worker-Main-4/INFO] (Minecraft) [STDOUT]: [Mixin] buildSurface skipped chunk(3,10)
[21:18:16] [Worker-Main-16/INFO] (Minecraft) [STDOUT]: [Mixin] populateNoise intercepted chunk(3,16)
[21:18:16] [Worker-Main-6/INFO] (Minecraft) [STDOUT]: [Mixin] populateNoise intercepted chunk(3,17)
[21:18:16] [Worker-Main-21/INFO] (Minecraft) [STDOUT]: [Mixin] populateNoise intercepted chunk(3,18)
[21:18:16] [Worker-Main-11/INFO] (Minecraft) [STDOUT]: [Mixin] populateNoise intercepted chunk(3,19)
[21:18:16] [Worker-Main-3/INFO] (Minecraft) [STDOUT]: [Mixin] populateNoise intercepted chunk(3,20)
[21:18:16] [Worker-Main-2/INFO] (Minecraft) [STDOUT]: [Mixin] populateNoise intercepted chunk(4,2)
[21:18:16] [Worker-Main-5/INFO] (Minecraft) [STDOUT]: [Mixin] populateNoise intercepted chunk(4,3)
[21:18:16] [Worker-Main-23/INFO] (Minecraft) [STDOUT]: [Mixin] populateNoise intercepted chunk(4,4)
[21:18:16] [Worker-Main-12/INFO] (Minecraft) [STDOUT]: [Mixin] populateNoise intercepted chunk(4,13)
[21:18:16] [Worker-Main-8/INFO] (Minecraft) [STDOUT]: [Mixin] populateNoise intercepted chunk(4,12)
[21:18:16] [Worker-Main-13/INFO] (Minecraft) [STDOUT]: [Mixin] populateNoise intercepted chunk(4,8)
[21:18:16] [Worker-Main-15/INFO] (Minecraft) [STDOUT]: [Mixin] populateNoise intercepted chunk(4,5)
[21:18:16] [Worker-Main-23/INFO] (Minecraft) [STDOUT]: [Mixin] populateNoise intercepted chunk(4,6)
[21:18:16] [Worker-Main-20/INFO] (Minecraft) [STDOUT]: [Mixin] populateNoise intercepted chunk(4,7)
[21:18:16] [Worker-Main-22/INFO] (Minecraft) [STDOUT]: [Mixin] populateNoise intercepted chunk(4,9)
[21:18:16] [Worker-Main-4/INFO] (Minecraft) [STDOUT]: [Mixin] populateNoise intercepted chunk(4,10)
[21:18:16] [Worker-Main-17/INFO] (Minecraft) [STDOUT]: [Mixin] populateNoise intercepted chunk(4,11)
[21:18:16] [Worker-Main-1/INFO] (Minecraft) [STDOUT]: [Mixin] populateNoise intercepted chunk(4,14)
[21:18:16] [Worker-Main-9/INFO] (Minecraft) [STDOUT]: [Mixin] buildSurface skipped chunk(3,13)
[21:18:16] [Worker-Main-9/INFO] (Minecraft) [STDOUT]: [Mixin] populateNoise intercepted chunk(4,15)
[21:18:16] [Worker-Main-19/INFO] (Minecraft) [STDOUT]: [Mixin] buildSurface skipped chunk(3,12)
[21:18:16] [Worker-Main-19/INFO] (Minecraft) [STDOUT]: [Mixin] buildSurface skipped chunk(3,11)
[21:18:16] [Worker-Main-7/INFO] (Minecraft) [STDOUT]: [Mixin] populateNoise intercepted chunk(4,16)
[21:18:16] [Worker-Main-18/INFO] (Minecraft) [STDOUT]: [Mixin] buildSurface skipped chunk(3,15)
[21:18:16] [Worker-Main-18/INFO] (Minecraft) [STDOUT]: [Mixin] populateNoise intercepted chunk(4,17)
[21:18:16] [Worker-Main-14/INFO] (Minecraft) [STDOUT]: [Mixin] buildSurface skipped chunk(3,14)
[21:18:16] [Worker-Main-19/INFO] (Minecraft) [STDOUT]: [Mixin] populateNoise intercepted chunk(4,18)
[21:18:16] [Worker-Main-14/INFO] (Minecraft) [STDOUT]: [Mixin] populateNoise intercepted chunk(4,19)
[21:18:16] [Worker-Main-12/INFO] (Minecraft) [STDOUT]: [Mixin] populateNoise intercepted chunk(4,20)
[21:18:16] [Worker-Main-13/INFO] (Minecraft) [STDOUT]: [Mixin] buildSurface skipped chunk(4,8)
[21:18:16] [Worker-Main-13/INFO] (Minecraft) [STDOUT]: [Mixin] buildSurface skipped chunk(4,13)
[21:18:16] [Worker-Main-13/INFO] (Minecraft) [STDOUT]: [Mixin] buildSurface skipped chunk(4,3)
[21:18:16] [Worker-Main-8/INFO] (Minecraft) [STDOUT]: [Mixin] buildSurface skipped chunk(3,16)
[21:18:16] [Worker-Main-20/INFO] (Minecraft) [STDOUT]: [Mixin] buildSurface skipped chunk(3,17)
[21:18:16] [Worker-Main-11/INFO] (Minecraft) [STDOUT]: [Mixin] buildSurface skipped chunk(3,19)
[21:18:16] [Worker-Main-3/INFO] (Minecraft) [STDOUT]: [Mixin] buildSurface skipped chunk(3,18)
[21:18:16] [Worker-Main-20/INFO] (Minecraft) [STDOUT]: [Mixin] buildSurface skipped chunk(3,20)
[21:18:16] [Worker-Main-6/INFO] (Minecraft) [STDOUT]: [Mixin] buildSurface skipped chunk(4,12)
[21:18:16] [Worker-Main-6/INFO] (Minecraft) [STDOUT]: [Mixin] buildSurface skipped chunk(4,5)
[21:18:16] [Worker-Main-6/INFO] (Minecraft) [STDOUT]: [Mixin] buildSurface skipped chunk(4,9)
[21:18:16] [Worker-Main-1/INFO] (Minecraft) [STDOUT]: [Mixin] buildSurface skipped chunk(4,11)
[21:18:16] [Worker-Main-1/INFO] (Minecraft) [STDOUT]: [Mixin] buildSurface skipped chunk(4,10)
[21:18:16] [Worker-Main-20/INFO] (Minecraft) [STDOUT]: [Mixin] buildSurface skipped chunk(4,7)
[21:18:16] [Worker-Main-20/INFO] (Minecraft) [STDOUT]: [Mixin] buildSurface skipped chunk(4,2)
[21:18:16] [Worker-Main-23/INFO] (Minecraft) [STDOUT]: [Mixin] buildSurface skipped chunk(4,4)
[21:18:16] [Worker-Main-20/INFO] (Minecraft) [STDOUT]: [Mixin] buildSurface skipped chunk(4,6)
[21:18:16] [Worker-Main-3/INFO] (Minecraft) [STDOUT]: [Mixin] buildSurface skipped chunk(4,14)
[21:18:16] [Worker-Main-20/INFO] (Minecraft) [STDOUT]: [Mixin] buildSurface skipped chunk(4,16)
[21:18:16] [Worker-Main-16/INFO] (Minecraft) [STDOUT]: [Mixin] buildSurface skipped chunk(4,15)
[21:18:16] [Worker-Main-16/INFO] (Minecraft) [STDOUT]: [Mixin] buildSurface skipped chunk(4,17)
[21:18:16] [Worker-Main-12/INFO] (Minecraft) [STDOUT]: [Mixin] buildSurface skipped chunk(4,18)
[21:18:16] [Worker-Main-20/INFO] (Minecraft) [STDOUT]: [Mixin] buildSurface skipped chunk(4,19)
[21:18:16] [Worker-Main-16/INFO] (Minecraft) [STDOUT]: [Mixin] buildSurface skipped chunk(4,20)
[21:18:16] [Worker-Main-18/INFO] (Minecraft) [STDOUT]: [Mixin] populateNoise intercepted chunk(5,10)
[21:18:16] [Worker-Main-9/INFO] (Minecraft) [STDOUT]: [Mixin] populateNoise intercepted chunk(5,11)
[21:18:16] [Worker-Main-19/INFO] (Minecraft) [STDOUT]: [Mixin] populateNoise intercepted chunk(5,8)
[21:18:16] [Worker-Main-10/INFO] (Minecraft) [STDOUT]: [Mixin] populateNoise intercepted chunk(5,12)
[21:18:16] [Worker-Main-10/INFO] (Minecraft) [STDOUT]: [Mixin] populateNoise intercepted chunk(5,9)
[21:18:16] [Worker-Main-12/INFO] (Minecraft) [STDOUT]: [Mixin] populateNoise intercepted chunk(5,6)
[21:18:16] [Worker-Main-14/INFO] (Minecraft) [STDOUT]: [Mixin] populateNoise intercepted chunk(5,7)
[21:18:16] [Worker-Main-16/INFO] (Minecraft) [STDOUT]: [Mixin] populateNoise intercepted chunk(5,2)
[21:18:16] [Worker-Main-1/INFO] (Minecraft) [STDOUT]: [Mixin] populateNoise intercepted chunk(5,5)
[21:18:16] [Worker-Main-3/INFO] (Minecraft) [STDOUT]: [Mixin] populateNoise intercepted chunk(5,13)
[21:18:16] [Worker-Main-9/INFO] (Minecraft) [STDOUT]: [Mixin] populateNoise intercepted chunk(5,3)
[21:18:16] [Worker-Main-22/INFO] (Minecraft) [STDOUT]: [Mixin] populateNoise intercepted chunk(5,14)
[21:18:16] [Worker-Main-11/INFO] (Minecraft) [STDOUT]: [Mixin] populateNoise intercepted chunk(5,4)
[21:18:16] [Worker-Main-13/INFO] (Minecraft) [STDOUT]: [Mixin] populateNoise intercepted chunk(2,25)
[21:18:16] [Worker-Main-5/INFO] (Minecraft) [STDOUT]: [Mixin] populateNoise intercepted chunk(5,15)
[21:18:16] [Worker-Main-4/INFO] (Minecraft) [STDOUT]: [Mixin] populateNoise intercepted chunk(5,16)
[21:18:16] [Worker-Main-6/INFO] (Minecraft) [STDOUT]: [Mixin] populateNoise intercepted chunk(2,26)
[21:18:16] [Worker-Main-20/INFO] (Minecraft) [STDOUT]: [Mixin] populateNoise intercepted chunk(2,27)
[21:18:16] [Worker-Main-2/INFO] (Minecraft) [STDOUT]: [Mixin] populateNoise intercepted chunk(2,28)
[21:18:16] [Worker-Main-21/INFO] (Minecraft) [STDOUT]: [Mixin] populateNoise intercepted chunk(2,29)
[21:18:16] [Worker-Main-15/INFO] (Minecraft) [STDOUT]: [Mixin] populateNoise intercepted chunk(2,30)
[21:18:16] [Worker-Main-17/INFO] (Minecraft) [STDOUT]: [Mixin] populateNoise intercepted chunk(2,31)
[21:18:16] [Worker-Main-8/INFO] (Minecraft) [STDOUT]: [Mixin] populateNoise intercepted chunk(2,32)
[21:18:16] [Worker-Main-19/INFO] (Minecraft) [STDOUT]: [Mixin] populateNoise intercepted chunk(3,21)
[21:18:16] [Worker-Main-23/INFO] (Minecraft) [STDOUT]: [Mixin] buildSurface skipped chunk(5,8)
[21:18:16] [Worker-Main-23/INFO] (Minecraft) [STDOUT]: [Mixin] buildSurface skipped chunk(5,7)
[21:18:16] [Worker-Main-23/INFO] (Minecraft) [STDOUT]: [Mixin] buildSurface skipped chunk(5,12)
[21:18:16] [Worker-Main-7/INFO] (Minecraft) [STDOUT]: [Mixin] populateNoise intercepted chunk(3,22)
[21:18:16] [Worker-Main-11/INFO] (Minecraft) [STDOUT]: [Mixin] buildSurface skipped chunk(5,11)
[21:18:16] [Worker-Main-23/INFO] (Minecraft) [STDOUT]: [Mixin] buildSurface skipped chunk(5,6)
[21:18:16] [Worker-Main-23/INFO] (Minecraft) [STDOUT]: [Mixin] buildSurface skipped chunk(5,4)
[21:18:16] [Worker-Main-14/INFO] (Minecraft) [STDOUT]: [Mixin] buildSurface skipped chunk(2,25)
[21:18:16] [Worker-Main-22/INFO] (Minecraft) [STDOUT]: [Mixin] buildSurface skipped chunk(2,30)
[21:18:16] [Worker-Main-9/INFO] (Minecraft) [STDOUT]: [Mixin] buildSurface skipped chunk(2,31)
[21:18:16] [Worker-Main-6/INFO] (Minecraft) [STDOUT]: [Mixin] buildSurface skipped chunk(2,26)
[21:18:16] [Worker-Main-16/INFO] (Minecraft) [STDOUT]: [Mixin] buildSurface skipped chunk(2,29)
[21:18:16] [Worker-Main-16/INFO] (Minecraft) [STDOUT]: [Mixin] buildSurface skipped chunk(2,28)
[21:18:16] [Worker-Main-2/INFO] (Minecraft) [STDOUT]: [Mixin] buildSurface skipped chunk(2,27)
[21:18:16] [Worker-Main-22/INFO] (Minecraft) [STDOUT]: [Mixin] buildSurface skipped chunk(2,32)
[21:18:16] [Worker-Main-6/INFO] (Minecraft) [STDOUT]: [Mixin] buildSurface skipped chunk(5,10)
[21:18:16] [Worker-Main-9/INFO] (Minecraft) [STDOUT]: [Mixin] buildSurface skipped chunk(5,3)
[21:18:16] [Worker-Main-9/INFO] (Minecraft) [STDOUT]: [Mixin] buildSurface skipped chunk(5,5)
[21:18:16] [Worker-Main-5/INFO] (Minecraft) [STDOUT]: [Mixin] buildSurface skipped chunk(5,13)
[21:18:16] [Worker-Main-6/INFO] (Minecraft) [STDOUT]: [Mixin] buildSurface skipped chunk(5,9)
[21:18:16] [Worker-Main-9/INFO] (Minecraft) [STDOUT]: [Mixin] buildSurface skipped chunk(5,14)
[21:18:16] [Worker-Main-20/INFO] (Minecraft) [STDOUT]: [Mixin] buildSurface skipped chunk(5,2)
[21:18:16] [Worker-Main-5/INFO] (Minecraft) [STDOUT]: [Mixin] buildSurface skipped chunk(5,16)
[21:18:16] [Worker-Main-6/INFO] (Minecraft) [STDOUT]: [Mixin] buildSurface skipped chunk(5,15)
[21:18:16] [Worker-Main-22/INFO] (Minecraft) [STDOUT]: [Mixin] buildSurface skipped chunk(3,21)
[21:18:16] [Worker-Main-2/INFO] (Minecraft) [STDOUT]: [Mixin] buildSurface skipped chunk(3,22)
[21:18:16] [Worker-Main-7/INFO] (Minecraft) [STDOUT]: [Mixin] populateNoise intercepted chunk(5,17)
[21:18:16] [Worker-Main-18/INFO] (Minecraft) [STDOUT]: [Mixin] populateNoise intercepted chunk(3,23)
[21:18:16] [Worker-Main-16/INFO] (Minecraft) [STDOUT]: [Mixin] populateNoise intercepted chunk(5,18)
[21:18:16] [Worker-Main-22/INFO] (Minecraft) [STDOUT]: [Mixin] populateNoise intercepted chunk(3,24)
[21:18:16] [Worker-Main-4/INFO] (Minecraft) [STDOUT]: [Mixin] populateNoise intercepted chunk(3,25)
[21:18:16] [Worker-Main-8/INFO] (Minecraft) [STDOUT]: [Mixin] populateNoise intercepted chunk(3,26)
[21:18:16] [Worker-Main-13/INFO] (Minecraft) [STDOUT]: [Mixin] populateNoise intercepted chunk(3,27)
[21:18:16] [Worker-Main-15/INFO] (Minecraft) [STDOUT]: [Mixin] populateNoise intercepted chunk(3,28)
[21:18:16] [Worker-Main-5/INFO] (Minecraft) [STDOUT]: [Mixin] populateNoise intercepted chunk(3,32)
[21:18:16] [Worker-Main-3/INFO] (Minecraft) [STDOUT]: [Mixin] populateNoise intercepted chunk(3,29)
[21:18:16] [Worker-Main-20/INFO] (Minecraft) [STDOUT]: [Mixin] populateNoise intercepted chunk(3,30)
[21:18:16] [Worker-Main-9/INFO] (Minecraft) [STDOUT]: [Mixin] populateNoise intercepted chunk(3,31)
[21:18:16] [Worker-Main-1/INFO] (Minecraft) [STDOUT]: [Mixin] populateNoise intercepted chunk(5,19)
[21:18:16] [Worker-Main-14/INFO] (Minecraft) [STDOUT]: [Mixin] populateNoise intercepted chunk(5,20)
[21:18:16] [Worker-Main-10/INFO] (Minecraft) [STDOUT]: [Mixin] populateNoise intercepted chunk(4,21)
[21:18:16] [Worker-Main-2/INFO] (Minecraft) [STDOUT]: [Mixin] populateNoise intercepted chunk(4,22)
[21:18:16] [Worker-Main-23/INFO] (Minecraft) [STDOUT]: [Mixin] populateNoise intercepted chunk(4,23)
[21:18:16] [Worker-Main-12/INFO] (Minecraft) [STDOUT]: [Mixin] populateNoise intercepted chunk(4,27)
[21:18:16] [Worker-Main-11/INFO] (Minecraft) [STDOUT]: [Mixin] populateNoise intercepted chunk(4,24)
[21:18:16] [Worker-Main-15/INFO] (Minecraft) [STDOUT]: [Mixin] populateNoise intercepted chunk(4,25)
[21:18:16] [Worker-Main-6/INFO] (Minecraft) [STDOUT]: [Mixin] populateNoise intercepted chunk(4,26)
[21:18:16] [Worker-Main-19/INFO] (Minecraft) [STDOUT]: [Mixin] populateNoise intercepted chunk(4,28)
[21:18:16] [Worker-Main-21/INFO] (Minecraft) [STDOUT]: [Mixin] populateNoise intercepted chunk(4,29)
[21:18:16] [Worker-Main-13/INFO] (Minecraft) [STDOUT]: [Mixin] buildSurface skipped chunk(3,27)
[21:18:16] [Worker-Main-7/INFO] (Minecraft) [STDOUT]: [Mixin] populateNoise intercepted chunk(6,2)
[21:18:16] [Worker-Main-8/INFO] (Minecraft) [STDOUT]: [Mixin] buildSurface skipped chunk(3,26)
[21:18:16] [Worker-Main-4/INFO] (Minecraft) [STDOUT]: [Mixin] buildSurface skipped chunk(3,25)
[21:18:16] [Worker-Main-5/INFO] (Minecraft) [STDOUT]: [Mixin] buildSurface skipped chunk(3,23)
[21:18:16] [Worker-Main-5/INFO] (Minecraft) [STDOUT]: [Mixin] buildSurface skipped chunk(3,31)
[21:18:16] [Worker-Main-11/INFO] (Minecraft) [STDOUT]: [Mixin] buildSurface skipped chunk(3,29)
[21:18:16] [Worker-Main-15/INFO] (Minecraft) [STDOUT]: [Mixin] buildSurface skipped chunk(3,30)
[21:18:16] [Worker-Main-15/INFO] (Minecraft) [STDOUT]: [Mixin] buildSurface skipped chunk(3,28)
[21:18:16] [Worker-Main-22/INFO] (Minecraft) [STDOUT]: [Mixin] buildSurface skipped chunk(3,24)
[21:18:16] [Worker-Main-5/INFO] (Minecraft) [STDOUT]: [Mixin] buildSurface skipped chunk(3,32)
[21:18:16] [Worker-Main-14/INFO] (Minecraft) [STDOUT]: [Mixin] populateNoise intercepted chunk(4,30)
[21:18:16] [Worker-Main-11/INFO] (Minecraft) [STDOUT]: [Mixin] buildSurface skipped chunk(4,22)
[21:18:16] [Worker-Main-21/INFO] (Minecraft) [STDOUT]: [Mixin] buildSurface skipped chunk(4,27)
[21:18:16] [Worker-Main-11/INFO] (Minecraft) [STDOUT]: [Mixin] buildSurface skipped chunk(4,23)
[21:18:16] [Worker-Main-21/INFO] (Minecraft) [STDOUT]: [Mixin] buildSurface skipped chunk(4,21)
[21:18:16] [Worker-Main-10/INFO] (Minecraft) [STDOUT]: [Mixin] buildSurface skipped chunk(4,26)
[21:18:16] [Worker-Main-10/INFO] (Minecraft) [STDOUT]: [Mixin] buildSurface skipped chunk(4,24)
[21:18:16] [Worker-Main-21/INFO] (Minecraft) [STDOUT]: [Mixin] buildSurface skipped chunk(4,25)
[21:18:16] [Worker-Main-21/INFO] (Minecraft) [STDOUT]: [Mixin] buildSurface skipped chunk(4,29)
[21:18:16] [Worker-Main-17/INFO] (Minecraft) [STDOUT]: [Mixin] buildSurface skipped chunk(4,28)
[21:18:16] [Worker-Main-15/INFO] (Minecraft) [STDOUT]: [Mixin] buildSurface skipped chunk(5,17)
[21:18:16] [Worker-Main-11/INFO] (Minecraft) [STDOUT]: [Mixin] buildSurface skipped chunk(5,18)
[21:18:16] [Worker-Main-7/INFO] (Minecraft) [STDOUT]: [Mixin] buildSurface skipped chunk(5,19)
[21:18:16] [Worker-Main-11/INFO] (Minecraft) [STDOUT]: [Mixin] buildSurface skipped chunk(5,20)
[21:18:16] [Worker-Main-22/INFO] (Minecraft) [STDOUT]: [Mixin] buildSurface skipped chunk(6,2)
[21:18:16] [Worker-Main-18/INFO] (Minecraft) [STDOUT]: [Mixin] populateNoise intercepted chunk(4,31)
[21:18:16] [Worker-Main-17/INFO] (Minecraft) [STDOUT]: [Mixin] populateNoise intercepted chunk(6,8)
[21:18:16] [Worker-Main-6/INFO] (Minecraft) [STDOUT]: [Mixin] populateNoise intercepted chunk(6,10)
[21:18:16] [Worker-Main-22/INFO] (Minecraft) [STDOUT]: [Mixin] populateNoise intercepted chunk(6,9)
[21:18:16] [Worker-Main-23/INFO] (Minecraft) [STDOUT]: [Mixin] populateNoise intercepted chunk(6,7)
[21:18:16] [Worker-Main-3/INFO] (Minecraft) [STDOUT]: [Mixin] populateNoise intercepted chunk(6,11)
[21:18:16] [Worker-Main-18/INFO] (Minecraft) [STDOUT]: [Mixin] populateNoise intercepted chunk(6,3)
[21:18:16] [Worker-Main-9/INFO] (Minecraft) [STDOUT]: [Mixin] populateNoise intercepted chunk(6,16)
[21:18:16] [Worker-Main-21/INFO] (Minecraft) [STDOUT]: [Mixin] populateNoise intercepted chunk(6,17)
[21:18:16] [Worker-Main-8/INFO] (Minecraft) [STDOUT]: [Mixin] populateNoise intercepted chunk(6,18)
[21:18:16] [Worker-Main-15/INFO] (Minecraft) [STDOUT]: [Mixin] populateNoise intercepted chunk(6,12)
[21:18:16] [Worker-Main-16/INFO] (Minecraft) [STDOUT]: [Mixin] populateNoise intercepted chunk(5,21)
[21:18:16] [Worker-Main-5/INFO] (Minecraft) [STDOUT]: [Mixin] populateNoise intercepted chunk(6,13)
[21:18:16] [Worker-Main-20/INFO] (Minecraft) [STDOUT]: [Mixin] populateNoise intercepted chunk(6,14)
[21:18:16] [Worker-Main-4/INFO] (Minecraft) [STDOUT]: [Mixin] populateNoise intercepted chunk(4,32)
[21:18:16] [Worker-Main-7/INFO] (Minecraft) [STDOUT]: [Mixin] populateNoise intercepted chunk(6,15)
[21:18:16] [Worker-Main-13/INFO] (Minecraft) [STDOUT]: [Mixin] populateNoise intercepted chunk(6,4)
[21:18:16] [Worker-Main-2/INFO] (Minecraft) [STDOUT]: [Mixin] populateNoise intercepted chunk(6,5)
[21:18:16] [Worker-Main-12/INFO] (Minecraft) [STDOUT]: [Mixin] populateNoise intercepted chunk(5,22)
[21:18:16] [Worker-Main-11/INFO] (Minecraft) [STDOUT]: [Mixin] populateNoise intercepted chunk(5,23)
[21:18:16] [Worker-Main-19/INFO] (Minecraft) [STDOUT]: [Mixin] populateNoise intercepted chunk(5,24)
[21:18:16] [Worker-Main-10/INFO] (Minecraft) [STDOUT]: [Mixin] populateNoise intercepted chunk(5,25)
[21:18:16] [Worker-Main-14/INFO] (Minecraft) [STDOUT]: [Mixin] buildSurface skipped chunk(4,30)
[21:18:16] [Worker-Main-14/INFO] (Minecraft) [STDOUT]: [Mixin] populateNoise intercepted chunk(6,6)
[21:18:16] [Worker-Main-8/INFO] (Minecraft) [STDOUT]: [Mixin] populateNoise intercepted chunk(6,19)
[21:18:16] [Worker-Main-17/INFO] (Minecraft) [STDOUT]: [Mixin] populateNoise intercepted chunk(6,20)
[21:18:16] [Worker-Main-22/INFO] (Minecraft) [STDOUT]: [Mixin] buildSurface skipped chunk(6,18)
[21:18:16] [Worker-Main-22/INFO] (Minecraft) [STDOUT]: [Mixin] buildSurface skipped chunk(6,8)
[21:18:16] [Worker-Main-22/INFO] (Minecraft) [STDOUT]: [Mixin] buildSurface skipped chunk(6,9)
[21:18:16] [Worker-Main-1/INFO] (Minecraft) [STDOUT]: [Mixin] buildSurface skipped chunk(4,31)
[21:18:16] [Worker-Main-3/INFO] (Minecraft) [STDOUT]: [Mixin] buildSurface skipped chunk(6,10)
[21:18:16] [Worker-Main-3/INFO] (Minecraft) [STDOUT]: [Mixin] buildSurface skipped chunk(6,14)
[21:18:16] [Worker-Main-20/INFO] (Minecraft) [STDOUT]: [Mixin] buildSurface skipped chunk(6,11)
[21:18:16] [Worker-Main-22/INFO] (Minecraft) [STDOUT]: [Mixin] buildSurface skipped chunk(6,16)
[21:18:16] [Worker-Main-15/INFO] (Minecraft) [STDOUT]: [Mixin] buildSurface skipped chunk(5,23)
[21:18:16] [Worker-Main-6/INFO] (Minecraft) [STDOUT]: [Mixin] buildSurface skipped chunk(4,32)
[21:18:16] [Worker-Main-4/INFO] (Minecraft) [STDOUT]: [Mixin] buildSurface skipped chunk(5,22)
[21:18:16] [Worker-Main-23/INFO] (Minecraft) [STDOUT]: [Mixin] buildSurface skipped chunk(5,21)
[21:18:17] [Worker-Main-7/INFO] (Minecraft) [STDOUT]: [Mixin] buildSurface skipped chunk(5,25)
[21:18:17] [Worker-Main-10/INFO] (Minecraft) [STDOUT]: [Mixin] buildSurface skipped chunk(5,24)
[21:18:17] [Worker-Main-7/INFO] (Minecraft) [STDOUT]: [Mixin] buildSurface skipped chunk(6,12)
[21:18:17] [Worker-Main-10/INFO] (Minecraft) [STDOUT]: [Mixin] buildSurface skipped chunk(6,7)
[21:18:17] [Worker-Main-10/INFO] (Minecraft) [STDOUT]: [Mixin] buildSurface skipped chunk(6,17)
[21:18:17] [Worker-Main-16/INFO] (Minecraft) [STDOUT]: [Mixin] buildSurface skipped chunk(6,4)
[21:18:17] [Worker-Main-14/INFO] (Minecraft) [STDOUT]: [Mixin] buildSurface skipped chunk(6,5)
[21:18:17] [Worker-Main-14/INFO] (Minecraft) [STDOUT]: [Mixin] buildSurface skipped chunk(6,3)
[21:18:17] [Worker-Main-23/INFO] (Minecraft) [STDOUT]: [Mixin] populateNoise intercepted chunk(7,2)
[21:18:17] [Worker-Main-10/INFO] (Minecraft) [STDOUT]: [Mixin] buildSurface skipped chunk(6,13)
[21:18:17] [Worker-Main-16/INFO] (Minecraft) [STDOUT]: [Mixin] buildSurface skipped chunk(6,15)
[21:18:17] [Worker-Main-21/INFO] (Minecraft) [STDOUT]: [Mixin] populateNoise intercepted chunk(7,3)
[21:18:17] [Worker-Main-10/INFO] (Minecraft) [STDOUT]: [Mixin] buildSurface skipped chunk(6,6)
[21:18:17] [Worker-Main-22/INFO] (Minecraft) [STDOUT]: [Mixin] populateNoise intercepted chunk(7,4)
[21:18:17] [Worker-Main-15/INFO] (Minecraft) [STDOUT]: [Mixin] populateNoise intercepted chunk(7,5)
[21:18:17] [Worker-Main-16/INFO] (Minecraft) [STDOUT]: [Mixin] populateNoise intercepted chunk(7,6)
[21:18:17] [Worker-Main-7/INFO] (Minecraft) [STDOUT]: [Mixin] populateNoise intercepted chunk(7,7)
[21:18:17] [Worker-Main-18/INFO] (Minecraft) [STDOUT]: [Mixin] populateNoise intercepted chunk(7,8)
[21:18:17] [Worker-Main-1/INFO] (Minecraft) [STDOUT]: [Mixin] populateNoise intercepted chunk(7,9)
[21:18:17] [Worker-Main-17/INFO] (Minecraft) [STDOUT]: [Mixin] populateNoise intercepted chunk(7,10)
[21:18:17] [Worker-Main-8/INFO] (Minecraft) [STDOUT]: [Mixin] populateNoise intercepted chunk(7,11)
[21:18:17] [Worker-Main-2/INFO] (Minecraft) [STDOUT]: [Mixin] buildSurface skipped chunk(6,19)
[21:18:17] [Worker-Main-2/INFO] (Minecraft) [STDOUT]: [Mixin] buildSurface skipped chunk(6,20)
[21:18:17] [Worker-Main-5/INFO] (Minecraft) [STDOUT]: [Mixin] populateNoise intercepted chunk(7,12)
[21:18:17] [Worker-Main-2/INFO] (Minecraft) [STDOUT]: [Mixin] populateNoise intercepted chunk(7,13)
[21:18:17] [Worker-Main-14/INFO] (Minecraft) [STDOUT]: [Mixin] populateNoise intercepted chunk(7,14)
[21:18:17] [Worker-Main-19/INFO] (Minecraft) [STDOUT]: [Mixin] populateNoise intercepted chunk(7,15)
[21:18:17] [Worker-Main-10/INFO] (Minecraft) [STDOUT]: [Mixin] populateNoise intercepted chunk(7,16)
[21:18:17] [Worker-Main-12/INFO] (Minecraft) [STDOUT]: [Mixin] populateNoise intercepted chunk(7,17)
[21:18:17] [Worker-Main-4/INFO] (Minecraft) [STDOUT]: [Mixin] populateNoise intercepted chunk(7,18)
[21:18:17] [Worker-Main-13/INFO] (Minecraft) [STDOUT]: [Mixin] populateNoise intercepted chunk(7,19)
[21:18:17] [Worker-Main-11/INFO] (Minecraft) [STDOUT]: [Mixin] populateNoise intercepted chunk(7,20)
[21:18:17] [Worker-Main-6/INFO] (Minecraft) [STDOUT]: [Mixin] populateNoise intercepted chunk(5,26)
[21:18:17] [Worker-Main-3/INFO] (Minecraft) [STDOUT]: [Mixin] populateNoise intercepted chunk(5,27)
[21:18:17] [Worker-Main-13/INFO] (Minecraft) [STDOUT]: [Mixin] populateNoise intercepted chunk(5,28)
[21:18:17] [Worker-Main-20/INFO] (Minecraft) [STDOUT]: [Mixin] populateNoise intercepted chunk(5,29)
[21:18:17] [Worker-Main-21/INFO] (Minecraft) [STDOUT]: [Mixin] populateNoise intercepted chunk(5,30)
[21:18:17] [Worker-Main-23/INFO] (Minecraft) [STDOUT]: [Mixin] buildSurface skipped chunk(7,3)
[21:18:17] [Worker-Main-23/INFO] (Minecraft) [STDOUT]: [Mixin] buildSurface skipped chunk(7,2)
[21:18:17] [Worker-Main-23/INFO] (Minecraft) [STDOUT]: [Mixin] populateNoise intercepted chunk(5,31)
[21:18:17] [Worker-Main-14/INFO] (Minecraft) [STDOUT]: [Mixin] buildSurface skipped chunk(7,14)
[21:18:17] [Worker-Main-22/INFO] (Minecraft) [STDOUT]: [Mixin] buildSurface skipped chunk(7,4)
[21:18:17] [Worker-Main-7/INFO] (Minecraft) [STDOUT]: [Mixin] buildSurface skipped chunk(7,9)
[21:18:17] [Worker-Main-7/INFO] (Minecraft) [STDOUT]: [Mixin] buildSurface skipped chunk(7,7)
[21:18:17] [Worker-Main-22/INFO] (Minecraft) [STDOUT]: [Mixin] buildSurface skipped chunk(7,5)
[21:18:17] [Worker-Main-1/INFO] (Minecraft) [STDOUT]: [Mixin] populateNoise intercepted chunk(5,32)
[21:18:17] [Worker-Main-7/INFO] (Minecraft) [STDOUT]: [Mixin] buildSurface skipped chunk(7,17)
[21:18:17] [Worker-Main-4/INFO] (Minecraft) [STDOUT]: [Mixin] buildSurface skipped chunk(7,18)
[21:18:17] [Worker-Main-17/INFO] (Minecraft) [STDOUT]: [Mixin] buildSurface skipped chunk(7,10)
[21:18:17] [Worker-Main-8/INFO] (Minecraft) [STDOUT]: [Mixin] buildSurface skipped chunk(7,11)
[21:18:17] [Worker-Main-16/INFO] (Minecraft) [STDOUT]: [Mixin] buildSurface skipped chunk(7,15)
[21:18:17] [Worker-Main-4/INFO] (Minecraft) [STDOUT]: [Mixin] buildSurface skipped chunk(7,6)
[21:18:17] [Worker-Main-16/INFO] (Minecraft) [STDOUT]: [Mixin] buildSurface skipped chunk(7,8)
[21:18:17] [Worker-Main-15/INFO] (Minecraft) [STDOUT]: [Mixin] buildSurface skipped chunk(5,28)
[21:18:17] [Worker-Main-3/INFO] (Minecraft) [STDOUT]: [Mixin] buildSurface skipped chunk(5,27)
[21:18:17] [Worker-Main-5/INFO] (Minecraft) [STDOUT]: [Mixin] buildSurface skipped chunk(7,19)
[21:18:17] [Worker-Main-11/INFO] (Minecraft) [STDOUT]: [Mixin] buildSurface skipped chunk(7,16)
[21:18:17] [Worker-Main-3/INFO] (Minecraft) [STDOUT]: [Mixin] buildSurface skipped chunk(7,13)
[21:18:17] [Worker-Main-18/INFO] (Minecraft) [STDOUT]: [Mixin] buildSurface skipped chunk(7,20)
[21:18:17] [Worker-Main-12/INFO] (Minecraft) [STDOUT]: [Mixin] buildSurface skipped chunk(7,12)
[21:18:17] [Worker-Main-20/INFO] (Minecraft) [STDOUT]: [Mixin] buildSurface skipped chunk(5,29)
[21:18:17] [Worker-Main-18/INFO] (Minecraft) [STDOUT]: [Mixin] buildSurface skipped chunk(5,26)
[21:18:17] [Worker-Main-9/INFO] (Minecraft) [STDOUT]: [Mixin] buildSurface skipped chunk(5,30)
[21:18:17] [Worker-Main-6/INFO] (Minecraft) [STDOUT]: [Mixin] buildSurface skipped chunk(5,31)
[21:18:17] [Worker-Main-21/INFO] (Minecraft) [STDOUT]: [Mixin] buildSurface skipped chunk(5,32)
[21:18:17] [Worker-Main-6/INFO] (Minecraft) [STDOUT]: [Mixin] populateNoise intercepted chunk(8,2)
[21:18:17] [Worker-Main-15/INFO] (Minecraft) [STDOUT]: [Mixin] populateNoise intercepted chunk(8,3)
[21:18:17] [Worker-Main-9/INFO] (Minecraft) [STDOUT]: [Mixin] populateNoise intercepted chunk(8,4)
[21:18:17] [Worker-Main-14/INFO] (Minecraft) [STDOUT]: [Mixin] populateNoise intercepted chunk(8,5)
[21:18:17] [Worker-Main-18/INFO] (Minecraft) [STDOUT]: [Mixin] populateNoise intercepted chunk(8,6)
[21:18:17] [Worker-Main-5/INFO] (Minecraft) [STDOUT]: [Mixin] populateNoise intercepted chunk(8,7)
[21:18:17] [Worker-Main-21/INFO] (Minecraft) [STDOUT]: [Mixin] populateNoise intercepted chunk(8,8)
[21:18:17] [Worker-Main-16/INFO] (Minecraft) [STDOUT]: [Mixin] populateNoise intercepted chunk(8,9)
[21:18:17] [Worker-Main-23/INFO] (Minecraft) [STDOUT]: [Mixin] populateNoise intercepted chunk(8,10)
[21:18:17] [Worker-Main-12/INFO] (Minecraft) [STDOUT]: [Mixin] populateNoise intercepted chunk(8,11)
[21:18:17] [Worker-Main-2/INFO] (Minecraft) [STDOUT]: [Mixin] populateNoise intercepted chunk(8,12)
[21:18:17] [Worker-Main-4/INFO] (Minecraft) [STDOUT]: [Mixin] populateNoise intercepted chunk(8,13)
[21:18:17] [Worker-Main-17/INFO] (Minecraft) [STDOUT]: [Mixin] populateNoise intercepted chunk(8,14)
[21:18:17] [Worker-Main-10/INFO] (Minecraft) [STDOUT]: [Mixin] populateNoise intercepted chunk(8,15)
[21:18:17] [Worker-Main-22/INFO] (Minecraft) [STDOUT]: [Mixin] populateNoise intercepted chunk(6,21)
[21:18:17] [Worker-Main-8/INFO] (Minecraft) [STDOUT]: [Mixin] populateNoise intercepted chunk(6,22)
[21:18:17] [Worker-Main-20/INFO] (Minecraft) [STDOUT]: [Mixin] populateNoise intercepted chunk(6,23)
[21:18:17] [Worker-Main-19/INFO] (Minecraft) [STDOUT]: [Mixin] populateNoise intercepted chunk(6,24)
[21:18:17] [Worker-Main-7/INFO] (Minecraft) [STDOUT]: [Mixin] populateNoise intercepted chunk(6,25)
[21:18:17] [Worker-Main-3/INFO] (Minecraft) [STDOUT]: [Mixin] populateNoise intercepted chunk(8,16)
[21:18:17] [Worker-Main-1/INFO] (Minecraft) [STDOUT]: [Mixin] populateNoise intercepted chunk(6,26)
[21:18:17] [Worker-Main-13/INFO] (Minecraft) [STDOUT]: [Mixin] populateNoise intercepted chunk(6,27)
[21:18:17] [Worker-Main-11/INFO] (Minecraft) [STDOUT]: [Mixin] populateNoise intercepted chunk(6,28)
[21:18:17] [Worker-Main-18/INFO] (Minecraft) [STDOUT]: [Mixin] populateNoise intercepted chunk(6,29)
[21:18:17] [Worker-Main-17/INFO] (Minecraft) [STDOUT]: [Mixin] populateNoise intercepted chunk(8,17)
[21:18:17] [Worker-Main-15/INFO] (Minecraft) [STDOUT]: [Mixin] populateNoise intercepted chunk(8,18)
[21:18:17] [Worker-Main-23/INFO] (Minecraft) [STDOUT]: [Mixin] populateNoise intercepted chunk(8,19)
[21:18:17] [Worker-Main-14/INFO] (Minecraft) [STDOUT]: [Mixin] buildSurface skipped chunk(8,6)
[21:18:17] [Worker-Main-14/INFO] (Minecraft) [STDOUT]: [Mixin] populateNoise intercepted chunk(8,20)
[21:18:17] [Worker-Main-2/INFO] (Minecraft) [STDOUT]: [Mixin] buildSurface skipped chunk(8,14)
[21:18:17] [Worker-Main-2/INFO] (Minecraft) [STDOUT]: [Mixin] buildSurface skipped chunk(8,3)
[21:18:17] [Worker-Main-2/INFO] (Minecraft) [STDOUT]: [Mixin] buildSurface skipped chunk(8,10)
[21:18:17] [Worker-Main-2/INFO] (Minecraft) [STDOUT]: [Mixin] buildSurface skipped chunk(8,5)
[21:18:17] [Worker-Main-2/INFO] (Minecraft) [STDOUT]: [Mixin] buildSurface skipped chunk(8,12)
[21:18:17] [Worker-Main-2/INFO] (Minecraft) [STDOUT]: [Mixin] buildSurface skipped chunk(8,2)
[21:18:17] [Worker-Main-2/INFO] (Minecraft) [STDOUT]: [Mixin] buildSurface skipped chunk(8,7)
[21:18:17] [Worker-Main-12/INFO] (Minecraft) [STDOUT]: [Mixin] buildSurface skipped chunk(8,13)
[21:18:17] [Worker-Main-5/INFO] (Minecraft) [STDOUT]: [Mixin] buildSurface skipped chunk(8,11)
[21:18:17] [Worker-Main-16/INFO] (Minecraft) [STDOUT]: [Mixin] buildSurface skipped chunk(8,4)
[21:18:17] [Worker-Main-9/INFO] (Minecraft) [STDOUT]: [Mixin] buildSurface skipped chunk(6,23)
[21:18:17] [Worker-Main-5/INFO] (Minecraft) [STDOUT]: [Mixin] buildSurface skipped chunk(6,24)
[21:18:17] [Worker-Main-2/INFO] (Minecraft) [STDOUT]: [Mixin] buildSurface skipped chunk(6,21)
[21:18:17] [Worker-Main-22/INFO] (Minecraft) [STDOUT]: [Mixin] buildSurface skipped chunk(6,26)
[21:18:17] [Worker-Main-1/INFO] (Minecraft) [STDOUT]: [Mixin] buildSurface skipped chunk(6,25)
[21:18:17] [Worker-Main-1/INFO] (Minecraft) [STDOUT]: [Mixin] buildSurface skipped chunk(6,22)
[21:18:17] [Worker-Main-3/INFO] (Minecraft) [STDOUT]: [Mixin] buildSurface skipped chunk(6,27)
[21:18:17] [Worker-Main-16/INFO] (Minecraft) [STDOUT]: [Mixin] buildSurface skipped chunk(6,28)
[21:18:17] [Worker-Main-2/INFO] (Minecraft) [STDOUT]: [Mixin] buildSurface skipped chunk(8,15)
[21:18:17] [Worker-Main-12/INFO] (Minecraft) [STDOUT]: [Mixin] buildSurface skipped chunk(8,9)
[21:18:17] [Worker-Main-12/INFO] (Minecraft) [STDOUT]: [Mixin] buildSurface skipped chunk(8,8)
[21:18:17] [Worker-Main-2/INFO] (Minecraft) [STDOUT]: [Mixin] buildSurface skipped chunk(8,16)
[21:18:17] [Worker-Main-22/INFO] (Minecraft) [STDOUT]: [Mixin] buildSurface skipped chunk(6,29)
[21:18:17] [Worker-Main-3/INFO] (Minecraft) [STDOUT]: [Mixin] buildSurface skipped chunk(8,17)
[21:18:17] [Worker-Main-3/INFO] (Minecraft) [STDOUT]: [Mixin] buildSurface skipped chunk(8,18)
[21:18:17] [Worker-Main-3/INFO] (Minecraft) [STDOUT]: [Mixin] buildSurface skipped chunk(8,19)
[21:18:17] [Worker-Main-3/INFO] (Minecraft) [STDOUT]: [Mixin] buildSurface skipped chunk(8,20)
[21:18:17] [Worker-Main-1/INFO] (Minecraft) [STDOUT]: [Mixin] populateNoise intercepted chunk(6,30)
[21:18:17] [Worker-Main-15/INFO] (Minecraft) [STDOUT]: [Mixin] populateNoise intercepted chunk(6,31)
[21:18:17] [Worker-Main-7/INFO] (Minecraft) [STDOUT]: [Mixin] populateNoise intercepted chunk(7,21)
[21:18:17] [Worker-Main-23/INFO] (Minecraft) [STDOUT]: [Mixin] populateNoise intercepted chunk(7,22)
[21:18:17] [Worker-Main-18/INFO] (Minecraft) [STDOUT]: [Mixin] populateNoise intercepted chunk(7,23)
[21:18:17] [Worker-Main-22/INFO] (Minecraft) [STDOUT]: [Mixin] populateNoise intercepted chunk(7,24)
[21:18:17] [Worker-Main-14/INFO] (Minecraft) [STDOUT]: [Mixin] populateNoise intercepted chunk(7,25)
[21:18:17] [Worker-Main-11/INFO] (Minecraft) [STDOUT]: [Mixin] populateNoise intercepted chunk(6,32)
[21:18:17] [Worker-Main-11/INFO] (Minecraft) [STDOUT]: [Mixin] populateNoise intercepted chunk(7,26)
[21:18:17] [Worker-Main-4/INFO] (Minecraft) [STDOUT]: [Mixin] populateNoise intercepted chunk(7,27)
[21:18:17] [Worker-Main-5/INFO] (Minecraft) [STDOUT]: [Mixin] populateNoise intercepted chunk(7,28)
[21:18:17] [Worker-Main-3/INFO] (Minecraft) [STDOUT]: [Mixin] populateNoise intercepted chunk(7,32)
[21:18:17] [Worker-Main-19/INFO] (Minecraft) [STDOUT]: [Mixin] populateNoise intercepted chunk(7,29)
[21:18:17] [Worker-Main-21/INFO] (Minecraft) [STDOUT]: [Mixin] populateNoise intercepted chunk(7,30)
[21:18:17] [Worker-Main-16/INFO] (Minecraft) [STDOUT]: [Mixin] populateNoise intercepted chunk(7,31)
[21:18:17] [Worker-Main-20/INFO] (Minecraft) [STDOUT]: [Mixin] populateNoise intercepted chunk(8,21)
[21:18:17] [Worker-Main-2/INFO] (Minecraft) [STDOUT]: [Mixin] populateNoise intercepted chunk(8,22)
[21:18:17] [Worker-Main-10/INFO] (Minecraft) [STDOUT]: [Mixin] populateNoise intercepted chunk(8,23)
[21:18:17] [Worker-Main-8/INFO] (Minecraft) [STDOUT]: [Mixin] populateNoise intercepted chunk(8,24)
[21:18:17] [Worker-Main-12/INFO] (Minecraft) [STDOUT]: [Mixin] populateNoise intercepted chunk(8,25)
[21:18:17] [Worker-Main-9/INFO] (Minecraft) [STDOUT]: [Mixin] populateNoise intercepted chunk(8,26)
[21:18:17] [Worker-Main-6/INFO] (Minecraft) [STDOUT]: [Mixin] populateNoise intercepted chunk(8,27)
[21:18:17] [Worker-Main-13/INFO] (Minecraft) [STDOUT]: [Mixin] populateNoise intercepted chunk(8,28)
[21:18:17] [Worker-Main-7/INFO] (Minecraft) [STDOUT]: [Mixin] buildSurface skipped chunk(7,21)
[21:18:17] [Worker-Main-7/INFO] (Minecraft) [STDOUT]: [Mixin] buildSurface skipped chunk(6,32)
[21:18:17] [Worker-Main-22/INFO] (Minecraft) [STDOUT]: [Mixin] buildSurface skipped chunk(7,24)
[21:18:17] [Worker-Main-22/INFO] (Minecraft) [STDOUT]: [Mixin] buildSurface skipped chunk(7,25)
[21:18:17] [Worker-Main-22/INFO] (Minecraft) [STDOUT]: [Mixin] populateNoise intercepted chunk(8,29)
[21:18:17] [Worker-Main-7/INFO] (Minecraft) [STDOUT]: [Mixin] populateNoise intercepted chunk(8,30)
[21:18:17] [Worker-Main-15/INFO] (Minecraft) [STDOUT]: [Mixin] buildSurface skipped chunk(7,23)
[21:18:17] [Worker-Main-15/INFO] (Minecraft) [STDOUT]: [Mixin] buildSurface skipped chunk(6,31)
[21:18:17] [Worker-Main-18/INFO] (Minecraft) [STDOUT]: [Mixin] buildSurface skipped chunk(7,22)
[21:18:17] [Worker-Main-11/INFO] (Minecraft) [STDOUT]: [Mixin] buildSurface skipped chunk(7,26)
[21:18:17] [Worker-Main-11/INFO] (Minecraft) [STDOUT]: [Mixin] buildSurface skipped chunk(7,30)
[21:18:17] [Worker-Main-21/INFO] (Minecraft) [STDOUT]: [Mixin] buildSurface skipped chunk(6,30)
[21:18:17] [Worker-Main-1/INFO] (Minecraft) [STDOUT]: [Mixin] buildSurface skipped chunk(7,31)
[21:18:17] [Worker-Main-18/INFO] (Minecraft) [STDOUT]: [Mixin] buildSurface skipped chunk(7,28)
[21:18:17] [Worker-Main-6/INFO] (Minecraft) [STDOUT]: [Mixin] buildSurface skipped chunk(7,29)
[21:18:17] [Worker-Main-6/INFO] (Minecraft) [STDOUT]: [Mixin] buildSurface skipped chunk(7,27)
[21:18:17] [Worker-Main-4/INFO] (Minecraft) [STDOUT]: [Mixin] buildSurface skipped chunk(8,21)
[21:18:17] [Worker-Main-21/INFO] (Minecraft) [STDOUT]: [Mixin] buildSurface skipped chunk(8,23)
[21:18:17] [Worker-Main-8/INFO] (Minecraft) [STDOUT]: [Mixin] buildSurface skipped chunk(8,24)
[21:18:17] [Worker-Main-13/INFO] (Minecraft) [STDOUT]: [Mixin] buildSurface skipped chunk(8,22)
[21:18:17] [Worker-Main-13/INFO] (Minecraft) [STDOUT]: [Mixin] buildSurface skipped chunk(8,27)
[21:18:17] [Worker-Main-5/INFO] (Minecraft) [STDOUT]: [Mixin] buildSurface skipped chunk(7,32)
[21:18:17] [Worker-Main-9/INFO] (Minecraft) [STDOUT]: [Mixin] buildSurface skipped chunk(8,25)
[21:18:17] [Worker-Main-18/INFO] (Minecraft) [STDOUT]: [Mixin] buildSurface skipped chunk(8,26)
[21:18:17] [Worker-Main-9/INFO] (Minecraft) [STDOUT]: [Mixin] buildSurface skipped chunk(8,28)
[21:18:17] [Worker-Main-22/INFO] (Minecraft) [STDOUT]: [Mixin] buildSurface skipped chunk(8,29)
[21:18:17] [Worker-Main-18/INFO] (Minecraft) [STDOUT]: [Mixin] buildSurface skipped chunk(8,30)
[21:18:17] [Worker-Main-5/INFO] (Minecraft) [STDOUT]: [Mixin] populateNoise intercepted chunk(8,31)
[21:18:17] [Worker-Main-20/INFO] (Minecraft) [STDOUT]: [Mixin] populateNoise intercepted chunk(8,32)
[21:18:17] [Worker-Main-8/INFO] (Minecraft) [STDOUT]: [Mixin] populateNoise intercepted chunk(9,21)
[21:18:17] [Worker-Main-3/INFO] (Minecraft) [STDOUT]: [Mixin] populateNoise intercepted chunk(9,22)
[21:18:17] [Worker-Main-10/INFO] (Minecraft) [STDOUT]: [Mixin] populateNoise intercepted chunk(9,23)
[21:18:17] [Worker-Main-15/INFO] (Minecraft) [STDOUT]: [Mixin] populateNoise intercepted chunk(9,24)
[21:18:17] [Worker-Main-7/INFO] (Minecraft) [STDOUT]: [Mixin] populateNoise intercepted chunk(9,25)
[21:18:17] [Worker-Main-3/INFO] (Minecraft) [STDOUT]: [Mixin] populateNoise intercepted chunk(9,26)
[21:18:17] [Worker-Main-9/INFO] (Minecraft) [STDOUT]: [Mixin] populateNoise intercepted chunk(9,27)
[21:18:17] [Worker-Main-1/INFO] (Minecraft) [STDOUT]: [Mixin] populateNoise intercepted chunk(9,28)
[21:18:17] [Worker-Main-2/INFO] (Minecraft) [STDOUT]: [Mixin] populateNoise intercepted chunk(9,29)
[21:18:17] [Worker-Main-10/INFO] (Minecraft) [STDOUT]: [Mixin] populateNoise intercepted chunk(9,30)
[21:18:17] [Worker-Main-17/INFO] (Minecraft) [STDOUT]: [Mixin] populateNoise intercepted chunk(9,31)
[21:18:17] [Worker-Main-23/INFO] (Minecraft) [STDOUT]: [Mixin] populateNoise intercepted chunk(9,32)
[21:18:17] [Worker-Main-14/INFO] (Minecraft) [STDOUT]: [Mixin] populateNoise intercepted chunk(2,33)
[21:18:17] [Worker-Main-16/INFO] (Minecraft) [STDOUT]: [Mixin] populateNoise intercepted chunk(3,33)
[21:18:17] [Worker-Main-11/INFO] (Minecraft) [STDOUT]: [Mixin] populateNoise intercepted chunk(4,33)
[21:18:17] [Worker-Main-13/INFO] (Minecraft) [STDOUT]: [Mixin] populateNoise intercepted chunk(5,33)
[21:18:17] [Worker-Main-6/INFO] (Minecraft) [STDOUT]: [Mixin] populateNoise intercepted chunk(6,33)
[21:18:17] [Worker-Main-12/INFO] (Minecraft) [STDOUT]: [Mixin] populateNoise intercepted chunk(7,33)
[21:18:17] [Worker-Main-19/INFO] (Minecraft) [STDOUT]: [Mixin] populateNoise intercepted chunk(8,33)
[21:18:17] [Worker-Main-18/INFO] (Minecraft) [STDOUT]: [Mixin] populateNoise intercepted chunk(9,33)
[21:18:17] [Worker-Main-4/INFO] (Minecraft) [STDOUT]: [Mixin] populateNoise intercepted chunk(10,21)
[21:18:17] [Worker-Main-21/INFO] (Minecraft) [STDOUT]: [Mixin] buildSurface skipped chunk(9,22)
[21:18:17] [Worker-Main-21/INFO] (Minecraft) [STDOUT]: [Mixin] buildSurface skipped chunk(9,27)
[21:18:17] [Worker-Main-3/INFO] (Minecraft) [STDOUT]: [Mixin] buildSurface skipped chunk(9,26)
[21:18:17] [Worker-Main-1/INFO] (Minecraft) [STDOUT]: [Mixin] buildSurface skipped chunk(9,28)
[21:18:17] [Worker-Main-9/INFO] (Minecraft) [STDOUT]: [Mixin] buildSurface skipped chunk(8,31)
[21:18:17] [Worker-Main-5/INFO] (Minecraft) [STDOUT]: [Mixin] buildSurface skipped chunk(9,21)
[21:18:17] [Worker-Main-2/INFO] (Minecraft) [STDOUT]: [Mixin] buildSurface skipped chunk(9,29)
[21:18:17] [Worker-Main-20/INFO] (Minecraft) [STDOUT]: [CHUNKTIME] n=3840 perChunk(ms): mixin=95.32 gap=103.77 | sumMixin=366.0s sumGap=398.5s | inflight max=23 now=16
[21:18:17] [Worker-Main-8/INFO] (Minecraft) [STDOUT]: [Mixin] buildSurface skipped chunk(9,24)
[21:18:17] [Worker-Main-20/INFO] (Minecraft) [STDOUT]: [Mixin] buildSurface skipped chunk(9,25)
[21:18:17] [Worker-Main-6/INFO] (Minecraft) [STDOUT]: [Mixin] buildSurface skipped chunk(9,31)
[21:18:17] [Worker-Main-20/INFO] (Minecraft) [STDOUT]: [Mixin] buildSurface skipped chunk(9,23)
[21:18:17] [Worker-Main-22/INFO] (Minecraft) [STDOUT]: [Mixin] buildSurface skipped chunk(9,30)
[21:18:17] [Worker-Main-18/INFO] (Minecraft) [STDOUT]: [Mixin] populateNoise intercepted chunk(10,22)
[21:18:17] [Worker-Main-14/INFO] (Minecraft) [STDOUT]: [Mixin] populateNoise intercepted chunk(10,23)
[21:18:17] [Worker-Main-6/INFO] (Minecraft) [STDOUT]: [Mixin] buildSurface skipped chunk(8,32)
[21:18:17] [Worker-Main-20/INFO] (Minecraft) [STDOUT]: [Mixin] buildSurface skipped chunk(9,32)
[21:18:17] [Worker-Main-8/INFO] (Minecraft) [STDOUT]: [Mixin] buildSurface skipped chunk(10,21)
[21:18:17] [Worker-Main-20/INFO] (Minecraft) [STDOUT]: [Mixin] buildSurface skipped chunk(2,33)
[21:18:17] [Worker-Main-8/INFO] (Minecraft) [STDOUT]: [Mixin] buildSurface skipped chunk(6,33)
[21:18:17] [Worker-Main-4/INFO] (Minecraft) [STDOUT]: [Mixin] buildSurface skipped chunk(3,33)
[21:18:17] [Worker-Main-12/INFO] (Minecraft) [STDOUT]: [Mixin] buildSurface skipped chunk(5,33)
[21:18:17] [Worker-Main-12/INFO] (Minecraft) [STDOUT]: [Mixin] buildSurface skipped chunk(8,33)
[21:18:17] [Worker-Main-12/INFO] (Minecraft) [STDOUT]: [Mixin] buildSurface skipped chunk(7,33)
[21:18:17] [Worker-Main-8/INFO] (Minecraft) [STDOUT]: [Mixin] buildSurface skipped chunk(4,33)
[21:18:17] [Worker-Main-4/INFO] (Minecraft) [STDOUT]: [Mixin] buildSurface skipped chunk(9,33)
[21:18:18] [Worker-Main-22/INFO] (Minecraft) [STDOUT]: [Mixin] populateNoise intercepted chunk(10,24)
[21:18:18] [Worker-Main-12/INFO] (Minecraft) [STDOUT]: [Mixin] populateNoise intercepted chunk(10,25)
[21:18:18] [Worker-Main-16/INFO] (Minecraft) [STDOUT]: [Mixin] populateNoise intercepted chunk(10,29)
[21:18:18] [Worker-Main-20/INFO] (Minecraft) [STDOUT]: [Mixin] populateNoise intercepted chunk(10,30)
[21:18:18] [Worker-Main-6/INFO] (Minecraft) [STDOUT]: [Mixin] populateNoise intercepted chunk(10,26)
[21:18:18] [Worker-Main-13/INFO] (Minecraft) [STDOUT]: [Mixin] populateNoise intercepted chunk(10,27)
[21:18:18] [Worker-Main-10/INFO] (Minecraft) [STDOUT]: [Mixin] populateNoise intercepted chunk(10,28)
[21:18:18] [Worker-Main-11/INFO] (Minecraft) [STDOUT]: [Mixin] populateNoise intercepted chunk(10,31)
[21:18:18] [Worker-Main-23/INFO] (Minecraft) [STDOUT]: [Mixin] populateNoise intercepted chunk(11,21)
[21:18:18] [Worker-Main-9/INFO] (Minecraft) [STDOUT]: [Mixin] populateNoise intercepted chunk(11,22)
[21:18:18] [Worker-Main-21/INFO] (Minecraft) [STDOUT]: [Mixin] populateNoise intercepted chunk(11,23)
[21:18:18] [Worker-Main-7/INFO] (Minecraft) [STDOUT]: [Mixin] populateNoise intercepted chunk(11,24)
[21:18:18] [Worker-Main-2/INFO] (Minecraft) [STDOUT]: [Mixin] populateNoise intercepted chunk(10,32)
[21:18:18] [Worker-Main-3/INFO] (Minecraft) [STDOUT]: [Mixin] populateNoise intercepted chunk(11,25)
[21:18:18] [Worker-Main-15/INFO] (Minecraft) [STDOUT]: [Mixin] populateNoise intercepted chunk(11,26)
[21:18:18] [Worker-Main-8/INFO] (Minecraft) [STDOUT]: [Mixin] populateNoise intercepted chunk(11,27)
[21:18:18] [Worker-Main-14/INFO] (Minecraft) [STDOUT]: [Mixin] populateNoise intercepted chunk(11,28)
[21:18:18] [Worker-Main-4/INFO] (Minecraft) [STDOUT]: [Mixin] populateNoise intercepted chunk(11,29)
[21:18:18] [Worker-Main-1/INFO] (Minecraft) [STDOUT]: [Mixin] populateNoise intercepted chunk(11,30)
[21:18:18] [Worker-Main-17/INFO] (Minecraft) [STDOUT]: [Mixin] populateNoise intercepted chunk(11,31)
[21:18:18] [Worker-Main-19/INFO] (Minecraft) [STDOUT]: [Mixin] populateNoise intercepted chunk(11,32)
[21:18:18] [Worker-Main-18/INFO] (Minecraft) [STDOUT]: [Mixin] buildSurface skipped chunk(10,22)
[21:18:18] [Worker-Main-18/INFO] (Minecraft) [STDOUT]: [Mixin] buildSurface skipped chunk(10,23)
[21:18:18] [Worker-Main-5/INFO] (Minecraft) [STDOUT]: [Mixin] populateNoise intercepted chunk(12,21)
[21:18:18] [Worker-Main-18/INFO] (Minecraft) [STDOUT]: [Mixin] populateNoise intercepted chunk(12,22)
[21:18:18] [Worker-Main-21/INFO] (Minecraft) [STDOUT]: [Mixin] buildSurface skipped chunk(11,23)
[21:18:18] [Worker-Main-16/INFO] (Minecraft) [STDOUT]: [Mixin] buildSurface skipped chunk(10,29)
[21:18:18] [Worker-Main-21/INFO] (Minecraft) [STDOUT]: [Mixin] populateNoise intercepted chunk(12,23)
[21:18:18] [Worker-Main-12/INFO] (Minecraft) [STDOUT]: [Mixin] buildSurface skipped chunk(10,25)
[21:18:18] [Worker-Main-23/INFO] (Minecraft) [STDOUT]: [Mixin] buildSurface skipped chunk(11,21)
[21:18:18] [Worker-Main-23/INFO] (Minecraft) [STDOUT]: [Mixin] buildSurface skipped chunk(10,24)
[21:18:18] [Worker-Main-12/INFO] (Minecraft) [STDOUT]: [Mixin] buildSurface skipped chunk(10,30)
[21:18:18] [Worker-Main-16/INFO] (Minecraft) [STDOUT]: [Mixin] buildSurface skipped chunk(10,26)
[21:18:18] [Worker-Main-11/INFO] (Minecraft) [STDOUT]: [Mixin] buildSurface skipped chunk(11,27)
[21:18:18] [Worker-Main-11/INFO] (Minecraft) [STDOUT]: [Mixin] buildSurface skipped chunk(11,28)
[21:18:18] [Worker-Main-3/INFO] (Minecraft) [STDOUT]: [Mixin] buildSurface skipped chunk(11,25)
[21:18:18] [Worker-Main-11/INFO] (Minecraft) [STDOUT]: [Mixin] buildSurface skipped chunk(10,31)
[21:18:18] [Worker-Main-8/INFO] (Minecraft) [STDOUT]: [Mixin] buildSurface skipped chunk(10,28)
[21:18:18] [Worker-Main-17/INFO] (Minecraft) [STDOUT]: [Mixin] buildSurface skipped chunk(11,22)
[21:18:18] [Worker-Main-17/INFO] (Minecraft) [STDOUT]: [Mixin] buildSurface skipped chunk(10,27)
[21:18:18] [Worker-Main-17/INFO] (Minecraft) [STDOUT]: [Mixin] buildSurface skipped chunk(11,30)
[21:18:18] [Worker-Main-3/INFO] (Minecraft) [STDOUT]: [Mixin] buildSurface skipped chunk(11,24)
[21:18:18] [Worker-Main-3/INFO] (Minecraft) [STDOUT]: [Mixin] buildSurface skipped chunk(11,31)
[21:18:18] [Worker-Main-9/INFO] (Minecraft) [STDOUT]: [Mixin] buildSurface skipped chunk(11,29)
[21:18:18] [Worker-Main-5/INFO] (Minecraft) [STDOUT]: [Mixin] buildSurface skipped chunk(11,26)
[21:18:18] [Worker-Main-19/INFO] (Minecraft) [STDOUT]: [Mixin] buildSurface skipped chunk(12,21)
[21:18:18] [Worker-Main-19/INFO] (Minecraft) [STDOUT]: [Mixin] buildSurface skipped chunk(12,22)
[21:18:18] [Worker-Main-21/INFO] (Minecraft) [STDOUT]: [Mixin] buildSurface skipped chunk(12,23)
[21:18:18] [Worker-Main-3/INFO] (Minecraft) [STDOUT]: [Mixin] populateNoise intercepted chunk(12,24)
[21:18:18] [Worker-Main-8/INFO] (Minecraft) [STDOUT]: [Mixin] populateNoise intercepted chunk(12,25)
[21:18:18] [Worker-Main-16/INFO] (Minecraft) [STDOUT]: [Mixin] buildSurface skipped chunk(11,32)
[21:18:18] [Worker-Main-4/INFO] (Minecraft) [STDOUT]: [Mixin] buildSurface skipped chunk(10,32)
[21:18:18] [Worker-Main-20/INFO] (Minecraft) [STDOUT]: [Mixin] populateNoise intercepted chunk(12,26)
[21:18:18] [Worker-Main-17/INFO] (Minecraft) [STDOUT]: [Mixin] populateNoise intercepted chunk(12,27)
[21:18:18] [Worker-Main-15/INFO] (Minecraft) [STDOUT]: [Mixin] populateNoise intercepted chunk(12,28)
[21:18:18] [Worker-Main-22/INFO] (Minecraft) [STDOUT]: [Mixin] populateNoise intercepted chunk(12,29)
[21:18:18] [Worker-Main-19/INFO] (Minecraft) [STDOUT]: [Mixin] populateNoise intercepted chunk(12,30)
[21:18:18] [Worker-Main-13/INFO] (Minecraft) [STDOUT]: [Mixin] populateNoise intercepted chunk(12,31)
[21:18:18] [Worker-Main-7/INFO] (Minecraft) [STDOUT]: [Mixin] populateNoise intercepted chunk(13,21)
[21:18:18] [Worker-Main-16/INFO] (Minecraft) [STDOUT]: [Mixin] populateNoise intercepted chunk(13,22)
[21:18:18] [Worker-Main-6/INFO] (Minecraft) [STDOUT]: [Mixin] populateNoise intercepted chunk(12,32)
[21:18:18] [Worker-Main-23/INFO] (Minecraft) [STDOUT]: [Mixin] populateNoise intercepted chunk(13,23)
[21:18:18] [Worker-Main-10/INFO] (Minecraft) [STDOUT]: [Mixin] populateNoise intercepted chunk(13,24)
[21:18:18] [Worker-Main-9/INFO] (Minecraft) [STDOUT]: [Mixin] populateNoise intercepted chunk(13,31)
[21:18:18] [Worker-Main-2/INFO] (Minecraft) [STDOUT]: [Mixin] populateNoise intercepted chunk(13,28)
[21:18:18] [Worker-Main-11/INFO] (Minecraft) [STDOUT]: [Mixin] populateNoise intercepted chunk(13,29)
[21:18:18] [Worker-Main-4/INFO] (Minecraft) [STDOUT]: [Mixin] populateNoise intercepted chunk(13,30)
[21:18:18] [Worker-Main-5/INFO] (Minecraft) [STDOUT]: [Mixin] populateNoise intercepted chunk(13,25)
[21:18:18] [Worker-Main-19/INFO] (Minecraft) [STDOUT]: [Mixin] populateNoise intercepted chunk(13,26)
[21:18:18] [Worker-Main-18/INFO] (Minecraft) [STDOUT]: [Mixin] populateNoise intercepted chunk(13,27)
[21:18:18] [Worker-Main-21/INFO] (Minecraft) [STDOUT]: [Mixin] populateNoise intercepted chunk(13,32)
[21:18:18] [Worker-Main-12/INFO] (Minecraft) [STDOUT]: [Mixin] populateNoise intercepted chunk(14,21)
[21:18:18] [Worker-Main-14/INFO] (Minecraft) [STDOUT]: [Mixin] populateNoise intercepted chunk(14,22)
[21:18:18] [Worker-Main-3/INFO] (Minecraft) [STDOUT]: [Mixin] buildSurface skipped chunk(12,24)
[21:18:18] [Worker-Main-3/INFO] (Minecraft) [STDOUT]: [Mixin] populateNoise intercepted chunk(14,23)
[21:18:18] [Worker-Main-8/INFO] (Minecraft) [STDOUT]: [Mixin] buildSurface skipped chunk(12,25)
[21:18:18] [Worker-Main-8/INFO] (Minecraft) [STDOUT]: [Mixin] populateNoise intercepted chunk(14,24)
[21:18:18] [Worker-Main-20/INFO] (Minecraft) [STDOUT]: [Mixin] buildSurface skipped chunk(12,26)
[21:18:18] [Worker-Main-20/INFO] (Minecraft) [STDOUT]: [Mixin] buildSurface skipped chunk(13,21)
[21:18:18] [Worker-Main-20/INFO] (Minecraft) [STDOUT]: [Mixin] buildSurface skipped chunk(12,27)
[21:18:18] [Worker-Main-7/INFO] (Minecraft) [STDOUT]: [Mixin] buildSurface skipped chunk(13,22)
[21:18:18] [Worker-Main-20/INFO] (Minecraft) [STDOUT]: [Mixin] buildSurface skipped chunk(13,23)
[21:18:18] [Worker-Main-17/INFO] (Minecraft) [STDOUT]: [Mixin] buildSurface skipped chunk(13,24)
[21:18:18] [Worker-Main-22/INFO] (Minecraft) [STDOUT]: [Mixin] buildSurface skipped chunk(13,29)
[21:18:18] [Worker-Main-22/INFO] (Minecraft) [STDOUT]: [Mixin] buildSurface skipped chunk(12,31)
[21:18:18] [Worker-Main-13/INFO] (Minecraft) [STDOUT]: [Mixin] buildSurface skipped chunk(12,29)
[21:18:18] [Worker-Main-17/INFO] (Minecraft) [STDOUT]: [Mixin] buildSurface skipped chunk(12,30)
[21:18:18] [Worker-Main-13/INFO] (Minecraft) [STDOUT]: [Mixin] buildSurface skipped chunk(12,28)
[21:18:18] [Worker-Main-15/INFO] (Minecraft) [STDOUT]: [Mixin] buildSurface skipped chunk(13,28)
[21:18:18] [Worker-Main-4/INFO] (Minecraft) [STDOUT]: [Mixin] buildSurface skipped chunk(13,27)
[21:18:18] [Worker-Main-2/INFO] (Minecraft) [STDOUT]: [Mixin] buildSurface skipped chunk(13,25)
[21:18:18] [Worker-Main-6/INFO] (Minecraft) [STDOUT]: [Mixin] buildSurface skipped chunk(13,26)
[21:18:18] [Worker-Main-21/INFO] (Minecraft) [STDOUT]: [Mixin] buildSurface skipped chunk(13,31)
[21:18:18] [Worker-Main-21/INFO] (Minecraft) [STDOUT]: [Mixin] buildSurface skipped chunk(13,30)
[21:18:18] [Worker-Main-6/INFO] (Minecraft) [STDOUT]: [Mixin] populateNoise intercepted chunk(14,25)
[21:18:18] [Worker-Main-6/INFO] (Minecraft) [STDOUT]: [Mixin] buildSurface skipped chunk(12,32)
[21:18:18] [Worker-Main-6/INFO] (Minecraft) [STDOUT]: [Mixin] buildSurface skipped chunk(13,32)
[21:18:18] [Worker-Main-6/INFO] (Minecraft) [STDOUT]: [Mixin] buildSurface skipped chunk(14,21)
[21:18:18] [Worker-Main-6/INFO] (Minecraft) [STDOUT]: [Mixin] buildSurface skipped chunk(14,22)
[21:18:18] [Worker-Main-4/INFO] (Minecraft) [STDOUT]: [Mixin] buildSurface skipped chunk(14,23)
[21:18:18] [Worker-Main-3/INFO] (Minecraft) [STDOUT]: [Mixin] buildSurface skipped chunk(14,24)
[21:18:18] [Worker-Main-2/INFO] (Minecraft) [STDOUT]: [Mixin] populateNoise intercepted chunk(14,26)
[21:18:18] [Worker-Main-14/INFO] (Minecraft) [STDOUT]: [Mixin] populateNoise intercepted chunk(14,27)
[21:18:18] [Worker-Main-3/INFO] (Minecraft) [STDOUT]: [Mixin] populateNoise intercepted chunk(14,28)
[21:18:18] [Worker-Main-19/INFO] (Minecraft) [STDOUT]: [Mixin] populateNoise intercepted chunk(14,29)
[21:18:18] [Worker-Main-17/INFO] (Minecraft) [STDOUT]: [Mixin] populateNoise intercepted chunk(14,30)
[21:18:18] [Worker-Main-21/INFO] (Minecraft) [STDOUT]: [Mixin] populateNoise intercepted chunk(14,31)
[21:18:18] [Worker-Main-5/INFO] (Minecraft) [STDOUT]: [Mixin] populateNoise intercepted chunk(14,32)
[21:18:18] [Worker-Main-6/INFO] (Minecraft) [STDOUT]: [Mixin] populateNoise intercepted chunk(15,21)
[21:18:18] [Worker-Main-6/INFO] (Minecraft) [STDOUT]: [Mixin] populateNoise intercepted chunk(15,22)
[21:18:18] [Worker-Main-1/INFO] (Minecraft) [STDOUT]: [Mixin] populateNoise intercepted chunk(15,23)
[21:18:18] [Worker-Main-9/INFO] (Minecraft) [STDOUT]: [Mixin] populateNoise intercepted chunk(15,24)
[21:18:18] [Worker-Main-15/INFO] (Minecraft) [STDOUT]: [Mixin] populateNoise intercepted chunk(15,25)
[21:18:18] [Worker-Main-16/INFO] (Minecraft) [STDOUT]: [Mixin] populateNoise intercepted chunk(15,26)
[21:18:18] [Worker-Main-12/INFO] (Minecraft) [STDOUT]: [Mixin] populateNoise intercepted chunk(15,27)
[21:18:18] [Worker-Main-23/INFO] (Minecraft) [STDOUT]: [Mixin] populateNoise intercepted chunk(15,28)
[21:18:18] [Worker-Main-8/INFO] (Minecraft) [STDOUT]: [Mixin] populateNoise intercepted chunk(15,29)
[21:18:18] [Worker-Main-8/INFO] (Minecraft) [STDOUT]: [Mixin] populateNoise intercepted chunk(15,30)
[21:18:18] [Worker-Main-20/INFO] (Minecraft) [STDOUT]: [Mixin] populateNoise intercepted chunk(15,31)
[21:18:18] [Worker-Main-7/INFO] (Minecraft) [STDOUT]: [Mixin] populateNoise intercepted chunk(15,32)
[21:18:18] [Worker-Main-4/INFO] (Minecraft) [STDOUT]: [Mixin] populateNoise intercepted chunk(10,33)
[21:18:18] [Worker-Main-13/INFO] (Minecraft) [STDOUT]: [Mixin] populateNoise intercepted chunk(11,33)
[21:18:18] [Worker-Main-18/INFO] (Minecraft) [STDOUT]: [Mixin] populateNoise intercepted chunk(12,33)
[21:18:18] [Worker-Main-22/INFO] (Minecraft) [STDOUT]: [Mixin] buildSurface skipped chunk(14,25)
[21:18:18] [Worker-Main-22/INFO] (Minecraft) [STDOUT]: [Mixin] populateNoise intercepted chunk(16,21)
[21:18:18] [Worker-Main-2/INFO] (Minecraft) [STDOUT]: [Mixin] buildSurface skipped chunk(14,26)
[21:18:18] [Worker-Main-2/INFO] (Minecraft) [STDOUT]: [Mixin] buildSurface skipped chunk(15,25)
[21:18:18] [Worker-Main-2/INFO] (Minecraft) [STDOUT]: [Mixin] buildSurface skipped chunk(14,28)
[21:18:18] [Worker-Main-13/INFO] (Minecraft) [STDOUT]: [Mixin] buildSurface skipped chunk(14,30)
[21:18:18] [Worker-Main-13/INFO] (Minecraft) [STDOUT]: [Mixin] buildSurface skipped chunk(15,21)
[21:18:18] [Worker-Main-17/INFO] (Minecraft) [STDOUT]: [Mixin] buildSurface skipped chunk(14,31)
[21:18:18] [Worker-Main-5/INFO] (Minecraft) [STDOUT]: [Mixin] buildSurface skipped chunk(15,23)
[21:18:18] [Worker-Main-4/INFO] (Minecraft) [STDOUT]: [Mixin] buildSurface skipped chunk(14,27)
[21:18:18] [Worker-Main-17/INFO] (Minecraft) [STDOUT]: [Mixin] buildSurface skipped chunk(15,28)
[21:18:18] [Worker-Main-4/INFO] (Minecraft) [STDOUT]: [Mixin] buildSurface skipped chunk(15,29)
[21:18:18] [Worker-Main-6/INFO] (Minecraft) [STDOUT]: [Mixin] buildSurface skipped chunk(15,22)
[21:18:18] [Worker-Main-8/INFO] (Minecraft) [STDOUT]: [Mixin] buildSurface skipped chunk(15,24)
[21:18:18] [Worker-Main-7/INFO] (Minecraft) [STDOUT]: [Mixin] buildSurface skipped chunk(15,26)
[21:18:18] [Worker-Main-7/INFO] (Minecraft) [STDOUT]: [Mixin] buildSurface skipped chunk(15,30)
[21:18:18] [Worker-Main-8/INFO] (Minecraft) [STDOUT]: [Mixin] buildSurface skipped chunk(14,29)
[21:18:18] [Worker-Main-7/INFO] (Minecraft) [STDOUT]: [Mixin] buildSurface skipped chunk(15,31)
[21:18:18] [Worker-Main-7/INFO] (Minecraft) [STDOUT]: [Mixin] buildSurface skipped chunk(15,27)
[21:18:18] [Worker-Main-7/INFO] (Minecraft) [STDOUT]: [Mixin] buildSurface skipped chunk(14,32)
[21:18:18] [Worker-Main-7/INFO] (Minecraft) [STDOUT]: [Mixin] buildSurface skipped chunk(15,32)
[21:18:18] [Worker-Main-7/INFO] (Minecraft) [STDOUT]: [Mixin] buildSurface skipped chunk(16,21)
[21:18:18] [Worker-Main-12/INFO] (Minecraft) [STDOUT]: [Mixin] buildSurface skipped chunk(11,33)
[21:18:18] [Worker-Main-12/INFO] (Minecraft) [STDOUT]: [Mixin] buildSurface skipped chunk(10,33)
[21:18:18] [Worker-Main-12/INFO] (Minecraft) [STDOUT]: [Mixin] buildSurface skipped chunk(12,33)
[21:18:18] [Worker-Main-17/INFO] (Minecraft) [STDOUT]: [Mixin] populateNoise intercepted chunk(16,22)
[21:18:18] [Worker-Main-7/INFO] (Minecraft) [STDOUT]: [Mixin] populateNoise intercepted chunk(16,23)
[21:18:18] [Worker-Main-23/INFO] (Minecraft) [STDOUT]: [Mixin] populateNoise intercepted chunk(16,24)
[21:18:18] [Worker-Main-22/INFO] (Minecraft) [STDOUT]: [Mixin] populateNoise intercepted chunk(16,25)
[21:18:18] [Worker-Main-4/INFO] (Minecraft) [STDOUT]: [Mixin] populateNoise intercepted chunk(16,26)
[21:18:18] [Worker-Main-18/INFO] (Minecraft) [STDOUT]: [Mixin] populateNoise intercepted chunk(16,27)
[21:18:18] [Worker-Main-16/INFO] (Minecraft) [STDOUT]: [Mixin] populateNoise intercepted chunk(16,28)
[21:18:18] [Worker-Main-9/INFO] (Minecraft) [STDOUT]: [Mixin] populateNoise intercepted chunk(16,29)
[21:18:18] [Worker-Main-20/INFO] (Minecraft) [STDOUT]: [Mixin] populateNoise intercepted chunk(16,30)
[21:18:18] [Worker-Main-19/INFO] (Minecraft) [STDOUT]: [Mixin] populateNoise intercepted chunk(16,31)
[21:18:18] [Worker-Main-10/INFO] (Minecraft) [STDOUT]: [Mixin] populateNoise intercepted chunk(17,21)
[21:18:18] [Worker-Main-14/INFO] (Minecraft) [STDOUT]: [Mixin] populateNoise intercepted chunk(17,22)
[21:18:18] [Worker-Main-6/INFO] (Minecraft) [STDOUT]: [Mixin] populateNoise intercepted chunk(16,32)
[21:18:18] [Worker-Main-15/INFO] (Minecraft) [STDOUT]: [Mixin] populateNoise intercepted chunk(17,23)
[21:18:18] [Worker-Main-5/INFO] (Minecraft) [STDOUT]: [Mixin] populateNoise intercepted chunk(17,24)
[21:18:18] [Worker-Main-21/INFO] (Minecraft) [STDOUT]: [Mixin] populateNoise intercepted chunk(17,25)
[21:18:18] [Worker-Main-1/INFO] (Minecraft) [STDOUT]: [Mixin] populateNoise intercepted chunk(17,26)
[21:18:18] [Worker-Main-11/INFO] (Minecraft) [STDOUT]: [Mixin] populateNoise intercepted chunk(17,27)
[21:18:18] [Worker-Main-13/INFO] (Minecraft) [STDOUT]: [Mixin] populateNoise intercepted chunk(17,28)
[21:18:18] [Worker-Main-3/INFO] (Minecraft) [STDOUT]: [Mixin] populateNoise intercepted chunk(17,29)
[21:18:18] [Worker-Main-2/INFO] (Minecraft) [STDOUT]: [Mixin] populateNoise intercepted chunk(17,30)
[21:18:18] [Worker-Main-8/INFO] (Minecraft) [STDOUT]: [Mixin] populateNoise intercepted chunk(17,31)
[21:18:18] [Worker-Main-12/INFO] (Minecraft) [STDOUT]: [Mixin] populateNoise intercepted chunk(17,32)
[21:18:18] [Worker-Main-23/INFO] (Minecraft) [STDOUT]: [Mixin] buildSurface skipped chunk(16,24)
[21:18:18] [Worker-Main-23/INFO] (Minecraft) [STDOUT]: [Mixin] buildSurface skipped chunk(16,23)
[21:18:18] [Worker-Main-23/INFO] (Minecraft) [STDOUT]: [Mixin] buildSurface skipped chunk(16,26)
[21:18:18] [Worker-Main-7/INFO] (Minecraft) [STDOUT]: [Mixin] populateNoise intercepted chunk(18,21)
[21:18:18] [Worker-Main-18/INFO] (Minecraft) [STDOUT]: [Mixin] buildSurface skipped chunk(16,27)
[21:18:18] [Worker-Main-21/INFO] (Minecraft) [STDOUT]: [Mixin] buildSurface skipped chunk(17,25)
[21:18:18] [Worker-Main-4/INFO] (Minecraft) [STDOUT]: [Mixin] populateNoise intercepted chunk(18,22)
[21:18:18] [Worker-Main-23/INFO] (Minecraft) [STDOUT]: [Mixin] populateNoise intercepted chunk(18,23)
[21:18:18] [Worker-Main-17/INFO] (Minecraft) [STDOUT]: [Mixin] buildSurface skipped chunk(16,22)
[21:18:18] [Worker-Main-17/INFO] (Minecraft) [STDOUT]: [Mixin] buildSurface skipped chunk(17,22)
[21:18:18] [Worker-Main-18/INFO] (Minecraft) [STDOUT]: [Mixin] buildSurface skipped chunk(16,29)
[21:18:18] [Worker-Main-18/INFO] (Minecraft) [STDOUT]: [Mixin] buildSurface skipped chunk(16,31)
[21:18:18] [Worker-Main-22/INFO] (Minecraft) [STDOUT]: [Mixin] buildSurface skipped chunk(16,25)
[21:18:18] [Worker-Main-17/INFO] (Minecraft) [STDOUT]: [Mixin] buildSurface skipped chunk(16,30)
[21:18:18] [Worker-Main-10/INFO] (Minecraft) [STDOUT]: [Mixin] buildSurface skipped chunk(17,24)
[21:18:18] [Worker-Main-15/INFO] (Minecraft) [STDOUT]: [Mixin] buildSurface skipped chunk(17,27)
[21:18:18] [Worker-Main-15/INFO] (Minecraft) [STDOUT]: [Mixin] buildSurface skipped chunk(17,26)
[21:18:18] [Worker-Main-2/INFO] (Minecraft) [STDOUT]: [Mixin] buildSurface skipped chunk(16,28)
[21:18:18] [Worker-Main-21/INFO] (Minecraft) [STDOUT]: [Mixin] buildSurface skipped chunk(17,21)
[21:18:18] [Worker-Main-16/INFO] (Minecraft) [STDOUT]: [Mixin] buildSurface skipped chunk(17,23)
[21:18:18] [Worker-Main-21/INFO] (Minecraft) [STDOUT]: [Mixin] populateNoise intercepted chunk(18,24)
[21:18:18] [Worker-Main-3/INFO] (Minecraft) [STDOUT]: [Mixin] populateNoise intercepted chunk(18,25)
[21:18:18] [Worker-Main-2/INFO] (Minecraft) [STDOUT]: [Mixin] buildSurface skipped chunk(17,28)
[21:18:18] [Worker-Main-2/INFO] (Minecraft) [STDOUT]: [Mixin] buildSurface skipped chunk(16,32)
[21:18:18] [Worker-Main-2/INFO] (Minecraft) [STDOUT]: [Mixin] buildSurface skipped chunk(17,30)
[21:18:18] [Worker-Main-12/INFO] (Minecraft) [STDOUT]: [Mixin] buildSurface skipped chunk(17,29)
[21:18:18] [Worker-Main-8/INFO] (Minecraft) [STDOUT]: [Mixin] buildSurface skipped chunk(17,31)
[21:18:18] [Worker-Main-15/INFO] (Minecraft) [STDOUT]: [Mixin] buildSurface skipped chunk(17,32)
[21:18:18] [Worker-Main-23/INFO] (Minecraft) [STDOUT]: [Mixin] buildSurface skipped chunk(18,21)
[21:18:18] [Worker-Main-7/INFO] (Minecraft) [STDOUT]: [Mixin] buildSurface skipped chunk(18,23)
[21:18:18] [Worker-Main-7/INFO] (Minecraft) [STDOUT]: [Mixin] buildSurface skipped chunk(18,22)
[21:18:18] [Worker-Main-16/INFO] (Minecraft) [STDOUT]: [Mixin] populateNoise intercepted chunk(18,30)
[21:18:18] [Worker-Main-9/INFO] (Minecraft) [STDOUT]: [Mixin] populateNoise intercepted chunk(18,31)
[21:18:18] [Worker-Main-13/INFO] (Minecraft) [STDOUT]: [Mixin] populateNoise intercepted chunk(18,29)
[21:18:18] [Worker-Main-22/INFO] (Minecraft) [STDOUT]: [Mixin] populateNoise intercepted chunk(18,26)
[21:18:18] [Worker-Main-14/INFO] (Minecraft) [STDOUT]: [Mixin] populateNoise intercepted chunk(18,27)
[21:18:18] [Worker-Main-7/INFO] (Minecraft) [STDOUT]: [Mixin] populateNoise intercepted chunk(18,28)
[21:18:18] [Worker-Main-10/INFO] (Minecraft) [STDOUT]: [Mixin] populateNoise intercepted chunk(19,21)
[21:18:18] [Worker-Main-10/INFO] (Minecraft) [STDOUT]: [Mixin] populateNoise intercepted chunk(19,22)
[21:18:18] [Worker-Main-23/INFO] (Minecraft) [STDOUT]: [Mixin] populateNoise intercepted chunk(19,23)
[21:18:18] [Worker-Main-11/INFO] (Minecraft) [STDOUT]: [Mixin] populateNoise intercepted chunk(18,32)
[21:18:18] [Worker-Main-18/INFO] (Minecraft) [STDOUT]: [Mixin] populateNoise intercepted chunk(19,27)
[21:18:18] [Worker-Main-12/INFO] (Minecraft) [STDOUT]: [Mixin] populateNoise intercepted chunk(19,24)
[21:18:18] [Worker-Main-1/INFO] (Minecraft) [STDOUT]: [Mixin] populateNoise intercepted chunk(19,25)
[21:18:18] [Worker-Main-6/INFO] (Minecraft) [STDOUT]: [Mixin] populateNoise intercepted chunk(19,26)
[21:18:18] [Worker-Main-11/INFO] (Minecraft) [STDOUT]: [Mixin] populateNoise intercepted chunk(19,28)
[21:18:18] [Worker-Main-15/INFO] (Minecraft) [STDOUT]: [Mixin] populateNoise intercepted chunk(19,29)
[21:18:18] [Worker-Main-17/INFO] (Minecraft) [STDOUT]: [Mixin] populateNoise intercepted chunk(19,30)
[21:18:18] [Worker-Main-5/INFO] (Minecraft) [STDOUT]: [Mixin] populateNoise intercepted chunk(13,33)
[21:18:18] [Worker-Main-8/INFO] (Minecraft) [STDOUT]: [Mixin] populateNoise intercepted chunk(14,33)
[21:18:18] [Worker-Main-2/INFO] (Minecraft) [STDOUT]: [Mixin] populateNoise intercepted chunk(15,33)
[21:18:18] [Worker-Main-20/INFO] (Minecraft) [STDOUT]: [Mixin] populateNoise intercepted chunk(19,31)
[21:18:18] [Worker-Main-21/INFO] (Minecraft) [STDOUT]: [Mixin] buildSurface skipped chunk(18,24)
[21:18:18] [Worker-Main-21/INFO] (Minecraft) [STDOUT]: [Mixin] buildSurface skipped chunk(18,25)
[21:18:18] [Worker-Main-3/INFO] (Minecraft) [STDOUT]: [Mixin] populateNoise intercepted chunk(19,32)
[21:18:18] [Worker-Main-21/INFO] (Minecraft) [STDOUT]: [Mixin] populateNoise intercepted chunk(20,21)
[21:18:18] [Worker-Main-16/INFO] (Minecraft) [STDOUT]: [Mixin] buildSurface skipped chunk(18,26)
[21:18:18] [Worker-Main-16/INFO] (Minecraft) [STDOUT]: [Mixin] buildSurface skipped chunk(18,30)
[21:18:18] [Worker-Main-9/INFO] (Minecraft) [STDOUT]: [Mixin] buildSurface skipped chunk(18,29)
[21:18:18] [Worker-Main-13/INFO] (Minecraft) [STDOUT]: [Mixin] buildSurface skipped chunk(18,31)
[21:18:18] [Worker-Main-15/INFO] (Minecraft) [STDOUT]: [Mixin] buildSurface skipped chunk(19,28)
[21:18:18] [Worker-Main-6/INFO] (Minecraft) [STDOUT]: [Mixin] buildSurface skipped chunk(19,26)
[21:18:18] [Worker-Main-17/INFO] (Minecraft) [STDOUT]: [Mixin] buildSurface skipped chunk(19,22)
[21:18:18] [Worker-Main-23/INFO] (Minecraft) [STDOUT]: [Mixin] buildSurface skipped chunk(19,27)
[21:18:18] [Worker-Main-23/INFO] (Minecraft) [STDOUT]: [Mixin] buildSurface skipped chunk(19,29)
[21:18:18] [Worker-Main-11/INFO] (Minecraft) [STDOUT]: [Mixin] buildSurface skipped chunk(19,23)
[21:18:18] [Worker-Main-11/INFO] (Minecraft) [STDOUT]: [Mixin] buildSurface skipped chunk(19,25)
[21:18:18] [Worker-Main-11/INFO] (Minecraft) [STDOUT]: [Mixin] buildSurface skipped chunk(19,21)
[21:18:18] [Worker-Main-10/INFO] (Minecraft) [STDOUT]: [Mixin] buildSurface skipped chunk(18,27)
[21:18:18] [Worker-Main-7/INFO] (Minecraft) [STDOUT]: [Mixin] buildSurface skipped chunk(18,28)
[21:18:18] [Worker-Main-7/INFO] (Minecraft) [STDOUT]: [Mixin] buildSurface skipped chunk(19,30)
[21:18:18] [Worker-Main-8/INFO] (Minecraft) [STDOUT]: [Mixin] buildSurface skipped chunk(19,24)
[21:18:18] [Worker-Main-1/INFO] (Minecraft) [STDOUT]: [Mixin] buildSurface skipped chunk(19,31)
[21:18:18] [Worker-Main-1/INFO] (Minecraft) [STDOUT]: [Mixin] buildSurface skipped chunk(18,32)
[21:18:18] [Worker-Main-1/INFO] (Minecraft) [STDOUT]: [Mixin] buildSurface skipped chunk(19,32)
[21:18:18] [Worker-Main-1/INFO] (Minecraft) [STDOUT]: [Mixin] buildSurface skipped chunk(20,21)
[21:18:19] [Worker-Main-21/INFO] (Minecraft) [STDOUT]: [Mixin] buildSurface skipped chunk(13,33)
[21:18:19] [Worker-Main-21/INFO] (Minecraft) [STDOUT]: [Mixin] buildSurface skipped chunk(15,33)
[21:18:19] [Worker-Main-12/INFO] (Minecraft) [STDOUT]: [Mixin] buildSurface skipped chunk(14,33)
[21:18:19] [Worker-Main-14/INFO] (Minecraft) [STDOUT]: [Mixin] populateNoise intercepted chunk(20,22)
[21:18:19] [Worker-Main-21/INFO] (Minecraft) [STDOUT]: [Mixin] populateNoise intercepted chunk(20,23)
[21:18:19] [Worker-Main-10/INFO] (Minecraft) [STDOUT]: [Mixin] populateNoise intercepted chunk(20,24)
[21:18:19] [Worker-Main-7/INFO] (Minecraft) [STDOUT]: [Mixin] populateNoise intercepted chunk(20,25)
[21:18:19] [Worker-Main-23/INFO] (Minecraft) [STDOUT]: [Mixin] populateNoise intercepted chunk(20,26)
[21:18:19] [Worker-Main-19/INFO] (Minecraft) [STDOUT]: [Mixin] populateNoise intercepted chunk(20,27)
[21:18:19] [Worker-Main-1/INFO] (Minecraft) [STDOUT]: [Mixin] populateNoise intercepted chunk(20,28)
[21:18:19] [Worker-Main-12/INFO] (Minecraft) [STDOUT]: [Mixin] populateNoise intercepted chunk(20,29)
[21:18:19] [Worker-Main-3/INFO] (Minecraft) [STDOUT]: [Mixin] populateNoise intercepted chunk(21,21)
[21:18:19] [Worker-Main-5/INFO] (Minecraft) [STDOUT]: [Mixin] populateNoise intercepted chunk(20,30)
[21:18:19] [Worker-Main-6/INFO] (Minecraft) [STDOUT]: [Mixin] populateNoise intercepted chunk(20,31)
[21:18:19] [Worker-Main-18/INFO] (Minecraft) [STDOUT]: [Mixin] populateNoise intercepted chunk(21,22)
[21:18:19] [Worker-Main-15/INFO] (Minecraft) [STDOUT]: [Mixin] populateNoise intercepted chunk(21,23)
[21:18:19] [Worker-Main-9/INFO] (Minecraft) [STDOUT]: [Mixin] populateNoise intercepted chunk(21,24)
[21:18:19] [Worker-Main-13/INFO] (Minecraft) [STDOUT]: [Mixin] populateNoise intercepted chunk(20,32)
[21:18:19] [Worker-Main-22/INFO] (Minecraft) [STDOUT]: [Mixin] populateNoise intercepted chunk(21,28)
[21:18:19] [Worker-Main-16/INFO] (Minecraft) [STDOUT]: [Mixin] populateNoise intercepted chunk(21,29)
[21:18:19] [Worker-Main-11/INFO] (Minecraft) [STDOUT]: [Mixin] populateNoise intercepted chunk(21,30)
[21:18:19] [Worker-Main-4/INFO] (Minecraft) [STDOUT]: [Mixin] populateNoise intercepted chunk(21,25)
[21:18:19] [Worker-Main-2/INFO] (Minecraft) [STDOUT]: [Mixin] populateNoise intercepted chunk(21,26)
[21:18:19] [Worker-Main-8/INFO] (Minecraft) [STDOUT]: [Mixin] populateNoise intercepted chunk(21,31)
[21:18:19] [Worker-Main-20/INFO] (Minecraft) [STDOUT]: [Mixin] populateNoise intercepted chunk(21,27)
[21:18:19] [Worker-Main-17/INFO] (Minecraft) [STDOUT]: [Mixin] populateNoise intercepted chunk(21,32)
[21:18:19] [Worker-Main-14/INFO] (Minecraft) [STDOUT]: [Mixin] buildSurface skipped chunk(20,22)
[21:18:19] [Worker-Main-6/INFO] (Minecraft) [STDOUT]: [Mixin] buildSurface skipped chunk(20,27)
[21:18:19] [Worker-Main-6/INFO] (Minecraft) [STDOUT]: [Mixin] buildSurface skipped chunk(20,28)
[21:18:19] [Worker-Main-6/INFO] (Minecraft) [STDOUT]: [Mixin] buildSurface skipped chunk(20,31)
[21:18:19] [Worker-Main-14/INFO] (Minecraft) [STDOUT]: [Mixin] buildSurface skipped chunk(21,21)
[21:18:19] [Worker-Main-2/INFO] (Minecraft) [STDOUT]: [Mixin] buildSurface skipped chunk(20,23)
[21:18:19] [Worker-Main-2/INFO] (Minecraft) [STDOUT]: [Mixin] buildSurface skipped chunk(20,24)
[21:18:19] [Worker-Main-19/INFO] (Minecraft) [STDOUT]: [Mixin] buildSurface skipped chunk(20,30)
[21:18:19] [Worker-Main-19/INFO] (Minecraft) [STDOUT]: [Mixin] buildSurface skipped chunk(21,26)
[21:18:19] [Worker-Main-16/INFO] (Minecraft) [STDOUT]: [Mixin] buildSurface skipped chunk(21,24)
[21:18:19] [Worker-Main-6/INFO] (Minecraft) [STDOUT]: [Mixin] buildSurface skipped chunk(21,25)
[21:18:19] [Worker-Main-7/INFO] (Minecraft) [STDOUT]: [Mixin] buildSurface skipped chunk(20,29)
[21:18:19] [Worker-Main-7/INFO] (Minecraft) [STDOUT]: [Mixin] buildSurface skipped chunk(20,26)
[21:18:19] [Worker-Main-7/INFO] (Minecraft) [STDOUT]: [Mixin] buildSurface skipped chunk(21,23)
[21:18:19] [Worker-Main-15/INFO] (Minecraft) [STDOUT]: [Mixin] buildSurface skipped chunk(20,25)
[21:18:19] [Worker-Main-13/INFO] (Minecraft) [STDOUT]: [Mixin] buildSurface skipped chunk(21,22)
[21:18:19] [Worker-Main-13/INFO] (Minecraft) [STDOUT]: [Mixin] buildSurface skipped chunk(21,27)
[21:18:19] [Worker-Main-18/INFO] (Minecraft) [STDOUT]: [Mixin] buildSurface skipped chunk(21,28)
[21:18:19] [Worker-Main-7/INFO] (Minecraft) [STDOUT]: [Mixin] buildSurface skipped chunk(21,29)
[21:18:19] [Worker-Main-13/INFO] (Minecraft) [STDOUT]: [Mixin] buildSurface skipped chunk(21,30)
[21:18:19] [Worker-Main-8/INFO] (Minecraft) [STDOUT]: [Mixin] buildSurface skipped chunk(21,31)
[21:18:19] [Worker-Main-8/INFO] (Minecraft) [STDOUT]: [Mixin] populateNoise intercepted chunk(22,21)
[21:18:19] [Worker-Main-16/INFO] (Minecraft) [STDOUT]: [Mixin] populateNoise intercepted chunk(22,22)
[21:18:19] [Worker-Main-12/INFO] (Minecraft) [STDOUT]: [Mixin] buildSurface skipped chunk(20,32)
[21:18:19] [Worker-Main-15/INFO] (Minecraft) [STDOUT]: [Mixin] buildSurface skipped chunk(21,32)
[21:18:19] [Worker-Main-17/INFO] (Minecraft) [STDOUT]: [Mixin] populateNoise intercepted chunk(22,23)
[21:18:19] [Worker-Main-9/INFO] (Minecraft) [STDOUT]: [Mixin] populateNoise intercepted chunk(22,24)
[21:18:19] [Worker-Main-11/INFO] (Minecraft) [STDOUT]: [Mixin] populateNoise intercepted chunk(22,25)
[21:18:19] [Worker-Main-13/INFO] (Minecraft) [STDOUT]: [Mixin] populateNoise intercepted chunk(22,26)
[21:18:19] [Worker-Main-7/INFO] (Minecraft) [STDOUT]: [Mixin] populateNoise intercepted chunk(22,27)
[21:18:19] [Worker-Main-15/INFO] (Minecraft) [STDOUT]: [Mixin] populateNoise intercepted chunk(22,28)
[21:18:19] [Worker-Main-18/INFO] (Minecraft) [STDOUT]: [Mixin] populateNoise intercepted chunk(22,29)
[21:18:19] [Worker-Main-6/INFO] (Minecraft) [STDOUT]: [Mixin] populateNoise intercepted chunk(22,30)
[21:18:19] [Worker-Main-6/INFO] (Minecraft) [STDOUT]: [Mixin] populateNoise intercepted chunk(22,31)
[21:18:19] [Worker-Main-22/INFO] (Minecraft) [STDOUT]: [Mixin] populateNoise intercepted chunk(22,32)
[21:18:19] [Worker-Main-2/INFO] (Minecraft) [STDOUT]: [Mixin] populateNoise intercepted chunk(23,21)
[21:18:19] [Worker-Main-10/INFO] (Minecraft) [STDOUT]: [Mixin] populateNoise intercepted chunk(23,22)
[21:18:19] [Worker-Main-5/INFO] (Minecraft) [STDOUT]: [Mixin] populateNoise intercepted chunk(23,23)
[21:18:19] [Worker-Main-21/INFO] (Minecraft) [STDOUT]: [Mixin] populateNoise intercepted chunk(23,24)
[21:18:19] [Worker-Main-3/INFO] (Minecraft) [STDOUT]: [Mixin] populateNoise intercepted chunk(23,25)
[21:18:19] [Worker-Main-14/INFO] (Minecraft) [STDOUT]: [Mixin] populateNoise intercepted chunk(16,33)
[21:18:19] [Worker-Main-20/INFO] (Minecraft) [STDOUT]: [Mixin] populateNoise intercepted chunk(23,26)
[21:18:19] [Worker-Main-19/INFO] (Minecraft) [STDOUT]: [Mixin] populateNoise intercepted chunk(17,33)
[21:18:19] [Worker-Main-4/INFO] (Minecraft) [STDOUT]: [Mixin] populateNoise intercepted chunk(18,33)
[21:18:19] [Worker-Main-1/INFO] (Minecraft) [STDOUT]: [Mixin] populateNoise intercepted chunk(19,33)
[21:18:19] [Worker-Main-12/INFO] (Minecraft) [STDOUT]: [Mixin] populateNoise intercepted chunk(20,33)
[21:18:19] [Worker-Main-16/INFO] (Minecraft) [STDOUT]: [Mixin] buildSurface skipped chunk(22,22)
[21:18:19] [Worker-Main-16/INFO] (Minecraft) [STDOUT]: [Mixin] buildSurface skipped chunk(22,23)
[21:18:19] [Worker-Main-8/INFO] (Minecraft) [STDOUT]: [Mixin] buildSurface skipped chunk(22,21)
[21:18:19] [Worker-Main-8/INFO] (Minecraft) [STDOUT]: [Mixin] buildSurface skipped chunk(23,22)
[21:18:19] [Worker-Main-18/INFO] (Minecraft) [STDOUT]: [Mixin] buildSurface skipped chunk(22,24)
[21:18:19] [Worker-Main-18/INFO] (Minecraft) [STDOUT]: [Mixin] buildSurface skipped chunk(22,29)
[21:18:19] [Worker-Main-21/INFO] (Minecraft) [STDOUT]: [Mixin] buildSurface skipped chunk(22,30)
[21:18:19] [Worker-Main-11/INFO] (Minecraft) [STDOUT]: [Mixin] buildSurface skipped chunk(22,25)
[21:18:19] [Worker-Main-14/INFO] (Minecraft) [STDOUT]: [Mixin] buildSurface skipped chunk(22,26)
[21:18:19] [Worker-Main-2/INFO] (Minecraft) [STDOUT]: [Mixin] buildSurface skipped chunk(23,21)
[21:18:19] [Worker-Main-13/INFO] (Minecraft) [STDOUT]: [Mixin] buildSurface skipped chunk(22,28)
[21:18:19] [Worker-Main-2/INFO] (Minecraft) [STDOUT]: [Mixin] buildSurface skipped chunk(22,31)
[21:18:19] [Worker-Main-5/INFO] (Minecraft) [STDOUT]: [Mixin] buildSurface skipped chunk(23,23)
[21:18:19] [Worker-Main-14/INFO] (Minecraft) [STDOUT]: [Mixin] buildSurface skipped chunk(22,27)
[21:18:19] [Worker-Main-14/INFO] (Minecraft) [STDOUT]: [Mixin] buildSurface skipped chunk(23,24)
[21:18:19] [Worker-Main-14/INFO] (Minecraft) [STDOUT]: [Mixin] buildSurface skipped chunk(23,25)
[21:18:19] [Worker-Main-1/INFO] (Minecraft) [STDOUT]: [Mixin] buildSurface skipped chunk(23,26)
[21:18:19] [Worker-Main-1/INFO] (Minecraft) [STDOUT]: [Mixin] populateNoise intercepted chunk(23,27)
[21:18:19] [Worker-Main-14/INFO] (Minecraft) [STDOUT]: [Mixin] populateNoise intercepted chunk(23,28)
[21:18:19] [Worker-Main-5/INFO] (Minecraft) [STDOUT]: [Mixin] buildSurface skipped chunk(22,32)
[21:18:19] [Worker-Main-11/INFO] (Minecraft) [STDOUT]: [Mixin] buildSurface skipped chunk(16,33)
[21:18:19] [Worker-Main-11/INFO] (Minecraft) [STDOUT]: [Mixin] buildSurface skipped chunk(17,33)
[21:18:19] [Worker-Main-11/INFO] (Minecraft) [STDOUT]: [Mixin] buildSurface skipped chunk(18,33)
[21:18:19] [Worker-Main-16/INFO] (Minecraft) [STDOUT]: [Mixin] buildSurface skipped chunk(19,33)
[21:18:19] [Worker-Main-12/INFO] (Minecraft) [STDOUT]: [Mixin] buildSurface skipped chunk(20,33)
[21:18:19] [Worker-Main-20/INFO] (Minecraft) [STDOUT]: [Mixin] populateNoise intercepted chunk(23,29)
[21:18:19] [Worker-Main-21/INFO] (Minecraft) [STDOUT]: [Mixin] populateNoise intercepted chunk(23,30)
[21:18:19] [Worker-Main-13/INFO] (Minecraft) [STDOUT]: [Mixin] populateNoise intercepted chunk(23,31)
[21:18:19] [Worker-Main-1/INFO] (Minecraft) [STDOUT]: [Mixin] populateNoise intercepted chunk(24,21)
[21:18:19] [Worker-Main-19/INFO] (Minecraft) [STDOUT]: [Mixin] populateNoise intercepted chunk(24,22)
[21:18:19] [Worker-Main-8/INFO] (Minecraft) [STDOUT]: [Mixin] populateNoise intercepted chunk(24,23)
[21:18:19] [Worker-Main-16/INFO] (Minecraft) [STDOUT]: [Mixin] buildSurface skipped chunk(23,28)
[21:18:19] [Worker-Main-16/INFO] (Minecraft) [STDOUT]: [Mixin] buildSurface skipped chunk(23,27)
[21:18:19] [Worker-Main-15/INFO] (Minecraft) [STDOUT]: [Mixin] populateNoise intercepted chunk(24,24)
[21:18:19] [Worker-Main-10/INFO] (Minecraft) [STDOUT]: [Mixin] populateNoise intercepted chunk(24,25)
[21:18:19] [Worker-Main-23/INFO] (Minecraft) [STDOUT]: [Mixin] populateNoise intercepted chunk(24,26)
[21:18:19] [Worker-Main-4/INFO] (Minecraft) [STDOUT]: [Mixin] populateNoise intercepted chunk(24,27)
[21:18:19] [Worker-Main-12/INFO] (Minecraft) [STDOUT]: [Mixin] populateNoise intercepted chunk(24,28)
[21:18:19] [Worker-Main-2/INFO] (Minecraft) [STDOUT]: [Mixin] populateNoise intercepted chunk(24,29)
[21:18:19] [Worker-Main-11/INFO] (Minecraft) [STDOUT]: [Mixin] populateNoise intercepted chunk(24,30)
[21:18:19] [Worker-Main-16/INFO] (Minecraft) [STDOUT]: [Mixin] populateNoise intercepted chunk(24,31)
[21:18:19] [Worker-Main-6/INFO] (Minecraft) [STDOUT]: [Mixin] populateNoise intercepted chunk(23,32)
[21:18:19] [Worker-Main-6/INFO] (Minecraft) [STDOUT]: [Mixin] populateNoise intercepted chunk(24,32)
[21:18:19] [Worker-Main-14/INFO] (Minecraft) [STDOUT]: [Mixin] populateNoise intercepted chunk(25,21)
[21:18:19] [Worker-Main-3/INFO] (Minecraft) [STDOUT]: [Mixin] populateNoise intercepted chunk(25,22)
[21:18:19] [Worker-Main-5/INFO] (Minecraft) [STDOUT]: [Mixin] populateNoise intercepted chunk(25,23)
[21:18:19] [Worker-Main-18/INFO] (Minecraft) [STDOUT]: [Mixin] populateNoise intercepted chunk(25,24)
[21:18:19] [Worker-Main-3/INFO] (Minecraft) [STDOUT]: [Mixin] populateNoise intercepted chunk(25,25)
[21:18:19] [Worker-Main-22/INFO] (Minecraft) [STDOUT]: [Mixin] populateNoise intercepted chunk(25,26)
[21:18:19] [Worker-Main-7/INFO] (Minecraft) [STDOUT]: [Mixin] populateNoise intercepted chunk(25,27)
[21:18:19] [Worker-Main-21/INFO] (Minecraft) [STDOUT]: [Mixin] buildSurface skipped chunk(23,30)
[21:18:19] [Worker-Main-13/INFO] (Minecraft) [STDOUT]: [Mixin] buildSurface skipped chunk(23,31)
[21:18:19] [Worker-Main-20/INFO] (Minecraft) [STDOUT]: [Mixin] buildSurface skipped chunk(23,29)
[21:18:19] [Worker-Main-8/INFO] (Minecraft) [STDOUT]: [Mixin] buildSurface skipped chunk(24,22)
[21:18:19] [Worker-Main-20/INFO] (Minecraft) [STDOUT]: [Mixin] buildSurface skipped chunk(24,23)
[21:18:19] [Worker-Main-20/INFO] (Minecraft) [STDOUT]: [Mixin] buildSurface skipped chunk(24,21)
[21:18:19] [Worker-Main-1/INFO] (Minecraft) [STDOUT]: [Mixin] buildSurface skipped chunk(24,24)
[21:18:19] [Worker-Main-1/INFO] (Minecraft) [STDOUT]: [Mixin] buildSurface skipped chunk(24,25)
[21:18:19] [Worker-Main-1/INFO] (Minecraft) [STDOUT]: [Mixin] buildSurface skipped chunk(24,26)
[21:18:19] [Worker-Main-1/INFO] (Minecraft) [STDOUT]: [Mixin] buildSurface skipped chunk(24,27)
[21:18:19] [Worker-Main-16/INFO] (Minecraft) [STDOUT]: [Mixin] buildSurface skipped chunk(24,29)
[21:18:19] [Worker-Main-9/INFO] (Minecraft) [STDOUT]: [Mixin] buildSurface skipped chunk(24,28)
[21:18:19] [Worker-Main-4/INFO] (Minecraft) [STDOUT]: [Mixin] buildSurface skipped chunk(24,31)
[21:18:19] [Worker-Main-5/INFO] (Minecraft) [STDOUT]: [Mixin] buildSurface skipped chunk(24,30)
[21:18:19] [Worker-Main-17/INFO] (Minecraft) [STDOUT]: [Mixin] buildSurface skipped chunk(25,22)
[21:18:19] [Worker-Main-18/INFO] (Minecraft) [STDOUT]: [Mixin] buildSurface skipped chunk(25,23)
[21:18:19] [Worker-Main-16/INFO] (Minecraft) [STDOUT]: [Mixin] buildSurface skipped chunk(25,24)
[21:18:19] [Worker-Main-17/INFO] (Minecraft) [STDOUT]: [Mixin] buildSurface skipped chunk(25,25)
[21:18:19] [Worker-Main-17/INFO] (Minecraft) [STDOUT]: [Mixin] buildSurface skipped chunk(25,21)
[21:18:19] [Worker-Main-1/INFO] (Minecraft) [STDOUT]: [Mixin] buildSurface skipped chunk(25,26)
[21:18:19] [Worker-Main-1/INFO] (Minecraft) [STDOUT]: [Mixin] buildSurface skipped chunk(25,27)
[21:18:19] [Worker-Main-1/INFO] (Minecraft) [STDOUT]: [Mixin] populateNoise intercepted chunk(25,28)
[21:18:19] [Worker-Main-11/INFO] (Minecraft) [STDOUT]: [Mixin] buildSurface skipped chunk(24,32)
[21:18:19] [Worker-Main-17/INFO] (Minecraft) [STDOUT]: [Mixin] buildSurface skipped chunk(23,32)
[21:18:19] [Worker-Main-14/INFO] (Minecraft) [STDOUT]: [Mixin] populateNoise intercepted chunk(25,29)
[21:18:19] [Worker-Main-23/INFO] (Minecraft) [STDOUT]: [Mixin] populateNoise intercepted chunk(25,30)
[21:18:19] [Worker-Main-5/INFO] (Minecraft) [STDOUT]: [Mixin] populateNoise intercepted chunk(26,21)
[21:18:19] [Worker-Main-4/INFO] (Minecraft) [STDOUT]: [Mixin] populateNoise intercepted chunk(25,31)
[21:18:19] [Worker-Main-22/INFO] (Minecraft) [STDOUT]: [Mixin] populateNoise intercepted chunk(26,22)
[21:18:19] [Worker-Main-17/INFO] (Minecraft) [STDOUT]: [Mixin] populateNoise intercepted chunk(26,23)
[21:18:19] [Worker-Main-7/INFO] (Minecraft) [STDOUT]: [Mixin] populateNoise intercepted chunk(25,32)
[21:18:19] [Worker-Main-16/INFO] (Minecraft) [STDOUT]: [Mixin] populateNoise intercepted chunk(26,24)
[21:18:19] [Worker-Main-16/INFO] (Minecraft) [STDOUT]: [Mixin] populateNoise intercepted chunk(26,25)
[21:18:19] [Worker-Main-11/INFO] (Minecraft) [STDOUT]: [Mixin] populateNoise intercepted chunk(26,26)
[21:18:19] [Worker-Main-2/INFO] (Minecraft) [STDOUT]: [Mixin] populateNoise intercepted chunk(26,27)
[21:18:19] [Worker-Main-19/INFO] (Minecraft) [STDOUT]: [Mixin] populateNoise intercepted chunk(26,28)
[21:18:19] [Worker-Main-10/INFO] (Minecraft) [STDOUT]: [Mixin] populateNoise intercepted chunk(26,29)
[21:18:19] [Worker-Main-21/INFO] (Minecraft) [STDOUT]: [Mixin] populateNoise intercepted chunk(26,30)
[21:18:19] [Worker-Main-13/INFO] (Minecraft) [STDOUT]: [Mixin] populateNoise intercepted chunk(26,31)
[21:18:19] [Worker-Main-12/INFO] (Minecraft) [STDOUT]: [Mixin] populateNoise intercepted chunk(27,21)
[21:18:19] [Worker-Main-20/INFO] (Minecraft) [STDOUT]: [Mixin] populateNoise intercepted chunk(26,32)
[21:18:19] [Worker-Main-9/INFO] (Minecraft) [STDOUT]: [Mixin] populateNoise intercepted chunk(27,22)
[21:18:19] [Worker-Main-15/INFO] (Minecraft) [STDOUT]: [Mixin] populateNoise intercepted chunk(27,23)
[21:18:19] [Worker-Main-3/INFO] (Minecraft) [STDOUT]: [Mixin] populateNoise intercepted chunk(27,24)
[21:18:19] [Worker-Main-6/INFO] (Minecraft) [STDOUT]: [Mixin] populateNoise intercepted chunk(27,25)
[21:18:19] [Worker-Main-8/INFO] (Minecraft) [STDOUT]: [Mixin] populateNoise intercepted chunk(27,26)
[21:18:19] [Worker-Main-1/INFO] (Minecraft) [STDOUT]: [Mixin] buildSurface skipped chunk(25,28)
[21:18:19] [Worker-Main-1/INFO] (Minecraft) [STDOUT]: [Mixin] populateNoise intercepted chunk(27,27)
[21:18:20] [Worker-Main-4/INFO] (Minecraft) [STDOUT]: [Mixin] buildSurface skipped chunk(25,31)
[21:18:20] [Worker-Main-4/INFO] (Minecraft) [STDOUT]: [Mixin] buildSurface skipped chunk(26,30)
[21:18:20] [Worker-Main-22/INFO] (Minecraft) [STDOUT]: [Mixin] buildSurface skipped chunk(26,22)
[21:18:20] [Worker-Main-19/INFO] (Minecraft) [STDOUT]: [Mixin] buildSurface skipped chunk(26,28)
[21:18:20] [Worker-Main-17/INFO] (Minecraft) [STDOUT]: [Mixin] buildSurface skipped chunk(26,23)
[21:18:20] [Worker-Main-17/INFO] (Minecraft) [STDOUT]: [Mixin] buildSurface skipped chunk(26,26)
[21:18:20] [Worker-Main-4/INFO] (Minecraft) [STDOUT]: [Mixin] populateNoise intercepted chunk(27,28)
[21:18:20] [Worker-Main-22/INFO] (Minecraft) [STDOUT]: [Mixin] populateNoise intercepted chunk(27,29)
[21:18:20] [Worker-Main-17/INFO] (Minecraft) [STDOUT]: [Mixin] populateNoise intercepted chunk(27,30)
[21:18:20] [Worker-Main-10/INFO] (Minecraft) [STDOUT]: [Mixin] buildSurface skipped chunk(26,29)
[21:18:20] [Worker-Main-10/INFO] (Minecraft) [STDOUT]: [Mixin] populateNoise intercepted chunk(27,31)
[21:18:20] [Worker-Main-14/INFO] (Minecraft) [STDOUT]: [Mixin] buildSurface skipped chunk(25,29)
[21:18:20] [Worker-Main-21/INFO] (Minecraft) [STDOUT]: [Mixin] buildSurface skipped chunk(26,27)
[21:18:20] [Worker-Main-15/INFO] (Minecraft) [STDOUT]: [Mixin] buildSurface skipped chunk(26,25)
[21:18:20] [Worker-Main-15/INFO] (Minecraft) [STDOUT]: [Mixin] buildSurface skipped chunk(25,30)
[21:18:20] [Worker-Main-15/INFO] (Minecraft) [STDOUT]: [Mixin] buildSurface skipped chunk(26,21)
[21:18:20] [Worker-Main-18/INFO] (Minecraft) [STDOUT]: [Mixin] buildSurface skipped chunk(26,24)
[21:18:20] [Worker-Main-20/INFO] (Minecraft) [STDOUT]: [Mixin] buildSurface skipped chunk(26,31)
[21:18:20] [Worker-Main-8/INFO] (Minecraft) [STDOUT]: [Mixin] buildSurface skipped chunk(27,21)
[21:18:20] [Worker-Main-14/INFO] (Minecraft) [STDOUT]: [Mixin] populateNoise intercepted chunk(28,21)
[21:18:20] [Worker-Main-20/INFO] (Minecraft) [STDOUT]: [Mixin] populateNoise intercepted chunk(27,32)
[21:18:20] [Worker-Main-9/INFO] (Minecraft) [STDOUT]: [Mixin] buildSurface skipped chunk(27,23)
[21:18:20] [Worker-Main-8/INFO] (Minecraft) [STDOUT]: [Mixin] buildSurface skipped chunk(27,26)
[21:18:20] [Worker-Main-3/INFO] (Minecraft) [STDOUT]: [Mixin] buildSurface skipped chunk(27,24)
[21:18:20] [Worker-Main-3/INFO] (Minecraft) [STDOUT]: [Mixin] buildSurface skipped chunk(27,25)
[21:18:20] [Worker-Main-9/INFO] (Minecraft) [STDOUT]: [Mixin] buildSurface skipped chunk(27,22)
[21:18:20] [Worker-Main-3/INFO] (Minecraft) [STDOUT]: [Mixin] buildSurface skipped chunk(26,32)
[21:18:20] [Worker-Main-3/INFO] (Minecraft) [STDOUT]: [Mixin] buildSurface skipped chunk(25,32)
[21:18:20] [Worker-Main-3/INFO] (Minecraft) [STDOUT]: [Mixin] buildSurface skipped chunk(27,27)
[21:18:20] [Worker-Main-17/INFO] (Minecraft) [STDOUT]: [Mixin] buildSurface skipped chunk(27,30)
[21:18:20] [Worker-Main-17/INFO] (Minecraft) [STDOUT]: [Mixin] buildSurface skipped chunk(27,28)
[21:18:20] [Worker-Main-10/INFO] (Minecraft) [STDOUT]: [Mixin] buildSurface skipped chunk(27,31)
[21:18:20] [Worker-Main-22/INFO] (Minecraft) [STDOUT]: [Mixin] buildSurface skipped chunk(27,29)
[21:18:20] [Worker-Main-10/INFO] (Minecraft) [STDOUT]: [Mixin] populateNoise intercepted chunk(21,33)
[21:18:20] [Worker-Main-9/INFO] (Minecraft) [STDOUT]: [Mixin] populateNoise intercepted chunk(28,22)
[21:18:20] [Worker-Main-4/INFO] (Minecraft) [STDOUT]: [Mixin] populateNoise intercepted chunk(28,23)
[21:18:20] [Worker-Main-11/INFO] (Minecraft) [STDOUT]: [Mixin] populateNoise intercepted chunk(28,24)
[21:18:20] [Worker-Main-22/INFO] (Minecraft) [STDOUT]: [Mixin] populateNoise intercepted chunk(28,25)
[21:18:20] [Worker-Main-7/INFO] (Minecraft) [STDOUT]: [Mixin] populateNoise intercepted chunk(28,26)
[21:18:20] [Worker-Main-18/INFO] (Minecraft) [STDOUT]: [Mixin] populateNoise intercepted chunk(28,27)
[21:18:20] [Worker-Main-16/INFO] (Minecraft) [STDOUT]: [Mixin] populateNoise intercepted chunk(28,28)
[21:18:20] [Worker-Main-12/INFO] (Minecraft) [STDOUT]: [Mixin] populateNoise intercepted chunk(28,29)
[21:18:20] [Worker-Main-15/INFO] (Minecraft) [STDOUT]: [Mixin] populateNoise intercepted chunk(28,30)
[21:18:20] [Worker-Main-2/INFO] (Minecraft) [STDOUT]: [Mixin] populateNoise intercepted chunk(28,31)
[21:18:20] [Worker-Main-21/INFO] (Minecraft) [STDOUT]: [Mixin] populateNoise intercepted chunk(28,32)
[21:18:20] [Worker-Main-8/INFO] (Minecraft) [STDOUT]: [Mixin] populateNoise intercepted chunk(29,21)
[21:18:20] [Worker-Main-13/INFO] (Minecraft) [STDOUT]: [Mixin] populateNoise intercepted chunk(29,22)
[21:18:20] [Worker-Main-17/INFO] (Minecraft) [STDOUT]: [Mixin] populateNoise intercepted chunk(29,23)
[21:18:20] [Worker-Main-1/INFO] (Minecraft) [STDOUT]: [Mixin] populateNoise intercepted chunk(29,24)
[21:18:20] [Worker-Main-3/INFO] (Minecraft) [STDOUT]: [Mixin] populateNoise intercepted chunk(29,25)
[21:18:20] [Worker-Main-19/INFO] (Minecraft) [STDOUT]: [Mixin] populateNoise intercepted chunk(29,26)
[21:18:20] [Worker-Main-20/INFO] (Minecraft) [STDOUT]: [Mixin] populateNoise intercepted chunk(29,27)
[21:18:20] [Worker-Main-23/INFO] (Minecraft) [STDOUT]: [Mixin] populateNoise intercepted chunk(29,28)
[21:18:20] [Worker-Main-5/INFO] (Minecraft) [STDOUT]: [Mixin] populateNoise intercepted chunk(29,29)
[21:18:20] [Worker-Main-14/INFO] (Minecraft) [STDOUT]: [Mixin] buildSurface skipped chunk(28,21)
[21:18:20] [Worker-Main-6/INFO] (Minecraft) [STDOUT]: [Mixin] buildSurface skipped chunk(27,32)
[21:18:20] [Worker-Main-6/INFO] (Minecraft) [STDOUT]: [Mixin] populateNoise intercepted chunk(29,30)
[21:18:20] [Worker-Main-14/INFO] (Minecraft) [STDOUT]: [Mixin] populateNoise intercepted chunk(29,31)
[21:18:20] [Worker-Main-10/INFO] (Minecraft) [STDOUT]: [Mixin] buildSurface skipped chunk(21,33)
[21:18:20] [Worker-Main-10/INFO] (Minecraft) [STDOUT]: [Mixin] buildSurface skipped chunk(28,23)
[21:18:20] [Worker-Main-10/INFO] (Minecraft) [STDOUT]: [Mixin] populateNoise intercepted chunk(29,32)
[21:18:20] [Worker-Main-4/INFO] (Minecraft) [STDOUT]: [Mixin] populateNoise intercepted chunk(30,21)
[21:18:20] [Worker-Main-3/INFO] (Minecraft) [STDOUT]: [Mixin] buildSurface skipped chunk(29,25)
[21:18:20] [Worker-Main-9/INFO] (Minecraft) [STDOUT]: [Mixin] buildSurface skipped chunk(28,22)
[21:18:20] [Worker-Main-3/INFO] (Minecraft) [STDOUT]: [Mixin] buildSurface skipped chunk(28,26)
[21:18:20] [Worker-Main-9/INFO] (Minecraft) [STDOUT]: [Mixin] buildSurface skipped chunk(29,22)
[21:18:20] [Worker-Main-1/INFO] (Minecraft) [STDOUT]: [Mixin] buildSurface skipped chunk(28,24)
[21:18:20] [Worker-Main-9/INFO] (Minecraft) [STDOUT]: [Mixin] buildSurface skipped chunk(29,24)
[21:18:20] [Worker-Main-11/INFO] (Minecraft) [STDOUT]: [Mixin] buildSurface skipped chunk(28,25)
[21:18:20] [Worker-Main-11/INFO] (Minecraft) [STDOUT]: [Mixin] buildSurface skipped chunk(28,30)
[21:18:20] [Worker-Main-17/INFO] (Minecraft) [STDOUT]: [CHUNKTIME] n=4096 perChunk(ms): mixin=95.76 gap=104.04 | sumMixin=392.2s sumGap=426.2s | inflight max=23 now=12
[21:18:20] [Worker-Main-11/INFO] (Minecraft) [STDOUT]: [Mixin] buildSurface skipped chunk(28,29)
[21:18:20] [Worker-Main-3/INFO] (Minecraft) [STDOUT]: [Mixin] buildSurface skipped chunk(29,23)
[21:18:20] [Worker-Main-22/INFO] (Minecraft) [STDOUT]: [Mixin] populateNoise intercepted chunk(30,22)
[21:18:20] [Worker-Main-19/INFO] (Minecraft) [STDOUT]: [Mixin] buildSurface skipped chunk(29,26)
[21:18:20] [Worker-Main-21/INFO] (Minecraft) [STDOUT]: [Mixin] buildSurface skipped chunk(28,32)
[21:18:20] [Worker-Main-21/INFO] (Minecraft) [STDOUT]: [Mixin] populateNoise intercepted chunk(30,23)
[21:18:20] [Worker-Main-19/INFO] (Minecraft) [STDOUT]: [Mixin] populateNoise intercepted chunk(30,24)
[21:18:20] [Worker-Main-11/INFO] (Minecraft) [STDOUT]: [Mixin] populateNoise intercepted chunk(30,25)
[21:18:20] [Worker-Main-17/INFO] (Minecraft) [STDOUT]: [Mixin] populateNoise intercepted chunk(26,33)
[21:18:20] [Worker-Main-3/INFO] (Minecraft) [STDOUT]: [Mixin] populateNoise intercepted chunk(22,33)
[21:18:20] [Worker-Main-12/INFO] (Minecraft) [STDOUT]: [Mixin] populateNoise intercepted chunk(23,33)
[21:18:20] [Worker-Main-13/INFO] (Minecraft) [STDOUT]: [Mixin] populateNoise intercepted chunk(24,33)
[21:18:20] [Worker-Main-7/INFO] (Minecraft) [STDOUT]: [Mixin] populateNoise intercepted chunk(25,33)
[21:18:20] [Worker-Main-9/INFO] (Minecraft) [STDOUT]: [Mixin] populateNoise intercepted chunk(27,33)
[21:18:20] [Worker-Main-15/INFO] (Minecraft) [STDOUT]: [Mixin] populateNoise intercepted chunk(28,33)
[21:18:20] [Worker-Main-1/INFO] (Minecraft) [STDOUT]: [Mixin] populateNoise intercepted chunk(29,33)
[21:18:20] [Worker-Main-2/INFO] (Minecraft) [STDOUT]: [Mixin] buildSurface skipped chunk(28,31)
[21:18:20] [Worker-Main-2/INFO] (Minecraft) [STDOUT]: [Mixin] buildSurface skipped chunk(29,30)
[21:18:20] [Worker-Main-6/INFO] (Minecraft) [STDOUT]: [Mixin] buildSurface skipped chunk(29,27)
[21:18:20] [Worker-Main-20/INFO] (Minecraft) [STDOUT]: [Mixin] buildSurface skipped chunk(28,28)
[21:18:20] [Worker-Main-5/INFO] (Minecraft) [STDOUT]: [Mixin] buildSurface skipped chunk(29,21)
[21:18:20] [Worker-Main-5/INFO] (Minecraft) [STDOUT]: [Mixin] buildSurface skipped chunk(29,28)
[21:18:20] [Worker-Main-5/INFO] (Minecraft) [STDOUT]: [Mixin] buildSurface skipped chunk(28,27)
[21:18:20] [Worker-Main-5/INFO] (Minecraft) [STDOUT]: [Mixin] buildSurface skipped chunk(29,29)
[21:18:20] [Worker-Main-18/INFO] (Minecraft) [STDOUT]: [Mixin] buildSurface skipped chunk(29,31)
[21:18:20] [Worker-Main-4/INFO] (Minecraft) [STDOUT]: [Mixin] buildSurface skipped chunk(29,32)
[21:18:20] [Worker-Main-5/INFO] (Minecraft) [STDOUT]: [Mixin] buildSurface skipped chunk(30,21)
[21:18:20] [Worker-Main-18/INFO] (Minecraft) [STDOUT]: [Mixin] buildSurface skipped chunk(30,23)
[21:18:20] [Worker-Main-12/INFO] (Minecraft) [STDOUT]: [Mixin] buildSurface skipped chunk(30,22)
[21:18:20] [Worker-Main-10/INFO] (Minecraft) [STDOUT]: [Mixin] buildSurface skipped chunk(30,24)
[21:18:20] [Worker-Main-12/INFO] (Minecraft) [STDOUT]: [Mixin] buildSurface skipped chunk(30,25)
[21:18:20] [Worker-Main-10/INFO] (Minecraft) [STDOUT]: [Mixin] buildSurface skipped chunk(23,33)
[21:18:20] [Worker-Main-1/INFO] (Minecraft) [STDOUT]: [Mixin] buildSurface skipped chunk(25,33)
[21:18:20] [Worker-Main-7/INFO] (Minecraft) [STDOUT]: [Mixin] buildSurface skipped chunk(24,33)
[21:18:20] [Worker-Main-7/INFO] (Minecraft) [STDOUT]: [Mixin] buildSurface skipped chunk(27,33)
[21:18:20] [Worker-Main-7/INFO] (Minecraft) [STDOUT]: [Mixin] buildSurface skipped chunk(22,33)
[21:18:20] [Worker-Main-1/INFO] (Minecraft) [STDOUT]: [Mixin] buildSurface skipped chunk(28,33)
[21:18:20] [Worker-Main-1/INFO] (Minecraft) [STDOUT]: [Mixin] buildSurface skipped chunk(26,33)
[21:18:20] [Worker-Main-1/INFO] (Minecraft) [STDOUT]: [Mixin] buildSurface skipped chunk(29,33)
[21:18:20] [Worker-Main-10/INFO] (Minecraft) [STDOUT]: [Mixin] populateNoise intercepted chunk(30,26)
[21:18:20] [Worker-Main-4/INFO] (Minecraft) [STDOUT]: [Mixin] populateNoise intercepted chunk(30,31)
[21:18:20] [Worker-Main-8/INFO] (Minecraft) [STDOUT]: [Mixin] populateNoise intercepted chunk(30,30)
[21:18:20] [Worker-Main-3/INFO] (Minecraft) [STDOUT]: [Mixin] populateNoise intercepted chunk(30,32)
[21:18:20] [Worker-Main-11/INFO] (Minecraft) [STDOUT]: [Mixin] populateNoise intercepted chunk(30,33)
[21:18:20] [Worker-Main-13/INFO] (Minecraft) [STDOUT]: [Mixin] populateNoise intercepted chunk(31,21)
[21:18:20] [Worker-Main-7/INFO] (Minecraft) [STDOUT]: [Mixin] populateNoise intercepted chunk(31,25)
[21:18:20] [Worker-Main-20/INFO] (Minecraft) [STDOUT]: [Mixin] populateNoise intercepted chunk(31,22)
[21:18:20] [Worker-Main-23/INFO] (Minecraft) [STDOUT]: [Mixin] populateNoise intercepted chunk(31,23)
[21:18:20] [Worker-Main-5/INFO] (Minecraft) [STDOUT]: [Mixin] populateNoise intercepted chunk(31,24)
[21:18:20] [Worker-Main-21/INFO] (Minecraft) [STDOUT]: [Mixin] populateNoise intercepted chunk(31,26)
[21:18:20] [Worker-Main-18/INFO] (Minecraft) [STDOUT]: [Mixin] populateNoise intercepted chunk(30,27)
[21:18:20] [Worker-Main-2/INFO] (Minecraft) [STDOUT]: [Mixin] populateNoise intercepted chunk(30,28)
[21:18:20] [Worker-Main-16/INFO] (Minecraft) [STDOUT]: [Mixin] populateNoise intercepted chunk(30,29)
[21:18:20] [Worker-Main-19/INFO] (Minecraft) [STDOUT]: [Mixin] populateNoise intercepted chunk(31,27)
[21:18:20] [Worker-Main-6/INFO] (Minecraft) [STDOUT]: [Mixin] populateNoise intercepted chunk(31,28)
[21:18:20] [Worker-Main-9/INFO] (Minecraft) [STDOUT]: [Mixin] populateNoise intercepted chunk(31,29)
[21:18:20] [Worker-Main-12/INFO] (Minecraft) [STDOUT]: [Mixin] populateNoise intercepted chunk(31,30)
[21:18:20] [Worker-Main-22/INFO] (Minecraft) [STDOUT]: [Mixin] populateNoise intercepted chunk(31,31)
[21:18:20] [Worker-Main-14/INFO] (Minecraft) [STDOUT]: [Mixin] populateNoise intercepted chunk(31,32)
[21:18:20] [Worker-Main-15/INFO] (Minecraft) [STDOUT]: [Mixin] populateNoise intercepted chunk(31,33)
[21:18:20] [Worker-Main-10/INFO] (Minecraft) [STDOUT]: [Mixin] buildSurface skipped chunk(30,26)
[21:18:20] [Worker-Main-1/INFO] (Minecraft) [STDOUT]: [Mixin] buildSurface skipped chunk(30,33)
[21:18:20] [Worker-Main-12/INFO] (Minecraft) [STDOUT]: [Mixin] buildSurface skipped chunk(30,30)
[21:18:20] [Worker-Main-1/INFO] (Minecraft) [STDOUT]: [Mixin] buildSurface skipped chunk(30,28)
[21:18:20] [Worker-Main-10/INFO] (Minecraft) [STDOUT]: [Mixin] buildSurface skipped chunk(30,32)
[21:18:20] [Worker-Main-23/INFO] (Minecraft) [STDOUT]: [Mixin] buildSurface skipped chunk(30,29)
[21:18:20] [Worker-Main-10/INFO] (Minecraft) [STDOUT]: [Mixin] buildSurface skipped chunk(30,31)
[21:18:20] [Worker-Main-14/INFO] (Minecraft) [STDOUT]: [Mixin] buildSurface skipped chunk(30,27)
[21:18:20] [Worker-Main-6/INFO] (Minecraft) [STDOUT]: [Mixin] buildSurface skipped chunk(31,26)
[21:18:20] [Worker-Main-19/INFO] (Minecraft) [STDOUT]: [Mixin] buildSurface skipped chunk(31,22)
[21:18:20] [Worker-Main-19/INFO] (Minecraft) [STDOUT]: [Mixin] buildSurface skipped chunk(31,23)
[21:18:20] [Worker-Main-6/INFO] (Minecraft) [STDOUT]: [Mixin] buildSurface skipped chunk(31,25)
[21:18:20] [Worker-Main-14/INFO] (Minecraft) [STDOUT]: [Mixin] buildSurface skipped chunk(31,30)
[21:18:20] [Worker-Main-13/INFO] (Minecraft) [STDOUT]: [Mixin] buildSurface skipped chunk(31,27)
[21:18:20] [Worker-Main-6/INFO] (Minecraft) [STDOUT]: [Mixin] buildSurface skipped chunk(31,31)
[21:18:20] [Worker-Main-6/INFO] (Minecraft) [STDOUT]: [Mixin] buildSurface skipped chunk(31,21)
[21:18:20] [Worker-Main-6/INFO] (Minecraft) [STDOUT]: [Mixin] buildSurface skipped chunk(31,24)
[21:18:20] [Worker-Main-19/INFO] (Minecraft) [STDOUT]: [Mixin] buildSurface skipped chunk(31,29)
[21:18:20] [Worker-Main-14/INFO] (Minecraft) [STDOUT]: [Mixin] buildSurface skipped chunk(31,28)
[21:18:20] [Worker-Main-14/INFO] (Minecraft) [STDOUT]: [Mixin] buildSurface skipped chunk(31,33)
[21:18:20] [Worker-Main-14/INFO] (Minecraft) [STDOUT]: [Mixin] buildSurface skipped chunk(31,32)
[21:18:20] [Server thread/INFO] (Minecraft) [Chunky] Task finished for minecraft:overworld. Processed: 4225 chunks (100.00%), Total time: 0:00:36
[21:18:29] [RCON Listener #1/INFO] (Minecraft) Thread RCON Client /127.0.0.1 started
[21:18:29] [RCON Client /127.0.0.1 #8/INFO] (Minecraft) Thread RCON Client /127.0.0.1 shutting down
[21:18:30] [RCON Listener #1/INFO] (Minecraft) Thread RCON Client /127.0.0.1 started
[21:18:30] [Server thread/INFO] (Minecraft) [Rcon: Stopping the server]
[21:18:30] [RCON Client /127.0.0.1 #9/INFO] (Minecraft) Thread RCON Client /127.0.0.1 shutting down
[21:18:30] [Server thread/INFO] (Minecraft) Stopping server
[21:18:30] [Server thread/INFO] (Minecraft) Saving players
[21:18:30] [Server thread/INFO] (Minecraft) Saving worlds
[21:18:30] [Server thread/INFO] (Minecraft) Saving chunks for level 'ServerLevel[world]'/minecraft:overworld
[21:18:32] [Server thread/INFO] (Minecraft) Saving chunks for level 'ServerLevel[world]'/minecraft:the_end
[21:18:32] [Server thread/INFO] (Minecraft) Saving chunks for level 'ServerLevel[world]'/minecraft:the_nether
[21:18:32] [Server thread/INFO] (Minecraft) ThreadedAnvilChunkStorage (world): All chunks are saved
[21:18:32] [Server thread/INFO] (Minecraft) ThreadedAnvilChunkStorage (DIM1): All chunks are saved
[21:18:32] [Server thread/INFO] (Minecraft) ThreadedAnvilChunkStorage (DIM-1): All chunks are saved
[21:18:32] [Server thread/INFO] (Minecraft) ThreadedAnvilChunkStorage: All dimensions are saved
[21:18:33] [Server thread/INFO] (Minecraft) Thread RCON Listener stopped

BUILD SUCCESSFUL in 1m 52s
6 actionable tasks: 1 executed, 5 up-to-date
