Starting a Gradle Daemon, 7 stopped Daemons could not be reused, use --status for details

> Configure project :
Fabric Loom: 1.10.5

> Configure project :content-test
Fabric Loom: 1.10.5

> Task :compileJava UP-TO-DATE
> Task :processResources UP-TO-DATE
> Task :classes UP-TO-DATE
> Task :generateLog4jConfig UP-TO-DATE
> Task :generateRemapClasspath UP-TO-DATE
> Task :generateDLIConfig UP-TO-DATE
> Task :configureLaunch UP-TO-DATE

> Task :runServer
[21:00:12] [main/INFO] (FabricLoader/GameProvider) Loading Minecraft 1.20.1 with Fabric Loader 0.15.11
[21:00:12] [main/INFO] (FabricLoader) Loading 48 mods:
	- chunky 1.3.146
	- coreswap 1.20.1-1.0.27
	- fabric-api 0.92.0+1.20.1
	- fabric-api-base 0.4.31+1802ada577
	- fabric-api-lookup-api-v1 1.6.36+1802ada577
	- fabric-biome-api-v1 13.0.13+1802ada577
	- fabric-block-api-v1 1.0.11+1802ada577
	- fabric-block-view-api-v2 1.0.1+1802ada577
	- fabric-command-api-v1 1.2.34+f71b366f77
	- fabric-command-api-v2 2.2.13+1802ada577
	- fabric-commands-v0 0.2.51+df3654b377
	- fabric-containers-v0 0.1.64+df3654b377
	- fabric-content-registries-v0 4.0.11+1802ada577
	- fabric-convention-tags-v1 1.5.5+1802ada577
	- fabric-crash-report-info-v1 0.2.19+1802ada577
	- fabric-data-attachment-api-v1 1.0.0+de0fd6d177
	- fabric-data-generation-api-v1 12.3.4+1802ada577
	- fabric-dimensions-v1 2.1.54+1802ada577
	- fabric-entity-events-v1 1.6.0+1c78457f77
	- fabric-events-interaction-v0 0.6.2+1802ada577
	- fabric-events-lifecycle-v0 0.2.63+df3654b377
	- fabric-game-rule-api-v1 1.0.40+1802ada577
	- fabric-gametest-api-v1 1.2.13+1802ada577
	- fabric-item-api-v1 2.1.28+1802ada577
	- fabric-item-group-api-v1 4.0.12+1802ada577
	- fabric-lifecycle-events-v1 2.2.22+1802ada577
	- fabric-loot-api-v2 1.2.1+1802ada577
	- fabric-loot-tables-v1 1.1.45+9e7660c677
	- fabric-message-api-v1 5.1.9+1802ada577
	- fabric-mining-level-api-v1 2.1.50+1802ada577
	- fabric-networking-api-v1 1.3.11+1802ada577
	- fabric-networking-v0 0.3.51+df3654b377
	- fabric-object-builder-api-v1 11.1.3+1802ada577
	- fabric-particles-v1 1.1.2+1802ada577
	- fabric-recipe-api-v1 1.0.21+1802ada577
	- fabric-registry-sync-v0 2.3.3+1802ada577
	- fabric-rendering-data-attachment-v1 0.3.37+92a0d36777
	- fabric-rendering-fluids-v1 3.0.28+1802ada577
	- fabric-resource-conditions-api-v1 2.3.8+1802ada577
	- fabric-resource-loader-v0 0.11.10+1802ada577
	- fabric-screen-handler-api-v1 1.3.30+1802ada577
	- fabric-transfer-api-v1 3.3.4+1802ada577
	- fabric-transitive-access-wideners-v1 4.3.1+1802ada577
	- fabricloader 0.15.11
	- java 17
	- minecraft 1.20.1
	- mixinextras 0.3.5
	- testcontent 1.0.0
[21:00:15] [main/INFO] (FabricLoader/Mixin) SpongePowered MIXIN Subsystem Version=0.8.5 Source=file:/E:/PYTHON/CoreSwap/.gradle-home/caches/modules-2/files-2.1/net.fabricmc/sponge-mixin/0.13.3+mixin.0.8.5/9527e6b0d2449408958fd1302594dc65ec5ade9c/sponge-mixin-0.13.3+mixin.0.8.5.jar Service=Knot/Fabric Env=SERVER
[21:00:15] [main/INFO] (FabricLoader/Mixin) Loaded Fabric development mappings for mixin remapper!
[21:00:15] [main/INFO] (FabricLoader/Mixin) Compatibility level set to JAVA_17
[21:00:16] [main/INFO] (FabricLoader/MixinExtras|Service) Initializing MixinExtras via com.llamalad7.mixinextras.service.MixinExtrasServiceImpl(version=0.3.5).
[21:00:18] [main/WARN] (WmiQueryHandler) COM exception querying Win32_Processor, which might not be on your system. Will not attempt to query it again. Error was -2147217405: (HRESULT: 80041003)
[21:00:18] [main/WARN] (WmiQueryHandler) COM exception querying Win32_Processor, which might not be on your system. Will not attempt to query it again. Error was -2147217405: (HRESULT: 80041003)
[21:00:18] [main/WARN] (WmiQueryHandler) COM exception querying Win32_VideoController, which might not be on your system. Will not attempt to query it again. Error was -2147217405: (HRESULT: 80041003)
[21:00:18] [main/WARN] (WmiQueryHandler) COM exception querying Win32_PhysicalMemory, which might not be on your system. Will not attempt to query it again. Error was -2147217405: (HRESULT: 80041003)
[21:00:28] [main/INFO] (Minecraft) [STDOUT]: [TestContent] registered testcontent:test_brick raw=1003 testcontent:test_lamp raw=1004
[21:00:28] [main/INFO] (Minecraft) Environment: authHost='https://authserver.mojang.com', accountsHost='https://api.mojang.com', sessionHost='https://sessionserver.mojang.com', servicesHost='https://api.minecraftservices.com', name='PROD'
[21:00:30] [main/INFO] (Minecraft) Loaded 7 recipes
[21:00:30] [main/INFO] (Minecraft) Loaded 1271 advancements
[21:00:31] [main/INFO] (BiomeModificationImpl) Applied 0 biome modifications to 0 of 64 new biomes in 3.175 ms
[21:00:31] [Server thread/INFO] (Minecraft) Starting minecraft server version 1.20.1
[21:00:31] [Server thread/INFO] (Minecraft) Loading properties
[21:00:31] [Server thread/INFO] (Minecraft) Default game type: SURVIVAL
[21:00:31] [Server thread/INFO] (Minecraft) Generating keypair
[21:00:31] [Server thread/INFO] (Minecraft) Starting Minecraft server on *:25565
[21:00:31] [Server thread/INFO] (Minecraft) Using default channel type
[21:00:32] [Server thread/INFO] (Minecraft) Preparing level "world"
[21:00:35] [Server thread/INFO] (Minecraft) Preparing start region for dimension minecraft:overworld
[21:00:35] [Worker-Main-5/INFO] (Minecraft) Preparing spawn area: 0%
[21:00:35] [Worker-Main-5/INFO] (Minecraft) Preparing spawn area: 0%
[21:00:36] [Worker-Main-11/INFO] (Minecraft) Preparing spawn area: 0%
[21:00:36] [Worker-Main-11/INFO] (Minecraft) Preparing spawn area: 0%
[21:00:37] [Worker-Main-3/INFO] (Minecraft) Preparing spawn area: 1%
[21:00:37] [Worker-Main-14/INFO] (Minecraft) Preparing spawn area: 5%
[21:00:38] [Worker-Main-23/INFO] (Minecraft) Preparing spawn area: 9%
[21:00:38] [Worker-Main-19/INFO] (Minecraft) Preparing spawn area: 13%
[21:00:39] [Worker-Main-1/INFO] (Minecraft) Preparing spawn area: 17%
[21:00:39] [Worker-Main-11/INFO] (Minecraft) Preparing spawn area: 22%
[21:00:40] [Worker-Main-18/INFO] (Minecraft) Preparing spawn area: 29%
[21:00:40] [Worker-Main-15/INFO] (Minecraft) Preparing spawn area: 32%
[21:00:41] [Worker-Main-6/INFO] (Minecraft) Preparing spawn area: 37%
[21:00:41] [Worker-Main-19/INFO] (Minecraft) Preparing spawn area: 41%
[21:00:42] [Worker-Main-20/INFO] (Minecraft) Preparing spawn area: 44%
[21:00:42] [Worker-Main-11/INFO] (Minecraft) Preparing spawn area: 51%
[21:00:43] [Worker-Main-18/INFO] (Minecraft) Preparing spawn area: 55%
[21:00:43] [Worker-Main-23/INFO] (Minecraft) Preparing spawn area: 61%
[21:00:44] [Worker-Main-2/INFO] (Minecraft) Preparing spawn area: 68%
[21:00:44] [Worker-Main-8/INFO] (Minecraft) Preparing spawn area: 71%
[21:00:45] [Worker-Main-23/INFO] (Minecraft) Preparing spawn area: 78%
[21:00:45] [Worker-Main-14/INFO] (Minecraft) Preparing spawn area: 84%
[21:00:46] [Worker-Main-1/INFO] (Minecraft) Preparing spawn area: 87%
[21:00:46] [Worker-Main-4/INFO] (Minecraft) Preparing spawn area: 96%
[21:00:47] [Server thread/INFO] (Minecraft) Time elapsed: 11827 ms
[21:00:47] [Server thread/INFO] (Minecraft) Done (15.004s)! For help, type "help"
[21:00:47] [Server thread/INFO] (Minecraft) Starting remote control listener
[21:00:47] [Server thread/INFO] (Minecraft) Thread RCON Listener started
[21:00:47] [Server thread/INFO] (Minecraft) RCON running on 0.0.0.0:25575
[21:00:47] [Server thread/INFO] (Minecraft) [STDOUT]: [CppBridge] init seed=417950215108767439 worldgenDir=E:\PYTHON\CoreSwap\versions\1.20.1\data\worldgen enabled=true stageMask=3 env.CORESWAP_DEFAULT_BLOCK=null
[21:00:47] [Server thread/INFO] (Minecraft) [STDOUT]: [STALLWATCH] enabled interval=30s
[21:00:47] [Server thread/INFO] (Minecraft) [STDOUT]: [CppBridge] dll=E:\PYTHON\CoreSwap\.tmp\java-tmp\coreswap-native\worldgen.dll size=2457088 sha256=597e12ed2275ada5...
[21:00:47] [Server thread/INFO] (Minecraft) [STDOUT]: [CppBridge] initNether seed=417950215108767439 enabled=true stageMask=3
[21:00:47] [Server thread/INFO] (Minecraft) [STDOUT]: [CppBridge] initEnd seed=417950215108767439 enabled=true stageMask=3
[21:00:47] [Server thread/INFO] (Minecraft) [STDOUT]: [BenchMod] CoreSwap replace mode: C++ worldgen active
[21:00:55] [RCON Listener #1/INFO] (Minecraft) Thread RCON Client /127.0.0.1 started
[21:00:55] [RCON Client /127.0.0.1 #2/INFO] (Minecraft) Thread RCON Client /127.0.0.1 shutting down
[21:00:56] [RCON Listener #1/INFO] (Minecraft) Thread RCON Client /127.0.0.1 started
[21:00:56] [RCON Client /127.0.0.1 #3/INFO] (Minecraft) Thread RCON Client /127.0.0.1 shutting down
[21:00:56] [RCON Listener #1/INFO] (Minecraft) Thread RCON Client /127.0.0.1 started
[21:00:56] [RCON Client /127.0.0.1 #4/INFO] (Minecraft) Thread RCON Client /127.0.0.1 shutting down
[21:00:57] [RCON Listener #1/INFO] (Minecraft) Thread RCON Client /127.0.0.1 started
[21:00:57] [RCON Client /127.0.0.1 #5/INFO] (Minecraft) Thread RCON Client /127.0.0.1 shutting down
[21:01:01] [Server thread/INFO] (Minecraft) [Chunky] Task running for minecraft:overworld. Processed: 6 chunks (0.14%), ETA: 0:06:04, Rate: 11.6 cps, Current: -27, -28
[21:01:08] [RCON Listener #1/INFO] (Minecraft) Thread RCON Client /127.0.0.1 started
[21:01:08] [RCON Client /127.0.0.1 #6/INFO] (Minecraft) Thread RCON Client /127.0.0.1 shutting down
[21:01:11] [Server thread/INFO] (Minecraft) [Chunky] Task running for minecraft:overworld. Processed: 128 chunks (3.03%), ETA: 0:05:36, Rate: 12.2 cps, Current: -19, -23
[21:01:11] [Worker-Main-12/INFO] (Minecraft) [STDOUT]: [CHUNKTIME] n=256 perChunk(ms): mixin=48.66 gap=663.21 | sumMixin=12.5s sumGap=169.8s | inflight max=1 now=1
[21:01:17] [coreswap-stallwatch/INFO] (Minecraft) [STDOUT]: [STALLWATCH] === thread dump @ Thu Sep 10 21:01:17 HKT 2026 (interval=30s) ===
[21:01:17] [coreswap-stallwatch/INFO] (Minecraft) [STDOUT]: [STALLWATCH] "Worker-Main-12" id=75 state=WAITING daemon=true
[21:01:17] [coreswap-stallwatch/INFO] (Minecraft) [STDOUT]: [STALLWATCH]     at java.base@17.0.12/jdk.internal.misc.Unsafe.park(Native Method)
[21:01:17] [coreswap-stallwatch/INFO] (Minecraft) [STDOUT]: [STALLWATCH]     at java.base@17.0.12/java.util.concurrent.locks.LockSupport.park(LockSupport.java:341)
[21:01:17] [coreswap-stallwatch/INFO] (Minecraft) [STDOUT]: [STALLWATCH]     at java.base@17.0.12/java.util.concurrent.ForkJoinPool.awaitWork(ForkJoinPool.java:1724)
[21:01:17] [coreswap-stallwatch/INFO] (Minecraft) [STDOUT]: [STALLWATCH]     at java.base@17.0.12/java.util.concurrent.ForkJoinPool.runWorker(ForkJoinPool.java:1623)
[21:01:17] [coreswap-stallwatch/INFO] (Minecraft) [STDOUT]: [STALLWATCH]     at java.base@17.0.12/java.util.concurrent.ForkJoinWorkerThread.run(ForkJoinWorkerThread.java:165)
[21:01:17] [coreswap-stallwatch/INFO] (Minecraft) [STDOUT]: [STALLWATCH] "Worker-Main-16" id=79 state=WAITING daemon=true
[21:01:17] [coreswap-stallwatch/INFO] (Minecraft) [STDOUT]: [STALLWATCH]     at java.base@17.0.12/jdk.internal.misc.Unsafe.park(Native Method)
[21:01:17] [coreswap-stallwatch/INFO] (Minecraft) [STDOUT]: [STALLWATCH]     at java.base@17.0.12/java.util.concurrent.locks.LockSupport.park(LockSupport.java:341)
[21:01:17] [coreswap-stallwatch/INFO] (Minecraft) [STDOUT]: [STALLWATCH]     at java.base@17.0.12/java.util.concurrent.ForkJoinPool.awaitWork(ForkJoinPool.java:1724)
[21:01:17] [coreswap-stallwatch/INFO] (Minecraft) [STDOUT]: [STALLWATCH]     at java.base@17.0.12/java.util.concurrent.ForkJoinPool.runWorker(ForkJoinPool.java:1623)
[21:01:17] [coreswap-stallwatch/INFO] (Minecraft) [STDOUT]: [STALLWATCH]     at java.base@17.0.12/java.util.concurrent.ForkJoinWorkerThread.run(ForkJoinWorkerThread.java:165)
[21:01:17] [coreswap-stallwatch/INFO] (Minecraft) [STDOUT]: [STALLWATCH] "Worker-Main-21" id=84 state=WAITING daemon=true
[21:01:17] [coreswap-stallwatch/INFO] (Minecraft) [STDOUT]: [STALLWATCH]     at java.base@17.0.12/jdk.internal.misc.Unsafe.park(Native Method)
[21:01:17] [coreswap-stallwatch/INFO] (Minecraft) [STDOUT]: [STALLWATCH]     at java.base@17.0.12/java.util.concurrent.locks.LockSupport.park(LockSupport.java:341)
[21:01:17] [coreswap-stallwatch/INFO] (Minecraft) [STDOUT]: [STALLWATCH]     at java.base@17.0.12/java.util.concurrent.ForkJoinPool.awaitWork(ForkJoinPool.java:1724)
[21:01:17] [coreswap-stallwatch/INFO] (Minecraft) [STDOUT]: [STALLWATCH]     at java.base@17.0.12/java.util.concurrent.ForkJoinPool.runWorker(ForkJoinPool.java:1623)
[21:01:17] [coreswap-stallwatch/INFO] (Minecraft) [STDOUT]: [STALLWATCH]     at java.base@17.0.12/java.util.concurrent.ForkJoinWorkerThread.run(ForkJoinWorkerThread.java:165)
[21:01:17] [coreswap-stallwatch/INFO] (Minecraft) [STDOUT]: [STALLWATCH] "Worker-Main-5" id=68 state=WAITING daemon=true
[21:01:17] [coreswap-stallwatch/INFO] (Minecraft) [STDOUT]: [STALLWATCH]     at java.base@17.0.12/jdk.internal.misc.Unsafe.park(Native Method)
[21:01:17] [coreswap-stallwatch/INFO] (Minecraft) [STDOUT]: [STALLWATCH]     at java.base@17.0.12/java.util.concurrent.locks.LockSupport.park(LockSupport.java:341)
[21:01:17] [coreswap-stallwatch/INFO] (Minecraft) [STDOUT]: [STALLWATCH]     at java.base@17.0.12/java.util.concurrent.ForkJoinPool.awaitWork(ForkJoinPool.java:1724)
[21:01:17] [coreswap-stallwatch/INFO] (Minecraft) [STDOUT]: [STALLWATCH]     at java.base@17.0.12/java.util.concurrent.ForkJoinPool.runWorker(ForkJoinPool.java:1623)
[21:01:17] [coreswap-stallwatch/INFO] (Minecraft) [STDOUT]: [STALLWATCH]     at java.base@17.0.12/java.util.concurrent.ForkJoinWorkerThread.run(ForkJoinWorkerThread.java:165)
[21:01:17] [coreswap-stallwatch/INFO] (Minecraft) [STDOUT]: [STALLWATCH] "Worker-Main-15" id=78 state=WAITING daemon=true
[21:01:17] [coreswap-stallwatch/INFO] (Minecraft) [STDOUT]: [STALLWATCH]     at java.base@17.0.12/jdk.internal.misc.Unsafe.park(Native Method)
[21:01:17] [coreswap-stallwatch/INFO] (Minecraft) [STDOUT]: [STALLWATCH]     at java.base@17.0.12/java.util.concurrent.locks.LockSupport.park(LockSupport.java:341)
[21:01:17] [coreswap-stallwatch/INFO] (Minecraft) [STDOUT]: [STALLWATCH]     at java.base@17.0.12/java.util.concurrent.ForkJoinPool.awaitWork(ForkJoinPool.java:1724)
[21:01:17] [coreswap-stallwatch/INFO] (Minecraft) [STDOUT]: [STALLWATCH]     at java.base@17.0.12/java.util.concurrent.ForkJoinPool.runWorker(ForkJoinPool.java:1623)
[21:01:17] [coreswap-stallwatch/INFO] (Minecraft) [STDOUT]: [STALLWATCH]     at java.base@17.0.12/java.util.concurrent.ForkJoinWorkerThread.run(ForkJoinWorkerThread.java:165)
[21:01:17] [coreswap-stallwatch/INFO] (Minecraft) [STDOUT]: [STALLWATCH] "Common-Cleaner" id=22 state=TIMED_WAITING daemon=true
[21:01:17] [coreswap-stallwatch/INFO] (Minecraft) [STDOUT]: [STALLWATCH]     at java.base@17.0.12/java.lang.Object.wait(Native Method)
[21:01:17] [coreswap-stallwatch/INFO] (Minecraft) [STDOUT]: [STALLWATCH]     at java.base@17.0.12/java.lang.ref.ReferenceQueue.remove(ReferenceQueue.java:155)
[21:01:17] [coreswap-stallwatch/INFO] (Minecraft) [STDOUT]: [STALLWATCH]     at java.base@17.0.12/jdk.internal.ref.CleanerImpl.run(CleanerImpl.java:140)
[21:01:17] [coreswap-stallwatch/INFO] (Minecraft) [STDOUT]: [STALLWATCH]     at java.base@17.0.12/java.lang.Thread.run(Thread.java:842)
[21:01:17] [coreswap-stallwatch/INFO] (Minecraft) [STDOUT]: [STALLWATCH]     at java.base@17.0.12/jdk.internal.misc.InnocuousThread.run(InnocuousThread.java:162)
[21:01:17] [coreswap-stallwatch/INFO] (Minecraft) [STDOUT]: [STALLWATCH] "coreswap-stallwatch" id=99 state=RUNNABLE daemon=true
[21:01:17] [coreswap-stallwatch/INFO] (Minecraft) [STDOUT]: [STALLWATCH]     at java.base@17.0.12/java.lang.Thread.dumpThreads(Native Method)
[21:01:17] [coreswap-stallwatch/INFO] (Minecraft) [STDOUT]: [STALLWATCH]     at java.base@17.0.12/java.lang.Thread.getAllStackTraces(Thread.java:1673)
[21:01:17] [coreswap-stallwatch/INFO] (Minecraft) [STDOUT]: [STALLWATCH]     at wg.bench.StallWatch.lambda$start$0(StallWatch.java:41)
[21:01:17] [coreswap-stallwatch/INFO] (Minecraft) [STDOUT]: [STALLWATCH]     at wg.bench.StallWatch$$Lambda$5847/0x000001fc99c2dad8.run(Unknown Source)
[21:01:17] [coreswap-stallwatch/INFO] (Minecraft) [STDOUT]: [STALLWATCH]     at java.base@17.0.12/java.lang.Thread.run(Thread.java:842)
[21:01:17] [coreswap-stallwatch/INFO] (Minecraft) [STDOUT]: [STALLWATCH] "Worker-Main-14" id=77 state=WAITING daemon=true
[21:01:17] [coreswap-stallwatch/INFO] (Minecraft) [STDOUT]: [STALLWATCH]     at java.base@17.0.12/jdk.internal.misc.Unsafe.park(Native Method)
[21:01:17] [coreswap-stallwatch/INFO] (Minecraft) [STDOUT]: [STALLWATCH]     at java.base@17.0.12/java.util.concurrent.locks.LockSupport.park(LockSupport.java:341)
[21:01:17] [coreswap-stallwatch/INFO] (Minecraft) [STDOUT]: [STALLWATCH]     at java.base@17.0.12/java.util.concurrent.ForkJoinPool.awaitWork(ForkJoinPool.java:1724)
[21:01:17] [coreswap-stallwatch/INFO] (Minecraft) [STDOUT]: [STALLWATCH]     at java.base@17.0.12/java.util.concurrent.ForkJoinPool.runWorker(ForkJoinPool.java:1623)
[21:01:17] [coreswap-stallwatch/INFO] (Minecraft) [STDOUT]: [STALLWATCH]     at java.base@17.0.12/java.util.concurrent.ForkJoinWorkerThread.run(ForkJoinWorkerThread.java:165)
[21:01:17] [coreswap-stallwatch/INFO] (Minecraft) [STDOUT]: [STALLWATCH] "DestroyJavaVM" id=89 state=RUNNABLE daemon=false
[21:01:17] [coreswap-stallwatch/INFO] (Minecraft) [STDOUT]: [STALLWATCH] "IO-Worker-24" id=92 state=TIMED_WAITING daemon=false
[21:01:17] [coreswap-stallwatch/INFO] (Minecraft) [STDOUT]: [STALLWATCH]     at java.base@17.0.12/jdk.internal.misc.Unsafe.park(Native Method)
[21:01:17] [coreswap-stallwatch/INFO] (Minecraft) [STDOUT]: [STALLWATCH]     at java.base@17.0.12/java.util.concurrent.locks.LockSupport.parkNanos(LockSupport.java:252)
[21:01:17] [coreswap-stallwatch/INFO] (Minecraft) [STDOUT]: [STALLWATCH]     at java.base@17.0.12/java.util.concurrent.SynchronousQueue$TransferStack.transfer(SynchronousQueue.java:401)
[21:01:17] [coreswap-stallwatch/INFO] (Minecraft) [STDOUT]: [STALLWATCH]     at java.base@17.0.12/java.util.concurrent.SynchronousQueue.poll(SynchronousQueue.java:903)
[21:01:17] [coreswap-stallwatch/INFO] (Minecraft) [STDOUT]: [STALLWATCH]     at java.base@17.0.12/java.util.concurrent.ThreadPoolExecutor.getTask(ThreadPoolExecutor.java:1061)
[21:01:17] [coreswap-stallwatch/INFO] (Minecraft) [STDOUT]: [STALLWATCH]     at java.base@17.0.12/java.util.concurrent.ThreadPoolExecutor.runWorker(ThreadPoolExecutor.java:1122)
[21:01:17] [coreswap-stallwatch/INFO] (Minecraft) [STDOUT]: [STALLWATCH]     at java.base@17.0.12/java.util.concurrent.ThreadPoolExecutor$Worker.run(ThreadPoolExecutor.java:635)
[21:01:17] [coreswap-stallwatch/INFO] (Minecraft) [STDOUT]: [STALLWATCH]     at java.base@17.0.12/java.lang.Thread.run(Thread.java:842)
[21:01:17] [coreswap-stallwatch/INFO] (Minecraft) [STDOUT]: [STALLWATCH] "Thread-8" id=101 state=TIMED_WAITING daemon=true
[21:01:17] [coreswap-stallwatch/INFO] (Minecraft) [STDOUT]: [STALLWATCH]     at java.base@17.0.12/jdk.internal.misc.Unsafe.park(Native Method)
[21:01:17] [coreswap-stallwatch/INFO] (Minecraft) [STDOUT]: [STALLWATCH]     at java.base@17.0.12/java.util.concurrent.locks.LockSupport.parkNanos(LockSupport.java:252)
[21:01:17] [coreswap-stallwatch/INFO] (Minecraft) [STDOUT]: [STALLWATCH]     at java.base@17.0.12/java.util.concurrent.SynchronousQueue$TransferStack.transfer(SynchronousQueue.java:401)
[21:01:17] [coreswap-stallwatch/INFO] (Minecraft) [STDOUT]: [STALLWATCH]     at java.base@17.0.12/java.util.concurrent.SynchronousQueue.poll(SynchronousQueue.java:903)
[21:01:17] [coreswap-stallwatch/INFO] (Minecraft) [STDOUT]: [STALLWATCH]     at java.base@17.0.12/java.util.concurrent.ThreadPoolExecutor.getTask(ThreadPoolExecutor.java:1061)
[21:01:17] [coreswap-stallwatch/INFO] (Minecraft) [STDOUT]: [STALLWATCH]     at java.base@17.0.12/java.util.concurrent.ThreadPoolExecutor.runWorker(ThreadPoolExecutor.java:1122)
[21:01:17] [coreswap-stallwatch/INFO] (Minecraft) [STDOUT]: [STALLWATCH]     at java.base@17.0.12/java.util.concurrent.ThreadPoolExecutor$Worker.run(ThreadPoolExecutor.java:635)
[21:01:17] [coreswap-stallwatch/INFO] (Minecraft) [STDOUT]: [STALLWATCH]     at java.base@17.0.12/java.lang.Thread.run(Thread.java:842)
[21:01:17] [coreswap-stallwatch/INFO] (Minecraft) [STDOUT]: [STALLWATCH] "Server thread" id=87 state=TIMED_WAITING daemon=false
[21:01:17] [coreswap-stallwatch/INFO] (Minecraft) [STDOUT]: [STALLWATCH]     at java.base@17.0.12/jdk.internal.misc.Unsafe.park(Native Method)
[21:01:17] [coreswap-stallwatch/INFO] (Minecraft) [STDOUT]: [STALLWATCH]     at java.base@17.0.12/java.util.concurrent.locks.LockSupport.parkNanos(LockSupport.java:252)
[21:01:17] [coreswap-stallwatch/INFO] (Minecraft) [STDOUT]: [STALLWATCH]     at net.minecraft.util.thread.ThreadExecutor.waitForTasks(ThreadExecutor.java:133)
[21:01:17] [coreswap-stallwatch/INFO] (Minecraft) [STDOUT]: [STALLWATCH]     at net.minecraft.util.thread.ThreadExecutor.runTasks(ThreadExecutor.java:123)
[21:01:17] [coreswap-stallwatch/INFO] (Minecraft) [STDOUT]: [STALLWATCH]     at net.minecraft.server.MinecraftServer.runTasksTillTickEnd(MinecraftServer.java:788)
[21:01:17] [coreswap-stallwatch/INFO] (Minecraft) [STDOUT]: [STALLWATCH]     at net.minecraft.server.MinecraftServer.runServer(MinecraftServer.java:726)
[21:01:17] [coreswap-stallwatch/INFO] (Minecraft) [STDOUT]: [STALLWATCH]     at net.minecraft.server.MinecraftServer.method_29739(MinecraftServer.java:267)
[21:01:17] [coreswap-stallwatch/INFO] (Minecraft) [STDOUT]: [STALLWATCH]     at net.minecraft.server.MinecraftServer$$Lambda$5103/0x000001fc99ad8928.run(Unknown Source)
[21:01:17] [coreswap-stallwatch/INFO] (Minecraft) [STDOUT]: [STALLWATCH]     at java.base@17.0.12/java.lang.Thread.run(Thread.java:842)
[21:01:17] [coreswap-stallwatch/INFO] (Minecraft) [STDOUT]: [STALLWATCH] "Attach Listener" id=5 state=RUNNABLE daemon=true
[21:01:17] [coreswap-stallwatch/INFO] (Minecraft) [STDOUT]: [STALLWATCH] "Worker-Main-2" id=65 state=RUNNABLE daemon=true
[21:01:17] [coreswap-stallwatch/INFO] (Minecraft) [STDOUT]: [STALLWATCH]     at wg.CppWorldgen.fillBlocks(Native Method)
[21:01:17] [coreswap-stallwatch/INFO] (Minecraft) [STDOUT]: [STALLWATCH]     at wg.bench.CppBridge.fillChunk(CppBridge.java:377)
[21:01:17] [coreswap-stallwatch/INFO] (Minecraft) [STDOUT]: [STALLWATCH]     at net.minecraft.world.gen.chunk.NoiseChunkGenerator.md24f970$coreswap$lambda$wgPopulateNoise$1$2(NoiseChunkGenerator.java:671)
[21:01:17] [coreswap-stallwatch/INFO] (Minecraft) [STDOUT]: [STALLWATCH]     at net.minecraft.world.gen.chunk.NoiseChunkGenerator$$Lambda$6051/0x000001fc99c81760.get(Unknown Source)
[21:01:17] [coreswap-stallwatch/INFO] (Minecraft) [STDOUT]: [STALLWATCH]     at net.minecraft.world.gen.chunk.NoiseChunkGenerator.wgDispatch(NoiseChunkGenerator.java:610)
[21:01:17] [coreswap-stallwatch/INFO] (Minecraft) [STDOUT]: [STALLWATCH]     at net.minecraft.world.gen.chunk.NoiseChunkGenerator.handler$zdj000$coreswap$wgPopulateNoise(NoiseChunkGenerator.java:687)
[21:01:17] [coreswap-stallwatch/INFO] (Minecraft) [STDOUT]: [STALLWATCH]     at net.minecraft.world.gen.chunk.NoiseChunkGenerator.populateNoise(NoiseChunkGenerator.java)
[21:01:17] [coreswap-stallwatch/INFO] (Minecraft) [STDOUT]: [STALLWATCH]     at net.minecraft.world.chunk.ChunkStatus.method_38284(ChunkStatus.java:96)
[21:01:17] [coreswap-stallwatch/INFO] (Minecraft) [STDOUT]: [STALLWATCH]     at net.minecraft.world.chunk.ChunkStatus$$Lambda$1750/0x000001fc996e7300.doWork(Unknown Source)
[21:01:17] [coreswap-stallwatch/INFO] (Minecraft) [STDOUT]: [STALLWATCH]     at net.minecraft.world.chunk.ChunkStatus.runGenerationTask(ChunkStatus.java:357)
[21:01:17] [coreswap-stallwatch/INFO] (Minecraft) [STDOUT]: [STALLWATCH]     at net.minecraft.server.world.ThreadedAnvilChunkStorage.method_17225(ThreadedAnvilChunkStorage.java:656)
[21:01:17] [coreswap-stallwatch/INFO] (Minecraft) [STDOUT]: [STALLWATCH]     at net.minecraft.server.world.ThreadedAnvilChunkStorage$$Lambda$5350/0x000001fc99ba5ce8.apply(Unknown Source)
[21:01:17] [coreswap-stallwatch/INFO] (Minecraft) [STDOUT]: [STALLWATCH]     at com.mojang.datafixers.util.Either$Left.map(Either.java:38)
[21:01:17] [coreswap-stallwatch/INFO] (Minecraft) [STDOUT]: [STALLWATCH]     at net.minecraft.server.world.ThreadedAnvilChunkStorage.method_17224(ThreadedAnvilChunkStorage.java:645)
[21:01:17] [coreswap-stallwatch/INFO] (Minecraft) [STDOUT]: [STALLWATCH]     at net.minecraft.server.world.ThreadedAnvilChunkStorage$$Lambda$5306/0x000001fc99b936f8.apply(Unknown Source)
[21:01:17] [coreswap-stallwatch/INFO] (Minecraft) [STDOUT]: [STALLWATCH]     at java.base@17.0.12/java.util.concurrent.CompletableFuture$UniCompose.tryFire(CompletableFuture.java:1150)
[21:01:17] [coreswap-stallwatch/INFO] (Minecraft) [STDOUT]: [STALLWATCH]     at java.base@17.0.12/java.util.concurrent.CompletableFuture$Completion.run(CompletableFuture.java:482)
[21:01:17] [coreswap-stallwatch/INFO] (Minecraft) [STDOUT]: [STALLWATCH]     at net.minecraft.server.world.ChunkTaskPrioritySystem.method_17634(ChunkTaskPrioritySystem.java:49)
[21:01:17] [coreswap-stallwatch/INFO] (Minecraft) [STDOUT]: [STALLWATCH]     at net.minecraft.server.world.ChunkTaskPrioritySystem$$Lambda$5349/0x000001fc99ba5ac8.run(Unknown Source)
[21:01:17] [coreswap-stallwatch/INFO] (Minecraft) [STDOUT]: [STALLWATCH]     at net.minecraft.util.thread.TaskExecutor.runNext(TaskExecutor.java:79)
[21:01:17] [coreswap-stallwatch/INFO] (Minecraft) [STDOUT]: [STALLWATCH]     at net.minecraft.util.thread.TaskExecutor.runWhile(TaskExecutor.java:129)
[21:01:17] [coreswap-stallwatch/INFO] (Minecraft) [STDOUT]: [STALLWATCH]     at net.minecraft.util.thread.TaskExecutor.run(TaskExecutor.java:87)
[21:01:17] [coreswap-stallwatch/INFO] (Minecraft) [STDOUT]: [STALLWATCH]     at java.base@17.0.12/java.util.concurrent.ForkJoinTask$RunnableExecuteAction.exec(ForkJoinTask.java:1395)
[21:01:17] [coreswap-stallwatch/INFO] (Minecraft) [STDOUT]: [STALLWATCH]     at java.base@17.0.12/java.util.concurrent.ForkJoinTask.doExec(ForkJoinTask.java:373)
[21:01:17] [coreswap-stallwatch/INFO] (Minecraft) [STDOUT]: [STALLWATCH]     at java.base@17.0.12/java.util.concurrent.ForkJoinPool$WorkQueue.topLevelExec(ForkJoinPool.java:1182)
[21:01:17] [coreswap-stallwatch/INFO] (Minecraft) [STDOUT]: [STALLWATCH]     at java.base@17.0.12/java.util.concurrent.ForkJoinPool.scan(ForkJoinPool.java:1655)
[21:01:17] [coreswap-stallwatch/INFO] (Minecraft) [STDOUT]: [STALLWATCH]     at java.base@17.0.12/java.util.concurrent.ForkJoinPool.runWorker(ForkJoinPool.java:1622)
[21:01:17] [coreswap-stallwatch/INFO] (Minecraft) [STDOUT]: [STALLWATCH]     at java.base@17.0.12/java.util.concurrent.ForkJoinWorkerThread.run(ForkJoinWorkerThread.java:165)
[21:01:17] [coreswap-stallwatch/INFO] (Minecraft) [STDOUT]: [STALLWATCH] "Worker-Main-19" id=82 state=WAITING daemon=true
[21:01:17] [coreswap-stallwatch/INFO] (Minecraft) [STDOUT]: [STALLWATCH]     at java.base@17.0.12/jdk.internal.misc.Unsafe.park(Native Method)
[21:01:17] [coreswap-stallwatch/INFO] (Minecraft) [STDOUT]: [STALLWATCH]     at java.base@17.0.12/java.util.concurrent.locks.LockSupport.park(LockSupport.java:341)
[21:01:17] [coreswap-stallwatch/INFO] (Minecraft) [STDOUT]: [STALLWATCH]     at java.base@17.0.12/java.util.concurrent.ForkJoinPool.awaitWork(ForkJoinPool.java:1724)
[21:01:17] [coreswap-stallwatch/INFO] (Minecraft) [STDOUT]: [STALLWATCH]     at java.base@17.0.12/java.util.concurrent.ForkJoinPool.runWorker(ForkJoinPool.java:1623)
[21:01:17] [coreswap-stallwatch/INFO] (Minecraft) [STDOUT]: [STALLWATCH]     at java.base@17.0.12/java.util.concurrent.ForkJoinWorkerThread.run(ForkJoinWorkerThread.java:165)
[21:01:17] [coreswap-stallwatch/INFO] (Minecraft) [STDOUT]: [STALLWATCH] "Worker-Main-1" id=64 state=WAITING daemon=true
[21:01:17] [coreswap-stallwatch/INFO] (Minecraft) [STDOUT]: [STALLWATCH]     at java.base@17.0.12/jdk.internal.misc.Unsafe.park(Native Method)
[21:01:17] [coreswap-stallwatch/INFO] (Minecraft) [STDOUT]: [STALLWATCH]     at java.base@17.0.12/java.util.concurrent.locks.LockSupport.park(LockSupport.java:341)
[21:01:17] [coreswap-stallwatch/INFO] (Minecraft) [STDOUT]: [STALLWATCH]     at java.base@17.0.12/java.util.concurrent.ForkJoinPool.awaitWork(ForkJoinPool.java:1724)
[21:01:17] [coreswap-stallwatch/INFO] (Minecraft) [STDOUT]: [STALLWATCH]     at java.base@17.0.12/java.util.concurrent.ForkJoinPool.runWorker(ForkJoinPool.java:1623)
[21:01:17] [coreswap-stallwatch/INFO] (Minecraft) [STDOUT]: [STALLWATCH]     at java.base@17.0.12/java.util.concurrent.ForkJoinWorkerThread.run(ForkJoinWorkerThread.java:165)
[21:01:17] [coreswap-stallwatch/INFO] (Minecraft) [STDOUT]: [STALLWATCH] "Signal Dispatcher" id=4 state=RUNNABLE daemon=true
[21:01:17] [coreswap-stallwatch/INFO] (Minecraft) [STDOUT]: [STALLWATCH] "Timer hack thread" id=60 state=TIMED_WAITING daemon=true
[21:01:17] [coreswap-stallwatch/INFO] (Minecraft) [STDOUT]: [STALLWATCH]     at java.base@17.0.12/java.lang.Thread.sleep(Native Method)
[21:01:17] [coreswap-stallwatch/INFO] (Minecraft) [STDOUT]: [STALLWATCH]     at net.minecraft.util.Util$9.run(Util.java:863)
[21:01:17] [coreswap-stallwatch/INFO] (Minecraft) [STDOUT]: [STALLWATCH] "Worker-Main-4" id=67 state=WAITING daemon=true
[21:01:17] [coreswap-stallwatch/INFO] (Minecraft) [STDOUT]: [STALLWATCH]     at java.base@17.0.12/jdk.internal.misc.Unsafe.park(Native Method)
[21:01:17] [coreswap-stallwatch/INFO] (Minecraft) [STDOUT]: [STALLWATCH]     at java.base@17.0.12/java.util.concurrent.locks.LockSupport.park(LockSupport.java:341)
[21:01:17] [coreswap-stallwatch/INFO] (Minecraft) [STDOUT]: [STALLWATCH]     at java.base@17.0.12/java.util.concurrent.ForkJoinPool.awaitWork(ForkJoinPool.java:1724)
[21:01:17] [coreswap-stallwatch/INFO] (Minecraft) [STDOUT]: [STALLWATCH]     at java.base@17.0.12/java.util.concurrent.ForkJoinPool.runWorker(ForkJoinPool.java:1623)
[21:01:17] [coreswap-stallwatch/INFO] (Minecraft) [STDOUT]: [STALLWATCH]     at java.base@17.0.12/java.util.concurrent.ForkJoinWorkerThread.run(ForkJoinWorkerThread.java:165)
[21:01:17] [coreswap-stallwatch/INFO] (Minecraft) [STDOUT]: [STALLWATCH] "Worker-Main-18" id=81 state=WAITING daemon=true
[21:01:17] [coreswap-stallwatch/INFO] (Minecraft) [STDOUT]: [STALLWATCH]     at java.base@17.0.12/jdk.internal.misc.Unsafe.park(Native Method)
[21:01:17] [coreswap-stallwatch/INFO] (Minecraft) [STDOUT]: [STALLWATCH]     at java.base@17.0.12/java.util.concurrent.locks.LockSupport.park(LockSupport.java:341)
[21:01:17] [coreswap-stallwatch/INFO] (Minecraft) [STDOUT]: [STALLWATCH]     at java.base@17.0.12/java.util.concurrent.ForkJoinPool.awaitWork(ForkJoinPool.java:1724)
[21:01:17] [coreswap-stallwatch/INFO] (Minecraft) [STDOUT]: [STALLWATCH]     at java.base@17.0.12/java.util.concurrent.ForkJoinPool.runWorker(ForkJoinPool.java:1623)
[21:01:17] [coreswap-stallwatch/INFO] (Minecraft) [STDOUT]: [STALLWATCH]     at java.base@17.0.12/java.util.concurrent.ForkJoinWorkerThread.run(ForkJoinWorkerThread.java:165)
[21:01:17] [coreswap-stallwatch/INFO] (Minecraft) [STDOUT]: [STALLWATCH] "Worker-Main-3" id=66 state=WAITING daemon=true
[21:01:17] [coreswap-stallwatch/INFO] (Minecraft) [STDOUT]: [STALLWATCH]     at java.base@17.0.12/jdk.internal.misc.Unsafe.park(Native Method)
[21:01:17] [coreswap-stallwatch/INFO] (Minecraft) [STDOUT]: [STALLWATCH]     at java.base@17.0.12/java.util.concurrent.locks.LockSupport.park(LockSupport.java:341)
[21:01:17] [coreswap-stallwatch/INFO] (Minecraft) [STDOUT]: [STALLWATCH]     at java.base@17.0.12/java.util.concurrent.ForkJoinPool.awaitWork(ForkJoinPool.java:1724)
[21:01:17] [coreswap-stallwatch/INFO] (Minecraft) [STDOUT]: [STALLWATCH]     at java.base@17.0.12/java.util.concurrent.ForkJoinPool.runWorker(ForkJoinPool.java:1623)
[21:01:17] [coreswap-stallwatch/INFO] (Minecraft) [STDOUT]: [STALLWATCH]     at java.base@17.0.12/java.util.concurrent.ForkJoinWorkerThread.run(ForkJoinWorkerThread.java:165)
[21:01:17] [coreswap-stallwatch/INFO] (Minecraft) [STDOUT]: [STALLWATCH] "Worker-Main-20" id=83 state=WAITING daemon=true
[21:01:17] [coreswap-stallwatch/INFO] (Minecraft) [STDOUT]: [STALLWATCH]     at java.base@17.0.12/jdk.internal.misc.Unsafe.park(Native Method)
[21:01:17] [coreswap-stallwatch/INFO] (Minecraft) [STDOUT]: [STALLWATCH]     at java.base@17.0.12/java.util.concurrent.locks.LockSupport.park(LockSupport.java:341)
[21:01:17] [coreswap-stallwatch/INFO] (Minecraft) [STDOUT]: [STALLWATCH]     at java.base@17.0.12/java.util.concurrent.ForkJoinPool.awaitWork(ForkJoinPool.java:1724)
[21:01:17] [coreswap-stallwatch/INFO] (Minecraft) [STDOUT]: [STALLWATCH]     at java.base@17.0.12/java.util.concurrent.ForkJoinPool.runWorker(ForkJoinPool.java:1623)
[21:01:17] [coreswap-stallwatch/INFO] (Minecraft) [STDOUT]: [STALLWATCH]     at java.base@17.0.12/java.util.concurrent.ForkJoinWorkerThread.run(ForkJoinWorkerThread.java:165)
[21:01:17] [coreswap-stallwatch/INFO] (Minecraft) [STDOUT]: [STALLWATCH] "Worker-Main-10" id=73 state=WAITING daemon=true
[21:01:17] [coreswap-stallwatch/INFO] (Minecraft) [STDOUT]: [STALLWATCH]     at java.base@17.0.12/jdk.internal.misc.Unsafe.park(Native Method)
[21:01:17] [coreswap-stallwatch/INFO] (Minecraft) [STDOUT]: [STALLWATCH]     at java.base@17.0.12/java.util.concurrent.locks.LockSupport.park(LockSupport.java:341)
[21:01:17] [coreswap-stallwatch/INFO] (Minecraft) [STDOUT]: [STALLWATCH]     at java.base@17.0.12/java.util.concurrent.ForkJoinPool.awaitWork(ForkJoinPool.java:1724)
[21:01:17] [coreswap-stallwatch/INFO] (Minecraft) [STDOUT]: [STALLWATCH]     at java.base@17.0.12/java.util.concurrent.ForkJoinPool.runWorker(ForkJoinPool.java:1623)
[21:01:17] [coreswap-stallwatch/INFO] (Minecraft) [STDOUT]: [STALLWATCH]     at java.base@17.0.12/java.util.concurrent.ForkJoinWorkerThread.run(ForkJoinWorkerThread.java:165)
[21:01:17] [coreswap-stallwatch/INFO] (Minecraft) [STDOUT]: [STALLWATCH] "Finalizer" id=3 state=WAITING daemon=true
[21:01:17] [coreswap-stallwatch/INFO] (Minecraft) [STDOUT]: [STALLWATCH]     at java.base@17.0.12/java.lang.Object.wait(Native Method)
[21:01:17] [coreswap-stallwatch/INFO] (Minecraft) [STDOUT]: [STALLWATCH]     at java.base@17.0.12/java.lang.ref.ReferenceQueue.remove(ReferenceQueue.java:155)
[21:01:17] [coreswap-stallwatch/INFO] (Minecraft) [STDOUT]: [STALLWATCH]     at java.base@17.0.12/java.lang.ref.ReferenceQueue.remove(ReferenceQueue.java:176)
[21:01:17] [coreswap-stallwatch/INFO] (Minecraft) [STDOUT]: [STALLWATCH]     at java.base@17.0.12/java.lang.ref.Finalizer$FinalizerThread.run(Finalizer.java:172)
[21:01:17] [coreswap-stallwatch/INFO] (Minecraft) [STDOUT]: [STALLWATCH] "Worker-Main-22" id=85 state=WAITING daemon=true
[21:01:17] [coreswap-stallwatch/INFO] (Minecraft) [STDOUT]: [STALLWATCH]     at java.base@17.0.12/jdk.internal.misc.Unsafe.park(Native Method)
[21:01:17] [coreswap-stallwatch/INFO] (Minecraft) [STDOUT]: [STALLWATCH]     at java.base@17.0.12/java.util.concurrent.locks.LockSupport.park(LockSupport.java:341)
[21:01:17] [coreswap-stallwatch/INFO] (Minecraft) [STDOUT]: [STALLWATCH]     at java.base@17.0.12/java.util.concurrent.ForkJoinPool.awaitWork(ForkJoinPool.java:1724)
[21:01:17] [coreswap-stallwatch/INFO] (Minecraft) [STDOUT]: [STALLWATCH]     at java.base@17.0.12/java.util.concurrent.ForkJoinPool.runWorker(ForkJoinPool.java:1623)
[21:01:17] [coreswap-stallwatch/INFO] (Minecraft) [STDOUT]: [STALLWATCH]     at java.base@17.0.12/java.util.concurrent.ForkJoinWorkerThread.run(ForkJoinWorkerThread.java:165)
[21:01:17] [coreswap-stallwatch/INFO] (Minecraft) [STDOUT]: [STALLWATCH] "IO-Worker-26" id=94 state=TIMED_WAITING daemon=false
[21:01:17] [coreswap-stallwatch/INFO] (Minecraft) [STDOUT]: [STALLWATCH]     at java.base@17.0.12/jdk.internal.misc.Unsafe.park(Native Method)
[21:01:17] [coreswap-stallwatch/INFO] (Minecraft) [STDOUT]: [STALLWATCH]     at java.base@17.0.12/java.util.concurrent.locks.LockSupport.parkNanos(LockSupport.java:252)
[21:01:17] [coreswap-stallwatch/INFO] (Minecraft) [STDOUT]: [STALLWATCH]     at java.base@17.0.12/java.util.concurrent.SynchronousQueue$TransferStack.transfer(SynchronousQueue.java:401)
[21:01:17] [coreswap-stallwatch/INFO] (Minecraft) [STDOUT]: [STALLWATCH]     at java.base@17.0.12/java.util.concurrent.SynchronousQueue.poll(SynchronousQueue.java:903)
[21:01:17] [coreswap-stallwatch/INFO] (Minecraft) [STDOUT]: [STALLWATCH]     at java.base@17.0.12/java.util.concurrent.ThreadPoolExecutor.getTask(ThreadPoolExecutor.java:1061)
[21:01:17] [coreswap-stallwatch/INFO] (Minecraft) [STDOUT]: [STALLWATCH]     at java.base@17.0.12/java.util.concurrent.ThreadPoolExecutor.runWorker(ThreadPoolExecutor.java:1122)
[21:01:17] [coreswap-stallwatch/INFO] (Minecraft) [STDOUT]: [STALLWATCH]     at java.base@17.0.12/java.util.concurrent.ThreadPoolExecutor$Worker.run(ThreadPoolExecutor.java:635)
[21:01:17] [coreswap-stallwatch/INFO] (Minecraft) [STDOUT]: [STALLWATCH]     at java.base@17.0.12/java.lang.Thread.run(Thread.java:842)
[21:01:17] [coreswap-stallwatch/INFO] (Minecraft) [STDOUT]: [STALLWATCH] "IO-Worker-28" id=96 state=TIMED_WAITING daemon=false
[21:01:17] [coreswap-stallwatch/INFO] (Minecraft) [STDOUT]: [STALLWATCH]     at java.base@17.0.12/jdk.internal.misc.Unsafe.park(Native Method)
[21:01:17] [coreswap-stallwatch/INFO] (Minecraft) [STDOUT]: [STALLWATCH]     at java.base@17.0.12/java.util.concurrent.locks.LockSupport.parkNanos(LockSupport.java:252)
[21:01:17] [coreswap-stallwatch/INFO] (Minecraft) [STDOUT]: [STALLWATCH]     at java.base@17.0.12/java.util.concurrent.SynchronousQueue$TransferStack.transfer(SynchronousQueue.java:401)
[21:01:17] [coreswap-stallwatch/INFO] (Minecraft) [STDOUT]: [STALLWATCH]     at java.base@17.0.12/java.util.concurrent.SynchronousQueue.poll(SynchronousQueue.java:903)
[21:01:17] [coreswap-stallwatch/INFO] (Minecraft) [STDOUT]: [STALLWATCH]     at java.base@17.0.12/java.util.concurrent.ThreadPoolExecutor.getTask(ThreadPoolExecutor.java:1061)
[21:01:17] [coreswap-stallwatch/INFO] (Minecraft) [STDOUT]: [STALLWATCH]     at java.base@17.0.12/java.util.concurrent.ThreadPoolExecutor.runWorker(ThreadPoolExecutor.java:1122)
[21:01:17] [coreswap-stallwatch/INFO] (Minecraft) [STDOUT]: [STALLWATCH]     at java.base@17.0.12/java.util.concurrent.ThreadPoolExecutor$Worker.run(ThreadPoolExecutor.java:635)
[21:01:17] [coreswap-stallwatch/INFO] (Minecraft) [STDOUT]: [STALLWATCH]     at java.base@17.0.12/java.lang.Thread.run(Thread.java:842)
[21:01:17] [coreswap-stallwatch/INFO] (Minecraft) [STDOUT]: [STALLWATCH] "Thread-7" id=100 state=TIMED_WAITING daemon=true
[21:01:17] [coreswap-stallwatch/INFO] (Minecraft) [STDOUT]: [STALLWATCH]     at java.base@17.0.12/jdk.internal.misc.Unsafe.park(Native Method)
[21:01:17] [coreswap-stallwatch/INFO] (Minecraft) [STDOUT]: [STALLWATCH]     at java.base@17.0.12/java.util.concurrent.locks.LockSupport.parkNanos(LockSupport.java:252)
[21:01:17] [coreswap-stallwatch/INFO] (Minecraft) [STDOUT]: [STALLWATCH]     at java.base@17.0.12/java.util.concurrent.SynchronousQueue$TransferStack.transfer(SynchronousQueue.java:401)
[21:01:17] [coreswap-stallwatch/INFO] (Minecraft) [STDOUT]: [STALLWATCH]     at java.base@17.0.12/java.util.concurrent.SynchronousQueue.poll(SynchronousQueue.java:903)
[21:01:17] [coreswap-stallwatch/INFO] (Minecraft) [STDOUT]: [STALLWATCH]     at java.base@17.0.12/java.util.concurrent.ThreadPoolExecutor.getTask(ThreadPoolExecutor.java:1061)
[21:01:17] [coreswap-stallwatch/INFO] (Minecraft) [STDOUT]: [STALLWATCH]     at java.base@17.0.12/java.util.concurrent.ThreadPoolExecutor.runWorker(ThreadPoolExecutor.java:1122)
[21:01:17] [coreswap-stallwatch/INFO] (Minecraft) [STDOUT]: [STALLWATCH]     at java.base@17.0.12/java.util.concurrent.ThreadPoolExecutor$Worker.run(ThreadPoolExecutor.java:635)
[21:01:17] [coreswap-stallwatch/INFO] (Minecraft) [STDOUT]: [STALLWATCH]     at java.base@17.0.12/java.lang.Thread.run(Thread.java:842)
[21:01:17] [coreswap-stallwatch/INFO] (Minecraft) [STDOUT]: [STALLWATCH] "IO-Worker-27" id=95 state=TIMED_WAITING daemon=false
[21:01:17] [coreswap-stallwatch/INFO] (Minecraft) [STDOUT]: [STALLWATCH]     at java.base@17.0.12/jdk.internal.misc.Unsafe.park(Native Method)
[21:01:17] [coreswap-stallwatch/INFO] (Minecraft) [STDOUT]: [STALLWATCH]     at java.base@17.0.12/java.util.concurrent.locks.LockSupport.parkNanos(LockSupport.java:252)
[21:01:17] [coreswap-stallwatch/INFO] (Minecraft) [STDOUT]: [STALLWATCH]     at java.base@17.0.12/java.util.concurrent.SynchronousQueue$TransferStack.transfer(SynchronousQueue.java:401)
[21:01:17] [coreswap-stallwatch/INFO] (Minecraft) [STDOUT]: [STALLWATCH]     at java.base@17.0.12/java.util.concurrent.SynchronousQueue.poll(SynchronousQueue.java:903)
[21:01:17] [coreswap-stallwatch/INFO] (Minecraft) [STDOUT]: [STALLWATCH]     at java.base@17.0.12/java.util.concurrent.ThreadPoolExecutor.getTask(ThreadPoolExecutor.java:1061)
[21:01:17] [coreswap-stallwatch/INFO] (Minecraft) [STDOUT]: [STALLWATCH]     at java.base@17.0.12/java.util.concurrent.ThreadPoolExecutor.runWorker(ThreadPoolExecutor.java:1122)
[21:01:17] [coreswap-stallwatch/INFO] (Minecraft) [STDOUT]: [STALLWATCH]     at java.base@17.0.12/java.util.concurrent.ThreadPoolExecutor$Worker.run(ThreadPoolExecutor.java:635)
[21:01:17] [coreswap-stallwatch/INFO] (Minecraft) [STDOUT]: [STALLWATCH]     at java.base@17.0.12/java.lang.Thread.run(Thread.java:842)
[21:01:17] [coreswap-stallwatch/INFO] (Minecraft) [STDOUT]: [STALLWATCH] "Worker-Main-17" id=80 state=WAITING daemon=true
[21:01:17] [coreswap-stallwatch/INFO] (Minecraft) [STDOUT]: [STALLWATCH]     at java.base@17.0.12/jdk.internal.misc.Unsafe.park(Native Method)
[21:01:17] [coreswap-stallwatch/INFO] (Minecraft) [STDOUT]: [STALLWATCH]     at java.base@17.0.12/java.util.concurrent.locks.LockSupport.park(LockSupport.java:341)
[21:01:17] [coreswap-stallwatch/INFO] (Minecraft) [STDOUT]: [STALLWATCH]     at java.base@17.0.12/java.util.concurrent.ForkJoinPool.awaitWork(ForkJoinPool.java:1724)
[21:01:17] [coreswap-stallwatch/INFO] (Minecraft) [STDOUT]: [STALLWATCH]     at java.base@17.0.12/java.util.concurrent.ForkJoinPool.runWorker(ForkJoinPool.java:1623)
[21:01:17] [coreswap-stallwatch/INFO] (Minecraft) [STDOUT]: [STALLWATCH]     at java.base@17.0.12/java.util.concurrent.ForkJoinWorkerThread.run(ForkJoinWorkerThread.java:165)
[21:01:17] [coreswap-stallwatch/INFO] (Minecraft) [STDOUT]: [STALLWATCH] "Worker-Main-7" id=70 state=WAITING daemon=true
[21:01:17] [coreswap-stallwatch/INFO] (Minecraft) [STDOUT]: [STALLWATCH]     at java.base@17.0.12/jdk.internal.misc.Unsafe.park(Native Method)
[21:01:17] [coreswap-stallwatch/INFO] (Minecraft) [STDOUT]: [STALLWATCH]     at java.base@17.0.12/java.util.concurrent.locks.LockSupport.park(LockSupport.java:341)
[21:01:17] [coreswap-stallwatch/INFO] (Minecraft) [STDOUT]: [STALLWATCH]     at java.base@17.0.12/java.util.concurrent.ForkJoinPool.awaitWork(ForkJoinPool.java:1724)
[21:01:17] [coreswap-stallwatch/INFO] (Minecraft) [STDOUT]: [STALLWATCH]     at java.base@17.0.12/java.util.concurrent.ForkJoinPool.runWorker(ForkJoinPool.java:1623)
[21:01:17] [coreswap-stallwatch/INFO] (Minecraft) [STDOUT]: [STALLWATCH]     at java.base@17.0.12/java.util.concurrent.ForkJoinWorkerThread.run(ForkJoinWorkerThread.java:165)
[21:01:17] [coreswap-stallwatch/INFO] (Minecraft) [STDOUT]: [STALLWATCH] "JNA Cleaner" id=59 state=WAITING daemon=true
[21:01:17] [coreswap-stallwatch/INFO] (Minecraft) [STDOUT]: [STALLWATCH]     at java.base@17.0.12/java.lang.Object.wait(Native Method)
[21:01:17] [coreswap-stallwatch/INFO] (Minecraft) [STDOUT]: [STALLWATCH]     at java.base@17.0.12/java.lang.ref.ReferenceQueue.remove(ReferenceQueue.java:155)
[21:01:17] [coreswap-stallwatch/INFO] (Minecraft) [STDOUT]: [STALLWATCH]     at java.base@17.0.12/java.lang.ref.ReferenceQueue.remove(ReferenceQueue.java:176)
[21:01:17] [coreswap-stallwatch/INFO] (Minecraft) [STDOUT]: [STALLWATCH]     at com.sun.jna.internal.Cleaner$1.run(Cleaner.java:58)
[21:01:17] [coreswap-stallwatch/INFO] (Minecraft) [STDOUT]: [STALLWATCH] "Worker-Main-6" id=69 state=WAITING daemon=true
[21:01:17] [coreswap-stallwatch/INFO] (Minecraft) [STDOUT]: [STALLWATCH]     at java.base@17.0.12/jdk.internal.misc.Unsafe.park(Native Method)
[21:01:17] [coreswap-stallwatch/INFO] (Minecraft) [STDOUT]: [STALLWATCH]     at java.base@17.0.12/java.util.concurrent.locks.LockSupport.park(LockSupport.java:341)
[21:01:17] [coreswap-stallwatch/INFO] (Minecraft) [STDOUT]: [STALLWATCH]     at java.base@17.0.12/java.util.concurrent.ForkJoinPool.awaitWork(ForkJoinPool.java:1724)
[21:01:17] [coreswap-stallwatch/INFO] (Minecraft) [STDOUT]: [STALLWATCH]     at java.base@17.0.12/java.util.concurrent.ForkJoinPool.runWorker(ForkJoinPool.java:1623)
[21:01:17] [coreswap-stallwatch/INFO] (Minecraft) [STDOUT]: [STALLWATCH]     at java.base@17.0.12/java.util.concurrent.ForkJoinWorkerThread.run(ForkJoinWorkerThread.java:165)
[21:01:17] [coreswap-stallwatch/INFO] (Minecraft) [STDOUT]: [STALLWATCH] "Reference Handler" id=2 state=RUNNABLE daemon=true
[21:01:17] [coreswap-stallwatch/INFO] (Minecraft) [STDOUT]: [STALLWATCH]     at java.base@17.0.12/java.lang.ref.Reference.waitForReferencePendingList(Native Method)
[21:01:17] [coreswap-stallwatch/INFO] (Minecraft) [STDOUT]: [STALLWATCH]     at java.base@17.0.12/java.lang.ref.Reference.processPendingReferences(Reference.java:253)
[21:01:17] [coreswap-stallwatch/INFO] (Minecraft) [STDOUT]: [STALLWATCH]     at java.base@17.0.12/java.lang.ref.Reference$ReferenceHandler.run(Reference.java:215)
[21:01:17] [coreswap-stallwatch/INFO] (Minecraft) [STDOUT]: [STALLWATCH] "RCON Listener #1" id=98 state=RUNNABLE daemon=false
[21:01:17] [coreswap-stallwatch/INFO] (Minecraft) [STDOUT]: [STALLWATCH]     at java.base@17.0.12/sun.nio.ch.Net.poll(Native Method)
[21:01:17] [coreswap-stallwatch/INFO] (Minecraft) [STDOUT]: [STALLWATCH]     at java.base@17.0.12/sun.nio.ch.NioSocketImpl.park(NioSocketImpl.java:186)
[21:01:17] [coreswap-stallwatch/INFO] (Minecraft) [STDOUT]: [STALLWATCH]     at java.base@17.0.12/sun.nio.ch.NioSocketImpl.timedAccept(NioSocketImpl.java:715)
[21:01:17] [coreswap-stallwatch/INFO] (Minecraft) [STDOUT]: [STALLWATCH]     at java.base@17.0.12/sun.nio.ch.NioSocketImpl.accept(NioSocketImpl.java:757)
[21:01:17] [coreswap-stallwatch/INFO] (Minecraft) [STDOUT]: [STALLWATCH]     at java.base@17.0.12/java.net.ServerSocket.implAccept(ServerSocket.java:675)
[21:01:17] [coreswap-stallwatch/INFO] (Minecraft) [STDOUT]: [STALLWATCH]     at java.base@17.0.12/java.net.ServerSocket.platformImplAccept(ServerSocket.java:641)
[21:01:17] [coreswap-stallwatch/INFO] (Minecraft) [STDOUT]: [STALLWATCH]     at java.base@17.0.12/java.net.ServerSocket.implAccept(ServerSocket.java:617)
[21:01:17] [coreswap-stallwatch/INFO] (Minecraft) [STDOUT]: [STALLWATCH]     at java.base@17.0.12/java.net.ServerSocket.implAccept(ServerSocket.java:574)
[21:01:17] [coreswap-stallwatch/INFO] (Minecraft) [STDOUT]: [STALLWATCH]     at java.base@17.0.12/java.net.ServerSocket.accept(ServerSocket.java:532)
[21:01:17] [coreswap-stallwatch/INFO] (Minecraft) [STDOUT]: [STALLWATCH]     at net.minecraft.server.rcon.RconListener.run(RconListener.java:38)
[21:01:17] [coreswap-stallwatch/INFO] (Minecraft) [STDOUT]: [STALLWATCH]     at java.base@17.0.12/java.lang.Thread.run(Thread.java:842)
[21:01:17] [coreswap-stallwatch/INFO] (Minecraft) [STDOUT]: [STALLWATCH] "Netty Server IO #0" id=91 state=RUNNABLE daemon=true
[21:01:17] [coreswap-stallwatch/INFO] (Minecraft) [STDOUT]: [STALLWATCH]     at java.base@17.0.12/sun.nio.ch.WEPoll.wait(Native Method)
[21:01:17] [coreswap-stallwatch/INFO] (Minecraft) [STDOUT]: [STALLWATCH]     at java.base@17.0.12/sun.nio.ch.WEPollSelectorImpl.doSelect(WEPollSelectorImpl.java:111)
[21:01:17] [coreswap-stallwatch/INFO] (Minecraft) [STDOUT]: [STALLWATCH]     at java.base@17.0.12/sun.nio.ch.SelectorImpl.lockAndDoSelect(SelectorImpl.java:129)
[21:01:17] [coreswap-stallwatch/INFO] (Minecraft) [STDOUT]: [STALLWATCH]     at java.base@17.0.12/sun.nio.ch.SelectorImpl.select(SelectorImpl.java:146)
[21:01:17] [coreswap-stallwatch/INFO] (Minecraft) [STDOUT]: [STALLWATCH]     at io.netty.channel.nio.SelectedSelectionKeySetSelector.select(SelectedSelectionKeySetSelector.java:68)
[21:01:17] [coreswap-stallwatch/INFO] (Minecraft) [STDOUT]: [STALLWATCH]     at io.netty.channel.nio.NioEventLoop.select(NioEventLoop.java:879)
[21:01:17] [coreswap-stallwatch/INFO] (Minecraft) [STDOUT]: [STALLWATCH]     at io.netty.channel.nio.NioEventLoop.run(NioEventLoop.java:526)
[21:01:17] [coreswap-stallwatch/INFO] (Minecraft) [STDOUT]: [STALLWATCH]     at io.netty.util.concurrent.SingleThreadEventExecutor$4.run(SingleThreadEventExecutor.java:997)
[21:01:17] [coreswap-stallwatch/INFO] (Minecraft) [STDOUT]: [STALLWATCH]     at io.netty.util.internal.ThreadExecutorMap$2.run(ThreadExecutorMap.java:74)
[21:01:17] [coreswap-stallwatch/INFO] (Minecraft) [STDOUT]: [STALLWATCH]     at java.base@17.0.12/java.lang.Thread.run(Thread.java:842)
[21:01:17] [coreswap-stallwatch/INFO] (Minecraft) [STDOUT]: [STALLWATCH] "Worker-Main-9" id=72 state=WAITING daemon=true
[21:01:17] [coreswap-stallwatch/INFO] (Minecraft) [STDOUT]: [STALLWATCH]     at java.base@17.0.12/jdk.internal.misc.Unsafe.park(Native Method)
[21:01:17] [coreswap-stallwatch/INFO] (Minecraft) [STDOUT]: [STALLWATCH]     at java.base@17.0.12/java.util.concurrent.locks.LockSupport.park(LockSupport.java:341)
[21:01:17] [coreswap-stallwatch/INFO] (Minecraft) [STDOUT]: [STALLWATCH]     at java.base@17.0.12/java.util.concurrent.ForkJoinPool.awaitWork(ForkJoinPool.java:1724)
[21:01:17] [coreswap-stallwatch/INFO] (Minecraft) [STDOUT]: [STALLWATCH]     at java.base@17.0.12/java.util.concurrent.ForkJoinPool.runWorker(ForkJoinPool.java:1623)
[21:01:17] [coreswap-stallwatch/INFO] (Minecraft) [STDOUT]: [STALLWATCH]     at java.base@17.0.12/java.util.concurrent.ForkJoinWorkerThread.run(ForkJoinWorkerThread.java:165)
[21:01:17] [coreswap-stallwatch/INFO] (Minecraft) [STDOUT]: [STALLWATCH] "Worker-Main-8" id=71 state=WAITING daemon=true
[21:01:17] [coreswap-stallwatch/INFO] (Minecraft) [STDOUT]: [STALLWATCH]     at java.base@17.0.12/jdk.internal.misc.Unsafe.park(Native Method)
[21:01:17] [coreswap-stallwatch/INFO] (Minecraft) [STDOUT]: [STALLWATCH]     at java.base@17.0.12/java.util.concurrent.locks.LockSupport.park(LockSupport.java:341)
[21:01:17] [coreswap-stallwatch/INFO] (Minecraft) [STDOUT]: [STALLWATCH]     at java.base@17.0.12/java.util.concurrent.ForkJoinPool.awaitWork(ForkJoinPool.java:1724)
[21:01:17] [coreswap-stallwatch/INFO] (Minecraft) [STDOUT]: [STALLWATCH]     at java.base@17.0.12/java.util.concurrent.ForkJoinPool.runWorker(ForkJoinPool.java:1623)
[21:01:17] [coreswap-stallwatch/INFO] (Minecraft) [STDOUT]: [STALLWATCH]     at java.base@17.0.12/java.util.concurrent.ForkJoinWorkerThread.run(ForkJoinWorkerThread.java:165)
[21:01:17] [coreswap-stallwatch/INFO] (Minecraft) [STDOUT]: [STALLWATCH] "Notification Thread" id=21 state=RUNNABLE daemon=true
[21:01:17] [coreswap-stallwatch/INFO] (Minecraft) [STDOUT]: [STALLWATCH] "Worker-Main-11" id=74 state=WAITING daemon=true
[21:01:17] [coreswap-stallwatch/INFO] (Minecraft) [STDOUT]: [STALLWATCH]     at java.base@17.0.12/jdk.internal.misc.Unsafe.park(Native Method)
[21:01:17] [coreswap-stallwatch/INFO] (Minecraft) [STDOUT]: [STALLWATCH]     at java.base@17.0.12/java.util.concurrent.locks.LockSupport.park(LockSupport.java:341)
[21:01:17] [coreswap-stallwatch/INFO] (Minecraft) [STDOUT]: [STALLWATCH]     at java.base@17.0.12/java.util.concurrent.ForkJoinPool.awaitWork(ForkJoinPool.java:1724)
[21:01:17] [coreswap-stallwatch/INFO] (Minecraft) [STDOUT]: [STALLWATCH]     at java.base@17.0.12/java.util.concurrent.ForkJoinPool.runWorker(ForkJoinPool.java:1623)
[21:01:17] [coreswap-stallwatch/INFO] (Minecraft) [STDOUT]: [STALLWATCH]     at java.base@17.0.12/java.util.concurrent.ForkJoinWorkerThread.run(ForkJoinWorkerThread.java:165)
[21:01:17] [coreswap-stallwatch/INFO] (Minecraft) [STDOUT]: [STALLWATCH] "Chunky-minecraft:overworld Thread" id=102 state=WAITING daemon=true
[21:01:17] [coreswap-stallwatch/INFO] (Minecraft) [STDOUT]: [STALLWATCH]     at java.base@17.0.12/jdk.internal.misc.Unsafe.park(Native Method)
[21:01:17] [coreswap-stallwatch/INFO] (Minecraft) [STDOUT]: [STALLWATCH]     at java.base@17.0.12/java.util.concurrent.locks.LockSupport.park(LockSupport.java:211)
[21:01:17] [coreswap-stallwatch/INFO] (Minecraft) [STDOUT]: [STALLWATCH]     at java.base@17.0.12/java.util.concurrent.locks.AbstractQueuedSynchronizer.acquire(AbstractQueuedSynchronizer.java:715)
[21:01:17] [coreswap-stallwatch/INFO] (Minecraft) [STDOUT]: [STALLWATCH]     at java.base@17.0.12/java.util.concurrent.locks.AbstractQueuedSynchronizer.acquireSharedInterruptibly(AbstractQueuedSynchronizer.java:1047)
[21:01:17] [coreswap-stallwatch/INFO] (Minecraft) [STDOUT]: [STALLWATCH]     at java.base@17.0.12/java.util.concurrent.Semaphore.acquire(Semaphore.java:318)
[21:01:17] [coreswap-stallwatch/INFO] (Minecraft) [STDOUT]: [STALLWATCH]     at org.popcraft.chunky.GenerationTask.run(GenerationTask.java:140)
[21:01:17] [coreswap-stallwatch/INFO] (Minecraft) [STDOUT]: [STALLWATCH]     at java.base@17.0.12/java.util.concurrent.Executors$RunnableAdapter.call(Executors.java:539)
[21:01:17] [coreswap-stallwatch/INFO] (Minecraft) [STDOUT]: [STALLWATCH]     at java.base@17.0.12/java.util.concurrent.FutureTask.run(FutureTask.java:264)
[21:01:17] [coreswap-stallwatch/INFO] (Minecraft) [STDOUT]: [STALLWATCH]     at java.base@17.0.12/java.util.concurrent.ThreadPoolExecutor.runWorker(ThreadPoolExecutor.java:1136)
[21:01:17] [coreswap-stallwatch/INFO] (Minecraft) [STDOUT]: [STALLWATCH]     at java.base@17.0.12/java.util.concurrent.ThreadPoolExecutor$Worker.run(ThreadPoolExecutor.java:635)
[21:01:17] [coreswap-stallwatch/INFO] (Minecraft) [STDOUT]: [STALLWATCH]     at java.base@17.0.12/java.lang.Thread.run(Thread.java:842)
[21:01:17] [coreswap-stallwatch/INFO] (Minecraft) [STDOUT]: [STALLWATCH] "Worker-Main-13" id=76 state=WAITING daemon=true
[21:01:17] [coreswap-stallwatch/INFO] (Minecraft) [STDOUT]: [STALLWATCH]     at java.base@17.0.12/jdk.internal.misc.Unsafe.park(Native Method)
[21:01:17] [coreswap-stallwatch/INFO] (Minecraft) [STDOUT]: [STALLWATCH]     at java.base@17.0.12/java.util.concurrent.locks.LockSupport.park(LockSupport.java:341)
[21:01:17] [coreswap-stallwatch/INFO] (Minecraft) [STDOUT]: [STALLWATCH]     at java.base@17.0.12/java.util.concurrent.ForkJoinPool.awaitWork(ForkJoinPool.java:1724)
[21:01:17] [coreswap-stallwatch/INFO] (Minecraft) [STDOUT]: [STALLWATCH]     at java.base@17.0.12/java.util.concurrent.ForkJoinPool.runWorker(ForkJoinPool.java:1623)
[21:01:17] [coreswap-stallwatch/INFO] (Minecraft) [STDOUT]: [STALLWATCH]     at java.base@17.0.12/java.util.concurrent.ForkJoinWorkerThread.run(ForkJoinWorkerThread.java:165)
[21:01:17] [coreswap-stallwatch/INFO] (Minecraft) [STDOUT]: [STALLWATCH] "Yggdrasil Key Fetcher" id=61 state=TIMED_WAITING daemon=true
[21:01:17] [coreswap-stallwatch/INFO] (Minecraft) [STDOUT]: [STALLWATCH]     at java.base@17.0.12/jdk.internal.misc.Unsafe.park(Native Method)
[21:01:17] [coreswap-stallwatch/INFO] (Minecraft) [STDOUT]: [STALLWATCH]     at java.base@17.0.12/java.util.concurrent.locks.LockSupport.parkNanos(LockSupport.java:252)
[21:01:17] [coreswap-stallwatch/INFO] (Minecraft) [STDOUT]: [STALLWATCH]     at java.base@17.0.12/java.util.concurrent.locks.AbstractQueuedSynchronizer$ConditionObject.awaitNanos(AbstractQueuedSynchronizer.java:1672)
[21:01:17] [coreswap-stallwatch/INFO] (Minecraft) [STDOUT]: [STALLWATCH]     at java.base@17.0.12/java.util.concurrent.ScheduledThreadPoolExecutor$DelayedWorkQueue.take(ScheduledThreadPoolExecutor.java:1182)
[21:01:17] [coreswap-stallwatch/INFO] (Minecraft) [STDOUT]: [STALLWATCH]     at java.base@17.0.12/java.util.concurrent.ScheduledThreadPoolExecutor$DelayedWorkQueue.take(ScheduledThreadPoolExecutor.java:899)
[21:01:17] [coreswap-stallwatch/INFO] (Minecraft) [STDOUT]: [STALLWATCH]     at java.base@17.0.12/java.util.concurrent.ThreadPoolExecutor.getTask(ThreadPoolExecutor.java:1062)
[21:01:17] [coreswap-stallwatch/INFO] (Minecraft) [STDOUT]: [STALLWATCH]     at java.base@17.0.12/java.util.concurrent.ThreadPoolExecutor.runWorker(ThreadPoolExecutor.java:1122)
[21:01:17] [coreswap-stallwatch/INFO] (Minecraft) [STDOUT]: [STALLWATCH]     at java.base@17.0.12/java.util.concurrent.ThreadPoolExecutor$Worker.run(ThreadPoolExecutor.java:635)
[21:01:17] [coreswap-stallwatch/INFO] (Minecraft) [STDOUT]: [STALLWATCH]     at java.base@17.0.12/java.lang.Thread.run(Thread.java:842)
[21:01:17] [coreswap-stallwatch/INFO] (Minecraft) [STDOUT]: [STALLWATCH] "Worker-Main-23" id=86 state=WAITING daemon=true
[21:01:17] [coreswap-stallwatch/INFO] (Minecraft) [STDOUT]: [STALLWATCH]     at java.base@17.0.12/jdk.internal.misc.Unsafe.park(Native Method)
[21:01:17] [coreswap-stallwatch/INFO] (Minecraft) [STDOUT]: [STALLWATCH]     at java.base@17.0.12/java.util.concurrent.locks.LockSupport.park(LockSupport.java:341)
[21:01:17] [coreswap-stallwatch/INFO] (Minecraft) [STDOUT]: [STALLWATCH]     at java.base@17.0.12/java.util.concurrent.ForkJoinPool.awaitWork(ForkJoinPool.java:1724)
[21:01:17] [coreswap-stallwatch/INFO] (Minecraft) [STDOUT]: [STALLWATCH]     at java.base@17.0.12/java.util.concurrent.ForkJoinPool.runWorker(ForkJoinPool.java:1623)
[21:01:17] [coreswap-stallwatch/INFO] (Minecraft) [STDOUT]: [STALLWATCH]     at java.base@17.0.12/java.util.concurrent.ForkJoinWorkerThread.run(ForkJoinWorkerThread.java:165)
[21:01:17] [coreswap-stallwatch/INFO] (Minecraft) [STDOUT]: [STALLWATCH] "IO-Worker-25" id=93 state=RUNNABLE daemon=false
[21:01:17] [coreswap-stallwatch/INFO] (Minecraft) [STDOUT]: [STALLWATCH]     at java.base@17.0.12/jdk.internal.misc.Unsafe.park(Native Method)
[21:01:17] [coreswap-stallwatch/INFO] (Minecraft) [STDOUT]: [STALLWATCH]     at java.base@17.0.12/java.util.concurrent.locks.LockSupport.parkNanos(LockSupport.java:252)
[21:01:17] [coreswap-stallwatch/INFO] (Minecraft) [STDOUT]: [STALLWATCH]     at java.base@17.0.12/java.util.concurrent.SynchronousQueue$TransferStack.transfer(SynchronousQueue.java:401)
[21:01:17] [coreswap-stallwatch/INFO] (Minecraft) [STDOUT]: [STALLWATCH]     at java.base@17.0.12/java.util.concurrent.SynchronousQueue.poll(SynchronousQueue.java:903)
[21:01:17] [coreswap-stallwatch/INFO] (Minecraft) [STDOUT]: [STALLWATCH]     at java.base@17.0.12/java.util.concurrent.ThreadPoolExecutor.getTask(ThreadPoolExecutor.java:1061)
[21:01:17] [coreswap-stallwatch/INFO] (Minecraft) [STDOUT]: [STALLWATCH]     at java.base@17.0.12/java.util.concurrent.ThreadPoolExecutor.runWorker(ThreadPoolExecutor.java:1122)
[21:01:17] [coreswap-stallwatch/INFO] (Minecraft) [STDOUT]: [STALLWATCH]     at java.base@17.0.12/java.util.concurrent.ThreadPoolExecutor$Worker.run(ThreadPoolExecutor.java:635)
[21:01:17] [coreswap-stallwatch/INFO] (Minecraft) [STDOUT]: [STALLWATCH]     at java.base@17.0.12/java.lang.Thread.run(Thread.java:842)
[21:01:17] [coreswap-stallwatch/INFO] (Minecraft) [STDOUT]: [STALLWATCH] === end ===
[21:01:18] [RCON Listener #1/INFO] (Minecraft) Thread RCON Client /127.0.0.1 started
[21:01:18] [RCON Client /127.0.0.1 #7/INFO] (Minecraft) Thread RCON Client /127.0.0.1 shutting down
[21:01:21] [Server thread/INFO] (Minecraft) [Chunky] Task running for minecraft:overworld. Processed: 278 chunks (6.58%), ETA: 0:04:55, Rate: 13.4 cps, Current: -30, -13
[21:01:24] [Worker-Main-3/INFO] (Minecraft) [STDOUT]: [CHUNKTIME] n=512 perChunk(ms): mixin=47.01 gap=891.74 | sumMixin=24.1s sumGap=456.6s | inflight max=1 now=1
[21:01:29] [RCON Listener #1/INFO] (Minecraft) Thread RCON Client /127.0.0.1 started
[21:01:29] [RCON Client /127.0.0.1 #8/INFO] (Minecraft) Thread RCON Client /127.0.0.1 shutting down
[21:01:31] [Server thread/INFO] (Minecraft) [Chunky] Task running for minecraft:overworld. Processed: 415 chunks (9.82%), ETA: 0:04:39, Rate: 13.6 cps, Current: -21, -7
[21:01:37] [Worker-Main-5/INFO] (Minecraft) [STDOUT]: [CHUNKTIME] n=768 perChunk(ms): mixin=47.19 gap=971.67 | sumMixin=36.2s sumGap=746.2s | inflight max=1 now=1
[21:01:39] [RCON Listener #1/INFO] (Minecraft) Thread RCON Client /127.0.0.1 started
[21:01:39] [RCON Client /127.0.0.1 #9/INFO] (Minecraft) Thread RCON Client /127.0.0.1 shutting down
[21:01:41] [Server thread/INFO] (Minecraft) [Chunky] Task running for minecraft:overworld. Processed: 605 chunks (14.32%), ETA: 0:03:46, Rate: 16.0 cps, Current: -15, -2
[21:01:47] [coreswap-stallwatch/INFO] (Minecraft) [STDOUT]: [STALLWATCH] === thread dump @ Thu Sep 10 21:01:47 HKT 2026 (interval=30s) ===
[21:01:47] [coreswap-stallwatch/INFO] (Minecraft) [STDOUT]: [STALLWATCH] "Worker-Main-12" id=75 state=WAITING daemon=true
[21:01:47] [coreswap-stallwatch/INFO] (Minecraft) [STDOUT]: [STALLWATCH]     at java.base@17.0.12/jdk.internal.misc.Unsafe.park(Native Method)
[21:01:47] [coreswap-stallwatch/INFO] (Minecraft) [STDOUT]: [STALLWATCH]     at java.base@17.0.12/java.util.concurrent.locks.LockSupport.park(LockSupport.java:341)
[21:01:47] [coreswap-stallwatch/INFO] (Minecraft) [STDOUT]: [STALLWATCH]     at java.base@17.0.12/java.util.concurrent.ForkJoinPool.awaitWork(ForkJoinPool.java:1724)
[21:01:47] [coreswap-stallwatch/INFO] (Minecraft) [STDOUT]: [STALLWATCH]     at java.base@17.0.12/java.util.concurrent.ForkJoinPool.runWorker(ForkJoinPool.java:1623)
[21:01:47] [coreswap-stallwatch/INFO] (Minecraft) [STDOUT]: [STALLWATCH]     at java.base@17.0.12/java.util.concurrent.ForkJoinWorkerThread.run(ForkJoinWorkerThread.java:165)
[21:01:47] [coreswap-stallwatch/INFO] (Minecraft) [STDOUT]: [STALLWATCH] "Worker-Main-16" id=79 state=WAITING daemon=true
[21:01:47] [coreswap-stallwatch/INFO] (Minecraft) [STDOUT]: [STALLWATCH]     at java.base@17.0.12/jdk.internal.misc.Unsafe.park(Native Method)
[21:01:47] [coreswap-stallwatch/INFO] (Minecraft) [STDOUT]: [STALLWATCH]     at java.base@17.0.12/java.util.concurrent.locks.LockSupport.park(LockSupport.java:341)
[21:01:47] [coreswap-stallwatch/INFO] (Minecraft) [STDOUT]: [STALLWATCH]     at java.base@17.0.12/java.util.concurrent.ForkJoinPool.awaitWork(ForkJoinPool.java:1724)
[21:01:47] [coreswap-stallwatch/INFO] (Minecraft) [STDOUT]: [STALLWATCH]     at java.base@17.0.12/java.util.concurrent.ForkJoinPool.runWorker(ForkJoinPool.java:1623)
[21:01:47] [coreswap-stallwatch/INFO] (Minecraft) [STDOUT]: [STALLWATCH]     at java.base@17.0.12/java.util.concurrent.ForkJoinWorkerThread.run(ForkJoinWorkerThread.java:165)
[21:01:47] [coreswap-stallwatch/INFO] (Minecraft) [STDOUT]: [STALLWATCH] "Worker-Main-21" id=84 state=WAITING daemon=true
[21:01:47] [coreswap-stallwatch/INFO] (Minecraft) [STDOUT]: [STALLWATCH]     at java.base@17.0.12/jdk.internal.misc.Unsafe.park(Native Method)
[21:01:47] [coreswap-stallwatch/INFO] (Minecraft) [STDOUT]: [STALLWATCH]     at java.base@17.0.12/java.util.concurrent.locks.LockSupport.park(LockSupport.java:341)
[21:01:47] [coreswap-stallwatch/INFO] (Minecraft) [STDOUT]: [STALLWATCH]     at java.base@17.0.12/java.util.concurrent.ForkJoinPool.awaitWork(ForkJoinPool.java:1724)
[21:01:47] [coreswap-stallwatch/INFO] (Minecraft) [STDOUT]: [STALLWATCH]     at java.base@17.0.12/java.util.concurrent.ForkJoinPool.runWorker(ForkJoinPool.java:1623)
[21:01:47] [coreswap-stallwatch/INFO] (Minecraft) [STDOUT]: [STALLWATCH]     at java.base@17.0.12/java.util.concurrent.ForkJoinWorkerThread.run(ForkJoinWorkerThread.java:165)
[21:01:47] [coreswap-stallwatch/INFO] (Minecraft) [STDOUT]: [STALLWATCH] "Worker-Main-5" id=68 state=RUNNABLE daemon=true
[21:01:47] [coreswap-stallwatch/INFO] (Minecraft) [STDOUT]: [STALLWATCH]     at java.base@17.0.12/jdk.internal.misc.Unsafe.park(Native Method)
[21:01:47] [coreswap-stallwatch/INFO] (Minecraft) [STDOUT]: [STALLWATCH]     at java.base@17.0.12/java.util.concurrent.locks.LockSupport.park(LockSupport.java:341)
[21:01:47] [coreswap-stallwatch/INFO] (Minecraft) [STDOUT]: [STALLWATCH]     at java.base@17.0.12/java.util.concurrent.ForkJoinPool.awaitWork(ForkJoinPool.java:1724)
[21:01:47] [coreswap-stallwatch/INFO] (Minecraft) [STDOUT]: [STALLWATCH]     at java.base@17.0.12/java.util.concurrent.ForkJoinPool.runWorker(ForkJoinPool.java:1623)
[21:01:47] [coreswap-stallwatch/INFO] (Minecraft) [STDOUT]: [STALLWATCH]     at java.base@17.0.12/java.util.concurrent.ForkJoinWorkerThread.run(ForkJoinWorkerThread.java:165)
[21:01:47] [coreswap-stallwatch/INFO] (Minecraft) [STDOUT]: [STALLWATCH] "Worker-Main-15" id=78 state=WAITING daemon=true
[21:01:47] [coreswap-stallwatch/INFO] (Minecraft) [STDOUT]: [STALLWATCH]     at java.base@17.0.12/jdk.internal.misc.Unsafe.park(Native Method)
[21:01:47] [coreswap-stallwatch/INFO] (Minecraft) [STDOUT]: [STALLWATCH]     at java.base@17.0.12/java.util.concurrent.locks.LockSupport.park(LockSupport.java:341)
[21:01:47] [coreswap-stallwatch/INFO] (Minecraft) [STDOUT]: [STALLWATCH]     at java.base@17.0.12/java.util.concurrent.ForkJoinPool.awaitWork(ForkJoinPool.java:1724)
[21:01:47] [coreswap-stallwatch/INFO] (Minecraft) [STDOUT]: [STALLWATCH]     at java.base@17.0.12/java.util.concurrent.ForkJoinPool.runWorker(ForkJoinPool.java:1623)
[21:01:47] [coreswap-stallwatch/INFO] (Minecraft) [STDOUT]: [STALLWATCH]     at java.base@17.0.12/java.util.concurrent.ForkJoinWorkerThread.run(ForkJoinWorkerThread.java:165)
[21:01:47] [coreswap-stallwatch/INFO] (Minecraft) [STDOUT]: [STALLWATCH] "Common-Cleaner" id=22 state=TIMED_WAITING daemon=true
[21:01:47] [coreswap-stallwatch/INFO] (Minecraft) [STDOUT]: [STALLWATCH]     at java.base@17.0.12/java.lang.Object.wait(Native Method)
[21:01:47] [coreswap-stallwatch/INFO] (Minecraft) [STDOUT]: [STALLWATCH]     at java.base@17.0.12/java.lang.ref.ReferenceQueue.remove(ReferenceQueue.java:155)
[21:01:47] [coreswap-stallwatch/INFO] (Minecraft) [STDOUT]: [STALLWATCH]     at java.base@17.0.12/jdk.internal.ref.CleanerImpl.run(CleanerImpl.java:140)
[21:01:47] [coreswap-stallwatch/INFO] (Minecraft) [STDOUT]: [STALLWATCH]     at java.base@17.0.12/java.lang.Thread.run(Thread.java:842)
[21:01:47] [coreswap-stallwatch/INFO] (Minecraft) [STDOUT]: [STALLWATCH]     at java.base@17.0.12/jdk.internal.misc.InnocuousThread.run(InnocuousThread.java:162)
[21:01:47] [coreswap-stallwatch/INFO] (Minecraft) [STDOUT]: [STALLWATCH] "coreswap-stallwatch" id=99 state=RUNNABLE daemon=true
[21:01:47] [coreswap-stallwatch/INFO] (Minecraft) [STDOUT]: [STALLWATCH]     at java.base@17.0.12/java.lang.Thread.dumpThreads(Native Method)
[21:01:47] [coreswap-stallwatch/INFO] (Minecraft) [STDOUT]: [STALLWATCH]     at java.base@17.0.12/java.lang.Thread.getAllStackTraces(Thread.java:1673)
[21:01:47] [coreswap-stallwatch/INFO] (Minecraft) [STDOUT]: [STALLWATCH]     at wg.bench.StallWatch.lambda$start$0(StallWatch.java:41)
[21:01:47] [coreswap-stallwatch/INFO] (Minecraft) [STDOUT]: [STALLWATCH]     at wg.bench.StallWatch$$Lambda$5847/0x000001fc99c2dad8.run(Unknown Source)
[21:01:47] [coreswap-stallwatch/INFO] (Minecraft) [STDOUT]: [STALLWATCH]     at java.base@17.0.12/java.lang.Thread.run(Thread.java:842)
[21:01:47] [coreswap-stallwatch/INFO] (Minecraft) [STDOUT]: [STALLWATCH] "Worker-Main-14" id=77 state=WAITING daemon=true
[21:01:47] [coreswap-stallwatch/INFO] (Minecraft) [STDOUT]: [STALLWATCH]     at java.base@17.0.12/jdk.internal.misc.Unsafe.park(Native Method)
[21:01:47] [coreswap-stallwatch/INFO] (Minecraft) [STDOUT]: [STALLWATCH]     at java.base@17.0.12/java.util.concurrent.locks.LockSupport.park(LockSupport.java:341)
[21:01:47] [coreswap-stallwatch/INFO] (Minecraft) [STDOUT]: [STALLWATCH]     at java.base@17.0.12/java.util.concurrent.ForkJoinPool.awaitWork(ForkJoinPool.java:1724)
[21:01:47] [coreswap-stallwatch/INFO] (Minecraft) [STDOUT]: [STALLWATCH]     at java.base@17.0.12/java.util.concurrent.ForkJoinPool.runWorker(ForkJoinPool.java:1623)
[21:01:47] [coreswap-stallwatch/INFO] (Minecraft) [STDOUT]: [STALLWATCH]     at java.base@17.0.12/java.util.concurrent.ForkJoinWorkerThread.run(ForkJoinWorkerThread.java:165)
[21:01:47] [coreswap-stallwatch/INFO] (Minecraft) [STDOUT]: [STALLWATCH] "DestroyJavaVM" id=89 state=RUNNABLE daemon=false
[21:01:47] [coreswap-stallwatch/INFO] (Minecraft) [STDOUT]: [STALLWATCH] "IO-Worker-24" id=92 state=TIMED_WAITING daemon=false
[21:01:47] [coreswap-stallwatch/INFO] (Minecraft) [STDOUT]: [STALLWATCH]     at java.base@17.0.12/jdk.internal.misc.Unsafe.park(Native Method)
[21:01:47] [coreswap-stallwatch/INFO] (Minecraft) [STDOUT]: [STALLWATCH]     at java.base@17.0.12/java.util.concurrent.locks.LockSupport.parkNanos(LockSupport.java:252)
[21:01:47] [coreswap-stallwatch/INFO] (Minecraft) [STDOUT]: [STALLWATCH]     at java.base@17.0.12/java.util.concurrent.SynchronousQueue$TransferStack.transfer(SynchronousQueue.java:401)
[21:01:47] [coreswap-stallwatch/INFO] (Minecraft) [STDOUT]: [STALLWATCH]     at java.base@17.0.12/java.util.concurrent.SynchronousQueue.poll(SynchronousQueue.java:903)
[21:01:47] [coreswap-stallwatch/INFO] (Minecraft) [STDOUT]: [STALLWATCH]     at java.base@17.0.12/java.util.concurrent.ThreadPoolExecutor.getTask(ThreadPoolExecutor.java:1061)
[21:01:47] [coreswap-stallwatch/INFO] (Minecraft) [STDOUT]: [STALLWATCH]     at java.base@17.0.12/java.util.concurrent.ThreadPoolExecutor.runWorker(ThreadPoolExecutor.java:1122)
[21:01:47] [coreswap-stallwatch/INFO] (Minecraft) [STDOUT]: [STALLWATCH]     at java.base@17.0.12/java.util.concurrent.ThreadPoolExecutor$Worker.run(ThreadPoolExecutor.java:635)
[21:01:47] [coreswap-stallwatch/INFO] (Minecraft) [STDOUT]: [STALLWATCH]     at java.base@17.0.12/java.lang.Thread.run(Thread.java:842)
[21:01:47] [coreswap-stallwatch/INFO] (Minecraft) [STDOUT]: [STALLWATCH] "Thread-8" id=101 state=TIMED_WAITING daemon=true
[21:01:47] [coreswap-stallwatch/INFO] (Minecraft) [STDOUT]: [STALLWATCH]     at java.base@17.0.12/jdk.internal.misc.Unsafe.park(Native Method)
[21:01:47] [coreswap-stallwatch/INFO] (Minecraft) [STDOUT]: [STALLWATCH]     at java.base@17.0.12/java.util.concurrent.locks.LockSupport.parkNanos(LockSupport.java:252)
[21:01:47] [coreswap-stallwatch/INFO] (Minecraft) [STDOUT]: [STALLWATCH]     at java.base@17.0.12/java.util.concurrent.SynchronousQueue$TransferStack.transfer(SynchronousQueue.java:401)
[21:01:47] [coreswap-stallwatch/INFO] (Minecraft) [STDOUT]: [STALLWATCH]     at java.base@17.0.12/java.util.concurrent.SynchronousQueue.poll(SynchronousQueue.java:903)
[21:01:47] [coreswap-stallwatch/INFO] (Minecraft) [STDOUT]: [STALLWATCH]     at java.base@17.0.12/java.util.concurrent.ThreadPoolExecutor.getTask(ThreadPoolExecutor.java:1061)
[21:01:47] [coreswap-stallwatch/INFO] (Minecraft) [STDOUT]: [STALLWATCH]     at java.base@17.0.12/java.util.concurrent.ThreadPoolExecutor.runWorker(ThreadPoolExecutor.java:1122)
[21:01:47] [coreswap-stallwatch/INFO] (Minecraft) [STDOUT]: [STALLWATCH]     at java.base@17.0.12/java.util.concurrent.ThreadPoolExecutor$Worker.run(ThreadPoolExecutor.java:635)
[21:01:47] [coreswap-stallwatch/INFO] (Minecraft) [STDOUT]: [STALLWATCH]     at java.base@17.0.12/java.lang.Thread.run(Thread.java:842)
[21:01:47] [coreswap-stallwatch/INFO] (Minecraft) [STDOUT]: [STALLWATCH] "Server thread" id=87 state=TIMED_WAITING daemon=false
[21:01:47] [coreswap-stallwatch/INFO] (Minecraft) [STDOUT]: [STALLWATCH]     at java.base@17.0.12/jdk.internal.misc.Unsafe.park(Native Method)
[21:01:47] [coreswap-stallwatch/INFO] (Minecraft) [STDOUT]: [STALLWATCH]     at java.base@17.0.12/java.util.concurrent.locks.LockSupport.parkNanos(LockSupport.java:252)
[21:01:47] [coreswap-stallwatch/INFO] (Minecraft) [STDOUT]: [STALLWATCH]     at net.minecraft.util.thread.ThreadExecutor.waitForTasks(ThreadExecutor.java:133)
[21:01:47] [coreswap-stallwatch/INFO] (Minecraft) [STDOUT]: [STALLWATCH]     at net.minecraft.util.thread.ThreadExecutor.runTasks(ThreadExecutor.java:123)
[21:01:47] [coreswap-stallwatch/INFO] (Minecraft) [STDOUT]: [STALLWATCH]     at net.minecraft.server.MinecraftServer.runTasksTillTickEnd(MinecraftServer.java:788)
[21:01:47] [coreswap-stallwatch/INFO] (Minecraft) [STDOUT]: [STALLWATCH]     at net.minecraft.server.MinecraftServer.runServer(MinecraftServer.java:726)
[21:01:47] [coreswap-stallwatch/INFO] (Minecraft) [STDOUT]: [STALLWATCH]     at net.minecraft.server.MinecraftServer.method_29739(MinecraftServer.java:267)
[21:01:47] [coreswap-stallwatch/INFO] (Minecraft) [STDOUT]: [STALLWATCH]     at net.minecraft.server.MinecraftServer$$Lambda$5103/0x000001fc99ad8928.run(Unknown Source)
[21:01:47] [coreswap-stallwatch/INFO] (Minecraft) [STDOUT]: [STALLWATCH]     at java.base@17.0.12/java.lang.Thread.run(Thread.java:842)
[21:01:47] [coreswap-stallwatch/INFO] (Minecraft) [STDOUT]: [STALLWATCH] "Attach Listener" id=5 state=RUNNABLE daemon=true
[21:01:47] [coreswap-stallwatch/INFO] (Minecraft) [STDOUT]: [STALLWATCH] "Worker-Main-2" id=65 state=WAITING daemon=true
[21:01:47] [coreswap-stallwatch/INFO] (Minecraft) [STDOUT]: [STALLWATCH]     at java.base@17.0.12/jdk.internal.misc.Unsafe.park(Native Method)
[21:01:47] [coreswap-stallwatch/INFO] (Minecraft) [STDOUT]: [STALLWATCH]     at java.base@17.0.12/java.util.concurrent.locks.LockSupport.park(LockSupport.java:341)
[21:01:47] [coreswap-stallwatch/INFO] (Minecraft) [STDOUT]: [STALLWATCH]     at java.base@17.0.12/java.util.concurrent.ForkJoinPool.awaitWork(ForkJoinPool.java:1724)
[21:01:47] [coreswap-stallwatch/INFO] (Minecraft) [STDOUT]: [STALLWATCH]     at java.base@17.0.12/java.util.concurrent.ForkJoinPool.runWorker(ForkJoinPool.java:1623)
[21:01:47] [coreswap-stallwatch/INFO] (Minecraft) [STDOUT]: [STALLWATCH]     at java.base@17.0.12/java.util.concurrent.ForkJoinWorkerThread.run(ForkJoinWorkerThread.java:165)
[21:01:47] [coreswap-stallwatch/INFO] (Minecraft) [STDOUT]: [STALLWATCH] "Worker-Main-19" id=82 state=WAITING daemon=true
[21:01:47] [coreswap-stallwatch/INFO] (Minecraft) [STDOUT]: [STALLWATCH]     at java.base@17.0.12/jdk.internal.misc.Unsafe.park(Native Method)
[21:01:47] [coreswap-stallwatch/INFO] (Minecraft) [STDOUT]: [STALLWATCH]     at java.base@17.0.12/java.util.concurrent.locks.LockSupport.park(LockSupport.java:341)
[21:01:47] [coreswap-stallwatch/INFO] (Minecraft) [STDOUT]: [STALLWATCH]     at java.base@17.0.12/java.util.concurrent.ForkJoinPool.awaitWork(ForkJoinPool.java:1724)
[21:01:47] [coreswap-stallwatch/INFO] (Minecraft) [STDOUT]: [STALLWATCH]     at java.base@17.0.12/java.util.concurrent.ForkJoinPool.runWorker(ForkJoinPool.java:1623)
[21:01:47] [coreswap-stallwatch/INFO] (Minecraft) [STDOUT]: [STALLWATCH]     at java.base@17.0.12/java.util.concurrent.ForkJoinWorkerThread.run(ForkJoinWorkerThread.java:165)
[21:01:47] [coreswap-stallwatch/INFO] (Minecraft) [STDOUT]: [STALLWATCH] "Worker-Main-1" id=64 state=WAITING daemon=true
[21:01:47] [coreswap-stallwatch/INFO] (Minecraft) [STDOUT]: [STALLWATCH]     at java.base@17.0.12/jdk.internal.misc.Unsafe.park(Native Method)
[21:01:47] [coreswap-stallwatch/INFO] (Minecraft) [STDOUT]: [STALLWATCH]     at java.base@17.0.12/java.util.concurrent.locks.LockSupport.park(LockSupport.java:341)
[21:01:47] [coreswap-stallwatch/INFO] (Minecraft) [STDOUT]: [STALLWATCH]     at java.base@17.0.12/java.util.concurrent.ForkJoinPool.awaitWork(ForkJoinPool.java:1724)
[21:01:47] [coreswap-stallwatch/INFO] (Minecraft) [STDOUT]: [STALLWATCH]     at java.base@17.0.12/java.util.concurrent.ForkJoinPool.runWorker(ForkJoinPool.java:1623)
[21:01:47] [coreswap-stallwatch/INFO] (Minecraft) [STDOUT]: [STALLWATCH]     at java.base@17.0.12/java.util.concurrent.ForkJoinWorkerThread.run(ForkJoinWorkerThread.java:165)
[21:01:47] [coreswap-stallwatch/INFO] (Minecraft) [STDOUT]: [STALLWATCH] "Signal Dispatcher" id=4 state=RUNNABLE daemon=true
[21:01:47] [coreswap-stallwatch/INFO] (Minecraft) [STDOUT]: [STALLWATCH] "Timer hack thread" id=60 state=TIMED_WAITING daemon=true
[21:01:47] [coreswap-stallwatch/INFO] (Minecraft) [STDOUT]: [STALLWATCH]     at java.base@17.0.12/java.lang.Thread.sleep(Native Method)
[21:01:47] [coreswap-stallwatch/INFO] (Minecraft) [STDOUT]: [STALLWATCH]     at net.minecraft.util.Util$9.run(Util.java:863)
[21:01:47] [coreswap-stallwatch/INFO] (Minecraft) [STDOUT]: [STALLWATCH] "Worker-Main-4" id=67 state=WAITING daemon=true
[21:01:47] [coreswap-stallwatch/INFO] (Minecraft) [STDOUT]: [STALLWATCH]     at java.base@17.0.12/jdk.internal.misc.Unsafe.park(Native Method)
[21:01:47] [coreswap-stallwatch/INFO] (Minecraft) [STDOUT]: [STALLWATCH]     at java.base@17.0.12/java.util.concurrent.locks.LockSupport.park(LockSupport.java:341)
[21:01:47] [coreswap-stallwatch/INFO] (Minecraft) [STDOUT]: [STALLWATCH]     at java.base@17.0.12/java.util.concurrent.ForkJoinPool.awaitWork(ForkJoinPool.java:1724)
[21:01:47] [coreswap-stallwatch/INFO] (Minecraft) [STDOUT]: [STALLWATCH]     at java.base@17.0.12/java.util.concurrent.ForkJoinPool.runWorker(ForkJoinPool.java:1623)
[21:01:47] [coreswap-stallwatch/INFO] (Minecraft) [STDOUT]: [STALLWATCH]     at java.base@17.0.12/java.util.concurrent.ForkJoinWorkerThread.run(ForkJoinWorkerThread.java:165)
[21:01:47] [coreswap-stallwatch/INFO] (Minecraft) [STDOUT]: [STALLWATCH] "Worker-Main-18" id=81 state=WAITING daemon=true
[21:01:47] [coreswap-stallwatch/INFO] (Minecraft) [STDOUT]: [STALLWATCH]     at net.minecraft.world.chunk.PalettedContainer.get(PalettedContainer.java:186)
[21:01:47] [coreswap-stallwatch/INFO] (Minecraft) [STDOUT]: [STALLWATCH]     at net.minecraft.world.chunk.PalettedContainer.get(PalettedContainer.java:181)
[21:01:47] [coreswap-stallwatch/INFO] (Minecraft) [STDOUT]: [STALLWATCH]     at net.minecraft.world.chunk.ChunkSection.getBlockState(ChunkSection.java:41)
[21:01:47] [coreswap-stallwatch/INFO] (Minecraft) [STDOUT]: [STALLWATCH]     at net.minecraft.world.chunk.ProtoChunk.getBlockState(ProtoChunk.java:91)
[21:01:47] [coreswap-stallwatch/INFO] (Minecraft) [STDOUT]: [STALLWATCH]     at net.minecraft.world.Heightmap.populateHeightmaps(Heightmap.java:52)
[21:01:47] [coreswap-stallwatch/INFO] (Minecraft) [STDOUT]: [STALLWATCH]     at wg.bench.CppBridge.writeChunk(CppBridge.java:525)
[21:01:47] [coreswap-stallwatch/INFO] (Minecraft) [STDOUT]: [STALLWATCH]     at wg.bench.CppBridge.fillChunk(CppBridge.java:394)
[21:01:47] [coreswap-stallwatch/INFO] (Minecraft) [STDOUT]: [STALLWATCH]     at net.minecraft.world.gen.chunk.NoiseChunkGenerator.md24f970$coreswap$lambda$wgPopulateNoise$1$2(NoiseChunkGenerator.java:671)
[21:01:47] [coreswap-stallwatch/INFO] (Minecraft) [STDOUT]: [STALLWATCH]     at net.minecraft.world.gen.chunk.NoiseChunkGenerator$$Lambda$6051/0x000001fc99c81760.get(Unknown Source)
[21:01:47] [coreswap-stallwatch/INFO] (Minecraft) [STDOUT]: [STALLWATCH]     at net.minecraft.world.gen.chunk.NoiseChunkGenerator.wgDispatch(NoiseChunkGenerator.java:610)
[21:01:47] [coreswap-stallwatch/INFO] (Minecraft) [STDOUT]: [STALLWATCH]     at net.minecraft.world.gen.chunk.NoiseChunkGenerator.handler$zdj000$coreswap$wgPopulateNoise(NoiseChunkGenerator.java:687)
[21:01:47] [coreswap-stallwatch/INFO] (Minecraft) [STDOUT]: [STALLWATCH]     at net.minecraft.world.gen.chunk.NoiseChunkGenerator.populateNoise(NoiseChunkGenerator.java)
[21:01:47] [coreswap-stallwatch/INFO] (Minecraft) [STDOUT]: [STALLWATCH]     at net.minecraft.world.chunk.ChunkStatus.method_38284(ChunkStatus.java:96)
[21:01:47] [coreswap-stallwatch/INFO] (Minecraft) [STDOUT]: [STALLWATCH]     at net.minecraft.world.chunk.ChunkStatus$$Lambda$1750/0x000001fc996e7300.doWork(Unknown Source)
[21:01:47] [coreswap-stallwatch/INFO] (Minecraft) [STDOUT]: [STALLWATCH]     at net.minecraft.world.chunk.ChunkStatus.runGenerationTask(ChunkStatus.java:357)
[21:01:47] [coreswap-stallwatch/INFO] (Minecraft) [STDOUT]: [STALLWATCH]     at net.minecraft.server.world.ThreadedAnvilChunkStorage.method_17225(ThreadedAnvilChunkStorage.java:656)
[21:01:47] [coreswap-stallwatch/INFO] (Minecraft) [STDOUT]: [STALLWATCH]     at net.minecraft.server.world.ThreadedAnvilChunkStorage$$Lambda$5350/0x000001fc99ba5ce8.apply(Unknown Source)
[21:01:47] [coreswap-stallwatch/INFO] (Minecraft) [STDOUT]: [STALLWATCH]     at com.mojang.datafixers.util.Either$Left.map(Either.java:38)
[21:01:47] [coreswap-stallwatch/INFO] (Minecraft) [STDOUT]: [STALLWATCH]     at net.minecraft.server.world.ThreadedAnvilChunkStorage.method_17224(ThreadedAnvilChunkStorage.java:645)
[21:01:47] [coreswap-stallwatch/INFO] (Minecraft) [STDOUT]: [STALLWATCH]     at net.minecraft.server.world.ThreadedAnvilChunkStorage$$Lambda$5306/0x000001fc99b936f8.apply(Unknown Source)
[21:01:47] [coreswap-stallwatch/INFO] (Minecraft) [STDOUT]: [STALLWATCH]     at java.base@17.0.12/java.util.concurrent.CompletableFuture$UniCompose.tryFire(CompletableFuture.java:1150)
[21:01:47] [coreswap-stallwatch/INFO] (Minecraft) [STDOUT]: [STALLWATCH]     at java.base@17.0.12/java.util.concurrent.CompletableFuture$Completion.run(CompletableFuture.java:482)
[21:01:47] [coreswap-stallwatch/INFO] (Minecraft) [STDOUT]: [STALLWATCH]     at net.minecraft.server.world.ChunkTaskPrioritySystem.method_17634(ChunkTaskPrioritySystem.java:49)
[21:01:47] [coreswap-stallwatch/INFO] (Minecraft) [STDOUT]: [STALLWATCH]     at net.minecraft.server.world.ChunkTaskPrioritySystem$$Lambda$5349/0x000001fc99ba5ac8.run(Unknown Source)
[21:01:47] [coreswap-stallwatch/INFO] (Minecraft) [STDOUT]: [STALLWATCH]     at net.minecraft.util.thread.TaskExecutor.runNext(TaskExecutor.java:79)
[21:01:47] [coreswap-stallwatch/INFO] (Minecraft) [STDOUT]: [STALLWATCH]     at net.minecraft.util.thread.TaskExecutor.runWhile(TaskExecutor.java:129)
[21:01:47] [coreswap-stallwatch/INFO] (Minecraft) [STDOUT]: [STALLWATCH]     at net.minecraft.util.thread.TaskExecutor.run(TaskExecutor.java:87)
[21:01:47] [coreswap-stallwatch/INFO] (Minecraft) [STDOUT]: [STALLWATCH]     at java.base@17.0.12/java.util.concurrent.ForkJoinTask$RunnableExecuteAction.exec(ForkJoinTask.java:1395)
[21:01:47] [coreswap-stallwatch/INFO] (Minecraft) [STDOUT]: [STALLWATCH]     at java.base@17.0.12/java.util.concurrent.ForkJoinTask.doExec(ForkJoinTask.java:373)
[21:01:47] [coreswap-stallwatch/INFO] (Minecraft) [STDOUT]: [STALLWATCH]     at java.base@17.0.12/java.util.concurrent.ForkJoinPool$WorkQueue.topLevelExec(ForkJoinPool.java:1182)
[21:01:47] [coreswap-stallwatch/INFO] (Minecraft) [STDOUT]: [STALLWATCH]     at java.base@17.0.12/java.util.concurrent.ForkJoinPool.scan(ForkJoinPool.java:1655)
[21:01:47] [coreswap-stallwatch/INFO] (Minecraft) [STDOUT]: [STALLWATCH]     at java.base@17.0.12/java.util.concurrent.ForkJoinPool.runWorker(ForkJoinPool.java:1622)
[21:01:47] [coreswap-stallwatch/INFO] (Minecraft) [STDOUT]: [STALLWATCH]     at java.base@17.0.12/java.util.concurrent.ForkJoinWorkerThread.run(ForkJoinWorkerThread.java:165)
[21:01:47] [coreswap-stallwatch/INFO] (Minecraft) [STDOUT]: [STALLWATCH] "Worker-Main-3" id=66 state=WAITING daemon=true
[21:01:47] [coreswap-stallwatch/INFO] (Minecraft) [STDOUT]: [STALLWATCH]     at java.base@17.0.12/jdk.internal.misc.Unsafe.park(Native Method)
[21:01:47] [coreswap-stallwatch/INFO] (Minecraft) [STDOUT]: [STALLWATCH]     at java.base@17.0.12/java.util.concurrent.locks.LockSupport.park(LockSupport.java:341)
[21:01:47] [coreswap-stallwatch/INFO] (Minecraft) [STDOUT]: [STALLWATCH]     at java.base@17.0.12/java.util.concurrent.ForkJoinPool.awaitWork(ForkJoinPool.java:1724)
[21:01:47] [coreswap-stallwatch/INFO] (Minecraft) [STDOUT]: [STALLWATCH]     at java.base@17.0.12/java.util.concurrent.ForkJoinPool.runWorker(ForkJoinPool.java:1623)
[21:01:47] [coreswap-stallwatch/INFO] (Minecraft) [STDOUT]: [STALLWATCH]     at java.base@17.0.12/java.util.concurrent.ForkJoinWorkerThread.run(ForkJoinWorkerThread.java:165)
[21:01:47] [coreswap-stallwatch/INFO] (Minecraft) [STDOUT]: [STALLWATCH] "Worker-Main-20" id=83 state=WAITING daemon=true
[21:01:47] [coreswap-stallwatch/INFO] (Minecraft) [STDOUT]: [STALLWATCH]     at java.base@17.0.12/jdk.internal.misc.Unsafe.park(Native Method)
[21:01:47] [coreswap-stallwatch/INFO] (Minecraft) [STDOUT]: [STALLWATCH]     at java.base@17.0.12/java.util.concurrent.locks.LockSupport.park(LockSupport.java:341)
[21:01:47] [coreswap-stallwatch/INFO] (Minecraft) [STDOUT]: [STALLWATCH]     at java.base@17.0.12/java.util.concurrent.ForkJoinPool.awaitWork(ForkJoinPool.java:1724)
[21:01:47] [coreswap-stallwatch/INFO] (Minecraft) [STDOUT]: [STALLWATCH]     at java.base@17.0.12/java.util.concurrent.ForkJoinPool.runWorker(ForkJoinPool.java:1623)
[21:01:47] [coreswap-stallwatch/INFO] (Minecraft) [STDOUT]: [STALLWATCH]     at java.base@17.0.12/java.util.concurrent.ForkJoinWorkerThread.run(ForkJoinWorkerThread.java:165)
[21:01:47] [coreswap-stallwatch/INFO] (Minecraft) [STDOUT]: [STALLWATCH] "Worker-Main-10" id=73 state=WAITING daemon=true
[21:01:47] [coreswap-stallwatch/INFO] (Minecraft) [STDOUT]: [STALLWATCH]     at java.base@17.0.12/jdk.internal.misc.Unsafe.park(Native Method)
[21:01:47] [coreswap-stallwatch/INFO] (Minecraft) [STDOUT]: [STALLWATCH]     at java.base@17.0.12/java.util.concurrent.locks.LockSupport.park(LockSupport.java:341)
[21:01:47] [coreswap-stallwatch/INFO] (Minecraft) [STDOUT]: [STALLWATCH]     at java.base@17.0.12/java.util.concurrent.ForkJoinPool.awaitWork(ForkJoinPool.java:1724)
[21:01:47] [coreswap-stallwatch/INFO] (Minecraft) [STDOUT]: [STALLWATCH]     at java.base@17.0.12/java.util.concurrent.ForkJoinPool.runWorker(ForkJoinPool.java:1623)
[21:01:47] [coreswap-stallwatch/INFO] (Minecraft) [STDOUT]: [STALLWATCH]     at java.base@17.0.12/java.util.concurrent.ForkJoinWorkerThread.run(ForkJoinWorkerThread.java:165)
[21:01:47] [coreswap-stallwatch/INFO] (Minecraft) [STDOUT]: [STALLWATCH] "Finalizer" id=3 state=WAITING daemon=true
[21:01:47] [coreswap-stallwatch/INFO] (Minecraft) [STDOUT]: [STALLWATCH]     at java.base@17.0.12/java.lang.Object.wait(Native Method)
[21:01:47] [coreswap-stallwatch/INFO] (Minecraft) [STDOUT]: [STALLWATCH]     at java.base@17.0.12/java.lang.ref.ReferenceQueue.remove(ReferenceQueue.java:155)
[21:01:47] [coreswap-stallwatch/INFO] (Minecraft) [STDOUT]: [STALLWATCH]     at java.base@17.0.12/java.lang.ref.ReferenceQueue.remove(ReferenceQueue.java:176)
[21:01:47] [coreswap-stallwatch/INFO] (Minecraft) [STDOUT]: [STALLWATCH]     at java.base@17.0.12/java.lang.ref.Finalizer$FinalizerThread.run(Finalizer.java:172)
[21:01:47] [coreswap-stallwatch/INFO] (Minecraft) [STDOUT]: [STALLWATCH] "Worker-Main-22" id=85 state=WAITING daemon=true
[21:01:47] [coreswap-stallwatch/INFO] (Minecraft) [STDOUT]: [STALLWATCH]     at java.base@17.0.12/jdk.internal.misc.Unsafe.park(Native Method)
[21:01:47] [coreswap-stallwatch/INFO] (Minecraft) [STDOUT]: [STALLWATCH]     at java.base@17.0.12/java.util.concurrent.locks.LockSupport.park(LockSupport.java:341)
[21:01:47] [coreswap-stallwatch/INFO] (Minecraft) [STDOUT]: [STALLWATCH]     at java.base@17.0.12/java.util.concurrent.ForkJoinPool.awaitWork(ForkJoinPool.java:1724)
[21:01:47] [coreswap-stallwatch/INFO] (Minecraft) [STDOUT]: [STALLWATCH]     at java.base@17.0.12/java.util.concurrent.ForkJoinPool.runWorker(ForkJoinPool.java:1623)
[21:01:47] [coreswap-stallwatch/INFO] (Minecraft) [STDOUT]: [STALLWATCH]     at java.base@17.0.12/java.util.concurrent.ForkJoinWorkerThread.run(ForkJoinWorkerThread.java:165)
[21:01:47] [coreswap-stallwatch/INFO] (Minecraft) [STDOUT]: [STALLWATCH] "IO-Worker-26" id=94 state=TIMED_WAITING daemon=false
[21:01:47] [coreswap-stallwatch/INFO] (Minecraft) [STDOUT]: [STALLWATCH]     at java.base@17.0.12/jdk.internal.misc.Unsafe.park(Native Method)
[21:01:47] [coreswap-stallwatch/INFO] (Minecraft) [STDOUT]: [STALLWATCH]     at java.base@17.0.12/java.util.concurrent.locks.LockSupport.parkNanos(LockSupport.java:252)
[21:01:47] [coreswap-stallwatch/INFO] (Minecraft) [STDOUT]: [STALLWATCH]     at java.base@17.0.12/java.util.concurrent.SynchronousQueue$TransferStack.transfer(SynchronousQueue.java:401)
[21:01:47] [coreswap-stallwatch/INFO] (Minecraft) [STDOUT]: [STALLWATCH]     at java.base@17.0.12/java.util.concurrent.SynchronousQueue.poll(SynchronousQueue.java:903)
[21:01:47] [coreswap-stallwatch/INFO] (Minecraft) [STDOUT]: [STALLWATCH]     at java.base@17.0.12/java.util.concurrent.ThreadPoolExecutor.getTask(ThreadPoolExecutor.java:1061)
[21:01:47] [coreswap-stallwatch/INFO] (Minecraft) [STDOUT]: [STALLWATCH]     at java.base@17.0.12/java.util.concurrent.ThreadPoolExecutor.runWorker(ThreadPoolExecutor.java:1122)
[21:01:47] [coreswap-stallwatch/INFO] (Minecraft) [STDOUT]: [STALLWATCH]     at java.base@17.0.12/java.util.concurrent.ThreadPoolExecutor$Worker.run(ThreadPoolExecutor.java:635)
[21:01:47] [coreswap-stallwatch/INFO] (Minecraft) [STDOUT]: [STALLWATCH]     at java.base@17.0.12/java.lang.Thread.run(Thread.java:842)
[21:01:47] [coreswap-stallwatch/INFO] (Minecraft) [STDOUT]: [STALLWATCH] "IO-Worker-28" id=96 state=TIMED_WAITING daemon=false
[21:01:47] [coreswap-stallwatch/INFO] (Minecraft) [STDOUT]: [STALLWATCH]     at java.base@17.0.12/jdk.internal.misc.Unsafe.park(Native Method)
[21:01:47] [coreswap-stallwatch/INFO] (Minecraft) [STDOUT]: [STALLWATCH]     at java.base@17.0.12/java.util.concurrent.locks.LockSupport.parkNanos(LockSupport.java:252)
[21:01:47] [coreswap-stallwatch/INFO] (Minecraft) [STDOUT]: [STALLWATCH]     at java.base@17.0.12/java.util.concurrent.SynchronousQueue$TransferStack.transfer(SynchronousQueue.java:401)
[21:01:47] [coreswap-stallwatch/INFO] (Minecraft) [STDOUT]: [STALLWATCH]     at java.base@17.0.12/java.util.concurrent.SynchronousQueue.poll(SynchronousQueue.java:903)
[21:01:47] [coreswap-stallwatch/INFO] (Minecraft) [STDOUT]: [STALLWATCH]     at java.base@17.0.12/java.util.concurrent.ThreadPoolExecutor.getTask(ThreadPoolExecutor.java:1061)
[21:01:47] [coreswap-stallwatch/INFO] (Minecraft) [STDOUT]: [STALLWATCH]     at java.base@17.0.12/java.util.concurrent.ThreadPoolExecutor.runWorker(ThreadPoolExecutor.java:1122)
[21:01:47] [coreswap-stallwatch/INFO] (Minecraft) [STDOUT]: [STALLWATCH]     at java.base@17.0.12/java.util.concurrent.ThreadPoolExecutor$Worker.run(ThreadPoolExecutor.java:635)
[21:01:47] [coreswap-stallwatch/INFO] (Minecraft) [STDOUT]: [STALLWATCH]     at java.base@17.0.12/java.lang.Thread.run(Thread.java:842)
[21:01:47] [coreswap-stallwatch/INFO] (Minecraft) [STDOUT]: [STALLWATCH] "Thread-7" id=100 state=TIMED_WAITING daemon=true
[21:01:47] [coreswap-stallwatch/INFO] (Minecraft) [STDOUT]: [STALLWATCH]     at java.base@17.0.12/jdk.internal.misc.Unsafe.park(Native Method)
[21:01:47] [coreswap-stallwatch/INFO] (Minecraft) [STDOUT]: [STALLWATCH]     at java.base@17.0.12/java.util.concurrent.locks.LockSupport.parkNanos(LockSupport.java:252)
[21:01:47] [coreswap-stallwatch/INFO] (Minecraft) [STDOUT]: [STALLWATCH]     at java.base@17.0.12/java.util.concurrent.SynchronousQueue$TransferStack.transfer(SynchronousQueue.java:401)
[21:01:47] [coreswap-stallwatch/INFO] (Minecraft) [STDOUT]: [STALLWATCH]     at java.base@17.0.12/java.util.concurrent.SynchronousQueue.poll(SynchronousQueue.java:903)
[21:01:47] [coreswap-stallwatch/INFO] (Minecraft) [STDOUT]: [STALLWATCH]     at java.base@17.0.12/java.util.concurrent.ThreadPoolExecutor.getTask(ThreadPoolExecutor.java:1061)
[21:01:47] [coreswap-stallwatch/INFO] (Minecraft) [STDOUT]: [STALLWATCH]     at java.base@17.0.12/java.util.concurrent.ThreadPoolExecutor.runWorker(ThreadPoolExecutor.java:1122)
[21:01:47] [coreswap-stallwatch/INFO] (Minecraft) [STDOUT]: [STALLWATCH]     at java.base@17.0.12/java.util.concurrent.ThreadPoolExecutor$Worker.run(ThreadPoolExecutor.java:635)
[21:01:47] [coreswap-stallwatch/INFO] (Minecraft) [STDOUT]: [STALLWATCH]     at java.base@17.0.12/java.lang.Thread.run(Thread.java:842)
[21:01:47] [coreswap-stallwatch/INFO] (Minecraft) [STDOUT]: [STALLWATCH] "Worker-Main-17" id=80 state=WAITING daemon=true
[21:01:47] [coreswap-stallwatch/INFO] (Minecraft) [STDOUT]: [STALLWATCH]     at java.base@17.0.12/jdk.internal.misc.Unsafe.park(Native Method)
[21:01:47] [coreswap-stallwatch/INFO] (Minecraft) [STDOUT]: [STALLWATCH]     at java.base@17.0.12/java.util.concurrent.locks.LockSupport.park(LockSupport.java:341)
[21:01:47] [coreswap-stallwatch/INFO] (Minecraft) [STDOUT]: [STALLWATCH]     at java.base@17.0.12/java.util.concurrent.ForkJoinPool.awaitWork(ForkJoinPool.java:1724)
[21:01:47] [coreswap-stallwatch/INFO] (Minecraft) [STDOUT]: [STALLWATCH]     at java.base@17.0.12/java.util.concurrent.ForkJoinPool.runWorker(ForkJoinPool.java:1623)
[21:01:47] [coreswap-stallwatch/INFO] (Minecraft) [STDOUT]: [STALLWATCH]     at java.base@17.0.12/java.util.concurrent.ForkJoinWorkerThread.run(ForkJoinWorkerThread.java:165)
[21:01:47] [coreswap-stallwatch/INFO] (Minecraft) [STDOUT]: [STALLWATCH] "Worker-Main-7" id=70 state=WAITING daemon=true
[21:01:47] [coreswap-stallwatch/INFO] (Minecraft) [STDOUT]: [STALLWATCH]     at java.base@17.0.12/jdk.internal.misc.Unsafe.park(Native Method)
[21:01:47] [coreswap-stallwatch/INFO] (Minecraft) [STDOUT]: [STALLWATCH]     at java.base@17.0.12/java.util.concurrent.locks.LockSupport.park(LockSupport.java:341)
[21:01:47] [coreswap-stallwatch/INFO] (Minecraft) [STDOUT]: [STALLWATCH]     at java.base@17.0.12/java.util.concurrent.ForkJoinPool.awaitWork(ForkJoinPool.java:1724)
[21:01:47] [coreswap-stallwatch/INFO] (Minecraft) [STDOUT]: [STALLWATCH]     at java.base@17.0.12/java.util.concurrent.ForkJoinPool.runWorker(ForkJoinPool.java:1623)
[21:01:47] [coreswap-stallwatch/INFO] (Minecraft) [STDOUT]: [STALLWATCH]     at java.base@17.0.12/java.util.concurrent.ForkJoinWorkerThread.run(ForkJoinWorkerThread.java:165)
[21:01:47] [coreswap-stallwatch/INFO] (Minecraft) [STDOUT]: [STALLWATCH] "JNA Cleaner" id=59 state=WAITING daemon=true
[21:01:47] [coreswap-stallwatch/INFO] (Minecraft) [STDOUT]: [STALLWATCH]     at java.base@17.0.12/java.lang.Object.wait(Native Method)
[21:01:47] [coreswap-stallwatch/INFO] (Minecraft) [STDOUT]: [STALLWATCH]     at java.base@17.0.12/java.lang.ref.ReferenceQueue.remove(ReferenceQueue.java:155)
[21:01:47] [coreswap-stallwatch/INFO] (Minecraft) [STDOUT]: [STALLWATCH]     at java.base@17.0.12/java.lang.ref.ReferenceQueue.remove(ReferenceQueue.java:176)
[21:01:47] [coreswap-stallwatch/INFO] (Minecraft) [STDOUT]: [STALLWATCH]     at com.sun.jna.internal.Cleaner$1.run(Cleaner.java:58)
[21:01:47] [coreswap-stallwatch/INFO] (Minecraft) [STDOUT]: [STALLWATCH] "Worker-Main-6" id=69 state=WAITING daemon=true
[21:01:47] [coreswap-stallwatch/INFO] (Minecraft) [STDOUT]: [STALLWATCH]     at java.base@17.0.12/jdk.internal.misc.Unsafe.park(Native Method)
[21:01:47] [coreswap-stallwatch/INFO] (Minecraft) [STDOUT]: [STALLWATCH]     at java.base@17.0.12/java.util.concurrent.locks.LockSupport.park(LockSupport.java:341)
[21:01:47] [coreswap-stallwatch/INFO] (Minecraft) [STDOUT]: [STALLWATCH]     at java.base@17.0.12/java.util.concurrent.ForkJoinPool.awaitWork(ForkJoinPool.java:1724)
[21:01:47] [coreswap-stallwatch/INFO] (Minecraft) [STDOUT]: [STALLWATCH]     at java.base@17.0.12/java.util.concurrent.ForkJoinPool.runWorker(ForkJoinPool.java:1623)
[21:01:47] [coreswap-stallwatch/INFO] (Minecraft) [STDOUT]: [STALLWATCH]     at java.base@17.0.12/java.util.concurrent.ForkJoinWorkerThread.run(ForkJoinWorkerThread.java:165)
[21:01:47] [coreswap-stallwatch/INFO] (Minecraft) [STDOUT]: [STALLWATCH] "Reference Handler" id=2 state=RUNNABLE daemon=true
[21:01:47] [coreswap-stallwatch/INFO] (Minecraft) [STDOUT]: [STALLWATCH]     at java.base@17.0.12/java.lang.ref.Reference.waitForReferencePendingList(Native Method)
[21:01:47] [coreswap-stallwatch/INFO] (Minecraft) [STDOUT]: [STALLWATCH]     at java.base@17.0.12/java.lang.ref.Reference.processPendingReferences(Reference.java:253)
[21:01:47] [coreswap-stallwatch/INFO] (Minecraft) [STDOUT]: [STALLWATCH]     at java.base@17.0.12/java.lang.ref.Reference$ReferenceHandler.run(Reference.java:215)
[21:01:47] [coreswap-stallwatch/INFO] (Minecraft) [STDOUT]: [STALLWATCH] "RCON Listener #1" id=98 state=RUNNABLE daemon=false
[21:01:47] [coreswap-stallwatch/INFO] (Minecraft) [STDOUT]: [STALLWATCH]     at java.base@17.0.12/sun.nio.ch.Net.poll(Native Method)
[21:01:47] [coreswap-stallwatch/INFO] (Minecraft) [STDOUT]: [STALLWATCH]     at java.base@17.0.12/sun.nio.ch.NioSocketImpl.park(NioSocketImpl.java:186)
[21:01:47] [coreswap-stallwatch/INFO] (Minecraft) [STDOUT]: [STALLWATCH]     at java.base@17.0.12/sun.nio.ch.NioSocketImpl.timedAccept(NioSocketImpl.java:715)
[21:01:47] [coreswap-stallwatch/INFO] (Minecraft) [STDOUT]: [STALLWATCH]     at java.base@17.0.12/sun.nio.ch.NioSocketImpl.accept(NioSocketImpl.java:757)
[21:01:47] [coreswap-stallwatch/INFO] (Minecraft) [STDOUT]: [STALLWATCH]     at java.base@17.0.12/java.net.ServerSocket.implAccept(ServerSocket.java:675)
[21:01:47] [coreswap-stallwatch/INFO] (Minecraft) [STDOUT]: [STALLWATCH]     at java.base@17.0.12/java.net.ServerSocket.platformImplAccept(ServerSocket.java:641)
[21:01:47] [coreswap-stallwatch/INFO] (Minecraft) [STDOUT]: [STALLWATCH]     at java.base@17.0.12/java.net.ServerSocket.implAccept(ServerSocket.java:617)
[21:01:47] [coreswap-stallwatch/INFO] (Minecraft) [STDOUT]: [STALLWATCH]     at java.base@17.0.12/java.net.ServerSocket.implAccept(ServerSocket.java:574)
[21:01:47] [coreswap-stallwatch/INFO] (Minecraft) [STDOUT]: [STALLWATCH]     at java.base@17.0.12/java.net.ServerSocket.accept(ServerSocket.java:532)
[21:01:47] [coreswap-stallwatch/INFO] (Minecraft) [STDOUT]: [STALLWATCH]     at net.minecraft.server.rcon.RconListener.run(RconListener.java:38)
[21:01:47] [coreswap-stallwatch/INFO] (Minecraft) [STDOUT]: [STALLWATCH]     at java.base@17.0.12/java.lang.Thread.run(Thread.java:842)
[21:01:47] [coreswap-stallwatch/INFO] (Minecraft) [STDOUT]: [STALLWATCH] "Netty Server IO #0" id=91 state=RUNNABLE daemon=true
[21:01:47] [coreswap-stallwatch/INFO] (Minecraft) [STDOUT]: [STALLWATCH]     at java.base@17.0.12/sun.nio.ch.WEPoll.wait(Native Method)
[21:01:47] [coreswap-stallwatch/INFO] (Minecraft) [STDOUT]: [STALLWATCH]     at java.base@17.0.12/sun.nio.ch.WEPollSelectorImpl.doSelect(WEPollSelectorImpl.java:111)
[21:01:47] [coreswap-stallwatch/INFO] (Minecraft) [STDOUT]: [STALLWATCH]     at java.base@17.0.12/sun.nio.ch.SelectorImpl.lockAndDoSelect(SelectorImpl.java:129)
[21:01:47] [coreswap-stallwatch/INFO] (Minecraft) [STDOUT]: [STALLWATCH]     at java.base@17.0.12/sun.nio.ch.SelectorImpl.select(SelectorImpl.java:146)
[21:01:47] [coreswap-stallwatch/INFO] (Minecraft) [STDOUT]: [STALLWATCH]     at io.netty.channel.nio.SelectedSelectionKeySetSelector.select(SelectedSelectionKeySetSelector.java:68)
[21:01:47] [coreswap-stallwatch/INFO] (Minecraft) [STDOUT]: [STALLWATCH]     at io.netty.channel.nio.NioEventLoop.select(NioEventLoop.java:879)
[21:01:47] [coreswap-stallwatch/INFO] (Minecraft) [STDOUT]: [STALLWATCH]     at io.netty.channel.nio.NioEventLoop.run(NioEventLoop.java:526)
[21:01:47] [coreswap-stallwatch/INFO] (Minecraft) [STDOUT]: [STALLWATCH]     at io.netty.util.concurrent.SingleThreadEventExecutor$4.run(SingleThreadEventExecutor.java:997)
[21:01:47] [coreswap-stallwatch/INFO] (Minecraft) [STDOUT]: [STALLWATCH]     at io.netty.util.internal.ThreadExecutorMap$2.run(ThreadExecutorMap.java:74)
[21:01:47] [coreswap-stallwatch/INFO] (Minecraft) [STDOUT]: [STALLWATCH]     at java.base@17.0.12/java.lang.Thread.run(Thread.java:842)
[21:01:47] [coreswap-stallwatch/INFO] (Minecraft) [STDOUT]: [STALLWATCH] "Worker-Main-9" id=72 state=WAITING daemon=true
[21:01:47] [coreswap-stallwatch/INFO] (Minecraft) [STDOUT]: [STALLWATCH]     at java.base@17.0.12/jdk.internal.misc.Unsafe.park(Native Method)
[21:01:47] [coreswap-stallwatch/INFO] (Minecraft) [STDOUT]: [STALLWATCH]     at java.base@17.0.12/java.util.concurrent.locks.LockSupport.park(LockSupport.java:341)
[21:01:47] [coreswap-stallwatch/INFO] (Minecraft) [STDOUT]: [STALLWATCH]     at java.base@17.0.12/java.util.concurrent.ForkJoinPool.awaitWork(ForkJoinPool.java:1724)
[21:01:47] [coreswap-stallwatch/INFO] (Minecraft) [STDOUT]: [STALLWATCH]     at java.base@17.0.12/java.util.concurrent.ForkJoinPool.runWorker(ForkJoinPool.java:1623)
[21:01:47] [coreswap-stallwatch/INFO] (Minecraft) [STDOUT]: [STALLWATCH]     at java.base@17.0.12/java.util.concurrent.ForkJoinWorkerThread.run(ForkJoinWorkerThread.java:165)
[21:01:47] [coreswap-stallwatch/INFO] (Minecraft) [STDOUT]: [STALLWATCH] "Worker-Main-8" id=71 state=WAITING daemon=true
[21:01:47] [coreswap-stallwatch/INFO] (Minecraft) [STDOUT]: [STALLWATCH]     at java.base@17.0.12/jdk.internal.misc.Unsafe.park(Native Method)
[21:01:47] [coreswap-stallwatch/INFO] (Minecraft) [STDOUT]: [STALLWATCH]     at java.base@17.0.12/java.util.concurrent.locks.LockSupport.park(LockSupport.java:341)
[21:01:47] [coreswap-stallwatch/INFO] (Minecraft) [STDOUT]: [STALLWATCH]     at java.base@17.0.12/java.util.concurrent.ForkJoinPool.awaitWork(ForkJoinPool.java:1724)
[21:01:47] [coreswap-stallwatch/INFO] (Minecraft) [STDOUT]: [STALLWATCH]     at java.base@17.0.12/java.util.concurrent.ForkJoinPool.runWorker(ForkJoinPool.java:1623)
[21:01:47] [coreswap-stallwatch/INFO] (Minecraft) [STDOUT]: [STALLWATCH]     at java.base@17.0.12/java.util.concurrent.ForkJoinWorkerThread.run(ForkJoinWorkerThread.java:165)
[21:01:47] [coreswap-stallwatch/INFO] (Minecraft) [STDOUT]: [STALLWATCH] "Notification Thread" id=21 state=RUNNABLE daemon=true
[21:01:47] [coreswap-stallwatch/INFO] (Minecraft) [STDOUT]: [STALLWATCH] "Worker-Main-11" id=74 state=WAITING daemon=true
[21:01:47] [coreswap-stallwatch/INFO] (Minecraft) [STDOUT]: [STALLWATCH]     at java.base@17.0.12/jdk.internal.misc.Unsafe.park(Native Method)
[21:01:47] [coreswap-stallwatch/INFO] (Minecraft) [STDOUT]: [STALLWATCH]     at java.base@17.0.12/java.util.concurrent.locks.LockSupport.park(LockSupport.java:341)
[21:01:47] [coreswap-stallwatch/INFO] (Minecraft) [STDOUT]: [STALLWATCH]     at java.base@17.0.12/java.util.concurrent.ForkJoinPool.awaitWork(ForkJoinPool.java:1724)
[21:01:47] [coreswap-stallwatch/INFO] (Minecraft) [STDOUT]: [STALLWATCH]     at java.base@17.0.12/java.util.concurrent.ForkJoinPool.runWorker(ForkJoinPool.java:1623)
[21:01:47] [coreswap-stallwatch/INFO] (Minecraft) [STDOUT]: [STALLWATCH]     at java.base@17.0.12/java.util.concurrent.ForkJoinWorkerThread.run(ForkJoinWorkerThread.java:165)
[21:01:47] [coreswap-stallwatch/INFO] (Minecraft) [STDOUT]: [STALLWATCH] "Chunky-minecraft:overworld Thread" id=102 state=WAITING daemon=true
[21:01:47] [coreswap-stallwatch/INFO] (Minecraft) [STDOUT]: [STALLWATCH]     at java.base@17.0.12/jdk.internal.misc.Unsafe.park(Native Method)
[21:01:47] [coreswap-stallwatch/INFO] (Minecraft) [STDOUT]: [STALLWATCH]     at java.base@17.0.12/java.util.concurrent.locks.LockSupport.park(LockSupport.java:211)
[21:01:47] [coreswap-stallwatch/INFO] (Minecraft) [STDOUT]: [STALLWATCH]     at java.base@17.0.12/java.util.concurrent.locks.AbstractQueuedSynchronizer.acquire(AbstractQueuedSynchronizer.java:715)
[21:01:47] [coreswap-stallwatch/INFO] (Minecraft) [STDOUT]: [STALLWATCH]     at java.base@17.0.12/java.util.concurrent.locks.AbstractQueuedSynchronizer.acquireSharedInterruptibly(AbstractQueuedSynchronizer.java:1047)
[21:01:47] [coreswap-stallwatch/INFO] (Minecraft) [STDOUT]: [STALLWATCH]     at java.base@17.0.12/java.util.concurrent.Semaphore.acquire(Semaphore.java:318)
[21:01:47] [coreswap-stallwatch/INFO] (Minecraft) [STDOUT]: [STALLWATCH]     at org.popcraft.chunky.GenerationTask.run(GenerationTask.java:140)
[21:01:47] [coreswap-stallwatch/INFO] (Minecraft) [STDOUT]: [STALLWATCH]     at java.base@17.0.12/java.util.concurrent.Executors$RunnableAdapter.call(Executors.java:539)
[21:01:47] [coreswap-stallwatch/INFO] (Minecraft) [STDOUT]: [STALLWATCH]     at java.base@17.0.12/java.util.concurrent.FutureTask.run(FutureTask.java:264)
[21:01:47] [coreswap-stallwatch/INFO] (Minecraft) [STDOUT]: [STALLWATCH]     at java.base@17.0.12/java.util.concurrent.ThreadPoolExecutor.runWorker(ThreadPoolExecutor.java:1136)
[21:01:47] [coreswap-stallwatch/INFO] (Minecraft) [STDOUT]: [STALLWATCH]     at java.base@17.0.12/java.util.concurrent.ThreadPoolExecutor$Worker.run(ThreadPoolExecutor.java:635)
[21:01:47] [coreswap-stallwatch/INFO] (Minecraft) [STDOUT]: [STALLWATCH]     at java.base@17.0.12/java.lang.Thread.run(Thread.java:842)
[21:01:47] [coreswap-stallwatch/INFO] (Minecraft) [STDOUT]: [STALLWATCH] "Worker-Main-13" id=76 state=WAITING daemon=true
[21:01:47] [coreswap-stallwatch/INFO] (Minecraft) [STDOUT]: [STALLWATCH]     at java.base@17.0.12/jdk.internal.misc.Unsafe.park(Native Method)
[21:01:47] [coreswap-stallwatch/INFO] (Minecraft) [STDOUT]: [STALLWATCH]     at java.base@17.0.12/java.util.concurrent.locks.LockSupport.park(LockSupport.java:341)
[21:01:47] [coreswap-stallwatch/INFO] (Minecraft) [STDOUT]: [STALLWATCH]     at java.base@17.0.12/java.util.concurrent.ForkJoinPool.awaitWork(ForkJoinPool.java:1724)
[21:01:47] [coreswap-stallwatch/INFO] (Minecraft) [STDOUT]: [STALLWATCH]     at java.base@17.0.12/java.util.concurrent.ForkJoinPool.runWorker(ForkJoinPool.java:1623)
[21:01:47] [coreswap-stallwatch/INFO] (Minecraft) [STDOUT]: [STALLWATCH]     at java.base@17.0.12/java.util.concurrent.ForkJoinWorkerThread.run(ForkJoinWorkerThread.java:165)
[21:01:47] [coreswap-stallwatch/INFO] (Minecraft) [STDOUT]: [STALLWATCH] "Yggdrasil Key Fetcher" id=61 state=TIMED_WAITING daemon=true
[21:01:47] [coreswap-stallwatch/INFO] (Minecraft) [STDOUT]: [STALLWATCH]     at java.base@17.0.12/jdk.internal.misc.Unsafe.park(Native Method)
[21:01:47] [coreswap-stallwatch/INFO] (Minecraft) [STDOUT]: [STALLWATCH]     at java.base@17.0.12/java.util.concurrent.locks.LockSupport.parkNanos(LockSupport.java:252)
[21:01:47] [coreswap-stallwatch/INFO] (Minecraft) [STDOUT]: [STALLWATCH]     at java.base@17.0.12/java.util.concurrent.locks.AbstractQueuedSynchronizer$ConditionObject.awaitNanos(AbstractQueuedSynchronizer.java:1672)
[21:01:47] [coreswap-stallwatch/INFO] (Minecraft) [STDOUT]: [STALLWATCH]     at java.base@17.0.12/java.util.concurrent.ScheduledThreadPoolExecutor$DelayedWorkQueue.take(ScheduledThreadPoolExecutor.java:1182)
[21:01:47] [coreswap-stallwatch/INFO] (Minecraft) [STDOUT]: [STALLWATCH]     at java.base@17.0.12/java.util.concurrent.ScheduledThreadPoolExecutor$DelayedWorkQueue.take(ScheduledThreadPoolExecutor.java:899)
[21:01:47] [coreswap-stallwatch/INFO] (Minecraft) [STDOUT]: [STALLWATCH]     at java.base@17.0.12/java.util.concurrent.ThreadPoolExecutor.getTask(ThreadPoolExecutor.java:1062)
[21:01:47] [coreswap-stallwatch/INFO] (Minecraft) [STDOUT]: [STALLWATCH]     at java.base@17.0.12/java.util.concurrent.ThreadPoolExecutor.runWorker(ThreadPoolExecutor.java:1122)
[21:01:47] [coreswap-stallwatch/INFO] (Minecraft) [STDOUT]: [STALLWATCH]     at java.base@17.0.12/java.util.concurrent.ThreadPoolExecutor$Worker.run(ThreadPoolExecutor.java:635)
[21:01:47] [coreswap-stallwatch/INFO] (Minecraft) [STDOUT]: [STALLWATCH]     at java.base@17.0.12/java.lang.Thread.run(Thread.java:842)
[21:01:47] [coreswap-stallwatch/INFO] (Minecraft) [STDOUT]: [STALLWATCH] "Worker-Main-23" id=86 state=WAITING daemon=true
[21:01:47] [coreswap-stallwatch/INFO] (Minecraft) [STDOUT]: [STALLWATCH]     at java.base@17.0.12/jdk.internal.misc.Unsafe.park(Native Method)
[21:01:47] [coreswap-stallwatch/INFO] (Minecraft) [STDOUT]: [STALLWATCH]     at java.base@17.0.12/java.util.concurrent.locks.LockSupport.park(LockSupport.java:341)
[21:01:47] [coreswap-stallwatch/INFO] (Minecraft) [STDOUT]: [STALLWATCH]     at java.base@17.0.12/java.util.concurrent.ForkJoinPool.awaitWork(ForkJoinPool.java:1724)
[21:01:47] [coreswap-stallwatch/INFO] (Minecraft) [STDOUT]: [STALLWATCH]     at java.base@17.0.12/java.util.concurrent.ForkJoinPool.runWorker(ForkJoinPool.java:1623)
[21:01:47] [coreswap-stallwatch/INFO] (Minecraft) [STDOUT]: [STALLWATCH]     at java.base@17.0.12/java.util.concurrent.ForkJoinWorkerThread.run(ForkJoinWorkerThread.java:165)
[21:01:47] [coreswap-stallwatch/INFO] (Minecraft) [STDOUT]: [STALLWATCH] "IO-Worker-25" id=93 state=TIMED_WAITING daemon=false
[21:01:47] [coreswap-stallwatch/INFO] (Minecraft) [STDOUT]: [STALLWATCH]     at java.base@17.0.12/jdk.internal.misc.Unsafe.park(Native Method)
[21:01:47] [coreswap-stallwatch/INFO] (Minecraft) [STDOUT]: [STALLWATCH]     at java.base@17.0.12/java.util.concurrent.locks.LockSupport.parkNanos(LockSupport.java:252)
[21:01:47] [coreswap-stallwatch/INFO] (Minecraft) [STDOUT]: [STALLWATCH]     at java.base@17.0.12/java.util.concurrent.SynchronousQueue$TransferStack.transfer(SynchronousQueue.java:401)
[21:01:47] [coreswap-stallwatch/INFO] (Minecraft) [STDOUT]: [STALLWATCH]     at java.base@17.0.12/java.util.concurrent.SynchronousQueue.poll(SynchronousQueue.java:903)
[21:01:47] [coreswap-stallwatch/INFO] (Minecraft) [STDOUT]: [STALLWATCH]     at java.base@17.0.12/java.util.concurrent.ThreadPoolExecutor.getTask(ThreadPoolExecutor.java:1061)
[21:01:47] [coreswap-stallwatch/INFO] (Minecraft) [STDOUT]: [STALLWATCH]     at java.base@17.0.12/java.util.concurrent.ThreadPoolExecutor.runWorker(ThreadPoolExecutor.java:1122)
[21:01:47] [coreswap-stallwatch/INFO] (Minecraft) [STDOUT]: [STALLWATCH]     at java.base@17.0.12/java.util.concurrent.ThreadPoolExecutor$Worker.run(ThreadPoolExecutor.java:635)
[21:01:47] [coreswap-stallwatch/INFO] (Minecraft) [STDOUT]: [STALLWATCH]     at java.base@17.0.12/java.lang.Thread.run(Thread.java:842)
[21:01:47] [coreswap-stallwatch/INFO] (Minecraft) [STDOUT]: [STALLWATCH] === end ===
[21:01:50] [Worker-Main-6/INFO] (Minecraft) [STDOUT]: [CHUNKTIME] n=1024 perChunk(ms): mixin=46.71 gap=1016.52 | sumMixin=47.8s sumGap=1040.9s | inflight max=1 now=1
[21:01:52] [Server thread/INFO] (Minecraft) [Chunky] Task running for minecraft:overworld. Processed: 757 chunks (17.92%), ETA: 0:03:41, Rate: 15.6 cps, Current: -2, -17
[21:02:00] [RCON Listener #1/INFO] (Minecraft) Thread RCON Client /127.0.0.1 started
[21:02:00] [RCON Client /127.0.0.1 #10/INFO] (Minecraft) Thread RCON Client /127.0.0.1 shutting down
[21:02:02] [Server thread/INFO] (Minecraft) [Chunky] Task running for minecraft:overworld. Processed: 985 chunks (23.31%), ETA: 0:02:52, Rate: 18.7 cps, Current: -5, -29
[21:02:03] [Worker-Main-9/INFO] (Minecraft) [STDOUT]: [CHUNKTIME] n=1280 perChunk(ms): mixin=46.73 gap=1038.81 | sumMixin=59.8s sumGap=1329.7s | inflight max=1 now=1
[21:02:12] [Server thread/INFO] (Minecraft) [Chunky] Task running for minecraft:overworld. Processed: 1174 chunks (27.79%), ETA: 0:02:45, Rate: 18.4 cps, Current: 4, -5
[21:02:15] [Worker-Main-17/INFO] (Minecraft) [STDOUT]: [CHUNKTIME] n=1536 perChunk(ms): mixin=46.23 gap=1027.33 | sumMixin=71.0s sumGap=1578.0s | inflight max=1 now=1
[21:02:17] [coreswap-stallwatch/INFO] (Minecraft) [STDOUT]: [STALLWATCH] === thread dump @ Thu Sep 10 21:02:17 HKT 2026 (interval=30s) ===
[21:02:17] [coreswap-stallwatch/INFO] (Minecraft) [STDOUT]: [STALLWATCH] "Worker-Main-12" id=75 state=WAITING daemon=true
[21:02:17] [coreswap-stallwatch/INFO] (Minecraft) [STDOUT]: [STALLWATCH]     at java.base@17.0.12/jdk.internal.misc.Unsafe.park(Native Method)
[21:02:17] [coreswap-stallwatch/INFO] (Minecraft) [STDOUT]: [STALLWATCH]     at java.base@17.0.12/java.util.concurrent.locks.LockSupport.park(LockSupport.java:341)
[21:02:17] [coreswap-stallwatch/INFO] (Minecraft) [STDOUT]: [STALLWATCH]     at java.base@17.0.12/java.util.concurrent.ForkJoinPool.awaitWork(ForkJoinPool.java:1724)
[21:02:17] [coreswap-stallwatch/INFO] (Minecraft) [STDOUT]: [STALLWATCH]     at java.base@17.0.12/java.util.concurrent.ForkJoinPool.runWorker(ForkJoinPool.java:1623)
[21:02:17] [coreswap-stallwatch/INFO] (Minecraft) [STDOUT]: [STALLWATCH]     at java.base@17.0.12/java.util.concurrent.ForkJoinWorkerThread.run(ForkJoinWorkerThread.java:165)
[21:02:17] [coreswap-stallwatch/INFO] (Minecraft) [STDOUT]: [STALLWATCH] "Worker-Main-16" id=79 state=WAITING daemon=true
[21:02:17] [coreswap-stallwatch/INFO] (Minecraft) [STDOUT]: [STALLWATCH]     at java.base@17.0.12/jdk.internal.misc.Unsafe.park(Native Method)
[21:02:17] [coreswap-stallwatch/INFO] (Minecraft) [STDOUT]: [STALLWATCH]     at java.base@17.0.12/java.util.concurrent.locks.LockSupport.park(LockSupport.java:341)
[21:02:17] [coreswap-stallwatch/INFO] (Minecraft) [STDOUT]: [STALLWATCH]     at java.base@17.0.12/java.util.concurrent.ForkJoinPool.awaitWork(ForkJoinPool.java:1724)
[21:02:17] [coreswap-stallwatch/INFO] (Minecraft) [STDOUT]: [STALLWATCH]     at java.base@17.0.12/java.util.concurrent.ForkJoinPool.runWorker(ForkJoinPool.java:1623)
[21:02:17] [coreswap-stallwatch/INFO] (Minecraft) [STDOUT]: [STALLWATCH]     at java.base@17.0.12/java.util.concurrent.ForkJoinWorkerThread.run(ForkJoinWorkerThread.java:165)
[21:02:17] [coreswap-stallwatch/INFO] (Minecraft) [STDOUT]: [STALLWATCH] "Worker-Main-21" id=84 state=WAITING daemon=true
[21:02:17] [coreswap-stallwatch/INFO] (Minecraft) [STDOUT]: [STALLWATCH]     at java.base@17.0.12/jdk.internal.misc.Unsafe.park(Native Method)
[21:02:17] [coreswap-stallwatch/INFO] (Minecraft) [STDOUT]: [STALLWATCH]     at java.base@17.0.12/java.util.concurrent.locks.LockSupport.park(LockSupport.java:341)
[21:02:17] [coreswap-stallwatch/INFO] (Minecraft) [STDOUT]: [STALLWATCH]     at java.base@17.0.12/java.util.concurrent.ForkJoinPool.awaitWork(ForkJoinPool.java:1724)
[21:02:17] [coreswap-stallwatch/INFO] (Minecraft) [STDOUT]: [STALLWATCH]     at java.base@17.0.12/java.util.concurrent.ForkJoinPool.runWorker(ForkJoinPool.java:1623)
[21:02:17] [coreswap-stallwatch/INFO] (Minecraft) [STDOUT]: [STALLWATCH]     at java.base@17.0.12/java.util.concurrent.ForkJoinWorkerThread.run(ForkJoinWorkerThread.java:165)
[21:02:17] [coreswap-stallwatch/INFO] (Minecraft) [STDOUT]: [STALLWATCH] "Worker-Main-5" id=68 state=WAITING daemon=true
[21:02:17] [coreswap-stallwatch/INFO] (Minecraft) [STDOUT]: [STALLWATCH]     at java.base@17.0.12/jdk.internal.misc.Unsafe.park(Native Method)
[21:02:17] [coreswap-stallwatch/INFO] (Minecraft) [STDOUT]: [STALLWATCH]     at java.base@17.0.12/java.util.concurrent.locks.LockSupport.park(LockSupport.java:341)
[21:02:17] [coreswap-stallwatch/INFO] (Minecraft) [STDOUT]: [STALLWATCH]     at java.base@17.0.12/java.util.concurrent.ForkJoinPool.awaitWork(ForkJoinPool.java:1724)
[21:02:17] [coreswap-stallwatch/INFO] (Minecraft) [STDOUT]: [STALLWATCH]     at java.base@17.0.12/java.util.concurrent.ForkJoinPool.runWorker(ForkJoinPool.java:1623)
[21:02:17] [coreswap-stallwatch/INFO] (Minecraft) [STDOUT]: [STALLWATCH]     at java.base@17.0.12/java.util.concurrent.ForkJoinWorkerThread.run(ForkJoinWorkerThread.java:165)
[21:02:17] [coreswap-stallwatch/INFO] (Minecraft) [STDOUT]: [STALLWATCH] "Worker-Main-15" id=78 state=WAITING daemon=true
[21:02:17] [coreswap-stallwatch/INFO] (Minecraft) [STDOUT]: [STALLWATCH]     at java.base@17.0.12/jdk.internal.misc.Unsafe.park(Native Method)
[21:02:17] [coreswap-stallwatch/INFO] (Minecraft) [STDOUT]: [STALLWATCH]     at java.base@17.0.12/java.util.concurrent.locks.LockSupport.park(LockSupport.java:341)
[21:02:17] [coreswap-stallwatch/INFO] (Minecraft) [STDOUT]: [STALLWATCH]     at java.base@17.0.12/java.util.concurrent.ForkJoinPool.awaitWork(ForkJoinPool.java:1724)
[21:02:17] [coreswap-stallwatch/INFO] (Minecraft) [STDOUT]: [STALLWATCH]     at java.base@17.0.12/java.util.concurrent.ForkJoinPool.runWorker(ForkJoinPool.java:1623)
[21:02:17] [coreswap-stallwatch/INFO] (Minecraft) [STDOUT]: [STALLWATCH]     at java.base@17.0.12/java.util.concurrent.ForkJoinWorkerThread.run(ForkJoinWorkerThread.java:165)
[21:02:17] [coreswap-stallwatch/INFO] (Minecraft) [STDOUT]: [STALLWATCH] "Common-Cleaner" id=22 state=TIMED_WAITING daemon=true
[21:02:17] [coreswap-stallwatch/INFO] (Minecraft) [STDOUT]: [STALLWATCH]     at java.base@17.0.12/java.lang.Object.wait(Native Method)
[21:02:17] [coreswap-stallwatch/INFO] (Minecraft) [STDOUT]: [STALLWATCH]     at java.base@17.0.12/java.lang.ref.ReferenceQueue.remove(ReferenceQueue.java:155)
[21:02:17] [coreswap-stallwatch/INFO] (Minecraft) [STDOUT]: [STALLWATCH]     at java.base@17.0.12/jdk.internal.ref.CleanerImpl.run(CleanerImpl.java:140)
[21:02:17] [coreswap-stallwatch/INFO] (Minecraft) [STDOUT]: [STALLWATCH]     at java.base@17.0.12/java.lang.Thread.run(Thread.java:842)
[21:02:17] [coreswap-stallwatch/INFO] (Minecraft) [STDOUT]: [STALLWATCH]     at java.base@17.0.12/jdk.internal.misc.InnocuousThread.run(InnocuousThread.java:162)
[21:02:17] [coreswap-stallwatch/INFO] (Minecraft) [STDOUT]: [STALLWATCH] "coreswap-stallwatch" id=99 state=RUNNABLE daemon=true
[21:02:17] [coreswap-stallwatch/INFO] (Minecraft) [STDOUT]: [STALLWATCH]     at java.base@17.0.12/java.lang.Thread.dumpThreads(Native Method)
[21:02:17] [coreswap-stallwatch/INFO] (Minecraft) [STDOUT]: [STALLWATCH]     at java.base@17.0.12/java.lang.Thread.getAllStackTraces(Thread.java:1673)
[21:02:17] [coreswap-stallwatch/INFO] (Minecraft) [STDOUT]: [STALLWATCH]     at wg.bench.StallWatch.lambda$start$0(StallWatch.java:41)
[21:02:17] [coreswap-stallwatch/INFO] (Minecraft) [STDOUT]: [STALLWATCH]     at wg.bench.StallWatch$$Lambda$5847/0x000001fc99c2dad8.run(Unknown Source)
[21:02:17] [coreswap-stallwatch/INFO] (Minecraft) [STDOUT]: [STALLWATCH]     at java.base@17.0.12/java.lang.Thread.run(Thread.java:842)
[21:02:17] [coreswap-stallwatch/INFO] (Minecraft) [STDOUT]: [STALLWATCH] "Worker-Main-14" id=77 state=WAITING daemon=true
[21:02:17] [coreswap-stallwatch/INFO] (Minecraft) [STDOUT]: [STALLWATCH]     at java.base@17.0.12/jdk.internal.misc.Unsafe.park(Native Method)
[21:02:17] [coreswap-stallwatch/INFO] (Minecraft) [STDOUT]: [STALLWATCH]     at java.base@17.0.12/java.util.concurrent.locks.LockSupport.park(LockSupport.java:341)
[21:02:17] [coreswap-stallwatch/INFO] (Minecraft) [STDOUT]: [STALLWATCH]     at java.base@17.0.12/java.util.concurrent.ForkJoinPool.awaitWork(ForkJoinPool.java:1724)
[21:02:17] [coreswap-stallwatch/INFO] (Minecraft) [STDOUT]: [STALLWATCH]     at java.base@17.0.12/java.util.concurrent.ForkJoinPool.runWorker(ForkJoinPool.java:1623)
[21:02:17] [coreswap-stallwatch/INFO] (Minecraft) [STDOUT]: [STALLWATCH]     at java.base@17.0.12/java.util.concurrent.ForkJoinWorkerThread.run(ForkJoinWorkerThread.java:165)
[21:02:17] [coreswap-stallwatch/INFO] (Minecraft) [STDOUT]: [STALLWATCH] "DestroyJavaVM" id=89 state=RUNNABLE daemon=false
[21:02:17] [coreswap-stallwatch/INFO] (Minecraft) [STDOUT]: [STALLWATCH] "IO-Worker-24" id=92 state=TIMED_WAITING daemon=false
[21:02:17] [coreswap-stallwatch/INFO] (Minecraft) [STDOUT]: [STALLWATCH]     at java.base@17.0.12/java.util.zip.Deflater.init(Native Method)
[21:02:17] [coreswap-stallwatch/INFO] (Minecraft) [STDOUT]: [STALLWATCH]     at java.base@17.0.12/java.util.zip.Deflater.<init>(Deflater.java:201)
[21:02:17] [coreswap-stallwatch/INFO] (Minecraft) [STDOUT]: [STALLWATCH]     at java.base@17.0.12/java.util.zip.Deflater.<init>(Deflater.java:218)
[21:02:17] [coreswap-stallwatch/INFO] (Minecraft) [STDOUT]: [STALLWATCH]     at java.base@17.0.12/java.util.zip.DeflaterOutputStream.<init>(DeflaterOutputStream.java:161)
[21:02:17] [coreswap-stallwatch/INFO] (Minecraft) [STDOUT]: [STALLWATCH]     at java.base@17.0.12/java.util.zip.DeflaterOutputStream.<init>(DeflaterOutputStream.java:174)
[21:02:17] [coreswap-stallwatch/INFO] (Minecraft) [STDOUT]: [STALLWATCH]     at net.minecraft.world.storage.ChunkStreamVersion.method_39804(ChunkStreamVersion.java:23)
[21:02:17] [coreswap-stallwatch/INFO] (Minecraft) [STDOUT]: [STALLWATCH]     at net.minecraft.world.storage.ChunkStreamVersion$$Lambda$5312/0x000001fc99b96d18.wrap(Unknown Source)
[21:02:17] [coreswap-stallwatch/INFO] (Minecraft) [STDOUT]: [STALLWATCH]     at net.minecraft.world.storage.ChunkStreamVersion.wrap(ChunkStreamVersion.java:56)
[21:02:17] [coreswap-stallwatch/INFO] (Minecraft) [STDOUT]: [STALLWATCH]     at net.minecraft.world.storage.RegionFile.getChunkOutputStream(RegionFile.java:249)
[21:02:17] [coreswap-stallwatch/INFO] (Minecraft) [STDOUT]: [STALLWATCH]     at net.minecraft.world.storage.RegionBasedStorage.write(RegionBasedStorage.java:120)
[21:02:17] [coreswap-stallwatch/INFO] (Minecraft) [STDOUT]: [STALLWATCH]     at net.minecraft.world.storage.StorageIoWorker.write(StorageIoWorker.java:219)
[21:02:17] [coreswap-stallwatch/INFO] (Minecraft) [STDOUT]: [STALLWATCH]     at net.minecraft.world.storage.StorageIoWorker.writeResult(StorageIoWorker.java:208)
[21:02:17] [coreswap-stallwatch/INFO] (Minecraft) [STDOUT]: [STALLWATCH]     at net.minecraft.world.storage.StorageIoWorker$$Lambda$5322/0x000001fc99b95400.run(Unknown Source)
[21:02:17] [coreswap-stallwatch/INFO] (Minecraft) [STDOUT]: [STALLWATCH]     at net.minecraft.util.thread.TaskQueue$PrioritizedTask.run(TaskQueue.java:76)
[21:02:17] [coreswap-stallwatch/INFO] (Minecraft) [STDOUT]: [STALLWATCH]     at net.minecraft.util.thread.TaskExecutor.runNext(TaskExecutor.java:79)
[21:02:17] [coreswap-stallwatch/INFO] (Minecraft) [STDOUT]: [STALLWATCH]     at net.minecraft.util.thread.TaskExecutor.runWhile(TaskExecutor.java:129)
[21:02:17] [coreswap-stallwatch/INFO] (Minecraft) [STDOUT]: [STALLWATCH]     at net.minecraft.util.thread.TaskExecutor.run(TaskExecutor.java:87)
[21:02:17] [coreswap-stallwatch/INFO] (Minecraft) [STDOUT]: [STALLWATCH]     at java.base@17.0.12/java.util.concurrent.ThreadPoolExecutor.runWorker(ThreadPoolExecutor.java:1136)
[21:02:17] [coreswap-stallwatch/INFO] (Minecraft) [STDOUT]: [STALLWATCH]     at java.base@17.0.12/java.util.concurrent.ThreadPoolExecutor$Worker.run(ThreadPoolExecutor.java:635)
[21:02:17] [coreswap-stallwatch/INFO] (Minecraft) [STDOUT]: [STALLWATCH]     at java.base@17.0.12/java.lang.Thread.run(Thread.java:842)
[21:02:17] [coreswap-stallwatch/INFO] (Minecraft) [STDOUT]: [STALLWATCH] "Thread-8" id=101 state=TIMED_WAITING daemon=true
[21:02:17] [coreswap-stallwatch/INFO] (Minecraft) [STDOUT]: [STALLWATCH]     at java.base@17.0.12/jdk.internal.misc.Unsafe.park(Native Method)
[21:02:17] [coreswap-stallwatch/INFO] (Minecraft) [STDOUT]: [STALLWATCH]     at java.base@17.0.12/java.util.concurrent.locks.LockSupport.parkNanos(LockSupport.java:252)
[21:02:17] [coreswap-stallwatch/INFO] (Minecraft) [STDOUT]: [STALLWATCH]     at java.base@17.0.12/java.util.concurrent.SynchronousQueue$TransferStack.transfer(SynchronousQueue.java:401)
[21:02:17] [coreswap-stallwatch/INFO] (Minecraft) [STDOUT]: [STALLWATCH]     at java.base@17.0.12/java.util.concurrent.SynchronousQueue.poll(SynchronousQueue.java:903)
[21:02:17] [coreswap-stallwatch/INFO] (Minecraft) [STDOUT]: [STALLWATCH]     at java.base@17.0.12/java.util.concurrent.ThreadPoolExecutor.getTask(ThreadPoolExecutor.java:1061)
[21:02:17] [coreswap-stallwatch/INFO] (Minecraft) [STDOUT]: [STALLWATCH]     at java.base@17.0.12/java.util.concurrent.ThreadPoolExecutor.runWorker(ThreadPoolExecutor.java:1122)
[21:02:17] [coreswap-stallwatch/INFO] (Minecraft) [STDOUT]: [STALLWATCH]     at java.base@17.0.12/java.util.concurrent.ThreadPoolExecutor$Worker.run(ThreadPoolExecutor.java:635)
[21:02:17] [coreswap-stallwatch/INFO] (Minecraft) [STDOUT]: [STALLWATCH]     at java.base@17.0.12/java.lang.Thread.run(Thread.java:842)
[21:02:17] [coreswap-stallwatch/INFO] (Minecraft) [STDOUT]: [STALLWATCH] "Server thread" id=87 state=TIMED_WAITING daemon=false
[21:02:17] [coreswap-stallwatch/INFO] (Minecraft) [STDOUT]: [STALLWATCH]     at java.base@17.0.12/jdk.internal.misc.Unsafe.park(Native Method)
[21:02:17] [coreswap-stallwatch/INFO] (Minecraft) [STDOUT]: [STALLWATCH]     at java.base@17.0.12/java.util.concurrent.locks.LockSupport.parkNanos(LockSupport.java:252)
[21:02:17] [coreswap-stallwatch/INFO] (Minecraft) [STDOUT]: [STALLWATCH]     at net.minecraft.util.thread.ThreadExecutor.waitForTasks(ThreadExecutor.java:133)
[21:02:17] [coreswap-stallwatch/INFO] (Minecraft) [STDOUT]: [STALLWATCH]     at net.minecraft.util.thread.ThreadExecutor.runTasks(ThreadExecutor.java:123)
[21:02:17] [coreswap-stallwatch/INFO] (Minecraft) [STDOUT]: [STALLWATCH]     at net.minecraft.server.MinecraftServer.runTasksTillTickEnd(MinecraftServer.java:788)
[21:02:17] [coreswap-stallwatch/INFO] (Minecraft) [STDOUT]: [STALLWATCH]     at net.minecraft.server.MinecraftServer.runServer(MinecraftServer.java:726)
[21:02:17] [coreswap-stallwatch/INFO] (Minecraft) [STDOUT]: [STALLWATCH]     at net.minecraft.server.MinecraftServer.method_29739(MinecraftServer.java:267)
[21:02:17] [coreswap-stallwatch/INFO] (Minecraft) [STDOUT]: [STALLWATCH]     at net.minecraft.server.MinecraftServer$$Lambda$5103/0x000001fc99ad8928.run(Unknown Source)
[21:02:17] [coreswap-stallwatch/INFO] (Minecraft) [STDOUT]: [STALLWATCH]     at java.base@17.0.12/java.lang.Thread.run(Thread.java:842)
[21:02:17] [coreswap-stallwatch/INFO] (Minecraft) [STDOUT]: [STALLWATCH] "Attach Listener" id=5 state=RUNNABLE daemon=true
[21:02:17] [coreswap-stallwatch/INFO] (Minecraft) [STDOUT]: [STALLWATCH] "Worker-Main-2" id=65 state=WAITING daemon=true
[21:02:17] [coreswap-stallwatch/INFO] (Minecraft) [STDOUT]: [STALLWATCH]     at java.base@17.0.12/jdk.internal.misc.Unsafe.park(Native Method)
[21:02:17] [coreswap-stallwatch/INFO] (Minecraft) [STDOUT]: [STALLWATCH]     at java.base@17.0.12/java.util.concurrent.locks.LockSupport.park(LockSupport.java:341)
[21:02:17] [coreswap-stallwatch/INFO] (Minecraft) [STDOUT]: [STALLWATCH]     at java.base@17.0.12/java.util.concurrent.ForkJoinPool.awaitWork(ForkJoinPool.java:1724)
[21:02:17] [coreswap-stallwatch/INFO] (Minecraft) [STDOUT]: [STALLWATCH]     at java.base@17.0.12/java.util.concurrent.ForkJoinPool.runWorker(ForkJoinPool.java:1623)
[21:02:17] [coreswap-stallwatch/INFO] (Minecraft) [STDOUT]: [STALLWATCH]     at java.base@17.0.12/java.util.concurrent.ForkJoinWorkerThread.run(ForkJoinWorkerThread.java:165)
[21:02:17] [coreswap-stallwatch/INFO] (Minecraft) [STDOUT]: [STALLWATCH] "Worker-Main-19" id=82 state=WAITING daemon=true
[21:02:17] [coreswap-stallwatch/INFO] (Minecraft) [STDOUT]: [STALLWATCH]     at java.base@17.0.12/jdk.internal.misc.Unsafe.park(Native Method)
[21:02:17] [coreswap-stallwatch/INFO] (Minecraft) [STDOUT]: [STALLWATCH]     at java.base@17.0.12/java.util.concurrent.locks.LockSupport.park(LockSupport.java:341)
[21:02:17] [coreswap-stallwatch/INFO] (Minecraft) [STDOUT]: [STALLWATCH]     at java.base@17.0.12/java.util.concurrent.ForkJoinPool.awaitWork(ForkJoinPool.java:1724)
[21:02:17] [coreswap-stallwatch/INFO] (Minecraft) [STDOUT]: [STALLWATCH]     at java.base@17.0.12/java.util.concurrent.ForkJoinPool.runWorker(ForkJoinPool.java:1623)
[21:02:17] [coreswap-stallwatch/INFO] (Minecraft) [STDOUT]: [STALLWATCH]     at java.base@17.0.12/java.util.concurrent.ForkJoinWorkerThread.run(ForkJoinWorkerThread.java:165)
[21:02:17] [coreswap-stallwatch/INFO] (Minecraft) [STDOUT]: [STALLWATCH] "Worker-Main-1" id=64 state=WAITING daemon=true
[21:02:17] [coreswap-stallwatch/INFO] (Minecraft) [STDOUT]: [STALLWATCH]     at java.base@17.0.12/jdk.internal.misc.Unsafe.park(Native Method)
[21:02:17] [coreswap-stallwatch/INFO] (Minecraft) [STDOUT]: [STALLWATCH]     at java.base@17.0.12/java.util.concurrent.locks.LockSupport.park(LockSupport.java:341)
[21:02:17] [coreswap-stallwatch/INFO] (Minecraft) [STDOUT]: [STALLWATCH]     at java.base@17.0.12/java.util.concurrent.ForkJoinPool.awaitWork(ForkJoinPool.java:1724)
[21:02:17] [coreswap-stallwatch/INFO] (Minecraft) [STDOUT]: [STALLWATCH]     at java.base@17.0.12/java.util.concurrent.ForkJoinPool.runWorker(ForkJoinPool.java:1623)
[21:02:17] [coreswap-stallwatch/INFO] (Minecraft) [STDOUT]: [STALLWATCH]     at java.base@17.0.12/java.util.concurrent.ForkJoinWorkerThread.run(ForkJoinWorkerThread.java:165)
[21:02:17] [coreswap-stallwatch/INFO] (Minecraft) [STDOUT]: [STALLWATCH] "Signal Dispatcher" id=4 state=RUNNABLE daemon=true
[21:02:17] [coreswap-stallwatch/INFO] (Minecraft) [STDOUT]: [STALLWATCH] "Timer hack thread" id=60 state=TIMED_WAITING daemon=true
[21:02:17] [coreswap-stallwatch/INFO] (Minecraft) [STDOUT]: [STALLWATCH]     at java.base@17.0.12/java.lang.Thread.sleep(Native Method)
[21:02:17] [coreswap-stallwatch/INFO] (Minecraft) [STDOUT]: [STALLWATCH]     at net.minecraft.util.Util$9.run(Util.java:863)
[21:02:17] [coreswap-stallwatch/INFO] (Minecraft) [STDOUT]: [STALLWATCH] "Worker-Main-4" id=67 state=WAITING daemon=true
[21:02:17] [coreswap-stallwatch/INFO] (Minecraft) [STDOUT]: [STALLWATCH]     at java.base@17.0.12/jdk.internal.misc.Unsafe.park(Native Method)
[21:02:17] [coreswap-stallwatch/INFO] (Minecraft) [STDOUT]: [STALLWATCH]     at java.base@17.0.12/java.util.concurrent.locks.LockSupport.park(LockSupport.java:341)
[21:02:17] [coreswap-stallwatch/INFO] (Minecraft) [STDOUT]: [STALLWATCH]     at java.base@17.0.12/java.util.concurrent.ForkJoinPool.awaitWork(ForkJoinPool.java:1724)
[21:02:17] [coreswap-stallwatch/INFO] (Minecraft) [STDOUT]: [STALLWATCH]     at java.base@17.0.12/java.util.concurrent.ForkJoinPool.runWorker(ForkJoinPool.java:1623)
[21:02:17] [coreswap-stallwatch/INFO] (Minecraft) [STDOUT]: [STALLWATCH]     at java.base@17.0.12/java.util.concurrent.ForkJoinWorkerThread.run(ForkJoinWorkerThread.java:165)
[21:02:17] [coreswap-stallwatch/INFO] (Minecraft) [STDOUT]: [STALLWATCH] "Worker-Main-18" id=81 state=WAITING daemon=true
[21:02:17] [coreswap-stallwatch/INFO] (Minecraft) [STDOUT]: [STALLWATCH]     at java.base@17.0.12/jdk.internal.misc.Unsafe.park(Native Method)
[21:02:17] [coreswap-stallwatch/INFO] (Minecraft) [STDOUT]: [STALLWATCH]     at java.base@17.0.12/java.util.concurrent.locks.LockSupport.park(LockSupport.java:341)
[21:02:17] [coreswap-stallwatch/INFO] (Minecraft) [STDOUT]: [STALLWATCH]     at java.base@17.0.12/java.util.concurrent.ForkJoinPool.awaitWork(ForkJoinPool.java:1724)
[21:02:17] [coreswap-stallwatch/INFO] (Minecraft) [STDOUT]: [STALLWATCH]     at java.base@17.0.12/java.util.concurrent.ForkJoinPool.runWorker(ForkJoinPool.java:1623)
[21:02:17] [coreswap-stallwatch/INFO] (Minecraft) [STDOUT]: [STALLWATCH]     at java.base@17.0.12/java.util.concurrent.ForkJoinWorkerThread.run(ForkJoinWorkerThread.java:165)
[21:02:17] [coreswap-stallwatch/INFO] (Minecraft) [STDOUT]: [STALLWATCH] "Worker-Main-3" id=66 state=WAITING daemon=true
[21:02:17] [coreswap-stallwatch/INFO] (Minecraft) [STDOUT]: [STALLWATCH]     at java.base@17.0.12/jdk.internal.misc.Unsafe.park(Native Method)
[21:02:17] [coreswap-stallwatch/INFO] (Minecraft) [STDOUT]: [STALLWATCH]     at java.base@17.0.12/java.util.concurrent.locks.LockSupport.park(LockSupport.java:341)
[21:02:17] [coreswap-stallwatch/INFO] (Minecraft) [STDOUT]: [STALLWATCH]     at java.base@17.0.12/java.util.concurrent.ForkJoinPool.awaitWork(ForkJoinPool.java:1724)
[21:02:17] [coreswap-stallwatch/INFO] (Minecraft) [STDOUT]: [STALLWATCH]     at java.base@17.0.12/java.util.concurrent.ForkJoinPool.runWorker(ForkJoinPool.java:1623)
[21:02:17] [coreswap-stallwatch/INFO] (Minecraft) [STDOUT]: [STALLWATCH]     at java.base@17.0.12/java.util.concurrent.ForkJoinWorkerThread.run(ForkJoinWorkerThread.java:165)
[21:02:17] [coreswap-stallwatch/INFO] (Minecraft) [STDOUT]: [STALLWATCH] "Worker-Main-20" id=83 state=WAITING daemon=true
[21:02:17] [coreswap-stallwatch/INFO] (Minecraft) [STDOUT]: [STALLWATCH]     at java.base@17.0.12/jdk.internal.misc.Unsafe.park(Native Method)
[21:02:17] [coreswap-stallwatch/INFO] (Minecraft) [STDOUT]: [STALLWATCH]     at java.base@17.0.12/java.util.concurrent.locks.LockSupport.park(LockSupport.java:341)
[21:02:17] [coreswap-stallwatch/INFO] (Minecraft) [STDOUT]: [STALLWATCH]     at java.base@17.0.12/java.util.concurrent.ForkJoinPool.awaitWork(ForkJoinPool.java:1724)
[21:02:17] [coreswap-stallwatch/INFO] (Minecraft) [STDOUT]: [STALLWATCH]     at java.base@17.0.12/java.util.concurrent.ForkJoinPool.runWorker(ForkJoinPool.java:1623)
[21:02:17] [coreswap-stallwatch/INFO] (Minecraft) [STDOUT]: [STALLWATCH]     at java.base@17.0.12/java.util.concurrent.ForkJoinWorkerThread.run(ForkJoinWorkerThread.java:165)
[21:02:17] [coreswap-stallwatch/INFO] (Minecraft) [STDOUT]: [STALLWATCH] "Worker-Main-10" id=73 state=WAITING daemon=true
[21:02:17] [coreswap-stallwatch/INFO] (Minecraft) [STDOUT]: [STALLWATCH]     at java.base@17.0.12/jdk.internal.misc.Unsafe.park(Native Method)
[21:02:17] [coreswap-stallwatch/INFO] (Minecraft) [STDOUT]: [STALLWATCH]     at java.base@17.0.12/java.util.concurrent.locks.LockSupport.park(LockSupport.java:341)
[21:02:17] [coreswap-stallwatch/INFO] (Minecraft) [STDOUT]: [STALLWATCH]     at java.base@17.0.12/java.util.concurrent.ForkJoinPool.awaitWork(ForkJoinPool.java:1724)
[21:02:17] [coreswap-stallwatch/INFO] (Minecraft) [STDOUT]: [STALLWATCH]     at java.base@17.0.12/java.util.concurrent.ForkJoinPool.runWorker(ForkJoinPool.java:1623)
[21:02:17] [coreswap-stallwatch/INFO] (Minecraft) [STDOUT]: [STALLWATCH]     at java.base@17.0.12/java.util.concurrent.ForkJoinWorkerThread.run(ForkJoinWorkerThread.java:165)
[21:02:17] [coreswap-stallwatch/INFO] (Minecraft) [STDOUT]: [STALLWATCH] "Finalizer" id=3 state=WAITING daemon=true
[21:02:17] [coreswap-stallwatch/INFO] (Minecraft) [STDOUT]: [STALLWATCH]     at java.base@17.0.12/java.lang.Object.wait(Native Method)
[21:02:17] [coreswap-stallwatch/INFO] (Minecraft) [STDOUT]: [STALLWATCH]     at java.base@17.0.12/java.lang.ref.ReferenceQueue.remove(ReferenceQueue.java:155)
[21:02:17] [coreswap-stallwatch/INFO] (Minecraft) [STDOUT]: [STALLWATCH]     at java.base@17.0.12/java.lang.ref.ReferenceQueue.remove(ReferenceQueue.java:176)
[21:02:17] [coreswap-stallwatch/INFO] (Minecraft) [STDOUT]: [STALLWATCH]     at java.base@17.0.12/java.lang.ref.Finalizer$FinalizerThread.run(Finalizer.java:172)
[21:02:17] [coreswap-stallwatch/INFO] (Minecraft) [STDOUT]: [STALLWATCH] "Worker-Main-22" id=85 state=WAITING daemon=true
[21:02:17] [coreswap-stallwatch/INFO] (Minecraft) [STDOUT]: [STALLWATCH]     at java.base@17.0.12/jdk.internal.misc.Unsafe.park(Native Method)
[21:02:17] [coreswap-stallwatch/INFO] (Minecraft) [STDOUT]: [STALLWATCH]     at java.base@17.0.12/java.util.concurrent.locks.LockSupport.park(LockSupport.java:341)
[21:02:17] [coreswap-stallwatch/INFO] (Minecraft) [STDOUT]: [STALLWATCH]     at java.base@17.0.12/java.util.concurrent.ForkJoinPool.awaitWork(ForkJoinPool.java:1724)
[21:02:17] [coreswap-stallwatch/INFO] (Minecraft) [STDOUT]: [STALLWATCH]     at java.base@17.0.12/java.util.concurrent.ForkJoinPool.runWorker(ForkJoinPool.java:1623)
[21:02:17] [coreswap-stallwatch/INFO] (Minecraft) [STDOUT]: [STALLWATCH]     at java.base@17.0.12/java.util.concurrent.ForkJoinWorkerThread.run(ForkJoinWorkerThread.java:165)
[21:02:17] [coreswap-stallwatch/INFO] (Minecraft) [STDOUT]: [STALLWATCH] "IO-Worker-26" id=94 state=TIMED_WAITING daemon=false
[21:02:17] [coreswap-stallwatch/INFO] (Minecraft) [STDOUT]: [STALLWATCH]     at java.base@17.0.12/jdk.internal.misc.Unsafe.park(Native Method)
[21:02:17] [coreswap-stallwatch/INFO] (Minecraft) [STDOUT]: [STALLWATCH]     at java.base@17.0.12/java.util.concurrent.locks.LockSupport.parkNanos(LockSupport.java:252)
[21:02:17] [coreswap-stallwatch/INFO] (Minecraft) [STDOUT]: [STALLWATCH]     at java.base@17.0.12/java.util.concurrent.SynchronousQueue$TransferStack.transfer(SynchronousQueue.java:401)
[21:02:17] [coreswap-stallwatch/INFO] (Minecraft) [STDOUT]: [STALLWATCH]     at java.base@17.0.12/java.util.concurrent.SynchronousQueue.poll(SynchronousQueue.java:903)
[21:02:17] [coreswap-stallwatch/INFO] (Minecraft) [STDOUT]: [STALLWATCH]     at java.base@17.0.12/java.util.concurrent.ThreadPoolExecutor.getTask(ThreadPoolExecutor.java:1061)
[21:02:17] [coreswap-stallwatch/INFO] (Minecraft) [STDOUT]: [STALLWATCH]     at java.base@17.0.12/java.util.concurrent.ThreadPoolExecutor.runWorker(ThreadPoolExecutor.java:1122)
[21:02:17] [coreswap-stallwatch/INFO] (Minecraft) [STDOUT]: [STALLWATCH]     at java.base@17.0.12/java.util.concurrent.ThreadPoolExecutor$Worker.run(ThreadPoolExecutor.java:635)
[21:02:17] [coreswap-stallwatch/INFO] (Minecraft) [STDOUT]: [STALLWATCH]     at java.base@17.0.12/java.lang.Thread.run(Thread.java:842)
[21:02:17] [coreswap-stallwatch/INFO] (Minecraft) [STDOUT]: [STALLWATCH] "IO-Worker-28" id=96 state=TIMED_WAITING daemon=false
[21:02:17] [coreswap-stallwatch/INFO] (Minecraft) [STDOUT]: [STALLWATCH]     at java.base@17.0.12/jdk.internal.misc.Unsafe.park(Native Method)
[21:02:17] [coreswap-stallwatch/INFO] (Minecraft) [STDOUT]: [STALLWATCH]     at java.base@17.0.12/java.util.concurrent.locks.LockSupport.parkNanos(LockSupport.java:252)
[21:02:17] [coreswap-stallwatch/INFO] (Minecraft) [STDOUT]: [STALLWATCH]     at java.base@17.0.12/java.util.concurrent.SynchronousQueue$TransferStack.transfer(SynchronousQueue.java:401)
[21:02:17] [coreswap-stallwatch/INFO] (Minecraft) [STDOUT]: [STALLWATCH]     at java.base@17.0.12/java.util.concurrent.SynchronousQueue.poll(SynchronousQueue.java:903)
[21:02:17] [coreswap-stallwatch/INFO] (Minecraft) [STDOUT]: [STALLWATCH]     at java.base@17.0.12/java.util.concurrent.ThreadPoolExecutor.getTask(ThreadPoolExecutor.java:1061)
[21:02:17] [coreswap-stallwatch/INFO] (Minecraft) [STDOUT]: [STALLWATCH]     at java.base@17.0.12/java.util.concurrent.ThreadPoolExecutor.runWorker(ThreadPoolExecutor.java:1122)
[21:02:17] [coreswap-stallwatch/INFO] (Minecraft) [STDOUT]: [STALLWATCH]     at java.base@17.0.12/java.util.concurrent.ThreadPoolExecutor$Worker.run(ThreadPoolExecutor.java:635)
[21:02:17] [coreswap-stallwatch/INFO] (Minecraft) [STDOUT]: [STALLWATCH]     at java.base@17.0.12/java.lang.Thread.run(Thread.java:842)
[21:02:17] [coreswap-stallwatch/INFO] (Minecraft) [STDOUT]: [STALLWATCH] "Thread-7" id=100 state=TIMED_WAITING daemon=true
[21:02:17] [coreswap-stallwatch/INFO] (Minecraft) [STDOUT]: [STALLWATCH]     at java.base@17.0.12/jdk.internal.misc.Unsafe.park(Native Method)
[21:02:17] [coreswap-stallwatch/INFO] (Minecraft) [STDOUT]: [STALLWATCH]     at java.base@17.0.12/java.util.concurrent.locks.LockSupport.parkNanos(LockSupport.java:252)
[21:02:17] [coreswap-stallwatch/INFO] (Minecraft) [STDOUT]: [STALLWATCH]     at java.base@17.0.12/java.util.concurrent.SynchronousQueue$TransferStack.transfer(SynchronousQueue.java:401)
[21:02:17] [coreswap-stallwatch/INFO] (Minecraft) [STDOUT]: [STALLWATCH]     at java.base@17.0.12/java.util.concurrent.SynchronousQueue.poll(SynchronousQueue.java:903)
[21:02:17] [coreswap-stallwatch/INFO] (Minecraft) [STDOUT]: [STALLWATCH]     at java.base@17.0.12/java.util.concurrent.ThreadPoolExecutor.getTask(ThreadPoolExecutor.java:1061)
[21:02:17] [coreswap-stallwatch/INFO] (Minecraft) [STDOUT]: [STALLWATCH]     at java.base@17.0.12/java.util.concurrent.ThreadPoolExecutor.runWorker(ThreadPoolExecutor.java:1122)
[21:02:17] [coreswap-stallwatch/INFO] (Minecraft) [STDOUT]: [STALLWATCH]     at java.base@17.0.12/java.util.concurrent.ThreadPoolExecutor$Worker.run(ThreadPoolExecutor.java:635)
[21:02:17] [coreswap-stallwatch/INFO] (Minecraft) [STDOUT]: [STALLWATCH]     at java.base@17.0.12/java.lang.Thread.run(Thread.java:842)
[21:02:17] [coreswap-stallwatch/INFO] (Minecraft) [STDOUT]: [STALLWATCH] "Worker-Main-17" id=80 state=WAITING daemon=true
[21:02:17] [coreswap-stallwatch/INFO] (Minecraft) [STDOUT]: [STALLWATCH]     at java.base@17.0.12/jdk.internal.misc.Unsafe.park(Native Method)
[21:02:17] [coreswap-stallwatch/INFO] (Minecraft) [STDOUT]: [STALLWATCH]     at java.base@17.0.12/java.util.concurrent.locks.LockSupport.park(LockSupport.java:341)
[21:02:17] [coreswap-stallwatch/INFO] (Minecraft) [STDOUT]: [STALLWATCH]     at java.base@17.0.12/java.util.concurrent.ForkJoinPool.awaitWork(ForkJoinPool.java:1724)
[21:02:17] [coreswap-stallwatch/INFO] (Minecraft) [STDOUT]: [STALLWATCH]     at java.base@17.0.12/java.util.concurrent.ForkJoinPool.runWorker(ForkJoinPool.java:1623)
[21:02:17] [coreswap-stallwatch/INFO] (Minecraft) [STDOUT]: [STALLWATCH]     at java.base@17.0.12/java.util.concurrent.ForkJoinWorkerThread.run(ForkJoinWorkerThread.java:165)
[21:02:17] [coreswap-stallwatch/INFO] (Minecraft) [STDOUT]: [STALLWATCH] "Worker-Main-7" id=70 state=WAITING daemon=true
[21:02:17] [coreswap-stallwatch/INFO] (Minecraft) [STDOUT]: [STALLWATCH]     at java.base@17.0.12/jdk.internal.misc.Unsafe.park(Native Method)
[21:02:17] [coreswap-stallwatch/INFO] (Minecraft) [STDOUT]: [STALLWATCH]     at java.base@17.0.12/java.util.concurrent.locks.LockSupport.park(LockSupport.java:341)
[21:02:17] [coreswap-stallwatch/INFO] (Minecraft) [STDOUT]: [STALLWATCH]     at java.base@17.0.12/java.util.concurrent.ForkJoinPool.awaitWork(ForkJoinPool.java:1724)
[21:02:17] [coreswap-stallwatch/INFO] (Minecraft) [STDOUT]: [STALLWATCH]     at java.base@17.0.12/java.util.concurrent.ForkJoinPool.runWorker(ForkJoinPool.java:1623)
[21:02:17] [coreswap-stallwatch/INFO] (Minecraft) [STDOUT]: [STALLWATCH]     at java.base@17.0.12/java.util.concurrent.ForkJoinWorkerThread.run(ForkJoinWorkerThread.java:165)
[21:02:17] [coreswap-stallwatch/INFO] (Minecraft) [STDOUT]: [STALLWATCH] "JNA Cleaner" id=59 state=WAITING daemon=true
[21:02:17] [coreswap-stallwatch/INFO] (Minecraft) [STDOUT]: [STALLWATCH]     at java.base@17.0.12/java.lang.Object.wait(Native Method)
[21:02:17] [coreswap-stallwatch/INFO] (Minecraft) [STDOUT]: [STALLWATCH]     at java.base@17.0.12/java.lang.ref.ReferenceQueue.remove(ReferenceQueue.java:155)
[21:02:17] [coreswap-stallwatch/INFO] (Minecraft) [STDOUT]: [STALLWATCH]     at java.base@17.0.12/java.lang.ref.ReferenceQueue.remove(ReferenceQueue.java:176)
[21:02:17] [coreswap-stallwatch/INFO] (Minecraft) [STDOUT]: [STALLWATCH]     at com.sun.jna.internal.Cleaner$1.run(Cleaner.java:58)
[21:02:17] [coreswap-stallwatch/INFO] (Minecraft) [STDOUT]: [STALLWATCH] "Worker-Main-6" id=69 state=WAITING daemon=true
[21:02:17] [coreswap-stallwatch/INFO] (Minecraft) [STDOUT]: [STALLWATCH]     at java.base@17.0.12/jdk.internal.misc.Unsafe.park(Native Method)
[21:02:17] [coreswap-stallwatch/INFO] (Minecraft) [STDOUT]: [STALLWATCH]     at java.base@17.0.12/java.util.concurrent.locks.LockSupport.park(LockSupport.java:341)
[21:02:17] [coreswap-stallwatch/INFO] (Minecraft) [STDOUT]: [STALLWATCH]     at java.base@17.0.12/java.util.concurrent.ForkJoinPool.awaitWork(ForkJoinPool.java:1724)
[21:02:17] [coreswap-stallwatch/INFO] (Minecraft) [STDOUT]: [STALLWATCH]     at java.base@17.0.12/java.util.concurrent.ForkJoinPool.runWorker(ForkJoinPool.java:1623)
[21:02:17] [coreswap-stallwatch/INFO] (Minecraft) [STDOUT]: [STALLWATCH]     at java.base@17.0.12/java.util.concurrent.ForkJoinWorkerThread.run(ForkJoinWorkerThread.java:165)
[21:02:17] [coreswap-stallwatch/INFO] (Minecraft) [STDOUT]: [STALLWATCH] "Reference Handler" id=2 state=RUNNABLE daemon=true
[21:02:17] [coreswap-stallwatch/INFO] (Minecraft) [STDOUT]: [STALLWATCH]     at java.base@17.0.12/java.lang.ref.Reference.waitForReferencePendingList(Native Method)
[21:02:17] [coreswap-stallwatch/INFO] (Minecraft) [STDOUT]: [STALLWATCH]     at java.base@17.0.12/java.lang.ref.Reference.processPendingReferences(Reference.java:253)
[21:02:17] [coreswap-stallwatch/INFO] (Minecraft) [STDOUT]: [STALLWATCH]     at java.base@17.0.12/java.lang.ref.Reference$ReferenceHandler.run(Reference.java:215)
[21:02:17] [coreswap-stallwatch/INFO] (Minecraft) [STDOUT]: [STALLWATCH] "RCON Listener #1" id=98 state=RUNNABLE daemon=false
[21:02:17] [coreswap-stallwatch/INFO] (Minecraft) [STDOUT]: [STALLWATCH]     at java.base@17.0.12/sun.nio.ch.Net.poll(Native Method)
[21:02:17] [coreswap-stallwatch/INFO] (Minecraft) [STDOUT]: [STALLWATCH]     at java.base@17.0.12/sun.nio.ch.NioSocketImpl.park(NioSocketImpl.java:186)
[21:02:17] [coreswap-stallwatch/INFO] (Minecraft) [STDOUT]: [STALLWATCH]     at java.base@17.0.12/sun.nio.ch.NioSocketImpl.timedAccept(NioSocketImpl.java:715)
[21:02:17] [coreswap-stallwatch/INFO] (Minecraft) [STDOUT]: [STALLWATCH]     at java.base@17.0.12/sun.nio.ch.NioSocketImpl.accept(NioSocketImpl.java:757)
[21:02:17] [coreswap-stallwatch/INFO] (Minecraft) [STDOUT]: [STALLWATCH]     at java.base@17.0.12/java.net.ServerSocket.implAccept(ServerSocket.java:675)
[21:02:17] [coreswap-stallwatch/INFO] (Minecraft) [STDOUT]: [STALLWATCH]     at java.base@17.0.12/java.net.ServerSocket.platformImplAccept(ServerSocket.java:641)
[21:02:17] [coreswap-stallwatch/INFO] (Minecraft) [STDOUT]: [STALLWATCH]     at java.base@17.0.12/java.net.ServerSocket.implAccept(ServerSocket.java:617)
[21:02:17] [coreswap-stallwatch/INFO] (Minecraft) [STDOUT]: [STALLWATCH]     at java.base@17.0.12/java.net.ServerSocket.implAccept(ServerSocket.java:574)
[21:02:17] [coreswap-stallwatch/INFO] (Minecraft) [STDOUT]: [STALLWATCH]     at java.base@17.0.12/java.net.ServerSocket.accept(ServerSocket.java:532)
[21:02:17] [coreswap-stallwatch/INFO] (Minecraft) [STDOUT]: [STALLWATCH]     at net.minecraft.server.rcon.RconListener.run(RconListener.java:38)
[21:02:17] [coreswap-stallwatch/INFO] (Minecraft) [STDOUT]: [STALLWATCH]     at java.base@17.0.12/java.lang.Thread.run(Thread.java:842)
[21:02:17] [coreswap-stallwatch/INFO] (Minecraft) [STDOUT]: [STALLWATCH] "Netty Server IO #0" id=91 state=RUNNABLE daemon=true
[21:02:17] [coreswap-stallwatch/INFO] (Minecraft) [STDOUT]: [STALLWATCH]     at java.base@17.0.12/sun.nio.ch.WEPoll.wait(Native Method)
[21:02:17] [coreswap-stallwatch/INFO] (Minecraft) [STDOUT]: [STALLWATCH]     at java.base@17.0.12/sun.nio.ch.WEPollSelectorImpl.doSelect(WEPollSelectorImpl.java:111)
[21:02:17] [coreswap-stallwatch/INFO] (Minecraft) [STDOUT]: [STALLWATCH]     at java.base@17.0.12/sun.nio.ch.SelectorImpl.lockAndDoSelect(SelectorImpl.java:129)
[21:02:17] [coreswap-stallwatch/INFO] (Minecraft) [STDOUT]: [STALLWATCH]     at java.base@17.0.12/sun.nio.ch.SelectorImpl.select(SelectorImpl.java:146)
[21:02:17] [coreswap-stallwatch/INFO] (Minecraft) [STDOUT]: [STALLWATCH]     at io.netty.channel.nio.SelectedSelectionKeySetSelector.select(SelectedSelectionKeySetSelector.java:68)
[21:02:17] [coreswap-stallwatch/INFO] (Minecraft) [STDOUT]: [STALLWATCH]     at io.netty.channel.nio.NioEventLoop.select(NioEventLoop.java:879)
[21:02:17] [coreswap-stallwatch/INFO] (Minecraft) [STDOUT]: [STALLWATCH]     at io.netty.channel.nio.NioEventLoop.run(NioEventLoop.java:526)
[21:02:17] [coreswap-stallwatch/INFO] (Minecraft) [STDOUT]: [STALLWATCH]     at io.netty.util.concurrent.SingleThreadEventExecutor$4.run(SingleThreadEventExecutor.java:997)
[21:02:17] [coreswap-stallwatch/INFO] (Minecraft) [STDOUT]: [STALLWATCH]     at io.netty.util.internal.ThreadExecutorMap$2.run(ThreadExecutorMap.java:74)
[21:02:17] [coreswap-stallwatch/INFO] (Minecraft) [STDOUT]: [STALLWATCH]     at java.base@17.0.12/java.lang.Thread.run(Thread.java:842)
[21:02:17] [coreswap-stallwatch/INFO] (Minecraft) [STDOUT]: [STALLWATCH] "Worker-Main-9" id=72 state=RUNNABLE daemon=true
[21:02:17] [coreswap-stallwatch/INFO] (Minecraft) [STDOUT]: [STALLWATCH]     at wg.CppWorldgen.fillBlocks(Native Method)
[21:02:17] [coreswap-stallwatch/INFO] (Minecraft) [STDOUT]: [STALLWATCH]     at wg.bench.CppBridge.fillChunk(CppBridge.java:377)
[21:02:17] [coreswap-stallwatch/INFO] (Minecraft) [STDOUT]: [STALLWATCH]     at net.minecraft.world.gen.chunk.NoiseChunkGenerator.md24f970$coreswap$lambda$wgPopulateNoise$1$2(NoiseChunkGenerator.java:671)
[21:02:17] [coreswap-stallwatch/INFO] (Minecraft) [STDOUT]: [STALLWATCH]     at net.minecraft.world.gen.chunk.NoiseChunkGenerator$$Lambda$6051/0x000001fc99c81760.get(Unknown Source)
[21:02:17] [coreswap-stallwatch/INFO] (Minecraft) [STDOUT]: [STALLWATCH]     at net.minecraft.world.gen.chunk.NoiseChunkGenerator.wgDispatch(NoiseChunkGenerator.java:610)
[21:02:17] [coreswap-stallwatch/INFO] (Minecraft) [STDOUT]: [STALLWATCH]     at net.minecraft.world.gen.chunk.NoiseChunkGenerator.handler$zdj000$coreswap$wgPopulateNoise(NoiseChunkGenerator.java:687)
[21:02:17] [coreswap-stallwatch/INFO] (Minecraft) [STDOUT]: [STALLWATCH]     at net.minecraft.world.gen.chunk.NoiseChunkGenerator.populateNoise(NoiseChunkGenerator.java)
[21:02:17] [coreswap-stallwatch/INFO] (Minecraft) [STDOUT]: [STALLWATCH]     at net.minecraft.world.chunk.ChunkStatus.method_38284(ChunkStatus.java:96)
[21:02:17] [coreswap-stallwatch/INFO] (Minecraft) [STDOUT]: [STALLWATCH]     at net.minecraft.world.chunk.ChunkStatus$$Lambda$1750/0x000001fc996e7300.doWork(Unknown Source)
[21:02:17] [coreswap-stallwatch/INFO] (Minecraft) [STDOUT]: [STALLWATCH]     at net.minecraft.world.chunk.ChunkStatus.runGenerationTask(ChunkStatus.java:357)
[21:02:17] [coreswap-stallwatch/INFO] (Minecraft) [STDOUT]: [STALLWATCH]     at net.minecraft.server.world.ThreadedAnvilChunkStorage.method_17225(ThreadedAnvilChunkStorage.java:656)
[21:02:17] [coreswap-stallwatch/INFO] (Minecraft) [STDOUT]: [STALLWATCH]     at net.minecraft.server.world.ThreadedAnvilChunkStorage$$Lambda$5350/0x000001fc99ba5ce8.apply(Unknown Source)
[21:02:17] [coreswap-stallwatch/INFO] (Minecraft) [STDOUT]: [STALLWATCH]     at com.mojang.datafixers.util.Either$Left.map(Either.java:38)
[21:02:17] [coreswap-stallwatch/INFO] (Minecraft) [STDOUT]: [STALLWATCH]     at net.minecraft.server.world.ThreadedAnvilChunkStorage.method_17224(ThreadedAnvilChunkStorage.java:645)
[21:02:17] [coreswap-stallwatch/INFO] (Minecraft) [STDOUT]: [STALLWATCH]     at net.minecraft.server.world.ThreadedAnvilChunkStorage$$Lambda$5306/0x000001fc99b936f8.apply(Unknown Source)
[21:02:17] [coreswap-stallwatch/INFO] (Minecraft) [STDOUT]: [STALLWATCH]     at java.base@17.0.12/java.util.concurrent.CompletableFuture$UniCompose.tryFire(CompletableFuture.java:1150)
[21:02:17] [coreswap-stallwatch/INFO] (Minecraft) [STDOUT]: [STALLWATCH]     at java.base@17.0.12/java.util.concurrent.CompletableFuture$Completion.run(CompletableFuture.java:482)
[21:02:17] [coreswap-stallwatch/INFO] (Minecraft) [STDOUT]: [STALLWATCH]     at net.minecraft.server.world.ChunkTaskPrioritySystem.method_17634(ChunkTaskPrioritySystem.java:49)
[21:02:17] [coreswap-stallwatch/INFO] (Minecraft) [STDOUT]: [STALLWATCH]     at net.minecraft.server.world.ChunkTaskPrioritySystem$$Lambda$5349/0x000001fc99ba5ac8.run(Unknown Source)
[21:02:17] [coreswap-stallwatch/INFO] (Minecraft) [STDOUT]: [STALLWATCH]     at net.minecraft.util.thread.TaskExecutor.runNext(TaskExecutor.java:79)
[21:02:17] [coreswap-stallwatch/INFO] (Minecraft) [STDOUT]: [STALLWATCH]     at net.minecraft.util.thread.TaskExecutor.runWhile(TaskExecutor.java:129)
[21:02:17] [coreswap-stallwatch/INFO] (Minecraft) [STDOUT]: [STALLWATCH]     at net.minecraft.util.thread.TaskExecutor.run(TaskExecutor.java:87)
[21:02:17] [coreswap-stallwatch/INFO] (Minecraft) [STDOUT]: [STALLWATCH]     at java.base@17.0.12/java.util.concurrent.ForkJoinTask$RunnableExecuteAction.exec(ForkJoinTask.java:1395)
[21:02:17] [coreswap-stallwatch/INFO] (Minecraft) [STDOUT]: [STALLWATCH]     at java.base@17.0.12/java.util.concurrent.ForkJoinTask.doExec(ForkJoinTask.java:373)
[21:02:17] [coreswap-stallwatch/INFO] (Minecraft) [STDOUT]: [STALLWATCH]     at java.base@17.0.12/java.util.concurrent.ForkJoinPool$WorkQueue.topLevelExec(ForkJoinPool.java:1182)
[21:02:17] [coreswap-stallwatch/INFO] (Minecraft) [STDOUT]: [STALLWATCH]     at java.base@17.0.12/java.util.concurrent.ForkJoinPool.scan(ForkJoinPool.java:1655)
[21:02:17] [coreswap-stallwatch/INFO] (Minecraft) [STDOUT]: [STALLWATCH]     at java.base@17.0.12/java.util.concurrent.ForkJoinPool.runWorker(ForkJoinPool.java:1622)
[21:02:17] [coreswap-stallwatch/INFO] (Minecraft) [STDOUT]: [STALLWATCH]     at java.base@17.0.12/java.util.concurrent.ForkJoinWorkerThread.run(ForkJoinWorkerThread.java:165)
[21:02:17] [coreswap-stallwatch/INFO] (Minecraft) [STDOUT]: [STALLWATCH] "Worker-Main-8" id=71 state=WAITING daemon=true
[21:02:17] [coreswap-stallwatch/INFO] (Minecraft) [STDOUT]: [STALLWATCH]     at java.base@17.0.12/jdk.internal.misc.Unsafe.park(Native Method)
[21:02:17] [coreswap-stallwatch/INFO] (Minecraft) [STDOUT]: [STALLWATCH]     at java.base@17.0.12/java.util.concurrent.locks.LockSupport.park(LockSupport.java:341)
[21:02:17] [coreswap-stallwatch/INFO] (Minecraft) [STDOUT]: [STALLWATCH]     at java.base@17.0.12/java.util.concurrent.ForkJoinPool.awaitWork(ForkJoinPool.java:1724)
[21:02:17] [coreswap-stallwatch/INFO] (Minecraft) [STDOUT]: [STALLWATCH]     at java.base@17.0.12/java.util.concurrent.ForkJoinPool.runWorker(ForkJoinPool.java:1623)
[21:02:17] [coreswap-stallwatch/INFO] (Minecraft) [STDOUT]: [STALLWATCH]     at java.base@17.0.12/java.util.concurrent.ForkJoinWorkerThread.run(ForkJoinWorkerThread.java:165)
[21:02:17] [coreswap-stallwatch/INFO] (Minecraft) [STDOUT]: [STALLWATCH] "Notification Thread" id=21 state=RUNNABLE daemon=true
[21:02:17] [coreswap-stallwatch/INFO] (Minecraft) [STDOUT]: [STALLWATCH] "Worker-Main-11" id=74 state=WAITING daemon=true
[21:02:17] [coreswap-stallwatch/INFO] (Minecraft) [STDOUT]: [STALLWATCH]     at java.base@17.0.12/jdk.internal.misc.Unsafe.park(Native Method)
[21:02:17] [coreswap-stallwatch/INFO] (Minecraft) [STDOUT]: [STALLWATCH]     at java.base@17.0.12/java.util.concurrent.locks.LockSupport.park(LockSupport.java:341)
[21:02:17] [coreswap-stallwatch/INFO] (Minecraft) [STDOUT]: [STALLWATCH]     at java.base@17.0.12/java.util.concurrent.ForkJoinPool.awaitWork(ForkJoinPool.java:1724)
[21:02:17] [coreswap-stallwatch/INFO] (Minecraft) [STDOUT]: [STALLWATCH]     at java.base@17.0.12/java.util.concurrent.ForkJoinPool.runWorker(ForkJoinPool.java:1623)
[21:02:17] [coreswap-stallwatch/INFO] (Minecraft) [STDOUT]: [STALLWATCH]     at java.base@17.0.12/java.util.concurrent.ForkJoinWorkerThread.run(ForkJoinWorkerThread.java:165)
[21:02:17] [coreswap-stallwatch/INFO] (Minecraft) [STDOUT]: [STALLWATCH] "Chunky-minecraft:overworld Thread" id=102 state=WAITING daemon=true
[21:02:17] [coreswap-stallwatch/INFO] (Minecraft) [STDOUT]: [STALLWATCH]     at java.base@17.0.12/jdk.internal.misc.Unsafe.park(Native Method)
[21:02:17] [coreswap-stallwatch/INFO] (Minecraft) [STDOUT]: [STALLWATCH]     at java.base@17.0.12/java.util.concurrent.locks.LockSupport.park(LockSupport.java:211)
[21:02:17] [coreswap-stallwatch/INFO] (Minecraft) [STDOUT]: [STALLWATCH]     at java.base@17.0.12/java.util.concurrent.locks.AbstractQueuedSynchronizer.acquire(AbstractQueuedSynchronizer.java:715)
[21:02:17] [coreswap-stallwatch/INFO] (Minecraft) [STDOUT]: [STALLWATCH]     at java.base@17.0.12/java.util.concurrent.locks.AbstractQueuedSynchronizer.acquireSharedInterruptibly(AbstractQueuedSynchronizer.java:1047)
[21:02:17] [coreswap-stallwatch/INFO] (Minecraft) [STDOUT]: [STALLWATCH]     at java.base@17.0.12/java.util.concurrent.Semaphore.acquire(Semaphore.java:318)
[21:02:17] [coreswap-stallwatch/INFO] (Minecraft) [STDOUT]: [STALLWATCH]     at org.popcraft.chunky.GenerationTask.run(GenerationTask.java:140)
[21:02:17] [coreswap-stallwatch/INFO] (Minecraft) [STDOUT]: [STALLWATCH]     at java.base@17.0.12/java.util.concurrent.Executors$RunnableAdapter.call(Executors.java:539)
[21:02:17] [coreswap-stallwatch/INFO] (Minecraft) [STDOUT]: [STALLWATCH]     at java.base@17.0.12/java.util.concurrent.FutureTask.run(FutureTask.java:264)
[21:02:17] [coreswap-stallwatch/INFO] (Minecraft) [STDOUT]: [STALLWATCH]     at java.base@17.0.12/java.util.concurrent.ThreadPoolExecutor.runWorker(ThreadPoolExecutor.java:1136)
[21:02:17] [coreswap-stallwatch/INFO] (Minecraft) [STDOUT]: [STALLWATCH]     at java.base@17.0.12/java.util.concurrent.ThreadPoolExecutor$Worker.run(ThreadPoolExecutor.java:635)
[21:02:17] [coreswap-stallwatch/INFO] (Minecraft) [STDOUT]: [STALLWATCH]     at java.base@17.0.12/java.lang.Thread.run(Thread.java:842)
[21:02:17] [coreswap-stallwatch/INFO] (Minecraft) [STDOUT]: [STALLWATCH] "Worker-Main-13" id=76 state=WAITING daemon=true
[21:02:17] [coreswap-stallwatch/INFO] (Minecraft) [STDOUT]: [STALLWATCH]     at java.base@17.0.12/jdk.internal.misc.Unsafe.park(Native Method)
[21:02:17] [coreswap-stallwatch/INFO] (Minecraft) [STDOUT]: [STALLWATCH]     at java.base@17.0.12/java.util.concurrent.locks.LockSupport.park(LockSupport.java:341)
[21:02:17] [coreswap-stallwatch/INFO] (Minecraft) [STDOUT]: [STALLWATCH]     at java.base@17.0.12/java.util.concurrent.ForkJoinPool.awaitWork(ForkJoinPool.java:1724)
[21:02:17] [coreswap-stallwatch/INFO] (Minecraft) [STDOUT]: [STALLWATCH]     at java.base@17.0.12/java.util.concurrent.ForkJoinPool.runWorker(ForkJoinPool.java:1623)
[21:02:17] [coreswap-stallwatch/INFO] (Minecraft) [STDOUT]: [STALLWATCH]     at java.base@17.0.12/java.util.concurrent.ForkJoinWorkerThread.run(ForkJoinWorkerThread.java:165)
[21:02:17] [coreswap-stallwatch/INFO] (Minecraft) [STDOUT]: [STALLWATCH] "Yggdrasil Key Fetcher" id=61 state=TIMED_WAITING daemon=true
[21:02:17] [coreswap-stallwatch/INFO] (Minecraft) [STDOUT]: [STALLWATCH]     at java.base@17.0.12/jdk.internal.misc.Unsafe.park(Native Method)
[21:02:17] [coreswap-stallwatch/INFO] (Minecraft) [STDOUT]: [STALLWATCH]     at java.base@17.0.12/java.util.concurrent.locks.LockSupport.parkNanos(LockSupport.java:252)
[21:02:17] [coreswap-stallwatch/INFO] (Minecraft) [STDOUT]: [STALLWATCH]     at java.base@17.0.12/java.util.concurrent.locks.AbstractQueuedSynchronizer$ConditionObject.awaitNanos(AbstractQueuedSynchronizer.java:1672)
[21:02:17] [coreswap-stallwatch/INFO] (Minecraft) [STDOUT]: [STALLWATCH]     at java.base@17.0.12/java.util.concurrent.ScheduledThreadPoolExecutor$DelayedWorkQueue.take(ScheduledThreadPoolExecutor.java:1182)
[21:02:17] [coreswap-stallwatch/INFO] (Minecraft) [STDOUT]: [STALLWATCH]     at java.base@17.0.12/java.util.concurrent.ScheduledThreadPoolExecutor$DelayedWorkQueue.take(ScheduledThreadPoolExecutor.java:899)
[21:02:17] [coreswap-stallwatch/INFO] (Minecraft) [STDOUT]: [STALLWATCH]     at java.base@17.0.12/java.util.concurrent.ThreadPoolExecutor.getTask(ThreadPoolExecutor.java:1062)
[21:02:17] [coreswap-stallwatch/INFO] (Minecraft) [STDOUT]: [STALLWATCH]     at java.base@17.0.12/java.util.concurrent.ThreadPoolExecutor.runWorker(ThreadPoolExecutor.java:1122)
[21:02:17] [coreswap-stallwatch/INFO] (Minecraft) [STDOUT]: [STALLWATCH]     at java.base@17.0.12/java.util.concurrent.ThreadPoolExecutor$Worker.run(ThreadPoolExecutor.java:635)
[21:02:17] [coreswap-stallwatch/INFO] (Minecraft) [STDOUT]: [STALLWATCH]     at java.base@17.0.12/java.lang.Thread.run(Thread.java:842)
[21:02:17] [coreswap-stallwatch/INFO] (Minecraft) [STDOUT]: [STALLWATCH] "Worker-Main-23" id=86 state=WAITING daemon=true
[21:02:17] [coreswap-stallwatch/INFO] (Minecraft) [STDOUT]: [STALLWATCH]     at java.base@17.0.12/jdk.internal.misc.Unsafe.park(Native Method)
[21:02:17] [coreswap-stallwatch/INFO] (Minecraft) [STDOUT]: [STALLWATCH]     at java.base@17.0.12/java.util.concurrent.locks.LockSupport.park(LockSupport.java:341)
[21:02:17] [coreswap-stallwatch/INFO] (Minecraft) [STDOUT]: [STALLWATCH]     at java.base@17.0.12/java.util.concurrent.ForkJoinPool.awaitWork(ForkJoinPool.java:1724)
[21:02:17] [coreswap-stallwatch/INFO] (Minecraft) [STDOUT]: [STALLWATCH]     at java.base@17.0.12/java.util.concurrent.ForkJoinPool.runWorker(ForkJoinPool.java:1623)
[21:02:17] [coreswap-stallwatch/INFO] (Minecraft) [STDOUT]: [STALLWATCH]     at java.base@17.0.12/java.util.concurrent.ForkJoinWorkerThread.run(ForkJoinWorkerThread.java:165)
[21:02:17] [coreswap-stallwatch/INFO] (Minecraft) [STDOUT]: [STALLWATCH] "IO-Worker-25" id=93 state=TIMED_WAITING daemon=false
[21:02:17] [coreswap-stallwatch/INFO] (Minecraft) [STDOUT]: [STALLWATCH]     at java.base@17.0.12/jdk.internal.misc.Unsafe.park(Native Method)
[21:02:17] [coreswap-stallwatch/INFO] (Minecraft) [STDOUT]: [STALLWATCH]     at java.base@17.0.12/java.util.concurrent.locks.LockSupport.parkNanos(LockSupport.java:252)
[21:02:17] [coreswap-stallwatch/INFO] (Minecraft) [STDOUT]: [STALLWATCH]     at java.base@17.0.12/java.util.concurrent.SynchronousQueue$TransferStack.transfer(SynchronousQueue.java:401)
[21:02:17] [coreswap-stallwatch/INFO] (Minecraft) [STDOUT]: [STALLWATCH]     at java.base@17.0.12/java.util.concurrent.SynchronousQueue.poll(SynchronousQueue.java:903)
[21:02:17] [coreswap-stallwatch/INFO] (Minecraft) [STDOUT]: [STALLWATCH]     at java.base@17.0.12/java.util.concurrent.ThreadPoolExecutor.getTask(ThreadPoolExecutor.java:1061)
[21:02:17] [coreswap-stallwatch/INFO] (Minecraft) [STDOUT]: [STALLWATCH]     at java.base@17.0.12/java.util.concurrent.ThreadPoolExecutor.runWorker(ThreadPoolExecutor.java:1122)
[21:02:17] [coreswap-stallwatch/INFO] (Minecraft) [STDOUT]: [STALLWATCH]     at java.base@17.0.12/java.util.concurrent.ThreadPoolExecutor$Worker.run(ThreadPoolExecutor.java:635)
[21:02:17] [coreswap-stallwatch/INFO] (Minecraft) [STDOUT]: [STALLWATCH]     at java.base@17.0.12/java.lang.Thread.run(Thread.java:842)
[21:02:17] [coreswap-stallwatch/INFO] (Minecraft) [STDOUT]: [STALLWATCH] === end ===
[21:02:20] [RCON Listener #1/INFO] (Minecraft) Thread RCON Client /127.0.0.1 started
[21:02:20] [RCON Client /127.0.0.1 #11/INFO] (Minecraft) Thread RCON Client /127.0.0.1 shutting down
[21:02:23] [Server thread/INFO] (Minecraft) [Chunky] Task running for minecraft:overworld. Processed: 1413 chunks (33.44%), ETA: 0:02:14, Rate: 20.9 cps, Current: 12, -30
[21:02:27] [Worker-Main-13/INFO] (Minecraft) [STDOUT]: [CHUNKTIME] n=1792 perChunk(ms): mixin=45.85 gap=1033.52 | sumMixin=82.2s sumGap=1852.1s | inflight max=1 now=1
[21:02:34] [Server thread/INFO] (Minecraft) [Chunky] Task running for minecraft:overworld. Processed: 1669 chunks (39.50%), ETA: 0:01:55, Rate: 22.0 cps, Current: 20, -31
[21:02:40] [Worker-Main-7/INFO] (Minecraft) [STDOUT]: [CHUNKTIME] n=2048 perChunk(ms): mixin=45.68 gap=1036.52 | sumMixin=93.6s sumGap=2122.8s | inflight max=1 now=1
[21:02:40] [RCON Listener #1/INFO] (Minecraft) Thread RCON Client /127.0.0.1 started
[21:02:40] [RCON Client /127.0.0.1 #12/INFO] (Minecraft) Thread RCON Client /127.0.0.1 shutting down
[21:02:44] [Server thread/INFO] (Minecraft) [Chunky] Task running for minecraft:overworld. Processed: 1911 chunks (45.23%), ETA: 0:01:37, Rate: 23.8 cps, Current: 27, -5
[21:02:47] [coreswap-stallwatch/INFO] (Minecraft) [STDOUT]: [STALLWATCH] === thread dump @ Thu Sep 10 21:02:47 HKT 2026 (interval=30s) ===
[21:02:47] [coreswap-stallwatch/INFO] (Minecraft) [STDOUT]: [STALLWATCH] "Worker-Main-12" id=75 state=WAITING daemon=true
[21:02:47] [coreswap-stallwatch/INFO] (Minecraft) [STDOUT]: [STALLWATCH]     at java.base@17.0.12/jdk.internal.misc.Unsafe.park(Native Method)
[21:02:47] [coreswap-stallwatch/INFO] (Minecraft) [STDOUT]: [STALLWATCH]     at java.base@17.0.12/java.util.concurrent.locks.LockSupport.park(LockSupport.java:341)
[21:02:47] [coreswap-stallwatch/INFO] (Minecraft) [STDOUT]: [STALLWATCH]     at java.base@17.0.12/java.util.concurrent.ForkJoinPool.awaitWork(ForkJoinPool.java:1724)
[21:02:47] [coreswap-stallwatch/INFO] (Minecraft) [STDOUT]: [STALLWATCH]     at java.base@17.0.12/java.util.concurrent.ForkJoinPool.runWorker(ForkJoinPool.java:1623)
[21:02:47] [coreswap-stallwatch/INFO] (Minecraft) [STDOUT]: [STALLWATCH]     at java.base@17.0.12/java.util.concurrent.ForkJoinWorkerThread.run(ForkJoinWorkerThread.java:165)
[21:02:47] [coreswap-stallwatch/INFO] (Minecraft) [STDOUT]: [STALLWATCH] "Worker-Main-16" id=79 state=WAITING daemon=true
[21:02:47] [coreswap-stallwatch/INFO] (Minecraft) [STDOUT]: [STALLWATCH]     at java.base@17.0.12/jdk.internal.misc.Unsafe.park(Native Method)
[21:02:47] [coreswap-stallwatch/INFO] (Minecraft) [STDOUT]: [STALLWATCH]     at java.base@17.0.12/java.util.concurrent.locks.LockSupport.park(LockSupport.java:341)
[21:02:47] [coreswap-stallwatch/INFO] (Minecraft) [STDOUT]: [STALLWATCH]     at java.base@17.0.12/java.util.concurrent.ForkJoinPool.awaitWork(ForkJoinPool.java:1724)
[21:02:47] [coreswap-stallwatch/INFO] (Minecraft) [STDOUT]: [STALLWATCH]     at java.base@17.0.12/java.util.concurrent.ForkJoinPool.runWorker(ForkJoinPool.java:1623)
[21:02:47] [coreswap-stallwatch/INFO] (Minecraft) [STDOUT]: [STALLWATCH]     at java.base@17.0.12/java.util.concurrent.ForkJoinWorkerThread.run(ForkJoinWorkerThread.java:165)
[21:02:47] [coreswap-stallwatch/INFO] (Minecraft) [STDOUT]: [STALLWATCH] "Worker-Main-21" id=84 state=WAITING daemon=true
[21:02:47] [coreswap-stallwatch/INFO] (Minecraft) [STDOUT]: [STALLWATCH]     at java.base@17.0.12/jdk.internal.misc.Unsafe.park(Native Method)
[21:02:47] [coreswap-stallwatch/INFO] (Minecraft) [STDOUT]: [STALLWATCH]     at java.base@17.0.12/java.util.concurrent.locks.LockSupport.park(LockSupport.java:341)
[21:02:47] [coreswap-stallwatch/INFO] (Minecraft) [STDOUT]: [STALLWATCH]     at java.base@17.0.12/java.util.concurrent.ForkJoinPool.awaitWork(ForkJoinPool.java:1724)
[21:02:47] [coreswap-stallwatch/INFO] (Minecraft) [STDOUT]: [STALLWATCH]     at java.base@17.0.12/java.util.concurrent.ForkJoinPool.runWorker(ForkJoinPool.java:1623)
[21:02:47] [coreswap-stallwatch/INFO] (Minecraft) [STDOUT]: [STALLWATCH]     at java.base@17.0.12/java.util.concurrent.ForkJoinWorkerThread.run(ForkJoinWorkerThread.java:165)
[21:02:47] [coreswap-stallwatch/INFO] (Minecraft) [STDOUT]: [STALLWATCH] "Worker-Main-5" id=68 state=WAITING daemon=true
[21:02:47] [coreswap-stallwatch/INFO] (Minecraft) [STDOUT]: [STALLWATCH]     at java.base@17.0.12/jdk.internal.misc.Unsafe.park(Native Method)
[21:02:47] [coreswap-stallwatch/INFO] (Minecraft) [STDOUT]: [STALLWATCH]     at java.base@17.0.12/java.util.concurrent.locks.LockSupport.park(LockSupport.java:341)
[21:02:47] [coreswap-stallwatch/INFO] (Minecraft) [STDOUT]: [STALLWATCH]     at java.base@17.0.12/java.util.concurrent.ForkJoinPool.awaitWork(ForkJoinPool.java:1724)
[21:02:47] [coreswap-stallwatch/INFO] (Minecraft) [STDOUT]: [STALLWATCH]     at java.base@17.0.12/java.util.concurrent.ForkJoinPool.runWorker(ForkJoinPool.java:1623)
[21:02:47] [coreswap-stallwatch/INFO] (Minecraft) [STDOUT]: [STALLWATCH]     at java.base@17.0.12/java.util.concurrent.ForkJoinWorkerThread.run(ForkJoinWorkerThread.java:165)
[21:02:47] [coreswap-stallwatch/INFO] (Minecraft) [STDOUT]: [STALLWATCH] "Worker-Main-15" id=78 state=RUNNABLE daemon=true
[21:02:47] [coreswap-stallwatch/INFO] (Minecraft) [STDOUT]: [STALLWATCH]     at wg.CppWorldgen.fillBlocks(Native Method)
[21:02:47] [coreswap-stallwatch/INFO] (Minecraft) [STDOUT]: [STALLWATCH]     at wg.bench.CppBridge.fillChunk(CppBridge.java:377)
[21:02:47] [coreswap-stallwatch/INFO] (Minecraft) [STDOUT]: [STALLWATCH]     at net.minecraft.world.gen.chunk.NoiseChunkGenerator.md24f970$coreswap$lambda$wgPopulateNoise$1$2(NoiseChunkGenerator.java:671)
[21:02:47] [coreswap-stallwatch/INFO] (Minecraft) [STDOUT]: [STALLWATCH]     at net.minecraft.world.gen.chunk.NoiseChunkGenerator$$Lambda$6051/0x000001fc99c81760.get(Unknown Source)
[21:02:47] [coreswap-stallwatch/INFO] (Minecraft) [STDOUT]: [STALLWATCH]     at net.minecraft.world.gen.chunk.NoiseChunkGenerator.wgDispatch(NoiseChunkGenerator.java:610)
[21:02:47] [coreswap-stallwatch/INFO] (Minecraft) [STDOUT]: [STALLWATCH]     at net.minecraft.world.gen.chunk.NoiseChunkGenerator.handler$zdj000$coreswap$wgPopulateNoise(NoiseChunkGenerator.java:687)
[21:02:47] [coreswap-stallwatch/INFO] (Minecraft) [STDOUT]: [STALLWATCH]     at net.minecraft.world.gen.chunk.NoiseChunkGenerator.populateNoise(NoiseChunkGenerator.java)
[21:02:47] [coreswap-stallwatch/INFO] (Minecraft) [STDOUT]: [STALLWATCH]     at net.minecraft.world.chunk.ChunkStatus.method_38284(ChunkStatus.java:96)
[21:02:47] [coreswap-stallwatch/INFO] (Minecraft) [STDOUT]: [STALLWATCH]     at net.minecraft.world.chunk.ChunkStatus$$Lambda$1750/0x000001fc996e7300.doWork(Unknown Source)
[21:02:47] [coreswap-stallwatch/INFO] (Minecraft) [STDOUT]: [STALLWATCH]     at net.minecraft.world.chunk.ChunkStatus.runGenerationTask(ChunkStatus.java:357)
[21:02:47] [coreswap-stallwatch/INFO] (Minecraft) [STDOUT]: [STALLWATCH]     at net.minecraft.server.world.ThreadedAnvilChunkStorage.method_17225(ThreadedAnvilChunkStorage.java:656)
[21:02:47] [coreswap-stallwatch/INFO] (Minecraft) [STDOUT]: [STALLWATCH]     at net.minecraft.server.world.ThreadedAnvilChunkStorage$$Lambda$5350/0x000001fc99ba5ce8.apply(Unknown Source)
[21:02:47] [coreswap-stallwatch/INFO] (Minecraft) [STDOUT]: [STALLWATCH]     at com.mojang.datafixers.util.Either$Left.map(Either.java:38)
[21:02:47] [coreswap-stallwatch/INFO] (Minecraft) [STDOUT]: [STALLWATCH]     at net.minecraft.server.world.ThreadedAnvilChunkStorage.method_17224(ThreadedAnvilChunkStorage.java:645)
[21:02:47] [coreswap-stallwatch/INFO] (Minecraft) [STDOUT]: [STALLWATCH]     at net.minecraft.server.world.ThreadedAnvilChunkStorage$$Lambda$5306/0x000001fc99b936f8.apply(Unknown Source)
[21:02:47] [coreswap-stallwatch/INFO] (Minecraft) [STDOUT]: [STALLWATCH]     at java.base@17.0.12/java.util.concurrent.CompletableFuture$UniCompose.tryFire(CompletableFuture.java:1150)
[21:02:47] [coreswap-stallwatch/INFO] (Minecraft) [STDOUT]: [STALLWATCH]     at java.base@17.0.12/java.util.concurrent.CompletableFuture$Completion.run(CompletableFuture.java:482)
[21:02:47] [coreswap-stallwatch/INFO] (Minecraft) [STDOUT]: [STALLWATCH]     at net.minecraft.server.world.ChunkTaskPrioritySystem.method_17634(ChunkTaskPrioritySystem.java:49)
[21:02:47] [coreswap-stallwatch/INFO] (Minecraft) [STDOUT]: [STALLWATCH]     at net.minecraft.server.world.ChunkTaskPrioritySystem$$Lambda$5349/0x000001fc99ba5ac8.run(Unknown Source)
[21:02:47] [coreswap-stallwatch/INFO] (Minecraft) [STDOUT]: [STALLWATCH]     at net.minecraft.util.thread.TaskExecutor.runNext(TaskExecutor.java:79)
[21:02:47] [coreswap-stallwatch/INFO] (Minecraft) [STDOUT]: [STALLWATCH]     at net.minecraft.util.thread.TaskExecutor.runWhile(TaskExecutor.java:129)
[21:02:47] [coreswap-stallwatch/INFO] (Minecraft) [STDOUT]: [STALLWATCH]     at net.minecraft.util.thread.TaskExecutor.run(TaskExecutor.java:87)
[21:02:47] [coreswap-stallwatch/INFO] (Minecraft) [STDOUT]: [STALLWATCH]     at java.base@17.0.12/java.util.concurrent.ForkJoinTask$RunnableExecuteAction.exec(ForkJoinTask.java:1395)
[21:02:47] [coreswap-stallwatch/INFO] (Minecraft) [STDOUT]: [STALLWATCH]     at java.base@17.0.12/java.util.concurrent.ForkJoinTask.doExec(ForkJoinTask.java:373)
[21:02:47] [coreswap-stallwatch/INFO] (Minecraft) [STDOUT]: [STALLWATCH]     at java.base@17.0.12/java.util.concurrent.ForkJoinPool$WorkQueue.topLevelExec(ForkJoinPool.java:1182)
[21:02:47] [coreswap-stallwatch/INFO] (Minecraft) [STDOUT]: [STALLWATCH]     at java.base@17.0.12/java.util.concurrent.ForkJoinPool.scan(ForkJoinPool.java:1655)
[21:02:47] [coreswap-stallwatch/INFO] (Minecraft) [STDOUT]: [STALLWATCH]     at java.base@17.0.12/java.util.concurrent.ForkJoinPool.runWorker(ForkJoinPool.java:1622)
[21:02:47] [coreswap-stallwatch/INFO] (Minecraft) [STDOUT]: [STALLWATCH]     at java.base@17.0.12/java.util.concurrent.ForkJoinWorkerThread.run(ForkJoinWorkerThread.java:165)
[21:02:47] [coreswap-stallwatch/INFO] (Minecraft) [STDOUT]: [STALLWATCH] "Common-Cleaner" id=22 state=TIMED_WAITING daemon=true
[21:02:47] [coreswap-stallwatch/INFO] (Minecraft) [STDOUT]: [STALLWATCH]     at java.base@17.0.12/java.lang.Object.wait(Native Method)
[21:02:47] [coreswap-stallwatch/INFO] (Minecraft) [STDOUT]: [STALLWATCH]     at java.base@17.0.12/java.lang.ref.ReferenceQueue.remove(ReferenceQueue.java:155)
[21:02:47] [coreswap-stallwatch/INFO] (Minecraft) [STDOUT]: [STALLWATCH]     at java.base@17.0.12/jdk.internal.ref.CleanerImpl.run(CleanerImpl.java:140)
[21:02:47] [coreswap-stallwatch/INFO] (Minecraft) [STDOUT]: [STALLWATCH]     at java.base@17.0.12/java.lang.Thread.run(Thread.java:842)
[21:02:47] [coreswap-stallwatch/INFO] (Minecraft) [STDOUT]: [STALLWATCH]     at java.base@17.0.12/jdk.internal.misc.InnocuousThread.run(InnocuousThread.java:162)
[21:02:47] [coreswap-stallwatch/INFO] (Minecraft) [STDOUT]: [STALLWATCH] "coreswap-stallwatch" id=99 state=RUNNABLE daemon=true
[21:02:47] [coreswap-stallwatch/INFO] (Minecraft) [STDOUT]: [STALLWATCH]     at java.base@17.0.12/java.lang.Thread.dumpThreads(Native Method)
[21:02:47] [coreswap-stallwatch/INFO] (Minecraft) [STDOUT]: [STALLWATCH]     at java.base@17.0.12/java.lang.Thread.getAllStackTraces(Thread.java:1673)
[21:02:47] [coreswap-stallwatch/INFO] (Minecraft) [STDOUT]: [STALLWATCH]     at wg.bench.StallWatch.lambda$start$0(StallWatch.java:41)
[21:02:47] [coreswap-stallwatch/INFO] (Minecraft) [STDOUT]: [STALLWATCH]     at wg.bench.StallWatch$$Lambda$5847/0x000001fc99c2dad8.run(Unknown Source)
[21:02:47] [coreswap-stallwatch/INFO] (Minecraft) [STDOUT]: [STALLWATCH]     at java.base@17.0.12/java.lang.Thread.run(Thread.java:842)
[21:02:47] [coreswap-stallwatch/INFO] (Minecraft) [STDOUT]: [STALLWATCH] "Worker-Main-14" id=77 state=WAITING daemon=true
[21:02:47] [coreswap-stallwatch/INFO] (Minecraft) [STDOUT]: [STALLWATCH]     at java.base@17.0.12/jdk.internal.misc.Unsafe.park(Native Method)
[21:02:47] [coreswap-stallwatch/INFO] (Minecraft) [STDOUT]: [STALLWATCH]     at java.base@17.0.12/java.util.concurrent.locks.LockSupport.park(LockSupport.java:341)
[21:02:47] [coreswap-stallwatch/INFO] (Minecraft) [STDOUT]: [STALLWATCH]     at java.base@17.0.12/java.util.concurrent.ForkJoinPool.awaitWork(ForkJoinPool.java:1724)
[21:02:47] [coreswap-stallwatch/INFO] (Minecraft) [STDOUT]: [STALLWATCH]     at java.base@17.0.12/java.util.concurrent.ForkJoinPool.runWorker(ForkJoinPool.java:1623)
[21:02:47] [coreswap-stallwatch/INFO] (Minecraft) [STDOUT]: [STALLWATCH]     at java.base@17.0.12/java.util.concurrent.ForkJoinWorkerThread.run(ForkJoinWorkerThread.java:165)
[21:02:47] [coreswap-stallwatch/INFO] (Minecraft) [STDOUT]: [STALLWATCH] "DestroyJavaVM" id=89 state=RUNNABLE daemon=false
[21:02:47] [coreswap-stallwatch/INFO] (Minecraft) [STDOUT]: [STALLWATCH] "IO-Worker-24" id=92 state=TIMED_WAITING daemon=false
[21:02:47] [coreswap-stallwatch/INFO] (Minecraft) [STDOUT]: [STALLWATCH]     at java.base@17.0.12/jdk.internal.misc.Unsafe.park(Native Method)
[21:02:47] [coreswap-stallwatch/INFO] (Minecraft) [STDOUT]: [STALLWATCH]     at java.base@17.0.12/java.util.concurrent.locks.LockSupport.parkNanos(LockSupport.java:252)
[21:02:47] [coreswap-stallwatch/INFO] (Minecraft) [STDOUT]: [STALLWATCH]     at java.base@17.0.12/java.util.concurrent.SynchronousQueue$TransferStack.transfer(SynchronousQueue.java:401)
[21:02:47] [coreswap-stallwatch/INFO] (Minecraft) [STDOUT]: [STALLWATCH]     at java.base@17.0.12/java.util.concurrent.SynchronousQueue.poll(SynchronousQueue.java:903)
[21:02:47] [coreswap-stallwatch/INFO] (Minecraft) [STDOUT]: [STALLWATCH]     at java.base@17.0.12/java.util.concurrent.ThreadPoolExecutor.getTask(ThreadPoolExecutor.java:1061)
[21:02:47] [coreswap-stallwatch/INFO] (Minecraft) [STDOUT]: [STALLWATCH]     at java.base@17.0.12/java.util.concurrent.ThreadPoolExecutor.runWorker(ThreadPoolExecutor.java:1122)
[21:02:47] [coreswap-stallwatch/INFO] (Minecraft) [STDOUT]: [STALLWATCH]     at java.base@17.0.12/java.util.concurrent.ThreadPoolExecutor$Worker.run(ThreadPoolExecutor.java:635)
[21:02:47] [coreswap-stallwatch/INFO] (Minecraft) [STDOUT]: [STALLWATCH]     at java.base@17.0.12/java.lang.Thread.run(Thread.java:842)
[21:02:47] [coreswap-stallwatch/INFO] (Minecraft) [STDOUT]: [STALLWATCH] "Thread-8" id=101 state=TIMED_WAITING daemon=true
[21:02:47] [coreswap-stallwatch/INFO] (Minecraft) [STDOUT]: [STALLWATCH]     at java.base@17.0.12/jdk.internal.misc.Unsafe.park(Native Method)
[21:02:47] [coreswap-stallwatch/INFO] (Minecraft) [STDOUT]: [STALLWATCH]     at java.base@17.0.12/java.util.concurrent.locks.LockSupport.parkNanos(LockSupport.java:252)
[21:02:47] [coreswap-stallwatch/INFO] (Minecraft) [STDOUT]: [STALLWATCH]     at java.base@17.0.12/java.util.concurrent.SynchronousQueue$TransferStack.transfer(SynchronousQueue.java:401)
[21:02:47] [coreswap-stallwatch/INFO] (Minecraft) [STDOUT]: [STALLWATCH]     at java.base@17.0.12/java.util.concurrent.SynchronousQueue.poll(SynchronousQueue.java:903)
[21:02:47] [coreswap-stallwatch/INFO] (Minecraft) [STDOUT]: [STALLWATCH]     at java.base@17.0.12/java.util.concurrent.ThreadPoolExecutor.getTask(ThreadPoolExecutor.java:1061)
[21:02:47] [coreswap-stallwatch/INFO] (Minecraft) [STDOUT]: [STALLWATCH]     at java.base@17.0.12/java.util.concurrent.ThreadPoolExecutor.runWorker(ThreadPoolExecutor.java:1122)
[21:02:47] [coreswap-stallwatch/INFO] (Minecraft) [STDOUT]: [STALLWATCH]     at java.base@17.0.12/java.util.concurrent.ThreadPoolExecutor$Worker.run(ThreadPoolExecutor.java:635)
[21:02:47] [coreswap-stallwatch/INFO] (Minecraft) [STDOUT]: [STALLWATCH]     at java.base@17.0.12/java.lang.Thread.run(Thread.java:842)
[21:02:47] [coreswap-stallwatch/INFO] (Minecraft) [STDOUT]: [STALLWATCH] "Server thread" id=87 state=TIMED_WAITING daemon=false
[21:02:47] [coreswap-stallwatch/INFO] (Minecraft) [STDOUT]: [STALLWATCH]     at java.base@17.0.12/jdk.internal.misc.Unsafe.park(Native Method)
[21:02:47] [coreswap-stallwatch/INFO] (Minecraft) [STDOUT]: [STALLWATCH]     at java.base@17.0.12/java.util.concurrent.locks.LockSupport.parkNanos(LockSupport.java:252)
[21:02:47] [coreswap-stallwatch/INFO] (Minecraft) [STDOUT]: [STALLWATCH]     at net.minecraft.util.thread.ThreadExecutor.waitForTasks(ThreadExecutor.java:133)
[21:02:47] [coreswap-stallwatch/INFO] (Minecraft) [STDOUT]: [STALLWATCH]     at net.minecraft.util.thread.ThreadExecutor.runTasks(ThreadExecutor.java:123)
[21:02:47] [coreswap-stallwatch/INFO] (Minecraft) [STDOUT]: [STALLWATCH]     at net.minecraft.server.MinecraftServer.runTasksTillTickEnd(MinecraftServer.java:788)
[21:02:47] [coreswap-stallwatch/INFO] (Minecraft) [STDOUT]: [STALLWATCH]     at net.minecraft.server.MinecraftServer.runServer(MinecraftServer.java:726)
[21:02:47] [coreswap-stallwatch/INFO] (Minecraft) [STDOUT]: [STALLWATCH]     at net.minecraft.server.MinecraftServer.method_29739(MinecraftServer.java:267)
[21:02:47] [coreswap-stallwatch/INFO] (Minecraft) [STDOUT]: [STALLWATCH]     at net.minecraft.server.MinecraftServer$$Lambda$5103/0x000001fc99ad8928.run(Unknown Source)
[21:02:47] [coreswap-stallwatch/INFO] (Minecraft) [STDOUT]: [STALLWATCH]     at java.base@17.0.12/java.lang.Thread.run(Thread.java:842)
[21:02:47] [coreswap-stallwatch/INFO] (Minecraft) [STDOUT]: [STALLWATCH] "Attach Listener" id=5 state=RUNNABLE daemon=true
[21:02:47] [coreswap-stallwatch/INFO] (Minecraft) [STDOUT]: [STALLWATCH] "Worker-Main-2" id=65 state=WAITING daemon=true
[21:02:47] [coreswap-stallwatch/INFO] (Minecraft) [STDOUT]: [STALLWATCH]     at java.base@17.0.12/jdk.internal.misc.Unsafe.park(Native Method)
[21:02:47] [coreswap-stallwatch/INFO] (Minecraft) [STDOUT]: [STALLWATCH]     at java.base@17.0.12/java.util.concurrent.locks.LockSupport.park(LockSupport.java:341)
[21:02:47] [coreswap-stallwatch/INFO] (Minecraft) [STDOUT]: [STALLWATCH]     at java.base@17.0.12/java.util.concurrent.ForkJoinPool.awaitWork(ForkJoinPool.java:1724)
[21:02:47] [coreswap-stallwatch/INFO] (Minecraft) [STDOUT]: [STALLWATCH]     at java.base@17.0.12/java.util.concurrent.ForkJoinPool.runWorker(ForkJoinPool.java:1623)
[21:02:47] [coreswap-stallwatch/INFO] (Minecraft) [STDOUT]: [STALLWATCH]     at java.base@17.0.12/java.util.concurrent.ForkJoinWorkerThread.run(ForkJoinWorkerThread.java:165)
[21:02:47] [coreswap-stallwatch/INFO] (Minecraft) [STDOUT]: [STALLWATCH] "Worker-Main-19" id=82 state=WAITING daemon=true
[21:02:47] [coreswap-stallwatch/INFO] (Minecraft) [STDOUT]: [STALLWATCH]     at java.base@17.0.12/jdk.internal.misc.Unsafe.park(Native Method)
[21:02:47] [coreswap-stallwatch/INFO] (Minecraft) [STDOUT]: [STALLWATCH]     at java.base@17.0.12/java.util.concurrent.locks.LockSupport.park(LockSupport.java:341)
[21:02:47] [coreswap-stallwatch/INFO] (Minecraft) [STDOUT]: [STALLWATCH]     at java.base@17.0.12/java.util.concurrent.ForkJoinPool.awaitWork(ForkJoinPool.java:1724)
[21:02:47] [coreswap-stallwatch/INFO] (Minecraft) [STDOUT]: [STALLWATCH]     at java.base@17.0.12/java.util.concurrent.ForkJoinPool.runWorker(ForkJoinPool.java:1623)
[21:02:47] [coreswap-stallwatch/INFO] (Minecraft) [STDOUT]: [STALLWATCH]     at java.base@17.0.12/java.util.concurrent.ForkJoinWorkerThread.run(ForkJoinWorkerThread.java:165)
[21:02:47] [coreswap-stallwatch/INFO] (Minecraft) [STDOUT]: [STALLWATCH] "Worker-Main-1" id=64 state=WAITING daemon=true
[21:02:47] [coreswap-stallwatch/INFO] (Minecraft) [STDOUT]: [STALLWATCH]     at java.base@17.0.12/jdk.internal.misc.Unsafe.park(Native Method)
[21:02:47] [coreswap-stallwatch/INFO] (Minecraft) [STDOUT]: [STALLWATCH]     at java.base@17.0.12/java.util.concurrent.locks.LockSupport.park(LockSupport.java:341)
[21:02:47] [coreswap-stallwatch/INFO] (Minecraft) [STDOUT]: [STALLWATCH]     at java.base@17.0.12/java.util.concurrent.ForkJoinPool.awaitWork(ForkJoinPool.java:1724)
[21:02:47] [coreswap-stallwatch/INFO] (Minecraft) [STDOUT]: [STALLWATCH]     at java.base@17.0.12/java.util.concurrent.ForkJoinPool.runWorker(ForkJoinPool.java:1623)
[21:02:47] [coreswap-stallwatch/INFO] (Minecraft) [STDOUT]: [STALLWATCH]     at java.base@17.0.12/java.util.concurrent.ForkJoinWorkerThread.run(ForkJoinWorkerThread.java:165)
[21:02:47] [coreswap-stallwatch/INFO] (Minecraft) [STDOUT]: [STALLWATCH] "Signal Dispatcher" id=4 state=RUNNABLE daemon=true
[21:02:47] [coreswap-stallwatch/INFO] (Minecraft) [STDOUT]: [STALLWATCH] "Timer hack thread" id=60 state=TIMED_WAITING daemon=true
[21:02:47] [coreswap-stallwatch/INFO] (Minecraft) [STDOUT]: [STALLWATCH]     at java.base@17.0.12/java.lang.Thread.sleep(Native Method)
[21:02:47] [coreswap-stallwatch/INFO] (Minecraft) [STDOUT]: [STALLWATCH]     at net.minecraft.util.Util$9.run(Util.java:863)
[21:02:47] [coreswap-stallwatch/INFO] (Minecraft) [STDOUT]: [STALLWATCH] "Worker-Main-4" id=67 state=WAITING daemon=true
[21:02:47] [coreswap-stallwatch/INFO] (Minecraft) [STDOUT]: [STALLWATCH]     at java.base@17.0.12/jdk.internal.misc.Unsafe.park(Native Method)
[21:02:47] [coreswap-stallwatch/INFO] (Minecraft) [STDOUT]: [STALLWATCH]     at java.base@17.0.12/java.util.concurrent.locks.LockSupport.park(LockSupport.java:341)
[21:02:47] [coreswap-stallwatch/INFO] (Minecraft) [STDOUT]: [STALLWATCH]     at java.base@17.0.12/java.util.concurrent.ForkJoinPool.awaitWork(ForkJoinPool.java:1724)
[21:02:47] [coreswap-stallwatch/INFO] (Minecraft) [STDOUT]: [STALLWATCH]     at java.base@17.0.12/java.util.concurrent.ForkJoinPool.runWorker(ForkJoinPool.java:1623)
[21:02:47] [coreswap-stallwatch/INFO] (Minecraft) [STDOUT]: [STALLWATCH]     at java.base@17.0.12/java.util.concurrent.ForkJoinWorkerThread.run(ForkJoinWorkerThread.java:165)
[21:02:47] [coreswap-stallwatch/INFO] (Minecraft) [STDOUT]: [STALLWATCH] "Worker-Main-18" id=81 state=WAITING daemon=true
[21:02:47] [coreswap-stallwatch/INFO] (Minecraft) [STDOUT]: [STALLWATCH]     at java.base@17.0.12/jdk.internal.misc.Unsafe.park(Native Method)
[21:02:47] [coreswap-stallwatch/INFO] (Minecraft) [STDOUT]: [STALLWATCH]     at java.base@17.0.12/java.util.concurrent.locks.LockSupport.park(LockSupport.java:341)
[21:02:47] [coreswap-stallwatch/INFO] (Minecraft) [STDOUT]: [STALLWATCH]     at java.base@17.0.12/java.util.concurrent.ForkJoinPool.awaitWork(ForkJoinPool.java:1724)
[21:02:47] [coreswap-stallwatch/INFO] (Minecraft) [STDOUT]: [STALLWATCH]     at java.base@17.0.12/java.util.concurrent.ForkJoinPool.runWorker(ForkJoinPool.java:1623)
[21:02:47] [coreswap-stallwatch/INFO] (Minecraft) [STDOUT]: [STALLWATCH]     at java.base@17.0.12/java.util.concurrent.ForkJoinWorkerThread.run(ForkJoinWorkerThread.java:165)
[21:02:47] [coreswap-stallwatch/INFO] (Minecraft) [STDOUT]: [STALLWATCH] "Worker-Main-3" id=66 state=WAITING daemon=true
[21:02:47] [coreswap-stallwatch/INFO] (Minecraft) [STDOUT]: [STALLWATCH]     at java.base@17.0.12/jdk.internal.misc.Unsafe.park(Native Method)
[21:02:47] [coreswap-stallwatch/INFO] (Minecraft) [STDOUT]: [STALLWATCH]     at java.base@17.0.12/java.util.concurrent.locks.LockSupport.park(LockSupport.java:341)
[21:02:47] [coreswap-stallwatch/INFO] (Minecraft) [STDOUT]: [STALLWATCH]     at java.base@17.0.12/java.util.concurrent.ForkJoinPool.awaitWork(ForkJoinPool.java:1724)
[21:02:47] [coreswap-stallwatch/INFO] (Minecraft) [STDOUT]: [STALLWATCH]     at java.base@17.0.12/java.util.concurrent.ForkJoinPool.runWorker(ForkJoinPool.java:1623)
[21:02:47] [coreswap-stallwatch/INFO] (Minecraft) [STDOUT]: [STALLWATCH]     at java.base@17.0.12/java.util.concurrent.ForkJoinWorkerThread.run(ForkJoinWorkerThread.java:165)
[21:02:47] [coreswap-stallwatch/INFO] (Minecraft) [STDOUT]: [STALLWATCH] "Worker-Main-20" id=83 state=WAITING daemon=true
[21:02:47] [coreswap-stallwatch/INFO] (Minecraft) [STDOUT]: [STALLWATCH]     at java.base@17.0.12/jdk.internal.misc.Unsafe.park(Native Method)
[21:02:47] [coreswap-stallwatch/INFO] (Minecraft) [STDOUT]: [STALLWATCH]     at java.base@17.0.12/java.util.concurrent.locks.LockSupport.park(LockSupport.java:341)
[21:02:47] [coreswap-stallwatch/INFO] (Minecraft) [STDOUT]: [STALLWATCH]     at java.base@17.0.12/java.util.concurrent.ForkJoinPool.awaitWork(ForkJoinPool.java:1724)
[21:02:47] [coreswap-stallwatch/INFO] (Minecraft) [STDOUT]: [STALLWATCH]     at java.base@17.0.12/java.util.concurrent.ForkJoinPool.runWorker(ForkJoinPool.java:1623)
[21:02:47] [coreswap-stallwatch/INFO] (Minecraft) [STDOUT]: [STALLWATCH]     at java.base@17.0.12/java.util.concurrent.ForkJoinWorkerThread.run(ForkJoinWorkerThread.java:165)
[21:02:47] [coreswap-stallwatch/INFO] (Minecraft) [STDOUT]: [STALLWATCH] "Worker-Main-10" id=73 state=WAITING daemon=true
[21:02:47] [coreswap-stallwatch/INFO] (Minecraft) [STDOUT]: [STALLWATCH]     at java.base@17.0.12/jdk.internal.misc.Unsafe.park(Native Method)
[21:02:47] [coreswap-stallwatch/INFO] (Minecraft) [STDOUT]: [STALLWATCH]     at java.base@17.0.12/java.util.concurrent.locks.LockSupport.park(LockSupport.java:341)
[21:02:47] [coreswap-stallwatch/INFO] (Minecraft) [STDOUT]: [STALLWATCH]     at java.base@17.0.12/java.util.concurrent.ForkJoinPool.awaitWork(ForkJoinPool.java:1724)
[21:02:47] [coreswap-stallwatch/INFO] (Minecraft) [STDOUT]: [STALLWATCH]     at java.base@17.0.12/java.util.concurrent.ForkJoinPool.runWorker(ForkJoinPool.java:1623)
[21:02:47] [coreswap-stallwatch/INFO] (Minecraft) [STDOUT]: [STALLWATCH]     at java.base@17.0.12/java.util.concurrent.ForkJoinWorkerThread.run(ForkJoinWorkerThread.java:165)
[21:02:47] [coreswap-stallwatch/INFO] (Minecraft) [STDOUT]: [STALLWATCH] "Finalizer" id=3 state=WAITING daemon=true
[21:02:47] [coreswap-stallwatch/INFO] (Minecraft) [STDOUT]: [STALLWATCH]     at java.base@17.0.12/java.lang.Object.wait(Native Method)
[21:02:47] [coreswap-stallwatch/INFO] (Minecraft) [STDOUT]: [STALLWATCH]     at java.base@17.0.12/java.lang.ref.ReferenceQueue.remove(ReferenceQueue.java:155)
[21:02:47] [coreswap-stallwatch/INFO] (Minecraft) [STDOUT]: [STALLWATCH]     at java.base@17.0.12/java.lang.ref.ReferenceQueue.remove(ReferenceQueue.java:176)
[21:02:47] [coreswap-stallwatch/INFO] (Minecraft) [STDOUT]: [STALLWATCH]     at java.base@17.0.12/java.lang.ref.Finalizer$FinalizerThread.run(Finalizer.java:172)
[21:02:47] [coreswap-stallwatch/INFO] (Minecraft) [STDOUT]: [STALLWATCH] "Worker-Main-22" id=85 state=WAITING daemon=true
[21:02:47] [coreswap-stallwatch/INFO] (Minecraft) [STDOUT]: [STALLWATCH]     at java.base@17.0.12/jdk.internal.misc.Unsafe.park(Native Method)
[21:02:47] [coreswap-stallwatch/INFO] (Minecraft) [STDOUT]: [STALLWATCH]     at java.base@17.0.12/java.util.concurrent.locks.LockSupport.park(LockSupport.java:341)
[21:02:47] [coreswap-stallwatch/INFO] (Minecraft) [STDOUT]: [STALLWATCH]     at java.base@17.0.12/java.util.concurrent.ForkJoinPool.awaitWork(ForkJoinPool.java:1724)
[21:02:47] [coreswap-stallwatch/INFO] (Minecraft) [STDOUT]: [STALLWATCH]     at java.base@17.0.12/java.util.concurrent.ForkJoinPool.runWorker(ForkJoinPool.java:1623)
[21:02:47] [coreswap-stallwatch/INFO] (Minecraft) [STDOUT]: [STALLWATCH]     at java.base@17.0.12/java.util.concurrent.ForkJoinWorkerThread.run(ForkJoinWorkerThread.java:165)
[21:02:47] [coreswap-stallwatch/INFO] (Minecraft) [STDOUT]: [STALLWATCH] "IO-Worker-26" id=94 state=TIMED_WAITING daemon=false
[21:02:47] [coreswap-stallwatch/INFO] (Minecraft) [STDOUT]: [STALLWATCH]     at java.base@17.0.12/jdk.internal.misc.Unsafe.park(Native Method)
[21:02:47] [coreswap-stallwatch/INFO] (Minecraft) [STDOUT]: [STALLWATCH]     at java.base@17.0.12/java.util.concurrent.locks.LockSupport.parkNanos(LockSupport.java:252)
[21:02:47] [coreswap-stallwatch/INFO] (Minecraft) [STDOUT]: [STALLWATCH]     at java.base@17.0.12/java.util.concurrent.SynchronousQueue$TransferStack.transfer(SynchronousQueue.java:401)
[21:02:47] [coreswap-stallwatch/INFO] (Minecraft) [STDOUT]: [STALLWATCH]     at java.base@17.0.12/java.util.concurrent.SynchronousQueue.poll(SynchronousQueue.java:903)
[21:02:47] [coreswap-stallwatch/INFO] (Minecraft) [STDOUT]: [STALLWATCH]     at java.base@17.0.12/java.util.concurrent.ThreadPoolExecutor.getTask(ThreadPoolExecutor.java:1061)
[21:02:47] [coreswap-stallwatch/INFO] (Minecraft) [STDOUT]: [STALLWATCH]     at java.base@17.0.12/java.util.concurrent.ThreadPoolExecutor.runWorker(ThreadPoolExecutor.java:1122)
[21:02:47] [coreswap-stallwatch/INFO] (Minecraft) [STDOUT]: [STALLWATCH]     at java.base@17.0.12/java.util.concurrent.ThreadPoolExecutor$Worker.run(ThreadPoolExecutor.java:635)
[21:02:47] [coreswap-stallwatch/INFO] (Minecraft) [STDOUT]: [STALLWATCH]     at java.base@17.0.12/java.lang.Thread.run(Thread.java:842)
[21:02:47] [coreswap-stallwatch/INFO] (Minecraft) [STDOUT]: [STALLWATCH] "IO-Worker-28" id=96 state=TIMED_WAITING daemon=false
[21:02:47] [coreswap-stallwatch/INFO] (Minecraft) [STDOUT]: [STALLWATCH]     at java.base@17.0.12/jdk.internal.misc.Unsafe.park(Native Method)
[21:02:47] [coreswap-stallwatch/INFO] (Minecraft) [STDOUT]: [STALLWATCH]     at java.base@17.0.12/java.util.concurrent.locks.LockSupport.parkNanos(LockSupport.java:252)
[21:02:47] [coreswap-stallwatch/INFO] (Minecraft) [STDOUT]: [STALLWATCH]     at java.base@17.0.12/java.util.concurrent.SynchronousQueue$TransferStack.transfer(SynchronousQueue.java:401)
[21:02:47] [coreswap-stallwatch/INFO] (Minecraft) [STDOUT]: [STALLWATCH]     at java.base@17.0.12/java.util.concurrent.SynchronousQueue.poll(SynchronousQueue.java:903)
[21:02:47] [coreswap-stallwatch/INFO] (Minecraft) [STDOUT]: [STALLWATCH]     at java.base@17.0.12/java.util.concurrent.ThreadPoolExecutor.getTask(ThreadPoolExecutor.java:1061)
[21:02:47] [coreswap-stallwatch/INFO] (Minecraft) [STDOUT]: [STALLWATCH]     at java.base@17.0.12/java.util.concurrent.ThreadPoolExecutor.runWorker(ThreadPoolExecutor.java:1122)
[21:02:47] [coreswap-stallwatch/INFO] (Minecraft) [STDOUT]: [STALLWATCH]     at java.base@17.0.12/java.util.concurrent.ThreadPoolExecutor$Worker.run(ThreadPoolExecutor.java:635)
[21:02:47] [coreswap-stallwatch/INFO] (Minecraft) [STDOUT]: [STALLWATCH]     at java.base@17.0.12/java.lang.Thread.run(Thread.java:842)
[21:02:47] [coreswap-stallwatch/INFO] (Minecraft) [STDOUT]: [STALLWATCH] "Thread-7" id=100 state=TIMED_WAITING daemon=true
[21:02:47] [coreswap-stallwatch/INFO] (Minecraft) [STDOUT]: [STALLWATCH]     at java.base@17.0.12/jdk.internal.misc.Unsafe.park(Native Method)
[21:02:47] [coreswap-stallwatch/INFO] (Minecraft) [STDOUT]: [STALLWATCH]     at java.base@17.0.12/java.util.concurrent.locks.LockSupport.parkNanos(LockSupport.java:252)
[21:02:47] [coreswap-stallwatch/INFO] (Minecraft) [STDOUT]: [STALLWATCH]     at java.base@17.0.12/java.util.concurrent.SynchronousQueue$TransferStack.transfer(SynchronousQueue.java:401)
[21:02:47] [coreswap-stallwatch/INFO] (Minecraft) [STDOUT]: [STALLWATCH]     at java.base@17.0.12/java.util.concurrent.SynchronousQueue.poll(SynchronousQueue.java:903)
[21:02:47] [coreswap-stallwatch/INFO] (Minecraft) [STDOUT]: [STALLWATCH]     at java.base@17.0.12/java.util.concurrent.ThreadPoolExecutor.getTask(ThreadPoolExecutor.java:1061)
[21:02:47] [coreswap-stallwatch/INFO] (Minecraft) [STDOUT]: [STALLWATCH]     at java.base@17.0.12/java.util.concurrent.ThreadPoolExecutor.runWorker(ThreadPoolExecutor.java:1122)
[21:02:47] [coreswap-stallwatch/INFO] (Minecraft) [STDOUT]: [STALLWATCH]     at java.base@17.0.12/java.util.concurrent.ThreadPoolExecutor$Worker.run(ThreadPoolExecutor.java:635)
[21:02:47] [coreswap-stallwatch/INFO] (Minecraft) [STDOUT]: [STALLWATCH]     at java.base@17.0.12/java.lang.Thread.run(Thread.java:842)
[21:02:47] [coreswap-stallwatch/INFO] (Minecraft) [STDOUT]: [STALLWATCH] "Worker-Main-17" id=80 state=WAITING daemon=true
[21:02:47] [coreswap-stallwatch/INFO] (Minecraft) [STDOUT]: [STALLWATCH]     at java.base@17.0.12/jdk.internal.misc.Unsafe.park(Native Method)
[21:02:47] [coreswap-stallwatch/INFO] (Minecraft) [STDOUT]: [STALLWATCH]     at java.base@17.0.12/java.util.concurrent.locks.LockSupport.park(LockSupport.java:341)
[21:02:47] [coreswap-stallwatch/INFO] (Minecraft) [STDOUT]: [STALLWATCH]     at java.base@17.0.12/java.util.concurrent.ForkJoinPool.awaitWork(ForkJoinPool.java:1724)
[21:02:47] [coreswap-stallwatch/INFO] (Minecraft) [STDOUT]: [STALLWATCH]     at java.base@17.0.12/java.util.concurrent.ForkJoinPool.runWorker(ForkJoinPool.java:1623)
[21:02:47] [coreswap-stallwatch/INFO] (Minecraft) [STDOUT]: [STALLWATCH]     at java.base@17.0.12/java.util.concurrent.ForkJoinWorkerThread.run(ForkJoinWorkerThread.java:165)
[21:02:47] [coreswap-stallwatch/INFO] (Minecraft) [STDOUT]: [STALLWATCH] "Worker-Main-7" id=70 state=WAITING daemon=true
[21:02:47] [coreswap-stallwatch/INFO] (Minecraft) [STDOUT]: [STALLWATCH]     at java.base@17.0.12/jdk.internal.misc.Unsafe.park(Native Method)
[21:02:47] [coreswap-stallwatch/INFO] (Minecraft) [STDOUT]: [STALLWATCH]     at java.base@17.0.12/java.util.concurrent.locks.LockSupport.park(LockSupport.java:341)
[21:02:47] [coreswap-stallwatch/INFO] (Minecraft) [STDOUT]: [STALLWATCH]     at java.base@17.0.12/java.util.concurrent.ForkJoinPool.awaitWork(ForkJoinPool.java:1724)
[21:02:47] [coreswap-stallwatch/INFO] (Minecraft) [STDOUT]: [STALLWATCH]     at java.base@17.0.12/java.util.concurrent.ForkJoinPool.runWorker(ForkJoinPool.java:1623)
[21:02:47] [coreswap-stallwatch/INFO] (Minecraft) [STDOUT]: [STALLWATCH]     at java.base@17.0.12/java.util.concurrent.ForkJoinWorkerThread.run(ForkJoinWorkerThread.java:165)
[21:02:47] [coreswap-stallwatch/INFO] (Minecraft) [STDOUT]: [STALLWATCH] "JNA Cleaner" id=59 state=WAITING daemon=true
[21:02:47] [coreswap-stallwatch/INFO] (Minecraft) [STDOUT]: [STALLWATCH]     at java.base@17.0.12/java.lang.Object.wait(Native Method)
[21:02:47] [coreswap-stallwatch/INFO] (Minecraft) [STDOUT]: [STALLWATCH]     at java.base@17.0.12/java.lang.ref.ReferenceQueue.remove(ReferenceQueue.java:155)
[21:02:47] [coreswap-stallwatch/INFO] (Minecraft) [STDOUT]: [STALLWATCH]     at java.base@17.0.12/java.lang.ref.ReferenceQueue.remove(ReferenceQueue.java:176)
[21:02:47] [coreswap-stallwatch/INFO] (Minecraft) [STDOUT]: [STALLWATCH]     at com.sun.jna.internal.Cleaner$1.run(Cleaner.java:58)
[21:02:47] [coreswap-stallwatch/INFO] (Minecraft) [STDOUT]: [STALLWATCH] "Worker-Main-6" id=69 state=WAITING daemon=true
[21:02:47] [coreswap-stallwatch/INFO] (Minecraft) [STDOUT]: [STALLWATCH]     at java.base@17.0.12/jdk.internal.misc.Unsafe.park(Native Method)
[21:02:47] [coreswap-stallwatch/INFO] (Minecraft) [STDOUT]: [STALLWATCH]     at java.base@17.0.12/java.util.concurrent.locks.LockSupport.park(LockSupport.java:341)
[21:02:47] [coreswap-stallwatch/INFO] (Minecraft) [STDOUT]: [STALLWATCH]     at java.base@17.0.12/java.util.concurrent.ForkJoinPool.awaitWork(ForkJoinPool.java:1724)
[21:02:47] [coreswap-stallwatch/INFO] (Minecraft) [STDOUT]: [STALLWATCH]     at java.base@17.0.12/java.util.concurrent.ForkJoinPool.runWorker(ForkJoinPool.java:1623)
[21:02:47] [coreswap-stallwatch/INFO] (Minecraft) [STDOUT]: [STALLWATCH]     at java.base@17.0.12/java.util.concurrent.ForkJoinWorkerThread.run(ForkJoinWorkerThread.java:165)
[21:02:47] [coreswap-stallwatch/INFO] (Minecraft) [STDOUT]: [STALLWATCH] "Reference Handler" id=2 state=RUNNABLE daemon=true
[21:02:47] [coreswap-stallwatch/INFO] (Minecraft) [STDOUT]: [STALLWATCH]     at java.base@17.0.12/java.lang.ref.Reference.waitForReferencePendingList(Native Method)
[21:02:47] [coreswap-stallwatch/INFO] (Minecraft) [STDOUT]: [STALLWATCH]     at java.base@17.0.12/java.lang.ref.Reference.processPendingReferences(Reference.java:253)
[21:02:47] [coreswap-stallwatch/INFO] (Minecraft) [STDOUT]: [STALLWATCH]     at java.base@17.0.12/java.lang.ref.Reference$ReferenceHandler.run(Reference.java:215)
[21:02:47] [coreswap-stallwatch/INFO] (Minecraft) [STDOUT]: [STALLWATCH] "RCON Listener #1" id=98 state=RUNNABLE daemon=false
[21:02:47] [coreswap-stallwatch/INFO] (Minecraft) [STDOUT]: [STALLWATCH]     at java.base@17.0.12/sun.nio.ch.Net.poll(Native Method)
[21:02:47] [coreswap-stallwatch/INFO] (Minecraft) [STDOUT]: [STALLWATCH]     at java.base@17.0.12/sun.nio.ch.NioSocketImpl.park(NioSocketImpl.java:186)
[21:02:47] [coreswap-stallwatch/INFO] (Minecraft) [STDOUT]: [STALLWATCH]     at java.base@17.0.12/sun.nio.ch.NioSocketImpl.timedAccept(NioSocketImpl.java:715)
[21:02:47] [coreswap-stallwatch/INFO] (Minecraft) [STDOUT]: [STALLWATCH]     at java.base@17.0.12/sun.nio.ch.NioSocketImpl.accept(NioSocketImpl.java:757)
[21:02:47] [coreswap-stallwatch/INFO] (Minecraft) [STDOUT]: [STALLWATCH]     at java.base@17.0.12/java.net.ServerSocket.implAccept(ServerSocket.java:675)
[21:02:47] [coreswap-stallwatch/INFO] (Minecraft) [STDOUT]: [STALLWATCH]     at java.base@17.0.12/java.net.ServerSocket.platformImplAccept(ServerSocket.java:641)
[21:02:47] [coreswap-stallwatch/INFO] (Minecraft) [STDOUT]: [STALLWATCH]     at java.base@17.0.12/java.net.ServerSocket.implAccept(ServerSocket.java:617)
[21:02:47] [coreswap-stallwatch/INFO] (Minecraft) [STDOUT]: [STALLWATCH]     at java.base@17.0.12/java.net.ServerSocket.implAccept(ServerSocket.java:574)
[21:02:47] [coreswap-stallwatch/INFO] (Minecraft) [STDOUT]: [STALLWATCH]     at java.base@17.0.12/java.net.ServerSocket.accept(ServerSocket.java:532)
[21:02:47] [coreswap-stallwatch/INFO] (Minecraft) [STDOUT]: [STALLWATCH]     at net.minecraft.server.rcon.RconListener.run(RconListener.java:38)
[21:02:47] [coreswap-stallwatch/INFO] (Minecraft) [STDOUT]: [STALLWATCH]     at java.base@17.0.12/java.lang.Thread.run(Thread.java:842)
[21:02:47] [coreswap-stallwatch/INFO] (Minecraft) [STDOUT]: [STALLWATCH] "Netty Server IO #0" id=91 state=RUNNABLE daemon=true
[21:02:47] [coreswap-stallwatch/INFO] (Minecraft) [STDOUT]: [STALLWATCH]     at java.base@17.0.12/sun.nio.ch.WEPoll.wait(Native Method)
[21:02:47] [coreswap-stallwatch/INFO] (Minecraft) [STDOUT]: [STALLWATCH]     at java.base@17.0.12/sun.nio.ch.WEPollSelectorImpl.doSelect(WEPollSelectorImpl.java:111)
[21:02:47] [coreswap-stallwatch/INFO] (Minecraft) [STDOUT]: [STALLWATCH]     at java.base@17.0.12/sun.nio.ch.SelectorImpl.lockAndDoSelect(SelectorImpl.java:129)
[21:02:47] [coreswap-stallwatch/INFO] (Minecraft) [STDOUT]: [STALLWATCH]     at java.base@17.0.12/sun.nio.ch.SelectorImpl.select(SelectorImpl.java:146)
[21:02:47] [coreswap-stallwatch/INFO] (Minecraft) [STDOUT]: [STALLWATCH]     at io.netty.channel.nio.SelectedSelectionKeySetSelector.select(SelectedSelectionKeySetSelector.java:68)
[21:02:47] [coreswap-stallwatch/INFO] (Minecraft) [STDOUT]: [STALLWATCH]     at io.netty.channel.nio.NioEventLoop.select(NioEventLoop.java:879)
[21:02:47] [coreswap-stallwatch/INFO] (Minecraft) [STDOUT]: [STALLWATCH]     at io.netty.channel.nio.NioEventLoop.run(NioEventLoop.java:526)
[21:02:47] [coreswap-stallwatch/INFO] (Minecraft) [STDOUT]: [STALLWATCH]     at io.netty.util.concurrent.SingleThreadEventExecutor$4.run(SingleThreadEventExecutor.java:997)
[21:02:47] [coreswap-stallwatch/INFO] (Minecraft) [STDOUT]: [STALLWATCH]     at io.netty.util.internal.ThreadExecutorMap$2.run(ThreadExecutorMap.java:74)
[21:02:47] [coreswap-stallwatch/INFO] (Minecraft) [STDOUT]: [STALLWATCH]     at java.base@17.0.12/java.lang.Thread.run(Thread.java:842)
[21:02:47] [coreswap-stallwatch/INFO] (Minecraft) [STDOUT]: [STALLWATCH] "Worker-Main-9" id=72 state=WAITING daemon=true
[21:02:47] [coreswap-stallwatch/INFO] (Minecraft) [STDOUT]: [STALLWATCH]     at java.base@17.0.12/jdk.internal.misc.Unsafe.park(Native Method)
[21:02:47] [coreswap-stallwatch/INFO] (Minecraft) [STDOUT]: [STALLWATCH]     at java.base@17.0.12/java.util.concurrent.locks.LockSupport.park(LockSupport.java:341)
[21:02:47] [coreswap-stallwatch/INFO] (Minecraft) [STDOUT]: [STALLWATCH]     at java.base@17.0.12/java.util.concurrent.ForkJoinPool.awaitWork(ForkJoinPool.java:1724)
[21:02:47] [coreswap-stallwatch/INFO] (Minecraft) [STDOUT]: [STALLWATCH]     at java.base@17.0.12/java.util.concurrent.ForkJoinPool.runWorker(ForkJoinPool.java:1623)
[21:02:47] [coreswap-stallwatch/INFO] (Minecraft) [STDOUT]: [STALLWATCH]     at java.base@17.0.12/java.util.concurrent.ForkJoinWorkerThread.run(ForkJoinWorkerThread.java:165)
[21:02:47] [coreswap-stallwatch/INFO] (Minecraft) [STDOUT]: [STALLWATCH] "Worker-Main-8" id=71 state=WAITING daemon=true
[21:02:47] [coreswap-stallwatch/INFO] (Minecraft) [STDOUT]: [STALLWATCH]     at java.base@17.0.12/jdk.internal.misc.Unsafe.park(Native Method)
[21:02:47] [coreswap-stallwatch/INFO] (Minecraft) [STDOUT]: [STALLWATCH]     at java.base@17.0.12/java.util.concurrent.locks.LockSupport.park(LockSupport.java:341)
[21:02:47] [coreswap-stallwatch/INFO] (Minecraft) [STDOUT]: [STALLWATCH]     at java.base@17.0.12/java.util.concurrent.ForkJoinPool.awaitWork(ForkJoinPool.java:1724)
[21:02:47] [coreswap-stallwatch/INFO] (Minecraft) [STDOUT]: [STALLWATCH]     at java.base@17.0.12/java.util.concurrent.ForkJoinPool.runWorker(ForkJoinPool.java:1623)
[21:02:47] [coreswap-stallwatch/INFO] (Minecraft) [STDOUT]: [STALLWATCH]     at java.base@17.0.12/java.util.concurrent.ForkJoinWorkerThread.run(ForkJoinWorkerThread.java:165)
[21:02:47] [coreswap-stallwatch/INFO] (Minecraft) [STDOUT]: [STALLWATCH] "Notification Thread" id=21 state=RUNNABLE daemon=true
[21:02:47] [coreswap-stallwatch/INFO] (Minecraft) [STDOUT]: [STALLWATCH] "Worker-Main-11" id=74 state=WAITING daemon=true
[21:02:47] [coreswap-stallwatch/INFO] (Minecraft) [STDOUT]: [STALLWATCH]     at java.base@17.0.12/jdk.internal.misc.Unsafe.park(Native Method)
[21:02:47] [coreswap-stallwatch/INFO] (Minecraft) [STDOUT]: [STALLWATCH]     at java.base@17.0.12/java.util.concurrent.locks.LockSupport.park(LockSupport.java:341)
[21:02:47] [coreswap-stallwatch/INFO] (Minecraft) [STDOUT]: [STALLWATCH]     at java.base@17.0.12/java.util.concurrent.ForkJoinPool.awaitWork(ForkJoinPool.java:1724)
[21:02:47] [coreswap-stallwatch/INFO] (Minecraft) [STDOUT]: [STALLWATCH]     at java.base@17.0.12/java.util.concurrent.ForkJoinPool.runWorker(ForkJoinPool.java:1623)
[21:02:47] [coreswap-stallwatch/INFO] (Minecraft) [STDOUT]: [STALLWATCH]     at java.base@17.0.12/java.util.concurrent.ForkJoinWorkerThread.run(ForkJoinWorkerThread.java:165)
[21:02:47] [coreswap-stallwatch/INFO] (Minecraft) [STDOUT]: [STALLWATCH] "Chunky-minecraft:overworld Thread" id=102 state=WAITING daemon=true
[21:02:47] [coreswap-stallwatch/INFO] (Minecraft) [STDOUT]: [STALLWATCH]     at java.base@17.0.12/jdk.internal.misc.Unsafe.park(Native Method)
[21:02:47] [coreswap-stallwatch/INFO] (Minecraft) [STDOUT]: [STALLWATCH]     at java.base@17.0.12/java.util.concurrent.locks.LockSupport.park(LockSupport.java:211)
[21:02:47] [coreswap-stallwatch/INFO] (Minecraft) [STDOUT]: [STALLWATCH]     at java.base@17.0.12/java.util.concurrent.locks.AbstractQueuedSynchronizer.acquire(AbstractQueuedSynchronizer.java:715)
[21:02:47] [coreswap-stallwatch/INFO] (Minecraft) [STDOUT]: [STALLWATCH]     at java.base@17.0.12/java.util.concurrent.locks.AbstractQueuedSynchronizer.acquireSharedInterruptibly(AbstractQueuedSynchronizer.java:1047)
[21:02:47] [coreswap-stallwatch/INFO] (Minecraft) [STDOUT]: [STALLWATCH]     at java.base@17.0.12/java.util.concurrent.Semaphore.acquire(Semaphore.java:318)
[21:02:47] [coreswap-stallwatch/INFO] (Minecraft) [STDOUT]: [STALLWATCH]     at org.popcraft.chunky.GenerationTask.run(GenerationTask.java:140)
[21:02:47] [coreswap-stallwatch/INFO] (Minecraft) [STDOUT]: [STALLWATCH]     at java.base@17.0.12/java.util.concurrent.Executors$RunnableAdapter.call(Executors.java:539)
[21:02:47] [coreswap-stallwatch/INFO] (Minecraft) [STDOUT]: [STALLWATCH]     at java.base@17.0.12/java.util.concurrent.FutureTask.run(FutureTask.java:264)
[21:02:47] [coreswap-stallwatch/INFO] (Minecraft) [STDOUT]: [STALLWATCH]     at java.base@17.0.12/java.util.concurrent.ThreadPoolExecutor.runWorker(ThreadPoolExecutor.java:1136)
[21:02:47] [coreswap-stallwatch/INFO] (Minecraft) [STDOUT]: [STALLWATCH]     at java.base@17.0.12/java.util.concurrent.ThreadPoolExecutor$Worker.run(ThreadPoolExecutor.java:635)
[21:02:47] [coreswap-stallwatch/INFO] (Minecraft) [STDOUT]: [STALLWATCH]     at java.base@17.0.12/java.lang.Thread.run(Thread.java:842)
[21:02:47] [coreswap-stallwatch/INFO] (Minecraft) [STDOUT]: [STALLWATCH] "Worker-Main-13" id=76 state=WAITING daemon=true
[21:02:47] [coreswap-stallwatch/INFO] (Minecraft) [STDOUT]: [STALLWATCH]     at java.base@17.0.12/jdk.internal.misc.Unsafe.park(Native Method)
[21:02:47] [coreswap-stallwatch/INFO] (Minecraft) [STDOUT]: [STALLWATCH]     at java.base@17.0.12/java.util.concurrent.locks.LockSupport.park(LockSupport.java:341)
[21:02:47] [coreswap-stallwatch/INFO] (Minecraft) [STDOUT]: [STALLWATCH]     at java.base@17.0.12/java.util.concurrent.ForkJoinPool.awaitWork(ForkJoinPool.java:1724)
[21:02:47] [coreswap-stallwatch/INFO] (Minecraft) [STDOUT]: [STALLWATCH]     at java.base@17.0.12/java.util.concurrent.ForkJoinPool.runWorker(ForkJoinPool.java:1623)
[21:02:47] [coreswap-stallwatch/INFO] (Minecraft) [STDOUT]: [STALLWATCH]     at java.base@17.0.12/java.util.concurrent.ForkJoinWorkerThread.run(ForkJoinWorkerThread.java:165)
[21:02:47] [coreswap-stallwatch/INFO] (Minecraft) [STDOUT]: [STALLWATCH] "Yggdrasil Key Fetcher" id=61 state=TIMED_WAITING daemon=true
[21:02:47] [coreswap-stallwatch/INFO] (Minecraft) [STDOUT]: [STALLWATCH]     at java.base@17.0.12/jdk.internal.misc.Unsafe.park(Native Method)
[21:02:47] [coreswap-stallwatch/INFO] (Minecraft) [STDOUT]: [STALLWATCH]     at java.base@17.0.12/java.util.concurrent.locks.LockSupport.parkNanos(LockSupport.java:252)
[21:02:47] [coreswap-stallwatch/INFO] (Minecraft) [STDOUT]: [STALLWATCH]     at java.base@17.0.12/java.util.concurrent.locks.AbstractQueuedSynchronizer$ConditionObject.awaitNanos(AbstractQueuedSynchronizer.java:1672)
[21:02:47] [coreswap-stallwatch/INFO] (Minecraft) [STDOUT]: [STALLWATCH]     at java.base@17.0.12/java.util.concurrent.ScheduledThreadPoolExecutor$DelayedWorkQueue.take(ScheduledThreadPoolExecutor.java:1182)
[21:02:47] [coreswap-stallwatch/INFO] (Minecraft) [STDOUT]: [STALLWATCH]     at java.base@17.0.12/java.util.concurrent.ScheduledThreadPoolExecutor$DelayedWorkQueue.take(ScheduledThreadPoolExecutor.java:899)
[21:02:47] [coreswap-stallwatch/INFO] (Minecraft) [STDOUT]: [STALLWATCH]     at java.base@17.0.12/java.util.concurrent.ThreadPoolExecutor.getTask(ThreadPoolExecutor.java:1062)
[21:02:47] [coreswap-stallwatch/INFO] (Minecraft) [STDOUT]: [STALLWATCH]     at java.base@17.0.12/java.util.concurrent.ThreadPoolExecutor.runWorker(ThreadPoolExecutor.java:1122)
[21:02:47] [coreswap-stallwatch/INFO] (Minecraft) [STDOUT]: [STALLWATCH]     at java.base@17.0.12/java.util.concurrent.ThreadPoolExecutor$Worker.run(ThreadPoolExecutor.java:635)
[21:02:47] [coreswap-stallwatch/INFO] (Minecraft) [STDOUT]: [STALLWATCH]     at java.base@17.0.12/java.lang.Thread.run(Thread.java:842)
[21:02:47] [coreswap-stallwatch/INFO] (Minecraft) [STDOUT]: [STALLWATCH] "Worker-Main-23" id=86 state=WAITING daemon=true
[21:02:47] [coreswap-stallwatch/INFO] (Minecraft) [STDOUT]: [STALLWATCH]     at java.base@17.0.12/jdk.internal.misc.Unsafe.park(Native Method)
[21:02:47] [coreswap-stallwatch/INFO] (Minecraft) [STDOUT]: [STALLWATCH]     at java.base@17.0.12/java.util.concurrent.locks.LockSupport.park(LockSupport.java:341)
[21:02:47] [coreswap-stallwatch/INFO] (Minecraft) [STDOUT]: [STALLWATCH]     at java.base@17.0.12/java.util.concurrent.ForkJoinPool.awaitWork(ForkJoinPool.java:1724)
[21:02:47] [coreswap-stallwatch/INFO] (Minecraft) [STDOUT]: [STALLWATCH]     at java.base@17.0.12/java.util.concurrent.ForkJoinPool.runWorker(ForkJoinPool.java:1623)
[21:02:47] [coreswap-stallwatch/INFO] (Minecraft) [STDOUT]: [STALLWATCH]     at java.base@17.0.12/java.util.concurrent.ForkJoinWorkerThread.run(ForkJoinWorkerThread.java:165)
[21:02:47] [coreswap-stallwatch/INFO] (Minecraft) [STDOUT]: [STALLWATCH] "IO-Worker-25" id=93 state=TIMED_WAITING daemon=false
[21:02:47] [coreswap-stallwatch/INFO] (Minecraft) [STDOUT]: [STALLWATCH]     at java.base@17.0.12/jdk.internal.misc.Unsafe.park(Native Method)
[21:02:47] [coreswap-stallwatch/INFO] (Minecraft) [STDOUT]: [STALLWATCH]     at java.base@17.0.12/java.util.concurrent.locks.LockSupport.parkNanos(LockSupport.java:252)
[21:02:47] [coreswap-stallwatch/INFO] (Minecraft) [STDOUT]: [STALLWATCH]     at java.base@17.0.12/java.util.concurrent.SynchronousQueue$TransferStack.transfer(SynchronousQueue.java:401)
[21:02:47] [coreswap-stallwatch/INFO] (Minecraft) [STDOUT]: [STALLWATCH]     at java.base@17.0.12/java.util.concurrent.SynchronousQueue.poll(SynchronousQueue.java:903)
[21:02:47] [coreswap-stallwatch/INFO] (Minecraft) [STDOUT]: [STALLWATCH]     at java.base@17.0.12/java.util.concurrent.ThreadPoolExecutor.getTask(ThreadPoolExecutor.java:1061)
[21:02:47] [coreswap-stallwatch/INFO] (Minecraft) [STDOUT]: [STALLWATCH]     at java.base@17.0.12/java.util.concurrent.ThreadPoolExecutor.runWorker(ThreadPoolExecutor.java:1122)
[21:02:47] [coreswap-stallwatch/INFO] (Minecraft) [STDOUT]: [STALLWATCH]     at java.base@17.0.12/java.util.concurrent.ThreadPoolExecutor$Worker.run(ThreadPoolExecutor.java:635)
[21:02:47] [coreswap-stallwatch/INFO] (Minecraft) [STDOUT]: [STALLWATCH]     at java.base@17.0.12/java.lang.Thread.run(Thread.java:842)
[21:02:47] [coreswap-stallwatch/INFO] (Minecraft) [STDOUT]: [STALLWATCH] === end ===
[21:02:54] [Worker-Main-11/INFO] (Minecraft) [STDOUT]: [CHUNKTIME] n=2304 perChunk(ms): mixin=46.03 gap=1053.00 | sumMixin=106.0s sumGap=2426.1s | inflight max=1 now=1
[21:02:54] [Server thread/INFO] (Minecraft) [Chunky] Task running for minecraft:overworld. Processed: 2059 chunks (48.73%), ETA: 0:01:45, Rate: 20.6 cps, Current: -34, -15
[21:03:01] [RCON Listener #1/INFO] (Minecraft) Thread RCON Client /127.0.0.1 started
[21:03:01] [RCON Client /127.0.0.1 #13/INFO] (Minecraft) Thread RCON Client /127.0.0.1 shutting down
[21:03:05] [Server thread/INFO] (Minecraft) [Chunky] Task running for minecraft:overworld. Processed: 2135 chunks (50.53%), ETA: 0:02:20, Rate: 14.9 cps, Current: -35, -11
[21:03:11] [Worker-Main-15/INFO] (Minecraft) [STDOUT]: [CHUNKTIME] n=2560 perChunk(ms): mixin=47.32 gap=1093.34 | sumMixin=121.1s sumGap=2799.0s | inflight max=1 now=1
[21:03:15] [Server thread/INFO] (Minecraft) [Chunky] Task running for minecraft:overworld. Processed: 2266 chunks (53.63%), ETA: 0:02:49, Rate: 11.6 cps, Current: -26, 0
[21:03:17] [coreswap-stallwatch/INFO] (Minecraft) [STDOUT]: [STALLWATCH] === thread dump @ Thu Sep 10 21:03:17 HKT 2026 (interval=30s) ===
[21:03:17] [coreswap-stallwatch/INFO] (Minecraft) [STDOUT]: [STALLWATCH] "Worker-Main-12" id=75 state=WAITING daemon=true
[21:03:17] [coreswap-stallwatch/INFO] (Minecraft) [STDOUT]: [STALLWATCH]     at java.base@17.0.12/jdk.internal.misc.Unsafe.park(Native Method)
[21:03:17] [coreswap-stallwatch/INFO] (Minecraft) [STDOUT]: [STALLWATCH]     at java.base@17.0.12/java.util.concurrent.locks.LockSupport.park(LockSupport.java:341)
[21:03:17] [coreswap-stallwatch/INFO] (Minecraft) [STDOUT]: [STALLWATCH]     at java.base@17.0.12/java.util.concurrent.ForkJoinPool.awaitWork(ForkJoinPool.java:1724)
[21:03:17] [coreswap-stallwatch/INFO] (Minecraft) [STDOUT]: [STALLWATCH]     at java.base@17.0.12/java.util.concurrent.ForkJoinPool.runWorker(ForkJoinPool.java:1623)
[21:03:17] [coreswap-stallwatch/INFO] (Minecraft) [STDOUT]: [STALLWATCH]     at java.base@17.0.12/java.util.concurrent.ForkJoinWorkerThread.run(ForkJoinWorkerThread.java:165)
[21:03:17] [coreswap-stallwatch/INFO] (Minecraft) [STDOUT]: [STALLWATCH] "Worker-Main-16" id=79 state=WAITING daemon=true
[21:03:17] [coreswap-stallwatch/INFO] (Minecraft) [STDOUT]: [STALLWATCH]     at java.base@17.0.12/jdk.internal.misc.Unsafe.park(Native Method)
[21:03:17] [coreswap-stallwatch/INFO] (Minecraft) [STDOUT]: [STALLWATCH]     at java.base@17.0.12/java.util.concurrent.locks.LockSupport.park(LockSupport.java:341)
[21:03:17] [coreswap-stallwatch/INFO] (Minecraft) [STDOUT]: [STALLWATCH]     at java.base@17.0.12/java.util.concurrent.ForkJoinPool.awaitWork(ForkJoinPool.java:1724)
[21:03:17] [coreswap-stallwatch/INFO] (Minecraft) [STDOUT]: [STALLWATCH]     at java.base@17.0.12/java.util.concurrent.ForkJoinPool.runWorker(ForkJoinPool.java:1623)
[21:03:17] [coreswap-stallwatch/INFO] (Minecraft) [STDOUT]: [STALLWATCH]     at java.base@17.0.12/java.util.concurrent.ForkJoinWorkerThread.run(ForkJoinWorkerThread.java:165)
[21:03:17] [coreswap-stallwatch/INFO] (Minecraft) [STDOUT]: [STALLWATCH] "Worker-Main-21" id=84 state=WAITING daemon=true
[21:03:17] [coreswap-stallwatch/INFO] (Minecraft) [STDOUT]: [STALLWATCH]     at java.base@17.0.12/jdk.internal.misc.Unsafe.park(Native Method)
[21:03:17] [coreswap-stallwatch/INFO] (Minecraft) [STDOUT]: [STALLWATCH]     at java.base@17.0.12/java.util.concurrent.locks.LockSupport.park(LockSupport.java:341)
[21:03:17] [coreswap-stallwatch/INFO] (Minecraft) [STDOUT]: [STALLWATCH]     at java.base@17.0.12/java.util.concurrent.ForkJoinPool.awaitWork(ForkJoinPool.java:1724)
[21:03:17] [coreswap-stallwatch/INFO] (Minecraft) [STDOUT]: [STALLWATCH]     at java.base@17.0.12/java.util.concurrent.ForkJoinPool.runWorker(ForkJoinPool.java:1623)
[21:03:17] [coreswap-stallwatch/INFO] (Minecraft) [STDOUT]: [STALLWATCH]     at java.base@17.0.12/java.util.concurrent.ForkJoinWorkerThread.run(ForkJoinWorkerThread.java:165)
[21:03:17] [coreswap-stallwatch/INFO] (Minecraft) [STDOUT]: [STALLWATCH] "Worker-Main-5" id=68 state=WAITING daemon=true
[21:03:17] [coreswap-stallwatch/INFO] (Minecraft) [STDOUT]: [STALLWATCH]     at java.base@17.0.12/jdk.internal.misc.Unsafe.park(Native Method)
[21:03:17] [coreswap-stallwatch/INFO] (Minecraft) [STDOUT]: [STALLWATCH]     at java.base@17.0.12/java.util.concurrent.locks.LockSupport.park(LockSupport.java:341)
[21:03:17] [coreswap-stallwatch/INFO] (Minecraft) [STDOUT]: [STALLWATCH]     at java.base@17.0.12/java.util.concurrent.ForkJoinPool.awaitWork(ForkJoinPool.java:1724)
[21:03:17] [coreswap-stallwatch/INFO] (Minecraft) [STDOUT]: [STALLWATCH]     at java.base@17.0.12/java.util.concurrent.ForkJoinPool.runWorker(ForkJoinPool.java:1623)
[21:03:17] [coreswap-stallwatch/INFO] (Minecraft) [STDOUT]: [STALLWATCH]     at java.base@17.0.12/java.util.concurrent.ForkJoinWorkerThread.run(ForkJoinWorkerThread.java:165)
[21:03:17] [coreswap-stallwatch/INFO] (Minecraft) [STDOUT]: [STALLWATCH] "Worker-Main-15" id=78 state=WAITING daemon=true
[21:03:17] [coreswap-stallwatch/INFO] (Minecraft) [STDOUT]: [STALLWATCH]     at java.base@17.0.12/jdk.internal.misc.Unsafe.park(Native Method)
[21:03:17] [coreswap-stallwatch/INFO] (Minecraft) [STDOUT]: [STALLWATCH]     at java.base@17.0.12/java.util.concurrent.locks.LockSupport.park(LockSupport.java:341)
[21:03:17] [coreswap-stallwatch/INFO] (Minecraft) [STDOUT]: [STALLWATCH]     at java.base@17.0.12/java.util.concurrent.ForkJoinPool.awaitWork(ForkJoinPool.java:1724)
[21:03:17] [coreswap-stallwatch/INFO] (Minecraft) [STDOUT]: [STALLWATCH]     at java.base@17.0.12/java.util.concurrent.ForkJoinPool.runWorker(ForkJoinPool.java:1623)
[21:03:17] [coreswap-stallwatch/INFO] (Minecraft) [STDOUT]: [STALLWATCH]     at java.base@17.0.12/java.util.concurrent.ForkJoinWorkerThread.run(ForkJoinWorkerThread.java:165)
[21:03:17] [coreswap-stallwatch/INFO] (Minecraft) [STDOUT]: [STALLWATCH] "Common-Cleaner" id=22 state=TIMED_WAITING daemon=true
[21:03:17] [coreswap-stallwatch/INFO] (Minecraft) [STDOUT]: [STALLWATCH]     at java.base@17.0.12/java.lang.Object.wait(Native Method)
[21:03:17] [coreswap-stallwatch/INFO] (Minecraft) [STDOUT]: [STALLWATCH]     at java.base@17.0.12/java.lang.ref.ReferenceQueue.remove(ReferenceQueue.java:155)
[21:03:17] [coreswap-stallwatch/INFO] (Minecraft) [STDOUT]: [STALLWATCH]     at java.base@17.0.12/jdk.internal.ref.CleanerImpl.run(CleanerImpl.java:140)
[21:03:17] [coreswap-stallwatch/INFO] (Minecraft) [STDOUT]: [STALLWATCH]     at java.base@17.0.12/java.lang.Thread.run(Thread.java:842)
[21:03:17] [coreswap-stallwatch/INFO] (Minecraft) [STDOUT]: [STALLWATCH]     at java.base@17.0.12/jdk.internal.misc.InnocuousThread.run(InnocuousThread.java:162)
[21:03:17] [coreswap-stallwatch/INFO] (Minecraft) [STDOUT]: [STALLWATCH] "coreswap-stallwatch" id=99 state=RUNNABLE daemon=true
[21:03:17] [coreswap-stallwatch/INFO] (Minecraft) [STDOUT]: [STALLWATCH]     at java.base@17.0.12/java.lang.Thread.dumpThreads(Native Method)
[21:03:17] [coreswap-stallwatch/INFO] (Minecraft) [STDOUT]: [STALLWATCH]     at java.base@17.0.12/java.lang.Thread.getAllStackTraces(Thread.java:1673)
[21:03:17] [coreswap-stallwatch/INFO] (Minecraft) [STDOUT]: [STALLWATCH]     at wg.bench.StallWatch.lambda$start$0(StallWatch.java:41)
[21:03:17] [coreswap-stallwatch/INFO] (Minecraft) [STDOUT]: [STALLWATCH]     at wg.bench.StallWatch$$Lambda$5847/0x000001fc99c2dad8.run(Unknown Source)
[21:03:17] [coreswap-stallwatch/INFO] (Minecraft) [STDOUT]: [STALLWATCH]     at java.base@17.0.12/java.lang.Thread.run(Thread.java:842)
[21:03:17] [coreswap-stallwatch/INFO] (Minecraft) [STDOUT]: [STALLWATCH] "Worker-Main-14" id=77 state=WAITING daemon=true
[21:03:17] [coreswap-stallwatch/INFO] (Minecraft) [STDOUT]: [STALLWATCH]     at java.base@17.0.12/jdk.internal.misc.Unsafe.park(Native Method)
[21:03:17] [coreswap-stallwatch/INFO] (Minecraft) [STDOUT]: [STALLWATCH]     at java.base@17.0.12/java.util.concurrent.locks.LockSupport.park(LockSupport.java:341)
[21:03:17] [coreswap-stallwatch/INFO] (Minecraft) [STDOUT]: [STALLWATCH]     at java.base@17.0.12/java.util.concurrent.ForkJoinPool.awaitWork(ForkJoinPool.java:1724)
[21:03:17] [coreswap-stallwatch/INFO] (Minecraft) [STDOUT]: [STALLWATCH]     at java.base@17.0.12/java.util.concurrent.ForkJoinPool.runWorker(ForkJoinPool.java:1623)
[21:03:17] [coreswap-stallwatch/INFO] (Minecraft) [STDOUT]: [STALLWATCH]     at java.base@17.0.12/java.util.concurrent.ForkJoinWorkerThread.run(ForkJoinWorkerThread.java:165)
[21:03:17] [coreswap-stallwatch/INFO] (Minecraft) [STDOUT]: [STALLWATCH] "DestroyJavaVM" id=89 state=RUNNABLE daemon=false
[21:03:17] [coreswap-stallwatch/INFO] (Minecraft) [STDOUT]: [STALLWATCH] "IO-Worker-24" id=92 state=TIMED_WAITING daemon=false
[21:03:17] [coreswap-stallwatch/INFO] (Minecraft) [STDOUT]: [STALLWATCH]     at java.base@17.0.12/jdk.internal.misc.Unsafe.park(Native Method)
[21:03:17] [coreswap-stallwatch/INFO] (Minecraft) [STDOUT]: [STALLWATCH]     at java.base@17.0.12/java.util.concurrent.locks.LockSupport.parkNanos(LockSupport.java:252)
[21:03:17] [coreswap-stallwatch/INFO] (Minecraft) [STDOUT]: [STALLWATCH]     at java.base@17.0.12/java.util.concurrent.SynchronousQueue$TransferStack.transfer(SynchronousQueue.java:401)
[21:03:17] [coreswap-stallwatch/INFO] (Minecraft) [STDOUT]: [STALLWATCH]     at java.base@17.0.12/java.util.concurrent.SynchronousQueue.poll(SynchronousQueue.java:903)
[21:03:17] [coreswap-stallwatch/INFO] (Minecraft) [STDOUT]: [STALLWATCH]     at java.base@17.0.12/java.util.concurrent.ThreadPoolExecutor.getTask(ThreadPoolExecutor.java:1061)
[21:03:17] [coreswap-stallwatch/INFO] (Minecraft) [STDOUT]: [STALLWATCH]     at java.base@17.0.12/java.util.concurrent.ThreadPoolExecutor.runWorker(ThreadPoolExecutor.java:1122)
[21:03:17] [coreswap-stallwatch/INFO] (Minecraft) [STDOUT]: [STALLWATCH]     at java.base@17.0.12/java.util.concurrent.ThreadPoolExecutor$Worker.run(ThreadPoolExecutor.java:635)
[21:03:17] [coreswap-stallwatch/INFO] (Minecraft) [STDOUT]: [STALLWATCH]     at java.base@17.0.12/java.lang.Thread.run(Thread.java:842)
[21:03:17] [coreswap-stallwatch/INFO] (Minecraft) [STDOUT]: [STALLWATCH] "Thread-8" id=101 state=TIMED_WAITING daemon=true
[21:03:17] [coreswap-stallwatch/INFO] (Minecraft) [STDOUT]: [STALLWATCH]     at java.base@17.0.12/jdk.internal.misc.Unsafe.park(Native Method)
[21:03:17] [coreswap-stallwatch/INFO] (Minecraft) [STDOUT]: [STALLWATCH]     at java.base@17.0.12/java.util.concurrent.locks.LockSupport.parkNanos(LockSupport.java:252)
[21:03:17] [coreswap-stallwatch/INFO] (Minecraft) [STDOUT]: [STALLWATCH]     at java.base@17.0.12/java.util.concurrent.SynchronousQueue$TransferStack.transfer(SynchronousQueue.java:401)
[21:03:17] [coreswap-stallwatch/INFO] (Minecraft) [STDOUT]: [STALLWATCH]     at java.base@17.0.12/java.util.concurrent.SynchronousQueue.poll(SynchronousQueue.java:903)
[21:03:17] [coreswap-stallwatch/INFO] (Minecraft) [STDOUT]: [STALLWATCH]     at java.base@17.0.12/java.util.concurrent.ThreadPoolExecutor.getTask(ThreadPoolExecutor.java:1061)
[21:03:17] [coreswap-stallwatch/INFO] (Minecraft) [STDOUT]: [STALLWATCH]     at java.base@17.0.12/java.util.concurrent.ThreadPoolExecutor.runWorker(ThreadPoolExecutor.java:1122)
[21:03:17] [coreswap-stallwatch/INFO] (Minecraft) [STDOUT]: [STALLWATCH]     at java.base@17.0.12/java.util.concurrent.ThreadPoolExecutor$Worker.run(ThreadPoolExecutor.java:635)
[21:03:17] [coreswap-stallwatch/INFO] (Minecraft) [STDOUT]: [STALLWATCH]     at java.base@17.0.12/java.lang.Thread.run(Thread.java:842)
[21:03:17] [coreswap-stallwatch/INFO] (Minecraft) [STDOUT]: [STALLWATCH] "Server thread" id=87 state=TIMED_WAITING daemon=false
[21:03:17] [coreswap-stallwatch/INFO] (Minecraft) [STDOUT]: [STALLWATCH]     at java.base@17.0.12/jdk.internal.misc.Unsafe.park(Native Method)
[21:03:17] [coreswap-stallwatch/INFO] (Minecraft) [STDOUT]: [STALLWATCH]     at java.base@17.0.12/java.util.concurrent.locks.LockSupport.parkNanos(LockSupport.java:252)
[21:03:17] [coreswap-stallwatch/INFO] (Minecraft) [STDOUT]: [STALLWATCH]     at net.minecraft.util.thread.ThreadExecutor.waitForTasks(ThreadExecutor.java:133)
[21:03:17] [coreswap-stallwatch/INFO] (Minecraft) [STDOUT]: [STALLWATCH]     at net.minecraft.util.thread.ThreadExecutor.runTasks(ThreadExecutor.java:123)
[21:03:17] [coreswap-stallwatch/INFO] (Minecraft) [STDOUT]: [STALLWATCH]     at net.minecraft.server.MinecraftServer.runTasksTillTickEnd(MinecraftServer.java:788)
[21:03:17] [coreswap-stallwatch/INFO] (Minecraft) [STDOUT]: [STALLWATCH]     at net.minecraft.server.MinecraftServer.runServer(MinecraftServer.java:726)
[21:03:17] [coreswap-stallwatch/INFO] (Minecraft) [STDOUT]: [STALLWATCH]     at net.minecraft.server.MinecraftServer.method_29739(MinecraftServer.java:267)
[21:03:17] [coreswap-stallwatch/INFO] (Minecraft) [STDOUT]: [STALLWATCH]     at net.minecraft.server.MinecraftServer$$Lambda$5103/0x000001fc99ad8928.run(Unknown Source)
[21:03:17] [coreswap-stallwatch/INFO] (Minecraft) [STDOUT]: [STALLWATCH]     at java.base@17.0.12/java.lang.Thread.run(Thread.java:842)
[21:03:17] [coreswap-stallwatch/INFO] (Minecraft) [STDOUT]: [STALLWATCH] "Attach Listener" id=5 state=RUNNABLE daemon=true
[21:03:17] [coreswap-stallwatch/INFO] (Minecraft) [STDOUT]: [STALLWATCH] "Worker-Main-2" id=65 state=WAITING daemon=true
[21:03:17] [coreswap-stallwatch/INFO] (Minecraft) [STDOUT]: [STALLWATCH]     at java.base@17.0.12/jdk.internal.misc.Unsafe.park(Native Method)
[21:03:17] [coreswap-stallwatch/INFO] (Minecraft) [STDOUT]: [STALLWATCH]     at java.base@17.0.12/java.util.concurrent.locks.LockSupport.park(LockSupport.java:341)
[21:03:17] [coreswap-stallwatch/INFO] (Minecraft) [STDOUT]: [STALLWATCH]     at java.base@17.0.12/java.util.concurrent.ForkJoinPool.awaitWork(ForkJoinPool.java:1724)
[21:03:17] [coreswap-stallwatch/INFO] (Minecraft) [STDOUT]: [STALLWATCH]     at java.base@17.0.12/java.util.concurrent.ForkJoinPool.runWorker(ForkJoinPool.java:1623)
[21:03:17] [coreswap-stallwatch/INFO] (Minecraft) [STDOUT]: [STALLWATCH]     at java.base@17.0.12/java.util.concurrent.ForkJoinWorkerThread.run(ForkJoinWorkerThread.java:165)
[21:03:17] [coreswap-stallwatch/INFO] (Minecraft) [STDOUT]: [STALLWATCH] "Worker-Main-19" id=82 state=WAITING daemon=true
[21:03:17] [coreswap-stallwatch/INFO] (Minecraft) [STDOUT]: [STALLWATCH]     at java.base@17.0.12/jdk.internal.misc.Unsafe.park(Native Method)
[21:03:17] [coreswap-stallwatch/INFO] (Minecraft) [STDOUT]: [STALLWATCH]     at java.base@17.0.12/java.util.concurrent.locks.LockSupport.park(LockSupport.java:341)
[21:03:17] [coreswap-stallwatch/INFO] (Minecraft) [STDOUT]: [STALLWATCH]     at java.base@17.0.12/java.util.concurrent.ForkJoinPool.awaitWork(ForkJoinPool.java:1724)
[21:03:17] [coreswap-stallwatch/INFO] (Minecraft) [STDOUT]: [STALLWATCH]     at java.base@17.0.12/java.util.concurrent.ForkJoinPool.runWorker(ForkJoinPool.java:1623)
[21:03:17] [coreswap-stallwatch/INFO] (Minecraft) [STDOUT]: [STALLWATCH]     at java.base@17.0.12/java.util.concurrent.ForkJoinWorkerThread.run(ForkJoinWorkerThread.java:165)
[21:03:17] [coreswap-stallwatch/INFO] (Minecraft) [STDOUT]: [STALLWATCH] "Worker-Main-1" id=64 state=WAITING daemon=true
[21:03:17] [coreswap-stallwatch/INFO] (Minecraft) [STDOUT]: [STALLWATCH]     at java.base@17.0.12/jdk.internal.misc.Unsafe.park(Native Method)
[21:03:17] [coreswap-stallwatch/INFO] (Minecraft) [STDOUT]: [STALLWATCH]     at java.base@17.0.12/java.util.concurrent.locks.LockSupport.park(LockSupport.java:341)
[21:03:17] [coreswap-stallwatch/INFO] (Minecraft) [STDOUT]: [STALLWATCH]     at java.base@17.0.12/java.util.concurrent.ForkJoinPool.awaitWork(ForkJoinPool.java:1724)
[21:03:17] [coreswap-stallwatch/INFO] (Minecraft) [STDOUT]: [STALLWATCH]     at java.base@17.0.12/java.util.concurrent.ForkJoinPool.runWorker(ForkJoinPool.java:1623)
[21:03:17] [coreswap-stallwatch/INFO] (Minecraft) [STDOUT]: [STALLWATCH]     at java.base@17.0.12/java.util.concurrent.ForkJoinWorkerThread.run(ForkJoinWorkerThread.java:165)
[21:03:17] [coreswap-stallwatch/INFO] (Minecraft) [STDOUT]: [STALLWATCH] "Signal Dispatcher" id=4 state=RUNNABLE daemon=true
[21:03:17] [coreswap-stallwatch/INFO] (Minecraft) [STDOUT]: [STALLWATCH] "Timer hack thread" id=60 state=TIMED_WAITING daemon=true
[21:03:17] [coreswap-stallwatch/INFO] (Minecraft) [STDOUT]: [STALLWATCH]     at java.base@17.0.12/java.lang.Thread.sleep(Native Method)
[21:03:17] [coreswap-stallwatch/INFO] (Minecraft) [STDOUT]: [STALLWATCH]     at net.minecraft.util.Util$9.run(Util.java:863)
[21:03:17] [coreswap-stallwatch/INFO] (Minecraft) [STDOUT]: [STALLWATCH] "Worker-Main-4" id=67 state=WAITING daemon=true
[21:03:17] [coreswap-stallwatch/INFO] (Minecraft) [STDOUT]: [STALLWATCH]     at java.base@17.0.12/jdk.internal.misc.Unsafe.park(Native Method)
[21:03:17] [coreswap-stallwatch/INFO] (Minecraft) [STDOUT]: [STALLWATCH]     at java.base@17.0.12/java.util.concurrent.locks.LockSupport.park(LockSupport.java:341)
[21:03:17] [coreswap-stallwatch/INFO] (Minecraft) [STDOUT]: [STALLWATCH]     at java.base@17.0.12/java.util.concurrent.ForkJoinPool.awaitWork(ForkJoinPool.java:1724)
[21:03:17] [coreswap-stallwatch/INFO] (Minecraft) [STDOUT]: [STALLWATCH]     at java.base@17.0.12/java.util.concurrent.ForkJoinPool.runWorker(ForkJoinPool.java:1623)
[21:03:17] [coreswap-stallwatch/INFO] (Minecraft) [STDOUT]: [STALLWATCH]     at java.base@17.0.12/java.util.concurrent.ForkJoinWorkerThread.run(ForkJoinWorkerThread.java:165)
[21:03:17] [coreswap-stallwatch/INFO] (Minecraft) [STDOUT]: [STALLWATCH] "Worker-Main-18" id=81 state=WAITING daemon=true
[21:03:17] [coreswap-stallwatch/INFO] (Minecraft) [STDOUT]: [STALLWATCH]     at java.base@17.0.12/jdk.internal.misc.Unsafe.park(Native Method)
[21:03:17] [coreswap-stallwatch/INFO] (Minecraft) [STDOUT]: [STALLWATCH]     at java.base@17.0.12/java.util.concurrent.locks.LockSupport.park(LockSupport.java:341)
[21:03:17] [coreswap-stallwatch/INFO] (Minecraft) [STDOUT]: [STALLWATCH]     at java.base@17.0.12/java.util.concurrent.ForkJoinPool.awaitWork(ForkJoinPool.java:1724)
[21:03:17] [coreswap-stallwatch/INFO] (Minecraft) [STDOUT]: [STALLWATCH]     at java.base@17.0.12/java.util.concurrent.ForkJoinPool.runWorker(ForkJoinPool.java:1623)
[21:03:17] [coreswap-stallwatch/INFO] (Minecraft) [STDOUT]: [STALLWATCH]     at java.base@17.0.12/java.util.concurrent.ForkJoinWorkerThread.run(ForkJoinWorkerThread.java:165)
[21:03:17] [coreswap-stallwatch/INFO] (Minecraft) [STDOUT]: [STALLWATCH] "Worker-Main-3" id=66 state=WAITING daemon=true
[21:03:17] [coreswap-stallwatch/INFO] (Minecraft) [STDOUT]: [STALLWATCH]     at java.base@17.0.12/jdk.internal.misc.Unsafe.park(Native Method)
[21:03:17] [coreswap-stallwatch/INFO] (Minecraft) [STDOUT]: [STALLWATCH]     at java.base@17.0.12/java.util.concurrent.locks.LockSupport.park(LockSupport.java:341)
[21:03:17] [coreswap-stallwatch/INFO] (Minecraft) [STDOUT]: [STALLWATCH]     at java.base@17.0.12/java.util.concurrent.ForkJoinPool.awaitWork(ForkJoinPool.java:1724)
[21:03:17] [coreswap-stallwatch/INFO] (Minecraft) [STDOUT]: [STALLWATCH]     at java.base@17.0.12/java.util.concurrent.ForkJoinPool.runWorker(ForkJoinPool.java:1623)
[21:03:17] [coreswap-stallwatch/INFO] (Minecraft) [STDOUT]: [STALLWATCH]     at java.base@17.0.12/java.util.concurrent.ForkJoinWorkerThread.run(ForkJoinWorkerThread.java:165)
[21:03:17] [coreswap-stallwatch/INFO] (Minecraft) [STDOUT]: [STALLWATCH] "Worker-Main-20" id=83 state=RUNNABLE daemon=true
[21:03:17] [coreswap-stallwatch/INFO] (Minecraft) [STDOUT]: [STALLWATCH]     at wg.CppWorldgen.fillBlocks(Native Method)
[21:03:17] [coreswap-stallwatch/INFO] (Minecraft) [STDOUT]: [STALLWATCH]     at wg.bench.CppBridge.fillChunk(CppBridge.java:377)
[21:03:17] [coreswap-stallwatch/INFO] (Minecraft) [STDOUT]: [STALLWATCH]     at net.minecraft.world.gen.chunk.NoiseChunkGenerator.md24f970$coreswap$lambda$wgPopulateNoise$1$2(NoiseChunkGenerator.java:671)
[21:03:17] [coreswap-stallwatch/INFO] (Minecraft) [STDOUT]: [STALLWATCH]     at net.minecraft.world.gen.chunk.NoiseChunkGenerator$$Lambda$6051/0x000001fc99c81760.get(Unknown Source)
[21:03:17] [coreswap-stallwatch/INFO] (Minecraft) [STDOUT]: [STALLWATCH]     at net.minecraft.world.gen.chunk.NoiseChunkGenerator.wgDispatch(NoiseChunkGenerator.java:610)
[21:03:17] [coreswap-stallwatch/INFO] (Minecraft) [STDOUT]: [STALLWATCH]     at net.minecraft.world.gen.chunk.NoiseChunkGenerator.handler$zdj000$coreswap$wgPopulateNoise(NoiseChunkGenerator.java:687)
[21:03:17] [coreswap-stallwatch/INFO] (Minecraft) [STDOUT]: [STALLWATCH]     at net.minecraft.world.gen.chunk.NoiseChunkGenerator.populateNoise(NoiseChunkGenerator.java)
[21:03:17] [coreswap-stallwatch/INFO] (Minecraft) [STDOUT]: [STALLWATCH]     at net.minecraft.world.chunk.ChunkStatus.method_38284(ChunkStatus.java:96)
[21:03:17] [coreswap-stallwatch/INFO] (Minecraft) [STDOUT]: [STALLWATCH]     at net.minecraft.world.chunk.ChunkStatus$$Lambda$1750/0x000001fc996e7300.doWork(Unknown Source)
[21:03:17] [coreswap-stallwatch/INFO] (Minecraft) [STDOUT]: [STALLWATCH]     at net.minecraft.world.chunk.ChunkStatus.runGenerationTask(ChunkStatus.java:357)
[21:03:17] [coreswap-stallwatch/INFO] (Minecraft) [STDOUT]: [STALLWATCH]     at net.minecraft.server.world.ThreadedAnvilChunkStorage.method_17225(ThreadedAnvilChunkStorage.java:656)
[21:03:17] [coreswap-stallwatch/INFO] (Minecraft) [STDOUT]: [STALLWATCH]     at net.minecraft.server.world.ThreadedAnvilChunkStorage$$Lambda$5350/0x000001fc99ba5ce8.apply(Unknown Source)
[21:03:17] [coreswap-stallwatch/INFO] (Minecraft) [STDOUT]: [STALLWATCH]     at com.mojang.datafixers.util.Either$Left.map(Either.java:38)
[21:03:17] [coreswap-stallwatch/INFO] (Minecraft) [STDOUT]: [STALLWATCH]     at net.minecraft.server.world.ThreadedAnvilChunkStorage.method_17224(ThreadedAnvilChunkStorage.java:645)
[21:03:17] [coreswap-stallwatch/INFO] (Minecraft) [STDOUT]: [STALLWATCH]     at net.minecraft.server.world.ThreadedAnvilChunkStorage$$Lambda$5306/0x000001fc99b936f8.apply(Unknown Source)
[21:03:17] [coreswap-stallwatch/INFO] (Minecraft) [STDOUT]: [STALLWATCH]     at java.base@17.0.12/java.util.concurrent.CompletableFuture$UniCompose.tryFire(CompletableFuture.java:1150)
[21:03:17] [coreswap-stallwatch/INFO] (Minecraft) [STDOUT]: [STALLWATCH]     at java.base@17.0.12/java.util.concurrent.CompletableFuture$Completion.run(CompletableFuture.java:482)
[21:03:17] [coreswap-stallwatch/INFO] (Minecraft) [STDOUT]: [STALLWATCH]     at net.minecraft.server.world.ChunkTaskPrioritySystem.method_17634(ChunkTaskPrioritySystem.java:49)
[21:03:17] [coreswap-stallwatch/INFO] (Minecraft) [STDOUT]: [STALLWATCH]     at net.minecraft.server.world.ChunkTaskPrioritySystem$$Lambda$5349/0x000001fc99ba5ac8.run(Unknown Source)
[21:03:17] [coreswap-stallwatch/INFO] (Minecraft) [STDOUT]: [STALLWATCH]     at net.minecraft.util.thread.TaskExecutor.runNext(TaskExecutor.java:79)
[21:03:17] [coreswap-stallwatch/INFO] (Minecraft) [STDOUT]: [STALLWATCH]     at net.minecraft.util.thread.TaskExecutor.runWhile(TaskExecutor.java:129)
[21:03:17] [coreswap-stallwatch/INFO] (Minecraft) [STDOUT]: [STALLWATCH]     at net.minecraft.util.thread.TaskExecutor.run(TaskExecutor.java:87)
[21:03:17] [coreswap-stallwatch/INFO] (Minecraft) [STDOUT]: [STALLWATCH]     at java.base@17.0.12/java.util.concurrent.ForkJoinTask$RunnableExecuteAction.exec(ForkJoinTask.java:1395)
[21:03:17] [coreswap-stallwatch/INFO] (Minecraft) [STDOUT]: [STALLWATCH]     at java.base@17.0.12/java.util.concurrent.ForkJoinTask.doExec(ForkJoinTask.java:373)
[21:03:17] [coreswap-stallwatch/INFO] (Minecraft) [STDOUT]: [STALLWATCH]     at java.base@17.0.12/java.util.concurrent.ForkJoinPool$WorkQueue.topLevelExec(ForkJoinPool.java:1182)
[21:03:17] [coreswap-stallwatch/INFO] (Minecraft) [STDOUT]: [STALLWATCH]     at java.base@17.0.12/java.util.concurrent.ForkJoinPool.scan(ForkJoinPool.java:1655)
[21:03:17] [coreswap-stallwatch/INFO] (Minecraft) [STDOUT]: [STALLWATCH]     at java.base@17.0.12/java.util.concurrent.ForkJoinPool.runWorker(ForkJoinPool.java:1622)
[21:03:17] [coreswap-stallwatch/INFO] (Minecraft) [STDOUT]: [STALLWATCH]     at java.base@17.0.12/java.util.concurrent.ForkJoinWorkerThread.run(ForkJoinWorkerThread.java:165)
[21:03:17] [coreswap-stallwatch/INFO] (Minecraft) [STDOUT]: [STALLWATCH] "Worker-Main-10" id=73 state=WAITING daemon=true
[21:03:17] [coreswap-stallwatch/INFO] (Minecraft) [STDOUT]: [STALLWATCH]     at java.base@17.0.12/jdk.internal.misc.Unsafe.park(Native Method)
[21:03:17] [coreswap-stallwatch/INFO] (Minecraft) [STDOUT]: [STALLWATCH]     at java.base@17.0.12/java.util.concurrent.locks.LockSupport.park(LockSupport.java:341)
[21:03:17] [coreswap-stallwatch/INFO] (Minecraft) [STDOUT]: [STALLWATCH]     at java.base@17.0.12/java.util.concurrent.ForkJoinPool.awaitWork(ForkJoinPool.java:1724)
[21:03:17] [coreswap-stallwatch/INFO] (Minecraft) [STDOUT]: [STALLWATCH]     at java.base@17.0.12/java.util.concurrent.ForkJoinPool.runWorker(ForkJoinPool.java:1623)
[21:03:17] [coreswap-stallwatch/INFO] (Minecraft) [STDOUT]: [STALLWATCH]     at java.base@17.0.12/java.util.concurrent.ForkJoinWorkerThread.run(ForkJoinWorkerThread.java:165)
[21:03:17] [coreswap-stallwatch/INFO] (Minecraft) [STDOUT]: [STALLWATCH] "Finalizer" id=3 state=WAITING daemon=true
[21:03:17] [coreswap-stallwatch/INFO] (Minecraft) [STDOUT]: [STALLWATCH]     at java.base@17.0.12/java.lang.Object.wait(Native Method)
[21:03:17] [coreswap-stallwatch/INFO] (Minecraft) [STDOUT]: [STALLWATCH]     at java.base@17.0.12/java.lang.ref.ReferenceQueue.remove(ReferenceQueue.java:155)
[21:03:17] [coreswap-stallwatch/INFO] (Minecraft) [STDOUT]: [STALLWATCH]     at java.base@17.0.12/java.lang.ref.ReferenceQueue.remove(ReferenceQueue.java:176)
[21:03:17] [coreswap-stallwatch/INFO] (Minecraft) [STDOUT]: [STALLWATCH]     at java.base@17.0.12/java.lang.ref.Finalizer$FinalizerThread.run(Finalizer.java:172)
[21:03:17] [coreswap-stallwatch/INFO] (Minecraft) [STDOUT]: [STALLWATCH] "Worker-Main-22" id=85 state=WAITING daemon=true
[21:03:17] [coreswap-stallwatch/INFO] (Minecraft) [STDOUT]: [STALLWATCH]     at java.base@17.0.12/jdk.internal.misc.Unsafe.park(Native Method)
[21:03:17] [coreswap-stallwatch/INFO] (Minecraft) [STDOUT]: [STALLWATCH]     at java.base@17.0.12/java.util.concurrent.locks.LockSupport.park(LockSupport.java:341)
[21:03:17] [coreswap-stallwatch/INFO] (Minecraft) [STDOUT]: [STALLWATCH]     at java.base@17.0.12/java.util.concurrent.ForkJoinPool.awaitWork(ForkJoinPool.java:1724)
[21:03:17] [coreswap-stallwatch/INFO] (Minecraft) [STDOUT]: [STALLWATCH]     at java.base@17.0.12/java.util.concurrent.ForkJoinPool.runWorker(ForkJoinPool.java:1623)
[21:03:17] [coreswap-stallwatch/INFO] (Minecraft) [STDOUT]: [STALLWATCH]     at java.base@17.0.12/java.util.concurrent.ForkJoinWorkerThread.run(ForkJoinWorkerThread.java:165)
[21:03:17] [coreswap-stallwatch/INFO] (Minecraft) [STDOUT]: [STALLWATCH] "IO-Worker-26" id=94 state=TIMED_WAITING daemon=false
[21:03:17] [coreswap-stallwatch/INFO] (Minecraft) [STDOUT]: [STALLWATCH]     at java.base@17.0.12/jdk.internal.misc.Unsafe.park(Native Method)
[21:03:17] [coreswap-stallwatch/INFO] (Minecraft) [STDOUT]: [STALLWATCH]     at java.base@17.0.12/java.util.concurrent.locks.LockSupport.parkNanos(LockSupport.java:252)
[21:03:17] [coreswap-stallwatch/INFO] (Minecraft) [STDOUT]: [STALLWATCH]     at java.base@17.0.12/java.util.concurrent.SynchronousQueue$TransferStack.transfer(SynchronousQueue.java:401)
[21:03:17] [coreswap-stallwatch/INFO] (Minecraft) [STDOUT]: [STALLWATCH]     at java.base@17.0.12/java.util.concurrent.SynchronousQueue.poll(SynchronousQueue.java:903)
[21:03:17] [coreswap-stallwatch/INFO] (Minecraft) [STDOUT]: [STALLWATCH]     at java.base@17.0.12/java.util.concurrent.ThreadPoolExecutor.getTask(ThreadPoolExecutor.java:1061)
[21:03:17] [coreswap-stallwatch/INFO] (Minecraft) [STDOUT]: [STALLWATCH]     at java.base@17.0.12/java.util.concurrent.ThreadPoolExecutor.runWorker(ThreadPoolExecutor.java:1122)
[21:03:17] [coreswap-stallwatch/INFO] (Minecraft) [STDOUT]: [STALLWATCH]     at java.base@17.0.12/java.util.concurrent.ThreadPoolExecutor$Worker.run(ThreadPoolExecutor.java:635)
[21:03:17] [coreswap-stallwatch/INFO] (Minecraft) [STDOUT]: [STALLWATCH]     at java.base@17.0.12/java.lang.Thread.run(Thread.java:842)
[21:03:17] [coreswap-stallwatch/INFO] (Minecraft) [STDOUT]: [STALLWATCH] "IO-Worker-28" id=96 state=TIMED_WAITING daemon=false
[21:03:17] [coreswap-stallwatch/INFO] (Minecraft) [STDOUT]: [STALLWATCH]     at java.base@17.0.12/jdk.internal.misc.Unsafe.park(Native Method)
[21:03:17] [coreswap-stallwatch/INFO] (Minecraft) [STDOUT]: [STALLWATCH]     at java.base@17.0.12/java.util.concurrent.locks.LockSupport.parkNanos(LockSupport.java:252)
[21:03:17] [coreswap-stallwatch/INFO] (Minecraft) [STDOUT]: [STALLWATCH]     at java.base@17.0.12/java.util.concurrent.SynchronousQueue$TransferStack.transfer(SynchronousQueue.java:401)
[21:03:17] [coreswap-stallwatch/INFO] (Minecraft) [STDOUT]: [STALLWATCH]     at java.base@17.0.12/java.util.concurrent.SynchronousQueue.poll(SynchronousQueue.java:903)
[21:03:17] [coreswap-stallwatch/INFO] (Minecraft) [STDOUT]: [STALLWATCH]     at java.base@17.0.12/java.util.concurrent.ThreadPoolExecutor.getTask(ThreadPoolExecutor.java:1061)
[21:03:17] [coreswap-stallwatch/INFO] (Minecraft) [STDOUT]: [STALLWATCH]     at java.base@17.0.12/java.util.concurrent.ThreadPoolExecutor.runWorker(ThreadPoolExecutor.java:1122)
[21:03:17] [coreswap-stallwatch/INFO] (Minecraft) [STDOUT]: [STALLWATCH]     at java.base@17.0.12/java.util.concurrent.ThreadPoolExecutor$Worker.run(ThreadPoolExecutor.java:635)
[21:03:17] [coreswap-stallwatch/INFO] (Minecraft) [STDOUT]: [STALLWATCH]     at java.base@17.0.12/java.lang.Thread.run(Thread.java:842)
[21:03:17] [coreswap-stallwatch/INFO] (Minecraft) [STDOUT]: [STALLWATCH] "Thread-7" id=100 state=TIMED_WAITING daemon=true
[21:03:17] [coreswap-stallwatch/INFO] (Minecraft) [STDOUT]: [STALLWATCH]     at java.base@17.0.12/jdk.internal.misc.Unsafe.park(Native Method)
[21:03:17] [coreswap-stallwatch/INFO] (Minecraft) [STDOUT]: [STALLWATCH]     at java.base@17.0.12/java.util.concurrent.locks.LockSupport.parkNanos(LockSupport.java:252)
[21:03:17] [coreswap-stallwatch/INFO] (Minecraft) [STDOUT]: [STALLWATCH]     at java.base@17.0.12/java.util.concurrent.SynchronousQueue$TransferStack.transfer(SynchronousQueue.java:401)
[21:03:17] [coreswap-stallwatch/INFO] (Minecraft) [STDOUT]: [STALLWATCH]     at java.base@17.0.12/java.util.concurrent.SynchronousQueue.poll(SynchronousQueue.java:903)
[21:03:17] [coreswap-stallwatch/INFO] (Minecraft) [STDOUT]: [STALLWATCH]     at java.base@17.0.12/java.util.concurrent.ThreadPoolExecutor.getTask(ThreadPoolExecutor.java:1061)
[21:03:17] [coreswap-stallwatch/INFO] (Minecraft) [STDOUT]: [STALLWATCH]     at java.base@17.0.12/java.util.concurrent.ThreadPoolExecutor.runWorker(ThreadPoolExecutor.java:1122)
[21:03:17] [coreswap-stallwatch/INFO] (Minecraft) [STDOUT]: [STALLWATCH]     at java.base@17.0.12/java.util.concurrent.ThreadPoolExecutor$Worker.run(ThreadPoolExecutor.java:635)
[21:03:17] [coreswap-stallwatch/INFO] (Minecraft) [STDOUT]: [STALLWATCH]     at java.base@17.0.12/java.lang.Thread.run(Thread.java:842)
[21:03:17] [coreswap-stallwatch/INFO] (Minecraft) [STDOUT]: [STALLWATCH] "Worker-Main-17" id=80 state=WAITING daemon=true
[21:03:17] [coreswap-stallwatch/INFO] (Minecraft) [STDOUT]: [STALLWATCH]     at java.base@17.0.12/jdk.internal.misc.Unsafe.park(Native Method)
[21:03:17] [coreswap-stallwatch/INFO] (Minecraft) [STDOUT]: [STALLWATCH]     at java.base@17.0.12/java.util.concurrent.locks.LockSupport.park(LockSupport.java:341)
[21:03:17] [coreswap-stallwatch/INFO] (Minecraft) [STDOUT]: [STALLWATCH]     at java.base@17.0.12/java.util.concurrent.ForkJoinPool.awaitWork(ForkJoinPool.java:1724)
[21:03:17] [coreswap-stallwatch/INFO] (Minecraft) [STDOUT]: [STALLWATCH]     at java.base@17.0.12/java.util.concurrent.ForkJoinPool.runWorker(ForkJoinPool.java:1623)
[21:03:17] [coreswap-stallwatch/INFO] (Minecraft) [STDOUT]: [STALLWATCH]     at java.base@17.0.12/java.util.concurrent.ForkJoinWorkerThread.run(ForkJoinWorkerThread.java:165)
[21:03:17] [coreswap-stallwatch/INFO] (Minecraft) [STDOUT]: [STALLWATCH] "Worker-Main-7" id=70 state=WAITING daemon=true
[21:03:17] [coreswap-stallwatch/INFO] (Minecraft) [STDOUT]: [STALLWATCH]     at java.base@17.0.12/jdk.internal.misc.Unsafe.park(Native Method)
[21:03:17] [coreswap-stallwatch/INFO] (Minecraft) [STDOUT]: [STALLWATCH]     at java.base@17.0.12/java.util.concurrent.locks.LockSupport.park(LockSupport.java:341)
[21:03:17] [coreswap-stallwatch/INFO] (Minecraft) [STDOUT]: [STALLWATCH]     at java.base@17.0.12/java.util.concurrent.ForkJoinPool.awaitWork(ForkJoinPool.java:1724)
[21:03:17] [coreswap-stallwatch/INFO] (Minecraft) [STDOUT]: [STALLWATCH]     at java.base@17.0.12/java.util.concurrent.ForkJoinPool.runWorker(ForkJoinPool.java:1623)
[21:03:17] [coreswap-stallwatch/INFO] (Minecraft) [STDOUT]: [STALLWATCH]     at java.base@17.0.12/java.util.concurrent.ForkJoinWorkerThread.run(ForkJoinWorkerThread.java:165)
[21:03:17] [coreswap-stallwatch/INFO] (Minecraft) [STDOUT]: [STALLWATCH] "JNA Cleaner" id=59 state=WAITING daemon=true
[21:03:17] [coreswap-stallwatch/INFO] (Minecraft) [STDOUT]: [STALLWATCH]     at java.base@17.0.12/java.lang.Object.wait(Native Method)
[21:03:17] [coreswap-stallwatch/INFO] (Minecraft) [STDOUT]: [STALLWATCH]     at java.base@17.0.12/java.lang.ref.ReferenceQueue.remove(ReferenceQueue.java:155)
[21:03:17] [coreswap-stallwatch/INFO] (Minecraft) [STDOUT]: [STALLWATCH]     at java.base@17.0.12/java.lang.ref.ReferenceQueue.remove(ReferenceQueue.java:176)
[21:03:17] [coreswap-stallwatch/INFO] (Minecraft) [STDOUT]: [STALLWATCH]     at com.sun.jna.internal.Cleaner$1.run(Cleaner.java:58)
[21:03:17] [coreswap-stallwatch/INFO] (Minecraft) [STDOUT]: [STALLWATCH] "Worker-Main-6" id=69 state=WAITING daemon=true
[21:03:17] [coreswap-stallwatch/INFO] (Minecraft) [STDOUT]: [STALLWATCH]     at java.base@17.0.12/jdk.internal.misc.Unsafe.park(Native Method)
[21:03:17] [coreswap-stallwatch/INFO] (Minecraft) [STDOUT]: [STALLWATCH]     at java.base@17.0.12/java.util.concurrent.locks.LockSupport.park(LockSupport.java:341)
[21:03:17] [coreswap-stallwatch/INFO] (Minecraft) [STDOUT]: [STALLWATCH]     at java.base@17.0.12/java.util.concurrent.ForkJoinPool.awaitWork(ForkJoinPool.java:1724)
[21:03:17] [coreswap-stallwatch/INFO] (Minecraft) [STDOUT]: [STALLWATCH]     at java.base@17.0.12/java.util.concurrent.ForkJoinPool.runWorker(ForkJoinPool.java:1623)
[21:03:17] [coreswap-stallwatch/INFO] (Minecraft) [STDOUT]: [STALLWATCH]     at java.base@17.0.12/java.util.concurrent.ForkJoinWorkerThread.run(ForkJoinWorkerThread.java:165)
[21:03:17] [coreswap-stallwatch/INFO] (Minecraft) [STDOUT]: [STALLWATCH] "Reference Handler" id=2 state=RUNNABLE daemon=true
[21:03:17] [coreswap-stallwatch/INFO] (Minecraft) [STDOUT]: [STALLWATCH]     at java.base@17.0.12/java.lang.ref.Reference.waitForReferencePendingList(Native Method)
[21:03:17] [coreswap-stallwatch/INFO] (Minecraft) [STDOUT]: [STALLWATCH]     at java.base@17.0.12/java.lang.ref.Reference.processPendingReferences(Reference.java:253)
[21:03:17] [coreswap-stallwatch/INFO] (Minecraft) [STDOUT]: [STALLWATCH]     at java.base@17.0.12/java.lang.ref.Reference$ReferenceHandler.run(Reference.java:215)
[21:03:17] [coreswap-stallwatch/INFO] (Minecraft) [STDOUT]: [STALLWATCH] "RCON Listener #1" id=98 state=RUNNABLE daemon=false
[21:03:17] [coreswap-stallwatch/INFO] (Minecraft) [STDOUT]: [STALLWATCH]     at java.base@17.0.12/sun.nio.ch.Net.poll(Native Method)
[21:03:17] [coreswap-stallwatch/INFO] (Minecraft) [STDOUT]: [STALLWATCH]     at java.base@17.0.12/sun.nio.ch.NioSocketImpl.park(NioSocketImpl.java:186)
[21:03:17] [coreswap-stallwatch/INFO] (Minecraft) [STDOUT]: [STALLWATCH]     at java.base@17.0.12/sun.nio.ch.NioSocketImpl.timedAccept(NioSocketImpl.java:715)
[21:03:17] [coreswap-stallwatch/INFO] (Minecraft) [STDOUT]: [STALLWATCH]     at java.base@17.0.12/sun.nio.ch.NioSocketImpl.accept(NioSocketImpl.java:757)
[21:03:17] [coreswap-stallwatch/INFO] (Minecraft) [STDOUT]: [STALLWATCH]     at java.base@17.0.12/java.net.ServerSocket.implAccept(ServerSocket.java:675)
[21:03:17] [coreswap-stallwatch/INFO] (Minecraft) [STDOUT]: [STALLWATCH]     at java.base@17.0.12/java.net.ServerSocket.platformImplAccept(ServerSocket.java:641)
[21:03:17] [coreswap-stallwatch/INFO] (Minecraft) [STDOUT]: [STALLWATCH]     at java.base@17.0.12/java.net.ServerSocket.implAccept(ServerSocket.java:617)
[21:03:17] [coreswap-stallwatch/INFO] (Minecraft) [STDOUT]: [STALLWATCH]     at java.base@17.0.12/java.net.ServerSocket.implAccept(ServerSocket.java:574)
[21:03:17] [coreswap-stallwatch/INFO] (Minecraft) [STDOUT]: [STALLWATCH]     at java.base@17.0.12/java.net.ServerSocket.accept(ServerSocket.java:532)
[21:03:17] [coreswap-stallwatch/INFO] (Minecraft) [STDOUT]: [STALLWATCH]     at net.minecraft.server.rcon.RconListener.run(RconListener.java:38)
[21:03:17] [coreswap-stallwatch/INFO] (Minecraft) [STDOUT]: [STALLWATCH]     at java.base@17.0.12/java.lang.Thread.run(Thread.java:842)
[21:03:17] [coreswap-stallwatch/INFO] (Minecraft) [STDOUT]: [STALLWATCH] "Netty Server IO #0" id=91 state=RUNNABLE daemon=true
[21:03:17] [coreswap-stallwatch/INFO] (Minecraft) [STDOUT]: [STALLWATCH]     at java.base@17.0.12/sun.nio.ch.WEPoll.wait(Native Method)
[21:03:17] [coreswap-stallwatch/INFO] (Minecraft) [STDOUT]: [STALLWATCH]     at java.base@17.0.12/sun.nio.ch.WEPollSelectorImpl.doSelect(WEPollSelectorImpl.java:111)
[21:03:17] [coreswap-stallwatch/INFO] (Minecraft) [STDOUT]: [STALLWATCH]     at java.base@17.0.12/sun.nio.ch.SelectorImpl.lockAndDoSelect(SelectorImpl.java:129)
[21:03:17] [coreswap-stallwatch/INFO] (Minecraft) [STDOUT]: [STALLWATCH]     at java.base@17.0.12/sun.nio.ch.SelectorImpl.select(SelectorImpl.java:146)
[21:03:17] [coreswap-stallwatch/INFO] (Minecraft) [STDOUT]: [STALLWATCH]     at io.netty.channel.nio.SelectedSelectionKeySetSelector.select(SelectedSelectionKeySetSelector.java:68)
[21:03:17] [coreswap-stallwatch/INFO] (Minecraft) [STDOUT]: [STALLWATCH]     at io.netty.channel.nio.NioEventLoop.select(NioEventLoop.java:879)
[21:03:17] [coreswap-stallwatch/INFO] (Minecraft) [STDOUT]: [STALLWATCH]     at io.netty.channel.nio.NioEventLoop.run(NioEventLoop.java:526)
[21:03:17] [coreswap-stallwatch/INFO] (Minecraft) [STDOUT]: [STALLWATCH]     at io.netty.util.concurrent.SingleThreadEventExecutor$4.run(SingleThreadEventExecutor.java:997)
[21:03:17] [coreswap-stallwatch/INFO] (Minecraft) [STDOUT]: [STALLWATCH]     at io.netty.util.internal.ThreadExecutorMap$2.run(ThreadExecutorMap.java:74)
[21:03:17] [coreswap-stallwatch/INFO] (Minecraft) [STDOUT]: [STALLWATCH]     at java.base@17.0.12/java.lang.Thread.run(Thread.java:842)
[21:03:17] [coreswap-stallwatch/INFO] (Minecraft) [STDOUT]: [STALLWATCH] "Worker-Main-9" id=72 state=WAITING daemon=true
[21:03:17] [coreswap-stallwatch/INFO] (Minecraft) [STDOUT]: [STALLWATCH]     at java.base@17.0.12/jdk.internal.misc.Unsafe.park(Native Method)
[21:03:17] [coreswap-stallwatch/INFO] (Minecraft) [STDOUT]: [STALLWATCH]     at java.base@17.0.12/java.util.concurrent.locks.LockSupport.park(LockSupport.java:341)
[21:03:17] [coreswap-stallwatch/INFO] (Minecraft) [STDOUT]: [STALLWATCH]     at java.base@17.0.12/java.util.concurrent.ForkJoinPool.awaitWork(ForkJoinPool.java:1724)
[21:03:17] [coreswap-stallwatch/INFO] (Minecraft) [STDOUT]: [STALLWATCH]     at java.base@17.0.12/java.util.concurrent.ForkJoinPool.runWorker(ForkJoinPool.java:1623)
[21:03:17] [coreswap-stallwatch/INFO] (Minecraft) [STDOUT]: [STALLWATCH]     at java.base@17.0.12/java.util.concurrent.ForkJoinWorkerThread.run(ForkJoinWorkerThread.java:165)
[21:03:17] [coreswap-stallwatch/INFO] (Minecraft) [STDOUT]: [STALLWATCH] "Worker-Main-8" id=71 state=WAITING daemon=true
[21:03:17] [coreswap-stallwatch/INFO] (Minecraft) [STDOUT]: [STALLWATCH]     at java.base@17.0.12/jdk.internal.misc.Unsafe.park(Native Method)
[21:03:17] [coreswap-stallwatch/INFO] (Minecraft) [STDOUT]: [STALLWATCH]     at java.base@17.0.12/java.util.concurrent.locks.LockSupport.park(LockSupport.java:341)
[21:03:17] [coreswap-stallwatch/INFO] (Minecraft) [STDOUT]: [STALLWATCH]     at java.base@17.0.12/java.util.concurrent.ForkJoinPool.awaitWork(ForkJoinPool.java:1724)
[21:03:17] [coreswap-stallwatch/INFO] (Minecraft) [STDOUT]: [STALLWATCH]     at java.base@17.0.12/java.util.concurrent.ForkJoinPool.runWorker(ForkJoinPool.java:1623)
[21:03:17] [coreswap-stallwatch/INFO] (Minecraft) [STDOUT]: [STALLWATCH]     at java.base@17.0.12/java.util.concurrent.ForkJoinWorkerThread.run(ForkJoinWorkerThread.java:165)
[21:03:17] [coreswap-stallwatch/INFO] (Minecraft) [STDOUT]: [STALLWATCH] "Notification Thread" id=21 state=RUNNABLE daemon=true
[21:03:17] [coreswap-stallwatch/INFO] (Minecraft) [STDOUT]: [STALLWATCH] "Worker-Main-11" id=74 state=WAITING daemon=true
[21:03:17] [coreswap-stallwatch/INFO] (Minecraft) [STDOUT]: [STALLWATCH]     at java.base@17.0.12/jdk.internal.misc.Unsafe.park(Native Method)
[21:03:17] [coreswap-stallwatch/INFO] (Minecraft) [STDOUT]: [STALLWATCH]     at java.base@17.0.12/java.util.concurrent.locks.LockSupport.park(LockSupport.java:341)
[21:03:17] [coreswap-stallwatch/INFO] (Minecraft) [STDOUT]: [STALLWATCH]     at java.base@17.0.12/java.util.concurrent.ForkJoinPool.awaitWork(ForkJoinPool.java:1724)
[21:03:17] [coreswap-stallwatch/INFO] (Minecraft) [STDOUT]: [STALLWATCH]     at java.base@17.0.12/java.util.concurrent.ForkJoinPool.runWorker(ForkJoinPool.java:1623)
[21:03:17] [coreswap-stallwatch/INFO] (Minecraft) [STDOUT]: [STALLWATCH]     at java.base@17.0.12/java.util.concurrent.ForkJoinWorkerThread.run(ForkJoinWorkerThread.java:165)
[21:03:17] [coreswap-stallwatch/INFO] (Minecraft) [STDOUT]: [STALLWATCH] "Chunky-minecraft:overworld Thread" id=102 state=WAITING daemon=true
[21:03:17] [coreswap-stallwatch/INFO] (Minecraft) [STDOUT]: [STALLWATCH]     at java.base@17.0.12/jdk.internal.misc.Unsafe.park(Native Method)
[21:03:17] [coreswap-stallwatch/INFO] (Minecraft) [STDOUT]: [STALLWATCH]     at java.base@17.0.12/java.util.concurrent.locks.LockSupport.park(LockSupport.java:211)
[21:03:17] [coreswap-stallwatch/INFO] (Minecraft) [STDOUT]: [STALLWATCH]     at java.base@17.0.12/java.util.concurrent.locks.AbstractQueuedSynchronizer.acquire(AbstractQueuedSynchronizer.java:715)
[21:03:17] [coreswap-stallwatch/INFO] (Minecraft) [STDOUT]: [STALLWATCH]     at java.base@17.0.12/java.util.concurrent.locks.AbstractQueuedSynchronizer.acquireSharedInterruptibly(AbstractQueuedSynchronizer.java:1047)
[21:03:17] [coreswap-stallwatch/INFO] (Minecraft) [STDOUT]: [STALLWATCH]     at java.base@17.0.12/java.util.concurrent.Semaphore.acquire(Semaphore.java:318)
[21:03:17] [coreswap-stallwatch/INFO] (Minecraft) [STDOUT]: [STALLWATCH]     at org.popcraft.chunky.GenerationTask.run(GenerationTask.java:140)
[21:03:17] [coreswap-stallwatch/INFO] (Minecraft) [STDOUT]: [STALLWATCH]     at java.base@17.0.12/java.util.concurrent.Executors$RunnableAdapter.call(Executors.java:539)
[21:03:17] [coreswap-stallwatch/INFO] (Minecraft) [STDOUT]: [STALLWATCH]     at java.base@17.0.12/java.util.concurrent.FutureTask.run(FutureTask.java:264)
[21:03:17] [coreswap-stallwatch/INFO] (Minecraft) [STDOUT]: [STALLWATCH]     at java.base@17.0.12/java.util.concurrent.ThreadPoolExecutor.runWorker(ThreadPoolExecutor.java:1136)
[21:03:17] [coreswap-stallwatch/INFO] (Minecraft) [STDOUT]: [STALLWATCH]     at java.base@17.0.12/java.util.concurrent.ThreadPoolExecutor$Worker.run(ThreadPoolExecutor.java:635)
[21:03:17] [coreswap-stallwatch/INFO] (Minecraft) [STDOUT]: [STALLWATCH]     at java.base@17.0.12/java.lang.Thread.run(Thread.java:842)
[21:03:17] [coreswap-stallwatch/INFO] (Minecraft) [STDOUT]: [STALLWATCH] "Worker-Main-13" id=76 state=WAITING daemon=true
[21:03:17] [coreswap-stallwatch/INFO] (Minecraft) [STDOUT]: [STALLWATCH]     at java.base@17.0.12/jdk.internal.misc.Unsafe.park(Native Method)
[21:03:17] [coreswap-stallwatch/INFO] (Minecraft) [STDOUT]: [STALLWATCH]     at java.base@17.0.12/java.util.concurrent.locks.LockSupport.park(LockSupport.java:341)
[21:03:17] [coreswap-stallwatch/INFO] (Minecraft) [STDOUT]: [STALLWATCH]     at java.base@17.0.12/java.util.concurrent.ForkJoinPool.awaitWork(ForkJoinPool.java:1724)
[21:03:17] [coreswap-stallwatch/INFO] (Minecraft) [STDOUT]: [STALLWATCH]     at java.base@17.0.12/java.util.concurrent.ForkJoinPool.runWorker(ForkJoinPool.java:1623)
[21:03:17] [coreswap-stallwatch/INFO] (Minecraft) [STDOUT]: [STALLWATCH]     at java.base@17.0.12/java.util.concurrent.ForkJoinWorkerThread.run(ForkJoinWorkerThread.java:165)
[21:03:17] [coreswap-stallwatch/INFO] (Minecraft) [STDOUT]: [STALLWATCH] "Yggdrasil Key Fetcher" id=61 state=TIMED_WAITING daemon=true
[21:03:17] [coreswap-stallwatch/INFO] (Minecraft) [STDOUT]: [STALLWATCH]     at java.base@17.0.12/jdk.internal.misc.Unsafe.park(Native Method)
[21:03:17] [coreswap-stallwatch/INFO] (Minecraft) [STDOUT]: [STALLWATCH]     at java.base@17.0.12/java.util.concurrent.locks.LockSupport.parkNanos(LockSupport.java:252)
[21:03:17] [coreswap-stallwatch/INFO] (Minecraft) [STDOUT]: [STALLWATCH]     at java.base@17.0.12/java.util.concurrent.locks.AbstractQueuedSynchronizer$ConditionObject.awaitNanos(AbstractQueuedSynchronizer.java:1672)
[21:03:17] [coreswap-stallwatch/INFO] (Minecraft) [STDOUT]: [STALLWATCH]     at java.base@17.0.12/java.util.concurrent.ScheduledThreadPoolExecutor$DelayedWorkQueue.take(ScheduledThreadPoolExecutor.java:1182)
[21:03:17] [coreswap-stallwatch/INFO] (Minecraft) [STDOUT]: [STALLWATCH]     at java.base@17.0.12/java.util.concurrent.ScheduledThreadPoolExecutor$DelayedWorkQueue.take(ScheduledThreadPoolExecutor.java:899)
[21:03:17] [coreswap-stallwatch/INFO] (Minecraft) [STDOUT]: [STALLWATCH]     at java.base@17.0.12/java.util.concurrent.ThreadPoolExecutor.getTask(ThreadPoolExecutor.java:1062)
[21:03:17] [coreswap-stallwatch/INFO] (Minecraft) [STDOUT]: [STALLWATCH]     at java.base@17.0.12/java.util.concurrent.ThreadPoolExecutor.runWorker(ThreadPoolExecutor.java:1122)
[21:03:17] [coreswap-stallwatch/INFO] (Minecraft) [STDOUT]: [STALLWATCH]     at java.base@17.0.12/java.util.concurrent.ThreadPoolExecutor$Worker.run(ThreadPoolExecutor.java:635)
[21:03:17] [coreswap-stallwatch/INFO] (Minecraft) [STDOUT]: [STALLWATCH]     at java.base@17.0.12/java.lang.Thread.run(Thread.java:842)
[21:03:17] [coreswap-stallwatch/INFO] (Minecraft) [STDOUT]: [STALLWATCH] "Worker-Main-23" id=86 state=WAITING daemon=true
[21:03:17] [coreswap-stallwatch/INFO] (Minecraft) [STDOUT]: [STALLWATCH]     at java.base@17.0.12/jdk.internal.misc.Unsafe.park(Native Method)
[21:03:17] [coreswap-stallwatch/INFO] (Minecraft) [STDOUT]: [STALLWATCH]     at java.base@17.0.12/java.util.concurrent.locks.LockSupport.park(LockSupport.java:341)
[21:03:17] [coreswap-stallwatch/INFO] (Minecraft) [STDOUT]: [STALLWATCH]     at java.base@17.0.12/java.util.concurrent.ForkJoinPool.awaitWork(ForkJoinPool.java:1724)
[21:03:17] [coreswap-stallwatch/INFO] (Minecraft) [STDOUT]: [STALLWATCH]     at java.base@17.0.12/java.util.concurrent.ForkJoinPool.runWorker(ForkJoinPool.java:1623)
[21:03:17] [coreswap-stallwatch/INFO] (Minecraft) [STDOUT]: [STALLWATCH]     at java.base@17.0.12/java.util.concurrent.ForkJoinWorkerThread.run(ForkJoinWorkerThread.java:165)
[21:03:17] [coreswap-stallwatch/INFO] (Minecraft) [STDOUT]: [STALLWATCH] "IO-Worker-25" id=93 state=TIMED_WAITING daemon=false
[21:03:17] [coreswap-stallwatch/INFO] (Minecraft) [STDOUT]: [STALLWATCH]     at java.base@17.0.12/jdk.internal.misc.Unsafe.park(Native Method)
[21:03:17] [coreswap-stallwatch/INFO] (Minecraft) [STDOUT]: [STALLWATCH]     at java.base@17.0.12/java.util.concurrent.locks.LockSupport.parkNanos(LockSupport.java:252)
[21:03:17] [coreswap-stallwatch/INFO] (Minecraft) [STDOUT]: [STALLWATCH]     at java.base@17.0.12/java.util.concurrent.SynchronousQueue$TransferStack.transfer(SynchronousQueue.java:401)
[21:03:17] [coreswap-stallwatch/INFO] (Minecraft) [STDOUT]: [STALLWATCH]     at java.base@17.0.12/java.util.concurrent.SynchronousQueue.poll(SynchronousQueue.java:903)
[21:03:17] [coreswap-stallwatch/INFO] (Minecraft) [STDOUT]: [STALLWATCH]     at java.base@17.0.12/java.util.concurrent.ThreadPoolExecutor.getTask(ThreadPoolExecutor.java:1061)
[21:03:17] [coreswap-stallwatch/INFO] (Minecraft) [STDOUT]: [STALLWATCH]     at java.base@17.0.12/java.util.concurrent.ThreadPoolExecutor.runWorker(ThreadPoolExecutor.java:1122)
[21:03:17] [coreswap-stallwatch/INFO] (Minecraft) [STDOUT]: [STALLWATCH]     at java.base@17.0.12/java.util.concurrent.ThreadPoolExecutor$Worker.run(ThreadPoolExecutor.java:635)
[21:03:17] [coreswap-stallwatch/INFO] (Minecraft) [STDOUT]: [STALLWATCH]     at java.base@17.0.12/java.lang.Thread.run(Thread.java:842)
[21:03:17] [coreswap-stallwatch/INFO] (Minecraft) [STDOUT]: [STALLWATCH] === end ===
[21:03:21] [RCON Listener #1/INFO] (Minecraft) Thread RCON Client /127.0.0.1 started
[21:03:21] [RCON Client /127.0.0.1 #14/INFO] (Minecraft) Thread RCON Client /127.0.0.1 shutting down
[21:03:25] [Server thread/INFO] (Minecraft) [Chunky] Task running for minecraft:overworld. Processed: 2407 chunks (56.97%), ETA: 0:02:56, Rate: 10.3 cps, Current: -33, 20
[21:03:25] [Worker-Main-4/INFO] (Minecraft) [STDOUT]: [CHUNKTIME] n=2816 perChunk(ms): mixin=47.90 gap=1120.64 | sumMixin=134.9s sumGap=3155.7s | inflight max=1 now=1
[21:03:35] [Server thread/INFO] (Minecraft) [Chunky] Task running for minecraft:overworld. Processed: 2624 chunks (62.11%), ETA: 0:01:38, Rate: 16.3 cps, Current: -22, 28
[21:03:40] [Worker-Main-7/INFO] (Minecraft) [STDOUT]: [CHUNKTIME] n=3072 perChunk(ms): mixin=48.28 gap=1129.80 | sumMixin=148.3s sumGap=3470.7s | inflight max=1 now=1
[21:03:42] [RCON Listener #1/INFO] (Minecraft) Thread RCON Client /127.0.0.1 started
[21:03:42] [RCON Client /127.0.0.1 #15/INFO] (Minecraft) Thread RCON Client /127.0.0.1 shutting down
[21:03:46] [Server thread/INFO] (Minecraft) [Chunky] Task running for minecraft:overworld. Processed: 2784 chunks (65.89%), ETA: 0:01:26, Rate: 16.7 cps, Current: -17, 23
[21:03:47] [coreswap-stallwatch/INFO] (Minecraft) [STDOUT]: [STALLWATCH] === thread dump @ Thu Sep 10 21:03:47 HKT 2026 (interval=30s) ===
[21:03:47] [coreswap-stallwatch/INFO] (Minecraft) [STDOUT]: [STALLWATCH] "Worker-Main-12" id=75 state=WAITING daemon=true
[21:03:47] [coreswap-stallwatch/INFO] (Minecraft) [STDOUT]: [STALLWATCH]     at java.base@17.0.12/jdk.internal.misc.Unsafe.park(Native Method)
[21:03:47] [coreswap-stallwatch/INFO] (Minecraft) [STDOUT]: [STALLWATCH]     at java.base@17.0.12/java.util.concurrent.locks.LockSupport.park(LockSupport.java:341)
[21:03:47] [coreswap-stallwatch/INFO] (Minecraft) [STDOUT]: [STALLWATCH]     at java.base@17.0.12/java.util.concurrent.ForkJoinPool.awaitWork(ForkJoinPool.java:1724)
[21:03:47] [coreswap-stallwatch/INFO] (Minecraft) [STDOUT]: [STALLWATCH]     at java.base@17.0.12/java.util.concurrent.ForkJoinPool.runWorker(ForkJoinPool.java:1623)
[21:03:47] [coreswap-stallwatch/INFO] (Minecraft) [STDOUT]: [STALLWATCH]     at java.base@17.0.12/java.util.concurrent.ForkJoinWorkerThread.run(ForkJoinWorkerThread.java:165)
[21:03:47] [coreswap-stallwatch/INFO] (Minecraft) [STDOUT]: [STALLWATCH] "Worker-Main-16" id=79 state=WAITING daemon=true
[21:03:47] [coreswap-stallwatch/INFO] (Minecraft) [STDOUT]: [STALLWATCH]     at java.base@17.0.12/jdk.internal.misc.Unsafe.park(Native Method)
[21:03:47] [coreswap-stallwatch/INFO] (Minecraft) [STDOUT]: [STALLWATCH]     at java.base@17.0.12/java.util.concurrent.locks.LockSupport.park(LockSupport.java:341)
[21:03:47] [coreswap-stallwatch/INFO] (Minecraft) [STDOUT]: [STALLWATCH]     at java.base@17.0.12/java.util.concurrent.ForkJoinPool.awaitWork(ForkJoinPool.java:1724)
[21:03:47] [coreswap-stallwatch/INFO] (Minecraft) [STDOUT]: [STALLWATCH]     at java.base@17.0.12/java.util.concurrent.ForkJoinPool.runWorker(ForkJoinPool.java:1623)
[21:03:47] [coreswap-stallwatch/INFO] (Minecraft) [STDOUT]: [STALLWATCH]     at java.base@17.0.12/java.util.concurrent.ForkJoinWorkerThread.run(ForkJoinWorkerThread.java:165)
[21:03:47] [coreswap-stallwatch/INFO] (Minecraft) [STDOUT]: [STALLWATCH] "Worker-Main-21" id=84 state=WAITING daemon=true
[21:03:47] [coreswap-stallwatch/INFO] (Minecraft) [STDOUT]: [STALLWATCH]     at java.base@17.0.12/jdk.internal.misc.Unsafe.park(Native Method)
[21:03:47] [coreswap-stallwatch/INFO] (Minecraft) [STDOUT]: [STALLWATCH]     at java.base@17.0.12/java.util.concurrent.locks.LockSupport.park(LockSupport.java:341)
[21:03:47] [coreswap-stallwatch/INFO] (Minecraft) [STDOUT]: [STALLWATCH]     at java.base@17.0.12/java.util.concurrent.ForkJoinPool.awaitWork(ForkJoinPool.java:1724)
[21:03:47] [coreswap-stallwatch/INFO] (Minecraft) [STDOUT]: [STALLWATCH]     at java.base@17.0.12/java.util.concurrent.ForkJoinPool.runWorker(ForkJoinPool.java:1623)
[21:03:47] [coreswap-stallwatch/INFO] (Minecraft) [STDOUT]: [STALLWATCH]     at java.base@17.0.12/java.util.concurrent.ForkJoinWorkerThread.run(ForkJoinWorkerThread.java:165)
[21:03:47] [coreswap-stallwatch/INFO] (Minecraft) [STDOUT]: [STALLWATCH] "Worker-Main-5" id=68 state=WAITING daemon=true
[21:03:47] [coreswap-stallwatch/INFO] (Minecraft) [STDOUT]: [STALLWATCH]     at java.base@17.0.12/jdk.internal.misc.Unsafe.park(Native Method)
[21:03:47] [coreswap-stallwatch/INFO] (Minecraft) [STDOUT]: [STALLWATCH]     at java.base@17.0.12/java.util.concurrent.locks.LockSupport.park(LockSupport.java:341)
[21:03:47] [coreswap-stallwatch/INFO] (Minecraft) [STDOUT]: [STALLWATCH]     at java.base@17.0.12/java.util.concurrent.ForkJoinPool.awaitWork(ForkJoinPool.java:1724)
[21:03:47] [coreswap-stallwatch/INFO] (Minecraft) [STDOUT]: [STALLWATCH]     at java.base@17.0.12/java.util.concurrent.ForkJoinPool.runWorker(ForkJoinPool.java:1623)
[21:03:47] [coreswap-stallwatch/INFO] (Minecraft) [STDOUT]: [STALLWATCH]     at java.base@17.0.12/java.util.concurrent.ForkJoinWorkerThread.run(ForkJoinWorkerThread.java:165)
[21:03:47] [coreswap-stallwatch/INFO] (Minecraft) [STDOUT]: [STALLWATCH] "Worker-Main-15" id=78 state=WAITING daemon=true
[21:03:47] [coreswap-stallwatch/INFO] (Minecraft) [STDOUT]: [STALLWATCH]     at java.base@17.0.12/jdk.internal.misc.Unsafe.park(Native Method)
[21:03:47] [coreswap-stallwatch/INFO] (Minecraft) [STDOUT]: [STALLWATCH]     at java.base@17.0.12/java.util.concurrent.locks.LockSupport.park(LockSupport.java:341)
[21:03:47] [coreswap-stallwatch/INFO] (Minecraft) [STDOUT]: [STALLWATCH]     at java.base@17.0.12/java.util.concurrent.ForkJoinPool.awaitWork(ForkJoinPool.java:1724)
[21:03:47] [coreswap-stallwatch/INFO] (Minecraft) [STDOUT]: [STALLWATCH]     at java.base@17.0.12/java.util.concurrent.ForkJoinPool.runWorker(ForkJoinPool.java:1623)
[21:03:47] [coreswap-stallwatch/INFO] (Minecraft) [STDOUT]: [STALLWATCH]     at java.base@17.0.12/java.util.concurrent.ForkJoinWorkerThread.run(ForkJoinWorkerThread.java:165)
[21:03:47] [coreswap-stallwatch/INFO] (Minecraft) [STDOUT]: [STALLWATCH] "Common-Cleaner" id=22 state=TIMED_WAITING daemon=true
[21:03:47] [coreswap-stallwatch/INFO] (Minecraft) [STDOUT]: [STALLWATCH]     at java.base@17.0.12/java.lang.Object.wait(Native Method)
[21:03:47] [coreswap-stallwatch/INFO] (Minecraft) [STDOUT]: [STALLWATCH]     at java.base@17.0.12/java.lang.ref.ReferenceQueue.remove(ReferenceQueue.java:155)
[21:03:47] [coreswap-stallwatch/INFO] (Minecraft) [STDOUT]: [STALLWATCH]     at java.base@17.0.12/jdk.internal.ref.CleanerImpl.run(CleanerImpl.java:140)
[21:03:47] [coreswap-stallwatch/INFO] (Minecraft) [STDOUT]: [STALLWATCH]     at java.base@17.0.12/java.lang.Thread.run(Thread.java:842)
[21:03:47] [coreswap-stallwatch/INFO] (Minecraft) [STDOUT]: [STALLWATCH]     at java.base@17.0.12/jdk.internal.misc.InnocuousThread.run(InnocuousThread.java:162)
[21:03:47] [coreswap-stallwatch/INFO] (Minecraft) [STDOUT]: [STALLWATCH] "coreswap-stallwatch" id=99 state=RUNNABLE daemon=true
[21:03:47] [coreswap-stallwatch/INFO] (Minecraft) [STDOUT]: [STALLWATCH]     at java.base@17.0.12/java.lang.Thread.dumpThreads(Native Method)
[21:03:47] [coreswap-stallwatch/INFO] (Minecraft) [STDOUT]: [STALLWATCH]     at java.base@17.0.12/java.lang.Thread.getAllStackTraces(Thread.java:1673)
[21:03:47] [coreswap-stallwatch/INFO] (Minecraft) [STDOUT]: [STALLWATCH]     at wg.bench.StallWatch.lambda$start$0(StallWatch.java:41)
[21:03:47] [coreswap-stallwatch/INFO] (Minecraft) [STDOUT]: [STALLWATCH]     at wg.bench.StallWatch$$Lambda$5847/0x000001fc99c2dad8.run(Unknown Source)
[21:03:47] [coreswap-stallwatch/INFO] (Minecraft) [STDOUT]: [STALLWATCH]     at java.base@17.0.12/java.lang.Thread.run(Thread.java:842)
[21:03:47] [coreswap-stallwatch/INFO] (Minecraft) [STDOUT]: [STALLWATCH] "Worker-Main-14" id=77 state=WAITING daemon=true
[21:03:47] [coreswap-stallwatch/INFO] (Minecraft) [STDOUT]: [STALLWATCH]     at java.base@17.0.12/jdk.internal.misc.Unsafe.park(Native Method)
[21:03:47] [coreswap-stallwatch/INFO] (Minecraft) [STDOUT]: [STALLWATCH]     at java.base@17.0.12/java.util.concurrent.locks.LockSupport.park(LockSupport.java:341)
[21:03:47] [coreswap-stallwatch/INFO] (Minecraft) [STDOUT]: [STALLWATCH]     at java.base@17.0.12/java.util.concurrent.ForkJoinPool.awaitWork(ForkJoinPool.java:1724)
[21:03:47] [coreswap-stallwatch/INFO] (Minecraft) [STDOUT]: [STALLWATCH]     at java.base@17.0.12/java.util.concurrent.ForkJoinPool.runWorker(ForkJoinPool.java:1623)
[21:03:47] [coreswap-stallwatch/INFO] (Minecraft) [STDOUT]: [STALLWATCH]     at java.base@17.0.12/java.util.concurrent.ForkJoinWorkerThread.run(ForkJoinWorkerThread.java:165)
[21:03:47] [coreswap-stallwatch/INFO] (Minecraft) [STDOUT]: [STALLWATCH] "DestroyJavaVM" id=89 state=RUNNABLE daemon=false
[21:03:47] [coreswap-stallwatch/INFO] (Minecraft) [STDOUT]: [STALLWATCH] "IO-Worker-24" id=92 state=TIMED_WAITING daemon=false
[21:03:47] [coreswap-stallwatch/INFO] (Minecraft) [STDOUT]: [STALLWATCH]     at java.base@17.0.12/jdk.internal.misc.Unsafe.park(Native Method)
[21:03:47] [coreswap-stallwatch/INFO] (Minecraft) [STDOUT]: [STALLWATCH]     at java.base@17.0.12/java.util.concurrent.locks.LockSupport.parkNanos(LockSupport.java:252)
[21:03:47] [coreswap-stallwatch/INFO] (Minecraft) [STDOUT]: [STALLWATCH]     at java.base@17.0.12/java.util.concurrent.SynchronousQueue$TransferStack.transfer(SynchronousQueue.java:401)
[21:03:47] [coreswap-stallwatch/INFO] (Minecraft) [STDOUT]: [STALLWATCH]     at java.base@17.0.12/java.util.concurrent.SynchronousQueue.poll(SynchronousQueue.java:903)
[21:03:47] [coreswap-stallwatch/INFO] (Minecraft) [STDOUT]: [STALLWATCH]     at java.base@17.0.12/java.util.concurrent.ThreadPoolExecutor.getTask(ThreadPoolExecutor.java:1061)
[21:03:47] [coreswap-stallwatch/INFO] (Minecraft) [STDOUT]: [STALLWATCH]     at java.base@17.0.12/java.util.concurrent.ThreadPoolExecutor.runWorker(ThreadPoolExecutor.java:1122)
[21:03:47] [coreswap-stallwatch/INFO] (Minecraft) [STDOUT]: [STALLWATCH]     at java.base@17.0.12/java.util.concurrent.ThreadPoolExecutor$Worker.run(ThreadPoolExecutor.java:635)
[21:03:47] [coreswap-stallwatch/INFO] (Minecraft) [STDOUT]: [STALLWATCH]     at java.base@17.0.12/java.lang.Thread.run(Thread.java:842)
[21:03:47] [coreswap-stallwatch/INFO] (Minecraft) [STDOUT]: [STALLWATCH] "Thread-8" id=101 state=TIMED_WAITING daemon=true
[21:03:47] [coreswap-stallwatch/INFO] (Minecraft) [STDOUT]: [STALLWATCH]     at java.base@17.0.12/jdk.internal.misc.Unsafe.park(Native Method)
[21:03:47] [coreswap-stallwatch/INFO] (Minecraft) [STDOUT]: [STALLWATCH]     at java.base@17.0.12/java.util.concurrent.locks.LockSupport.parkNanos(LockSupport.java:252)
[21:03:47] [coreswap-stallwatch/INFO] (Minecraft) [STDOUT]: [STALLWATCH]     at java.base@17.0.12/java.util.concurrent.SynchronousQueue$TransferStack.transfer(SynchronousQueue.java:401)
[21:03:47] [coreswap-stallwatch/INFO] (Minecraft) [STDOUT]: [STALLWATCH]     at java.base@17.0.12/java.util.concurrent.SynchronousQueue.poll(SynchronousQueue.java:903)
[21:03:47] [coreswap-stallwatch/INFO] (Minecraft) [STDOUT]: [STALLWATCH]     at java.base@17.0.12/java.util.concurrent.ThreadPoolExecutor.getTask(ThreadPoolExecutor.java:1061)
[21:03:47] [coreswap-stallwatch/INFO] (Minecraft) [STDOUT]: [STALLWATCH]     at java.base@17.0.12/java.util.concurrent.ThreadPoolExecutor.runWorker(ThreadPoolExecutor.java:1122)
[21:03:47] [coreswap-stallwatch/INFO] (Minecraft) [STDOUT]: [STALLWATCH]     at java.base@17.0.12/java.util.concurrent.ThreadPoolExecutor$Worker.run(ThreadPoolExecutor.java:635)
[21:03:47] [coreswap-stallwatch/INFO] (Minecraft) [STDOUT]: [STALLWATCH]     at java.base@17.0.12/java.lang.Thread.run(Thread.java:842)
[21:03:47] [coreswap-stallwatch/INFO] (Minecraft) [STDOUT]: [STALLWATCH] "Server thread" id=87 state=TIMED_WAITING daemon=false
[21:03:47] [coreswap-stallwatch/INFO] (Minecraft) [STDOUT]: [STALLWATCH]     at java.base@17.0.12/jdk.internal.misc.Unsafe.park(Native Method)
[21:03:47] [coreswap-stallwatch/INFO] (Minecraft) [STDOUT]: [STALLWATCH]     at java.base@17.0.12/java.util.concurrent.locks.LockSupport.parkNanos(LockSupport.java:252)
[21:03:47] [coreswap-stallwatch/INFO] (Minecraft) [STDOUT]: [STALLWATCH]     at net.minecraft.util.thread.ThreadExecutor.waitForTasks(ThreadExecutor.java:133)
[21:03:47] [coreswap-stallwatch/INFO] (Minecraft) [STDOUT]: [STALLWATCH]     at net.minecraft.util.thread.ThreadExecutor.runTasks(ThreadExecutor.java:123)
[21:03:47] [coreswap-stallwatch/INFO] (Minecraft) [STDOUT]: [STALLWATCH]     at net.minecraft.server.MinecraftServer.runTasksTillTickEnd(MinecraftServer.java:788)
[21:03:47] [coreswap-stallwatch/INFO] (Minecraft) [STDOUT]: [STALLWATCH]     at net.minecraft.server.MinecraftServer.runServer(MinecraftServer.java:726)
[21:03:47] [coreswap-stallwatch/INFO] (Minecraft) [STDOUT]: [STALLWATCH]     at net.minecraft.server.MinecraftServer.method_29739(MinecraftServer.java:267)
[21:03:47] [coreswap-stallwatch/INFO] (Minecraft) [STDOUT]: [STALLWATCH]     at net.minecraft.server.MinecraftServer$$Lambda$5103/0x000001fc99ad8928.run(Unknown Source)
[21:03:47] [coreswap-stallwatch/INFO] (Minecraft) [STDOUT]: [STALLWATCH]     at java.base@17.0.12/java.lang.Thread.run(Thread.java:842)
[21:03:47] [coreswap-stallwatch/INFO] (Minecraft) [STDOUT]: [STALLWATCH] "Attach Listener" id=5 state=RUNNABLE daemon=true
[21:03:47] [coreswap-stallwatch/INFO] (Minecraft) [STDOUT]: [STALLWATCH] "Worker-Main-2" id=65 state=WAITING daemon=true
[21:03:47] [coreswap-stallwatch/INFO] (Minecraft) [STDOUT]: [STALLWATCH]     at java.base@17.0.12/jdk.internal.misc.Unsafe.park(Native Method)
[21:03:47] [coreswap-stallwatch/INFO] (Minecraft) [STDOUT]: [STALLWATCH]     at java.base@17.0.12/java.util.concurrent.locks.LockSupport.park(LockSupport.java:341)
[21:03:47] [coreswap-stallwatch/INFO] (Minecraft) [STDOUT]: [STALLWATCH]     at java.base@17.0.12/java.util.concurrent.ForkJoinPool.awaitWork(ForkJoinPool.java:1724)
[21:03:47] [coreswap-stallwatch/INFO] (Minecraft) [STDOUT]: [STALLWATCH]     at java.base@17.0.12/java.util.concurrent.ForkJoinPool.runWorker(ForkJoinPool.java:1623)
[21:03:47] [coreswap-stallwatch/INFO] (Minecraft) [STDOUT]: [STALLWATCH]     at java.base@17.0.12/java.util.concurrent.ForkJoinWorkerThread.run(ForkJoinWorkerThread.java:165)
[21:03:47] [coreswap-stallwatch/INFO] (Minecraft) [STDOUT]: [STALLWATCH] "Worker-Main-19" id=82 state=WAITING daemon=true
[21:03:47] [coreswap-stallwatch/INFO] (Minecraft) [STDOUT]: [STALLWATCH]     at java.base@17.0.12/jdk.internal.misc.Unsafe.park(Native Method)
[21:03:47] [coreswap-stallwatch/INFO] (Minecraft) [STDOUT]: [STALLWATCH]     at java.base@17.0.12/java.util.concurrent.locks.LockSupport.park(LockSupport.java:341)
[21:03:47] [coreswap-stallwatch/INFO] (Minecraft) [STDOUT]: [STALLWATCH]     at java.base@17.0.12/java.util.concurrent.ForkJoinPool.awaitWork(ForkJoinPool.java:1724)
[21:03:47] [coreswap-stallwatch/INFO] (Minecraft) [STDOUT]: [STALLWATCH]     at java.base@17.0.12/java.util.concurrent.ForkJoinPool.runWorker(ForkJoinPool.java:1623)
[21:03:47] [coreswap-stallwatch/INFO] (Minecraft) [STDOUT]: [STALLWATCH]     at java.base@17.0.12/java.util.concurrent.ForkJoinWorkerThread.run(ForkJoinWorkerThread.java:165)
[21:03:47] [coreswap-stallwatch/INFO] (Minecraft) [STDOUT]: [STALLWATCH] "Worker-Main-1" id=64 state=WAITING daemon=true
[21:03:47] [coreswap-stallwatch/INFO] (Minecraft) [STDOUT]: [STALLWATCH]     at java.base@17.0.12/jdk.internal.misc.Unsafe.park(Native Method)
[21:03:47] [coreswap-stallwatch/INFO] (Minecraft) [STDOUT]: [STALLWATCH]     at java.base@17.0.12/java.util.concurrent.locks.LockSupport.park(LockSupport.java:341)
[21:03:47] [coreswap-stallwatch/INFO] (Minecraft) [STDOUT]: [STALLWATCH]     at java.base@17.0.12/java.util.concurrent.ForkJoinPool.awaitWork(ForkJoinPool.java:1724)
[21:03:47] [coreswap-stallwatch/INFO] (Minecraft) [STDOUT]: [STALLWATCH]     at java.base@17.0.12/java.util.concurrent.ForkJoinPool.runWorker(ForkJoinPool.java:1623)
[21:03:47] [coreswap-stallwatch/INFO] (Minecraft) [STDOUT]: [STALLWATCH]     at java.base@17.0.12/java.util.concurrent.ForkJoinWorkerThread.run(ForkJoinWorkerThread.java:165)
[21:03:47] [coreswap-stallwatch/INFO] (Minecraft) [STDOUT]: [STALLWATCH] "Signal Dispatcher" id=4 state=RUNNABLE daemon=true
[21:03:47] [coreswap-stallwatch/INFO] (Minecraft) [STDOUT]: [STALLWATCH] "Timer hack thread" id=60 state=TIMED_WAITING daemon=true
[21:03:47] [coreswap-stallwatch/INFO] (Minecraft) [STDOUT]: [STALLWATCH]     at java.base@17.0.12/java.lang.Thread.sleep(Native Method)
[21:03:47] [coreswap-stallwatch/INFO] (Minecraft) [STDOUT]: [STALLWATCH]     at net.minecraft.util.Util$9.run(Util.java:863)
[21:03:47] [coreswap-stallwatch/INFO] (Minecraft) [STDOUT]: [STALLWATCH] "Worker-Main-4" id=67 state=WAITING daemon=true
[21:03:47] [coreswap-stallwatch/INFO] (Minecraft) [STDOUT]: [STALLWATCH]     at java.base@17.0.12/jdk.internal.misc.Unsafe.park(Native Method)
[21:03:47] [coreswap-stallwatch/INFO] (Minecraft) [STDOUT]: [STALLWATCH]     at java.base@17.0.12/java.util.concurrent.locks.LockSupport.park(LockSupport.java:341)
[21:03:47] [coreswap-stallwatch/INFO] (Minecraft) [STDOUT]: [STALLWATCH]     at java.base@17.0.12/java.util.concurrent.ForkJoinPool.awaitWork(ForkJoinPool.java:1724)
[21:03:47] [coreswap-stallwatch/INFO] (Minecraft) [STDOUT]: [STALLWATCH]     at java.base@17.0.12/java.util.concurrent.ForkJoinPool.runWorker(ForkJoinPool.java:1623)
[21:03:47] [coreswap-stallwatch/INFO] (Minecraft) [STDOUT]: [STALLWATCH]     at java.base@17.0.12/java.util.concurrent.ForkJoinWorkerThread.run(ForkJoinWorkerThread.java:165)
[21:03:47] [coreswap-stallwatch/INFO] (Minecraft) [STDOUT]: [STALLWATCH] "Worker-Main-18" id=81 state=WAITING daemon=true
[21:03:47] [coreswap-stallwatch/INFO] (Minecraft) [STDOUT]: [STALLWATCH]     at java.base@17.0.12/jdk.internal.misc.Unsafe.park(Native Method)
[21:03:47] [coreswap-stallwatch/INFO] (Minecraft) [STDOUT]: [STALLWATCH]     at java.base@17.0.12/java.util.concurrent.locks.LockSupport.park(LockSupport.java:341)
[21:03:47] [coreswap-stallwatch/INFO] (Minecraft) [STDOUT]: [STALLWATCH]     at java.base@17.0.12/java.util.concurrent.ForkJoinPool.awaitWork(ForkJoinPool.java:1724)
[21:03:47] [coreswap-stallwatch/INFO] (Minecraft) [STDOUT]: [STALLWATCH]     at java.base@17.0.12/java.util.concurrent.ForkJoinPool.runWorker(ForkJoinPool.java:1623)
[21:03:47] [coreswap-stallwatch/INFO] (Minecraft) [STDOUT]: [STALLWATCH]     at java.base@17.0.12/java.util.concurrent.ForkJoinWorkerThread.run(ForkJoinWorkerThread.java:165)
[21:03:47] [coreswap-stallwatch/INFO] (Minecraft) [STDOUT]: [STALLWATCH] "Worker-Main-3" id=66 state=WAITING daemon=true
[21:03:47] [coreswap-stallwatch/INFO] (Minecraft) [STDOUT]: [STALLWATCH]     at java.base@17.0.12/jdk.internal.misc.Unsafe.park(Native Method)
[21:03:47] [coreswap-stallwatch/INFO] (Minecraft) [STDOUT]: [STALLWATCH]     at java.base@17.0.12/java.util.concurrent.locks.LockSupport.park(LockSupport.java:341)
[21:03:47] [coreswap-stallwatch/INFO] (Minecraft) [STDOUT]: [STALLWATCH]     at java.base@17.0.12/java.util.concurrent.ForkJoinPool.awaitWork(ForkJoinPool.java:1724)
[21:03:47] [coreswap-stallwatch/INFO] (Minecraft) [STDOUT]: [STALLWATCH]     at java.base@17.0.12/java.util.concurrent.ForkJoinPool.runWorker(ForkJoinPool.java:1623)
[21:03:47] [coreswap-stallwatch/INFO] (Minecraft) [STDOUT]: [STALLWATCH]     at java.base@17.0.12/java.util.concurrent.ForkJoinWorkerThread.run(ForkJoinWorkerThread.java:165)
[21:03:47] [coreswap-stallwatch/INFO] (Minecraft) [STDOUT]: [STALLWATCH] "Worker-Main-20" id=83 state=RUNNABLE daemon=true
[21:03:47] [coreswap-stallwatch/INFO] (Minecraft) [STDOUT]: [STALLWATCH]     at wg.CppWorldgen.fillBlocks(Native Method)
[21:03:47] [coreswap-stallwatch/INFO] (Minecraft) [STDOUT]: [STALLWATCH]     at wg.bench.CppBridge.fillChunk(CppBridge.java:377)
[21:03:47] [coreswap-stallwatch/INFO] (Minecraft) [STDOUT]: [STALLWATCH]     at net.minecraft.world.gen.chunk.NoiseChunkGenerator.md24f970$coreswap$lambda$wgPopulateNoise$1$2(NoiseChunkGenerator.java:671)
[21:03:47] [coreswap-stallwatch/INFO] (Minecraft) [STDOUT]: [STALLWATCH]     at net.minecraft.world.gen.chunk.NoiseChunkGenerator$$Lambda$6051/0x000001fc99c81760.get(Unknown Source)
[21:03:47] [coreswap-stallwatch/INFO] (Minecraft) [STDOUT]: [STALLWATCH]     at net.minecraft.world.gen.chunk.NoiseChunkGenerator.wgDispatch(NoiseChunkGenerator.java:610)
[21:03:47] [coreswap-stallwatch/INFO] (Minecraft) [STDOUT]: [STALLWATCH]     at net.minecraft.world.gen.chunk.NoiseChunkGenerator.handler$zdj000$coreswap$wgPopulateNoise(NoiseChunkGenerator.java:687)
[21:03:47] [coreswap-stallwatch/INFO] (Minecraft) [STDOUT]: [STALLWATCH]     at net.minecraft.world.gen.chunk.NoiseChunkGenerator.populateNoise(NoiseChunkGenerator.java)
[21:03:47] [coreswap-stallwatch/INFO] (Minecraft) [STDOUT]: [STALLWATCH]     at net.minecraft.world.chunk.ChunkStatus.method_38284(ChunkStatus.java:96)
[21:03:47] [coreswap-stallwatch/INFO] (Minecraft) [STDOUT]: [STALLWATCH]     at net.minecraft.world.chunk.ChunkStatus$$Lambda$1750/0x000001fc996e7300.doWork(Unknown Source)
[21:03:47] [coreswap-stallwatch/INFO] (Minecraft) [STDOUT]: [STALLWATCH]     at net.minecraft.world.chunk.ChunkStatus.runGenerationTask(ChunkStatus.java:357)
[21:03:47] [coreswap-stallwatch/INFO] (Minecraft) [STDOUT]: [STALLWATCH]     at net.minecraft.server.world.ThreadedAnvilChunkStorage.method_17225(ThreadedAnvilChunkStorage.java:656)
[21:03:47] [coreswap-stallwatch/INFO] (Minecraft) [STDOUT]: [STALLWATCH]     at net.minecraft.server.world.ThreadedAnvilChunkStorage$$Lambda$5350/0x000001fc99ba5ce8.apply(Unknown Source)
[21:03:47] [coreswap-stallwatch/INFO] (Minecraft) [STDOUT]: [STALLWATCH]     at com.mojang.datafixers.util.Either$Left.map(Either.java:38)
[21:03:47] [coreswap-stallwatch/INFO] (Minecraft) [STDOUT]: [STALLWATCH]     at net.minecraft.server.world.ThreadedAnvilChunkStorage.method_17224(ThreadedAnvilChunkStorage.java:645)
[21:03:47] [coreswap-stallwatch/INFO] (Minecraft) [STDOUT]: [STALLWATCH]     at net.minecraft.server.world.ThreadedAnvilChunkStorage$$Lambda$5306/0x000001fc99b936f8.apply(Unknown Source)
[21:03:47] [coreswap-stallwatch/INFO] (Minecraft) [STDOUT]: [STALLWATCH]     at java.base@17.0.12/java.util.concurrent.CompletableFuture$UniCompose.tryFire(CompletableFuture.java:1150)
[21:03:47] [coreswap-stallwatch/INFO] (Minecraft) [STDOUT]: [STALLWATCH]     at java.base@17.0.12/java.util.concurrent.CompletableFuture$Completion.run(CompletableFuture.java:482)
[21:03:47] [coreswap-stallwatch/INFO] (Minecraft) [STDOUT]: [STALLWATCH]     at net.minecraft.server.world.ChunkTaskPrioritySystem.method_17634(ChunkTaskPrioritySystem.java:49)
[21:03:47] [coreswap-stallwatch/INFO] (Minecraft) [STDOUT]: [STALLWATCH]     at net.minecraft.server.world.ChunkTaskPrioritySystem$$Lambda$5349/0x000001fc99ba5ac8.run(Unknown Source)
[21:03:47] [coreswap-stallwatch/INFO] (Minecraft) [STDOUT]: [STALLWATCH]     at net.minecraft.util.thread.TaskExecutor.runNext(TaskExecutor.java:79)
[21:03:47] [coreswap-stallwatch/INFO] (Minecraft) [STDOUT]: [STALLWATCH]     at net.minecraft.util.thread.TaskExecutor.runWhile(TaskExecutor.java:129)
[21:03:47] [coreswap-stallwatch/INFO] (Minecraft) [STDOUT]: [STALLWATCH]     at net.minecraft.util.thread.TaskExecutor.run(TaskExecutor.java:87)
[21:03:47] [coreswap-stallwatch/INFO] (Minecraft) [STDOUT]: [STALLWATCH]     at java.base@17.0.12/java.util.concurrent.ForkJoinTask$RunnableExecuteAction.exec(ForkJoinTask.java:1395)
[21:03:47] [coreswap-stallwatch/INFO] (Minecraft) [STDOUT]: [STALLWATCH]     at java.base@17.0.12/java.util.concurrent.ForkJoinTask.doExec(ForkJoinTask.java:373)
[21:03:47] [coreswap-stallwatch/INFO] (Minecraft) [STDOUT]: [STALLWATCH]     at java.base@17.0.12/java.util.concurrent.ForkJoinPool$WorkQueue.topLevelExec(ForkJoinPool.java:1182)
[21:03:47] [coreswap-stallwatch/INFO] (Minecraft) [STDOUT]: [STALLWATCH]     at java.base@17.0.12/java.util.concurrent.ForkJoinPool.scan(ForkJoinPool.java:1655)
[21:03:47] [coreswap-stallwatch/INFO] (Minecraft) [STDOUT]: [STALLWATCH]     at java.base@17.0.12/java.util.concurrent.ForkJoinPool.runWorker(ForkJoinPool.java:1622)
[21:03:47] [coreswap-stallwatch/INFO] (Minecraft) [STDOUT]: [STALLWATCH]     at java.base@17.0.12/java.util.concurrent.ForkJoinWorkerThread.run(ForkJoinWorkerThread.java:165)
[21:03:47] [coreswap-stallwatch/INFO] (Minecraft) [STDOUT]: [STALLWATCH] "Worker-Main-10" id=73 state=WAITING daemon=true
[21:03:47] [coreswap-stallwatch/INFO] (Minecraft) [STDOUT]: [STALLWATCH]     at java.base@17.0.12/jdk.internal.misc.Unsafe.park(Native Method)
[21:03:47] [coreswap-stallwatch/INFO] (Minecraft) [STDOUT]: [STALLWATCH]     at java.base@17.0.12/java.util.concurrent.locks.LockSupport.park(LockSupport.java:341)
[21:03:47] [coreswap-stallwatch/INFO] (Minecraft) [STDOUT]: [STALLWATCH]     at java.base@17.0.12/java.util.concurrent.ForkJoinPool.awaitWork(ForkJoinPool.java:1724)
[21:03:47] [coreswap-stallwatch/INFO] (Minecraft) [STDOUT]: [STALLWATCH]     at java.base@17.0.12/java.util.concurrent.ForkJoinPool.runWorker(ForkJoinPool.java:1623)
[21:03:47] [coreswap-stallwatch/INFO] (Minecraft) [STDOUT]: [STALLWATCH]     at java.base@17.0.12/java.util.concurrent.ForkJoinWorkerThread.run(ForkJoinWorkerThread.java:165)
[21:03:47] [coreswap-stallwatch/INFO] (Minecraft) [STDOUT]: [STALLWATCH] "Finalizer" id=3 state=WAITING daemon=true
[21:03:47] [coreswap-stallwatch/INFO] (Minecraft) [STDOUT]: [STALLWATCH]     at java.base@17.0.12/java.lang.Object.wait(Native Method)
[21:03:47] [coreswap-stallwatch/INFO] (Minecraft) [STDOUT]: [STALLWATCH]     at java.base@17.0.12/java.lang.ref.ReferenceQueue.remove(ReferenceQueue.java:155)
[21:03:47] [coreswap-stallwatch/INFO] (Minecraft) [STDOUT]: [STALLWATCH]     at java.base@17.0.12/java.lang.ref.ReferenceQueue.remove(ReferenceQueue.java:176)
[21:03:47] [coreswap-stallwatch/INFO] (Minecraft) [STDOUT]: [STALLWATCH]     at java.base@17.0.12/java.lang.ref.Finalizer$FinalizerThread.run(Finalizer.java:172)
[21:03:47] [coreswap-stallwatch/INFO] (Minecraft) [STDOUT]: [STALLWATCH] "Worker-Main-22" id=85 state=WAITING daemon=true
[21:03:47] [coreswap-stallwatch/INFO] (Minecraft) [STDOUT]: [STALLWATCH]     at java.base@17.0.12/jdk.internal.misc.Unsafe.park(Native Method)
[21:03:47] [coreswap-stallwatch/INFO] (Minecraft) [STDOUT]: [STALLWATCH]     at java.base@17.0.12/java.util.concurrent.locks.LockSupport.park(LockSupport.java:341)
[21:03:47] [coreswap-stallwatch/INFO] (Minecraft) [STDOUT]: [STALLWATCH]     at java.base@17.0.12/java.util.concurrent.ForkJoinPool.awaitWork(ForkJoinPool.java:1724)
[21:03:47] [coreswap-stallwatch/INFO] (Minecraft) [STDOUT]: [STALLWATCH]     at java.base@17.0.12/java.util.concurrent.ForkJoinPool.runWorker(ForkJoinPool.java:1623)
[21:03:47] [coreswap-stallwatch/INFO] (Minecraft) [STDOUT]: [STALLWATCH]     at java.base@17.0.12/java.util.concurrent.ForkJoinWorkerThread.run(ForkJoinWorkerThread.java:165)
[21:03:47] [coreswap-stallwatch/INFO] (Minecraft) [STDOUT]: [STALLWATCH] "IO-Worker-26" id=94 state=TIMED_WAITING daemon=false
[21:03:47] [coreswap-stallwatch/INFO] (Minecraft) [STDOUT]: [STALLWATCH]     at java.base@17.0.12/jdk.internal.misc.Unsafe.park(Native Method)
[21:03:47] [coreswap-stallwatch/INFO] (Minecraft) [STDOUT]: [STALLWATCH]     at java.base@17.0.12/java.util.concurrent.locks.LockSupport.parkNanos(LockSupport.java:252)
[21:03:47] [coreswap-stallwatch/INFO] (Minecraft) [STDOUT]: [STALLWATCH]     at java.base@17.0.12/java.util.concurrent.SynchronousQueue$TransferStack.transfer(SynchronousQueue.java:401)
[21:03:47] [coreswap-stallwatch/INFO] (Minecraft) [STDOUT]: [STALLWATCH]     at java.base@17.0.12/java.util.concurrent.SynchronousQueue.poll(SynchronousQueue.java:903)
[21:03:47] [coreswap-stallwatch/INFO] (Minecraft) [STDOUT]: [STALLWATCH]     at java.base@17.0.12/java.util.concurrent.ThreadPoolExecutor.getTask(ThreadPoolExecutor.java:1061)
[21:03:47] [coreswap-stallwatch/INFO] (Minecraft) [STDOUT]: [STALLWATCH]     at java.base@17.0.12/java.util.concurrent.ThreadPoolExecutor.runWorker(ThreadPoolExecutor.java:1122)
[21:03:47] [coreswap-stallwatch/INFO] (Minecraft) [STDOUT]: [STALLWATCH]     at java.base@17.0.12/java.util.concurrent.ThreadPoolExecutor$Worker.run(ThreadPoolExecutor.java:635)
[21:03:47] [coreswap-stallwatch/INFO] (Minecraft) [STDOUT]: [STALLWATCH]     at java.base@17.0.12/java.lang.Thread.run(Thread.java:842)
[21:03:47] [coreswap-stallwatch/INFO] (Minecraft) [STDOUT]: [STALLWATCH] "IO-Worker-28" id=96 state=TIMED_WAITING daemon=false
[21:03:47] [coreswap-stallwatch/INFO] (Minecraft) [STDOUT]: [STALLWATCH]     at java.base@17.0.12/jdk.internal.misc.Unsafe.park(Native Method)
[21:03:47] [coreswap-stallwatch/INFO] (Minecraft) [STDOUT]: [STALLWATCH]     at java.base@17.0.12/java.util.concurrent.locks.LockSupport.parkNanos(LockSupport.java:252)
[21:03:47] [coreswap-stallwatch/INFO] (Minecraft) [STDOUT]: [STALLWATCH]     at java.base@17.0.12/java.util.concurrent.SynchronousQueue$TransferStack.transfer(SynchronousQueue.java:401)
[21:03:47] [coreswap-stallwatch/INFO] (Minecraft) [STDOUT]: [STALLWATCH]     at java.base@17.0.12/java.util.concurrent.SynchronousQueue.poll(SynchronousQueue.java:903)
[21:03:47] [coreswap-stallwatch/INFO] (Minecraft) [STDOUT]: [STALLWATCH]     at java.base@17.0.12/java.util.concurrent.ThreadPoolExecutor.getTask(ThreadPoolExecutor.java:1061)
[21:03:47] [coreswap-stallwatch/INFO] (Minecraft) [STDOUT]: [STALLWATCH]     at java.base@17.0.12/java.util.concurrent.ThreadPoolExecutor.runWorker(ThreadPoolExecutor.java:1122)
[21:03:47] [coreswap-stallwatch/INFO] (Minecraft) [STDOUT]: [STALLWATCH]     at java.base@17.0.12/java.util.concurrent.ThreadPoolExecutor$Worker.run(ThreadPoolExecutor.java:635)
[21:03:47] [coreswap-stallwatch/INFO] (Minecraft) [STDOUT]: [STALLWATCH]     at java.base@17.0.12/java.lang.Thread.run(Thread.java:842)
[21:03:47] [coreswap-stallwatch/INFO] (Minecraft) [STDOUT]: [STALLWATCH] "Thread-7" id=100 state=TIMED_WAITING daemon=true
[21:03:47] [coreswap-stallwatch/INFO] (Minecraft) [STDOUT]: [STALLWATCH]     at java.base@17.0.12/jdk.internal.misc.Unsafe.park(Native Method)
[21:03:47] [coreswap-stallwatch/INFO] (Minecraft) [STDOUT]: [STALLWATCH]     at java.base@17.0.12/java.util.concurrent.locks.LockSupport.parkNanos(LockSupport.java:252)
[21:03:47] [coreswap-stallwatch/INFO] (Minecraft) [STDOUT]: [STALLWATCH]     at java.base@17.0.12/java.util.concurrent.SynchronousQueue$TransferStack.transfer(SynchronousQueue.java:401)
[21:03:47] [coreswap-stallwatch/INFO] (Minecraft) [STDOUT]: [STALLWATCH]     at java.base@17.0.12/java.util.concurrent.SynchronousQueue.poll(SynchronousQueue.java:903)
[21:03:47] [coreswap-stallwatch/INFO] (Minecraft) [STDOUT]: [STALLWATCH]     at java.base@17.0.12/java.util.concurrent.ThreadPoolExecutor.getTask(ThreadPoolExecutor.java:1061)
[21:03:47] [coreswap-stallwatch/INFO] (Minecraft) [STDOUT]: [STALLWATCH]     at java.base@17.0.12/java.util.concurrent.ThreadPoolExecutor.runWorker(ThreadPoolExecutor.java:1122)
[21:03:47] [coreswap-stallwatch/INFO] (Minecraft) [STDOUT]: [STALLWATCH]     at java.base@17.0.12/java.util.concurrent.ThreadPoolExecutor$Worker.run(ThreadPoolExecutor.java:635)
[21:03:47] [coreswap-stallwatch/INFO] (Minecraft) [STDOUT]: [STALLWATCH]     at java.base@17.0.12/java.lang.Thread.run(Thread.java:842)
[21:03:47] [coreswap-stallwatch/INFO] (Minecraft) [STDOUT]: [STALLWATCH] "Worker-Main-17" id=80 state=WAITING daemon=true
[21:03:47] [coreswap-stallwatch/INFO] (Minecraft) [STDOUT]: [STALLWATCH]     at java.base@17.0.12/jdk.internal.misc.Unsafe.park(Native Method)
[21:03:47] [coreswap-stallwatch/INFO] (Minecraft) [STDOUT]: [STALLWATCH]     at java.base@17.0.12/java.util.concurrent.locks.LockSupport.park(LockSupport.java:341)
[21:03:47] [coreswap-stallwatch/INFO] (Minecraft) [STDOUT]: [STALLWATCH]     at java.base@17.0.12/java.util.concurrent.ForkJoinPool.awaitWork(ForkJoinPool.java:1724)
[21:03:47] [coreswap-stallwatch/INFO] (Minecraft) [STDOUT]: [STALLWATCH]     at java.base@17.0.12/java.util.concurrent.ForkJoinPool.runWorker(ForkJoinPool.java:1623)
[21:03:47] [coreswap-stallwatch/INFO] (Minecraft) [STDOUT]: [STALLWATCH]     at java.base@17.0.12/java.util.concurrent.ForkJoinWorkerThread.run(ForkJoinWorkerThread.java:165)
[21:03:47] [coreswap-stallwatch/INFO] (Minecraft) [STDOUT]: [STALLWATCH] "Worker-Main-7" id=70 state=WAITING daemon=true
[21:03:47] [coreswap-stallwatch/INFO] (Minecraft) [STDOUT]: [STALLWATCH]     at java.base@17.0.12/jdk.internal.misc.Unsafe.park(Native Method)
[21:03:47] [coreswap-stallwatch/INFO] (Minecraft) [STDOUT]: [STALLWATCH]     at java.base@17.0.12/java.util.concurrent.locks.LockSupport.park(LockSupport.java:341)
[21:03:47] [coreswap-stallwatch/INFO] (Minecraft) [STDOUT]: [STALLWATCH]     at java.base@17.0.12/java.util.concurrent.ForkJoinPool.awaitWork(ForkJoinPool.java:1724)
[21:03:47] [coreswap-stallwatch/INFO] (Minecraft) [STDOUT]: [STALLWATCH]     at java.base@17.0.12/java.util.concurrent.ForkJoinPool.runWorker(ForkJoinPool.java:1623)
[21:03:47] [coreswap-stallwatch/INFO] (Minecraft) [STDOUT]: [STALLWATCH]     at java.base@17.0.12/java.util.concurrent.ForkJoinWorkerThread.run(ForkJoinWorkerThread.java:165)
[21:03:47] [coreswap-stallwatch/INFO] (Minecraft) [STDOUT]: [STALLWATCH] "JNA Cleaner" id=59 state=WAITING daemon=true
[21:03:47] [coreswap-stallwatch/INFO] (Minecraft) [STDOUT]: [STALLWATCH]     at java.base@17.0.12/java.lang.Object.wait(Native Method)
[21:03:47] [coreswap-stallwatch/INFO] (Minecraft) [STDOUT]: [STALLWATCH]     at java.base@17.0.12/java.lang.ref.ReferenceQueue.remove(ReferenceQueue.java:155)
[21:03:47] [coreswap-stallwatch/INFO] (Minecraft) [STDOUT]: [STALLWATCH]     at java.base@17.0.12/java.lang.ref.ReferenceQueue.remove(ReferenceQueue.java:176)
[21:03:47] [coreswap-stallwatch/INFO] (Minecraft) [STDOUT]: [STALLWATCH]     at com.sun.jna.internal.Cleaner$1.run(Cleaner.java:58)
[21:03:47] [coreswap-stallwatch/INFO] (Minecraft) [STDOUT]: [STALLWATCH] "Worker-Main-6" id=69 state=WAITING daemon=true
[21:03:47] [coreswap-stallwatch/INFO] (Minecraft) [STDOUT]: [STALLWATCH]     at java.base@17.0.12/jdk.internal.misc.Unsafe.park(Native Method)
[21:03:47] [coreswap-stallwatch/INFO] (Minecraft) [STDOUT]: [STALLWATCH]     at java.base@17.0.12/java.util.concurrent.locks.LockSupport.park(LockSupport.java:341)
[21:03:47] [coreswap-stallwatch/INFO] (Minecraft) [STDOUT]: [STALLWATCH]     at java.base@17.0.12/java.util.concurrent.ForkJoinPool.awaitWork(ForkJoinPool.java:1724)
[21:03:47] [coreswap-stallwatch/INFO] (Minecraft) [STDOUT]: [STALLWATCH]     at java.base@17.0.12/java.util.concurrent.ForkJoinPool.runWorker(ForkJoinPool.java:1623)
[21:03:47] [coreswap-stallwatch/INFO] (Minecraft) [STDOUT]: [STALLWATCH]     at java.base@17.0.12/java.util.concurrent.ForkJoinWorkerThread.run(ForkJoinWorkerThread.java:165)
[21:03:47] [coreswap-stallwatch/INFO] (Minecraft) [STDOUT]: [STALLWATCH] "Reference Handler" id=2 state=RUNNABLE daemon=true
[21:03:47] [coreswap-stallwatch/INFO] (Minecraft) [STDOUT]: [STALLWATCH]     at java.base@17.0.12/java.lang.ref.Reference.waitForReferencePendingList(Native Method)
[21:03:47] [coreswap-stallwatch/INFO] (Minecraft) [STDOUT]: [STALLWATCH]     at java.base@17.0.12/java.lang.ref.Reference.processPendingReferences(Reference.java:253)
[21:03:47] [coreswap-stallwatch/INFO] (Minecraft) [STDOUT]: [STALLWATCH]     at java.base@17.0.12/java.lang.ref.Reference$ReferenceHandler.run(Reference.java:215)
[21:03:47] [coreswap-stallwatch/INFO] (Minecraft) [STDOUT]: [STALLWATCH] "RCON Listener #1" id=98 state=RUNNABLE daemon=false
[21:03:47] [coreswap-stallwatch/INFO] (Minecraft) [STDOUT]: [STALLWATCH]     at java.base@17.0.12/sun.nio.ch.Net.poll(Native Method)
[21:03:47] [coreswap-stallwatch/INFO] (Minecraft) [STDOUT]: [STALLWATCH]     at java.base@17.0.12/sun.nio.ch.NioSocketImpl.park(NioSocketImpl.java:186)
[21:03:47] [coreswap-stallwatch/INFO] (Minecraft) [STDOUT]: [STALLWATCH]     at java.base@17.0.12/sun.nio.ch.NioSocketImpl.timedAccept(NioSocketImpl.java:715)
[21:03:47] [coreswap-stallwatch/INFO] (Minecraft) [STDOUT]: [STALLWATCH]     at java.base@17.0.12/sun.nio.ch.NioSocketImpl.accept(NioSocketImpl.java:757)
[21:03:47] [coreswap-stallwatch/INFO] (Minecraft) [STDOUT]: [STALLWATCH]     at java.base@17.0.12/java.net.ServerSocket.implAccept(ServerSocket.java:675)
[21:03:47] [coreswap-stallwatch/INFO] (Minecraft) [STDOUT]: [STALLWATCH]     at java.base@17.0.12/java.net.ServerSocket.platformImplAccept(ServerSocket.java:641)
[21:03:47] [coreswap-stallwatch/INFO] (Minecraft) [STDOUT]: [STALLWATCH]     at java.base@17.0.12/java.net.ServerSocket.implAccept(ServerSocket.java:617)
[21:03:47] [coreswap-stallwatch/INFO] (Minecraft) [STDOUT]: [STALLWATCH]     at java.base@17.0.12/java.net.ServerSocket.implAccept(ServerSocket.java:574)
[21:03:47] [coreswap-stallwatch/INFO] (Minecraft) [STDOUT]: [STALLWATCH]     at java.base@17.0.12/java.net.ServerSocket.accept(ServerSocket.java:532)
[21:03:47] [coreswap-stallwatch/INFO] (Minecraft) [STDOUT]: [STALLWATCH]     at net.minecraft.server.rcon.RconListener.run(RconListener.java:38)
[21:03:47] [coreswap-stallwatch/INFO] (Minecraft) [STDOUT]: [STALLWATCH]     at java.base@17.0.12/java.lang.Thread.run(Thread.java:842)
[21:03:47] [coreswap-stallwatch/INFO] (Minecraft) [STDOUT]: [STALLWATCH] "Netty Server IO #0" id=91 state=RUNNABLE daemon=true
[21:03:47] [coreswap-stallwatch/INFO] (Minecraft) [STDOUT]: [STALLWATCH]     at java.base@17.0.12/sun.nio.ch.WEPoll.wait(Native Method)
[21:03:47] [coreswap-stallwatch/INFO] (Minecraft) [STDOUT]: [STALLWATCH]     at java.base@17.0.12/sun.nio.ch.WEPollSelectorImpl.doSelect(WEPollSelectorImpl.java:111)
[21:03:47] [coreswap-stallwatch/INFO] (Minecraft) [STDOUT]: [STALLWATCH]     at java.base@17.0.12/sun.nio.ch.SelectorImpl.lockAndDoSelect(SelectorImpl.java:129)
[21:03:47] [coreswap-stallwatch/INFO] (Minecraft) [STDOUT]: [STALLWATCH]     at java.base@17.0.12/sun.nio.ch.SelectorImpl.select(SelectorImpl.java:146)
[21:03:47] [coreswap-stallwatch/INFO] (Minecraft) [STDOUT]: [STALLWATCH]     at io.netty.channel.nio.SelectedSelectionKeySetSelector.select(SelectedSelectionKeySetSelector.java:68)
[21:03:47] [coreswap-stallwatch/INFO] (Minecraft) [STDOUT]: [STALLWATCH]     at io.netty.channel.nio.NioEventLoop.select(NioEventLoop.java:879)
[21:03:47] [coreswap-stallwatch/INFO] (Minecraft) [STDOUT]: [STALLWATCH]     at io.netty.channel.nio.NioEventLoop.run(NioEventLoop.java:526)
[21:03:47] [coreswap-stallwatch/INFO] (Minecraft) [STDOUT]: [STALLWATCH]     at io.netty.util.concurrent.SingleThreadEventExecutor$4.run(SingleThreadEventExecutor.java:997)
[21:03:47] [coreswap-stallwatch/INFO] (Minecraft) [STDOUT]: [STALLWATCH]     at io.netty.util.internal.ThreadExecutorMap$2.run(ThreadExecutorMap.java:74)
[21:03:47] [coreswap-stallwatch/INFO] (Minecraft) [STDOUT]: [STALLWATCH]     at java.base@17.0.12/java.lang.Thread.run(Thread.java:842)
[21:03:47] [coreswap-stallwatch/INFO] (Minecraft) [STDOUT]: [STALLWATCH] "Worker-Main-9" id=72 state=WAITING daemon=true
[21:03:47] [coreswap-stallwatch/INFO] (Minecraft) [STDOUT]: [STALLWATCH]     at java.base@17.0.12/jdk.internal.misc.Unsafe.park(Native Method)
[21:03:47] [coreswap-stallwatch/INFO] (Minecraft) [STDOUT]: [STALLWATCH]     at java.base@17.0.12/java.util.concurrent.locks.LockSupport.park(LockSupport.java:341)
[21:03:47] [coreswap-stallwatch/INFO] (Minecraft) [STDOUT]: [STALLWATCH]     at java.base@17.0.12/java.util.concurrent.ForkJoinPool.awaitWork(ForkJoinPool.java:1724)
[21:03:47] [coreswap-stallwatch/INFO] (Minecraft) [STDOUT]: [STALLWATCH]     at java.base@17.0.12/java.util.concurrent.ForkJoinPool.runWorker(ForkJoinPool.java:1623)
[21:03:47] [coreswap-stallwatch/INFO] (Minecraft) [STDOUT]: [STALLWATCH]     at java.base@17.0.12/java.util.concurrent.ForkJoinWorkerThread.run(ForkJoinWorkerThread.java:165)
[21:03:47] [coreswap-stallwatch/INFO] (Minecraft) [STDOUT]: [STALLWATCH] "Worker-Main-8" id=71 state=WAITING daemon=true
[21:03:47] [coreswap-stallwatch/INFO] (Minecraft) [STDOUT]: [STALLWATCH]     at java.base@17.0.12/jdk.internal.misc.Unsafe.park(Native Method)
[21:03:47] [coreswap-stallwatch/INFO] (Minecraft) [STDOUT]: [STALLWATCH]     at java.base@17.0.12/java.util.concurrent.locks.LockSupport.park(LockSupport.java:341)
[21:03:47] [coreswap-stallwatch/INFO] (Minecraft) [STDOUT]: [STALLWATCH]     at java.base@17.0.12/java.util.concurrent.ForkJoinPool.awaitWork(ForkJoinPool.java:1724)
[21:03:47] [coreswap-stallwatch/INFO] (Minecraft) [STDOUT]: [STALLWATCH]     at java.base@17.0.12/java.util.concurrent.ForkJoinPool.runWorker(ForkJoinPool.java:1623)
[21:03:47] [coreswap-stallwatch/INFO] (Minecraft) [STDOUT]: [STALLWATCH]     at java.base@17.0.12/java.util.concurrent.ForkJoinWorkerThread.run(ForkJoinWorkerThread.java:165)
[21:03:47] [coreswap-stallwatch/INFO] (Minecraft) [STDOUT]: [STALLWATCH] "Notification Thread" id=21 state=RUNNABLE daemon=true
[21:03:47] [coreswap-stallwatch/INFO] (Minecraft) [STDOUT]: [STALLWATCH] "Worker-Main-11" id=74 state=WAITING daemon=true
[21:03:47] [coreswap-stallwatch/INFO] (Minecraft) [STDOUT]: [STALLWATCH]     at java.base@17.0.12/jdk.internal.misc.Unsafe.park(Native Method)
[21:03:47] [coreswap-stallwatch/INFO] (Minecraft) [STDOUT]: [STALLWATCH]     at java.base@17.0.12/java.util.concurrent.locks.LockSupport.park(LockSupport.java:341)
[21:03:47] [coreswap-stallwatch/INFO] (Minecraft) [STDOUT]: [STALLWATCH]     at java.base@17.0.12/java.util.concurrent.ForkJoinPool.awaitWork(ForkJoinPool.java:1724)
[21:03:47] [coreswap-stallwatch/INFO] (Minecraft) [STDOUT]: [STALLWATCH]     at java.base@17.0.12/java.util.concurrent.ForkJoinPool.runWorker(ForkJoinPool.java:1623)
[21:03:47] [coreswap-stallwatch/INFO] (Minecraft) [STDOUT]: [STALLWATCH]     at java.base@17.0.12/java.util.concurrent.ForkJoinWorkerThread.run(ForkJoinWorkerThread.java:165)
[21:03:47] [coreswap-stallwatch/INFO] (Minecraft) [STDOUT]: [STALLWATCH] "Chunky-minecraft:overworld Thread" id=102 state=WAITING daemon=true
[21:03:47] [coreswap-stallwatch/INFO] (Minecraft) [STDOUT]: [STALLWATCH]     at java.base@17.0.12/jdk.internal.misc.Unsafe.park(Native Method)
[21:03:47] [coreswap-stallwatch/INFO] (Minecraft) [STDOUT]: [STALLWATCH]     at java.base@17.0.12/java.util.concurrent.locks.LockSupport.park(LockSupport.java:211)
[21:03:47] [coreswap-stallwatch/INFO] (Minecraft) [STDOUT]: [STALLWATCH]     at java.base@17.0.12/java.util.concurrent.locks.AbstractQueuedSynchronizer.acquire(AbstractQueuedSynchronizer.java:715)
[21:03:47] [coreswap-stallwatch/INFO] (Minecraft) [STDOUT]: [STALLWATCH]     at java.base@17.0.12/java.util.concurrent.locks.AbstractQueuedSynchronizer.acquireSharedInterruptibly(AbstractQueuedSynchronizer.java:1047)
[21:03:47] [coreswap-stallwatch/INFO] (Minecraft) [STDOUT]: [STALLWATCH]     at java.base@17.0.12/java.util.concurrent.Semaphore.acquire(Semaphore.java:318)
[21:03:47] [coreswap-stallwatch/INFO] (Minecraft) [STDOUT]: [STALLWATCH]     at org.popcraft.chunky.GenerationTask.run(GenerationTask.java:140)
[21:03:47] [coreswap-stallwatch/INFO] (Minecraft) [STDOUT]: [STALLWATCH]     at java.base@17.0.12/java.util.concurrent.Executors$RunnableAdapter.call(Executors.java:539)
[21:03:47] [coreswap-stallwatch/INFO] (Minecraft) [STDOUT]: [STALLWATCH]     at java.base@17.0.12/java.util.concurrent.FutureTask.run(FutureTask.java:264)
[21:03:47] [coreswap-stallwatch/INFO] (Minecraft) [STDOUT]: [STALLWATCH]     at java.base@17.0.12/java.util.concurrent.ThreadPoolExecutor.runWorker(ThreadPoolExecutor.java:1136)
[21:03:47] [coreswap-stallwatch/INFO] (Minecraft) [STDOUT]: [STALLWATCH]     at java.base@17.0.12/java.util.concurrent.ThreadPoolExecutor$Worker.run(ThreadPoolExecutor.java:635)
[21:03:47] [coreswap-stallwatch/INFO] (Minecraft) [STDOUT]: [STALLWATCH]     at java.base@17.0.12/java.lang.Thread.run(Thread.java:842)
[21:03:47] [coreswap-stallwatch/INFO] (Minecraft) [STDOUT]: [STALLWATCH] "Worker-Main-13" id=76 state=WAITING daemon=true
[21:03:47] [coreswap-stallwatch/INFO] (Minecraft) [STDOUT]: [STALLWATCH]     at java.base@17.0.12/jdk.internal.misc.Unsafe.park(Native Method)
[21:03:47] [coreswap-stallwatch/INFO] (Minecraft) [STDOUT]: [STALLWATCH]     at java.base@17.0.12/java.util.concurrent.locks.LockSupport.park(LockSupport.java:341)
[21:03:47] [coreswap-stallwatch/INFO] (Minecraft) [STDOUT]: [STALLWATCH]     at java.base@17.0.12/java.util.concurrent.ForkJoinPool.awaitWork(ForkJoinPool.java:1724)
[21:03:47] [coreswap-stallwatch/INFO] (Minecraft) [STDOUT]: [STALLWATCH]     at java.base@17.0.12/java.util.concurrent.ForkJoinPool.runWorker(ForkJoinPool.java:1623)
[21:03:47] [coreswap-stallwatch/INFO] (Minecraft) [STDOUT]: [STALLWATCH]     at java.base@17.0.12/java.util.concurrent.ForkJoinWorkerThread.run(ForkJoinWorkerThread.java:165)
[21:03:47] [coreswap-stallwatch/INFO] (Minecraft) [STDOUT]: [STALLWATCH] "Yggdrasil Key Fetcher" id=61 state=TIMED_WAITING daemon=true
[21:03:47] [coreswap-stallwatch/INFO] (Minecraft) [STDOUT]: [STALLWATCH]     at java.base@17.0.12/jdk.internal.misc.Unsafe.park(Native Method)
[21:03:47] [coreswap-stallwatch/INFO] (Minecraft) [STDOUT]: [STALLWATCH]     at java.base@17.0.12/java.util.concurrent.locks.LockSupport.parkNanos(LockSupport.java:252)
[21:03:47] [coreswap-stallwatch/INFO] (Minecraft) [STDOUT]: [STALLWATCH]     at java.base@17.0.12/java.util.concurrent.locks.AbstractQueuedSynchronizer$ConditionObject.awaitNanos(AbstractQueuedSynchronizer.java:1672)
[21:03:47] [coreswap-stallwatch/INFO] (Minecraft) [STDOUT]: [STALLWATCH]     at java.base@17.0.12/java.util.concurrent.ScheduledThreadPoolExecutor$DelayedWorkQueue.take(ScheduledThreadPoolExecutor.java:1182)
[21:03:47] [coreswap-stallwatch/INFO] (Minecraft) [STDOUT]: [STALLWATCH]     at java.base@17.0.12/java.util.concurrent.ScheduledThreadPoolExecutor$DelayedWorkQueue.take(ScheduledThreadPoolExecutor.java:899)
[21:03:47] [coreswap-stallwatch/INFO] (Minecraft) [STDOUT]: [STALLWATCH]     at java.base@17.0.12/java.util.concurrent.ThreadPoolExecutor.getTask(ThreadPoolExecutor.java:1062)
[21:03:47] [coreswap-stallwatch/INFO] (Minecraft) [STDOUT]: [STALLWATCH]     at java.base@17.0.12/java.util.concurrent.ThreadPoolExecutor.runWorker(ThreadPoolExecutor.java:1122)
[21:03:47] [coreswap-stallwatch/INFO] (Minecraft) [STDOUT]: [STALLWATCH]     at java.base@17.0.12/java.util.concurrent.ThreadPoolExecutor$Worker.run(ThreadPoolExecutor.java:635)
[21:03:47] [coreswap-stallwatch/INFO] (Minecraft) [STDOUT]: [STALLWATCH]     at java.base@17.0.12/java.lang.Thread.run(Thread.java:842)
[21:03:47] [coreswap-stallwatch/INFO] (Minecraft) [STDOUT]: [STALLWATCH] "Worker-Main-23" id=86 state=WAITING daemon=true
[21:03:47] [coreswap-stallwatch/INFO] (Minecraft) [STDOUT]: [STALLWATCH]     at java.base@17.0.12/jdk.internal.misc.Unsafe.park(Native Method)
[21:03:47] [coreswap-stallwatch/INFO] (Minecraft) [STDOUT]: [STALLWATCH]     at java.base@17.0.12/java.util.concurrent.locks.LockSupport.park(LockSupport.java:341)
[21:03:47] [coreswap-stallwatch/INFO] (Minecraft) [STDOUT]: [STALLWATCH]     at java.base@17.0.12/java.util.concurrent.ForkJoinPool.awaitWork(ForkJoinPool.java:1724)
[21:03:47] [coreswap-stallwatch/INFO] (Minecraft) [STDOUT]: [STALLWATCH]     at java.base@17.0.12/java.util.concurrent.ForkJoinPool.runWorker(ForkJoinPool.java:1623)
[21:03:47] [coreswap-stallwatch/INFO] (Minecraft) [STDOUT]: [STALLWATCH]     at java.base@17.0.12/java.util.concurrent.ForkJoinWorkerThread.run(ForkJoinWorkerThread.java:165)
[21:03:47] [coreswap-stallwatch/INFO] (Minecraft) [STDOUT]: [STALLWATCH] "IO-Worker-25" id=93 state=TIMED_WAITING daemon=false
[21:03:47] [coreswap-stallwatch/INFO] (Minecraft) [STDOUT]: [STALLWATCH]     at java.base@17.0.12/jdk.internal.misc.Unsafe.park(Native Method)
[21:03:47] [coreswap-stallwatch/INFO] (Minecraft) [STDOUT]: [STALLWATCH]     at java.base@17.0.12/java.util.concurrent.locks.LockSupport.parkNanos(LockSupport.java:252)
[21:03:47] [coreswap-stallwatch/INFO] (Minecraft) [STDOUT]: [STALLWATCH]     at java.base@17.0.12/java.util.concurrent.SynchronousQueue$TransferStack.transfer(SynchronousQueue.java:401)
[21:03:47] [coreswap-stallwatch/INFO] (Minecraft) [STDOUT]: [STALLWATCH]     at java.base@17.0.12/java.util.concurrent.SynchronousQueue.poll(SynchronousQueue.java:903)
[21:03:47] [coreswap-stallwatch/INFO] (Minecraft) [STDOUT]: [STALLWATCH]     at java.base@17.0.12/java.util.concurrent.ThreadPoolExecutor.getTask(ThreadPoolExecutor.java:1061)
[21:03:47] [coreswap-stallwatch/INFO] (Minecraft) [STDOUT]: [STALLWATCH]     at java.base@17.0.12/java.util.concurrent.ThreadPoolExecutor.runWorker(ThreadPoolExecutor.java:1122)
[21:03:47] [coreswap-stallwatch/INFO] (Minecraft) [STDOUT]: [STALLWATCH]     at java.base@17.0.12/java.util.concurrent.ThreadPoolExecutor$Worker.run(ThreadPoolExecutor.java:635)
[21:03:47] [coreswap-stallwatch/INFO] (Minecraft) [STDOUT]: [STALLWATCH]     at java.base@17.0.12/java.lang.Thread.run(Thread.java:842)
[21:03:47] [coreswap-stallwatch/INFO] (Minecraft) [STDOUT]: [STALLWATCH] === end ===
[21:03:54] [Worker-Main-7/INFO] (Minecraft) [STDOUT]: [CHUNKTIME] n=3328 perChunk(ms): mixin=48.39 gap=1134.84 | sumMixin=161.0s sumGap=3776.7s | inflight max=1 now=1
[21:03:56] [Server thread/INFO] (Minecraft) [Chunky] Task running for minecraft:overworld. Processed: 2948 chunks (69.78%), ETA: 0:01:18, Rate: 16.2 cps, Current: -8, 17
[21:04:02] [RCON Listener #1/INFO] (Minecraft) Thread RCON Client /127.0.0.1 started
[21:04:02] [RCON Client /127.0.0.1 #16/INFO] (Minecraft) Thread RCON Client /127.0.0.1 shutting down
[21:04:07] [Server thread/INFO] (Minecraft) [Chunky] Task running for minecraft:overworld. Processed: 3127 chunks (74.01%), ETA: 0:01:04, Rate: 16.9 cps, Current: -16, 8
[21:04:07] [Worker-Main-1/INFO] (Minecraft) [STDOUT]: [CHUNKTIME] n=3584 perChunk(ms): mixin=48.48 gap=1137.27 | sumMixin=173.7s sumGap=4076.0s | inflight max=1 now=1
[21:04:17] [Server thread/INFO] (Minecraft) [Chunky] Task running for minecraft:overworld. Processed: 3392 chunks (80.28%), ETA: 0:00:42, Rate: 19.8 cps, Current: 4, 8
[21:04:17] [coreswap-stallwatch/INFO] (Minecraft) [STDOUT]: [STALLWATCH] === thread dump @ Thu Sep 10 21:04:17 HKT 2026 (interval=30s) ===
[21:04:17] [coreswap-stallwatch/INFO] (Minecraft) [STDOUT]: [STALLWATCH] "Worker-Main-12" id=75 state=WAITING daemon=true
[21:04:17] [coreswap-stallwatch/INFO] (Minecraft) [STDOUT]: [STALLWATCH]     at java.base@17.0.12/jdk.internal.misc.Unsafe.park(Native Method)
[21:04:17] [coreswap-stallwatch/INFO] (Minecraft) [STDOUT]: [STALLWATCH]     at java.base@17.0.12/java.util.concurrent.locks.LockSupport.park(LockSupport.java:341)
[21:04:17] [coreswap-stallwatch/INFO] (Minecraft) [STDOUT]: [STALLWATCH]     at java.base@17.0.12/java.util.concurrent.ForkJoinPool.awaitWork(ForkJoinPool.java:1724)
[21:04:17] [coreswap-stallwatch/INFO] (Minecraft) [STDOUT]: [STALLWATCH]     at java.base@17.0.12/java.util.concurrent.ForkJoinPool.runWorker(ForkJoinPool.java:1623)
[21:04:17] [coreswap-stallwatch/INFO] (Minecraft) [STDOUT]: [STALLWATCH]     at java.base@17.0.12/java.util.concurrent.ForkJoinWorkerThread.run(ForkJoinWorkerThread.java:165)
[21:04:17] [coreswap-stallwatch/INFO] (Minecraft) [STDOUT]: [STALLWATCH] "Worker-Main-16" id=79 state=WAITING daemon=true
[21:04:17] [coreswap-stallwatch/INFO] (Minecraft) [STDOUT]: [STALLWATCH]     at java.base@17.0.12/jdk.internal.misc.Unsafe.park(Native Method)
[21:04:17] [coreswap-stallwatch/INFO] (Minecraft) [STDOUT]: [STALLWATCH]     at java.base@17.0.12/java.util.concurrent.locks.LockSupport.park(LockSupport.java:341)
[21:04:17] [coreswap-stallwatch/INFO] (Minecraft) [STDOUT]: [STALLWATCH]     at java.base@17.0.12/java.util.concurrent.ForkJoinPool.awaitWork(ForkJoinPool.java:1724)
[21:04:17] [coreswap-stallwatch/INFO] (Minecraft) [STDOUT]: [STALLWATCH]     at java.base@17.0.12/java.util.concurrent.ForkJoinPool.runWorker(ForkJoinPool.java:1623)
[21:04:17] [coreswap-stallwatch/INFO] (Minecraft) [STDOUT]: [STALLWATCH]     at java.base@17.0.12/java.util.concurrent.ForkJoinWorkerThread.run(ForkJoinWorkerThread.java:165)
[21:04:17] [coreswap-stallwatch/INFO] (Minecraft) [STDOUT]: [STALLWATCH] "Worker-Main-21" id=84 state=WAITING daemon=true
[21:04:17] [coreswap-stallwatch/INFO] (Minecraft) [STDOUT]: [STALLWATCH]     at java.base@17.0.12/jdk.internal.misc.Unsafe.park(Native Method)
[21:04:17] [coreswap-stallwatch/INFO] (Minecraft) [STDOUT]: [STALLWATCH]     at java.base@17.0.12/java.util.concurrent.locks.LockSupport.park(LockSupport.java:341)
[21:04:17] [coreswap-stallwatch/INFO] (Minecraft) [STDOUT]: [STALLWATCH]     at java.base@17.0.12/java.util.concurrent.ForkJoinPool.awaitWork(ForkJoinPool.java:1724)
[21:04:17] [coreswap-stallwatch/INFO] (Minecraft) [STDOUT]: [STALLWATCH]     at java.base@17.0.12/java.util.concurrent.ForkJoinPool.runWorker(ForkJoinPool.java:1623)
[21:04:17] [coreswap-stallwatch/INFO] (Minecraft) [STDOUT]: [STALLWATCH]     at java.base@17.0.12/java.util.concurrent.ForkJoinWorkerThread.run(ForkJoinWorkerThread.java:165)
[21:04:17] [coreswap-stallwatch/INFO] (Minecraft) [STDOUT]: [STALLWATCH] "Worker-Main-5" id=68 state=WAITING daemon=true
[21:04:17] [coreswap-stallwatch/INFO] (Minecraft) [STDOUT]: [STALLWATCH]     at java.base@17.0.12/jdk.internal.misc.Unsafe.park(Native Method)
[21:04:17] [coreswap-stallwatch/INFO] (Minecraft) [STDOUT]: [STALLWATCH]     at java.base@17.0.12/java.util.concurrent.locks.LockSupport.park(LockSupport.java:341)
[21:04:17] [coreswap-stallwatch/INFO] (Minecraft) [STDOUT]: [STALLWATCH]     at java.base@17.0.12/java.util.concurrent.ForkJoinPool.awaitWork(ForkJoinPool.java:1724)
[21:04:17] [coreswap-stallwatch/INFO] (Minecraft) [STDOUT]: [STALLWATCH]     at java.base@17.0.12/java.util.concurrent.ForkJoinPool.runWorker(ForkJoinPool.java:1623)
[21:04:17] [coreswap-stallwatch/INFO] (Minecraft) [STDOUT]: [STALLWATCH]     at java.base@17.0.12/java.util.concurrent.ForkJoinWorkerThread.run(ForkJoinWorkerThread.java:165)
[21:04:17] [coreswap-stallwatch/INFO] (Minecraft) [STDOUT]: [STALLWATCH] "Worker-Main-15" id=78 state=WAITING daemon=true
[21:04:17] [coreswap-stallwatch/INFO] (Minecraft) [STDOUT]: [STALLWATCH]     at java.base@17.0.12/jdk.internal.misc.Unsafe.park(Native Method)
[21:04:17] [coreswap-stallwatch/INFO] (Minecraft) [STDOUT]: [STALLWATCH]     at java.base@17.0.12/java.util.concurrent.locks.LockSupport.park(LockSupport.java:341)
[21:04:17] [coreswap-stallwatch/INFO] (Minecraft) [STDOUT]: [STALLWATCH]     at java.base@17.0.12/java.util.concurrent.ForkJoinPool.awaitWork(ForkJoinPool.java:1724)
[21:04:17] [coreswap-stallwatch/INFO] (Minecraft) [STDOUT]: [STALLWATCH]     at java.base@17.0.12/java.util.concurrent.ForkJoinPool.runWorker(ForkJoinPool.java:1623)
[21:04:17] [coreswap-stallwatch/INFO] (Minecraft) [STDOUT]: [STALLWATCH]     at java.base@17.0.12/java.util.concurrent.ForkJoinWorkerThread.run(ForkJoinWorkerThread.java:165)
[21:04:17] [coreswap-stallwatch/INFO] (Minecraft) [STDOUT]: [STALLWATCH] "Common-Cleaner" id=22 state=TIMED_WAITING daemon=true
[21:04:17] [coreswap-stallwatch/INFO] (Minecraft) [STDOUT]: [STALLWATCH]     at java.base@17.0.12/java.lang.Object.wait(Native Method)
[21:04:17] [coreswap-stallwatch/INFO] (Minecraft) [STDOUT]: [STALLWATCH]     at java.base@17.0.12/java.lang.ref.ReferenceQueue.remove(ReferenceQueue.java:155)
[21:04:17] [coreswap-stallwatch/INFO] (Minecraft) [STDOUT]: [STALLWATCH]     at java.base@17.0.12/jdk.internal.ref.CleanerImpl.run(CleanerImpl.java:140)
[21:04:17] [coreswap-stallwatch/INFO] (Minecraft) [STDOUT]: [STALLWATCH]     at java.base@17.0.12/java.lang.Thread.run(Thread.java:842)
[21:04:17] [coreswap-stallwatch/INFO] (Minecraft) [STDOUT]: [STALLWATCH]     at java.base@17.0.12/jdk.internal.misc.InnocuousThread.run(InnocuousThread.java:162)
[21:04:17] [coreswap-stallwatch/INFO] (Minecraft) [STDOUT]: [STALLWATCH] "coreswap-stallwatch" id=99 state=RUNNABLE daemon=true
[21:04:17] [coreswap-stallwatch/INFO] (Minecraft) [STDOUT]: [STALLWATCH]     at java.base@17.0.12/java.lang.Thread.dumpThreads(Native Method)
[21:04:17] [coreswap-stallwatch/INFO] (Minecraft) [STDOUT]: [STALLWATCH]     at java.base@17.0.12/java.lang.Thread.getAllStackTraces(Thread.java:1673)
[21:04:17] [coreswap-stallwatch/INFO] (Minecraft) [STDOUT]: [STALLWATCH]     at wg.bench.StallWatch.lambda$start$0(StallWatch.java:41)
[21:04:17] [coreswap-stallwatch/INFO] (Minecraft) [STDOUT]: [STALLWATCH]     at wg.bench.StallWatch$$Lambda$5847/0x000001fc99c2dad8.run(Unknown Source)
[21:04:17] [coreswap-stallwatch/INFO] (Minecraft) [STDOUT]: [STALLWATCH]     at java.base@17.0.12/java.lang.Thread.run(Thread.java:842)
[21:04:17] [coreswap-stallwatch/INFO] (Minecraft) [STDOUT]: [STALLWATCH] "Worker-Main-14" id=77 state=WAITING daemon=true
[21:04:17] [coreswap-stallwatch/INFO] (Minecraft) [STDOUT]: [STALLWATCH]     at java.base@17.0.12/jdk.internal.misc.Unsafe.park(Native Method)
[21:04:17] [coreswap-stallwatch/INFO] (Minecraft) [STDOUT]: [STALLWATCH]     at java.base@17.0.12/java.util.concurrent.locks.LockSupport.park(LockSupport.java:341)
[21:04:17] [coreswap-stallwatch/INFO] (Minecraft) [STDOUT]: [STALLWATCH]     at java.base@17.0.12/java.util.concurrent.ForkJoinPool.awaitWork(ForkJoinPool.java:1724)
[21:04:17] [coreswap-stallwatch/INFO] (Minecraft) [STDOUT]: [STALLWATCH]     at java.base@17.0.12/java.util.concurrent.ForkJoinPool.runWorker(ForkJoinPool.java:1623)
[21:04:17] [coreswap-stallwatch/INFO] (Minecraft) [STDOUT]: [STALLWATCH]     at java.base@17.0.12/java.util.concurrent.ForkJoinWorkerThread.run(ForkJoinWorkerThread.java:165)
[21:04:17] [coreswap-stallwatch/INFO] (Minecraft) [STDOUT]: [STALLWATCH] "DestroyJavaVM" id=89 state=RUNNABLE daemon=false
[21:04:17] [coreswap-stallwatch/INFO] (Minecraft) [STDOUT]: [STALLWATCH] "IO-Worker-24" id=92 state=TIMED_WAITING daemon=false
[21:04:17] [coreswap-stallwatch/INFO] (Minecraft) [STDOUT]: [STALLWATCH]     at java.base@17.0.12/jdk.internal.misc.Unsafe.park(Native Method)
[21:04:17] [coreswap-stallwatch/INFO] (Minecraft) [STDOUT]: [STALLWATCH]     at java.base@17.0.12/java.util.concurrent.locks.LockSupport.parkNanos(LockSupport.java:252)
[21:04:17] [coreswap-stallwatch/INFO] (Minecraft) [STDOUT]: [STALLWATCH]     at java.base@17.0.12/java.util.concurrent.SynchronousQueue$TransferStack.transfer(SynchronousQueue.java:401)
[21:04:17] [coreswap-stallwatch/INFO] (Minecraft) [STDOUT]: [STALLWATCH]     at java.base@17.0.12/java.util.concurrent.SynchronousQueue.poll(SynchronousQueue.java:903)
[21:04:17] [coreswap-stallwatch/INFO] (Minecraft) [STDOUT]: [STALLWATCH]     at java.base@17.0.12/java.util.concurrent.ThreadPoolExecutor.getTask(ThreadPoolExecutor.java:1061)
[21:04:17] [coreswap-stallwatch/INFO] (Minecraft) [STDOUT]: [STALLWATCH]     at java.base@17.0.12/java.util.concurrent.ThreadPoolExecutor.runWorker(ThreadPoolExecutor.java:1122)
[21:04:17] [coreswap-stallwatch/INFO] (Minecraft) [STDOUT]: [STALLWATCH]     at java.base@17.0.12/java.util.concurrent.ThreadPoolExecutor$Worker.run(ThreadPoolExecutor.java:635)
[21:04:17] [coreswap-stallwatch/INFO] (Minecraft) [STDOUT]: [STALLWATCH]     at java.base@17.0.12/java.lang.Thread.run(Thread.java:842)
[21:04:17] [coreswap-stallwatch/INFO] (Minecraft) [STDOUT]: [STALLWATCH] "Thread-8" id=101 state=TIMED_WAITING daemon=true
[21:04:17] [coreswap-stallwatch/INFO] (Minecraft) [STDOUT]: [STALLWATCH]     at java.base@17.0.12/jdk.internal.misc.Unsafe.park(Native Method)
[21:04:17] [coreswap-stallwatch/INFO] (Minecraft) [STDOUT]: [STALLWATCH]     at java.base@17.0.12/java.util.concurrent.locks.LockSupport.parkNanos(LockSupport.java:252)
[21:04:17] [coreswap-stallwatch/INFO] (Minecraft) [STDOUT]: [STALLWATCH]     at java.base@17.0.12/java.util.concurrent.SynchronousQueue$TransferStack.transfer(SynchronousQueue.java:401)
[21:04:17] [coreswap-stallwatch/INFO] (Minecraft) [STDOUT]: [STALLWATCH]     at java.base@17.0.12/java.util.concurrent.SynchronousQueue.poll(SynchronousQueue.java:903)
[21:04:17] [coreswap-stallwatch/INFO] (Minecraft) [STDOUT]: [STALLWATCH]     at java.base@17.0.12/java.util.concurrent.ThreadPoolExecutor.getTask(ThreadPoolExecutor.java:1061)
[21:04:17] [coreswap-stallwatch/INFO] (Minecraft) [STDOUT]: [STALLWATCH]     at java.base@17.0.12/java.util.concurrent.ThreadPoolExecutor.runWorker(ThreadPoolExecutor.java:1122)
[21:04:17] [coreswap-stallwatch/INFO] (Minecraft) [STDOUT]: [STALLWATCH]     at java.base@17.0.12/java.util.concurrent.ThreadPoolExecutor$Worker.run(ThreadPoolExecutor.java:635)
[21:04:17] [coreswap-stallwatch/INFO] (Minecraft) [STDOUT]: [STALLWATCH]     at java.base@17.0.12/java.lang.Thread.run(Thread.java:842)
[21:04:17] [coreswap-stallwatch/INFO] (Minecraft) [STDOUT]: [STALLWATCH] "Server thread" id=87 state=TIMED_WAITING daemon=false
[21:04:17] [coreswap-stallwatch/INFO] (Minecraft) [STDOUT]: [STALLWATCH]     at net.minecraft.server.world.ServerChunkManager.tickChunks(ServerChunkManager.java:370)
[21:04:17] [coreswap-stallwatch/INFO] (Minecraft) [STDOUT]: [STALLWATCH]     at net.minecraft.server.world.ServerChunkManager.tick(ServerChunkManager.java:338)
[21:04:17] [coreswap-stallwatch/INFO] (Minecraft) [STDOUT]: [STALLWATCH]     at net.minecraft.server.world.ServerWorld.tick(ServerWorld.java:363)
[21:04:17] [coreswap-stallwatch/INFO] (Minecraft) [STDOUT]: [STALLWATCH]     at net.minecraft.server.MinecraftServer.tickWorlds(MinecraftServer.java:928)
[21:04:17] [coreswap-stallwatch/INFO] (Minecraft) [STDOUT]: [STALLWATCH]     at net.minecraft.server.dedicated.MinecraftDedicatedServer.tickWorlds(MinecraftDedicatedServer.java:297)
[21:04:17] [coreswap-stallwatch/INFO] (Minecraft) [STDOUT]: [STALLWATCH]     at net.minecraft.server.MinecraftServer.tick(MinecraftServer.java:863)
[21:04:17] [coreswap-stallwatch/INFO] (Minecraft) [STDOUT]: [STALLWATCH]     at net.minecraft.server.MinecraftServer.runServer(MinecraftServer.java:722)
[21:04:17] [coreswap-stallwatch/INFO] (Minecraft) [STDOUT]: [STALLWATCH]     at net.minecraft.server.MinecraftServer.method_29739(MinecraftServer.java:267)
[21:04:17] [coreswap-stallwatch/INFO] (Minecraft) [STDOUT]: [STALLWATCH]     at net.minecraft.server.MinecraftServer$$Lambda$5103/0x000001fc99ad8928.run(Unknown Source)
[21:04:17] [coreswap-stallwatch/INFO] (Minecraft) [STDOUT]: [STALLWATCH]     at java.base@17.0.12/java.lang.Thread.run(Thread.java:842)
[21:04:17] [coreswap-stallwatch/INFO] (Minecraft) [STDOUT]: [STALLWATCH] "Attach Listener" id=5 state=RUNNABLE daemon=true
[21:04:17] [coreswap-stallwatch/INFO] (Minecraft) [STDOUT]: [STALLWATCH] "Worker-Main-2" id=65 state=WAITING daemon=true
[21:04:17] [coreswap-stallwatch/INFO] (Minecraft) [STDOUT]: [STALLWATCH]     at java.base@17.0.12/jdk.internal.misc.Unsafe.park(Native Method)
[21:04:17] [coreswap-stallwatch/INFO] (Minecraft) [STDOUT]: [STALLWATCH]     at java.base@17.0.12/java.util.concurrent.locks.LockSupport.park(LockSupport.java:341)
[21:04:17] [coreswap-stallwatch/INFO] (Minecraft) [STDOUT]: [STALLWATCH]     at java.base@17.0.12/java.util.concurrent.ForkJoinPool.awaitWork(ForkJoinPool.java:1724)
[21:04:17] [coreswap-stallwatch/INFO] (Minecraft) [STDOUT]: [STALLWATCH]     at java.base@17.0.12/java.util.concurrent.ForkJoinPool.runWorker(ForkJoinPool.java:1623)
[21:04:17] [coreswap-stallwatch/INFO] (Minecraft) [STDOUT]: [STALLWATCH]     at java.base@17.0.12/java.util.concurrent.ForkJoinWorkerThread.run(ForkJoinWorkerThread.java:165)
[21:04:17] [coreswap-stallwatch/INFO] (Minecraft) [STDOUT]: [STALLWATCH] "Worker-Main-19" id=82 state=WAITING daemon=true
[21:04:17] [coreswap-stallwatch/INFO] (Minecraft) [STDOUT]: [STALLWATCH]     at java.base@17.0.12/jdk.internal.misc.Unsafe.park(Native Method)
[21:04:17] [coreswap-stallwatch/INFO] (Minecraft) [STDOUT]: [STALLWATCH]     at java.base@17.0.12/java.util.concurrent.locks.LockSupport.park(LockSupport.java:341)
[21:04:17] [coreswap-stallwatch/INFO] (Minecraft) [STDOUT]: [STALLWATCH]     at java.base@17.0.12/java.util.concurrent.ForkJoinPool.awaitWork(ForkJoinPool.java:1724)
[21:04:17] [coreswap-stallwatch/INFO] (Minecraft) [STDOUT]: [STALLWATCH]     at java.base@17.0.12/java.util.concurrent.ForkJoinPool.runWorker(ForkJoinPool.java:1623)
[21:04:17] [coreswap-stallwatch/INFO] (Minecraft) [STDOUT]: [STALLWATCH]     at java.base@17.0.12/java.util.concurrent.ForkJoinWorkerThread.run(ForkJoinWorkerThread.java:165)
[21:04:17] [coreswap-stallwatch/INFO] (Minecraft) [STDOUT]: [STALLWATCH] "Worker-Main-1" id=64 state=WAITING daemon=true
[21:04:17] [coreswap-stallwatch/INFO] (Minecraft) [STDOUT]: [STALLWATCH]     at java.base@17.0.12/jdk.internal.misc.Unsafe.park(Native Method)
[21:04:17] [coreswap-stallwatch/INFO] (Minecraft) [STDOUT]: [STALLWATCH]     at java.base@17.0.12/java.util.concurrent.locks.LockSupport.park(LockSupport.java:341)
[21:04:17] [coreswap-stallwatch/INFO] (Minecraft) [STDOUT]: [STALLWATCH]     at java.base@17.0.12/java.util.concurrent.ForkJoinPool.awaitWork(ForkJoinPool.java:1724)
[21:04:17] [coreswap-stallwatch/INFO] (Minecraft) [STDOUT]: [STALLWATCH]     at java.base@17.0.12/java.util.concurrent.ForkJoinPool.runWorker(ForkJoinPool.java:1623)
[21:04:17] [coreswap-stallwatch/INFO] (Minecraft) [STDOUT]: [STALLWATCH]     at java.base@17.0.12/java.util.concurrent.ForkJoinWorkerThread.run(ForkJoinWorkerThread.java:165)
[21:04:17] [coreswap-stallwatch/INFO] (Minecraft) [STDOUT]: [STALLWATCH] "Signal Dispatcher" id=4 state=RUNNABLE daemon=true
[21:04:17] [coreswap-stallwatch/INFO] (Minecraft) [STDOUT]: [STALLWATCH] "Timer hack thread" id=60 state=TIMED_WAITING daemon=true
[21:04:17] [coreswap-stallwatch/INFO] (Minecraft) [STDOUT]: [STALLWATCH]     at java.base@17.0.12/java.lang.Thread.sleep(Native Method)
[21:04:17] [coreswap-stallwatch/INFO] (Minecraft) [STDOUT]: [STALLWATCH]     at net.minecraft.util.Util$9.run(Util.java:863)
[21:04:17] [coreswap-stallwatch/INFO] (Minecraft) [STDOUT]: [STALLWATCH] "Worker-Main-4" id=67 state=WAITING daemon=true
[21:04:17] [coreswap-stallwatch/INFO] (Minecraft) [STDOUT]: [STALLWATCH]     at java.base@17.0.12/jdk.internal.misc.Unsafe.park(Native Method)
[21:04:17] [coreswap-stallwatch/INFO] (Minecraft) [STDOUT]: [STALLWATCH]     at java.base@17.0.12/java.util.concurrent.locks.LockSupport.park(LockSupport.java:341)
[21:04:17] [coreswap-stallwatch/INFO] (Minecraft) [STDOUT]: [STALLWATCH]     at java.base@17.0.12/java.util.concurrent.ForkJoinPool.awaitWork(ForkJoinPool.java:1724)
[21:04:17] [coreswap-stallwatch/INFO] (Minecraft) [STDOUT]: [STALLWATCH]     at java.base@17.0.12/java.util.concurrent.ForkJoinPool.runWorker(ForkJoinPool.java:1623)
[21:04:17] [coreswap-stallwatch/INFO] (Minecraft) [STDOUT]: [STALLWATCH]     at java.base@17.0.12/java.util.concurrent.ForkJoinWorkerThread.run(ForkJoinWorkerThread.java:165)
[21:04:17] [coreswap-stallwatch/INFO] (Minecraft) [STDOUT]: [STALLWATCH] "Worker-Main-18" id=81 state=RUNNABLE daemon=true
[21:04:17] [coreswap-stallwatch/INFO] (Minecraft) [STDOUT]: [STALLWATCH]     at wg.CppWorldgen.fillBlocks(Native Method)
[21:04:17] [coreswap-stallwatch/INFO] (Minecraft) [STDOUT]: [STALLWATCH]     at wg.bench.CppBridge.fillChunk(CppBridge.java:377)
[21:04:17] [coreswap-stallwatch/INFO] (Minecraft) [STDOUT]: [STALLWATCH]     at net.minecraft.world.gen.chunk.NoiseChunkGenerator.md24f970$coreswap$lambda$wgPopulateNoise$1$2(NoiseChunkGenerator.java:671)
[21:04:17] [coreswap-stallwatch/INFO] (Minecraft) [STDOUT]: [STALLWATCH]     at net.minecraft.world.gen.chunk.NoiseChunkGenerator$$Lambda$6051/0x000001fc99c81760.get(Unknown Source)
[21:04:17] [coreswap-stallwatch/INFO] (Minecraft) [STDOUT]: [STALLWATCH]     at net.minecraft.world.gen.chunk.NoiseChunkGenerator.wgDispatch(NoiseChunkGenerator.java:610)
[21:04:17] [coreswap-stallwatch/INFO] (Minecraft) [STDOUT]: [STALLWATCH]     at net.minecraft.world.gen.chunk.NoiseChunkGenerator.handler$zdj000$coreswap$wgPopulateNoise(NoiseChunkGenerator.java:687)
[21:04:17] [coreswap-stallwatch/INFO] (Minecraft) [STDOUT]: [STALLWATCH]     at net.minecraft.world.gen.chunk.NoiseChunkGenerator.populateNoise(NoiseChunkGenerator.java)
[21:04:17] [coreswap-stallwatch/INFO] (Minecraft) [STDOUT]: [STALLWATCH]     at net.minecraft.world.chunk.ChunkStatus.method_38284(ChunkStatus.java:96)
[21:04:17] [coreswap-stallwatch/INFO] (Minecraft) [STDOUT]: [STALLWATCH]     at net.minecraft.world.chunk.ChunkStatus$$Lambda$1750/0x000001fc996e7300.doWork(Unknown Source)
[21:04:17] [coreswap-stallwatch/INFO] (Minecraft) [STDOUT]: [STALLWATCH]     at net.minecraft.world.chunk.ChunkStatus.runGenerationTask(ChunkStatus.java:357)
[21:04:17] [coreswap-stallwatch/INFO] (Minecraft) [STDOUT]: [STALLWATCH]     at net.minecraft.server.world.ThreadedAnvilChunkStorage.method_17225(ThreadedAnvilChunkStorage.java:656)
[21:04:17] [coreswap-stallwatch/INFO] (Minecraft) [STDOUT]: [STALLWATCH]     at net.minecraft.server.world.ThreadedAnvilChunkStorage$$Lambda$5350/0x000001fc99ba5ce8.apply(Unknown Source)
[21:04:17] [coreswap-stallwatch/INFO] (Minecraft) [STDOUT]: [STALLWATCH]     at com.mojang.datafixers.util.Either$Left.map(Either.java:38)
[21:04:17] [coreswap-stallwatch/INFO] (Minecraft) [STDOUT]: [STALLWATCH]     at net.minecraft.server.world.ThreadedAnvilChunkStorage.method_17224(ThreadedAnvilChunkStorage.java:645)
[21:04:17] [coreswap-stallwatch/INFO] (Minecraft) [STDOUT]: [STALLWATCH]     at net.minecraft.server.world.ThreadedAnvilChunkStorage$$Lambda$5306/0x000001fc99b936f8.apply(Unknown Source)
[21:04:17] [coreswap-stallwatch/INFO] (Minecraft) [STDOUT]: [STALLWATCH]     at java.base@17.0.12/java.util.concurrent.CompletableFuture$UniCompose.tryFire(CompletableFuture.java:1150)
[21:04:17] [coreswap-stallwatch/INFO] (Minecraft) [STDOUT]: [STALLWATCH]     at java.base@17.0.12/java.util.concurrent.CompletableFuture$Completion.run(CompletableFuture.java:482)
[21:04:17] [coreswap-stallwatch/INFO] (Minecraft) [STDOUT]: [STALLWATCH]     at net.minecraft.server.world.ChunkTaskPrioritySystem.method_17634(ChunkTaskPrioritySystem.java:49)
[21:04:17] [coreswap-stallwatch/INFO] (Minecraft) [STDOUT]: [STALLWATCH]     at net.minecraft.server.world.ChunkTaskPrioritySystem$$Lambda$5349/0x000001fc99ba5ac8.run(Unknown Source)
[21:04:17] [coreswap-stallwatch/INFO] (Minecraft) [STDOUT]: [STALLWATCH]     at net.minecraft.util.thread.TaskExecutor.runNext(TaskExecutor.java:79)
[21:04:17] [coreswap-stallwatch/INFO] (Minecraft) [STDOUT]: [STALLWATCH]     at net.minecraft.util.thread.TaskExecutor.runWhile(TaskExecutor.java:129)
[21:04:17] [coreswap-stallwatch/INFO] (Minecraft) [STDOUT]: [STALLWATCH]     at net.minecraft.util.thread.TaskExecutor.run(TaskExecutor.java:87)
[21:04:17] [coreswap-stallwatch/INFO] (Minecraft) [STDOUT]: [STALLWATCH]     at java.base@17.0.12/java.util.concurrent.ForkJoinTask$RunnableExecuteAction.exec(ForkJoinTask.java:1395)
[21:04:17] [coreswap-stallwatch/INFO] (Minecraft) [STDOUT]: [STALLWATCH]     at java.base@17.0.12/java.util.concurrent.ForkJoinTask.doExec(ForkJoinTask.java:373)
[21:04:17] [coreswap-stallwatch/INFO] (Minecraft) [STDOUT]: [STALLWATCH]     at java.base@17.0.12/java.util.concurrent.ForkJoinPool$WorkQueue.topLevelExec(ForkJoinPool.java:1182)
[21:04:17] [coreswap-stallwatch/INFO] (Minecraft) [STDOUT]: [STALLWATCH]     at java.base@17.0.12/java.util.concurrent.ForkJoinPool.scan(ForkJoinPool.java:1655)
[21:04:17] [coreswap-stallwatch/INFO] (Minecraft) [STDOUT]: [STALLWATCH]     at java.base@17.0.12/java.util.concurrent.ForkJoinPool.runWorker(ForkJoinPool.java:1622)
[21:04:17] [coreswap-stallwatch/INFO] (Minecraft) [STDOUT]: [STALLWATCH]     at java.base@17.0.12/java.util.concurrent.ForkJoinWorkerThread.run(ForkJoinWorkerThread.java:165)
[21:04:17] [coreswap-stallwatch/INFO] (Minecraft) [STDOUT]: [STALLWATCH] "Worker-Main-3" id=66 state=WAITING daemon=true
[21:04:17] [coreswap-stallwatch/INFO] (Minecraft) [STDOUT]: [STALLWATCH]     at java.base@17.0.12/jdk.internal.misc.Unsafe.park(Native Method)
[21:04:17] [coreswap-stallwatch/INFO] (Minecraft) [STDOUT]: [STALLWATCH]     at java.base@17.0.12/java.util.concurrent.locks.LockSupport.park(LockSupport.java:341)
[21:04:17] [coreswap-stallwatch/INFO] (Minecraft) [STDOUT]: [STALLWATCH]     at java.base@17.0.12/java.util.concurrent.ForkJoinPool.awaitWork(ForkJoinPool.java:1724)
[21:04:17] [coreswap-stallwatch/INFO] (Minecraft) [STDOUT]: [STALLWATCH]     at java.base@17.0.12/java.util.concurrent.ForkJoinPool.runWorker(ForkJoinPool.java:1623)
[21:04:17] [coreswap-stallwatch/INFO] (Minecraft) [STDOUT]: [STALLWATCH]     at java.base@17.0.12/java.util.concurrent.ForkJoinWorkerThread.run(ForkJoinWorkerThread.java:165)
[21:04:17] [coreswap-stallwatch/INFO] (Minecraft) [STDOUT]: [STALLWATCH] "Worker-Main-20" id=83 state=WAITING daemon=true
[21:04:17] [coreswap-stallwatch/INFO] (Minecraft) [STDOUT]: [STALLWATCH]     at java.base@17.0.12/jdk.internal.misc.Unsafe.park(Native Method)
[21:04:17] [coreswap-stallwatch/INFO] (Minecraft) [STDOUT]: [STALLWATCH]     at java.base@17.0.12/java.util.concurrent.locks.LockSupport.park(LockSupport.java:341)
[21:04:17] [coreswap-stallwatch/INFO] (Minecraft) [STDOUT]: [STALLWATCH]     at java.base@17.0.12/java.util.concurrent.ForkJoinPool.awaitWork(ForkJoinPool.java:1724)
[21:04:17] [coreswap-stallwatch/INFO] (Minecraft) [STDOUT]: [STALLWATCH]     at java.base@17.0.12/java.util.concurrent.ForkJoinPool.runWorker(ForkJoinPool.java:1623)
[21:04:17] [coreswap-stallwatch/INFO] (Minecraft) [STDOUT]: [STALLWATCH]     at java.base@17.0.12/java.util.concurrent.ForkJoinWorkerThread.run(ForkJoinWorkerThread.java:165)
[21:04:17] [coreswap-stallwatch/INFO] (Minecraft) [STDOUT]: [STALLWATCH] "Worker-Main-10" id=73 state=WAITING daemon=true
[21:04:17] [coreswap-stallwatch/INFO] (Minecraft) [STDOUT]: [STALLWATCH]     at java.base@17.0.12/jdk.internal.misc.Unsafe.park(Native Method)
[21:04:17] [coreswap-stallwatch/INFO] (Minecraft) [STDOUT]: [STALLWATCH]     at java.base@17.0.12/java.util.concurrent.locks.LockSupport.park(LockSupport.java:341)
[21:04:17] [coreswap-stallwatch/INFO] (Minecraft) [STDOUT]: [STALLWATCH]     at java.base@17.0.12/java.util.concurrent.ForkJoinPool.awaitWork(ForkJoinPool.java:1724)
[21:04:17] [coreswap-stallwatch/INFO] (Minecraft) [STDOUT]: [STALLWATCH]     at java.base@17.0.12/java.util.concurrent.ForkJoinPool.runWorker(ForkJoinPool.java:1623)
[21:04:17] [coreswap-stallwatch/INFO] (Minecraft) [STDOUT]: [STALLWATCH]     at java.base@17.0.12/java.util.concurrent.ForkJoinWorkerThread.run(ForkJoinWorkerThread.java:165)
[21:04:17] [coreswap-stallwatch/INFO] (Minecraft) [STDOUT]: [STALLWATCH] "Finalizer" id=3 state=WAITING daemon=true
[21:04:17] [coreswap-stallwatch/INFO] (Minecraft) [STDOUT]: [STALLWATCH]     at java.base@17.0.12/java.lang.Object.wait(Native Method)
[21:04:17] [coreswap-stallwatch/INFO] (Minecraft) [STDOUT]: [STALLWATCH]     at java.base@17.0.12/java.lang.ref.ReferenceQueue.remove(ReferenceQueue.java:155)
[21:04:17] [coreswap-stallwatch/INFO] (Minecraft) [STDOUT]: [STALLWATCH]     at java.base@17.0.12/java.lang.ref.ReferenceQueue.remove(ReferenceQueue.java:176)
[21:04:17] [coreswap-stallwatch/INFO] (Minecraft) [STDOUT]: [STALLWATCH]     at java.base@17.0.12/java.lang.ref.Finalizer$FinalizerThread.run(Finalizer.java:172)
[21:04:17] [coreswap-stallwatch/INFO] (Minecraft) [STDOUT]: [STALLWATCH] "Worker-Main-22" id=85 state=WAITING daemon=true
[21:04:17] [coreswap-stallwatch/INFO] (Minecraft) [STDOUT]: [STALLWATCH]     at java.base@17.0.12/jdk.internal.misc.Unsafe.park(Native Method)
[21:04:17] [coreswap-stallwatch/INFO] (Minecraft) [STDOUT]: [STALLWATCH]     at java.base@17.0.12/java.util.concurrent.locks.LockSupport.park(LockSupport.java:341)
[21:04:17] [coreswap-stallwatch/INFO] (Minecraft) [STDOUT]: [STALLWATCH]     at java.base@17.0.12/java.util.concurrent.ForkJoinPool.awaitWork(ForkJoinPool.java:1724)
[21:04:17] [coreswap-stallwatch/INFO] (Minecraft) [STDOUT]: [STALLWATCH]     at java.base@17.0.12/java.util.concurrent.ForkJoinPool.runWorker(ForkJoinPool.java:1623)
[21:04:17] [coreswap-stallwatch/INFO] (Minecraft) [STDOUT]: [STALLWATCH]     at java.base@17.0.12/java.util.concurrent.ForkJoinWorkerThread.run(ForkJoinWorkerThread.java:165)
[21:04:17] [coreswap-stallwatch/INFO] (Minecraft) [STDOUT]: [STALLWATCH] "IO-Worker-26" id=94 state=TIMED_WAITING daemon=false
[21:04:17] [coreswap-stallwatch/INFO] (Minecraft) [STDOUT]: [STALLWATCH]     at java.base@17.0.12/jdk.internal.misc.Unsafe.park(Native Method)
[21:04:17] [coreswap-stallwatch/INFO] (Minecraft) [STDOUT]: [STALLWATCH]     at java.base@17.0.12/java.util.concurrent.locks.LockSupport.parkNanos(LockSupport.java:252)
[21:04:17] [coreswap-stallwatch/INFO] (Minecraft) [STDOUT]: [STALLWATCH]     at java.base@17.0.12/java.util.concurrent.SynchronousQueue$TransferStack.transfer(SynchronousQueue.java:401)
[21:04:17] [coreswap-stallwatch/INFO] (Minecraft) [STDOUT]: [STALLWATCH]     at java.base@17.0.12/java.util.concurrent.SynchronousQueue.poll(SynchronousQueue.java:903)
[21:04:17] [coreswap-stallwatch/INFO] (Minecraft) [STDOUT]: [STALLWATCH]     at java.base@17.0.12/java.util.concurrent.ThreadPoolExecutor.getTask(ThreadPoolExecutor.java:1061)
[21:04:17] [coreswap-stallwatch/INFO] (Minecraft) [STDOUT]: [STALLWATCH]     at java.base@17.0.12/java.util.concurrent.ThreadPoolExecutor.runWorker(ThreadPoolExecutor.java:1122)
[21:04:17] [coreswap-stallwatch/INFO] (Minecraft) [STDOUT]: [STALLWATCH]     at java.base@17.0.12/java.util.concurrent.ThreadPoolExecutor$Worker.run(ThreadPoolExecutor.java:635)
[21:04:17] [coreswap-stallwatch/INFO] (Minecraft) [STDOUT]: [STALLWATCH]     at java.base@17.0.12/java.lang.Thread.run(Thread.java:842)
[21:04:17] [coreswap-stallwatch/INFO] (Minecraft) [STDOUT]: [STALLWATCH] "IO-Worker-28" id=96 state=TIMED_WAITING daemon=false
[21:04:17] [coreswap-stallwatch/INFO] (Minecraft) [STDOUT]: [STALLWATCH]     at java.base@17.0.12/jdk.internal.misc.Unsafe.park(Native Method)
[21:04:17] [coreswap-stallwatch/INFO] (Minecraft) [STDOUT]: [STALLWATCH]     at java.base@17.0.12/java.util.concurrent.locks.LockSupport.parkNanos(LockSupport.java:252)
[21:04:17] [coreswap-stallwatch/INFO] (Minecraft) [STDOUT]: [STALLWATCH]     at java.base@17.0.12/java.util.concurrent.SynchronousQueue$TransferStack.transfer(SynchronousQueue.java:401)
[21:04:17] [coreswap-stallwatch/INFO] (Minecraft) [STDOUT]: [STALLWATCH]     at java.base@17.0.12/java.util.concurrent.SynchronousQueue.poll(SynchronousQueue.java:903)
[21:04:17] [coreswap-stallwatch/INFO] (Minecraft) [STDOUT]: [STALLWATCH]     at java.base@17.0.12/java.util.concurrent.ThreadPoolExecutor.getTask(ThreadPoolExecutor.java:1061)
[21:04:17] [coreswap-stallwatch/INFO] (Minecraft) [STDOUT]: [STALLWATCH]     at java.base@17.0.12/java.util.concurrent.ThreadPoolExecutor.runWorker(ThreadPoolExecutor.java:1122)
[21:04:17] [coreswap-stallwatch/INFO] (Minecraft) [STDOUT]: [STALLWATCH]     at java.base@17.0.12/java.util.concurrent.ThreadPoolExecutor$Worker.run(ThreadPoolExecutor.java:635)
[21:04:17] [coreswap-stallwatch/INFO] (Minecraft) [STDOUT]: [STALLWATCH]     at java.base@17.0.12/java.lang.Thread.run(Thread.java:842)
[21:04:17] [coreswap-stallwatch/INFO] (Minecraft) [STDOUT]: [STALLWATCH] "Thread-7" id=100 state=TIMED_WAITING daemon=true
[21:04:17] [coreswap-stallwatch/INFO] (Minecraft) [STDOUT]: [STALLWATCH]     at java.base@17.0.12/jdk.internal.misc.Unsafe.park(Native Method)
[21:04:17] [coreswap-stallwatch/INFO] (Minecraft) [STDOUT]: [STALLWATCH]     at java.base@17.0.12/java.util.concurrent.locks.LockSupport.parkNanos(LockSupport.java:252)
[21:04:17] [coreswap-stallwatch/INFO] (Minecraft) [STDOUT]: [STALLWATCH]     at java.base@17.0.12/java.util.concurrent.SynchronousQueue$TransferStack.transfer(SynchronousQueue.java:401)
[21:04:17] [coreswap-stallwatch/INFO] (Minecraft) [STDOUT]: [STALLWATCH]     at java.base@17.0.12/java.util.concurrent.SynchronousQueue.poll(SynchronousQueue.java:903)
[21:04:17] [coreswap-stallwatch/INFO] (Minecraft) [STDOUT]: [STALLWATCH]     at java.base@17.0.12/java.util.concurrent.ThreadPoolExecutor.getTask(ThreadPoolExecutor.java:1061)
[21:04:17] [coreswap-stallwatch/INFO] (Minecraft) [STDOUT]: [STALLWATCH]     at java.base@17.0.12/java.util.concurrent.ThreadPoolExecutor.runWorker(ThreadPoolExecutor.java:1122)
[21:04:17] [coreswap-stallwatch/INFO] (Minecraft) [STDOUT]: [STALLWATCH]     at java.base@17.0.12/java.util.concurrent.ThreadPoolExecutor$Worker.run(ThreadPoolExecutor.java:635)
[21:04:17] [coreswap-stallwatch/INFO] (Minecraft) [STDOUT]: [STALLWATCH]     at java.base@17.0.12/java.lang.Thread.run(Thread.java:842)
[21:04:17] [coreswap-stallwatch/INFO] (Minecraft) [STDOUT]: [STALLWATCH] "Worker-Main-17" id=80 state=WAITING daemon=true
[21:04:17] [coreswap-stallwatch/INFO] (Minecraft) [STDOUT]: [STALLWATCH]     at java.base@17.0.12/jdk.internal.misc.Unsafe.park(Native Method)
[21:04:17] [coreswap-stallwatch/INFO] (Minecraft) [STDOUT]: [STALLWATCH]     at java.base@17.0.12/java.util.concurrent.locks.LockSupport.park(LockSupport.java:341)
[21:04:17] [coreswap-stallwatch/INFO] (Minecraft) [STDOUT]: [STALLWATCH]     at java.base@17.0.12/java.util.concurrent.ForkJoinPool.awaitWork(ForkJoinPool.java:1724)
[21:04:17] [coreswap-stallwatch/INFO] (Minecraft) [STDOUT]: [STALLWATCH]     at java.base@17.0.12/java.util.concurrent.ForkJoinPool.runWorker(ForkJoinPool.java:1623)
[21:04:17] [coreswap-stallwatch/INFO] (Minecraft) [STDOUT]: [STALLWATCH]     at java.base@17.0.12/java.util.concurrent.ForkJoinWorkerThread.run(ForkJoinWorkerThread.java:165)
[21:04:17] [coreswap-stallwatch/INFO] (Minecraft) [STDOUT]: [STALLWATCH] "Worker-Main-7" id=70 state=WAITING daemon=true
[21:04:17] [coreswap-stallwatch/INFO] (Minecraft) [STDOUT]: [STALLWATCH]     at java.base@17.0.12/jdk.internal.misc.Unsafe.park(Native Method)
[21:04:17] [coreswap-stallwatch/INFO] (Minecraft) [STDOUT]: [STALLWATCH]     at java.base@17.0.12/java.util.concurrent.locks.LockSupport.park(LockSupport.java:341)
[21:04:17] [coreswap-stallwatch/INFO] (Minecraft) [STDOUT]: [STALLWATCH]     at java.base@17.0.12/java.util.concurrent.ForkJoinPool.awaitWork(ForkJoinPool.java:1724)
[21:04:17] [coreswap-stallwatch/INFO] (Minecraft) [STDOUT]: [STALLWATCH]     at java.base@17.0.12/java.util.concurrent.ForkJoinPool.runWorker(ForkJoinPool.java:1623)
[21:04:17] [coreswap-stallwatch/INFO] (Minecraft) [STDOUT]: [STALLWATCH]     at java.base@17.0.12/java.util.concurrent.ForkJoinWorkerThread.run(ForkJoinWorkerThread.java:165)
[21:04:17] [coreswap-stallwatch/INFO] (Minecraft) [STDOUT]: [STALLWATCH] "JNA Cleaner" id=59 state=WAITING daemon=true
[21:04:17] [coreswap-stallwatch/INFO] (Minecraft) [STDOUT]: [STALLWATCH]     at java.base@17.0.12/java.lang.Object.wait(Native Method)
[21:04:17] [coreswap-stallwatch/INFO] (Minecraft) [STDOUT]: [STALLWATCH]     at java.base@17.0.12/java.lang.ref.ReferenceQueue.remove(ReferenceQueue.java:155)
[21:04:17] [coreswap-stallwatch/INFO] (Minecraft) [STDOUT]: [STALLWATCH]     at java.base@17.0.12/java.lang.ref.ReferenceQueue.remove(ReferenceQueue.java:176)
[21:04:17] [coreswap-stallwatch/INFO] (Minecraft) [STDOUT]: [STALLWATCH]     at com.sun.jna.internal.Cleaner$1.run(Cleaner.java:58)
[21:04:17] [coreswap-stallwatch/INFO] (Minecraft) [STDOUT]: [STALLWATCH] "Worker-Main-6" id=69 state=WAITING daemon=true
[21:04:17] [coreswap-stallwatch/INFO] (Minecraft) [STDOUT]: [STALLWATCH]     at java.base@17.0.12/jdk.internal.misc.Unsafe.park(Native Method)
[21:04:17] [coreswap-stallwatch/INFO] (Minecraft) [STDOUT]: [STALLWATCH]     at java.base@17.0.12/java.util.concurrent.locks.LockSupport.park(LockSupport.java:341)
[21:04:17] [coreswap-stallwatch/INFO] (Minecraft) [STDOUT]: [STALLWATCH]     at java.base@17.0.12/java.util.concurrent.ForkJoinPool.awaitWork(ForkJoinPool.java:1724)
[21:04:17] [coreswap-stallwatch/INFO] (Minecraft) [STDOUT]: [STALLWATCH]     at java.base@17.0.12/java.util.concurrent.ForkJoinPool.runWorker(ForkJoinPool.java:1623)
[21:04:17] [coreswap-stallwatch/INFO] (Minecraft) [STDOUT]: [STALLWATCH]     at java.base@17.0.12/java.util.concurrent.ForkJoinWorkerThread.run(ForkJoinWorkerThread.java:165)
[21:04:17] [coreswap-stallwatch/INFO] (Minecraft) [STDOUT]: [STALLWATCH] "Reference Handler" id=2 state=RUNNABLE daemon=true
[21:04:17] [coreswap-stallwatch/INFO] (Minecraft) [STDOUT]: [STALLWATCH]     at java.base@17.0.12/java.lang.ref.Reference.waitForReferencePendingList(Native Method)
[21:04:17] [coreswap-stallwatch/INFO] (Minecraft) [STDOUT]: [STALLWATCH]     at java.base@17.0.12/java.lang.ref.Reference.processPendingReferences(Reference.java:253)
[21:04:17] [coreswap-stallwatch/INFO] (Minecraft) [STDOUT]: [STALLWATCH]     at java.base@17.0.12/java.lang.ref.Reference$ReferenceHandler.run(Reference.java:215)
[21:04:17] [coreswap-stallwatch/INFO] (Minecraft) [STDOUT]: [STALLWATCH] "RCON Listener #1" id=98 state=RUNNABLE daemon=false
[21:04:17] [coreswap-stallwatch/INFO] (Minecraft) [STDOUT]: [STALLWATCH]     at java.base@17.0.12/sun.nio.ch.Net.poll(Native Method)
[21:04:17] [coreswap-stallwatch/INFO] (Minecraft) [STDOUT]: [STALLWATCH]     at java.base@17.0.12/sun.nio.ch.NioSocketImpl.park(NioSocketImpl.java:186)
[21:04:17] [coreswap-stallwatch/INFO] (Minecraft) [STDOUT]: [STALLWATCH]     at java.base@17.0.12/sun.nio.ch.NioSocketImpl.timedAccept(NioSocketImpl.java:715)
[21:04:17] [coreswap-stallwatch/INFO] (Minecraft) [STDOUT]: [STALLWATCH]     at java.base@17.0.12/sun.nio.ch.NioSocketImpl.accept(NioSocketImpl.java:757)
[21:04:17] [coreswap-stallwatch/INFO] (Minecraft) [STDOUT]: [STALLWATCH]     at java.base@17.0.12/java.net.ServerSocket.implAccept(ServerSocket.java:675)
[21:04:17] [coreswap-stallwatch/INFO] (Minecraft) [STDOUT]: [STALLWATCH]     at java.base@17.0.12/java.net.ServerSocket.platformImplAccept(ServerSocket.java:641)
[21:04:17] [coreswap-stallwatch/INFO] (Minecraft) [STDOUT]: [STALLWATCH]     at java.base@17.0.12/java.net.ServerSocket.implAccept(ServerSocket.java:617)
[21:04:17] [coreswap-stallwatch/INFO] (Minecraft) [STDOUT]: [STALLWATCH]     at java.base@17.0.12/java.net.ServerSocket.implAccept(ServerSocket.java:574)
[21:04:17] [coreswap-stallwatch/INFO] (Minecraft) [STDOUT]: [STALLWATCH]     at java.base@17.0.12/java.net.ServerSocket.accept(ServerSocket.java:532)
[21:04:17] [coreswap-stallwatch/INFO] (Minecraft) [STDOUT]: [STALLWATCH]     at net.minecraft.server.rcon.RconListener.run(RconListener.java:38)
[21:04:17] [coreswap-stallwatch/INFO] (Minecraft) [STDOUT]: [STALLWATCH]     at java.base@17.0.12/java.lang.Thread.run(Thread.java:842)
[21:04:17] [coreswap-stallwatch/INFO] (Minecraft) [STDOUT]: [STALLWATCH] "Netty Server IO #0" id=91 state=RUNNABLE daemon=true
[21:04:17] [coreswap-stallwatch/INFO] (Minecraft) [STDOUT]: [STALLWATCH]     at java.base@17.0.12/sun.nio.ch.WEPoll.wait(Native Method)
[21:04:17] [coreswap-stallwatch/INFO] (Minecraft) [STDOUT]: [STALLWATCH]     at java.base@17.0.12/sun.nio.ch.WEPollSelectorImpl.doSelect(WEPollSelectorImpl.java:111)
[21:04:17] [coreswap-stallwatch/INFO] (Minecraft) [STDOUT]: [STALLWATCH]     at java.base@17.0.12/sun.nio.ch.SelectorImpl.lockAndDoSelect(SelectorImpl.java:129)
[21:04:17] [coreswap-stallwatch/INFO] (Minecraft) [STDOUT]: [STALLWATCH]     at java.base@17.0.12/sun.nio.ch.SelectorImpl.select(SelectorImpl.java:146)
[21:04:17] [coreswap-stallwatch/INFO] (Minecraft) [STDOUT]: [STALLWATCH]     at io.netty.channel.nio.SelectedSelectionKeySetSelector.select(SelectedSelectionKeySetSelector.java:68)
[21:04:17] [coreswap-stallwatch/INFO] (Minecraft) [STDOUT]: [STALLWATCH]     at io.netty.channel.nio.NioEventLoop.select(NioEventLoop.java:879)
[21:04:17] [coreswap-stallwatch/INFO] (Minecraft) [STDOUT]: [STALLWATCH]     at io.netty.channel.nio.NioEventLoop.run(NioEventLoop.java:526)
[21:04:17] [coreswap-stallwatch/INFO] (Minecraft) [STDOUT]: [STALLWATCH]     at io.netty.util.concurrent.SingleThreadEventExecutor$4.run(SingleThreadEventExecutor.java:997)
[21:04:17] [coreswap-stallwatch/INFO] (Minecraft) [STDOUT]: [STALLWATCH]     at io.netty.util.internal.ThreadExecutorMap$2.run(ThreadExecutorMap.java:74)
[21:04:17] [coreswap-stallwatch/INFO] (Minecraft) [STDOUT]: [STALLWATCH]     at java.base@17.0.12/java.lang.Thread.run(Thread.java:842)
[21:04:17] [coreswap-stallwatch/INFO] (Minecraft) [STDOUT]: [STALLWATCH] "Worker-Main-9" id=72 state=WAITING daemon=true
[21:04:17] [coreswap-stallwatch/INFO] (Minecraft) [STDOUT]: [STALLWATCH]     at java.base@17.0.12/jdk.internal.misc.Unsafe.park(Native Method)
[21:04:17] [coreswap-stallwatch/INFO] (Minecraft) [STDOUT]: [STALLWATCH]     at java.base@17.0.12/java.util.concurrent.locks.LockSupport.park(LockSupport.java:341)
[21:04:17] [coreswap-stallwatch/INFO] (Minecraft) [STDOUT]: [STALLWATCH]     at java.base@17.0.12/java.util.concurrent.ForkJoinPool.awaitWork(ForkJoinPool.java:1724)
[21:04:17] [coreswap-stallwatch/INFO] (Minecraft) [STDOUT]: [STALLWATCH]     at java.base@17.0.12/java.util.concurrent.ForkJoinPool.runWorker(ForkJoinPool.java:1623)
[21:04:17] [coreswap-stallwatch/INFO] (Minecraft) [STDOUT]: [STALLWATCH]     at java.base@17.0.12/java.util.concurrent.ForkJoinWorkerThread.run(ForkJoinWorkerThread.java:165)
[21:04:17] [coreswap-stallwatch/INFO] (Minecraft) [STDOUT]: [STALLWATCH] "Worker-Main-8" id=71 state=WAITING daemon=true
[21:04:17] [coreswap-stallwatch/INFO] (Minecraft) [STDOUT]: [STALLWATCH]     at java.base@17.0.12/jdk.internal.misc.Unsafe.park(Native Method)
[21:04:17] [coreswap-stallwatch/INFO] (Minecraft) [STDOUT]: [STALLWATCH]     at java.base@17.0.12/java.util.concurrent.locks.LockSupport.park(LockSupport.java:341)
[21:04:17] [coreswap-stallwatch/INFO] (Minecraft) [STDOUT]: [STALLWATCH]     at java.base@17.0.12/java.util.concurrent.ForkJoinPool.awaitWork(ForkJoinPool.java:1724)
[21:04:17] [coreswap-stallwatch/INFO] (Minecraft) [STDOUT]: [STALLWATCH]     at java.base@17.0.12/java.util.concurrent.ForkJoinPool.runWorker(ForkJoinPool.java:1623)
[21:04:17] [coreswap-stallwatch/INFO] (Minecraft) [STDOUT]: [STALLWATCH]     at java.base@17.0.12/java.util.concurrent.ForkJoinWorkerThread.run(ForkJoinWorkerThread.java:165)
[21:04:17] [coreswap-stallwatch/INFO] (Minecraft) [STDOUT]: [STALLWATCH] "Notification Thread" id=21 state=RUNNABLE daemon=true
[21:04:17] [coreswap-stallwatch/INFO] (Minecraft) [STDOUT]: [STALLWATCH] "Worker-Main-11" id=74 state=WAITING daemon=true
[21:04:17] [coreswap-stallwatch/INFO] (Minecraft) [STDOUT]: [STALLWATCH]     at java.base@17.0.12/jdk.internal.misc.Unsafe.park(Native Method)
[21:04:17] [coreswap-stallwatch/INFO] (Minecraft) [STDOUT]: [STALLWATCH]     at java.base@17.0.12/java.util.concurrent.locks.LockSupport.park(LockSupport.java:341)
[21:04:17] [coreswap-stallwatch/INFO] (Minecraft) [STDOUT]: [STALLWATCH]     at java.base@17.0.12/java.util.concurrent.ForkJoinPool.awaitWork(ForkJoinPool.java:1724)
[21:04:17] [coreswap-stallwatch/INFO] (Minecraft) [STDOUT]: [STALLWATCH]     at java.base@17.0.12/java.util.concurrent.ForkJoinPool.runWorker(ForkJoinPool.java:1623)
[21:04:17] [coreswap-stallwatch/INFO] (Minecraft) [STDOUT]: [STALLWATCH]     at java.base@17.0.12/java.util.concurrent.ForkJoinWorkerThread.run(ForkJoinWorkerThread.java:165)
[21:04:17] [coreswap-stallwatch/INFO] (Minecraft) [STDOUT]: [STALLWATCH] "Chunky-minecraft:overworld Thread" id=102 state=WAITING daemon=true
[21:04:17] [coreswap-stallwatch/INFO] (Minecraft) [STDOUT]: [STALLWATCH]     at java.base@17.0.12/jdk.internal.misc.Unsafe.park(Native Method)
[21:04:17] [coreswap-stallwatch/INFO] (Minecraft) [STDOUT]: [STALLWATCH]     at java.base@17.0.12/java.util.concurrent.locks.LockSupport.park(LockSupport.java:211)
[21:04:17] [coreswap-stallwatch/INFO] (Minecraft) [STDOUT]: [STALLWATCH]     at java.base@17.0.12/java.util.concurrent.locks.AbstractQueuedSynchronizer.acquire(AbstractQueuedSynchronizer.java:715)
[21:04:17] [coreswap-stallwatch/INFO] (Minecraft) [STDOUT]: [STALLWATCH]     at java.base@17.0.12/java.util.concurrent.locks.AbstractQueuedSynchronizer.acquireSharedInterruptibly(AbstractQueuedSynchronizer.java:1047)
[21:04:17] [coreswap-stallwatch/INFO] (Minecraft) [STDOUT]: [STALLWATCH]     at java.base@17.0.12/java.util.concurrent.Semaphore.acquire(Semaphore.java:318)
[21:04:17] [coreswap-stallwatch/INFO] (Minecraft) [STDOUT]: [STALLWATCH]     at org.popcraft.chunky.GenerationTask.run(GenerationTask.java:140)
[21:04:17] [coreswap-stallwatch/INFO] (Minecraft) [STDOUT]: [STALLWATCH]     at java.base@17.0.12/java.util.concurrent.Executors$RunnableAdapter.call(Executors.java:539)
[21:04:17] [coreswap-stallwatch/INFO] (Minecraft) [STDOUT]: [STALLWATCH]     at java.base@17.0.12/java.util.concurrent.FutureTask.run(FutureTask.java:264)
[21:04:17] [coreswap-stallwatch/INFO] (Minecraft) [STDOUT]: [STALLWATCH]     at java.base@17.0.12/java.util.concurrent.ThreadPoolExecutor.runWorker(ThreadPoolExecutor.java:1136)
[21:04:17] [coreswap-stallwatch/INFO] (Minecraft) [STDOUT]: [STALLWATCH]     at java.base@17.0.12/java.util.concurrent.ThreadPoolExecutor$Worker.run(ThreadPoolExecutor.java:635)
[21:04:17] [coreswap-stallwatch/INFO] (Minecraft) [STDOUT]: [STALLWATCH]     at java.base@17.0.12/java.lang.Thread.run(Thread.java:842)
[21:04:17] [coreswap-stallwatch/INFO] (Minecraft) [STDOUT]: [STALLWATCH] "Worker-Main-13" id=76 state=WAITING daemon=true
[21:04:17] [coreswap-stallwatch/INFO] (Minecraft) [STDOUT]: [STALLWATCH]     at java.base@17.0.12/jdk.internal.misc.Unsafe.park(Native Method)
[21:04:17] [coreswap-stallwatch/INFO] (Minecraft) [STDOUT]: [STALLWATCH]     at java.base@17.0.12/java.util.concurrent.locks.LockSupport.park(LockSupport.java:341)
[21:04:17] [coreswap-stallwatch/INFO] (Minecraft) [STDOUT]: [STALLWATCH]     at java.base@17.0.12/java.util.concurrent.ForkJoinPool.awaitWork(ForkJoinPool.java:1724)
[21:04:17] [coreswap-stallwatch/INFO] (Minecraft) [STDOUT]: [STALLWATCH]     at java.base@17.0.12/java.util.concurrent.ForkJoinPool.runWorker(ForkJoinPool.java:1623)
[21:04:17] [coreswap-stallwatch/INFO] (Minecraft) [STDOUT]: [STALLWATCH]     at java.base@17.0.12/java.util.concurrent.ForkJoinWorkerThread.run(ForkJoinWorkerThread.java:165)
[21:04:17] [coreswap-stallwatch/INFO] (Minecraft) [STDOUT]: [STALLWATCH] "Yggdrasil Key Fetcher" id=61 state=TIMED_WAITING daemon=true
[21:04:17] [coreswap-stallwatch/INFO] (Minecraft) [STDOUT]: [STALLWATCH]     at java.base@17.0.12/jdk.internal.misc.Unsafe.park(Native Method)
[21:04:17] [coreswap-stallwatch/INFO] (Minecraft) [STDOUT]: [STALLWATCH]     at java.base@17.0.12/java.util.concurrent.locks.LockSupport.parkNanos(LockSupport.java:252)
[21:04:17] [coreswap-stallwatch/INFO] (Minecraft) [STDOUT]: [STALLWATCH]     at java.base@17.0.12/java.util.concurrent.locks.AbstractQueuedSynchronizer$ConditionObject.awaitNanos(AbstractQueuedSynchronizer.java:1672)
[21:04:17] [coreswap-stallwatch/INFO] (Minecraft) [STDOUT]: [STALLWATCH]     at java.base@17.0.12/java.util.concurrent.ScheduledThreadPoolExecutor$DelayedWorkQueue.take(ScheduledThreadPoolExecutor.java:1182)
[21:04:17] [coreswap-stallwatch/INFO] (Minecraft) [STDOUT]: [STALLWATCH]     at java.base@17.0.12/java.util.concurrent.ScheduledThreadPoolExecutor$DelayedWorkQueue.take(ScheduledThreadPoolExecutor.java:899)
[21:04:17] [coreswap-stallwatch/INFO] (Minecraft) [STDOUT]: [STALLWATCH]     at java.base@17.0.12/java.util.concurrent.ThreadPoolExecutor.getTask(ThreadPoolExecutor.java:1062)
[21:04:17] [coreswap-stallwatch/INFO] (Minecraft) [STDOUT]: [STALLWATCH]     at java.base@17.0.12/java.util.concurrent.ThreadPoolExecutor.runWorker(ThreadPoolExecutor.java:1122)
[21:04:17] [coreswap-stallwatch/INFO] (Minecraft) [STDOUT]: [STALLWATCH]     at java.base@17.0.12/java.util.concurrent.ThreadPoolExecutor$Worker.run(ThreadPoolExecutor.java:635)
[21:04:17] [coreswap-stallwatch/INFO] (Minecraft) [STDOUT]: [STALLWATCH]     at java.base@17.0.12/java.lang.Thread.run(Thread.java:842)
[21:04:17] [coreswap-stallwatch/INFO] (Minecraft) [STDOUT]: [STALLWATCH] "Worker-Main-23" id=86 state=WAITING daemon=true
[21:04:17] [coreswap-stallwatch/INFO] (Minecraft) [STDOUT]: [STALLWATCH]     at java.base@17.0.12/jdk.internal.misc.Unsafe.park(Native Method)
[21:04:17] [coreswap-stallwatch/INFO] (Minecraft) [STDOUT]: [STALLWATCH]     at java.base@17.0.12/java.util.concurrent.locks.LockSupport.park(LockSupport.java:341)
[21:04:17] [coreswap-stallwatch/INFO] (Minecraft) [STDOUT]: [STALLWATCH]     at java.base@17.0.12/java.util.concurrent.ForkJoinPool.awaitWork(ForkJoinPool.java:1724)
[21:04:17] [coreswap-stallwatch/INFO] (Minecraft) [STDOUT]: [STALLWATCH]     at java.base@17.0.12/java.util.concurrent.ForkJoinPool.runWorker(ForkJoinPool.java:1623)
[21:04:17] [coreswap-stallwatch/INFO] (Minecraft) [STDOUT]: [STALLWATCH]     at java.base@17.0.12/java.util.concurrent.ForkJoinWorkerThread.run(ForkJoinWorkerThread.java:165)
[21:04:17] [coreswap-stallwatch/INFO] (Minecraft) [STDOUT]: [STALLWATCH] "IO-Worker-25" id=93 state=TIMED_WAITING daemon=false
[21:04:17] [coreswap-stallwatch/INFO] (Minecraft) [STDOUT]: [STALLWATCH]     at java.base@17.0.12/jdk.internal.misc.Unsafe.park(Native Method)
[21:04:17] [coreswap-stallwatch/INFO] (Minecraft) [STDOUT]: [STALLWATCH]     at java.base@17.0.12/java.util.concurrent.locks.LockSupport.parkNanos(LockSupport.java:252)
[21:04:17] [coreswap-stallwatch/INFO] (Minecraft) [STDOUT]: [STALLWATCH]     at java.base@17.0.12/java.util.concurrent.SynchronousQueue$TransferStack.transfer(SynchronousQueue.java:401)
[21:04:17] [coreswap-stallwatch/INFO] (Minecraft) [STDOUT]: [STALLWATCH]     at java.base@17.0.12/java.util.concurrent.SynchronousQueue.poll(SynchronousQueue.java:903)
[21:04:17] [coreswap-stallwatch/INFO] (Minecraft) [STDOUT]: [STALLWATCH]     at java.base@17.0.12/java.util.concurrent.ThreadPoolExecutor.getTask(ThreadPoolExecutor.java:1061)
[21:04:17] [coreswap-stallwatch/INFO] (Minecraft) [STDOUT]: [STALLWATCH]     at java.base@17.0.12/java.util.concurrent.ThreadPoolExecutor.runWorker(ThreadPoolExecutor.java:1122)
[21:04:17] [coreswap-stallwatch/INFO] (Minecraft) [STDOUT]: [STALLWATCH]     at java.base@17.0.12/java.util.concurrent.ThreadPoolExecutor$Worker.run(ThreadPoolExecutor.java:635)
[21:04:17] [coreswap-stallwatch/INFO] (Minecraft) [STDOUT]: [STALLWATCH]     at java.base@17.0.12/java.lang.Thread.run(Thread.java:842)
[21:04:17] [coreswap-stallwatch/INFO] (Minecraft) [STDOUT]: [STALLWATCH] === end ===
[21:04:21] [Worker-Main-5/INFO] (Minecraft) [STDOUT]: [CHUNKTIME] n=3840 perChunk(ms): mixin=48.60 gap=1139.07 | sumMixin=186.6s sumGap=4374.0s | inflight max=1 now=1
[21:04:23] [RCON Listener #1/INFO] (Minecraft) Thread RCON Client /127.0.0.1 started
[21:04:23] [RCON Client /127.0.0.1 #17/INFO] (Minecraft) Thread RCON Client /127.0.0.1 shutting down
[21:04:27] [Server thread/INFO] (Minecraft) [Chunky] Task running for minecraft:overworld. Processed: 3758 chunks (88.95%), ETA: 0:00:17, Rate: 26.6 cps, Current: 14, 22
[21:04:37] [Worker-Main-8/INFO] (Minecraft) [STDOUT]: [CHUNKTIME] n=4096 perChunk(ms): mixin=49.05 gap=1156.63 | sumMixin=200.9s sumGap=4737.5s | inflight max=1 now=1
[21:04:37] [Server thread/INFO] (Minecraft) [Chunky] Task running for minecraft:overworld. Processed: 4181 chunks (98.96%), ETA: 0:00:01, Rate: 34.8 cps, Current: 27, 29
[21:04:39] [Server thread/INFO] (Minecraft) [Chunky] Task finished for minecraft:overworld. Processed: 4225 chunks (100.00%), Total time: 0:03:42
[21:04:47] [coreswap-stallwatch/INFO] (Minecraft) [STDOUT]: [STALLWATCH] === thread dump @ Thu Sep 10 21:04:47 HKT 2026 (interval=30s) ===
[21:04:47] [coreswap-stallwatch/INFO] (Minecraft) [STDOUT]: [STALLWATCH] "Worker-Main-12" id=75 state=WAITING daemon=true
[21:04:47] [coreswap-stallwatch/INFO] (Minecraft) [STDOUT]: [STALLWATCH]     at java.base@17.0.12/jdk.internal.misc.Unsafe.park(Native Method)
[21:04:47] [coreswap-stallwatch/INFO] (Minecraft) [STDOUT]: [STALLWATCH]     at java.base@17.0.12/java.util.concurrent.locks.LockSupport.park(LockSupport.java:341)
[21:04:47] [coreswap-stallwatch/INFO] (Minecraft) [STDOUT]: [STALLWATCH]     at java.base@17.0.12/java.util.concurrent.ForkJoinPool.awaitWork(ForkJoinPool.java:1724)
[21:04:47] [coreswap-stallwatch/INFO] (Minecraft) [STDOUT]: [STALLWATCH]     at java.base@17.0.12/java.util.concurrent.ForkJoinPool.runWorker(ForkJoinPool.java:1623)
[21:04:47] [coreswap-stallwatch/INFO] (Minecraft) [STDOUT]: [STALLWATCH]     at java.base@17.0.12/java.util.concurrent.ForkJoinWorkerThread.run(ForkJoinWorkerThread.java:165)
[21:04:47] [coreswap-stallwatch/INFO] (Minecraft) [STDOUT]: [STALLWATCH] "Worker-Main-16" id=79 state=WAITING daemon=true
[21:04:47] [coreswap-stallwatch/INFO] (Minecraft) [STDOUT]: [STALLWATCH]     at java.base@17.0.12/jdk.internal.misc.Unsafe.park(Native Method)
[21:04:47] [coreswap-stallwatch/INFO] (Minecraft) [STDOUT]: [STALLWATCH]     at java.base@17.0.12/java.util.concurrent.locks.LockSupport.park(LockSupport.java:341)
[21:04:47] [coreswap-stallwatch/INFO] (Minecraft) [STDOUT]: [STALLWATCH]     at java.base@17.0.12/java.util.concurrent.ForkJoinPool.awaitWork(ForkJoinPool.java:1724)
[21:04:47] [coreswap-stallwatch/INFO] (Minecraft) [STDOUT]: [STALLWATCH]     at java.base@17.0.12/java.util.concurrent.ForkJoinPool.runWorker(ForkJoinPool.java:1623)
[21:04:47] [coreswap-stallwatch/INFO] (Minecraft) [STDOUT]: [STALLWATCH]     at java.base@17.0.12/java.util.concurrent.ForkJoinWorkerThread.run(ForkJoinWorkerThread.java:165)
[21:04:47] [coreswap-stallwatch/INFO] (Minecraft) [STDOUT]: [STALLWATCH] "Worker-Main-21" id=84 state=WAITING daemon=true
[21:04:47] [coreswap-stallwatch/INFO] (Minecraft) [STDOUT]: [STALLWATCH]     at java.base@17.0.12/jdk.internal.misc.Unsafe.park(Native Method)
[21:04:47] [coreswap-stallwatch/INFO] (Minecraft) [STDOUT]: [STALLWATCH]     at java.base@17.0.12/java.util.concurrent.locks.LockSupport.park(LockSupport.java:341)
[21:04:47] [coreswap-stallwatch/INFO] (Minecraft) [STDOUT]: [STALLWATCH]     at java.base@17.0.12/java.util.concurrent.ForkJoinPool.awaitWork(ForkJoinPool.java:1724)
[21:04:47] [coreswap-stallwatch/INFO] (Minecraft) [STDOUT]: [STALLWATCH]     at java.base@17.0.12/java.util.concurrent.ForkJoinPool.runWorker(ForkJoinPool.java:1623)
[21:04:47] [coreswap-stallwatch/INFO] (Minecraft) [STDOUT]: [STALLWATCH]     at java.base@17.0.12/java.util.concurrent.ForkJoinWorkerThread.run(ForkJoinWorkerThread.java:165)
[21:04:47] [coreswap-stallwatch/INFO] (Minecraft) [STDOUT]: [STALLWATCH] "Worker-Main-5" id=68 state=WAITING daemon=true
[21:04:47] [coreswap-stallwatch/INFO] (Minecraft) [STDOUT]: [STALLWATCH]     at java.base@17.0.12/jdk.internal.misc.Unsafe.park(Native Method)
[21:04:47] [coreswap-stallwatch/INFO] (Minecraft) [STDOUT]: [STALLWATCH]     at java.base@17.0.12/java.util.concurrent.locks.LockSupport.park(LockSupport.java:341)
[21:04:47] [coreswap-stallwatch/INFO] (Minecraft) [STDOUT]: [STALLWATCH]     at java.base@17.0.12/java.util.concurrent.ForkJoinPool.awaitWork(ForkJoinPool.java:1724)
[21:04:47] [coreswap-stallwatch/INFO] (Minecraft) [STDOUT]: [STALLWATCH]     at java.base@17.0.12/java.util.concurrent.ForkJoinPool.runWorker(ForkJoinPool.java:1623)
[21:04:47] [coreswap-stallwatch/INFO] (Minecraft) [STDOUT]: [STALLWATCH]     at java.base@17.0.12/java.util.concurrent.ForkJoinWorkerThread.run(ForkJoinWorkerThread.java:165)
[21:04:47] [coreswap-stallwatch/INFO] (Minecraft) [STDOUT]: [STALLWATCH] "Worker-Main-15" id=78 state=WAITING daemon=true
[21:04:47] [coreswap-stallwatch/INFO] (Minecraft) [STDOUT]: [STALLWATCH]     at java.base@17.0.12/jdk.internal.misc.Unsafe.park(Native Method)
[21:04:47] [coreswap-stallwatch/INFO] (Minecraft) [STDOUT]: [STALLWATCH]     at java.base@17.0.12/java.util.concurrent.locks.LockSupport.park(LockSupport.java:341)
[21:04:47] [coreswap-stallwatch/INFO] (Minecraft) [STDOUT]: [STALLWATCH]     at java.base@17.0.12/java.util.concurrent.ForkJoinPool.awaitWork(ForkJoinPool.java:1724)
[21:04:47] [coreswap-stallwatch/INFO] (Minecraft) [STDOUT]: [STALLWATCH]     at java.base@17.0.12/java.util.concurrent.ForkJoinPool.runWorker(ForkJoinPool.java:1623)
[21:04:47] [coreswap-stallwatch/INFO] (Minecraft) [STDOUT]: [STALLWATCH]     at java.base@17.0.12/java.util.concurrent.ForkJoinWorkerThread.run(ForkJoinWorkerThread.java:165)
[21:04:47] [coreswap-stallwatch/INFO] (Minecraft) [STDOUT]: [STALLWATCH] "Common-Cleaner" id=22 state=TIMED_WAITING daemon=true
[21:04:47] [coreswap-stallwatch/INFO] (Minecraft) [STDOUT]: [STALLWATCH]     at java.base@17.0.12/java.lang.Object.wait(Native Method)
[21:04:47] [coreswap-stallwatch/INFO] (Minecraft) [STDOUT]: [STALLWATCH]     at java.base@17.0.12/java.lang.ref.ReferenceQueue.remove(ReferenceQueue.java:155)
[21:04:47] [coreswap-stallwatch/INFO] (Minecraft) [STDOUT]: [STALLWATCH]     at java.base@17.0.12/jdk.internal.ref.CleanerImpl.run(CleanerImpl.java:140)
[21:04:47] [coreswap-stallwatch/INFO] (Minecraft) [STDOUT]: [STALLWATCH]     at java.base@17.0.12/java.lang.Thread.run(Thread.java:842)
[21:04:47] [coreswap-stallwatch/INFO] (Minecraft) [STDOUT]: [STALLWATCH]     at java.base@17.0.12/jdk.internal.misc.InnocuousThread.run(InnocuousThread.java:162)
[21:04:47] [coreswap-stallwatch/INFO] (Minecraft) [STDOUT]: [STALLWATCH] "coreswap-stallwatch" id=99 state=RUNNABLE daemon=true
[21:04:47] [coreswap-stallwatch/INFO] (Minecraft) [STDOUT]: [STALLWATCH]     at java.base@17.0.12/java.lang.Thread.dumpThreads(Native Method)
[21:04:47] [coreswap-stallwatch/INFO] (Minecraft) [STDOUT]: [STALLWATCH]     at java.base@17.0.12/java.lang.Thread.getAllStackTraces(Thread.java:1673)
[21:04:47] [coreswap-stallwatch/INFO] (Minecraft) [STDOUT]: [STALLWATCH]     at wg.bench.StallWatch.lambda$start$0(StallWatch.java:41)
[21:04:47] [coreswap-stallwatch/INFO] (Minecraft) [STDOUT]: [STALLWATCH]     at wg.bench.StallWatch$$Lambda$5847/0x000001fc99c2dad8.run(Unknown Source)
[21:04:47] [coreswap-stallwatch/INFO] (Minecraft) [STDOUT]: [STALLWATCH]     at java.base@17.0.12/java.lang.Thread.run(Thread.java:842)
[21:04:47] [coreswap-stallwatch/INFO] (Minecraft) [STDOUT]: [STALLWATCH] "Worker-Main-14" id=77 state=WAITING daemon=true
[21:04:47] [coreswap-stallwatch/INFO] (Minecraft) [STDOUT]: [STALLWATCH]     at java.base@17.0.12/jdk.internal.misc.Unsafe.park(Native Method)
[21:04:47] [coreswap-stallwatch/INFO] (Minecraft) [STDOUT]: [STALLWATCH]     at java.base@17.0.12/java.util.concurrent.locks.LockSupport.park(LockSupport.java:341)
[21:04:47] [coreswap-stallwatch/INFO] (Minecraft) [STDOUT]: [STALLWATCH]     at java.base@17.0.12/java.util.concurrent.ForkJoinPool.awaitWork(ForkJoinPool.java:1724)
[21:04:47] [coreswap-stallwatch/INFO] (Minecraft) [STDOUT]: [STALLWATCH]     at java.base@17.0.12/java.util.concurrent.ForkJoinPool.runWorker(ForkJoinPool.java:1623)
[21:04:47] [coreswap-stallwatch/INFO] (Minecraft) [STDOUT]: [STALLWATCH]     at java.base@17.0.12/java.util.concurrent.ForkJoinWorkerThread.run(ForkJoinWorkerThread.java:165)
[21:04:47] [coreswap-stallwatch/INFO] (Minecraft) [STDOUT]: [STALLWATCH] "DestroyJavaVM" id=89 state=RUNNABLE daemon=false
[21:04:47] [coreswap-stallwatch/INFO] (Minecraft) [STDOUT]: [STALLWATCH] "IO-Worker-24" id=92 state=TIMED_WAITING daemon=false
[21:04:47] [coreswap-stallwatch/INFO] (Minecraft) [STDOUT]: [STALLWATCH]     at java.base@17.0.12/jdk.internal.misc.Unsafe.park(Native Method)
[21:04:47] [coreswap-stallwatch/INFO] (Minecraft) [STDOUT]: [STALLWATCH]     at java.base@17.0.12/java.util.concurrent.locks.LockSupport.parkNanos(LockSupport.java:252)
[21:04:47] [coreswap-stallwatch/INFO] (Minecraft) [STDOUT]: [STALLWATCH]     at java.base@17.0.12/java.util.concurrent.SynchronousQueue$TransferStack.transfer(SynchronousQueue.java:401)
[21:04:47] [coreswap-stallwatch/INFO] (Minecraft) [STDOUT]: [STALLWATCH]     at java.base@17.0.12/java.util.concurrent.SynchronousQueue.poll(SynchronousQueue.java:903)
[21:04:47] [coreswap-stallwatch/INFO] (Minecraft) [STDOUT]: [STALLWATCH]     at java.base@17.0.12/java.util.concurrent.ThreadPoolExecutor.getTask(ThreadPoolExecutor.java:1061)
[21:04:47] [coreswap-stallwatch/INFO] (Minecraft) [STDOUT]: [STALLWATCH]     at java.base@17.0.12/java.util.concurrent.ThreadPoolExecutor.runWorker(ThreadPoolExecutor.java:1122)
[21:04:47] [coreswap-stallwatch/INFO] (Minecraft) [STDOUT]: [STALLWATCH]     at java.base@17.0.12/java.util.concurrent.ThreadPoolExecutor$Worker.run(ThreadPoolExecutor.java:635)
[21:04:47] [coreswap-stallwatch/INFO] (Minecraft) [STDOUT]: [STALLWATCH]     at java.base@17.0.12/java.lang.Thread.run(Thread.java:842)
[21:04:47] [coreswap-stallwatch/INFO] (Minecraft) [STDOUT]: [STALLWATCH] "Thread-8" id=101 state=TIMED_WAITING daemon=true
[21:04:47] [coreswap-stallwatch/INFO] (Minecraft) [STDOUT]: [STALLWATCH]     at java.base@17.0.12/jdk.internal.misc.Unsafe.park(Native Method)
[21:04:47] [coreswap-stallwatch/INFO] (Minecraft) [STDOUT]: [STALLWATCH]     at java.base@17.0.12/java.util.concurrent.locks.LockSupport.parkNanos(LockSupport.java:252)
[21:04:47] [coreswap-stallwatch/INFO] (Minecraft) [STDOUT]: [STALLWATCH]     at java.base@17.0.12/java.util.concurrent.SynchronousQueue$TransferStack.transfer(SynchronousQueue.java:401)
[21:04:47] [coreswap-stallwatch/INFO] (Minecraft) [STDOUT]: [STALLWATCH]     at java.base@17.0.12/java.util.concurrent.SynchronousQueue.poll(SynchronousQueue.java:903)
[21:04:47] [coreswap-stallwatch/INFO] (Minecraft) [STDOUT]: [STALLWATCH]     at java.base@17.0.12/java.util.concurrent.ThreadPoolExecutor.getTask(ThreadPoolExecutor.java:1061)
[21:04:47] [coreswap-stallwatch/INFO] (Minecraft) [STDOUT]: [STALLWATCH]     at java.base@17.0.12/java.util.concurrent.ThreadPoolExecutor.runWorker(ThreadPoolExecutor.java:1122)
[21:04:47] [coreswap-stallwatch/INFO] (Minecraft) [STDOUT]: [STALLWATCH]     at java.base@17.0.12/java.util.concurrent.ThreadPoolExecutor$Worker.run(ThreadPoolExecutor.java:635)
[21:04:47] [coreswap-stallwatch/INFO] (Minecraft) [STDOUT]: [STALLWATCH]     at java.base@17.0.12/java.lang.Thread.run(Thread.java:842)
[21:04:47] [coreswap-stallwatch/INFO] (Minecraft) [STDOUT]: [STALLWATCH] "Server thread" id=87 state=TIMED_WAITING daemon=false
[21:04:47] [coreswap-stallwatch/INFO] (Minecraft) [STDOUT]: [STALLWATCH]     at java.base@17.0.12/jdk.internal.misc.Unsafe.park(Native Method)
[21:04:47] [coreswap-stallwatch/INFO] (Minecraft) [STDOUT]: [STALLWATCH]     at java.base@17.0.12/java.util.concurrent.locks.LockSupport.parkNanos(LockSupport.java:252)
[21:04:47] [coreswap-stallwatch/INFO] (Minecraft) [STDOUT]: [STALLWATCH]     at net.minecraft.util.thread.ThreadExecutor.waitForTasks(ThreadExecutor.java:133)
[21:04:47] [coreswap-stallwatch/INFO] (Minecraft) [STDOUT]: [STALLWATCH]     at net.minecraft.util.thread.ThreadExecutor.runTasks(ThreadExecutor.java:123)
[21:04:47] [coreswap-stallwatch/INFO] (Minecraft) [STDOUT]: [STALLWATCH]     at net.minecraft.server.MinecraftServer.runTasksTillTickEnd(MinecraftServer.java:788)
[21:04:47] [coreswap-stallwatch/INFO] (Minecraft) [STDOUT]: [STALLWATCH]     at net.minecraft.server.MinecraftServer.runServer(MinecraftServer.java:726)
[21:04:47] [coreswap-stallwatch/INFO] (Minecraft) [STDOUT]: [STALLWATCH]     at net.minecraft.server.MinecraftServer.method_29739(MinecraftServer.java:267)
[21:04:47] [coreswap-stallwatch/INFO] (Minecraft) [STDOUT]: [STALLWATCH]     at net.minecraft.server.MinecraftServer$$Lambda$5103/0x000001fc99ad8928.run(Unknown Source)
[21:04:47] [coreswap-stallwatch/INFO] (Minecraft) [STDOUT]: [STALLWATCH]     at java.base@17.0.12/java.lang.Thread.run(Thread.java:842)
[21:04:47] [coreswap-stallwatch/INFO] (Minecraft) [STDOUT]: [STALLWATCH] "Attach Listener" id=5 state=RUNNABLE daemon=true
[21:04:47] [coreswap-stallwatch/INFO] (Minecraft) [STDOUT]: [STALLWATCH] "Worker-Main-2" id=65 state=WAITING daemon=true
[21:04:47] [coreswap-stallwatch/INFO] (Minecraft) [STDOUT]: [STALLWATCH]     at java.base@17.0.12/jdk.internal.misc.Unsafe.park(Native Method)
[21:04:47] [coreswap-stallwatch/INFO] (Minecraft) [STDOUT]: [STALLWATCH]     at java.base@17.0.12/java.util.concurrent.locks.LockSupport.park(LockSupport.java:341)
[21:04:47] [coreswap-stallwatch/INFO] (Minecraft) [STDOUT]: [STALLWATCH]     at java.base@17.0.12/java.util.concurrent.ForkJoinPool.awaitWork(ForkJoinPool.java:1724)
[21:04:47] [coreswap-stallwatch/INFO] (Minecraft) [STDOUT]: [STALLWATCH]     at java.base@17.0.12/java.util.concurrent.ForkJoinPool.runWorker(ForkJoinPool.java:1623)
[21:04:47] [coreswap-stallwatch/INFO] (Minecraft) [STDOUT]: [STALLWATCH]     at java.base@17.0.12/java.util.concurrent.ForkJoinWorkerThread.run(ForkJoinWorkerThread.java:165)
[21:04:47] [coreswap-stallwatch/INFO] (Minecraft) [STDOUT]: [STALLWATCH] "Worker-Main-19" id=82 state=WAITING daemon=true
[21:04:47] [coreswap-stallwatch/INFO] (Minecraft) [STDOUT]: [STALLWATCH]     at java.base@17.0.12/jdk.internal.misc.Unsafe.park(Native Method)
[21:04:47] [coreswap-stallwatch/INFO] (Minecraft) [STDOUT]: [STALLWATCH]     at java.base@17.0.12/java.util.concurrent.locks.LockSupport.park(LockSupport.java:341)
[21:04:47] [coreswap-stallwatch/INFO] (Minecraft) [STDOUT]: [STALLWATCH]     at java.base@17.0.12/java.util.concurrent.ForkJoinPool.awaitWork(ForkJoinPool.java:1724)
[21:04:47] [coreswap-stallwatch/INFO] (Minecraft) [STDOUT]: [STALLWATCH]     at java.base@17.0.12/java.util.concurrent.ForkJoinPool.runWorker(ForkJoinPool.java:1623)
[21:04:47] [coreswap-stallwatch/INFO] (Minecraft) [STDOUT]: [STALLWATCH]     at java.base@17.0.12/java.util.concurrent.ForkJoinWorkerThread.run(ForkJoinWorkerThread.java:165)
[21:04:47] [coreswap-stallwatch/INFO] (Minecraft) [STDOUT]: [STALLWATCH] "Worker-Main-1" id=64 state=WAITING daemon=true
[21:04:47] [coreswap-stallwatch/INFO] (Minecraft) [STDOUT]: [STALLWATCH]     at java.base@17.0.12/jdk.internal.misc.Unsafe.park(Native Method)
[21:04:47] [coreswap-stallwatch/INFO] (Minecraft) [STDOUT]: [STALLWATCH]     at java.base@17.0.12/java.util.concurrent.locks.LockSupport.park(LockSupport.java:341)
[21:04:47] [coreswap-stallwatch/INFO] (Minecraft) [STDOUT]: [STALLWATCH]     at java.base@17.0.12/java.util.concurrent.ForkJoinPool.awaitWork(ForkJoinPool.java:1724)
[21:04:47] [coreswap-stallwatch/INFO] (Minecraft) [STDOUT]: [STALLWATCH]     at java.base@17.0.12/java.util.concurrent.ForkJoinPool.runWorker(ForkJoinPool.java:1623)
[21:04:47] [coreswap-stallwatch/INFO] (Minecraft) [STDOUT]: [STALLWATCH]     at java.base@17.0.12/java.util.concurrent.ForkJoinWorkerThread.run(ForkJoinWorkerThread.java:165)
[21:04:47] [coreswap-stallwatch/INFO] (Minecraft) [STDOUT]: [STALLWATCH] "Signal Dispatcher" id=4 state=RUNNABLE daemon=true
[21:04:47] [coreswap-stallwatch/INFO] (Minecraft) [STDOUT]: [STALLWATCH] "Timer hack thread" id=60 state=TIMED_WAITING daemon=true
[21:04:47] [coreswap-stallwatch/INFO] (Minecraft) [STDOUT]: [STALLWATCH]     at java.base@17.0.12/java.lang.Thread.sleep(Native Method)
[21:04:47] [coreswap-stallwatch/INFO] (Minecraft) [STDOUT]: [STALLWATCH]     at net.minecraft.util.Util$9.run(Util.java:863)
[21:04:47] [coreswap-stallwatch/INFO] (Minecraft) [STDOUT]: [STALLWATCH] "Worker-Main-4" id=67 state=WAITING daemon=true
[21:04:47] [coreswap-stallwatch/INFO] (Minecraft) [STDOUT]: [STALLWATCH]     at java.base@17.0.12/jdk.internal.misc.Unsafe.park(Native Method)
[21:04:47] [coreswap-stallwatch/INFO] (Minecraft) [STDOUT]: [STALLWATCH]     at java.base@17.0.12/java.util.concurrent.locks.LockSupport.park(LockSupport.java:341)
[21:04:47] [coreswap-stallwatch/INFO] (Minecraft) [STDOUT]: [STALLWATCH]     at java.base@17.0.12/java.util.concurrent.ForkJoinPool.awaitWork(ForkJoinPool.java:1724)
[21:04:47] [coreswap-stallwatch/INFO] (Minecraft) [STDOUT]: [STALLWATCH]     at java.base@17.0.12/java.util.concurrent.ForkJoinPool.runWorker(ForkJoinPool.java:1623)
[21:04:47] [coreswap-stallwatch/INFO] (Minecraft) [STDOUT]: [STALLWATCH]     at java.base@17.0.12/java.util.concurrent.ForkJoinWorkerThread.run(ForkJoinWorkerThread.java:165)
[21:04:47] [coreswap-stallwatch/INFO] (Minecraft) [STDOUT]: [STALLWATCH] "Worker-Main-18" id=81 state=WAITING daemon=true
[21:04:47] [coreswap-stallwatch/INFO] (Minecraft) [STDOUT]: [STALLWATCH]     at java.base@17.0.12/jdk.internal.misc.Unsafe.park(Native Method)
[21:04:47] [coreswap-stallwatch/INFO] (Minecraft) [STDOUT]: [STALLWATCH]     at java.base@17.0.12/java.util.concurrent.locks.LockSupport.park(LockSupport.java:341)
[21:04:47] [coreswap-stallwatch/INFO] (Minecraft) [STDOUT]: [STALLWATCH]     at java.base@17.0.12/java.util.concurrent.ForkJoinPool.awaitWork(ForkJoinPool.java:1724)
[21:04:47] [coreswap-stallwatch/INFO] (Minecraft) [STDOUT]: [STALLWATCH]     at java.base@17.0.12/java.util.concurrent.ForkJoinPool.runWorker(ForkJoinPool.java:1623)
[21:04:47] [coreswap-stallwatch/INFO] (Minecraft) [STDOUT]: [STALLWATCH]     at java.base@17.0.12/java.util.concurrent.ForkJoinWorkerThread.run(ForkJoinWorkerThread.java:165)
[21:04:47] [coreswap-stallwatch/INFO] (Minecraft) [STDOUT]: [STALLWATCH] "Worker-Main-3" id=66 state=WAITING daemon=true
[21:04:47] [coreswap-stallwatch/INFO] (Minecraft) [STDOUT]: [STALLWATCH]     at java.base@17.0.12/jdk.internal.misc.Unsafe.park(Native Method)
[21:04:47] [coreswap-stallwatch/INFO] (Minecraft) [STDOUT]: [STALLWATCH]     at java.base@17.0.12/java.util.concurrent.locks.LockSupport.park(LockSupport.java:341)
[21:04:47] [coreswap-stallwatch/INFO] (Minecraft) [STDOUT]: [STALLWATCH]     at java.base@17.0.12/java.util.concurrent.ForkJoinPool.awaitWork(ForkJoinPool.java:1724)
[21:04:47] [coreswap-stallwatch/INFO] (Minecraft) [STDOUT]: [STALLWATCH]     at java.base@17.0.12/java.util.concurrent.ForkJoinPool.runWorker(ForkJoinPool.java:1623)
[21:04:47] [coreswap-stallwatch/INFO] (Minecraft) [STDOUT]: [STALLWATCH]     at java.base@17.0.12/java.util.concurrent.ForkJoinWorkerThread.run(ForkJoinWorkerThread.java:165)
[21:04:47] [coreswap-stallwatch/INFO] (Minecraft) [STDOUT]: [STALLWATCH] "Worker-Main-20" id=83 state=WAITING daemon=true
[21:04:47] [coreswap-stallwatch/INFO] (Minecraft) [STDOUT]: [STALLWATCH]     at java.base@17.0.12/jdk.internal.misc.Unsafe.park(Native Method)
[21:04:47] [coreswap-stallwatch/INFO] (Minecraft) [STDOUT]: [STALLWATCH]     at java.base@17.0.12/java.util.concurrent.locks.LockSupport.park(LockSupport.java:341)
[21:04:47] [coreswap-stallwatch/INFO] (Minecraft) [STDOUT]: [STALLWATCH]     at java.base@17.0.12/java.util.concurrent.ForkJoinPool.awaitWork(ForkJoinPool.java:1724)
[21:04:47] [coreswap-stallwatch/INFO] (Minecraft) [STDOUT]: [STALLWATCH]     at java.base@17.0.12/java.util.concurrent.ForkJoinPool.runWorker(ForkJoinPool.java:1623)
[21:04:47] [coreswap-stallwatch/INFO] (Minecraft) [STDOUT]: [STALLWATCH]     at java.base@17.0.12/java.util.concurrent.ForkJoinWorkerThread.run(ForkJoinWorkerThread.java:165)
[21:04:47] [coreswap-stallwatch/INFO] (Minecraft) [STDOUT]: [STALLWATCH] "Worker-Main-10" id=73 state=WAITING daemon=true
[21:04:47] [coreswap-stallwatch/INFO] (Minecraft) [STDOUT]: [STALLWATCH]     at java.base@17.0.12/jdk.internal.misc.Unsafe.park(Native Method)
[21:04:47] [coreswap-stallwatch/INFO] (Minecraft) [STDOUT]: [STALLWATCH]     at java.base@17.0.12/java.util.concurrent.locks.LockSupport.park(LockSupport.java:341)
[21:04:47] [coreswap-stallwatch/INFO] (Minecraft) [STDOUT]: [STALLWATCH]     at java.base@17.0.12/java.util.concurrent.ForkJoinPool.awaitWork(ForkJoinPool.java:1724)
[21:04:47] [coreswap-stallwatch/INFO] (Minecraft) [STDOUT]: [STALLWATCH]     at java.base@17.0.12/java.util.concurrent.ForkJoinPool.runWorker(ForkJoinPool.java:1623)
[21:04:47] [coreswap-stallwatch/INFO] (Minecraft) [STDOUT]: [STALLWATCH]     at java.base@17.0.12/java.util.concurrent.ForkJoinWorkerThread.run(ForkJoinWorkerThread.java:165)
[21:04:47] [coreswap-stallwatch/INFO] (Minecraft) [STDOUT]: [STALLWATCH] "Finalizer" id=3 state=WAITING daemon=true
[21:04:47] [coreswap-stallwatch/INFO] (Minecraft) [STDOUT]: [STALLWATCH]     at java.base@17.0.12/java.lang.Object.wait(Native Method)
[21:04:47] [coreswap-stallwatch/INFO] (Minecraft) [STDOUT]: [STALLWATCH]     at java.base@17.0.12/java.lang.ref.ReferenceQueue.remove(ReferenceQueue.java:155)
[21:04:47] [coreswap-stallwatch/INFO] (Minecraft) [STDOUT]: [STALLWATCH]     at java.base@17.0.12/java.lang.ref.ReferenceQueue.remove(ReferenceQueue.java:176)
[21:04:47] [coreswap-stallwatch/INFO] (Minecraft) [STDOUT]: [STALLWATCH]     at java.base@17.0.12/java.lang.ref.Finalizer$FinalizerThread.run(Finalizer.java:172)
[21:04:47] [coreswap-stallwatch/INFO] (Minecraft) [STDOUT]: [STALLWATCH] "Worker-Main-22" id=85 state=WAITING daemon=true
[21:04:47] [coreswap-stallwatch/INFO] (Minecraft) [STDOUT]: [STALLWATCH]     at java.base@17.0.12/jdk.internal.misc.Unsafe.park(Native Method)
[21:04:47] [coreswap-stallwatch/INFO] (Minecraft) [STDOUT]: [STALLWATCH]     at java.base@17.0.12/java.util.concurrent.locks.LockSupport.park(LockSupport.java:341)
[21:04:47] [coreswap-stallwatch/INFO] (Minecraft) [STDOUT]: [STALLWATCH]     at java.base@17.0.12/java.util.concurrent.ForkJoinPool.awaitWork(ForkJoinPool.java:1724)
[21:04:47] [coreswap-stallwatch/INFO] (Minecraft) [STDOUT]: [STALLWATCH]     at java.base@17.0.12/java.util.concurrent.ForkJoinPool.runWorker(ForkJoinPool.java:1623)
[21:04:47] [coreswap-stallwatch/INFO] (Minecraft) [STDOUT]: [STALLWATCH]     at java.base@17.0.12/java.util.concurrent.ForkJoinWorkerThread.run(ForkJoinWorkerThread.java:165)
[21:04:47] [coreswap-stallwatch/INFO] (Minecraft) [STDOUT]: [STALLWATCH] "IO-Worker-26" id=94 state=TIMED_WAITING daemon=false
[21:04:47] [coreswap-stallwatch/INFO] (Minecraft) [STDOUT]: [STALLWATCH]     at java.base@17.0.12/jdk.internal.misc.Unsafe.park(Native Method)
[21:04:47] [coreswap-stallwatch/INFO] (Minecraft) [STDOUT]: [STALLWATCH]     at java.base@17.0.12/java.util.concurrent.locks.LockSupport.parkNanos(LockSupport.java:252)
[21:04:47] [coreswap-stallwatch/INFO] (Minecraft) [STDOUT]: [STALLWATCH]     at java.base@17.0.12/java.util.concurrent.SynchronousQueue$TransferStack.transfer(SynchronousQueue.java:401)
[21:04:47] [coreswap-stallwatch/INFO] (Minecraft) [STDOUT]: [STALLWATCH]     at java.base@17.0.12/java.util.concurrent.SynchronousQueue.poll(SynchronousQueue.java:903)
[21:04:47] [coreswap-stallwatch/INFO] (Minecraft) [STDOUT]: [STALLWATCH]     at java.base@17.0.12/java.util.concurrent.ThreadPoolExecutor.getTask(ThreadPoolExecutor.java:1061)
[21:04:47] [coreswap-stallwatch/INFO] (Minecraft) [STDOUT]: [STALLWATCH]     at java.base@17.0.12/java.util.concurrent.ThreadPoolExecutor.runWorker(ThreadPoolExecutor.java:1122)
[21:04:47] [coreswap-stallwatch/INFO] (Minecraft) [STDOUT]: [STALLWATCH]     at java.base@17.0.12/java.util.concurrent.ThreadPoolExecutor$Worker.run(ThreadPoolExecutor.java:635)
[21:04:47] [coreswap-stallwatch/INFO] (Minecraft) [STDOUT]: [STALLWATCH]     at java.base@17.0.12/java.lang.Thread.run(Thread.java:842)
[21:04:47] [coreswap-stallwatch/INFO] (Minecraft) [STDOUT]: [STALLWATCH] "IO-Worker-28" id=96 state=TIMED_WAITING daemon=false
[21:04:47] [coreswap-stallwatch/INFO] (Minecraft) [STDOUT]: [STALLWATCH]     at java.base@17.0.12/jdk.internal.misc.Unsafe.park(Native Method)
[21:04:47] [coreswap-stallwatch/INFO] (Minecraft) [STDOUT]: [STALLWATCH]     at java.base@17.0.12/java.util.concurrent.locks.LockSupport.parkNanos(LockSupport.java:252)
[21:04:47] [coreswap-stallwatch/INFO] (Minecraft) [STDOUT]: [STALLWATCH]     at java.base@17.0.12/java.util.concurrent.SynchronousQueue$TransferStack.transfer(SynchronousQueue.java:401)
[21:04:47] [coreswap-stallwatch/INFO] (Minecraft) [STDOUT]: [STALLWATCH]     at java.base@17.0.12/java.util.concurrent.SynchronousQueue.poll(SynchronousQueue.java:903)
[21:04:47] [coreswap-stallwatch/INFO] (Minecraft) [STDOUT]: [STALLWATCH]     at java.base@17.0.12/java.util.concurrent.ThreadPoolExecutor.getTask(ThreadPoolExecutor.java:1061)
[21:04:47] [coreswap-stallwatch/INFO] (Minecraft) [STDOUT]: [STALLWATCH]     at java.base@17.0.12/java.util.concurrent.ThreadPoolExecutor.runWorker(ThreadPoolExecutor.java:1122)
[21:04:47] [coreswap-stallwatch/INFO] (Minecraft) [STDOUT]: [STALLWATCH]     at java.base@17.0.12/java.util.concurrent.ThreadPoolExecutor$Worker.run(ThreadPoolExecutor.java:635)
[21:04:47] [coreswap-stallwatch/INFO] (Minecraft) [STDOUT]: [STALLWATCH]     at java.base@17.0.12/java.lang.Thread.run(Thread.java:842)
[21:04:47] [coreswap-stallwatch/INFO] (Minecraft) [STDOUT]: [STALLWATCH] "Thread-7" id=100 state=TIMED_WAITING daemon=true
[21:04:47] [coreswap-stallwatch/INFO] (Minecraft) [STDOUT]: [STALLWATCH]     at java.base@17.0.12/jdk.internal.misc.Unsafe.park(Native Method)
[21:04:47] [coreswap-stallwatch/INFO] (Minecraft) [STDOUT]: [STALLWATCH]     at java.base@17.0.12/java.util.concurrent.locks.LockSupport.parkNanos(LockSupport.java:252)
[21:04:47] [coreswap-stallwatch/INFO] (Minecraft) [STDOUT]: [STALLWATCH]     at java.base@17.0.12/java.util.concurrent.SynchronousQueue$TransferStack.transfer(SynchronousQueue.java:401)
[21:04:47] [coreswap-stallwatch/INFO] (Minecraft) [STDOUT]: [STALLWATCH]     at java.base@17.0.12/java.util.concurrent.SynchronousQueue.poll(SynchronousQueue.java:903)
[21:04:47] [coreswap-stallwatch/INFO] (Minecraft) [STDOUT]: [STALLWATCH]     at java.base@17.0.12/java.util.concurrent.ThreadPoolExecutor.getTask(ThreadPoolExecutor.java:1061)
[21:04:47] [coreswap-stallwatch/INFO] (Minecraft) [STDOUT]: [STALLWATCH]     at java.base@17.0.12/java.util.concurrent.ThreadPoolExecutor.runWorker(ThreadPoolExecutor.java:1122)
[21:04:47] [coreswap-stallwatch/INFO] (Minecraft) [STDOUT]: [STALLWATCH]     at java.base@17.0.12/java.util.concurrent.ThreadPoolExecutor$Worker.run(ThreadPoolExecutor.java:635)
[21:04:47] [coreswap-stallwatch/INFO] (Minecraft) [STDOUT]: [STALLWATCH]     at java.base@17.0.12/java.lang.Thread.run(Thread.java:842)
[21:04:47] [coreswap-stallwatch/INFO] (Minecraft) [STDOUT]: [STALLWATCH] "Worker-Main-17" id=80 state=WAITING daemon=true
[21:04:47] [coreswap-stallwatch/INFO] (Minecraft) [STDOUT]: [STALLWATCH]     at java.base@17.0.12/jdk.internal.misc.Unsafe.park(Native Method)
[21:04:47] [coreswap-stallwatch/INFO] (Minecraft) [STDOUT]: [STALLWATCH]     at java.base@17.0.12/java.util.concurrent.locks.LockSupport.park(LockSupport.java:341)
[21:04:47] [coreswap-stallwatch/INFO] (Minecraft) [STDOUT]: [STALLWATCH]     at java.base@17.0.12/java.util.concurrent.ForkJoinPool.awaitWork(ForkJoinPool.java:1724)
[21:04:47] [coreswap-stallwatch/INFO] (Minecraft) [STDOUT]: [STALLWATCH]     at java.base@17.0.12/java.util.concurrent.ForkJoinPool.runWorker(ForkJoinPool.java:1623)
[21:04:47] [coreswap-stallwatch/INFO] (Minecraft) [STDOUT]: [STALLWATCH]     at java.base@17.0.12/java.util.concurrent.ForkJoinWorkerThread.run(ForkJoinWorkerThread.java:165)
[21:04:47] [coreswap-stallwatch/INFO] (Minecraft) [STDOUT]: [STALLWATCH] "Worker-Main-7" id=70 state=WAITING daemon=true
[21:04:47] [coreswap-stallwatch/INFO] (Minecraft) [STDOUT]: [STALLWATCH]     at java.base@17.0.12/jdk.internal.misc.Unsafe.park(Native Method)
[21:04:47] [coreswap-stallwatch/INFO] (Minecraft) [STDOUT]: [STALLWATCH]     at java.base@17.0.12/java.util.concurrent.locks.LockSupport.park(LockSupport.java:341)
[21:04:47] [coreswap-stallwatch/INFO] (Minecraft) [STDOUT]: [STALLWATCH]     at java.base@17.0.12/java.util.concurrent.ForkJoinPool.awaitWork(ForkJoinPool.java:1724)
[21:04:47] [coreswap-stallwatch/INFO] (Minecraft) [STDOUT]: [STALLWATCH]     at java.base@17.0.12/java.util.concurrent.ForkJoinPool.runWorker(ForkJoinPool.java:1623)
[21:04:47] [coreswap-stallwatch/INFO] (Minecraft) [STDOUT]: [STALLWATCH]     at java.base@17.0.12/java.util.concurrent.ForkJoinWorkerThread.run(ForkJoinWorkerThread.java:165)
[21:04:47] [coreswap-stallwatch/INFO] (Minecraft) [STDOUT]: [STALLWATCH] "JNA Cleaner" id=59 state=WAITING daemon=true
[21:04:47] [coreswap-stallwatch/INFO] (Minecraft) [STDOUT]: [STALLWATCH]     at java.base@17.0.12/java.lang.Object.wait(Native Method)
[21:04:47] [coreswap-stallwatch/INFO] (Minecraft) [STDOUT]: [STALLWATCH]     at java.base@17.0.12/java.lang.ref.ReferenceQueue.remove(ReferenceQueue.java:155)
[21:04:47] [coreswap-stallwatch/INFO] (Minecraft) [STDOUT]: [STALLWATCH]     at java.base@17.0.12/java.lang.ref.ReferenceQueue.remove(ReferenceQueue.java:176)
[21:04:47] [coreswap-stallwatch/INFO] (Minecraft) [STDOUT]: [STALLWATCH]     at com.sun.jna.internal.Cleaner$1.run(Cleaner.java:58)
[21:04:47] [coreswap-stallwatch/INFO] (Minecraft) [STDOUT]: [STALLWATCH] "Worker-Main-6" id=69 state=WAITING daemon=true
[21:04:47] [coreswap-stallwatch/INFO] (Minecraft) [STDOUT]: [STALLWATCH]     at java.base@17.0.12/jdk.internal.misc.Unsafe.park(Native Method)
[21:04:47] [coreswap-stallwatch/INFO] (Minecraft) [STDOUT]: [STALLWATCH]     at java.base@17.0.12/java.util.concurrent.locks.LockSupport.park(LockSupport.java:341)
[21:04:47] [coreswap-stallwatch/INFO] (Minecraft) [STDOUT]: [STALLWATCH]     at java.base@17.0.12/java.util.concurrent.ForkJoinPool.awaitWork(ForkJoinPool.java:1724)
[21:04:47] [coreswap-stallwatch/INFO] (Minecraft) [STDOUT]: [STALLWATCH]     at java.base@17.0.12/java.util.concurrent.ForkJoinPool.runWorker(ForkJoinPool.java:1623)
[21:04:47] [coreswap-stallwatch/INFO] (Minecraft) [STDOUT]: [STALLWATCH]     at java.base@17.0.12/java.util.concurrent.ForkJoinWorkerThread.run(ForkJoinWorkerThread.java:165)
[21:04:47] [coreswap-stallwatch/INFO] (Minecraft) [STDOUT]: [STALLWATCH] "Reference Handler" id=2 state=RUNNABLE daemon=true
[21:04:47] [coreswap-stallwatch/INFO] (Minecraft) [STDOUT]: [STALLWATCH]     at java.base@17.0.12/java.lang.ref.Reference.waitForReferencePendingList(Native Method)
[21:04:47] [coreswap-stallwatch/INFO] (Minecraft) [STDOUT]: [STALLWATCH]     at java.base@17.0.12/java.lang.ref.Reference.processPendingReferences(Reference.java:253)
[21:04:47] [coreswap-stallwatch/INFO] (Minecraft) [STDOUT]: [STALLWATCH]     at java.base@17.0.12/java.lang.ref.Reference$ReferenceHandler.run(Reference.java:215)
[21:04:47] [coreswap-stallwatch/INFO] (Minecraft) [STDOUT]: [STALLWATCH] "RCON Listener #1" id=98 state=RUNNABLE daemon=false
[21:04:47] [coreswap-stallwatch/INFO] (Minecraft) [STDOUT]: [STALLWATCH]     at java.base@17.0.12/sun.nio.ch.Net.poll(Native Method)
[21:04:47] [coreswap-stallwatch/INFO] (Minecraft) [STDOUT]: [STALLWATCH]     at java.base@17.0.12/sun.nio.ch.NioSocketImpl.park(NioSocketImpl.java:186)
[21:04:47] [coreswap-stallwatch/INFO] (Minecraft) [STDOUT]: [STALLWATCH]     at java.base@17.0.12/sun.nio.ch.NioSocketImpl.timedAccept(NioSocketImpl.java:715)
[21:04:47] [coreswap-stallwatch/INFO] (Minecraft) [STDOUT]: [STALLWATCH]     at java.base@17.0.12/sun.nio.ch.NioSocketImpl.accept(NioSocketImpl.java:757)
[21:04:47] [coreswap-stallwatch/INFO] (Minecraft) [STDOUT]: [STALLWATCH]     at java.base@17.0.12/java.net.ServerSocket.implAccept(ServerSocket.java:675)
[21:04:47] [coreswap-stallwatch/INFO] (Minecraft) [STDOUT]: [STALLWATCH]     at java.base@17.0.12/java.net.ServerSocket.platformImplAccept(ServerSocket.java:641)
[21:04:47] [coreswap-stallwatch/INFO] (Minecraft) [STDOUT]: [STALLWATCH]     at java.base@17.0.12/java.net.ServerSocket.implAccept(ServerSocket.java:617)
[21:04:47] [coreswap-stallwatch/INFO] (Minecraft) [STDOUT]: [STALLWATCH]     at java.base@17.0.12/java.net.ServerSocket.implAccept(ServerSocket.java:574)
[21:04:47] [coreswap-stallwatch/INFO] (Minecraft) [STDOUT]: [STALLWATCH]     at java.base@17.0.12/java.net.ServerSocket.accept(ServerSocket.java:532)
[21:04:47] [coreswap-stallwatch/INFO] (Minecraft) [STDOUT]: [STALLWATCH]     at net.minecraft.server.rcon.RconListener.run(RconListener.java:38)
[21:04:47] [coreswap-stallwatch/INFO] (Minecraft) [STDOUT]: [STALLWATCH]     at java.base@17.0.12/java.lang.Thread.run(Thread.java:842)
[21:04:47] [coreswap-stallwatch/INFO] (Minecraft) [STDOUT]: [STALLWATCH] "Netty Server IO #0" id=91 state=RUNNABLE daemon=true
[21:04:47] [coreswap-stallwatch/INFO] (Minecraft) [STDOUT]: [STALLWATCH]     at java.base@17.0.12/sun.nio.ch.WEPoll.wait(Native Method)
[21:04:47] [coreswap-stallwatch/INFO] (Minecraft) [STDOUT]: [STALLWATCH]     at java.base@17.0.12/sun.nio.ch.WEPollSelectorImpl.doSelect(WEPollSelectorImpl.java:111)
[21:04:47] [coreswap-stallwatch/INFO] (Minecraft) [STDOUT]: [STALLWATCH]     at java.base@17.0.12/sun.nio.ch.SelectorImpl.lockAndDoSelect(SelectorImpl.java:129)
[21:04:47] [coreswap-stallwatch/INFO] (Minecraft) [STDOUT]: [STALLWATCH]     at java.base@17.0.12/sun.nio.ch.SelectorImpl.select(SelectorImpl.java:146)
[21:04:47] [coreswap-stallwatch/INFO] (Minecraft) [STDOUT]: [STALLWATCH]     at io.netty.channel.nio.SelectedSelectionKeySetSelector.select(SelectedSelectionKeySetSelector.java:68)
[21:04:47] [coreswap-stallwatch/INFO] (Minecraft) [STDOUT]: [STALLWATCH]     at io.netty.channel.nio.NioEventLoop.select(NioEventLoop.java:879)
[21:04:47] [coreswap-stallwatch/INFO] (Minecraft) [STDOUT]: [STALLWATCH]     at io.netty.channel.nio.NioEventLoop.run(NioEventLoop.java:526)
[21:04:47] [coreswap-stallwatch/INFO] (Minecraft) [STDOUT]: [STALLWATCH]     at io.netty.util.concurrent.SingleThreadEventExecutor$4.run(SingleThreadEventExecutor.java:997)
[21:04:47] [coreswap-stallwatch/INFO] (Minecraft) [STDOUT]: [STALLWATCH]     at io.netty.util.internal.ThreadExecutorMap$2.run(ThreadExecutorMap.java:74)
[21:04:47] [coreswap-stallwatch/INFO] (Minecraft) [STDOUT]: [STALLWATCH]     at java.base@17.0.12/java.lang.Thread.run(Thread.java:842)
[21:04:47] [coreswap-stallwatch/INFO] (Minecraft) [STDOUT]: [STALLWATCH] "Worker-Main-9" id=72 state=WAITING daemon=true
[21:04:47] [coreswap-stallwatch/INFO] (Minecraft) [STDOUT]: [STALLWATCH]     at java.base@17.0.12/jdk.internal.misc.Unsafe.park(Native Method)
[21:04:47] [coreswap-stallwatch/INFO] (Minecraft) [STDOUT]: [STALLWATCH]     at java.base@17.0.12/java.util.concurrent.locks.LockSupport.park(LockSupport.java:341)
[21:04:47] [coreswap-stallwatch/INFO] (Minecraft) [STDOUT]: [STALLWATCH]     at java.base@17.0.12/java.util.concurrent.ForkJoinPool.awaitWork(ForkJoinPool.java:1724)
[21:04:47] [coreswap-stallwatch/INFO] (Minecraft) [STDOUT]: [STALLWATCH]     at java.base@17.0.12/java.util.concurrent.ForkJoinPool.runWorker(ForkJoinPool.java:1623)
[21:04:47] [coreswap-stallwatch/INFO] (Minecraft) [STDOUT]: [STALLWATCH]     at java.base@17.0.12/java.util.concurrent.ForkJoinWorkerThread.run(ForkJoinWorkerThread.java:165)
[21:04:47] [coreswap-stallwatch/INFO] (Minecraft) [STDOUT]: [STALLWATCH] "Worker-Main-8" id=71 state=TIMED_WAITING daemon=true
[21:04:47] [coreswap-stallwatch/INFO] (Minecraft) [STDOUT]: [STALLWATCH]     at java.base@17.0.12/jdk.internal.misc.Unsafe.park(Native Method)
[21:04:47] [coreswap-stallwatch/INFO] (Minecraft) [STDOUT]: [STALLWATCH]     at java.base@17.0.12/java.util.concurrent.locks.LockSupport.parkUntil(LockSupport.java:410)
[21:04:47] [coreswap-stallwatch/INFO] (Minecraft) [STDOUT]: [STALLWATCH]     at java.base@17.0.12/java.util.concurrent.ForkJoinPool.awaitWork(ForkJoinPool.java:1726)
[21:04:47] [coreswap-stallwatch/INFO] (Minecraft) [STDOUT]: [STALLWATCH]     at java.base@17.0.12/java.util.concurrent.ForkJoinPool.runWorker(ForkJoinPool.java:1623)
[21:04:47] [coreswap-stallwatch/INFO] (Minecraft) [STDOUT]: [STALLWATCH]     at java.base@17.0.12/java.util.concurrent.ForkJoinWorkerThread.run(ForkJoinWorkerThread.java:165)
[21:04:47] [coreswap-stallwatch/INFO] (Minecraft) [STDOUT]: [STALLWATCH] "Notification Thread" id=21 state=RUNNABLE daemon=true
[21:04:47] [coreswap-stallwatch/INFO] (Minecraft) [STDOUT]: [STALLWATCH] "Worker-Main-11" id=74 state=WAITING daemon=true
[21:04:47] [coreswap-stallwatch/INFO] (Minecraft) [STDOUT]: [STALLWATCH]     at java.base@17.0.12/jdk.internal.misc.Unsafe.park(Native Method)
[21:04:47] [coreswap-stallwatch/INFO] (Minecraft) [STDOUT]: [STALLWATCH]     at java.base@17.0.12/java.util.concurrent.locks.LockSupport.park(LockSupport.java:341)
[21:04:47] [coreswap-stallwatch/INFO] (Minecraft) [STDOUT]: [STALLWATCH]     at java.base@17.0.12/java.util.concurrent.ForkJoinPool.awaitWork(ForkJoinPool.java:1724)
[21:04:47] [coreswap-stallwatch/INFO] (Minecraft) [STDOUT]: [STALLWATCH]     at java.base@17.0.12/java.util.concurrent.ForkJoinPool.runWorker(ForkJoinPool.java:1623)
[21:04:47] [coreswap-stallwatch/INFO] (Minecraft) [STDOUT]: [STALLWATCH]     at java.base@17.0.12/java.util.concurrent.ForkJoinWorkerThread.run(ForkJoinWorkerThread.java:165)
[21:04:47] [coreswap-stallwatch/INFO] (Minecraft) [STDOUT]: [STALLWATCH] "Thread-9" id=102 state=TIMED_WAITING daemon=true
[21:04:47] [coreswap-stallwatch/INFO] (Minecraft) [STDOUT]: [STALLWATCH]     at java.base@17.0.12/jdk.internal.misc.Unsafe.park(Native Method)
[21:04:47] [coreswap-stallwatch/INFO] (Minecraft) [STDOUT]: [STALLWATCH]     at java.base@17.0.12/java.util.concurrent.locks.LockSupport.parkNanos(LockSupport.java:252)
[21:04:47] [coreswap-stallwatch/INFO] (Minecraft) [STDOUT]: [STALLWATCH]     at java.base@17.0.12/java.util.concurrent.SynchronousQueue$TransferStack.transfer(SynchronousQueue.java:401)
[21:04:47] [coreswap-stallwatch/INFO] (Minecraft) [STDOUT]: [STALLWATCH]     at java.base@17.0.12/java.util.concurrent.SynchronousQueue.poll(SynchronousQueue.java:903)
[21:04:47] [coreswap-stallwatch/INFO] (Minecraft) [STDOUT]: [STALLWATCH]     at java.base@17.0.12/java.util.concurrent.ThreadPoolExecutor.getTask(ThreadPoolExecutor.java:1061)
[21:04:47] [coreswap-stallwatch/INFO] (Minecraft) [STDOUT]: [STALLWATCH]     at java.base@17.0.12/java.util.concurrent.ThreadPoolExecutor.runWorker(ThreadPoolExecutor.java:1122)
[21:04:47] [coreswap-stallwatch/INFO] (Minecraft) [STDOUT]: [STALLWATCH]     at java.base@17.0.12/java.util.concurrent.ThreadPoolExecutor$Worker.run(ThreadPoolExecutor.java:635)
[21:04:47] [coreswap-stallwatch/INFO] (Minecraft) [STDOUT]: [STALLWATCH]     at java.base@17.0.12/java.lang.Thread.run(Thread.java:842)
[21:04:47] [coreswap-stallwatch/INFO] (Minecraft) [STDOUT]: [STALLWATCH] "Worker-Main-13" id=76 state=WAITING daemon=true
[21:04:47] [coreswap-stallwatch/INFO] (Minecraft) [STDOUT]: [STALLWATCH]     at java.base@17.0.12/jdk.internal.misc.Unsafe.park(Native Method)
[21:04:47] [coreswap-stallwatch/INFO] (Minecraft) [STDOUT]: [STALLWATCH]     at java.base@17.0.12/java.util.concurrent.locks.LockSupport.park(LockSupport.java:341)
[21:04:47] [coreswap-stallwatch/INFO] (Minecraft) [STDOUT]: [STALLWATCH]     at java.base@17.0.12/java.util.concurrent.ForkJoinPool.awaitWork(ForkJoinPool.java:1724)
[21:04:47] [coreswap-stallwatch/INFO] (Minecraft) [STDOUT]: [STALLWATCH]     at java.base@17.0.12/java.util.concurrent.ForkJoinPool.runWorker(ForkJoinPool.java:1623)
[21:04:47] [coreswap-stallwatch/INFO] (Minecraft) [STDOUT]: [STALLWATCH]     at java.base@17.0.12/java.util.concurrent.ForkJoinWorkerThread.run(ForkJoinWorkerThread.java:165)
[21:04:47] [coreswap-stallwatch/INFO] (Minecraft) [STDOUT]: [STALLWATCH] "Yggdrasil Key Fetcher" id=61 state=TIMED_WAITING daemon=true
[21:04:47] [coreswap-stallwatch/INFO] (Minecraft) [STDOUT]: [STALLWATCH]     at java.base@17.0.12/jdk.internal.misc.Unsafe.park(Native Method)
[21:04:47] [coreswap-stallwatch/INFO] (Minecraft) [STDOUT]: [STALLWATCH]     at java.base@17.0.12/java.util.concurrent.locks.LockSupport.parkNanos(LockSupport.java:252)
[21:04:47] [coreswap-stallwatch/INFO] (Minecraft) [STDOUT]: [STALLWATCH]     at java.base@17.0.12/java.util.concurrent.locks.AbstractQueuedSynchronizer$ConditionObject.awaitNanos(AbstractQueuedSynchronizer.java:1672)
[21:04:47] [coreswap-stallwatch/INFO] (Minecraft) [STDOUT]: [STALLWATCH]     at java.base@17.0.12/java.util.concurrent.ScheduledThreadPoolExecutor$DelayedWorkQueue.take(ScheduledThreadPoolExecutor.java:1182)
[21:04:47] [coreswap-stallwatch/INFO] (Minecraft) [STDOUT]: [STALLWATCH]     at java.base@17.0.12/java.util.concurrent.ScheduledThreadPoolExecutor$DelayedWorkQueue.take(ScheduledThreadPoolExecutor.java:899)
[21:04:47] [coreswap-stallwatch/INFO] (Minecraft) [STDOUT]: [STALLWATCH]     at java.base@17.0.12/java.util.concurrent.ThreadPoolExecutor.getTask(ThreadPoolExecutor.java:1062)
[21:04:47] [coreswap-stallwatch/INFO] (Minecraft) [STDOUT]: [STALLWATCH]     at java.base@17.0.12/java.util.concurrent.ThreadPoolExecutor.runWorker(ThreadPoolExecutor.java:1122)
[21:04:47] [coreswap-stallwatch/INFO] (Minecraft) [STDOUT]: [STALLWATCH]     at java.base@17.0.12/java.util.concurrent.ThreadPoolExecutor$Worker.run(ThreadPoolExecutor.java:635)
[21:04:47] [coreswap-stallwatch/INFO] (Minecraft) [STDOUT]: [STALLWATCH]     at java.base@17.0.12/java.lang.Thread.run(Thread.java:842)
[21:04:47] [coreswap-stallwatch/INFO] (Minecraft) [STDOUT]: [STALLWATCH] "Worker-Main-23" id=86 state=WAITING daemon=true
[21:04:47] [coreswap-stallwatch/INFO] (Minecraft) [STDOUT]: [STALLWATCH]     at java.base@17.0.12/jdk.internal.misc.Unsafe.park(Native Method)
[21:04:47] [coreswap-stallwatch/INFO] (Minecraft) [STDOUT]: [STALLWATCH]     at java.base@17.0.12/java.util.concurrent.locks.LockSupport.park(LockSupport.java:341)
[21:04:47] [coreswap-stallwatch/INFO] (Minecraft) [STDOUT]: [STALLWATCH]     at java.base@17.0.12/java.util.concurrent.ForkJoinPool.awaitWork(ForkJoinPool.java:1724)
[21:04:47] [coreswap-stallwatch/INFO] (Minecraft) [STDOUT]: [STALLWATCH]     at java.base@17.0.12/java.util.concurrent.ForkJoinPool.runWorker(ForkJoinPool.java:1623)
[21:04:47] [coreswap-stallwatch/INFO] (Minecraft) [STDOUT]: [STALLWATCH]     at java.base@17.0.12/java.util.concurrent.ForkJoinWorkerThread.run(ForkJoinWorkerThread.java:165)
[21:04:47] [coreswap-stallwatch/INFO] (Minecraft) [STDOUT]: [STALLWATCH] "IO-Worker-25" id=93 state=TIMED_WAITING daemon=false
[21:04:47] [coreswap-stallwatch/INFO] (Minecraft) [STDOUT]: [STALLWATCH]     at java.base@17.0.12/jdk.internal.misc.Unsafe.park(Native Method)
[21:04:47] [coreswap-stallwatch/INFO] (Minecraft) [STDOUT]: [STALLWATCH]     at java.base@17.0.12/java.util.concurrent.locks.LockSupport.parkNanos(LockSupport.java:252)
[21:04:47] [coreswap-stallwatch/INFO] (Minecraft) [STDOUT]: [STALLWATCH]     at java.base@17.0.12/java.util.concurrent.SynchronousQueue$TransferStack.transfer(SynchronousQueue.java:401)
[21:04:47] [coreswap-stallwatch/INFO] (Minecraft) [STDOUT]: [STALLWATCH]     at java.base@17.0.12/java.util.concurrent.SynchronousQueue.poll(SynchronousQueue.java:903)
[21:04:47] [coreswap-stallwatch/INFO] (Minecraft) [STDOUT]: [STALLWATCH]     at java.base@17.0.12/java.util.concurrent.ThreadPoolExecutor.getTask(ThreadPoolExecutor.java:1061)
[21:04:47] [coreswap-stallwatch/INFO] (Minecraft) [STDOUT]: [STALLWATCH]     at java.base@17.0.12/java.util.concurrent.ThreadPoolExecutor.runWorker(ThreadPoolExecutor.java:1122)
[21:04:47] [coreswap-stallwatch/INFO] (Minecraft) [STDOUT]: [STALLWATCH]     at java.base@17.0.12/java.util.concurrent.ThreadPoolExecutor$Worker.run(ThreadPoolExecutor.java:635)
[21:04:47] [coreswap-stallwatch/INFO] (Minecraft) [STDOUT]: [STALLWATCH]     at java.base@17.0.12/java.lang.Thread.run(Thread.java:842)
[21:04:47] [coreswap-stallwatch/INFO] (Minecraft) [STDOUT]: [STALLWATCH] === end ===
[21:04:47] [RCON Listener #1/INFO] (Minecraft) Thread RCON Client /127.0.0.1 started
[21:04:47] [RCON Client /127.0.0.1 #18/INFO] (Minecraft) Thread RCON Client /127.0.0.1 shutting down
[21:04:48] [RCON Listener #1/INFO] (Minecraft) Thread RCON Client /127.0.0.1 started
[21:04:48] [Server thread/INFO] (Minecraft) [Rcon: Stopping the server]
[21:04:48] [RCON Client /127.0.0.1 #19/INFO] (Minecraft) Thread RCON Client /127.0.0.1 shutting down
[21:04:48] [Server thread/INFO] (Minecraft) Stopping server
[21:04:48] [Server thread/INFO] (Minecraft) Saving players
[21:04:48] [Server thread/INFO] (Minecraft) Saving worlds
[21:04:49] [Server thread/INFO] (Minecraft) Saving chunks for level 'ServerLevel[world]'/minecraft:overworld
[21:04:51] [Server thread/INFO] (Minecraft) Saving chunks for level 'ServerLevel[world]'/minecraft:the_end
[21:04:51] [Server thread/INFO] (Minecraft) Saving chunks for level 'ServerLevel[world]'/minecraft:the_nether
[21:04:51] [Server thread/INFO] (Minecraft) ThreadedAnvilChunkStorage (world): All chunks are saved
[21:04:51] [Server thread/INFO] (Minecraft) ThreadedAnvilChunkStorage (DIM1): All chunks are saved
[21:04:51] [Server thread/INFO] (Minecraft) ThreadedAnvilChunkStorage (DIM-1): All chunks are saved
[21:04:51] [Server thread/INFO] (Minecraft) ThreadedAnvilChunkStorage: All dimensions are saved
[21:04:51] [Server thread/INFO] (Minecraft) Thread RCON Listener stopped

BUILD SUCCESSFUL in 4m 57s
6 actionable tasks: 1 executed, 5 up-to-date
