Starting a Gradle Daemon, 10 stopped Daemons could not be reused, use --status for details

> Configure project :
Fabric Loom: 1.10.5

> Configure project :content-test
Fabric Loom: 1.10.5

> Task :compileJava UP-TO-DATE
> Task :processResources UP-TO-DATE
> Task :classes UP-TO-DATE
> Task :generateLog4jConfig UP-TO-DATE
> Task :generateRemapClasspath UP-TO-DATE
> Task :generateDLIConfig UP-TO-DATE
> Task :configureLaunch UP-TO-DATE

> Task :runServer
[21:09:34] [main/INFO] (FabricLoader/GameProvider) Loading Minecraft 1.20.1 with Fabric Loader 0.15.11
[21:09:34] [main/INFO] (FabricLoader) Loading 48 mods:
	- chunky 1.3.146
	- coreswap 1.20.1-1.0.27
	- fabric-api 0.92.0+1.20.1
	- fabric-api-base 0.4.31+1802ada577
	- fabric-api-lookup-api-v1 1.6.36+1802ada577
	- fabric-biome-api-v1 13.0.13+1802ada577
	- fabric-block-api-v1 1.0.11+1802ada577
	- fabric-block-view-api-v2 1.0.1+1802ada577
	- fabric-command-api-v1 1.2.34+f71b366f77
	- fabric-command-api-v2 2.2.13+1802ada577
	- fabric-commands-v0 0.2.51+df3654b377
	- fabric-containers-v0 0.1.64+df3654b377
	- fabric-content-registries-v0 4.0.11+1802ada577
	- fabric-convention-tags-v1 1.5.5+1802ada577
	- fabric-crash-report-info-v1 0.2.19+1802ada577
	- fabric-data-attachment-api-v1 1.0.0+de0fd6d177
	- fabric-data-generation-api-v1 12.3.4+1802ada577
	- fabric-dimensions-v1 2.1.54+1802ada577
	- fabric-entity-events-v1 1.6.0+1c78457f77
	- fabric-events-interaction-v0 0.6.2+1802ada577
	- fabric-events-lifecycle-v0 0.2.63+df3654b377
	- fabric-game-rule-api-v1 1.0.40+1802ada577
	- fabric-gametest-api-v1 1.2.13+1802ada577
	- fabric-item-api-v1 2.1.28+1802ada577
	- fabric-item-group-api-v1 4.0.12+1802ada577
	- fabric-lifecycle-events-v1 2.2.22+1802ada577
	- fabric-loot-api-v2 1.2.1+1802ada577
	- fabric-loot-tables-v1 1.1.45+9e7660c677
	- fabric-message-api-v1 5.1.9+1802ada577
	- fabric-mining-level-api-v1 2.1.50+1802ada577
	- fabric-networking-api-v1 1.3.11+1802ada577
	- fabric-networking-v0 0.3.51+df3654b377
	- fabric-object-builder-api-v1 11.1.3+1802ada577
	- fabric-particles-v1 1.1.2+1802ada577
	- fabric-recipe-api-v1 1.0.21+1802ada577
	- fabric-registry-sync-v0 2.3.3+1802ada577
	- fabric-rendering-data-attachment-v1 0.3.37+92a0d36777
	- fabric-rendering-fluids-v1 3.0.28+1802ada577
	- fabric-resource-conditions-api-v1 2.3.8+1802ada577
	- fabric-resource-loader-v0 0.11.10+1802ada577
	- fabric-screen-handler-api-v1 1.3.30+1802ada577
	- fabric-transfer-api-v1 3.3.4+1802ada577
	- fabric-transitive-access-wideners-v1 4.3.1+1802ada577
	- fabricloader 0.15.11
	- java 17
	- minecraft 1.20.1
	- mixinextras 0.3.5
	- testcontent 1.0.0
[21:09:38] [main/INFO] (FabricLoader/Mixin) SpongePowered MIXIN Subsystem Version=0.8.5 Source=file:/E:/PYTHON/CoreSwap/.gradle-home/caches/modules-2/files-2.1/net.fabricmc/sponge-mixin/0.13.3+mixin.0.8.5/9527e6b0d2449408958fd1302594dc65ec5ade9c/sponge-mixin-0.13.3+mixin.0.8.5.jar Service=Knot/Fabric Env=SERVER
[21:09:38] [main/INFO] (FabricLoader/Mixin) Loaded Fabric development mappings for mixin remapper!
[21:09:38] [main/INFO] (FabricLoader/Mixin) Compatibility level set to JAVA_16
[21:09:38] [main/INFO] (FabricLoader/Mixin) Compatibility level set to JAVA_17
[21:09:39] [main/INFO] (FabricLoader/MixinExtras|Service) Initializing MixinExtras via com.llamalad7.mixinextras.service.MixinExtrasServiceImpl(version=0.3.5).
[21:09:40] [main/WARN] (WmiQueryHandler) COM exception querying Win32_Processor, which might not be on your system. Will not attempt to query it again. Error was -2147217405: (HRESULT: 80041003)
[21:09:40] [main/WARN] (WmiQueryHandler) COM exception querying Win32_Processor, which might not be on your system. Will not attempt to query it again. Error was -2147217405: (HRESULT: 80041003)
[21:09:40] [main/WARN] (WmiQueryHandler) COM exception querying Win32_VideoController, which might not be on your system. Will not attempt to query it again. Error was -2147217405: (HRESULT: 80041003)
[21:09:40] [main/WARN] (WmiQueryHandler) COM exception querying Win32_PhysicalMemory, which might not be on your system. Will not attempt to query it again. Error was -2147217405: (HRESULT: 80041003)
[21:09:50] [main/INFO] (Minecraft) [STDOUT]: [TestContent] registered testcontent:test_brick raw=1003 testcontent:test_lamp raw=1004
[21:09:50] [main/INFO] (Minecraft) Environment: authHost='https://authserver.mojang.com', accountsHost='https://api.mojang.com', sessionHost='https://sessionserver.mojang.com', servicesHost='https://api.minecraftservices.com', name='PROD'
[21:09:52] [main/INFO] (Minecraft) Loaded 7 recipes
[21:09:52] [main/INFO] (Minecraft) Loaded 1271 advancements
[21:09:53] [main/INFO] (BiomeModificationImpl) Applied 0 biome modifications to 0 of 64 new biomes in 2.500 ms
[21:09:53] [Server thread/INFO] (Minecraft) Starting minecraft server version 1.20.1
[21:09:53] [Server thread/INFO] (Minecraft) Loading properties
[21:09:53] [Server thread/INFO] (Minecraft) Default game type: SURVIVAL
[21:09:53] [Server thread/INFO] (Minecraft) Generating keypair
[21:09:53] [Server thread/INFO] (Minecraft) Starting Minecraft server on *:25565
[21:09:53] [Server thread/INFO] (Minecraft) Using default channel type
[21:09:53] [Server thread/INFO] (Minecraft) Preparing level "world"
[21:09:57] [Server thread/INFO] (Minecraft) Preparing start region for dimension minecraft:overworld
[21:09:57] [Worker-Main-23/INFO] (Minecraft) Preparing spawn area: 0%
[21:09:57] [Worker-Main-6/INFO] (Minecraft) Preparing spawn area: 0%
[21:09:58] [Worker-Main-12/INFO] (Minecraft) Preparing spawn area: 0%
[21:09:58] [Worker-Main-16/INFO] (Minecraft) Preparing spawn area: 1%
[21:09:59] [Worker-Main-16/INFO] (Minecraft) Preparing spawn area: 3%
[21:09:59] [Worker-Main-21/INFO] (Minecraft) Preparing spawn area: 5%
[21:10:00] [Worker-Main-17/INFO] (Minecraft) Preparing spawn area: 9%
[21:10:00] [Worker-Main-16/INFO] (Minecraft) Preparing spawn area: 13%
[21:10:01] [Worker-Main-7/INFO] (Minecraft) Preparing spawn area: 18%
[21:10:01] [Worker-Main-22/INFO] (Minecraft) Preparing spawn area: 22%
[21:10:02] [Worker-Main-17/INFO] (Minecraft) Preparing spawn area: 29%
[21:10:02] [Worker-Main-12/INFO] (Minecraft) Preparing spawn area: 34%
[21:10:03] [Worker-Main-19/INFO] (Minecraft) Preparing spawn area: 38%
[21:10:03] [Worker-Main-4/INFO] (Minecraft) Preparing spawn area: 43%
[21:10:04] [Worker-Main-23/INFO] (Minecraft) Preparing spawn area: 49%
[21:10:04] [Worker-Main-1/INFO] (Minecraft) Preparing spawn area: 55%
[21:10:05] [Worker-Main-11/INFO] (Minecraft) Preparing spawn area: 59%
[21:10:05] [Worker-Main-15/INFO] (Minecraft) Preparing spawn area: 63%
[21:10:06] [Worker-Main-6/INFO] (Minecraft) Preparing spawn area: 68%
[21:10:06] [Worker-Main-20/INFO] (Minecraft) Preparing spawn area: 72%
[21:10:07] [Worker-Main-15/INFO] (Minecraft) Preparing spawn area: 79%
[21:10:07] [Worker-Main-8/INFO] (Minecraft) Preparing spawn area: 86%
[21:10:08] [Worker-Main-13/INFO] (Minecraft) Preparing spawn area: 90%
[21:10:08] [Worker-Main-22/INFO] (Minecraft) Preparing spawn area: 99%
[21:10:08] [Server thread/INFO] (Minecraft) Time elapsed: 11538 ms
[21:10:08] [Server thread/INFO] (Minecraft) Done (14.682s)! For help, type "help"
[21:10:08] [Server thread/INFO] (Minecraft) Starting remote control listener
[21:10:08] [Server thread/INFO] (Minecraft) Thread RCON Listener started
[21:10:08] [Server thread/INFO] (Minecraft) RCON running on 0.0.0.0:25575
[21:10:08] [Server thread/INFO] (Minecraft) [STDOUT]: [CppBridge] init seed=417950215108767439 worldgenDir=E:\PYTHON\CoreSwap\versions\1.20.1\data\worldgen enabled=true stageMask=3 env.CORESWAP_DEFAULT_BLOCK=null
[21:10:08] [Server thread/INFO] (Minecraft) [STDOUT]: [STALLWATCH] enabled interval=30s
[21:10:08] [Server thread/INFO] (Minecraft) [STDOUT]: [CppBridge] dll=E:\PYTHON\CoreSwap\.tmp\java-tmp\coreswap-native\worldgen.dll size=2457088 sha256=597e12ed2275ada5...
[21:10:08] [Server thread/INFO] (Minecraft) [STDOUT]: [CppBridge] initNether seed=417950215108767439 enabled=true stageMask=3
[21:10:08] [Server thread/INFO] (Minecraft) [STDOUT]: [CppBridge] initEnd seed=417950215108767439 enabled=true stageMask=3
[21:10:08] [Server thread/INFO] (Minecraft) [STDOUT]: [BenchMod] CoreSwap replace mode: C++ worldgen active
[21:10:17] [RCON Listener #1/INFO] (Minecraft) Thread RCON Client /127.0.0.1 started
[21:10:17] [RCON Client /127.0.0.1 #2/INFO] (Minecraft) Thread RCON Client /127.0.0.1 shutting down
[21:10:18] [RCON Listener #1/INFO] (Minecraft) Thread RCON Client /127.0.0.1 started
[21:10:18] [RCON Client /127.0.0.1 #3/INFO] (Minecraft) Thread RCON Client /127.0.0.1 shutting down
[21:10:19] [RCON Listener #1/INFO] (Minecraft) Thread RCON Client /127.0.0.1 started
[21:10:19] [RCON Client /127.0.0.1 #4/INFO] (Minecraft) Thread RCON Client /127.0.0.1 shutting down
[21:10:20] [RCON Listener #1/INFO] (Minecraft) Thread RCON Client /127.0.0.1 started
[21:10:20] [RCON Client /127.0.0.1 #5/INFO] (Minecraft) Thread RCON Client /127.0.0.1 shutting down
[21:10:24] [Server thread/INFO] (Minecraft) [Chunky] Task running for minecraft:overworld. Processed: 6 chunks (0.14%), ETA: 0:06:59, Rate: 10.1 cps, Current: -27, -28
[21:10:30] [RCON Listener #1/INFO] (Minecraft) Thread RCON Client /127.0.0.1 started
[21:10:30] [RCON Client /127.0.0.1 #6/INFO] (Minecraft) Thread RCON Client /127.0.0.1 shutting down
[21:10:34] [Server thread/INFO] (Minecraft) [Chunky] Task running for minecraft:overworld. Processed: 116 chunks (2.75%), ETA: 0:06:17, Rate: 10.9 cps, Current: -21, -24
[21:10:34] [Worker-Main-14/INFO] (Minecraft) [STDOUT]: [CHUNKTIME] n=256 perChunk(ms): mixin=49.69 gap=726.49 | sumMixin=12.7s sumGap=186.0s | inflight max=1 now=1
[21:10:38] [coreswap-stallwatch/INFO] (Minecraft) [STDOUT]: [STALLWATCH] === thread dump @ Thu Sep 10 21:10:38 HKT 2026 (interval=30s) ===
[21:10:38] [coreswap-stallwatch/INFO] (Minecraft) [STDOUT]: [STALLWATCH] "Timer hack thread" id=60 state=TIMED_WAITING daemon=true
[21:10:38] [coreswap-stallwatch/INFO] (Minecraft) [STDOUT]: [STALLWATCH]     at java.base@17.0.12/java.lang.Thread.sleep(Native Method)
[21:10:38] [coreswap-stallwatch/INFO] (Minecraft) [STDOUT]: [STALLWATCH]     at net.minecraft.util.Util$9.run(Util.java:863)
[21:10:38] [coreswap-stallwatch/INFO] (Minecraft) [STDOUT]: [STALLWATCH] "Worker-Main-2" id=65 state=WAITING daemon=true
[21:10:38] [coreswap-stallwatch/INFO] (Minecraft) [STDOUT]: [STALLWATCH]     at java.base@17.0.12/jdk.internal.misc.Unsafe.park(Native Method)
[21:10:38] [coreswap-stallwatch/INFO] (Minecraft) [STDOUT]: [STALLWATCH]     at java.base@17.0.12/java.util.concurrent.locks.LockSupport.park(LockSupport.java:341)
[21:10:38] [coreswap-stallwatch/INFO] (Minecraft) [STDOUT]: [STALLWATCH]     at java.base@17.0.12/java.util.concurrent.ForkJoinPool.awaitWork(ForkJoinPool.java:1724)
[21:10:38] [coreswap-stallwatch/INFO] (Minecraft) [STDOUT]: [STALLWATCH]     at java.base@17.0.12/java.util.concurrent.ForkJoinPool.runWorker(ForkJoinPool.java:1623)
[21:10:38] [coreswap-stallwatch/INFO] (Minecraft) [STDOUT]: [STALLWATCH]     at java.base@17.0.12/java.util.concurrent.ForkJoinWorkerThread.run(ForkJoinWorkerThread.java:165)
[21:10:38] [coreswap-stallwatch/INFO] (Minecraft) [STDOUT]: [STALLWATCH] "Worker-Main-17" id=80 state=WAITING daemon=true
[21:10:38] [coreswap-stallwatch/INFO] (Minecraft) [STDOUT]: [STALLWATCH]     at java.base@17.0.12/jdk.internal.misc.Unsafe.park(Native Method)
[21:10:38] [coreswap-stallwatch/INFO] (Minecraft) [STDOUT]: [STALLWATCH]     at java.base@17.0.12/java.util.concurrent.locks.LockSupport.park(LockSupport.java:341)
[21:10:38] [coreswap-stallwatch/INFO] (Minecraft) [STDOUT]: [STALLWATCH]     at java.base@17.0.12/java.util.concurrent.ForkJoinPool.awaitWork(ForkJoinPool.java:1724)
[21:10:38] [coreswap-stallwatch/INFO] (Minecraft) [STDOUT]: [STALLWATCH]     at java.base@17.0.12/java.util.concurrent.ForkJoinPool.runWorker(ForkJoinPool.java:1623)
[21:10:38] [coreswap-stallwatch/INFO] (Minecraft) [STDOUT]: [STALLWATCH]     at java.base@17.0.12/java.util.concurrent.ForkJoinWorkerThread.run(ForkJoinWorkerThread.java:165)
[21:10:38] [coreswap-stallwatch/INFO] (Minecraft) [STDOUT]: [STALLWATCH] "Worker-Main-23" id=86 state=WAITING daemon=true
[21:10:38] [coreswap-stallwatch/INFO] (Minecraft) [STDOUT]: [STALLWATCH]     at java.base@17.0.12/jdk.internal.misc.Unsafe.park(Native Method)
[21:10:38] [coreswap-stallwatch/INFO] (Minecraft) [STDOUT]: [STALLWATCH]     at java.base@17.0.12/java.util.concurrent.locks.LockSupport.park(LockSupport.java:341)
[21:10:38] [coreswap-stallwatch/INFO] (Minecraft) [STDOUT]: [STALLWATCH]     at java.base@17.0.12/java.util.concurrent.ForkJoinPool.awaitWork(ForkJoinPool.java:1724)
[21:10:38] [coreswap-stallwatch/INFO] (Minecraft) [STDOUT]: [STALLWATCH]     at java.base@17.0.12/java.util.concurrent.ForkJoinPool.runWorker(ForkJoinPool.java:1623)
[21:10:38] [coreswap-stallwatch/INFO] (Minecraft) [STDOUT]: [STALLWATCH]     at java.base@17.0.12/java.util.concurrent.ForkJoinWorkerThread.run(ForkJoinWorkerThread.java:165)
[21:10:38] [coreswap-stallwatch/INFO] (Minecraft) [STDOUT]: [STALLWATCH] "Worker-Main-9" id=72 state=WAITING daemon=true
[21:10:38] [coreswap-stallwatch/INFO] (Minecraft) [STDOUT]: [STALLWATCH]     at java.base@17.0.12/jdk.internal.misc.Unsafe.park(Native Method)
[21:10:38] [coreswap-stallwatch/INFO] (Minecraft) [STDOUT]: [STALLWATCH]     at java.base@17.0.12/java.util.concurrent.locks.LockSupport.park(LockSupport.java:341)
[21:10:38] [coreswap-stallwatch/INFO] (Minecraft) [STDOUT]: [STALLWATCH]     at java.base@17.0.12/java.util.concurrent.ForkJoinPool.awaitWork(ForkJoinPool.java:1724)
[21:10:38] [coreswap-stallwatch/INFO] (Minecraft) [STDOUT]: [STALLWATCH]     at java.base@17.0.12/java.util.concurrent.ForkJoinPool.runWorker(ForkJoinPool.java:1623)
[21:10:38] [coreswap-stallwatch/INFO] (Minecraft) [STDOUT]: [STALLWATCH]     at java.base@17.0.12/java.util.concurrent.ForkJoinWorkerThread.run(ForkJoinWorkerThread.java:165)
[21:10:38] [coreswap-stallwatch/INFO] (Minecraft) [STDOUT]: [STALLWATCH] "Worker-Main-10" id=73 state=WAITING daemon=true
[21:10:38] [coreswap-stallwatch/INFO] (Minecraft) [STDOUT]: [STALLWATCH]     at java.base@17.0.12/jdk.internal.misc.Unsafe.park(Native Method)
[21:10:38] [coreswap-stallwatch/INFO] (Minecraft) [STDOUT]: [STALLWATCH]     at java.base@17.0.12/java.util.concurrent.locks.LockSupport.park(LockSupport.java:341)
[21:10:38] [coreswap-stallwatch/INFO] (Minecraft) [STDOUT]: [STALLWATCH]     at java.base@17.0.12/java.util.concurrent.ForkJoinPool.awaitWork(ForkJoinPool.java:1724)
[21:10:38] [coreswap-stallwatch/INFO] (Minecraft) [STDOUT]: [STALLWATCH]     at java.base@17.0.12/java.util.concurrent.ForkJoinPool.runWorker(ForkJoinPool.java:1623)
[21:10:38] [coreswap-stallwatch/INFO] (Minecraft) [STDOUT]: [STALLWATCH]     at java.base@17.0.12/java.util.concurrent.ForkJoinWorkerThread.run(ForkJoinWorkerThread.java:165)
[21:10:38] [coreswap-stallwatch/INFO] (Minecraft) [STDOUT]: [STALLWATCH] "Worker-Main-15" id=78 state=WAITING daemon=true
[21:10:38] [coreswap-stallwatch/INFO] (Minecraft) [STDOUT]: [STALLWATCH]     at java.base@17.0.12/jdk.internal.misc.Unsafe.park(Native Method)
[21:10:38] [coreswap-stallwatch/INFO] (Minecraft) [STDOUT]: [STALLWATCH]     at java.base@17.0.12/java.util.concurrent.locks.LockSupport.park(LockSupport.java:341)
[21:10:38] [coreswap-stallwatch/INFO] (Minecraft) [STDOUT]: [STALLWATCH]     at java.base@17.0.12/java.util.concurrent.ForkJoinPool.awaitWork(ForkJoinPool.java:1724)
[21:10:38] [coreswap-stallwatch/INFO] (Minecraft) [STDOUT]: [STALLWATCH]     at java.base@17.0.12/java.util.concurrent.ForkJoinPool.runWorker(ForkJoinPool.java:1623)
[21:10:38] [coreswap-stallwatch/INFO] (Minecraft) [STDOUT]: [STALLWATCH]     at java.base@17.0.12/java.util.concurrent.ForkJoinWorkerThread.run(ForkJoinWorkerThread.java:165)
[21:10:38] [coreswap-stallwatch/INFO] (Minecraft) [STDOUT]: [STALLWATCH] "Worker-Main-3" id=66 state=WAITING daemon=true
[21:10:38] [coreswap-stallwatch/INFO] (Minecraft) [STDOUT]: [STALLWATCH]     at java.base@17.0.12/jdk.internal.misc.Unsafe.park(Native Method)
[21:10:38] [coreswap-stallwatch/INFO] (Minecraft) [STDOUT]: [STALLWATCH]     at java.base@17.0.12/java.util.concurrent.locks.LockSupport.park(LockSupport.java:341)
[21:10:38] [coreswap-stallwatch/INFO] (Minecraft) [STDOUT]: [STALLWATCH]     at java.base@17.0.12/java.util.concurrent.ForkJoinPool.awaitWork(ForkJoinPool.java:1724)
[21:10:38] [coreswap-stallwatch/INFO] (Minecraft) [STDOUT]: [STALLWATCH]     at java.base@17.0.12/java.util.concurrent.ForkJoinPool.runWorker(ForkJoinPool.java:1623)
[21:10:38] [coreswap-stallwatch/INFO] (Minecraft) [STDOUT]: [STALLWATCH]     at java.base@17.0.12/java.util.concurrent.ForkJoinWorkerThread.run(ForkJoinWorkerThread.java:165)
[21:10:38] [coreswap-stallwatch/INFO] (Minecraft) [STDOUT]: [STALLWATCH] "Worker-Main-22" id=85 state=WAITING daemon=true
[21:10:38] [coreswap-stallwatch/INFO] (Minecraft) [STDOUT]: [STALLWATCH]     at java.base@17.0.12/jdk.internal.misc.Unsafe.park(Native Method)
[21:10:38] [coreswap-stallwatch/INFO] (Minecraft) [STDOUT]: [STALLWATCH]     at java.base@17.0.12/java.util.concurrent.locks.LockSupport.park(LockSupport.java:341)
[21:10:38] [coreswap-stallwatch/INFO] (Minecraft) [STDOUT]: [STALLWATCH]     at java.base@17.0.12/java.util.concurrent.ForkJoinPool.awaitWork(ForkJoinPool.java:1724)
[21:10:38] [coreswap-stallwatch/INFO] (Minecraft) [STDOUT]: [STALLWATCH]     at java.base@17.0.12/java.util.concurrent.ForkJoinPool.runWorker(ForkJoinPool.java:1623)
[21:10:38] [coreswap-stallwatch/INFO] (Minecraft) [STDOUT]: [STALLWATCH]     at java.base@17.0.12/java.util.concurrent.ForkJoinWorkerThread.run(ForkJoinWorkerThread.java:165)
[21:10:38] [coreswap-stallwatch/INFO] (Minecraft) [STDOUT]: [STALLWATCH] "Worker-Main-11" id=74 state=WAITING daemon=true
[21:10:38] [coreswap-stallwatch/INFO] (Minecraft) [STDOUT]: [STALLWATCH]     at java.base@17.0.12/jdk.internal.misc.Unsafe.park(Native Method)
[21:10:38] [coreswap-stallwatch/INFO] (Minecraft) [STDOUT]: [STALLWATCH]     at java.base@17.0.12/java.util.concurrent.locks.LockSupport.park(LockSupport.java:341)
[21:10:38] [coreswap-stallwatch/INFO] (Minecraft) [STDOUT]: [STALLWATCH]     at java.base@17.0.12/java.util.concurrent.ForkJoinPool.awaitWork(ForkJoinPool.java:1724)
[21:10:38] [coreswap-stallwatch/INFO] (Minecraft) [STDOUT]: [STALLWATCH]     at java.base@17.0.12/java.util.concurrent.ForkJoinPool.runWorker(ForkJoinPool.java:1623)
[21:10:38] [coreswap-stallwatch/INFO] (Minecraft) [STDOUT]: [STALLWATCH]     at java.base@17.0.12/java.util.concurrent.ForkJoinWorkerThread.run(ForkJoinWorkerThread.java:165)
[21:10:38] [coreswap-stallwatch/INFO] (Minecraft) [STDOUT]: [STALLWATCH] "Worker-Main-20" id=83 state=WAITING daemon=true
[21:10:38] [coreswap-stallwatch/INFO] (Minecraft) [STDOUT]: [STALLWATCH]     at java.base@17.0.12/jdk.internal.misc.Unsafe.park(Native Method)
[21:10:38] [coreswap-stallwatch/INFO] (Minecraft) [STDOUT]: [STALLWATCH]     at java.base@17.0.12/java.util.concurrent.locks.LockSupport.park(LockSupport.java:341)
[21:10:38] [coreswap-stallwatch/INFO] (Minecraft) [STDOUT]: [STALLWATCH]     at java.base@17.0.12/java.util.concurrent.ForkJoinPool.awaitWork(ForkJoinPool.java:1724)
[21:10:38] [coreswap-stallwatch/INFO] (Minecraft) [STDOUT]: [STALLWATCH]     at java.base@17.0.12/java.util.concurrent.ForkJoinPool.runWorker(ForkJoinPool.java:1623)
[21:10:38] [coreswap-stallwatch/INFO] (Minecraft) [STDOUT]: [STALLWATCH]     at java.base@17.0.12/java.util.concurrent.ForkJoinWorkerThread.run(ForkJoinWorkerThread.java:165)
[21:10:38] [coreswap-stallwatch/INFO] (Minecraft) [STDOUT]: [STALLWATCH] "Finalizer" id=3 state=WAITING daemon=true
[21:10:38] [coreswap-stallwatch/INFO] (Minecraft) [STDOUT]: [STALLWATCH]     at java.base@17.0.12/java.lang.Object.wait(Native Method)
[21:10:38] [coreswap-stallwatch/INFO] (Minecraft) [STDOUT]: [STALLWATCH]     at java.base@17.0.12/java.lang.ref.ReferenceQueue.remove(ReferenceQueue.java:155)
[21:10:38] [coreswap-stallwatch/INFO] (Minecraft) [STDOUT]: [STALLWATCH]     at java.base@17.0.12/java.lang.ref.ReferenceQueue.remove(ReferenceQueue.java:176)
[21:10:38] [coreswap-stallwatch/INFO] (Minecraft) [STDOUT]: [STALLWATCH]     at java.base@17.0.12/java.lang.ref.Finalizer$FinalizerThread.run(Finalizer.java:172)
[21:10:38] [coreswap-stallwatch/INFO] (Minecraft) [STDOUT]: [STALLWATCH] "Reference Handler" id=2 state=RUNNABLE daemon=true
[21:10:38] [coreswap-stallwatch/INFO] (Minecraft) [STDOUT]: [STALLWATCH]     at java.base@17.0.12/java.lang.ref.Reference.waitForReferencePendingList(Native Method)
[21:10:38] [coreswap-stallwatch/INFO] (Minecraft) [STDOUT]: [STALLWATCH]     at java.base@17.0.12/java.lang.ref.Reference.processPendingReferences(Reference.java:253)
[21:10:38] [coreswap-stallwatch/INFO] (Minecraft) [STDOUT]: [STALLWATCH]     at java.base@17.0.12/java.lang.ref.Reference$ReferenceHandler.run(Reference.java:215)
[21:10:38] [coreswap-stallwatch/INFO] (Minecraft) [STDOUT]: [STALLWATCH] "Worker-Main-19" id=82 state=WAITING daemon=true
[21:10:38] [coreswap-stallwatch/INFO] (Minecraft) [STDOUT]: [STALLWATCH]     at java.base@17.0.12/jdk.internal.misc.Unsafe.park(Native Method)
[21:10:38] [coreswap-stallwatch/INFO] (Minecraft) [STDOUT]: [STALLWATCH]     at java.base@17.0.12/java.util.concurrent.locks.LockSupport.park(LockSupport.java:341)
[21:10:38] [coreswap-stallwatch/INFO] (Minecraft) [STDOUT]: [STALLWATCH]     at java.base@17.0.12/java.util.concurrent.ForkJoinPool.awaitWork(ForkJoinPool.java:1724)
[21:10:38] [coreswap-stallwatch/INFO] (Minecraft) [STDOUT]: [STALLWATCH]     at java.base@17.0.12/java.util.concurrent.ForkJoinPool.runWorker(ForkJoinPool.java:1623)
[21:10:38] [coreswap-stallwatch/INFO] (Minecraft) [STDOUT]: [STALLWATCH]     at java.base@17.0.12/java.util.concurrent.ForkJoinWorkerThread.run(ForkJoinWorkerThread.java:165)
[21:10:38] [coreswap-stallwatch/INFO] (Minecraft) [STDOUT]: [STALLWATCH] "Common-Cleaner" id=22 state=TIMED_WAITING daemon=true
[21:10:38] [coreswap-stallwatch/INFO] (Minecraft) [STDOUT]: [STALLWATCH]     at java.base@17.0.12/java.lang.Object.wait(Native Method)
[21:10:38] [coreswap-stallwatch/INFO] (Minecraft) [STDOUT]: [STALLWATCH]     at java.base@17.0.12/java.lang.ref.ReferenceQueue.remove(ReferenceQueue.java:155)
[21:10:38] [coreswap-stallwatch/INFO] (Minecraft) [STDOUT]: [STALLWATCH]     at java.base@17.0.12/jdk.internal.ref.CleanerImpl.run(CleanerImpl.java:140)
[21:10:38] [coreswap-stallwatch/INFO] (Minecraft) [STDOUT]: [STALLWATCH]     at java.base@17.0.12/java.lang.Thread.run(Thread.java:842)
[21:10:38] [coreswap-stallwatch/INFO] (Minecraft) [STDOUT]: [STALLWATCH]     at java.base@17.0.12/jdk.internal.misc.InnocuousThread.run(InnocuousThread.java:162)
[21:10:38] [coreswap-stallwatch/INFO] (Minecraft) [STDOUT]: [STALLWATCH] "IO-Worker-24" id=92 state=TIMED_WAITING daemon=false
[21:10:38] [coreswap-stallwatch/INFO] (Minecraft) [STDOUT]: [STALLWATCH]     at java.base@17.0.12/jdk.internal.misc.Unsafe.park(Native Method)
[21:10:38] [coreswap-stallwatch/INFO] (Minecraft) [STDOUT]: [STALLWATCH]     at java.base@17.0.12/java.util.concurrent.locks.LockSupport.parkNanos(LockSupport.java:252)
[21:10:38] [coreswap-stallwatch/INFO] (Minecraft) [STDOUT]: [STALLWATCH]     at java.base@17.0.12/java.util.concurrent.SynchronousQueue$TransferStack.transfer(SynchronousQueue.java:401)
[21:10:38] [coreswap-stallwatch/INFO] (Minecraft) [STDOUT]: [STALLWATCH]     at java.base@17.0.12/java.util.concurrent.SynchronousQueue.poll(SynchronousQueue.java:903)
[21:10:38] [coreswap-stallwatch/INFO] (Minecraft) [STDOUT]: [STALLWATCH]     at java.base@17.0.12/java.util.concurrent.ThreadPoolExecutor.getTask(ThreadPoolExecutor.java:1061)
[21:10:38] [coreswap-stallwatch/INFO] (Minecraft) [STDOUT]: [STALLWATCH]     at java.base@17.0.12/java.util.concurrent.ThreadPoolExecutor.runWorker(ThreadPoolExecutor.java:1122)
[21:10:38] [coreswap-stallwatch/INFO] (Minecraft) [STDOUT]: [STALLWATCH]     at java.base@17.0.12/java.util.concurrent.ThreadPoolExecutor$Worker.run(ThreadPoolExecutor.java:635)
[21:10:38] [coreswap-stallwatch/INFO] (Minecraft) [STDOUT]: [STALLWATCH]     at java.base@17.0.12/java.lang.Thread.run(Thread.java:842)
[21:10:38] [coreswap-stallwatch/INFO] (Minecraft) [STDOUT]: [STALLWATCH] "IO-Worker-27" id=95 state=TIMED_WAITING daemon=false
[21:10:38] [coreswap-stallwatch/INFO] (Minecraft) [STDOUT]: [STALLWATCH]     at java.base@17.0.12/jdk.internal.misc.Unsafe.park(Native Method)
[21:10:38] [coreswap-stallwatch/INFO] (Minecraft) [STDOUT]: [STALLWATCH]     at java.base@17.0.12/java.util.concurrent.locks.LockSupport.parkNanos(LockSupport.java:252)
[21:10:38] [coreswap-stallwatch/INFO] (Minecraft) [STDOUT]: [STALLWATCH]     at java.base@17.0.12/java.util.concurrent.SynchronousQueue$TransferStack.transfer(SynchronousQueue.java:401)
[21:10:38] [coreswap-stallwatch/INFO] (Minecraft) [STDOUT]: [STALLWATCH]     at java.base@17.0.12/java.util.concurrent.SynchronousQueue.poll(SynchronousQueue.java:903)
[21:10:38] [coreswap-stallwatch/INFO] (Minecraft) [STDOUT]: [STALLWATCH]     at java.base@17.0.12/java.util.concurrent.ThreadPoolExecutor.getTask(ThreadPoolExecutor.java:1061)
[21:10:38] [coreswap-stallwatch/INFO] (Minecraft) [STDOUT]: [STALLWATCH]     at java.base@17.0.12/java.util.concurrent.ThreadPoolExecutor.runWorker(ThreadPoolExecutor.java:1122)
[21:10:38] [coreswap-stallwatch/INFO] (Minecraft) [STDOUT]: [STALLWATCH]     at java.base@17.0.12/java.util.concurrent.ThreadPoolExecutor$Worker.run(ThreadPoolExecutor.java:635)
[21:10:38] [coreswap-stallwatch/INFO] (Minecraft) [STDOUT]: [STALLWATCH]     at java.base@17.0.12/java.lang.Thread.run(Thread.java:842)
[21:10:38] [coreswap-stallwatch/INFO] (Minecraft) [STDOUT]: [STALLWATCH] "Worker-Main-13" id=76 state=WAITING daemon=true
[21:10:38] [coreswap-stallwatch/INFO] (Minecraft) [STDOUT]: [STALLWATCH]     at java.base@17.0.12/jdk.internal.misc.Unsafe.park(Native Method)
[21:10:38] [coreswap-stallwatch/INFO] (Minecraft) [STDOUT]: [STALLWATCH]     at java.base@17.0.12/java.util.concurrent.locks.LockSupport.park(LockSupport.java:341)
[21:10:38] [coreswap-stallwatch/INFO] (Minecraft) [STDOUT]: [STALLWATCH]     at java.base@17.0.12/java.util.concurrent.ForkJoinPool.awaitWork(ForkJoinPool.java:1724)
[21:10:38] [coreswap-stallwatch/INFO] (Minecraft) [STDOUT]: [STALLWATCH]     at java.base@17.0.12/java.util.concurrent.ForkJoinPool.runWorker(ForkJoinPool.java:1623)
[21:10:38] [coreswap-stallwatch/INFO] (Minecraft) [STDOUT]: [STALLWATCH]     at java.base@17.0.12/java.util.concurrent.ForkJoinWorkerThread.run(ForkJoinWorkerThread.java:165)
[21:10:38] [coreswap-stallwatch/INFO] (Minecraft) [STDOUT]: [STALLWATCH] "Chunky-minecraft:overworld Thread" id=101 state=WAITING daemon=true
[21:10:38] [coreswap-stallwatch/INFO] (Minecraft) [STDOUT]: [STALLWATCH]     at java.base@17.0.12/jdk.internal.misc.Unsafe.park(Native Method)
[21:10:38] [coreswap-stallwatch/INFO] (Minecraft) [STDOUT]: [STALLWATCH]     at java.base@17.0.12/java.util.concurrent.locks.LockSupport.park(LockSupport.java:211)
[21:10:38] [coreswap-stallwatch/INFO] (Minecraft) [STDOUT]: [STALLWATCH]     at java.base@17.0.12/java.util.concurrent.locks.AbstractQueuedSynchronizer.acquire(AbstractQueuedSynchronizer.java:715)
[21:10:38] [coreswap-stallwatch/INFO] (Minecraft) [STDOUT]: [STALLWATCH]     at java.base@17.0.12/java.util.concurrent.locks.AbstractQueuedSynchronizer.acquireSharedInterruptibly(AbstractQueuedSynchronizer.java:1047)
[21:10:38] [coreswap-stallwatch/INFO] (Minecraft) [STDOUT]: [STALLWATCH]     at java.base@17.0.12/java.util.concurrent.Semaphore.acquire(Semaphore.java:318)
[21:10:38] [coreswap-stallwatch/INFO] (Minecraft) [STDOUT]: [STALLWATCH]     at org.popcraft.chunky.GenerationTask.run(GenerationTask.java:140)
[21:10:38] [coreswap-stallwatch/INFO] (Minecraft) [STDOUT]: [STALLWATCH]     at java.base@17.0.12/java.util.concurrent.Executors$RunnableAdapter.call(Executors.java:539)
[21:10:38] [coreswap-stallwatch/INFO] (Minecraft) [STDOUT]: [STALLWATCH]     at java.base@17.0.12/java.util.concurrent.FutureTask.run(FutureTask.java:264)
[21:10:38] [coreswap-stallwatch/INFO] (Minecraft) [STDOUT]: [STALLWATCH]     at java.base@17.0.12/java.util.concurrent.ThreadPoolExecutor.runWorker(ThreadPoolExecutor.java:1136)
[21:10:38] [coreswap-stallwatch/INFO] (Minecraft) [STDOUT]: [STALLWATCH]     at java.base@17.0.12/java.util.concurrent.ThreadPoolExecutor$Worker.run(ThreadPoolExecutor.java:635)
[21:10:38] [coreswap-stallwatch/INFO] (Minecraft) [STDOUT]: [STALLWATCH]     at java.base@17.0.12/java.lang.Thread.run(Thread.java:842)
[21:10:38] [coreswap-stallwatch/INFO] (Minecraft) [STDOUT]: [STALLWATCH] "Worker-Main-12" id=75 state=WAITING daemon=true
[21:10:38] [coreswap-stallwatch/INFO] (Minecraft) [STDOUT]: [STALLWATCH]     at java.base@17.0.12/jdk.internal.misc.Unsafe.park(Native Method)
[21:10:38] [coreswap-stallwatch/INFO] (Minecraft) [STDOUT]: [STALLWATCH]     at java.base@17.0.12/java.util.concurrent.locks.LockSupport.park(LockSupport.java:341)
[21:10:38] [coreswap-stallwatch/INFO] (Minecraft) [STDOUT]: [STALLWATCH]     at java.base@17.0.12/java.util.concurrent.ForkJoinPool.awaitWork(ForkJoinPool.java:1724)
[21:10:38] [coreswap-stallwatch/INFO] (Minecraft) [STDOUT]: [STALLWATCH]     at java.base@17.0.12/java.util.concurrent.ForkJoinPool.runWorker(ForkJoinPool.java:1623)
[21:10:38] [coreswap-stallwatch/INFO] (Minecraft) [STDOUT]: [STALLWATCH]     at java.base@17.0.12/java.util.concurrent.ForkJoinWorkerThread.run(ForkJoinWorkerThread.java:165)
[21:10:38] [coreswap-stallwatch/INFO] (Minecraft) [STDOUT]: [STALLWATCH] "Worker-Main-4" id=67 state=WAITING daemon=true
[21:10:38] [coreswap-stallwatch/INFO] (Minecraft) [STDOUT]: [STALLWATCH]     at java.base@17.0.12/jdk.internal.misc.Unsafe.park(Native Method)
[21:10:38] [coreswap-stallwatch/INFO] (Minecraft) [STDOUT]: [STALLWATCH]     at java.base@17.0.12/java.util.concurrent.locks.LockSupport.park(LockSupport.java:341)
[21:10:38] [coreswap-stallwatch/INFO] (Minecraft) [STDOUT]: [STALLWATCH]     at java.base@17.0.12/java.util.concurrent.ForkJoinPool.awaitWork(ForkJoinPool.java:1724)
[21:10:38] [coreswap-stallwatch/INFO] (Minecraft) [STDOUT]: [STALLWATCH]     at java.base@17.0.12/java.util.concurrent.ForkJoinPool.runWorker(ForkJoinPool.java:1623)
[21:10:38] [coreswap-stallwatch/INFO] (Minecraft) [STDOUT]: [STALLWATCH]     at java.base@17.0.12/java.util.concurrent.ForkJoinWorkerThread.run(ForkJoinWorkerThread.java:165)
[21:10:38] [coreswap-stallwatch/INFO] (Minecraft) [STDOUT]: [STALLWATCH] "Thread-7" id=100 state=TIMED_WAITING daemon=true
[21:10:38] [coreswap-stallwatch/INFO] (Minecraft) [STDOUT]: [STALLWATCH]     at java.base@17.0.12/jdk.internal.misc.Unsafe.park(Native Method)
[21:10:38] [coreswap-stallwatch/INFO] (Minecraft) [STDOUT]: [STALLWATCH]     at java.base@17.0.12/java.util.concurrent.locks.LockSupport.parkNanos(LockSupport.java:252)
[21:10:38] [coreswap-stallwatch/INFO] (Minecraft) [STDOUT]: [STALLWATCH]     at java.base@17.0.12/java.util.concurrent.SynchronousQueue$TransferStack.transfer(SynchronousQueue.java:401)
[21:10:38] [coreswap-stallwatch/INFO] (Minecraft) [STDOUT]: [STALLWATCH]     at java.base@17.0.12/java.util.concurrent.SynchronousQueue.poll(SynchronousQueue.java:903)
[21:10:38] [coreswap-stallwatch/INFO] (Minecraft) [STDOUT]: [STALLWATCH]     at java.base@17.0.12/java.util.concurrent.ThreadPoolExecutor.getTask(ThreadPoolExecutor.java:1061)
[21:10:38] [coreswap-stallwatch/INFO] (Minecraft) [STDOUT]: [STALLWATCH]     at java.base@17.0.12/java.util.concurrent.ThreadPoolExecutor.runWorker(ThreadPoolExecutor.java:1122)
[21:10:38] [coreswap-stallwatch/INFO] (Minecraft) [STDOUT]: [STALLWATCH]     at java.base@17.0.12/java.util.concurrent.ThreadPoolExecutor$Worker.run(ThreadPoolExecutor.java:635)
[21:10:38] [coreswap-stallwatch/INFO] (Minecraft) [STDOUT]: [STALLWATCH]     at java.base@17.0.12/java.lang.Thread.run(Thread.java:842)
[21:10:38] [coreswap-stallwatch/INFO] (Minecraft) [STDOUT]: [STALLWATCH] "Netty Server IO #0" id=91 state=RUNNABLE daemon=true
[21:10:38] [coreswap-stallwatch/INFO] (Minecraft) [STDOUT]: [STALLWATCH]     at java.base@17.0.12/sun.nio.ch.WEPoll.wait(Native Method)
[21:10:38] [coreswap-stallwatch/INFO] (Minecraft) [STDOUT]: [STALLWATCH]     at java.base@17.0.12/sun.nio.ch.WEPollSelectorImpl.doSelect(WEPollSelectorImpl.java:111)
[21:10:38] [coreswap-stallwatch/INFO] (Minecraft) [STDOUT]: [STALLWATCH]     at java.base@17.0.12/sun.nio.ch.SelectorImpl.lockAndDoSelect(SelectorImpl.java:129)
[21:10:38] [coreswap-stallwatch/INFO] (Minecraft) [STDOUT]: [STALLWATCH]     at java.base@17.0.12/sun.nio.ch.SelectorImpl.select(SelectorImpl.java:146)
[21:10:38] [coreswap-stallwatch/INFO] (Minecraft) [STDOUT]: [STALLWATCH]     at io.netty.channel.nio.SelectedSelectionKeySetSelector.select(SelectedSelectionKeySetSelector.java:68)
[21:10:38] [coreswap-stallwatch/INFO] (Minecraft) [STDOUT]: [STALLWATCH]     at io.netty.channel.nio.NioEventLoop.select(NioEventLoop.java:879)
[21:10:38] [coreswap-stallwatch/INFO] (Minecraft) [STDOUT]: [STALLWATCH]     at io.netty.channel.nio.NioEventLoop.run(NioEventLoop.java:526)
[21:10:38] [coreswap-stallwatch/INFO] (Minecraft) [STDOUT]: [STALLWATCH]     at io.netty.util.concurrent.SingleThreadEventExecutor$4.run(SingleThreadEventExecutor.java:997)
[21:10:38] [coreswap-stallwatch/INFO] (Minecraft) [STDOUT]: [STALLWATCH]     at io.netty.util.internal.ThreadExecutorMap$2.run(ThreadExecutorMap.java:74)
[21:10:38] [coreswap-stallwatch/INFO] (Minecraft) [STDOUT]: [STALLWATCH]     at java.base@17.0.12/java.lang.Thread.run(Thread.java:842)
[21:10:38] [coreswap-stallwatch/INFO] (Minecraft) [STDOUT]: [STALLWATCH] "Thread-6" id=99 state=TIMED_WAITING daemon=true
[21:10:38] [coreswap-stallwatch/INFO] (Minecraft) [STDOUT]: [STALLWATCH]     at java.base@17.0.12/jdk.internal.misc.Unsafe.park(Native Method)
[21:10:38] [coreswap-stallwatch/INFO] (Minecraft) [STDOUT]: [STALLWATCH]     at java.base@17.0.12/java.util.concurrent.locks.LockSupport.parkNanos(LockSupport.java:252)
[21:10:38] [coreswap-stallwatch/INFO] (Minecraft) [STDOUT]: [STALLWATCH]     at java.base@17.0.12/java.util.concurrent.SynchronousQueue$TransferStack.transfer(SynchronousQueue.java:401)
[21:10:38] [coreswap-stallwatch/INFO] (Minecraft) [STDOUT]: [STALLWATCH]     at java.base@17.0.12/java.util.concurrent.SynchronousQueue.poll(SynchronousQueue.java:903)
[21:10:38] [coreswap-stallwatch/INFO] (Minecraft) [STDOUT]: [STALLWATCH]     at java.base@17.0.12/java.util.concurrent.ThreadPoolExecutor.getTask(ThreadPoolExecutor.java:1061)
[21:10:38] [coreswap-stallwatch/INFO] (Minecraft) [STDOUT]: [STALLWATCH]     at java.base@17.0.12/java.util.concurrent.ThreadPoolExecutor.runWorker(ThreadPoolExecutor.java:1122)
[21:10:38] [coreswap-stallwatch/INFO] (Minecraft) [STDOUT]: [STALLWATCH]     at java.base@17.0.12/java.util.concurrent.ThreadPoolExecutor$Worker.run(ThreadPoolExecutor.java:635)
[21:10:38] [coreswap-stallwatch/INFO] (Minecraft) [STDOUT]: [STALLWATCH]     at java.base@17.0.12/java.lang.Thread.run(Thread.java:842)
[21:10:38] [coreswap-stallwatch/INFO] (Minecraft) [STDOUT]: [STALLWATCH] "Worker-Main-6" id=69 state=WAITING daemon=true
[21:10:38] [coreswap-stallwatch/INFO] (Minecraft) [STDOUT]: [STALLWATCH]     at java.base@17.0.12/jdk.internal.misc.Unsafe.park(Native Method)
[21:10:38] [coreswap-stallwatch/INFO] (Minecraft) [STDOUT]: [STALLWATCH]     at java.base@17.0.12/java.util.concurrent.locks.LockSupport.park(LockSupport.java:341)
[21:10:38] [coreswap-stallwatch/INFO] (Minecraft) [STDOUT]: [STALLWATCH]     at java.base@17.0.12/java.util.concurrent.ForkJoinPool.awaitWork(ForkJoinPool.java:1724)
[21:10:38] [coreswap-stallwatch/INFO] (Minecraft) [STDOUT]: [STALLWATCH]     at java.base@17.0.12/java.util.concurrent.ForkJoinPool.runWorker(ForkJoinPool.java:1623)
[21:10:38] [coreswap-stallwatch/INFO] (Minecraft) [STDOUT]: [STALLWATCH]     at java.base@17.0.12/java.util.concurrent.ForkJoinWorkerThread.run(ForkJoinWorkerThread.java:165)
[21:10:38] [coreswap-stallwatch/INFO] (Minecraft) [STDOUT]: [STALLWATCH] "RCON Listener #1" id=97 state=RUNNABLE daemon=false
[21:10:38] [coreswap-stallwatch/INFO] (Minecraft) [STDOUT]: [STALLWATCH]     at java.base@17.0.12/sun.nio.ch.Net.poll(Native Method)
[21:10:38] [coreswap-stallwatch/INFO] (Minecraft) [STDOUT]: [STALLWATCH]     at java.base@17.0.12/sun.nio.ch.NioSocketImpl.park(NioSocketImpl.java:186)
[21:10:38] [coreswap-stallwatch/INFO] (Minecraft) [STDOUT]: [STALLWATCH]     at java.base@17.0.12/sun.nio.ch.NioSocketImpl.timedAccept(NioSocketImpl.java:715)
[21:10:38] [coreswap-stallwatch/INFO] (Minecraft) [STDOUT]: [STALLWATCH]     at java.base@17.0.12/sun.nio.ch.NioSocketImpl.accept(NioSocketImpl.java:757)
[21:10:38] [coreswap-stallwatch/INFO] (Minecraft) [STDOUT]: [STALLWATCH]     at java.base@17.0.12/java.net.ServerSocket.implAccept(ServerSocket.java:675)
[21:10:38] [coreswap-stallwatch/INFO] (Minecraft) [STDOUT]: [STALLWATCH]     at java.base@17.0.12/java.net.ServerSocket.platformImplAccept(ServerSocket.java:641)
[21:10:38] [coreswap-stallwatch/INFO] (Minecraft) [STDOUT]: [STALLWATCH]     at java.base@17.0.12/java.net.ServerSocket.implAccept(ServerSocket.java:617)
[21:10:38] [coreswap-stallwatch/INFO] (Minecraft) [STDOUT]: [STALLWATCH]     at java.base@17.0.12/java.net.ServerSocket.implAccept(ServerSocket.java:574)
[21:10:38] [coreswap-stallwatch/INFO] (Minecraft) [STDOUT]: [STALLWATCH]     at java.base@17.0.12/java.net.ServerSocket.accept(ServerSocket.java:532)
[21:10:38] [coreswap-stallwatch/INFO] (Minecraft) [STDOUT]: [STALLWATCH]     at net.minecraft.server.rcon.RconListener.run(RconListener.java:38)
[21:10:38] [coreswap-stallwatch/INFO] (Minecraft) [STDOUT]: [STALLWATCH]     at java.base@17.0.12/java.lang.Thread.run(Thread.java:842)
[21:10:38] [coreswap-stallwatch/INFO] (Minecraft) [STDOUT]: [STALLWATCH] "Worker-Main-7" id=70 state=WAITING daemon=true
[21:10:38] [coreswap-stallwatch/INFO] (Minecraft) [STDOUT]: [STALLWATCH]     at java.base@17.0.12/jdk.internal.misc.Unsafe.park(Native Method)
[21:10:38] [coreswap-stallwatch/INFO] (Minecraft) [STDOUT]: [STALLWATCH]     at java.base@17.0.12/java.util.concurrent.locks.LockSupport.park(LockSupport.java:341)
[21:10:38] [coreswap-stallwatch/INFO] (Minecraft) [STDOUT]: [STALLWATCH]     at java.base@17.0.12/java.util.concurrent.ForkJoinPool.awaitWork(ForkJoinPool.java:1724)
[21:10:38] [coreswap-stallwatch/INFO] (Minecraft) [STDOUT]: [STALLWATCH]     at java.base@17.0.12/java.util.concurrent.ForkJoinPool.runWorker(ForkJoinPool.java:1623)
[21:10:38] [coreswap-stallwatch/INFO] (Minecraft) [STDOUT]: [STALLWATCH]     at java.base@17.0.12/java.util.concurrent.ForkJoinWorkerThread.run(ForkJoinWorkerThread.java:165)
[21:10:38] [coreswap-stallwatch/INFO] (Minecraft) [STDOUT]: [STALLWATCH] "Worker-Main-1" id=64 state=WAITING daemon=true
[21:10:38] [coreswap-stallwatch/INFO] (Minecraft) [STDOUT]: [STALLWATCH]     at java.base@17.0.12/jdk.internal.misc.Unsafe.park(Native Method)
[21:10:38] [coreswap-stallwatch/INFO] (Minecraft) [STDOUT]: [STALLWATCH]     at java.base@17.0.12/java.util.concurrent.locks.LockSupport.park(LockSupport.java:341)
[21:10:38] [coreswap-stallwatch/INFO] (Minecraft) [STDOUT]: [STALLWATCH]     at java.base@17.0.12/java.util.concurrent.ForkJoinPool.awaitWork(ForkJoinPool.java:1724)
[21:10:38] [coreswap-stallwatch/INFO] (Minecraft) [STDOUT]: [STALLWATCH]     at java.base@17.0.12/java.util.concurrent.ForkJoinPool.runWorker(ForkJoinPool.java:1623)
[21:10:38] [coreswap-stallwatch/INFO] (Minecraft) [STDOUT]: [STALLWATCH]     at java.base@17.0.12/java.util.concurrent.ForkJoinWorkerThread.run(ForkJoinWorkerThread.java:165)
[21:10:38] [coreswap-stallwatch/INFO] (Minecraft) [STDOUT]: [STALLWATCH] "Worker-Main-14" id=77 state=WAITING daemon=true
[21:10:38] [coreswap-stallwatch/INFO] (Minecraft) [STDOUT]: [STALLWATCH]     at java.base@17.0.12/jdk.internal.misc.Unsafe.park(Native Method)
[21:10:38] [coreswap-stallwatch/INFO] (Minecraft) [STDOUT]: [STALLWATCH]     at java.base@17.0.12/java.util.concurrent.locks.LockSupport.park(LockSupport.java:341)
[21:10:38] [coreswap-stallwatch/INFO] (Minecraft) [STDOUT]: [STALLWATCH]     at java.base@17.0.12/java.util.concurrent.ForkJoinPool.awaitWork(ForkJoinPool.java:1724)
[21:10:38] [coreswap-stallwatch/INFO] (Minecraft) [STDOUT]: [STALLWATCH]     at java.base@17.0.12/java.util.concurrent.ForkJoinPool.runWorker(ForkJoinPool.java:1623)
[21:10:38] [coreswap-stallwatch/INFO] (Minecraft) [STDOUT]: [STALLWATCH]     at java.base@17.0.12/java.util.concurrent.ForkJoinWorkerThread.run(ForkJoinWorkerThread.java:165)
[21:10:38] [coreswap-stallwatch/INFO] (Minecraft) [STDOUT]: [STALLWATCH] "Yggdrasil Key Fetcher" id=61 state=TIMED_WAITING daemon=true
[21:10:38] [coreswap-stallwatch/INFO] (Minecraft) [STDOUT]: [STALLWATCH]     at java.base@17.0.12/jdk.internal.misc.Unsafe.park(Native Method)
[21:10:38] [coreswap-stallwatch/INFO] (Minecraft) [STDOUT]: [STALLWATCH]     at java.base@17.0.12/java.util.concurrent.locks.LockSupport.parkNanos(LockSupport.java:252)
[21:10:38] [coreswap-stallwatch/INFO] (Minecraft) [STDOUT]: [STALLWATCH]     at java.base@17.0.12/java.util.concurrent.locks.AbstractQueuedSynchronizer$ConditionObject.awaitNanos(AbstractQueuedSynchronizer.java:1672)
[21:10:38] [coreswap-stallwatch/INFO] (Minecraft) [STDOUT]: [STALLWATCH]     at java.base@17.0.12/java.util.concurrent.ScheduledThreadPoolExecutor$DelayedWorkQueue.take(ScheduledThreadPoolExecutor.java:1182)
[21:10:38] [coreswap-stallwatch/INFO] (Minecraft) [STDOUT]: [STALLWATCH]     at java.base@17.0.12/java.util.concurrent.ScheduledThreadPoolExecutor$DelayedWorkQueue.take(ScheduledThreadPoolExecutor.java:899)
[21:10:38] [coreswap-stallwatch/INFO] (Minecraft) [STDOUT]: [STALLWATCH]     at java.base@17.0.12/java.util.concurrent.ThreadPoolExecutor.getTask(ThreadPoolExecutor.java:1062)
[21:10:38] [coreswap-stallwatch/INFO] (Minecraft) [STDOUT]: [STALLWATCH]     at java.base@17.0.12/java.util.concurrent.ThreadPoolExecutor.runWorker(ThreadPoolExecutor.java:1122)
[21:10:38] [coreswap-stallwatch/INFO] (Minecraft) [STDOUT]: [STALLWATCH]     at java.base@17.0.12/java.util.concurrent.ThreadPoolExecutor$Worker.run(ThreadPoolExecutor.java:635)
[21:10:38] [coreswap-stallwatch/INFO] (Minecraft) [STDOUT]: [STALLWATCH]     at java.base@17.0.12/java.lang.Thread.run(Thread.java:842)
[21:10:38] [coreswap-stallwatch/INFO] (Minecraft) [STDOUT]: [STALLWATCH] "Server thread" id=87 state=TIMED_WAITING daemon=false
[21:10:38] [coreswap-stallwatch/INFO] (Minecraft) [STDOUT]: [STALLWATCH]     at java.base@17.0.12/jdk.internal.misc.Unsafe.park(Native Method)
[21:10:38] [coreswap-stallwatch/INFO] (Minecraft) [STDOUT]: [STALLWATCH]     at java.base@17.0.12/java.util.concurrent.locks.LockSupport.parkNanos(LockSupport.java:252)
[21:10:38] [coreswap-stallwatch/INFO] (Minecraft) [STDOUT]: [STALLWATCH]     at net.minecraft.util.thread.ThreadExecutor.waitForTasks(ThreadExecutor.java:133)
[21:10:38] [coreswap-stallwatch/INFO] (Minecraft) [STDOUT]: [STALLWATCH]     at net.minecraft.util.thread.ThreadExecutor.runTasks(ThreadExecutor.java:123)
[21:10:38] [coreswap-stallwatch/INFO] (Minecraft) [STDOUT]: [STALLWATCH]     at net.minecraft.server.MinecraftServer.runTasksTillTickEnd(MinecraftServer.java:788)
[21:10:38] [coreswap-stallwatch/INFO] (Minecraft) [STDOUT]: [STALLWATCH]     at net.minecraft.server.MinecraftServer.runServer(MinecraftServer.java:726)
[21:10:38] [coreswap-stallwatch/INFO] (Minecraft) [STDOUT]: [STALLWATCH]     at net.minecraft.server.MinecraftServer.method_29739(MinecraftServer.java:267)
[21:10:38] [coreswap-stallwatch/INFO] (Minecraft) [STDOUT]: [STALLWATCH]     at net.minecraft.server.MinecraftServer$$Lambda$5063/0x00000255b5ad0f88.run(Unknown Source)
[21:10:38] [coreswap-stallwatch/INFO] (Minecraft) [STDOUT]: [STALLWATCH]     at java.base@17.0.12/java.lang.Thread.run(Thread.java:842)
[21:10:38] [coreswap-stallwatch/INFO] (Minecraft) [STDOUT]: [STALLWATCH] "IO-Worker-26" id=94 state=TIMED_WAITING daemon=false
[21:10:38] [coreswap-stallwatch/INFO] (Minecraft) [STDOUT]: [STALLWATCH]     at java.base@17.0.12/jdk.internal.misc.Unsafe.park(Native Method)
[21:10:38] [coreswap-stallwatch/INFO] (Minecraft) [STDOUT]: [STALLWATCH]     at java.base@17.0.12/java.util.concurrent.locks.LockSupport.parkNanos(LockSupport.java:252)
[21:10:38] [coreswap-stallwatch/INFO] (Minecraft) [STDOUT]: [STALLWATCH]     at java.base@17.0.12/java.util.concurrent.SynchronousQueue$TransferStack.transfer(SynchronousQueue.java:401)
[21:10:38] [coreswap-stallwatch/INFO] (Minecraft) [STDOUT]: [STALLWATCH]     at java.base@17.0.12/java.util.concurrent.SynchronousQueue.poll(SynchronousQueue.java:903)
[21:10:38] [coreswap-stallwatch/INFO] (Minecraft) [STDOUT]: [STALLWATCH]     at java.base@17.0.12/java.util.concurrent.ThreadPoolExecutor.getTask(ThreadPoolExecutor.java:1061)
[21:10:38] [coreswap-stallwatch/INFO] (Minecraft) [STDOUT]: [STALLWATCH]     at java.base@17.0.12/java.util.concurrent.ThreadPoolExecutor.runWorker(ThreadPoolExecutor.java:1122)
[21:10:38] [coreswap-stallwatch/INFO] (Minecraft) [STDOUT]: [STALLWATCH]     at java.base@17.0.12/java.util.concurrent.ThreadPoolExecutor$Worker.run(ThreadPoolExecutor.java:635)
[21:10:38] [coreswap-stallwatch/INFO] (Minecraft) [STDOUT]: [STALLWATCH]     at java.base@17.0.12/java.lang.Thread.run(Thread.java:842)
[21:10:38] [coreswap-stallwatch/INFO] (Minecraft) [STDOUT]: [STALLWATCH] "JNA Cleaner" id=59 state=WAITING daemon=true
[21:10:38] [coreswap-stallwatch/INFO] (Minecraft) [STDOUT]: [STALLWATCH]     at java.base@17.0.12/java.lang.Object.wait(Native Method)
[21:10:38] [coreswap-stallwatch/INFO] (Minecraft) [STDOUT]: [STALLWATCH]     at java.base@17.0.12/java.lang.ref.ReferenceQueue.remove(ReferenceQueue.java:155)
[21:10:38] [coreswap-stallwatch/INFO] (Minecraft) [STDOUT]: [STALLWATCH]     at java.base@17.0.12/java.lang.ref.ReferenceQueue.remove(ReferenceQueue.java:176)
[21:10:38] [coreswap-stallwatch/INFO] (Minecraft) [STDOUT]: [STALLWATCH]     at com.sun.jna.internal.Cleaner$1.run(Cleaner.java:58)
[21:10:38] [coreswap-stallwatch/INFO] (Minecraft) [STDOUT]: [STALLWATCH] "Worker-Main-21" id=84 state=RUNNABLE daemon=true
[21:10:38] [coreswap-stallwatch/INFO] (Minecraft) [STDOUT]: [STALLWATCH]     at wg.CppWorldgen.fillBlocks(Native Method)
[21:10:38] [coreswap-stallwatch/INFO] (Minecraft) [STDOUT]: [STALLWATCH]     at wg.bench.CppBridge.fillChunk(CppBridge.java:377)
[21:10:38] [coreswap-stallwatch/INFO] (Minecraft) [STDOUT]: [STALLWATCH]     at net.minecraft.world.gen.chunk.NoiseChunkGenerator.md6b07e4$coreswap$lambda$wgPopulateNoise$1$2(NoiseChunkGenerator.java:671)
[21:10:38] [coreswap-stallwatch/INFO] (Minecraft) [STDOUT]: [STALLWATCH]     at net.minecraft.world.gen.chunk.NoiseChunkGenerator$$Lambda$5996/0x00000255b5c79370.get(Unknown Source)
[21:10:38] [coreswap-stallwatch/INFO] (Minecraft) [STDOUT]: [STALLWATCH]     at net.minecraft.world.gen.chunk.NoiseChunkGenerator.wgDispatch(NoiseChunkGenerator.java:610)
[21:10:38] [coreswap-stallwatch/INFO] (Minecraft) [STDOUT]: [STALLWATCH]     at net.minecraft.world.gen.chunk.NoiseChunkGenerator.handler$zfl000$coreswap$wgPopulateNoise(NoiseChunkGenerator.java:687)
[21:10:38] [coreswap-stallwatch/INFO] (Minecraft) [STDOUT]: [STALLWATCH]     at net.minecraft.world.gen.chunk.NoiseChunkGenerator.populateNoise(NoiseChunkGenerator.java)
[21:10:38] [coreswap-stallwatch/INFO] (Minecraft) [STDOUT]: [STALLWATCH]     at net.minecraft.world.chunk.ChunkStatus.method_38284(ChunkStatus.java:96)
[21:10:38] [coreswap-stallwatch/INFO] (Minecraft) [STDOUT]: [STALLWATCH]     at net.minecraft.world.chunk.ChunkStatus$$Lambda$1753/0x00000255b56ec670.doWork(Unknown Source)
[21:10:38] [coreswap-stallwatch/INFO] (Minecraft) [STDOUT]: [STALLWATCH]     at net.minecraft.world.chunk.ChunkStatus.runGenerationTask(ChunkStatus.java:357)
[21:10:38] [coreswap-stallwatch/INFO] (Minecraft) [STDOUT]: [STALLWATCH]     at net.minecraft.server.world.ThreadedAnvilChunkStorage.method_17225(ThreadedAnvilChunkStorage.java:656)
[21:10:38] [coreswap-stallwatch/INFO] (Minecraft) [STDOUT]: [STALLWATCH]     at net.minecraft.server.world.ThreadedAnvilChunkStorage$$Lambda$5299/0x00000255b5b9daa0.apply(Unknown Source)
[21:10:38] [coreswap-stallwatch/INFO] (Minecraft) [STDOUT]: [STALLWATCH]     at com.mojang.datafixers.util.Either$Left.map(Either.java:38)
[21:10:38] [coreswap-stallwatch/INFO] (Minecraft) [STDOUT]: [STALLWATCH]     at net.minecraft.server.world.ThreadedAnvilChunkStorage.method_17224(ThreadedAnvilChunkStorage.java:645)
[21:10:38] [coreswap-stallwatch/INFO] (Minecraft) [STDOUT]: [STALLWATCH]     at net.minecraft.server.world.ThreadedAnvilChunkStorage$$Lambda$5253/0x00000255b5b8b9c8.apply(Unknown Source)
[21:10:38] [coreswap-stallwatch/INFO] (Minecraft) [STDOUT]: [STALLWATCH]     at java.base@17.0.12/java.util.concurrent.CompletableFuture$UniCompose.tryFire(CompletableFuture.java:1150)
[21:10:38] [coreswap-stallwatch/INFO] (Minecraft) [STDOUT]: [STALLWATCH]     at java.base@17.0.12/java.util.concurrent.CompletableFuture$Completion.run(CompletableFuture.java:482)
[21:10:38] [coreswap-stallwatch/INFO] (Minecraft) [STDOUT]: [STALLWATCH]     at net.minecraft.server.world.ChunkTaskPrioritySystem.method_17634(ChunkTaskPrioritySystem.java:49)
[21:10:38] [coreswap-stallwatch/INFO] (Minecraft) [STDOUT]: [STALLWATCH]     at net.minecraft.server.world.ChunkTaskPrioritySystem$$Lambda$5297/0x00000255b5b9d650.run(Unknown Source)
[21:10:38] [coreswap-stallwatch/INFO] (Minecraft) [STDOUT]: [STALLWATCH]     at net.minecraft.util.thread.TaskExecutor.runNext(TaskExecutor.java:79)
[21:10:38] [coreswap-stallwatch/INFO] (Minecraft) [STDOUT]: [STALLWATCH]     at net.minecraft.util.thread.TaskExecutor.runWhile(TaskExecutor.java:129)
[21:10:38] [coreswap-stallwatch/INFO] (Minecraft) [STDOUT]: [STALLWATCH]     at net.minecraft.util.thread.TaskExecutor.run(TaskExecutor.java:87)
[21:10:38] [coreswap-stallwatch/INFO] (Minecraft) [STDOUT]: [STALLWATCH]     at java.base@17.0.12/java.util.concurrent.ForkJoinTask$RunnableExecuteAction.exec(ForkJoinTask.java:1395)
[21:10:38] [coreswap-stallwatch/INFO] (Minecraft) [STDOUT]: [STALLWATCH]     at java.base@17.0.12/java.util.concurrent.ForkJoinTask.doExec(ForkJoinTask.java:373)
[21:10:38] [coreswap-stallwatch/INFO] (Minecraft) [STDOUT]: [STALLWATCH]     at java.base@17.0.12/java.util.concurrent.ForkJoinPool$WorkQueue.topLevelExec(ForkJoinPool.java:1182)
[21:10:38] [coreswap-stallwatch/INFO] (Minecraft) [STDOUT]: [STALLWATCH]     at java.base@17.0.12/java.util.concurrent.ForkJoinPool.scan(ForkJoinPool.java:1655)
[21:10:38] [coreswap-stallwatch/INFO] (Minecraft) [STDOUT]: [STALLWATCH]     at java.base@17.0.12/java.util.concurrent.ForkJoinPool.runWorker(ForkJoinPool.java:1622)
[21:10:38] [coreswap-stallwatch/INFO] (Minecraft) [STDOUT]: [STALLWATCH]     at java.base@17.0.12/java.util.concurrent.ForkJoinWorkerThread.run(ForkJoinWorkerThread.java:165)
[21:10:38] [coreswap-stallwatch/INFO] (Minecraft) [STDOUT]: [STALLWATCH] "Notification Thread" id=21 state=RUNNABLE daemon=true
[21:10:38] [coreswap-stallwatch/INFO] (Minecraft) [STDOUT]: [STALLWATCH] "DestroyJavaVM" id=89 state=RUNNABLE daemon=false
[21:10:38] [coreswap-stallwatch/INFO] (Minecraft) [STDOUT]: [STALLWATCH] "Attach Listener" id=5 state=RUNNABLE daemon=true
[21:10:38] [coreswap-stallwatch/INFO] (Minecraft) [STDOUT]: [STALLWATCH] "Signal Dispatcher" id=4 state=RUNNABLE daemon=true
[21:10:38] [coreswap-stallwatch/INFO] (Minecraft) [STDOUT]: [STALLWATCH] "Worker-Main-18" id=81 state=WAITING daemon=true
[21:10:38] [coreswap-stallwatch/INFO] (Minecraft) [STDOUT]: [STALLWATCH]     at java.base@17.0.12/jdk.internal.misc.Unsafe.park(Native Method)
[21:10:38] [coreswap-stallwatch/INFO] (Minecraft) [STDOUT]: [STALLWATCH]     at java.base@17.0.12/java.util.concurrent.locks.LockSupport.park(LockSupport.java:341)
[21:10:38] [coreswap-stallwatch/INFO] (Minecraft) [STDOUT]: [STALLWATCH]     at java.base@17.0.12/java.util.concurrent.ForkJoinPool.awaitWork(ForkJoinPool.java:1724)
[21:10:38] [coreswap-stallwatch/INFO] (Minecraft) [STDOUT]: [STALLWATCH]     at java.base@17.0.12/java.util.concurrent.ForkJoinPool.runWorker(ForkJoinPool.java:1623)
[21:10:38] [coreswap-stallwatch/INFO] (Minecraft) [STDOUT]: [STALLWATCH]     at java.base@17.0.12/java.util.concurrent.ForkJoinWorkerThread.run(ForkJoinWorkerThread.java:165)
[21:10:38] [coreswap-stallwatch/INFO] (Minecraft) [STDOUT]: [STALLWATCH] "Worker-Main-5" id=68 state=WAITING daemon=true
[21:10:38] [coreswap-stallwatch/INFO] (Minecraft) [STDOUT]: [STALLWATCH]     at java.base@17.0.12/jdk.internal.misc.Unsafe.park(Native Method)
[21:10:38] [coreswap-stallwatch/INFO] (Minecraft) [STDOUT]: [STALLWATCH]     at java.base@17.0.12/java.util.concurrent.locks.LockSupport.park(LockSupport.java:341)
[21:10:38] [coreswap-stallwatch/INFO] (Minecraft) [STDOUT]: [STALLWATCH]     at java.base@17.0.12/java.util.concurrent.ForkJoinPool.awaitWork(ForkJoinPool.java:1724)
[21:10:38] [coreswap-stallwatch/INFO] (Minecraft) [STDOUT]: [STALLWATCH]     at java.base@17.0.12/java.util.concurrent.ForkJoinPool.runWorker(ForkJoinPool.java:1623)
[21:10:38] [coreswap-stallwatch/INFO] (Minecraft) [STDOUT]: [STALLWATCH]     at java.base@17.0.12/java.util.concurrent.ForkJoinWorkerThread.run(ForkJoinWorkerThread.java:165)
[21:10:38] [coreswap-stallwatch/INFO] (Minecraft) [STDOUT]: [STALLWATCH] "coreswap-stallwatch" id=98 state=RUNNABLE daemon=true
[21:10:38] [coreswap-stallwatch/INFO] (Minecraft) [STDOUT]: [STALLWATCH]     at java.base@17.0.12/java.lang.Thread.dumpThreads(Native Method)
[21:10:38] [coreswap-stallwatch/INFO] (Minecraft) [STDOUT]: [STALLWATCH]     at java.base@17.0.12/java.lang.Thread.getAllStackTraces(Thread.java:1673)
[21:10:38] [coreswap-stallwatch/INFO] (Minecraft) [STDOUT]: [STALLWATCH]     at wg.bench.StallWatch.lambda$start$0(StallWatch.java:41)
[21:10:38] [coreswap-stallwatch/INFO] (Minecraft) [STDOUT]: [STALLWATCH]     at wg.bench.StallWatch$$Lambda$5791/0x00000255b5c25080.run(Unknown Source)
[21:10:38] [coreswap-stallwatch/INFO] (Minecraft) [STDOUT]: [STALLWATCH]     at java.base@17.0.12/java.lang.Thread.run(Thread.java:842)
[21:10:38] [coreswap-stallwatch/INFO] (Minecraft) [STDOUT]: [STALLWATCH] "Worker-Main-16" id=79 state=WAITING daemon=true
[21:10:38] [coreswap-stallwatch/INFO] (Minecraft) [STDOUT]: [STALLWATCH]     at java.base@17.0.12/jdk.internal.misc.Unsafe.park(Native Method)
[21:10:38] [coreswap-stallwatch/INFO] (Minecraft) [STDOUT]: [STALLWATCH]     at java.base@17.0.12/java.util.concurrent.locks.LockSupport.park(LockSupport.java:341)
[21:10:38] [coreswap-stallwatch/INFO] (Minecraft) [STDOUT]: [STALLWATCH]     at java.base@17.0.12/java.util.concurrent.ForkJoinPool.awaitWork(ForkJoinPool.java:1724)
[21:10:38] [coreswap-stallwatch/INFO] (Minecraft) [STDOUT]: [STALLWATCH]     at java.base@17.0.12/java.util.concurrent.ForkJoinPool.runWorker(ForkJoinPool.java:1623)
[21:10:38] [coreswap-stallwatch/INFO] (Minecraft) [STDOUT]: [STALLWATCH]     at java.base@17.0.12/java.util.concurrent.ForkJoinWorkerThread.run(ForkJoinWorkerThread.java:165)
[21:10:38] [coreswap-stallwatch/INFO] (Minecraft) [STDOUT]: [STALLWATCH] "Worker-Main-8" id=71 state=WAITING daemon=true
[21:10:38] [coreswap-stallwatch/INFO] (Minecraft) [STDOUT]: [STALLWATCH]     at java.base@17.0.12/jdk.internal.misc.Unsafe.park(Native Method)
[21:10:38] [coreswap-stallwatch/INFO] (Minecraft) [STDOUT]: [STALLWATCH]     at java.base@17.0.12/java.util.concurrent.locks.LockSupport.park(LockSupport.java:341)
[21:10:38] [coreswap-stallwatch/INFO] (Minecraft) [STDOUT]: [STALLWATCH]     at java.base@17.0.12/java.util.concurrent.ForkJoinPool.awaitWork(ForkJoinPool.java:1724)
[21:10:38] [coreswap-stallwatch/INFO] (Minecraft) [STDOUT]: [STALLWATCH]     at java.base@17.0.12/java.util.concurrent.ForkJoinPool.runWorker(ForkJoinPool.java:1623)
[21:10:38] [coreswap-stallwatch/INFO] (Minecraft) [STDOUT]: [STALLWATCH]     at java.base@17.0.12/java.util.concurrent.ForkJoinWorkerThread.run(ForkJoinWorkerThread.java:165)
[21:10:38] [coreswap-stallwatch/INFO] (Minecraft) [STDOUT]: [STALLWATCH] "IO-Worker-25" id=93 state=TIMED_WAITING daemon=false
[21:10:38] [coreswap-stallwatch/INFO] (Minecraft) [STDOUT]: [STALLWATCH]     at java.base@17.0.12/jdk.internal.misc.Unsafe.park(Native Method)
[21:10:38] [coreswap-stallwatch/INFO] (Minecraft) [STDOUT]: [STALLWATCH]     at java.base@17.0.12/java.util.concurrent.locks.LockSupport.parkNanos(LockSupport.java:252)
[21:10:38] [coreswap-stallwatch/INFO] (Minecraft) [STDOUT]: [STALLWATCH]     at java.base@17.0.12/java.util.concurrent.SynchronousQueue$TransferStack.transfer(SynchronousQueue.java:401)
[21:10:38] [coreswap-stallwatch/INFO] (Minecraft) [STDOUT]: [STALLWATCH]     at java.base@17.0.12/java.util.concurrent.SynchronousQueue.poll(SynchronousQueue.java:903)
[21:10:38] [coreswap-stallwatch/INFO] (Minecraft) [STDOUT]: [STALLWATCH]     at java.base@17.0.12/java.util.concurrent.ThreadPoolExecutor.getTask(ThreadPoolExecutor.java:1061)
[21:10:38] [coreswap-stallwatch/INFO] (Minecraft) [STDOUT]: [STALLWATCH]     at java.base@17.0.12/java.util.concurrent.ThreadPoolExecutor.runWorker(ThreadPoolExecutor.java:1122)
[21:10:38] [coreswap-stallwatch/INFO] (Minecraft) [STDOUT]: [STALLWATCH]     at java.base@17.0.12/java.util.concurrent.ThreadPoolExecutor$Worker.run(ThreadPoolExecutor.java:635)
[21:10:38] [coreswap-stallwatch/INFO] (Minecraft) [STDOUT]: [STALLWATCH]     at java.base@17.0.12/java.lang.Thread.run(Thread.java:842)
[21:10:38] [coreswap-stallwatch/INFO] (Minecraft) [STDOUT]: [STALLWATCH] === end ===
[21:10:41] [RCON Listener #1/INFO] (Minecraft) Thread RCON Client /127.0.0.1 started
[21:10:41] [RCON Client /127.0.0.1 #7/INFO] (Minecraft) Thread RCON Client /127.0.0.1 shutting down
[21:10:44] [Server thread/INFO] (Minecraft) [Chunky] Task running for minecraft:overworld. Processed: 280 chunks (6.63%), ETA: 0:04:51, Rate: 13.5 cps, Current: -22, -17
[21:10:47] [Worker-Main-1/INFO] (Minecraft) [STDOUT]: [CHUNKTIME] n=512 perChunk(ms): mixin=46.65 gap=869.73 | sumMixin=23.9s sumGap=445.3s | inflight max=1 now=1
[21:10:51] [RCON Listener #1/INFO] (Minecraft) Thread RCON Client /127.0.0.1 started
[21:10:51] [RCON Client /127.0.0.1 #8/INFO] (Minecraft) Thread RCON Client /127.0.0.1 shutting down
[21:10:54] [Server thread/INFO] (Minecraft) [Chunky] Task running for minecraft:overworld. Processed: 403 chunks (9.54%), ETA: 0:04:47, Rate: 13.3 cps, Current: -32, -10
[21:11:01] [Worker-Main-15/INFO] (Minecraft) [STDOUT]: [CHUNKTIME] n=768 perChunk(ms): mixin=48.03 gap=980.29 | sumMixin=36.9s sumGap=752.9s | inflight max=1 now=1
[21:11:01] [RCON Listener #1/INFO] (Minecraft) Thread RCON Client /127.0.0.1 started
[21:11:01] [RCON Client /127.0.0.1 #9/INFO] (Minecraft) Thread RCON Client /127.0.0.1 shutting down
[21:11:04] [Server thread/INFO] (Minecraft) [Chunky] Task running for minecraft:overworld. Processed: 580 chunks (13.73%), ETA: 0:03:53, Rate: 15.6 cps, Current: -13, -4
[21:11:08] [coreswap-stallwatch/INFO] (Minecraft) [STDOUT]: [STALLWATCH] === thread dump @ Thu Sep 10 21:11:08 HKT 2026 (interval=30s) ===
[21:11:08] [coreswap-stallwatch/INFO] (Minecraft) [STDOUT]: [STALLWATCH] "Timer hack thread" id=60 state=TIMED_WAITING daemon=true
[21:11:08] [coreswap-stallwatch/INFO] (Minecraft) [STDOUT]: [STALLWATCH]     at java.base@17.0.12/java.lang.Thread.sleep(Native Method)
[21:11:08] [coreswap-stallwatch/INFO] (Minecraft) [STDOUT]: [STALLWATCH]     at net.minecraft.util.Util$9.run(Util.java:863)
[21:11:08] [coreswap-stallwatch/INFO] (Minecraft) [STDOUT]: [STALLWATCH] "Worker-Main-2" id=65 state=WAITING daemon=true
[21:11:08] [coreswap-stallwatch/INFO] (Minecraft) [STDOUT]: [STALLWATCH]     at java.base@17.0.12/jdk.internal.misc.Unsafe.park(Native Method)
[21:11:08] [coreswap-stallwatch/INFO] (Minecraft) [STDOUT]: [STALLWATCH]     at java.base@17.0.12/java.util.concurrent.locks.LockSupport.park(LockSupport.java:341)
[21:11:08] [coreswap-stallwatch/INFO] (Minecraft) [STDOUT]: [STALLWATCH]     at java.base@17.0.12/java.util.concurrent.ForkJoinPool.awaitWork(ForkJoinPool.java:1724)
[21:11:08] [coreswap-stallwatch/INFO] (Minecraft) [STDOUT]: [STALLWATCH]     at java.base@17.0.12/java.util.concurrent.ForkJoinPool.runWorker(ForkJoinPool.java:1623)
[21:11:08] [coreswap-stallwatch/INFO] (Minecraft) [STDOUT]: [STALLWATCH]     at java.base@17.0.12/java.util.concurrent.ForkJoinWorkerThread.run(ForkJoinWorkerThread.java:165)
[21:11:08] [coreswap-stallwatch/INFO] (Minecraft) [STDOUT]: [STALLWATCH] "Worker-Main-17" id=80 state=WAITING daemon=true
[21:11:08] [coreswap-stallwatch/INFO] (Minecraft) [STDOUT]: [STALLWATCH]     at java.base@17.0.12/jdk.internal.misc.Unsafe.park(Native Method)
[21:11:08] [coreswap-stallwatch/INFO] (Minecraft) [STDOUT]: [STALLWATCH]     at java.base@17.0.12/java.util.concurrent.locks.LockSupport.park(LockSupport.java:341)
[21:11:08] [coreswap-stallwatch/INFO] (Minecraft) [STDOUT]: [STALLWATCH]     at java.base@17.0.12/java.util.concurrent.ForkJoinPool.awaitWork(ForkJoinPool.java:1724)
[21:11:08] [coreswap-stallwatch/INFO] (Minecraft) [STDOUT]: [STALLWATCH]     at java.base@17.0.12/java.util.concurrent.ForkJoinPool.runWorker(ForkJoinPool.java:1623)
[21:11:08] [coreswap-stallwatch/INFO] (Minecraft) [STDOUT]: [STALLWATCH]     at java.base@17.0.12/java.util.concurrent.ForkJoinWorkerThread.run(ForkJoinWorkerThread.java:165)
[21:11:08] [coreswap-stallwatch/INFO] (Minecraft) [STDOUT]: [STALLWATCH] "Worker-Main-23" id=86 state=WAITING daemon=true
[21:11:08] [coreswap-stallwatch/INFO] (Minecraft) [STDOUT]: [STALLWATCH]     at java.base@17.0.12/jdk.internal.misc.Unsafe.park(Native Method)
[21:11:08] [coreswap-stallwatch/INFO] (Minecraft) [STDOUT]: [STALLWATCH]     at java.base@17.0.12/java.util.concurrent.locks.LockSupport.park(LockSupport.java:341)
[21:11:08] [coreswap-stallwatch/INFO] (Minecraft) [STDOUT]: [STALLWATCH]     at java.base@17.0.12/java.util.concurrent.ForkJoinPool.awaitWork(ForkJoinPool.java:1724)
[21:11:08] [coreswap-stallwatch/INFO] (Minecraft) [STDOUT]: [STALLWATCH]     at java.base@17.0.12/java.util.concurrent.ForkJoinPool.runWorker(ForkJoinPool.java:1623)
[21:11:08] [coreswap-stallwatch/INFO] (Minecraft) [STDOUT]: [STALLWATCH]     at java.base@17.0.12/java.util.concurrent.ForkJoinWorkerThread.run(ForkJoinWorkerThread.java:165)
[21:11:08] [coreswap-stallwatch/INFO] (Minecraft) [STDOUT]: [STALLWATCH] "Worker-Main-9" id=72 state=WAITING daemon=true
[21:11:08] [coreswap-stallwatch/INFO] (Minecraft) [STDOUT]: [STALLWATCH]     at java.base@17.0.12/jdk.internal.misc.Unsafe.park(Native Method)
[21:11:08] [coreswap-stallwatch/INFO] (Minecraft) [STDOUT]: [STALLWATCH]     at java.base@17.0.12/java.util.concurrent.locks.LockSupport.park(LockSupport.java:341)
[21:11:08] [coreswap-stallwatch/INFO] (Minecraft) [STDOUT]: [STALLWATCH]     at java.base@17.0.12/java.util.concurrent.ForkJoinPool.awaitWork(ForkJoinPool.java:1724)
[21:11:08] [coreswap-stallwatch/INFO] (Minecraft) [STDOUT]: [STALLWATCH]     at java.base@17.0.12/java.util.concurrent.ForkJoinPool.runWorker(ForkJoinPool.java:1623)
[21:11:08] [coreswap-stallwatch/INFO] (Minecraft) [STDOUT]: [STALLWATCH]     at java.base@17.0.12/java.util.concurrent.ForkJoinWorkerThread.run(ForkJoinWorkerThread.java:165)
[21:11:08] [coreswap-stallwatch/INFO] (Minecraft) [STDOUT]: [STALLWATCH] "Worker-Main-10" id=73 state=WAITING daemon=true
[21:11:08] [coreswap-stallwatch/INFO] (Minecraft) [STDOUT]: [STALLWATCH]     at java.base@17.0.12/jdk.internal.misc.Unsafe.park(Native Method)
[21:11:08] [coreswap-stallwatch/INFO] (Minecraft) [STDOUT]: [STALLWATCH]     at java.base@17.0.12/java.util.concurrent.locks.LockSupport.park(LockSupport.java:341)
[21:11:08] [coreswap-stallwatch/INFO] (Minecraft) [STDOUT]: [STALLWATCH]     at java.base@17.0.12/java.util.concurrent.ForkJoinPool.awaitWork(ForkJoinPool.java:1724)
[21:11:08] [coreswap-stallwatch/INFO] (Minecraft) [STDOUT]: [STALLWATCH]     at java.base@17.0.12/java.util.concurrent.ForkJoinPool.runWorker(ForkJoinPool.java:1623)
[21:11:08] [coreswap-stallwatch/INFO] (Minecraft) [STDOUT]: [STALLWATCH]     at java.base@17.0.12/java.util.concurrent.ForkJoinWorkerThread.run(ForkJoinWorkerThread.java:165)
[21:11:08] [coreswap-stallwatch/INFO] (Minecraft) [STDOUT]: [STALLWATCH] "Worker-Main-15" id=78 state=RUNNABLE daemon=true
[21:11:08] [coreswap-stallwatch/INFO] (Minecraft) [STDOUT]: [STALLWATCH]     at wg.CppWorldgen.fillBlocks(Native Method)
[21:11:08] [coreswap-stallwatch/INFO] (Minecraft) [STDOUT]: [STALLWATCH]     at wg.bench.CppBridge.fillChunk(CppBridge.java:377)
[21:11:08] [coreswap-stallwatch/INFO] (Minecraft) [STDOUT]: [STALLWATCH]     at net.minecraft.world.gen.chunk.NoiseChunkGenerator.md6b07e4$coreswap$lambda$wgPopulateNoise$1$2(NoiseChunkGenerator.java:671)
[21:11:08] [coreswap-stallwatch/INFO] (Minecraft) [STDOUT]: [STALLWATCH]     at net.minecraft.world.gen.chunk.NoiseChunkGenerator$$Lambda$5996/0x00000255b5c79370.get(Unknown Source)
[21:11:08] [coreswap-stallwatch/INFO] (Minecraft) [STDOUT]: [STALLWATCH]     at net.minecraft.world.gen.chunk.NoiseChunkGenerator.wgDispatch(NoiseChunkGenerator.java:610)
[21:11:08] [coreswap-stallwatch/INFO] (Minecraft) [STDOUT]: [STALLWATCH]     at net.minecraft.world.gen.chunk.NoiseChunkGenerator.handler$zfl000$coreswap$wgPopulateNoise(NoiseChunkGenerator.java:687)
[21:11:08] [coreswap-stallwatch/INFO] (Minecraft) [STDOUT]: [STALLWATCH]     at net.minecraft.world.gen.chunk.NoiseChunkGenerator.populateNoise(NoiseChunkGenerator.java)
[21:11:08] [coreswap-stallwatch/INFO] (Minecraft) [STDOUT]: [STALLWATCH]     at net.minecraft.world.chunk.ChunkStatus.method_38284(ChunkStatus.java:96)
[21:11:08] [coreswap-stallwatch/INFO] (Minecraft) [STDOUT]: [STALLWATCH]     at net.minecraft.world.chunk.ChunkStatus$$Lambda$1753/0x00000255b56ec670.doWork(Unknown Source)
[21:11:08] [coreswap-stallwatch/INFO] (Minecraft) [STDOUT]: [STALLWATCH]     at net.minecraft.world.chunk.ChunkStatus.runGenerationTask(ChunkStatus.java:357)
[21:11:08] [coreswap-stallwatch/INFO] (Minecraft) [STDOUT]: [STALLWATCH]     at net.minecraft.server.world.ThreadedAnvilChunkStorage.method_17225(ThreadedAnvilChunkStorage.java:656)
[21:11:08] [coreswap-stallwatch/INFO] (Minecraft) [STDOUT]: [STALLWATCH]     at net.minecraft.server.world.ThreadedAnvilChunkStorage$$Lambda$5299/0x00000255b5b9daa0.apply(Unknown Source)
[21:11:08] [coreswap-stallwatch/INFO] (Minecraft) [STDOUT]: [STALLWATCH]     at com.mojang.datafixers.util.Either$Left.map(Either.java:38)
[21:11:08] [coreswap-stallwatch/INFO] (Minecraft) [STDOUT]: [STALLWATCH]     at net.minecraft.server.world.ThreadedAnvilChunkStorage.method_17224(ThreadedAnvilChunkStorage.java:645)
[21:11:08] [coreswap-stallwatch/INFO] (Minecraft) [STDOUT]: [STALLWATCH]     at net.minecraft.server.world.ThreadedAnvilChunkStorage$$Lambda$5253/0x00000255b5b8b9c8.apply(Unknown Source)
[21:11:08] [coreswap-stallwatch/INFO] (Minecraft) [STDOUT]: [STALLWATCH]     at java.base@17.0.12/java.util.concurrent.CompletableFuture$UniCompose.tryFire(CompletableFuture.java:1150)
[21:11:08] [coreswap-stallwatch/INFO] (Minecraft) [STDOUT]: [STALLWATCH]     at java.base@17.0.12/java.util.concurrent.CompletableFuture$Completion.run(CompletableFuture.java:482)
[21:11:08] [coreswap-stallwatch/INFO] (Minecraft) [STDOUT]: [STALLWATCH]     at net.minecraft.server.world.ChunkTaskPrioritySystem.method_17634(ChunkTaskPrioritySystem.java:49)
[21:11:08] [coreswap-stallwatch/INFO] (Minecraft) [STDOUT]: [STALLWATCH]     at net.minecraft.server.world.ChunkTaskPrioritySystem$$Lambda$5297/0x00000255b5b9d650.run(Unknown Source)
[21:11:08] [coreswap-stallwatch/INFO] (Minecraft) [STDOUT]: [STALLWATCH]     at net.minecraft.util.thread.TaskExecutor.runNext(TaskExecutor.java:79)
[21:11:08] [coreswap-stallwatch/INFO] (Minecraft) [STDOUT]: [STALLWATCH]     at net.minecraft.util.thread.TaskExecutor.runWhile(TaskExecutor.java:129)
[21:11:08] [coreswap-stallwatch/INFO] (Minecraft) [STDOUT]: [STALLWATCH]     at net.minecraft.util.thread.TaskExecutor.run(TaskExecutor.java:87)
[21:11:08] [coreswap-stallwatch/INFO] (Minecraft) [STDOUT]: [STALLWATCH]     at java.base@17.0.12/java.util.concurrent.ForkJoinTask$RunnableExecuteAction.exec(ForkJoinTask.java:1395)
[21:11:08] [coreswap-stallwatch/INFO] (Minecraft) [STDOUT]: [STALLWATCH]     at java.base@17.0.12/java.util.concurrent.ForkJoinTask.doExec(ForkJoinTask.java:373)
[21:11:08] [coreswap-stallwatch/INFO] (Minecraft) [STDOUT]: [STALLWATCH]     at java.base@17.0.12/java.util.concurrent.ForkJoinPool$WorkQueue.topLevelExec(ForkJoinPool.java:1182)
[21:11:08] [coreswap-stallwatch/INFO] (Minecraft) [STDOUT]: [STALLWATCH]     at java.base@17.0.12/java.util.concurrent.ForkJoinPool.scan(ForkJoinPool.java:1655)
[21:11:08] [coreswap-stallwatch/INFO] (Minecraft) [STDOUT]: [STALLWATCH]     at java.base@17.0.12/java.util.concurrent.ForkJoinPool.runWorker(ForkJoinPool.java:1622)
[21:11:08] [coreswap-stallwatch/INFO] (Minecraft) [STDOUT]: [STALLWATCH]     at java.base@17.0.12/java.util.concurrent.ForkJoinWorkerThread.run(ForkJoinWorkerThread.java:165)
[21:11:08] [coreswap-stallwatch/INFO] (Minecraft) [STDOUT]: [STALLWATCH] "Worker-Main-3" id=66 state=WAITING daemon=true
[21:11:08] [coreswap-stallwatch/INFO] (Minecraft) [STDOUT]: [STALLWATCH]     at java.base@17.0.12/jdk.internal.misc.Unsafe.park(Native Method)
[21:11:08] [coreswap-stallwatch/INFO] (Minecraft) [STDOUT]: [STALLWATCH]     at java.base@17.0.12/java.util.concurrent.locks.LockSupport.park(LockSupport.java:341)
[21:11:08] [coreswap-stallwatch/INFO] (Minecraft) [STDOUT]: [STALLWATCH]     at java.base@17.0.12/java.util.concurrent.ForkJoinPool.awaitWork(ForkJoinPool.java:1724)
[21:11:08] [coreswap-stallwatch/INFO] (Minecraft) [STDOUT]: [STALLWATCH]     at java.base@17.0.12/java.util.concurrent.ForkJoinPool.runWorker(ForkJoinPool.java:1623)
[21:11:08] [coreswap-stallwatch/INFO] (Minecraft) [STDOUT]: [STALLWATCH]     at java.base@17.0.12/java.util.concurrent.ForkJoinWorkerThread.run(ForkJoinWorkerThread.java:165)
[21:11:08] [coreswap-stallwatch/INFO] (Minecraft) [STDOUT]: [STALLWATCH] "Worker-Main-22" id=85 state=WAITING daemon=true
[21:11:08] [coreswap-stallwatch/INFO] (Minecraft) [STDOUT]: [STALLWATCH]     at java.base@17.0.12/jdk.internal.misc.Unsafe.park(Native Method)
[21:11:08] [coreswap-stallwatch/INFO] (Minecraft) [STDOUT]: [STALLWATCH]     at java.base@17.0.12/java.util.concurrent.locks.LockSupport.park(LockSupport.java:341)
[21:11:08] [coreswap-stallwatch/INFO] (Minecraft) [STDOUT]: [STALLWATCH]     at java.base@17.0.12/java.util.concurrent.ForkJoinPool.awaitWork(ForkJoinPool.java:1724)
[21:11:08] [coreswap-stallwatch/INFO] (Minecraft) [STDOUT]: [STALLWATCH]     at java.base@17.0.12/java.util.concurrent.ForkJoinPool.runWorker(ForkJoinPool.java:1623)
[21:11:08] [coreswap-stallwatch/INFO] (Minecraft) [STDOUT]: [STALLWATCH]     at java.base@17.0.12/java.util.concurrent.ForkJoinWorkerThread.run(ForkJoinWorkerThread.java:165)
[21:11:08] [coreswap-stallwatch/INFO] (Minecraft) [STDOUT]: [STALLWATCH] "Worker-Main-11" id=74 state=WAITING daemon=true
[21:11:08] [coreswap-stallwatch/INFO] (Minecraft) [STDOUT]: [STALLWATCH]     at java.base@17.0.12/jdk.internal.misc.Unsafe.park(Native Method)
[21:11:08] [coreswap-stallwatch/INFO] (Minecraft) [STDOUT]: [STALLWATCH]     at java.base@17.0.12/java.util.concurrent.locks.LockSupport.park(LockSupport.java:341)
[21:11:08] [coreswap-stallwatch/INFO] (Minecraft) [STDOUT]: [STALLWATCH]     at java.base@17.0.12/java.util.concurrent.ForkJoinPool.awaitWork(ForkJoinPool.java:1724)
[21:11:08] [coreswap-stallwatch/INFO] (Minecraft) [STDOUT]: [STALLWATCH]     at java.base@17.0.12/java.util.concurrent.ForkJoinPool.runWorker(ForkJoinPool.java:1623)
[21:11:08] [coreswap-stallwatch/INFO] (Minecraft) [STDOUT]: [STALLWATCH]     at java.base@17.0.12/java.util.concurrent.ForkJoinWorkerThread.run(ForkJoinWorkerThread.java:165)
[21:11:08] [coreswap-stallwatch/INFO] (Minecraft) [STDOUT]: [STALLWATCH] "Worker-Main-20" id=83 state=WAITING daemon=true
[21:11:08] [coreswap-stallwatch/INFO] (Minecraft) [STDOUT]: [STALLWATCH]     at java.base@17.0.12/jdk.internal.misc.Unsafe.park(Native Method)
[21:11:08] [coreswap-stallwatch/INFO] (Minecraft) [STDOUT]: [STALLWATCH]     at java.base@17.0.12/java.util.concurrent.locks.LockSupport.park(LockSupport.java:341)
[21:11:08] [coreswap-stallwatch/INFO] (Minecraft) [STDOUT]: [STALLWATCH]     at java.base@17.0.12/java.util.concurrent.ForkJoinPool.awaitWork(ForkJoinPool.java:1724)
[21:11:08] [coreswap-stallwatch/INFO] (Minecraft) [STDOUT]: [STALLWATCH]     at java.base@17.0.12/java.util.concurrent.ForkJoinPool.runWorker(ForkJoinPool.java:1623)
[21:11:08] [coreswap-stallwatch/INFO] (Minecraft) [STDOUT]: [STALLWATCH]     at java.base@17.0.12/java.util.concurrent.ForkJoinWorkerThread.run(ForkJoinWorkerThread.java:165)
[21:11:08] [coreswap-stallwatch/INFO] (Minecraft) [STDOUT]: [STALLWATCH] "Finalizer" id=3 state=WAITING daemon=true
[21:11:08] [coreswap-stallwatch/INFO] (Minecraft) [STDOUT]: [STALLWATCH]     at java.base@17.0.12/java.lang.Object.wait(Native Method)
[21:11:08] [coreswap-stallwatch/INFO] (Minecraft) [STDOUT]: [STALLWATCH]     at java.base@17.0.12/java.lang.ref.ReferenceQueue.remove(ReferenceQueue.java:155)
[21:11:08] [coreswap-stallwatch/INFO] (Minecraft) [STDOUT]: [STALLWATCH]     at java.base@17.0.12/java.lang.ref.ReferenceQueue.remove(ReferenceQueue.java:176)
[21:11:08] [coreswap-stallwatch/INFO] (Minecraft) [STDOUT]: [STALLWATCH]     at java.base@17.0.12/java.lang.ref.Finalizer$FinalizerThread.run(Finalizer.java:172)
[21:11:08] [coreswap-stallwatch/INFO] (Minecraft) [STDOUT]: [STALLWATCH] "Reference Handler" id=2 state=RUNNABLE daemon=true
[21:11:08] [coreswap-stallwatch/INFO] (Minecraft) [STDOUT]: [STALLWATCH]     at java.base@17.0.12/java.lang.ref.Reference.waitForReferencePendingList(Native Method)
[21:11:08] [coreswap-stallwatch/INFO] (Minecraft) [STDOUT]: [STALLWATCH]     at java.base@17.0.12/java.lang.ref.Reference.processPendingReferences(Reference.java:253)
[21:11:08] [coreswap-stallwatch/INFO] (Minecraft) [STDOUT]: [STALLWATCH]     at java.base@17.0.12/java.lang.ref.Reference$ReferenceHandler.run(Reference.java:215)
[21:11:08] [coreswap-stallwatch/INFO] (Minecraft) [STDOUT]: [STALLWATCH] "Worker-Main-19" id=82 state=WAITING daemon=true
[21:11:08] [coreswap-stallwatch/INFO] (Minecraft) [STDOUT]: [STALLWATCH]     at java.base@17.0.12/jdk.internal.misc.Unsafe.park(Native Method)
[21:11:08] [coreswap-stallwatch/INFO] (Minecraft) [STDOUT]: [STALLWATCH]     at java.base@17.0.12/java.util.concurrent.locks.LockSupport.park(LockSupport.java:341)
[21:11:08] [coreswap-stallwatch/INFO] (Minecraft) [STDOUT]: [STALLWATCH]     at java.base@17.0.12/java.util.concurrent.ForkJoinPool.awaitWork(ForkJoinPool.java:1724)
[21:11:08] [coreswap-stallwatch/INFO] (Minecraft) [STDOUT]: [STALLWATCH]     at java.base@17.0.12/java.util.concurrent.ForkJoinPool.runWorker(ForkJoinPool.java:1623)
[21:11:08] [coreswap-stallwatch/INFO] (Minecraft) [STDOUT]: [STALLWATCH]     at java.base@17.0.12/java.util.concurrent.ForkJoinWorkerThread.run(ForkJoinWorkerThread.java:165)
[21:11:08] [coreswap-stallwatch/INFO] (Minecraft) [STDOUT]: [STALLWATCH] "Common-Cleaner" id=22 state=TIMED_WAITING daemon=true
[21:11:08] [coreswap-stallwatch/INFO] (Minecraft) [STDOUT]: [STALLWATCH]     at java.base@17.0.12/java.lang.Object.wait(Native Method)
[21:11:08] [coreswap-stallwatch/INFO] (Minecraft) [STDOUT]: [STALLWATCH]     at java.base@17.0.12/java.lang.ref.ReferenceQueue.remove(ReferenceQueue.java:155)
[21:11:08] [coreswap-stallwatch/INFO] (Minecraft) [STDOUT]: [STALLWATCH]     at java.base@17.0.12/jdk.internal.ref.CleanerImpl.run(CleanerImpl.java:140)
[21:11:08] [coreswap-stallwatch/INFO] (Minecraft) [STDOUT]: [STALLWATCH]     at java.base@17.0.12/java.lang.Thread.run(Thread.java:842)
[21:11:08] [coreswap-stallwatch/INFO] (Minecraft) [STDOUT]: [STALLWATCH]     at java.base@17.0.12/jdk.internal.misc.InnocuousThread.run(InnocuousThread.java:162)
[21:11:08] [coreswap-stallwatch/INFO] (Minecraft) [STDOUT]: [STALLWATCH] "IO-Worker-24" id=92 state=TIMED_WAITING daemon=false
[21:11:08] [coreswap-stallwatch/INFO] (Minecraft) [STDOUT]: [STALLWATCH]     at java.base@17.0.12/jdk.internal.misc.Unsafe.park(Native Method)
[21:11:08] [coreswap-stallwatch/INFO] (Minecraft) [STDOUT]: [STALLWATCH]     at java.base@17.0.12/java.util.concurrent.locks.LockSupport.parkNanos(LockSupport.java:252)
[21:11:08] [coreswap-stallwatch/INFO] (Minecraft) [STDOUT]: [STALLWATCH]     at java.base@17.0.12/java.util.concurrent.SynchronousQueue$TransferStack.transfer(SynchronousQueue.java:401)
[21:11:08] [coreswap-stallwatch/INFO] (Minecraft) [STDOUT]: [STALLWATCH]     at java.base@17.0.12/java.util.concurrent.SynchronousQueue.poll(SynchronousQueue.java:903)
[21:11:08] [coreswap-stallwatch/INFO] (Minecraft) [STDOUT]: [STALLWATCH]     at java.base@17.0.12/java.util.concurrent.ThreadPoolExecutor.getTask(ThreadPoolExecutor.java:1061)
[21:11:08] [coreswap-stallwatch/INFO] (Minecraft) [STDOUT]: [STALLWATCH]     at java.base@17.0.12/java.util.concurrent.ThreadPoolExecutor.runWorker(ThreadPoolExecutor.java:1122)
[21:11:08] [coreswap-stallwatch/INFO] (Minecraft) [STDOUT]: [STALLWATCH]     at java.base@17.0.12/java.util.concurrent.ThreadPoolExecutor$Worker.run(ThreadPoolExecutor.java:635)
[21:11:08] [coreswap-stallwatch/INFO] (Minecraft) [STDOUT]: [STALLWATCH]     at java.base@17.0.12/java.lang.Thread.run(Thread.java:842)
[21:11:08] [coreswap-stallwatch/INFO] (Minecraft) [STDOUT]: [STALLWATCH] "IO-Worker-27" id=95 state=TIMED_WAITING daemon=false
[21:11:08] [coreswap-stallwatch/INFO] (Minecraft) [STDOUT]: [STALLWATCH]     at java.base@17.0.12/jdk.internal.misc.Unsafe.park(Native Method)
[21:11:08] [coreswap-stallwatch/INFO] (Minecraft) [STDOUT]: [STALLWATCH]     at java.base@17.0.12/java.util.concurrent.locks.LockSupport.parkNanos(LockSupport.java:252)
[21:11:08] [coreswap-stallwatch/INFO] (Minecraft) [STDOUT]: [STALLWATCH]     at java.base@17.0.12/java.util.concurrent.SynchronousQueue$TransferStack.transfer(SynchronousQueue.java:401)
[21:11:08] [coreswap-stallwatch/INFO] (Minecraft) [STDOUT]: [STALLWATCH]     at java.base@17.0.12/java.util.concurrent.SynchronousQueue.poll(SynchronousQueue.java:903)
[21:11:08] [coreswap-stallwatch/INFO] (Minecraft) [STDOUT]: [STALLWATCH]     at java.base@17.0.12/java.util.concurrent.ThreadPoolExecutor.getTask(ThreadPoolExecutor.java:1061)
[21:11:08] [coreswap-stallwatch/INFO] (Minecraft) [STDOUT]: [STALLWATCH]     at java.base@17.0.12/java.util.concurrent.ThreadPoolExecutor.runWorker(ThreadPoolExecutor.java:1122)
[21:11:08] [coreswap-stallwatch/INFO] (Minecraft) [STDOUT]: [STALLWATCH]     at java.base@17.0.12/java.util.concurrent.ThreadPoolExecutor$Worker.run(ThreadPoolExecutor.java:635)
[21:11:08] [coreswap-stallwatch/INFO] (Minecraft) [STDOUT]: [STALLWATCH]     at java.base@17.0.12/java.lang.Thread.run(Thread.java:842)
[21:11:08] [coreswap-stallwatch/INFO] (Minecraft) [STDOUT]: [STALLWATCH] "Worker-Main-13" id=76 state=WAITING daemon=true
[21:11:08] [coreswap-stallwatch/INFO] (Minecraft) [STDOUT]: [STALLWATCH]     at java.base@17.0.12/jdk.internal.misc.Unsafe.park(Native Method)
[21:11:08] [coreswap-stallwatch/INFO] (Minecraft) [STDOUT]: [STALLWATCH]     at java.base@17.0.12/java.util.concurrent.locks.LockSupport.park(LockSupport.java:341)
[21:11:08] [coreswap-stallwatch/INFO] (Minecraft) [STDOUT]: [STALLWATCH]     at java.base@17.0.12/java.util.concurrent.ForkJoinPool.awaitWork(ForkJoinPool.java:1724)
[21:11:08] [coreswap-stallwatch/INFO] (Minecraft) [STDOUT]: [STALLWATCH]     at java.base@17.0.12/java.util.concurrent.ForkJoinPool.runWorker(ForkJoinPool.java:1623)
[21:11:08] [coreswap-stallwatch/INFO] (Minecraft) [STDOUT]: [STALLWATCH]     at java.base@17.0.12/java.util.concurrent.ForkJoinWorkerThread.run(ForkJoinWorkerThread.java:165)
[21:11:08] [coreswap-stallwatch/INFO] (Minecraft) [STDOUT]: [STALLWATCH] "Chunky-minecraft:overworld Thread" id=101 state=WAITING daemon=true
[21:11:08] [coreswap-stallwatch/INFO] (Minecraft) [STDOUT]: [STALLWATCH]     at java.base@17.0.12/jdk.internal.misc.Unsafe.park(Native Method)
[21:11:08] [coreswap-stallwatch/INFO] (Minecraft) [STDOUT]: [STALLWATCH]     at java.base@17.0.12/java.util.concurrent.locks.LockSupport.park(LockSupport.java:211)
[21:11:08] [coreswap-stallwatch/INFO] (Minecraft) [STDOUT]: [STALLWATCH]     at java.base@17.0.12/java.util.concurrent.locks.AbstractQueuedSynchronizer.acquire(AbstractQueuedSynchronizer.java:715)
[21:11:08] [coreswap-stallwatch/INFO] (Minecraft) [STDOUT]: [STALLWATCH]     at java.base@17.0.12/java.util.concurrent.locks.AbstractQueuedSynchronizer.acquireSharedInterruptibly(AbstractQueuedSynchronizer.java:1047)
[21:11:08] [coreswap-stallwatch/INFO] (Minecraft) [STDOUT]: [STALLWATCH]     at java.base@17.0.12/java.util.concurrent.Semaphore.acquire(Semaphore.java:318)
[21:11:08] [coreswap-stallwatch/INFO] (Minecraft) [STDOUT]: [STALLWATCH]     at org.popcraft.chunky.GenerationTask.run(GenerationTask.java:140)
[21:11:08] [coreswap-stallwatch/INFO] (Minecraft) [STDOUT]: [STALLWATCH]     at java.base@17.0.12/java.util.concurrent.Executors$RunnableAdapter.call(Executors.java:539)
[21:11:08] [coreswap-stallwatch/INFO] (Minecraft) [STDOUT]: [STALLWATCH]     at java.base@17.0.12/java.util.concurrent.FutureTask.run(FutureTask.java:264)
[21:11:08] [coreswap-stallwatch/INFO] (Minecraft) [STDOUT]: [STALLWATCH]     at java.base@17.0.12/java.util.concurrent.ThreadPoolExecutor.runWorker(ThreadPoolExecutor.java:1136)
[21:11:08] [coreswap-stallwatch/INFO] (Minecraft) [STDOUT]: [STALLWATCH]     at java.base@17.0.12/java.util.concurrent.ThreadPoolExecutor$Worker.run(ThreadPoolExecutor.java:635)
[21:11:08] [coreswap-stallwatch/INFO] (Minecraft) [STDOUT]: [STALLWATCH]     at java.base@17.0.12/java.lang.Thread.run(Thread.java:842)
[21:11:08] [coreswap-stallwatch/INFO] (Minecraft) [STDOUT]: [STALLWATCH] "Worker-Main-12" id=75 state=WAITING daemon=true
[21:11:08] [coreswap-stallwatch/INFO] (Minecraft) [STDOUT]: [STALLWATCH]     at java.base@17.0.12/jdk.internal.misc.Unsafe.park(Native Method)
[21:11:08] [coreswap-stallwatch/INFO] (Minecraft) [STDOUT]: [STALLWATCH]     at java.base@17.0.12/java.util.concurrent.locks.LockSupport.park(LockSupport.java:341)
[21:11:08] [coreswap-stallwatch/INFO] (Minecraft) [STDOUT]: [STALLWATCH]     at java.base@17.0.12/java.util.concurrent.ForkJoinPool.awaitWork(ForkJoinPool.java:1724)
[21:11:08] [coreswap-stallwatch/INFO] (Minecraft) [STDOUT]: [STALLWATCH]     at java.base@17.0.12/java.util.concurrent.ForkJoinPool.runWorker(ForkJoinPool.java:1623)
[21:11:08] [coreswap-stallwatch/INFO] (Minecraft) [STDOUT]: [STALLWATCH]     at java.base@17.0.12/java.util.concurrent.ForkJoinWorkerThread.run(ForkJoinWorkerThread.java:165)
[21:11:08] [coreswap-stallwatch/INFO] (Minecraft) [STDOUT]: [STALLWATCH] "Worker-Main-4" id=67 state=WAITING daemon=true
[21:11:08] [coreswap-stallwatch/INFO] (Minecraft) [STDOUT]: [STALLWATCH]     at java.base@17.0.12/jdk.internal.misc.Unsafe.park(Native Method)
[21:11:08] [coreswap-stallwatch/INFO] (Minecraft) [STDOUT]: [STALLWATCH]     at java.base@17.0.12/java.util.concurrent.locks.LockSupport.park(LockSupport.java:341)
[21:11:08] [coreswap-stallwatch/INFO] (Minecraft) [STDOUT]: [STALLWATCH]     at java.base@17.0.12/java.util.concurrent.ForkJoinPool.awaitWork(ForkJoinPool.java:1724)
[21:11:08] [coreswap-stallwatch/INFO] (Minecraft) [STDOUT]: [STALLWATCH]     at java.base@17.0.12/java.util.concurrent.ForkJoinPool.runWorker(ForkJoinPool.java:1623)
[21:11:08] [coreswap-stallwatch/INFO] (Minecraft) [STDOUT]: [STALLWATCH]     at java.base@17.0.12/java.util.concurrent.ForkJoinWorkerThread.run(ForkJoinWorkerThread.java:165)
[21:11:08] [coreswap-stallwatch/INFO] (Minecraft) [STDOUT]: [STALLWATCH] "Thread-7" id=100 state=TIMED_WAITING daemon=true
[21:11:08] [coreswap-stallwatch/INFO] (Minecraft) [STDOUT]: [STALLWATCH]     at java.base@17.0.12/jdk.internal.misc.Unsafe.park(Native Method)
[21:11:08] [coreswap-stallwatch/INFO] (Minecraft) [STDOUT]: [STALLWATCH]     at java.base@17.0.12/java.util.concurrent.locks.LockSupport.parkNanos(LockSupport.java:252)
[21:11:08] [coreswap-stallwatch/INFO] (Minecraft) [STDOUT]: [STALLWATCH]     at java.base@17.0.12/java.util.concurrent.SynchronousQueue$TransferStack.transfer(SynchronousQueue.java:401)
[21:11:08] [coreswap-stallwatch/INFO] (Minecraft) [STDOUT]: [STALLWATCH]     at java.base@17.0.12/java.util.concurrent.SynchronousQueue.poll(SynchronousQueue.java:903)
[21:11:08] [coreswap-stallwatch/INFO] (Minecraft) [STDOUT]: [STALLWATCH]     at java.base@17.0.12/java.util.concurrent.ThreadPoolExecutor.getTask(ThreadPoolExecutor.java:1061)
[21:11:08] [coreswap-stallwatch/INFO] (Minecraft) [STDOUT]: [STALLWATCH]     at java.base@17.0.12/java.util.concurrent.ThreadPoolExecutor.runWorker(ThreadPoolExecutor.java:1122)
[21:11:08] [coreswap-stallwatch/INFO] (Minecraft) [STDOUT]: [STALLWATCH]     at java.base@17.0.12/java.util.concurrent.ThreadPoolExecutor$Worker.run(ThreadPoolExecutor.java:635)
[21:11:08] [coreswap-stallwatch/INFO] (Minecraft) [STDOUT]: [STALLWATCH]     at java.base@17.0.12/java.lang.Thread.run(Thread.java:842)
[21:11:08] [coreswap-stallwatch/INFO] (Minecraft) [STDOUT]: [STALLWATCH] "Netty Server IO #0" id=91 state=RUNNABLE daemon=true
[21:11:08] [coreswap-stallwatch/INFO] (Minecraft) [STDOUT]: [STALLWATCH]     at java.base@17.0.12/sun.nio.ch.WEPoll.wait(Native Method)
[21:11:08] [coreswap-stallwatch/INFO] (Minecraft) [STDOUT]: [STALLWATCH]     at java.base@17.0.12/sun.nio.ch.WEPollSelectorImpl.doSelect(WEPollSelectorImpl.java:111)
[21:11:08] [coreswap-stallwatch/INFO] (Minecraft) [STDOUT]: [STALLWATCH]     at java.base@17.0.12/sun.nio.ch.SelectorImpl.lockAndDoSelect(SelectorImpl.java:129)
[21:11:08] [coreswap-stallwatch/INFO] (Minecraft) [STDOUT]: [STALLWATCH]     at java.base@17.0.12/sun.nio.ch.SelectorImpl.select(SelectorImpl.java:146)
[21:11:08] [coreswap-stallwatch/INFO] (Minecraft) [STDOUT]: [STALLWATCH]     at io.netty.channel.nio.SelectedSelectionKeySetSelector.select(SelectedSelectionKeySetSelector.java:68)
[21:11:08] [coreswap-stallwatch/INFO] (Minecraft) [STDOUT]: [STALLWATCH]     at io.netty.channel.nio.NioEventLoop.select(NioEventLoop.java:879)
[21:11:08] [coreswap-stallwatch/INFO] (Minecraft) [STDOUT]: [STALLWATCH]     at io.netty.channel.nio.NioEventLoop.run(NioEventLoop.java:526)
[21:11:08] [coreswap-stallwatch/INFO] (Minecraft) [STDOUT]: [STALLWATCH]     at io.netty.util.concurrent.SingleThreadEventExecutor$4.run(SingleThreadEventExecutor.java:997)
[21:11:08] [coreswap-stallwatch/INFO] (Minecraft) [STDOUT]: [STALLWATCH]     at io.netty.util.internal.ThreadExecutorMap$2.run(ThreadExecutorMap.java:74)
[21:11:08] [coreswap-stallwatch/INFO] (Minecraft) [STDOUT]: [STALLWATCH]     at java.base@17.0.12/java.lang.Thread.run(Thread.java:842)
[21:11:08] [coreswap-stallwatch/INFO] (Minecraft) [STDOUT]: [STALLWATCH] "Thread-6" id=99 state=TIMED_WAITING daemon=true
[21:11:08] [coreswap-stallwatch/INFO] (Minecraft) [STDOUT]: [STALLWATCH]     at java.base@17.0.12/jdk.internal.misc.Unsafe.park(Native Method)
[21:11:08] [coreswap-stallwatch/INFO] (Minecraft) [STDOUT]: [STALLWATCH]     at java.base@17.0.12/java.util.concurrent.locks.LockSupport.parkNanos(LockSupport.java:252)
[21:11:08] [coreswap-stallwatch/INFO] (Minecraft) [STDOUT]: [STALLWATCH]     at java.base@17.0.12/java.util.concurrent.SynchronousQueue$TransferStack.transfer(SynchronousQueue.java:401)
[21:11:08] [coreswap-stallwatch/INFO] (Minecraft) [STDOUT]: [STALLWATCH]     at java.base@17.0.12/java.util.concurrent.SynchronousQueue.poll(SynchronousQueue.java:903)
[21:11:08] [coreswap-stallwatch/INFO] (Minecraft) [STDOUT]: [STALLWATCH]     at java.base@17.0.12/java.util.concurrent.ThreadPoolExecutor.getTask(ThreadPoolExecutor.java:1061)
[21:11:08] [coreswap-stallwatch/INFO] (Minecraft) [STDOUT]: [STALLWATCH]     at java.base@17.0.12/java.util.concurrent.ThreadPoolExecutor.runWorker(ThreadPoolExecutor.java:1122)
[21:11:08] [coreswap-stallwatch/INFO] (Minecraft) [STDOUT]: [STALLWATCH]     at java.base@17.0.12/java.util.concurrent.ThreadPoolExecutor$Worker.run(ThreadPoolExecutor.java:635)
[21:11:08] [coreswap-stallwatch/INFO] (Minecraft) [STDOUT]: [STALLWATCH]     at java.base@17.0.12/java.lang.Thread.run(Thread.java:842)
[21:11:08] [coreswap-stallwatch/INFO] (Minecraft) [STDOUT]: [STALLWATCH] "Worker-Main-6" id=69 state=WAITING daemon=true
[21:11:08] [coreswap-stallwatch/INFO] (Minecraft) [STDOUT]: [STALLWATCH]     at java.base@17.0.12/jdk.internal.misc.Unsafe.park(Native Method)
[21:11:08] [coreswap-stallwatch/INFO] (Minecraft) [STDOUT]: [STALLWATCH]     at java.base@17.0.12/java.util.concurrent.locks.LockSupport.park(LockSupport.java:341)
[21:11:08] [coreswap-stallwatch/INFO] (Minecraft) [STDOUT]: [STALLWATCH]     at java.base@17.0.12/java.util.concurrent.ForkJoinPool.awaitWork(ForkJoinPool.java:1724)
[21:11:08] [coreswap-stallwatch/INFO] (Minecraft) [STDOUT]: [STALLWATCH]     at java.base@17.0.12/java.util.concurrent.ForkJoinPool.runWorker(ForkJoinPool.java:1623)
[21:11:08] [coreswap-stallwatch/INFO] (Minecraft) [STDOUT]: [STALLWATCH]     at java.base@17.0.12/java.util.concurrent.ForkJoinWorkerThread.run(ForkJoinWorkerThread.java:165)
[21:11:08] [coreswap-stallwatch/INFO] (Minecraft) [STDOUT]: [STALLWATCH] "RCON Listener #1" id=97 state=RUNNABLE daemon=false
[21:11:08] [coreswap-stallwatch/INFO] (Minecraft) [STDOUT]: [STALLWATCH]     at java.base@17.0.12/sun.nio.ch.Net.poll(Native Method)
[21:11:08] [coreswap-stallwatch/INFO] (Minecraft) [STDOUT]: [STALLWATCH]     at java.base@17.0.12/sun.nio.ch.NioSocketImpl.park(NioSocketImpl.java:186)
[21:11:08] [coreswap-stallwatch/INFO] (Minecraft) [STDOUT]: [STALLWATCH]     at java.base@17.0.12/sun.nio.ch.NioSocketImpl.timedAccept(NioSocketImpl.java:715)
[21:11:08] [coreswap-stallwatch/INFO] (Minecraft) [STDOUT]: [STALLWATCH]     at java.base@17.0.12/sun.nio.ch.NioSocketImpl.accept(NioSocketImpl.java:757)
[21:11:08] [coreswap-stallwatch/INFO] (Minecraft) [STDOUT]: [STALLWATCH]     at java.base@17.0.12/java.net.ServerSocket.implAccept(ServerSocket.java:675)
[21:11:08] [coreswap-stallwatch/INFO] (Minecraft) [STDOUT]: [STALLWATCH]     at java.base@17.0.12/java.net.ServerSocket.platformImplAccept(ServerSocket.java:641)
[21:11:08] [coreswap-stallwatch/INFO] (Minecraft) [STDOUT]: [STALLWATCH]     at java.base@17.0.12/java.net.ServerSocket.implAccept(ServerSocket.java:617)
[21:11:08] [coreswap-stallwatch/INFO] (Minecraft) [STDOUT]: [STALLWATCH]     at java.base@17.0.12/java.net.ServerSocket.implAccept(ServerSocket.java:574)
[21:11:08] [coreswap-stallwatch/INFO] (Minecraft) [STDOUT]: [STALLWATCH]     at java.base@17.0.12/java.net.ServerSocket.accept(ServerSocket.java:532)
[21:11:08] [coreswap-stallwatch/INFO] (Minecraft) [STDOUT]: [STALLWATCH]     at net.minecraft.server.rcon.RconListener.run(RconListener.java:38)
[21:11:08] [coreswap-stallwatch/INFO] (Minecraft) [STDOUT]: [STALLWATCH]     at java.base@17.0.12/java.lang.Thread.run(Thread.java:842)
[21:11:08] [coreswap-stallwatch/INFO] (Minecraft) [STDOUT]: [STALLWATCH] "Worker-Main-7" id=70 state=WAITING daemon=true
[21:11:08] [coreswap-stallwatch/INFO] (Minecraft) [STDOUT]: [STALLWATCH]     at java.base@17.0.12/jdk.internal.misc.Unsafe.park(Native Method)
[21:11:08] [coreswap-stallwatch/INFO] (Minecraft) [STDOUT]: [STALLWATCH]     at java.base@17.0.12/java.util.concurrent.locks.LockSupport.park(LockSupport.java:341)
[21:11:08] [coreswap-stallwatch/INFO] (Minecraft) [STDOUT]: [STALLWATCH]     at java.base@17.0.12/java.util.concurrent.ForkJoinPool.awaitWork(ForkJoinPool.java:1724)
[21:11:08] [coreswap-stallwatch/INFO] (Minecraft) [STDOUT]: [STALLWATCH]     at java.base@17.0.12/java.util.concurrent.ForkJoinPool.runWorker(ForkJoinPool.java:1623)
[21:11:08] [coreswap-stallwatch/INFO] (Minecraft) [STDOUT]: [STALLWATCH]     at java.base@17.0.12/java.util.concurrent.ForkJoinWorkerThread.run(ForkJoinWorkerThread.java:165)
[21:11:08] [coreswap-stallwatch/INFO] (Minecraft) [STDOUT]: [STALLWATCH] "Worker-Main-1" id=64 state=WAITING daemon=true
[21:11:08] [coreswap-stallwatch/INFO] (Minecraft) [STDOUT]: [STALLWATCH]     at java.base@17.0.12/jdk.internal.misc.Unsafe.park(Native Method)
[21:11:08] [coreswap-stallwatch/INFO] (Minecraft) [STDOUT]: [STALLWATCH]     at java.base@17.0.12/java.util.concurrent.locks.LockSupport.park(LockSupport.java:341)
[21:11:08] [coreswap-stallwatch/INFO] (Minecraft) [STDOUT]: [STALLWATCH]     at java.base@17.0.12/java.util.concurrent.ForkJoinPool.awaitWork(ForkJoinPool.java:1724)
[21:11:08] [coreswap-stallwatch/INFO] (Minecraft) [STDOUT]: [STALLWATCH]     at java.base@17.0.12/java.util.concurrent.ForkJoinPool.runWorker(ForkJoinPool.java:1623)
[21:11:08] [coreswap-stallwatch/INFO] (Minecraft) [STDOUT]: [STALLWATCH]     at java.base@17.0.12/java.util.concurrent.ForkJoinWorkerThread.run(ForkJoinWorkerThread.java:165)
[21:11:08] [coreswap-stallwatch/INFO] (Minecraft) [STDOUT]: [STALLWATCH] "Worker-Main-14" id=77 state=WAITING daemon=true
[21:11:08] [coreswap-stallwatch/INFO] (Minecraft) [STDOUT]: [STALLWATCH]     at java.base@17.0.12/jdk.internal.misc.Unsafe.park(Native Method)
[21:11:08] [coreswap-stallwatch/INFO] (Minecraft) [STDOUT]: [STALLWATCH]     at java.base@17.0.12/java.util.concurrent.locks.LockSupport.park(LockSupport.java:341)
[21:11:08] [coreswap-stallwatch/INFO] (Minecraft) [STDOUT]: [STALLWATCH]     at java.base@17.0.12/java.util.concurrent.ForkJoinPool.awaitWork(ForkJoinPool.java:1724)
[21:11:08] [coreswap-stallwatch/INFO] (Minecraft) [STDOUT]: [STALLWATCH]     at java.base@17.0.12/java.util.concurrent.ForkJoinPool.runWorker(ForkJoinPool.java:1623)
[21:11:08] [coreswap-stallwatch/INFO] (Minecraft) [STDOUT]: [STALLWATCH]     at java.base@17.0.12/java.util.concurrent.ForkJoinWorkerThread.run(ForkJoinWorkerThread.java:165)
[21:11:08] [coreswap-stallwatch/INFO] (Minecraft) [STDOUT]: [STALLWATCH] "Yggdrasil Key Fetcher" id=61 state=TIMED_WAITING daemon=true
[21:11:08] [coreswap-stallwatch/INFO] (Minecraft) [STDOUT]: [STALLWATCH]     at java.base@17.0.12/jdk.internal.misc.Unsafe.park(Native Method)
[21:11:08] [coreswap-stallwatch/INFO] (Minecraft) [STDOUT]: [STALLWATCH]     at java.base@17.0.12/java.util.concurrent.locks.LockSupport.parkNanos(LockSupport.java:252)
[21:11:08] [coreswap-stallwatch/INFO] (Minecraft) [STDOUT]: [STALLWATCH]     at java.base@17.0.12/java.util.concurrent.locks.AbstractQueuedSynchronizer$ConditionObject.awaitNanos(AbstractQueuedSynchronizer.java:1672)
[21:11:08] [coreswap-stallwatch/INFO] (Minecraft) [STDOUT]: [STALLWATCH]     at java.base@17.0.12/java.util.concurrent.ScheduledThreadPoolExecutor$DelayedWorkQueue.take(ScheduledThreadPoolExecutor.java:1182)
[21:11:08] [coreswap-stallwatch/INFO] (Minecraft) [STDOUT]: [STALLWATCH]     at java.base@17.0.12/java.util.concurrent.ScheduledThreadPoolExecutor$DelayedWorkQueue.take(ScheduledThreadPoolExecutor.java:899)
[21:11:08] [coreswap-stallwatch/INFO] (Minecraft) [STDOUT]: [STALLWATCH]     at java.base@17.0.12/java.util.concurrent.ThreadPoolExecutor.getTask(ThreadPoolExecutor.java:1062)
[21:11:08] [coreswap-stallwatch/INFO] (Minecraft) [STDOUT]: [STALLWATCH]     at java.base@17.0.12/java.util.concurrent.ThreadPoolExecutor.runWorker(ThreadPoolExecutor.java:1122)
[21:11:08] [coreswap-stallwatch/INFO] (Minecraft) [STDOUT]: [STALLWATCH]     at java.base@17.0.12/java.util.concurrent.ThreadPoolExecutor$Worker.run(ThreadPoolExecutor.java:635)
[21:11:08] [coreswap-stallwatch/INFO] (Minecraft) [STDOUT]: [STALLWATCH]     at java.base@17.0.12/java.lang.Thread.run(Thread.java:842)
[21:11:08] [coreswap-stallwatch/INFO] (Minecraft) [STDOUT]: [STALLWATCH] "Server thread" id=87 state=TIMED_WAITING daemon=false
[21:11:08] [coreswap-stallwatch/INFO] (Minecraft) [STDOUT]: [STALLWATCH]     at java.base@17.0.12/jdk.internal.misc.Unsafe.park(Native Method)
[21:11:08] [coreswap-stallwatch/INFO] (Minecraft) [STDOUT]: [STALLWATCH]     at java.base@17.0.12/java.util.concurrent.locks.LockSupport.parkNanos(LockSupport.java:252)
[21:11:08] [coreswap-stallwatch/INFO] (Minecraft) [STDOUT]: [STALLWATCH]     at net.minecraft.util.thread.ThreadExecutor.waitForTasks(ThreadExecutor.java:133)
[21:11:08] [coreswap-stallwatch/INFO] (Minecraft) [STDOUT]: [STALLWATCH]     at net.minecraft.util.thread.ThreadExecutor.runTasks(ThreadExecutor.java:123)
[21:11:08] [coreswap-stallwatch/INFO] (Minecraft) [STDOUT]: [STALLWATCH]     at net.minecraft.server.MinecraftServer.runTasksTillTickEnd(MinecraftServer.java:788)
[21:11:08] [coreswap-stallwatch/INFO] (Minecraft) [STDOUT]: [STALLWATCH]     at net.minecraft.server.MinecraftServer.runServer(MinecraftServer.java:726)
[21:11:08] [coreswap-stallwatch/INFO] (Minecraft) [STDOUT]: [STALLWATCH]     at net.minecraft.server.MinecraftServer.method_29739(MinecraftServer.java:267)
[21:11:08] [coreswap-stallwatch/INFO] (Minecraft) [STDOUT]: [STALLWATCH]     at net.minecraft.server.MinecraftServer$$Lambda$5063/0x00000255b5ad0f88.run(Unknown Source)
[21:11:08] [coreswap-stallwatch/INFO] (Minecraft) [STDOUT]: [STALLWATCH]     at java.base@17.0.12/java.lang.Thread.run(Thread.java:842)
[21:11:08] [coreswap-stallwatch/INFO] (Minecraft) [STDOUT]: [STALLWATCH] "IO-Worker-26" id=94 state=TIMED_WAITING daemon=false
[21:11:08] [coreswap-stallwatch/INFO] (Minecraft) [STDOUT]: [STALLWATCH]     at java.base@17.0.12/jdk.internal.misc.Unsafe.park(Native Method)
[21:11:08] [coreswap-stallwatch/INFO] (Minecraft) [STDOUT]: [STALLWATCH]     at java.base@17.0.12/java.util.concurrent.locks.LockSupport.parkNanos(LockSupport.java:252)
[21:11:08] [coreswap-stallwatch/INFO] (Minecraft) [STDOUT]: [STALLWATCH]     at java.base@17.0.12/java.util.concurrent.SynchronousQueue$TransferStack.transfer(SynchronousQueue.java:401)
[21:11:08] [coreswap-stallwatch/INFO] (Minecraft) [STDOUT]: [STALLWATCH]     at java.base@17.0.12/java.util.concurrent.SynchronousQueue.poll(SynchronousQueue.java:903)
[21:11:08] [coreswap-stallwatch/INFO] (Minecraft) [STDOUT]: [STALLWATCH]     at java.base@17.0.12/java.util.concurrent.ThreadPoolExecutor.getTask(ThreadPoolExecutor.java:1061)
[21:11:08] [coreswap-stallwatch/INFO] (Minecraft) [STDOUT]: [STALLWATCH]     at java.base@17.0.12/java.util.concurrent.ThreadPoolExecutor.runWorker(ThreadPoolExecutor.java:1122)
[21:11:08] [coreswap-stallwatch/INFO] (Minecraft) [STDOUT]: [STALLWATCH]     at java.base@17.0.12/java.util.concurrent.ThreadPoolExecutor$Worker.run(ThreadPoolExecutor.java:635)
[21:11:08] [coreswap-stallwatch/INFO] (Minecraft) [STDOUT]: [STALLWATCH]     at java.base@17.0.12/java.lang.Thread.run(Thread.java:842)
[21:11:08] [coreswap-stallwatch/INFO] (Minecraft) [STDOUT]: [STALLWATCH] "JNA Cleaner" id=59 state=WAITING daemon=true
[21:11:08] [coreswap-stallwatch/INFO] (Minecraft) [STDOUT]: [STALLWATCH]     at java.base@17.0.12/java.lang.Object.wait(Native Method)
[21:11:08] [coreswap-stallwatch/INFO] (Minecraft) [STDOUT]: [STALLWATCH]     at java.base@17.0.12/java.lang.ref.ReferenceQueue.remove(ReferenceQueue.java:155)
[21:11:08] [coreswap-stallwatch/INFO] (Minecraft) [STDOUT]: [STALLWATCH]     at java.base@17.0.12/java.lang.ref.ReferenceQueue.remove(ReferenceQueue.java:176)
[21:11:08] [coreswap-stallwatch/INFO] (Minecraft) [STDOUT]: [STALLWATCH]     at com.sun.jna.internal.Cleaner$1.run(Cleaner.java:58)
[21:11:08] [coreswap-stallwatch/INFO] (Minecraft) [STDOUT]: [STALLWATCH] "Worker-Main-21" id=84 state=WAITING daemon=true
[21:11:08] [coreswap-stallwatch/INFO] (Minecraft) [STDOUT]: [STALLWATCH]     at java.base@17.0.12/jdk.internal.misc.Unsafe.park(Native Method)
[21:11:08] [coreswap-stallwatch/INFO] (Minecraft) [STDOUT]: [STALLWATCH]     at java.base@17.0.12/java.util.concurrent.locks.LockSupport.park(LockSupport.java:341)
[21:11:08] [coreswap-stallwatch/INFO] (Minecraft) [STDOUT]: [STALLWATCH]     at java.base@17.0.12/java.util.concurrent.ForkJoinPool.awaitWork(ForkJoinPool.java:1724)
[21:11:08] [coreswap-stallwatch/INFO] (Minecraft) [STDOUT]: [STALLWATCH]     at java.base@17.0.12/java.util.concurrent.ForkJoinPool.runWorker(ForkJoinPool.java:1623)
[21:11:08] [coreswap-stallwatch/INFO] (Minecraft) [STDOUT]: [STALLWATCH]     at java.base@17.0.12/java.util.concurrent.ForkJoinWorkerThread.run(ForkJoinWorkerThread.java:165)
[21:11:08] [coreswap-stallwatch/INFO] (Minecraft) [STDOUT]: [STALLWATCH] "Notification Thread" id=21 state=RUNNABLE daemon=true
[21:11:08] [coreswap-stallwatch/INFO] (Minecraft) [STDOUT]: [STALLWATCH] "DestroyJavaVM" id=89 state=RUNNABLE daemon=false
[21:11:08] [coreswap-stallwatch/INFO] (Minecraft) [STDOUT]: [STALLWATCH] "Attach Listener" id=5 state=RUNNABLE daemon=true
[21:11:08] [coreswap-stallwatch/INFO] (Minecraft) [STDOUT]: [STALLWATCH] "Signal Dispatcher" id=4 state=RUNNABLE daemon=true
[21:11:08] [coreswap-stallwatch/INFO] (Minecraft) [STDOUT]: [STALLWATCH] "Worker-Main-18" id=81 state=WAITING daemon=true
[21:11:08] [coreswap-stallwatch/INFO] (Minecraft) [STDOUT]: [STALLWATCH]     at java.base@17.0.12/jdk.internal.misc.Unsafe.park(Native Method)
[21:11:08] [coreswap-stallwatch/INFO] (Minecraft) [STDOUT]: [STALLWATCH]     at java.base@17.0.12/java.util.concurrent.locks.LockSupport.park(LockSupport.java:341)
[21:11:08] [coreswap-stallwatch/INFO] (Minecraft) [STDOUT]: [STALLWATCH]     at java.base@17.0.12/java.util.concurrent.ForkJoinPool.awaitWork(ForkJoinPool.java:1724)
[21:11:08] [coreswap-stallwatch/INFO] (Minecraft) [STDOUT]: [STALLWATCH]     at java.base@17.0.12/java.util.concurrent.ForkJoinPool.runWorker(ForkJoinPool.java:1623)
[21:11:08] [coreswap-stallwatch/INFO] (Minecraft) [STDOUT]: [STALLWATCH]     at java.base@17.0.12/java.util.concurrent.ForkJoinWorkerThread.run(ForkJoinWorkerThread.java:165)
[21:11:08] [coreswap-stallwatch/INFO] (Minecraft) [STDOUT]: [STALLWATCH] "Worker-Main-5" id=68 state=WAITING daemon=true
[21:11:08] [coreswap-stallwatch/INFO] (Minecraft) [STDOUT]: [STALLWATCH]     at java.base@17.0.12/jdk.internal.misc.Unsafe.park(Native Method)
[21:11:08] [coreswap-stallwatch/INFO] (Minecraft) [STDOUT]: [STALLWATCH]     at java.base@17.0.12/java.util.concurrent.locks.LockSupport.park(LockSupport.java:341)
[21:11:08] [coreswap-stallwatch/INFO] (Minecraft) [STDOUT]: [STALLWATCH]     at java.base@17.0.12/java.util.concurrent.ForkJoinPool.awaitWork(ForkJoinPool.java:1724)
[21:11:08] [coreswap-stallwatch/INFO] (Minecraft) [STDOUT]: [STALLWATCH]     at java.base@17.0.12/java.util.concurrent.ForkJoinPool.runWorker(ForkJoinPool.java:1623)
[21:11:08] [coreswap-stallwatch/INFO] (Minecraft) [STDOUT]: [STALLWATCH]     at java.base@17.0.12/java.util.concurrent.ForkJoinWorkerThread.run(ForkJoinWorkerThread.java:165)
[21:11:08] [coreswap-stallwatch/INFO] (Minecraft) [STDOUT]: [STALLWATCH] "coreswap-stallwatch" id=98 state=RUNNABLE daemon=true
[21:11:08] [coreswap-stallwatch/INFO] (Minecraft) [STDOUT]: [STALLWATCH]     at java.base@17.0.12/java.lang.Thread.dumpThreads(Native Method)
[21:11:08] [coreswap-stallwatch/INFO] (Minecraft) [STDOUT]: [STALLWATCH]     at java.base@17.0.12/java.lang.Thread.getAllStackTraces(Thread.java:1673)
[21:11:08] [coreswap-stallwatch/INFO] (Minecraft) [STDOUT]: [STALLWATCH]     at wg.bench.StallWatch.lambda$start$0(StallWatch.java:41)
[21:11:08] [coreswap-stallwatch/INFO] (Minecraft) [STDOUT]: [STALLWATCH]     at wg.bench.StallWatch$$Lambda$5791/0x00000255b5c25080.run(Unknown Source)
[21:11:08] [coreswap-stallwatch/INFO] (Minecraft) [STDOUT]: [STALLWATCH]     at java.base@17.0.12/java.lang.Thread.run(Thread.java:842)
[21:11:08] [coreswap-stallwatch/INFO] (Minecraft) [STDOUT]: [STALLWATCH] "Worker-Main-16" id=79 state=WAITING daemon=true
[21:11:08] [coreswap-stallwatch/INFO] (Minecraft) [STDOUT]: [STALLWATCH]     at java.base@17.0.12/jdk.internal.misc.Unsafe.park(Native Method)
[21:11:08] [coreswap-stallwatch/INFO] (Minecraft) [STDOUT]: [STALLWATCH]     at java.base@17.0.12/java.util.concurrent.locks.LockSupport.park(LockSupport.java:341)
[21:11:08] [coreswap-stallwatch/INFO] (Minecraft) [STDOUT]: [STALLWATCH]     at java.base@17.0.12/java.util.concurrent.ForkJoinPool.awaitWork(ForkJoinPool.java:1724)
[21:11:08] [coreswap-stallwatch/INFO] (Minecraft) [STDOUT]: [STALLWATCH]     at java.base@17.0.12/java.util.concurrent.ForkJoinPool.runWorker(ForkJoinPool.java:1623)
[21:11:08] [coreswap-stallwatch/INFO] (Minecraft) [STDOUT]: [STALLWATCH]     at java.base@17.0.12/java.util.concurrent.ForkJoinWorkerThread.run(ForkJoinWorkerThread.java:165)
[21:11:08] [coreswap-stallwatch/INFO] (Minecraft) [STDOUT]: [STALLWATCH] "Worker-Main-8" id=71 state=WAITING daemon=true
[21:11:08] [coreswap-stallwatch/INFO] (Minecraft) [STDOUT]: [STALLWATCH]     at java.base@17.0.12/jdk.internal.misc.Unsafe.park(Native Method)
[21:11:08] [coreswap-stallwatch/INFO] (Minecraft) [STDOUT]: [STALLWATCH]     at java.base@17.0.12/java.util.concurrent.locks.LockSupport.park(LockSupport.java:341)
[21:11:08] [coreswap-stallwatch/INFO] (Minecraft) [STDOUT]: [STALLWATCH]     at java.base@17.0.12/java.util.concurrent.ForkJoinPool.awaitWork(ForkJoinPool.java:1724)
[21:11:08] [coreswap-stallwatch/INFO] (Minecraft) [STDOUT]: [STALLWATCH]     at java.base@17.0.12/java.util.concurrent.ForkJoinPool.runWorker(ForkJoinPool.java:1623)
[21:11:08] [coreswap-stallwatch/INFO] (Minecraft) [STDOUT]: [STALLWATCH]     at java.base@17.0.12/java.util.concurrent.ForkJoinWorkerThread.run(ForkJoinWorkerThread.java:165)
[21:11:08] [coreswap-stallwatch/INFO] (Minecraft) [STDOUT]: [STALLWATCH] "IO-Worker-25" id=93 state=TIMED_WAITING daemon=false
[21:11:08] [coreswap-stallwatch/INFO] (Minecraft) [STDOUT]: [STALLWATCH]     at java.base@17.0.12/jdk.internal.misc.Unsafe.park(Native Method)
[21:11:08] [coreswap-stallwatch/INFO] (Minecraft) [STDOUT]: [STALLWATCH]     at java.base@17.0.12/java.util.concurrent.locks.LockSupport.parkNanos(LockSupport.java:252)
[21:11:08] [coreswap-stallwatch/INFO] (Minecraft) [STDOUT]: [STALLWATCH]     at java.base@17.0.12/java.util.concurrent.SynchronousQueue$TransferStack.transfer(SynchronousQueue.java:401)
[21:11:08] [coreswap-stallwatch/INFO] (Minecraft) [STDOUT]: [STALLWATCH]     at java.base@17.0.12/java.util.concurrent.SynchronousQueue.poll(SynchronousQueue.java:903)
[21:11:08] [coreswap-stallwatch/INFO] (Minecraft) [STDOUT]: [STALLWATCH]     at java.base@17.0.12/java.util.concurrent.ThreadPoolExecutor.getTask(ThreadPoolExecutor.java:1061)
[21:11:08] [coreswap-stallwatch/INFO] (Minecraft) [STDOUT]: [STALLWATCH]     at java.base@17.0.12/java.util.concurrent.ThreadPoolExecutor.runWorker(ThreadPoolExecutor.java:1122)
[21:11:08] [coreswap-stallwatch/INFO] (Minecraft) [STDOUT]: [STALLWATCH]     at java.base@17.0.12/java.util.concurrent.ThreadPoolExecutor$Worker.run(ThreadPoolExecutor.java:635)
[21:11:08] [coreswap-stallwatch/INFO] (Minecraft) [STDOUT]: [STALLWATCH]     at java.base@17.0.12/java.lang.Thread.run(Thread.java:842)
[21:11:08] [coreswap-stallwatch/INFO] (Minecraft) [STDOUT]: [STALLWATCH] === end ===
[21:11:14] [Worker-Main-20/INFO] (Minecraft) [STDOUT]: [CHUNKTIME] n=1024 perChunk(ms): mixin=47.97 gap=1036.13 | sumMixin=49.1s sumGap=1061.0s | inflight max=1 now=1
[21:11:14] [Server thread/INFO] (Minecraft) [Chunky] Task running for minecraft:overworld. Processed: 752 chunks (17.80%), ETA: 0:03:40, Rate: 15.8 cps, Current: -4, -16
[21:11:22] [RCON Listener #1/INFO] (Minecraft) Thread RCON Client /127.0.0.1 started
[21:11:22] [RCON Client /127.0.0.1 #10/INFO] (Minecraft) Thread RCON Client /127.0.0.1 shutting down
[21:11:24] [Server thread/INFO] (Minecraft) [Chunky] Task running for minecraft:overworld. Processed: 950 chunks (22.49%), ETA: 0:03:01, Rate: 18.0 cps, Current: -7, -26
[21:11:27] [Worker-Main-11/INFO] (Minecraft) [STDOUT]: [CHUNKTIME] n=1280 perChunk(ms): mixin=47.85 gap=1056.31 | sumMixin=61.2s sumGap=1352.1s | inflight max=1 now=1
[21:11:35] [Server thread/INFO] (Minecraft) [Chunky] Task running for minecraft:overworld. Processed: 1120 chunks (26.51%), ETA: 0:02:53, Rate: 17.9 cps, Current: 3, -31
[21:11:38] [coreswap-stallwatch/INFO] (Minecraft) [STDOUT]: [STALLWATCH] === thread dump @ Thu Sep 10 21:11:38 HKT 2026 (interval=30s) ===
[21:11:38] [coreswap-stallwatch/INFO] (Minecraft) [STDOUT]: [STALLWATCH] "Timer hack thread" id=60 state=TIMED_WAITING daemon=true
[21:11:38] [coreswap-stallwatch/INFO] (Minecraft) [STDOUT]: [STALLWATCH]     at java.base@17.0.12/java.lang.Thread.sleep(Native Method)
[21:11:38] [coreswap-stallwatch/INFO] (Minecraft) [STDOUT]: [STALLWATCH]     at net.minecraft.util.Util$9.run(Util.java:863)
[21:11:38] [coreswap-stallwatch/INFO] (Minecraft) [STDOUT]: [STALLWATCH] "Worker-Main-2" id=65 state=WAITING daemon=true
[21:11:38] [coreswap-stallwatch/INFO] (Minecraft) [STDOUT]: [STALLWATCH]     at java.base@17.0.12/jdk.internal.misc.Unsafe.park(Native Method)
[21:11:38] [coreswap-stallwatch/INFO] (Minecraft) [STDOUT]: [STALLWATCH]     at java.base@17.0.12/java.util.concurrent.locks.LockSupport.park(LockSupport.java:341)
[21:11:38] [coreswap-stallwatch/INFO] (Minecraft) [STDOUT]: [STALLWATCH]     at java.base@17.0.12/java.util.concurrent.ForkJoinPool.awaitWork(ForkJoinPool.java:1724)
[21:11:38] [coreswap-stallwatch/INFO] (Minecraft) [STDOUT]: [STALLWATCH]     at java.base@17.0.12/java.util.concurrent.ForkJoinPool.runWorker(ForkJoinPool.java:1623)
[21:11:38] [coreswap-stallwatch/INFO] (Minecraft) [STDOUT]: [STALLWATCH]     at java.base@17.0.12/java.util.concurrent.ForkJoinWorkerThread.run(ForkJoinWorkerThread.java:165)
[21:11:38] [coreswap-stallwatch/INFO] (Minecraft) [STDOUT]: [STALLWATCH] "Worker-Main-17" id=80 state=WAITING daemon=true
[21:11:38] [coreswap-stallwatch/INFO] (Minecraft) [STDOUT]: [STALLWATCH]     at java.base@17.0.12/jdk.internal.misc.Unsafe.park(Native Method)
[21:11:38] [coreswap-stallwatch/INFO] (Minecraft) [STDOUT]: [STALLWATCH]     at java.base@17.0.12/java.util.concurrent.locks.LockSupport.park(LockSupport.java:341)
[21:11:38] [coreswap-stallwatch/INFO] (Minecraft) [STDOUT]: [STALLWATCH]     at java.base@17.0.12/java.util.concurrent.ForkJoinPool.awaitWork(ForkJoinPool.java:1724)
[21:11:38] [coreswap-stallwatch/INFO] (Minecraft) [STDOUT]: [STALLWATCH]     at java.base@17.0.12/java.util.concurrent.ForkJoinPool.runWorker(ForkJoinPool.java:1623)
[21:11:38] [coreswap-stallwatch/INFO] (Minecraft) [STDOUT]: [STALLWATCH]     at java.base@17.0.12/java.util.concurrent.ForkJoinWorkerThread.run(ForkJoinWorkerThread.java:165)
[21:11:38] [coreswap-stallwatch/INFO] (Minecraft) [STDOUT]: [STALLWATCH] "Worker-Main-23" id=86 state=WAITING daemon=true
[21:11:38] [coreswap-stallwatch/INFO] (Minecraft) [STDOUT]: [STALLWATCH]     at java.base@17.0.12/jdk.internal.misc.Unsafe.park(Native Method)
[21:11:38] [coreswap-stallwatch/INFO] (Minecraft) [STDOUT]: [STALLWATCH]     at java.base@17.0.12/java.util.concurrent.locks.LockSupport.park(LockSupport.java:341)
[21:11:38] [coreswap-stallwatch/INFO] (Minecraft) [STDOUT]: [STALLWATCH]     at java.base@17.0.12/java.util.concurrent.ForkJoinPool.awaitWork(ForkJoinPool.java:1724)
[21:11:38] [coreswap-stallwatch/INFO] (Minecraft) [STDOUT]: [STALLWATCH]     at java.base@17.0.12/java.util.concurrent.ForkJoinPool.runWorker(ForkJoinPool.java:1623)
[21:11:38] [coreswap-stallwatch/INFO] (Minecraft) [STDOUT]: [STALLWATCH]     at java.base@17.0.12/java.util.concurrent.ForkJoinWorkerThread.run(ForkJoinWorkerThread.java:165)
[21:11:38] [coreswap-stallwatch/INFO] (Minecraft) [STDOUT]: [STALLWATCH] "Worker-Main-9" id=72 state=WAITING daemon=true
[21:11:38] [coreswap-stallwatch/INFO] (Minecraft) [STDOUT]: [STALLWATCH]     at java.base@17.0.12/jdk.internal.misc.Unsafe.park(Native Method)
[21:11:38] [coreswap-stallwatch/INFO] (Minecraft) [STDOUT]: [STALLWATCH]     at java.base@17.0.12/java.util.concurrent.locks.LockSupport.park(LockSupport.java:341)
[21:11:38] [coreswap-stallwatch/INFO] (Minecraft) [STDOUT]: [STALLWATCH]     at java.base@17.0.12/java.util.concurrent.ForkJoinPool.awaitWork(ForkJoinPool.java:1724)
[21:11:38] [coreswap-stallwatch/INFO] (Minecraft) [STDOUT]: [STALLWATCH]     at java.base@17.0.12/java.util.concurrent.ForkJoinPool.runWorker(ForkJoinPool.java:1623)
[21:11:38] [coreswap-stallwatch/INFO] (Minecraft) [STDOUT]: [STALLWATCH]     at java.base@17.0.12/java.util.concurrent.ForkJoinWorkerThread.run(ForkJoinWorkerThread.java:165)
[21:11:38] [coreswap-stallwatch/INFO] (Minecraft) [STDOUT]: [STALLWATCH] "Worker-Main-10" id=73 state=WAITING daemon=true
[21:11:38] [coreswap-stallwatch/INFO] (Minecraft) [STDOUT]: [STALLWATCH]     at java.base@17.0.12/jdk.internal.misc.Unsafe.park(Native Method)
[21:11:38] [coreswap-stallwatch/INFO] (Minecraft) [STDOUT]: [STALLWATCH]     at java.base@17.0.12/java.util.concurrent.locks.LockSupport.park(LockSupport.java:341)
[21:11:38] [coreswap-stallwatch/INFO] (Minecraft) [STDOUT]: [STALLWATCH]     at java.base@17.0.12/java.util.concurrent.ForkJoinPool.awaitWork(ForkJoinPool.java:1724)
[21:11:38] [coreswap-stallwatch/INFO] (Minecraft) [STDOUT]: [STALLWATCH]     at java.base@17.0.12/java.util.concurrent.ForkJoinPool.runWorker(ForkJoinPool.java:1623)
[21:11:38] [coreswap-stallwatch/INFO] (Minecraft) [STDOUT]: [STALLWATCH]     at java.base@17.0.12/java.util.concurrent.ForkJoinWorkerThread.run(ForkJoinWorkerThread.java:165)
[21:11:38] [coreswap-stallwatch/INFO] (Minecraft) [STDOUT]: [STALLWATCH] "Worker-Main-15" id=78 state=WAITING daemon=true
[21:11:38] [coreswap-stallwatch/INFO] (Minecraft) [STDOUT]: [STALLWATCH]     at java.base@17.0.12/jdk.internal.misc.Unsafe.park(Native Method)
[21:11:38] [coreswap-stallwatch/INFO] (Minecraft) [STDOUT]: [STALLWATCH]     at java.base@17.0.12/java.util.concurrent.locks.LockSupport.park(LockSupport.java:341)
[21:11:38] [coreswap-stallwatch/INFO] (Minecraft) [STDOUT]: [STALLWATCH]     at java.base@17.0.12/java.util.concurrent.ForkJoinPool.awaitWork(ForkJoinPool.java:1724)
[21:11:38] [coreswap-stallwatch/INFO] (Minecraft) [STDOUT]: [STALLWATCH]     at java.base@17.0.12/java.util.concurrent.ForkJoinPool.runWorker(ForkJoinPool.java:1623)
[21:11:38] [coreswap-stallwatch/INFO] (Minecraft) [STDOUT]: [STALLWATCH]     at java.base@17.0.12/java.util.concurrent.ForkJoinWorkerThread.run(ForkJoinWorkerThread.java:165)
[21:11:38] [coreswap-stallwatch/INFO] (Minecraft) [STDOUT]: [STALLWATCH] "Worker-Main-3" id=66 state=WAITING daemon=true
[21:11:38] [coreswap-stallwatch/INFO] (Minecraft) [STDOUT]: [STALLWATCH]     at java.base@17.0.12/jdk.internal.misc.Unsafe.park(Native Method)
[21:11:38] [coreswap-stallwatch/INFO] (Minecraft) [STDOUT]: [STALLWATCH]     at java.base@17.0.12/java.util.concurrent.locks.LockSupport.park(LockSupport.java:341)
[21:11:38] [coreswap-stallwatch/INFO] (Minecraft) [STDOUT]: [STALLWATCH]     at java.base@17.0.12/java.util.concurrent.ForkJoinPool.awaitWork(ForkJoinPool.java:1724)
[21:11:38] [coreswap-stallwatch/INFO] (Minecraft) [STDOUT]: [STALLWATCH]     at java.base@17.0.12/java.util.concurrent.ForkJoinPool.runWorker(ForkJoinPool.java:1623)
[21:11:38] [coreswap-stallwatch/INFO] (Minecraft) [STDOUT]: [STALLWATCH]     at java.base@17.0.12/java.util.concurrent.ForkJoinWorkerThread.run(ForkJoinWorkerThread.java:165)
[21:11:38] [coreswap-stallwatch/INFO] (Minecraft) [STDOUT]: [STALLWATCH] "Worker-Main-22" id=85 state=WAITING daemon=true
[21:11:38] [coreswap-stallwatch/INFO] (Minecraft) [STDOUT]: [STALLWATCH]     at java.base@17.0.12/jdk.internal.misc.Unsafe.park(Native Method)
[21:11:38] [coreswap-stallwatch/INFO] (Minecraft) [STDOUT]: [STALLWATCH]     at java.base@17.0.12/java.util.concurrent.locks.LockSupport.park(LockSupport.java:341)
[21:11:38] [coreswap-stallwatch/INFO] (Minecraft) [STDOUT]: [STALLWATCH]     at java.base@17.0.12/java.util.concurrent.ForkJoinPool.awaitWork(ForkJoinPool.java:1724)
[21:11:38] [coreswap-stallwatch/INFO] (Minecraft) [STDOUT]: [STALLWATCH]     at java.base@17.0.12/java.util.concurrent.ForkJoinPool.runWorker(ForkJoinPool.java:1623)
[21:11:38] [coreswap-stallwatch/INFO] (Minecraft) [STDOUT]: [STALLWATCH]     at java.base@17.0.12/java.util.concurrent.ForkJoinWorkerThread.run(ForkJoinWorkerThread.java:165)
[21:11:38] [coreswap-stallwatch/INFO] (Minecraft) [STDOUT]: [STALLWATCH] "Worker-Main-11" id=74 state=WAITING daemon=true
[21:11:38] [coreswap-stallwatch/INFO] (Minecraft) [STDOUT]: [STALLWATCH]     at java.base@17.0.12/jdk.internal.misc.Unsafe.park(Native Method)
[21:11:38] [coreswap-stallwatch/INFO] (Minecraft) [STDOUT]: [STALLWATCH]     at java.base@17.0.12/java.util.concurrent.locks.LockSupport.park(LockSupport.java:341)
[21:11:38] [coreswap-stallwatch/INFO] (Minecraft) [STDOUT]: [STALLWATCH]     at java.base@17.0.12/java.util.concurrent.ForkJoinPool.awaitWork(ForkJoinPool.java:1724)
[21:11:38] [coreswap-stallwatch/INFO] (Minecraft) [STDOUT]: [STALLWATCH]     at java.base@17.0.12/java.util.concurrent.ForkJoinPool.runWorker(ForkJoinPool.java:1623)
[21:11:38] [coreswap-stallwatch/INFO] (Minecraft) [STDOUT]: [STALLWATCH]     at java.base@17.0.12/java.util.concurrent.ForkJoinWorkerThread.run(ForkJoinWorkerThread.java:165)
[21:11:38] [coreswap-stallwatch/INFO] (Minecraft) [STDOUT]: [STALLWATCH] "Worker-Main-20" id=83 state=WAITING daemon=true
[21:11:38] [coreswap-stallwatch/INFO] (Minecraft) [STDOUT]: [STALLWATCH]     at java.base@17.0.12/jdk.internal.misc.Unsafe.park(Native Method)
[21:11:38] [coreswap-stallwatch/INFO] (Minecraft) [STDOUT]: [STALLWATCH]     at java.base@17.0.12/java.util.concurrent.locks.LockSupport.park(LockSupport.java:341)
[21:11:38] [coreswap-stallwatch/INFO] (Minecraft) [STDOUT]: [STALLWATCH]     at java.base@17.0.12/java.util.concurrent.ForkJoinPool.awaitWork(ForkJoinPool.java:1724)
[21:11:38] [coreswap-stallwatch/INFO] (Minecraft) [STDOUT]: [STALLWATCH]     at java.base@17.0.12/java.util.concurrent.ForkJoinPool.runWorker(ForkJoinPool.java:1623)
[21:11:38] [coreswap-stallwatch/INFO] (Minecraft) [STDOUT]: [STALLWATCH]     at java.base@17.0.12/java.util.concurrent.ForkJoinWorkerThread.run(ForkJoinWorkerThread.java:165)
[21:11:38] [coreswap-stallwatch/INFO] (Minecraft) [STDOUT]: [STALLWATCH] "Finalizer" id=3 state=WAITING daemon=true
[21:11:38] [coreswap-stallwatch/INFO] (Minecraft) [STDOUT]: [STALLWATCH]     at java.base@17.0.12/java.lang.Object.wait(Native Method)
[21:11:38] [coreswap-stallwatch/INFO] (Minecraft) [STDOUT]: [STALLWATCH]     at java.base@17.0.12/java.lang.ref.ReferenceQueue.remove(ReferenceQueue.java:155)
[21:11:38] [coreswap-stallwatch/INFO] (Minecraft) [STDOUT]: [STALLWATCH]     at java.base@17.0.12/java.lang.ref.ReferenceQueue.remove(ReferenceQueue.java:176)
[21:11:38] [coreswap-stallwatch/INFO] (Minecraft) [STDOUT]: [STALLWATCH]     at java.base@17.0.12/java.lang.ref.Finalizer$FinalizerThread.run(Finalizer.java:172)
[21:11:38] [coreswap-stallwatch/INFO] (Minecraft) [STDOUT]: [STALLWATCH] "Reference Handler" id=2 state=RUNNABLE daemon=true
[21:11:38] [coreswap-stallwatch/INFO] (Minecraft) [STDOUT]: [STALLWATCH]     at java.base@17.0.12/java.lang.ref.Reference.waitForReferencePendingList(Native Method)
[21:11:38] [coreswap-stallwatch/INFO] (Minecraft) [STDOUT]: [STALLWATCH]     at java.base@17.0.12/java.lang.ref.Reference.processPendingReferences(Reference.java:253)
[21:11:38] [coreswap-stallwatch/INFO] (Minecraft) [STDOUT]: [STALLWATCH]     at java.base@17.0.12/java.lang.ref.Reference$ReferenceHandler.run(Reference.java:215)
[21:11:38] [coreswap-stallwatch/INFO] (Minecraft) [STDOUT]: [STALLWATCH] "Worker-Main-19" id=82 state=WAITING daemon=true
[21:11:38] [coreswap-stallwatch/INFO] (Minecraft) [STDOUT]: [STALLWATCH]     at java.base@17.0.12/jdk.internal.misc.Unsafe.park(Native Method)
[21:11:38] [coreswap-stallwatch/INFO] (Minecraft) [STDOUT]: [STALLWATCH]     at java.base@17.0.12/java.util.concurrent.locks.LockSupport.park(LockSupport.java:341)
[21:11:38] [coreswap-stallwatch/INFO] (Minecraft) [STDOUT]: [STALLWATCH]     at java.base@17.0.12/java.util.concurrent.ForkJoinPool.awaitWork(ForkJoinPool.java:1724)
[21:11:38] [coreswap-stallwatch/INFO] (Minecraft) [STDOUT]: [STALLWATCH]     at java.base@17.0.12/java.util.concurrent.ForkJoinPool.runWorker(ForkJoinPool.java:1623)
[21:11:38] [coreswap-stallwatch/INFO] (Minecraft) [STDOUT]: [STALLWATCH]     at java.base@17.0.12/java.util.concurrent.ForkJoinWorkerThread.run(ForkJoinWorkerThread.java:165)
[21:11:38] [coreswap-stallwatch/INFO] (Minecraft) [STDOUT]: [STALLWATCH] "Common-Cleaner" id=22 state=TIMED_WAITING daemon=true
[21:11:38] [coreswap-stallwatch/INFO] (Minecraft) [STDOUT]: [STALLWATCH]     at java.base@17.0.12/java.lang.Object.wait(Native Method)
[21:11:38] [coreswap-stallwatch/INFO] (Minecraft) [STDOUT]: [STALLWATCH]     at java.base@17.0.12/java.lang.ref.ReferenceQueue.remove(ReferenceQueue.java:155)
[21:11:38] [coreswap-stallwatch/INFO] (Minecraft) [STDOUT]: [STALLWATCH]     at java.base@17.0.12/jdk.internal.ref.CleanerImpl.run(CleanerImpl.java:140)
[21:11:38] [coreswap-stallwatch/INFO] (Minecraft) [STDOUT]: [STALLWATCH]     at java.base@17.0.12/java.lang.Thread.run(Thread.java:842)
[21:11:38] [coreswap-stallwatch/INFO] (Minecraft) [STDOUT]: [STALLWATCH]     at java.base@17.0.12/jdk.internal.misc.InnocuousThread.run(InnocuousThread.java:162)
[21:11:38] [coreswap-stallwatch/INFO] (Minecraft) [STDOUT]: [STALLWATCH] "IO-Worker-24" id=92 state=TIMED_WAITING daemon=false
[21:11:38] [coreswap-stallwatch/INFO] (Minecraft) [STDOUT]: [STALLWATCH]     at java.base@17.0.12/jdk.internal.misc.Unsafe.park(Native Method)
[21:11:38] [coreswap-stallwatch/INFO] (Minecraft) [STDOUT]: [STALLWATCH]     at java.base@17.0.12/java.util.concurrent.locks.LockSupport.parkNanos(LockSupport.java:252)
[21:11:38] [coreswap-stallwatch/INFO] (Minecraft) [STDOUT]: [STALLWATCH]     at java.base@17.0.12/java.util.concurrent.SynchronousQueue$TransferStack.transfer(SynchronousQueue.java:401)
[21:11:38] [coreswap-stallwatch/INFO] (Minecraft) [STDOUT]: [STALLWATCH]     at java.base@17.0.12/java.util.concurrent.SynchronousQueue.poll(SynchronousQueue.java:903)
[21:11:38] [coreswap-stallwatch/INFO] (Minecraft) [STDOUT]: [STALLWATCH]     at java.base@17.0.12/java.util.concurrent.ThreadPoolExecutor.getTask(ThreadPoolExecutor.java:1061)
[21:11:38] [coreswap-stallwatch/INFO] (Minecraft) [STDOUT]: [STALLWATCH]     at java.base@17.0.12/java.util.concurrent.ThreadPoolExecutor.runWorker(ThreadPoolExecutor.java:1122)
[21:11:38] [coreswap-stallwatch/INFO] (Minecraft) [STDOUT]: [STALLWATCH]     at java.base@17.0.12/java.util.concurrent.ThreadPoolExecutor$Worker.run(ThreadPoolExecutor.java:635)
[21:11:38] [coreswap-stallwatch/INFO] (Minecraft) [STDOUT]: [STALLWATCH]     at java.base@17.0.12/java.lang.Thread.run(Thread.java:842)
[21:11:38] [coreswap-stallwatch/INFO] (Minecraft) [STDOUT]: [STALLWATCH] "IO-Worker-27" id=95 state=TIMED_WAITING daemon=false
[21:11:38] [coreswap-stallwatch/INFO] (Minecraft) [STDOUT]: [STALLWATCH]     at java.base@17.0.12/jdk.internal.misc.Unsafe.park(Native Method)
[21:11:38] [coreswap-stallwatch/INFO] (Minecraft) [STDOUT]: [STALLWATCH]     at java.base@17.0.12/java.util.concurrent.locks.LockSupport.parkNanos(LockSupport.java:252)
[21:11:38] [coreswap-stallwatch/INFO] (Minecraft) [STDOUT]: [STALLWATCH]     at java.base@17.0.12/java.util.concurrent.SynchronousQueue$TransferStack.transfer(SynchronousQueue.java:401)
[21:11:38] [coreswap-stallwatch/INFO] (Minecraft) [STDOUT]: [STALLWATCH]     at java.base@17.0.12/java.util.concurrent.SynchronousQueue.poll(SynchronousQueue.java:903)
[21:11:38] [coreswap-stallwatch/INFO] (Minecraft) [STDOUT]: [STALLWATCH]     at java.base@17.0.12/java.util.concurrent.ThreadPoolExecutor.getTask(ThreadPoolExecutor.java:1061)
[21:11:38] [coreswap-stallwatch/INFO] (Minecraft) [STDOUT]: [STALLWATCH]     at java.base@17.0.12/java.util.concurrent.ThreadPoolExecutor.runWorker(ThreadPoolExecutor.java:1122)
[21:11:38] [coreswap-stallwatch/INFO] (Minecraft) [STDOUT]: [STALLWATCH]     at java.base@17.0.12/java.util.concurrent.ThreadPoolExecutor$Worker.run(ThreadPoolExecutor.java:635)
[21:11:38] [coreswap-stallwatch/INFO] (Minecraft) [STDOUT]: [STALLWATCH]     at java.base@17.0.12/java.lang.Thread.run(Thread.java:842)
[21:11:38] [coreswap-stallwatch/INFO] (Minecraft) [STDOUT]: [STALLWATCH] "Worker-Main-13" id=76 state=WAITING daemon=true
[21:11:38] [coreswap-stallwatch/INFO] (Minecraft) [STDOUT]: [STALLWATCH]     at java.base@17.0.12/jdk.internal.misc.Unsafe.park(Native Method)
[21:11:38] [coreswap-stallwatch/INFO] (Minecraft) [STDOUT]: [STALLWATCH]     at java.base@17.0.12/java.util.concurrent.locks.LockSupport.park(LockSupport.java:341)
[21:11:38] [coreswap-stallwatch/INFO] (Minecraft) [STDOUT]: [STALLWATCH]     at java.base@17.0.12/java.util.concurrent.ForkJoinPool.awaitWork(ForkJoinPool.java:1724)
[21:11:38] [coreswap-stallwatch/INFO] (Minecraft) [STDOUT]: [STALLWATCH]     at java.base@17.0.12/java.util.concurrent.ForkJoinPool.runWorker(ForkJoinPool.java:1623)
[21:11:38] [coreswap-stallwatch/INFO] (Minecraft) [STDOUT]: [STALLWATCH]     at java.base@17.0.12/java.util.concurrent.ForkJoinWorkerThread.run(ForkJoinWorkerThread.java:165)
[21:11:38] [coreswap-stallwatch/INFO] (Minecraft) [STDOUT]: [STALLWATCH] "Chunky-minecraft:overworld Thread" id=101 state=WAITING daemon=true
[21:11:38] [coreswap-stallwatch/INFO] (Minecraft) [STDOUT]: [STALLWATCH]     at java.base@17.0.12/jdk.internal.misc.Unsafe.park(Native Method)
[21:11:38] [coreswap-stallwatch/INFO] (Minecraft) [STDOUT]: [STALLWATCH]     at java.base@17.0.12/java.util.concurrent.locks.LockSupport.park(LockSupport.java:211)
[21:11:38] [coreswap-stallwatch/INFO] (Minecraft) [STDOUT]: [STALLWATCH]     at java.base@17.0.12/java.util.concurrent.locks.AbstractQueuedSynchronizer.acquire(AbstractQueuedSynchronizer.java:715)
[21:11:38] [coreswap-stallwatch/INFO] (Minecraft) [STDOUT]: [STALLWATCH]     at java.base@17.0.12/java.util.concurrent.locks.AbstractQueuedSynchronizer.acquireSharedInterruptibly(AbstractQueuedSynchronizer.java:1047)
[21:11:38] [coreswap-stallwatch/INFO] (Minecraft) [STDOUT]: [STALLWATCH]     at java.base@17.0.12/java.util.concurrent.Semaphore.acquire(Semaphore.java:318)
[21:11:38] [coreswap-stallwatch/INFO] (Minecraft) [STDOUT]: [STALLWATCH]     at org.popcraft.chunky.GenerationTask.run(GenerationTask.java:140)
[21:11:38] [coreswap-stallwatch/INFO] (Minecraft) [STDOUT]: [STALLWATCH]     at java.base@17.0.12/java.util.concurrent.Executors$RunnableAdapter.call(Executors.java:539)
[21:11:38] [coreswap-stallwatch/INFO] (Minecraft) [STDOUT]: [STALLWATCH]     at java.base@17.0.12/java.util.concurrent.FutureTask.run(FutureTask.java:264)
[21:11:38] [coreswap-stallwatch/INFO] (Minecraft) [STDOUT]: [STALLWATCH]     at java.base@17.0.12/java.util.concurrent.ThreadPoolExecutor.runWorker(ThreadPoolExecutor.java:1136)
[21:11:38] [coreswap-stallwatch/INFO] (Minecraft) [STDOUT]: [STALLWATCH]     at java.base@17.0.12/java.util.concurrent.ThreadPoolExecutor$Worker.run(ThreadPoolExecutor.java:635)
[21:11:38] [coreswap-stallwatch/INFO] (Minecraft) [STDOUT]: [STALLWATCH]     at java.base@17.0.12/java.lang.Thread.run(Thread.java:842)
[21:11:38] [coreswap-stallwatch/INFO] (Minecraft) [STDOUT]: [STALLWATCH] "Worker-Main-12" id=75 state=WAITING daemon=true
[21:11:38] [coreswap-stallwatch/INFO] (Minecraft) [STDOUT]: [STALLWATCH]     at java.base@17.0.12/jdk.internal.misc.Unsafe.park(Native Method)
[21:11:38] [coreswap-stallwatch/INFO] (Minecraft) [STDOUT]: [STALLWATCH]     at java.base@17.0.12/java.util.concurrent.locks.LockSupport.park(LockSupport.java:341)
[21:11:38] [coreswap-stallwatch/INFO] (Minecraft) [STDOUT]: [STALLWATCH]     at java.base@17.0.12/java.util.concurrent.ForkJoinPool.awaitWork(ForkJoinPool.java:1724)
[21:11:38] [coreswap-stallwatch/INFO] (Minecraft) [STDOUT]: [STALLWATCH]     at java.base@17.0.12/java.util.concurrent.ForkJoinPool.runWorker(ForkJoinPool.java:1623)
[21:11:38] [coreswap-stallwatch/INFO] (Minecraft) [STDOUT]: [STALLWATCH]     at java.base@17.0.12/java.util.concurrent.ForkJoinWorkerThread.run(ForkJoinWorkerThread.java:165)
[21:11:38] [coreswap-stallwatch/INFO] (Minecraft) [STDOUT]: [STALLWATCH] "Worker-Main-4" id=67 state=WAITING daemon=true
[21:11:38] [coreswap-stallwatch/INFO] (Minecraft) [STDOUT]: [STALLWATCH]     at java.base@17.0.12/jdk.internal.misc.Unsafe.park(Native Method)
[21:11:38] [coreswap-stallwatch/INFO] (Minecraft) [STDOUT]: [STALLWATCH]     at java.base@17.0.12/java.util.concurrent.locks.LockSupport.park(LockSupport.java:341)
[21:11:38] [coreswap-stallwatch/INFO] (Minecraft) [STDOUT]: [STALLWATCH]     at java.base@17.0.12/java.util.concurrent.ForkJoinPool.awaitWork(ForkJoinPool.java:1724)
[21:11:38] [coreswap-stallwatch/INFO] (Minecraft) [STDOUT]: [STALLWATCH]     at java.base@17.0.12/java.util.concurrent.ForkJoinPool.runWorker(ForkJoinPool.java:1623)
[21:11:38] [coreswap-stallwatch/INFO] (Minecraft) [STDOUT]: [STALLWATCH]     at java.base@17.0.12/java.util.concurrent.ForkJoinWorkerThread.run(ForkJoinWorkerThread.java:165)
[21:11:38] [coreswap-stallwatch/INFO] (Minecraft) [STDOUT]: [STALLWATCH] "Thread-7" id=100 state=TIMED_WAITING daemon=true
[21:11:38] [coreswap-stallwatch/INFO] (Minecraft) [STDOUT]: [STALLWATCH]     at java.base@17.0.12/jdk.internal.misc.Unsafe.park(Native Method)
[21:11:38] [coreswap-stallwatch/INFO] (Minecraft) [STDOUT]: [STALLWATCH]     at java.base@17.0.12/java.util.concurrent.locks.LockSupport.parkNanos(LockSupport.java:252)
[21:11:38] [coreswap-stallwatch/INFO] (Minecraft) [STDOUT]: [STALLWATCH]     at java.base@17.0.12/java.util.concurrent.SynchronousQueue$TransferStack.transfer(SynchronousQueue.java:401)
[21:11:38] [coreswap-stallwatch/INFO] (Minecraft) [STDOUT]: [STALLWATCH]     at java.base@17.0.12/java.util.concurrent.SynchronousQueue.poll(SynchronousQueue.java:903)
[21:11:38] [coreswap-stallwatch/INFO] (Minecraft) [STDOUT]: [STALLWATCH]     at java.base@17.0.12/java.util.concurrent.ThreadPoolExecutor.getTask(ThreadPoolExecutor.java:1061)
[21:11:38] [coreswap-stallwatch/INFO] (Minecraft) [STDOUT]: [STALLWATCH]     at java.base@17.0.12/java.util.concurrent.ThreadPoolExecutor.runWorker(ThreadPoolExecutor.java:1122)
[21:11:38] [coreswap-stallwatch/INFO] (Minecraft) [STDOUT]: [STALLWATCH]     at java.base@17.0.12/java.util.concurrent.ThreadPoolExecutor$Worker.run(ThreadPoolExecutor.java:635)
[21:11:38] [coreswap-stallwatch/INFO] (Minecraft) [STDOUT]: [STALLWATCH]     at java.base@17.0.12/java.lang.Thread.run(Thread.java:842)
[21:11:38] [coreswap-stallwatch/INFO] (Minecraft) [STDOUT]: [STALLWATCH] "Netty Server IO #0" id=91 state=RUNNABLE daemon=true
[21:11:38] [coreswap-stallwatch/INFO] (Minecraft) [STDOUT]: [STALLWATCH]     at java.base@17.0.12/sun.nio.ch.WEPoll.wait(Native Method)
[21:11:38] [coreswap-stallwatch/INFO] (Minecraft) [STDOUT]: [STALLWATCH]     at java.base@17.0.12/sun.nio.ch.WEPollSelectorImpl.doSelect(WEPollSelectorImpl.java:111)
[21:11:38] [coreswap-stallwatch/INFO] (Minecraft) [STDOUT]: [STALLWATCH]     at java.base@17.0.12/sun.nio.ch.SelectorImpl.lockAndDoSelect(SelectorImpl.java:129)
[21:11:38] [coreswap-stallwatch/INFO] (Minecraft) [STDOUT]: [STALLWATCH]     at java.base@17.0.12/sun.nio.ch.SelectorImpl.select(SelectorImpl.java:146)
[21:11:38] [coreswap-stallwatch/INFO] (Minecraft) [STDOUT]: [STALLWATCH]     at io.netty.channel.nio.SelectedSelectionKeySetSelector.select(SelectedSelectionKeySetSelector.java:68)
[21:11:38] [coreswap-stallwatch/INFO] (Minecraft) [STDOUT]: [STALLWATCH]     at io.netty.channel.nio.NioEventLoop.select(NioEventLoop.java:879)
[21:11:38] [coreswap-stallwatch/INFO] (Minecraft) [STDOUT]: [STALLWATCH]     at io.netty.channel.nio.NioEventLoop.run(NioEventLoop.java:526)
[21:11:38] [coreswap-stallwatch/INFO] (Minecraft) [STDOUT]: [STALLWATCH]     at io.netty.util.concurrent.SingleThreadEventExecutor$4.run(SingleThreadEventExecutor.java:997)
[21:11:38] [coreswap-stallwatch/INFO] (Minecraft) [STDOUT]: [STALLWATCH]     at io.netty.util.internal.ThreadExecutorMap$2.run(ThreadExecutorMap.java:74)
[21:11:38] [coreswap-stallwatch/INFO] (Minecraft) [STDOUT]: [STALLWATCH]     at java.base@17.0.12/java.lang.Thread.run(Thread.java:842)
[21:11:38] [coreswap-stallwatch/INFO] (Minecraft) [STDOUT]: [STALLWATCH] "Thread-6" id=99 state=TIMED_WAITING daemon=true
[21:11:38] [coreswap-stallwatch/INFO] (Minecraft) [STDOUT]: [STALLWATCH]     at java.base@17.0.12/jdk.internal.misc.Unsafe.park(Native Method)
[21:11:38] [coreswap-stallwatch/INFO] (Minecraft) [STDOUT]: [STALLWATCH]     at java.base@17.0.12/java.util.concurrent.locks.LockSupport.parkNanos(LockSupport.java:252)
[21:11:38] [coreswap-stallwatch/INFO] (Minecraft) [STDOUT]: [STALLWATCH]     at java.base@17.0.12/java.util.concurrent.SynchronousQueue$TransferStack.transfer(SynchronousQueue.java:401)
[21:11:38] [coreswap-stallwatch/INFO] (Minecraft) [STDOUT]: [STALLWATCH]     at java.base@17.0.12/java.util.concurrent.SynchronousQueue.poll(SynchronousQueue.java:903)
[21:11:38] [coreswap-stallwatch/INFO] (Minecraft) [STDOUT]: [STALLWATCH]     at java.base@17.0.12/java.util.concurrent.ThreadPoolExecutor.getTask(ThreadPoolExecutor.java:1061)
[21:11:38] [coreswap-stallwatch/INFO] (Minecraft) [STDOUT]: [STALLWATCH]     at java.base@17.0.12/java.util.concurrent.ThreadPoolExecutor.runWorker(ThreadPoolExecutor.java:1122)
[21:11:38] [coreswap-stallwatch/INFO] (Minecraft) [STDOUT]: [STALLWATCH]     at java.base@17.0.12/java.util.concurrent.ThreadPoolExecutor$Worker.run(ThreadPoolExecutor.java:635)
[21:11:38] [coreswap-stallwatch/INFO] (Minecraft) [STDOUT]: [STALLWATCH]     at java.base@17.0.12/java.lang.Thread.run(Thread.java:842)
[21:11:38] [coreswap-stallwatch/INFO] (Minecraft) [STDOUT]: [STALLWATCH] "Worker-Main-6" id=69 state=WAITING daemon=true
[21:11:38] [coreswap-stallwatch/INFO] (Minecraft) [STDOUT]: [STALLWATCH]     at java.base@17.0.12/jdk.internal.misc.Unsafe.park(Native Method)
[21:11:38] [coreswap-stallwatch/INFO] (Minecraft) [STDOUT]: [STALLWATCH]     at java.base@17.0.12/java.util.concurrent.locks.LockSupport.park(LockSupport.java:341)
[21:11:38] [coreswap-stallwatch/INFO] (Minecraft) [STDOUT]: [STALLWATCH]     at java.base@17.0.12/java.util.concurrent.ForkJoinPool.awaitWork(ForkJoinPool.java:1724)
[21:11:38] [coreswap-stallwatch/INFO] (Minecraft) [STDOUT]: [STALLWATCH]     at java.base@17.0.12/java.util.concurrent.ForkJoinPool.runWorker(ForkJoinPool.java:1623)
[21:11:38] [coreswap-stallwatch/INFO] (Minecraft) [STDOUT]: [STALLWATCH]     at java.base@17.0.12/java.util.concurrent.ForkJoinWorkerThread.run(ForkJoinWorkerThread.java:165)
[21:11:38] [coreswap-stallwatch/INFO] (Minecraft) [STDOUT]: [STALLWATCH] "RCON Listener #1" id=97 state=RUNNABLE daemon=false
[21:11:38] [coreswap-stallwatch/INFO] (Minecraft) [STDOUT]: [STALLWATCH]     at java.base@17.0.12/sun.nio.ch.Net.poll(Native Method)
[21:11:38] [coreswap-stallwatch/INFO] (Minecraft) [STDOUT]: [STALLWATCH]     at java.base@17.0.12/sun.nio.ch.NioSocketImpl.park(NioSocketImpl.java:186)
[21:11:38] [coreswap-stallwatch/INFO] (Minecraft) [STDOUT]: [STALLWATCH]     at java.base@17.0.12/sun.nio.ch.NioSocketImpl.timedAccept(NioSocketImpl.java:715)
[21:11:38] [coreswap-stallwatch/INFO] (Minecraft) [STDOUT]: [STALLWATCH]     at java.base@17.0.12/sun.nio.ch.NioSocketImpl.accept(NioSocketImpl.java:757)
[21:11:38] [coreswap-stallwatch/INFO] (Minecraft) [STDOUT]: [STALLWATCH]     at java.base@17.0.12/java.net.ServerSocket.implAccept(ServerSocket.java:675)
[21:11:38] [coreswap-stallwatch/INFO] (Minecraft) [STDOUT]: [STALLWATCH]     at java.base@17.0.12/java.net.ServerSocket.platformImplAccept(ServerSocket.java:641)
[21:11:38] [coreswap-stallwatch/INFO] (Minecraft) [STDOUT]: [STALLWATCH]     at java.base@17.0.12/java.net.ServerSocket.implAccept(ServerSocket.java:617)
[21:11:38] [coreswap-stallwatch/INFO] (Minecraft) [STDOUT]: [STALLWATCH]     at java.base@17.0.12/java.net.ServerSocket.implAccept(ServerSocket.java:574)
[21:11:38] [coreswap-stallwatch/INFO] (Minecraft) [STDOUT]: [STALLWATCH]     at java.base@17.0.12/java.net.ServerSocket.accept(ServerSocket.java:532)
[21:11:38] [coreswap-stallwatch/INFO] (Minecraft) [STDOUT]: [STALLWATCH]     at net.minecraft.server.rcon.RconListener.run(RconListener.java:38)
[21:11:38] [coreswap-stallwatch/INFO] (Minecraft) [STDOUT]: [STALLWATCH]     at java.base@17.0.12/java.lang.Thread.run(Thread.java:842)
[21:11:38] [coreswap-stallwatch/INFO] (Minecraft) [STDOUT]: [STALLWATCH] "Worker-Main-7" id=70 state=WAITING daemon=true
[21:11:38] [coreswap-stallwatch/INFO] (Minecraft) [STDOUT]: [STALLWATCH]     at java.base@17.0.12/jdk.internal.misc.Unsafe.park(Native Method)
[21:11:38] [coreswap-stallwatch/INFO] (Minecraft) [STDOUT]: [STALLWATCH]     at java.base@17.0.12/java.util.concurrent.locks.LockSupport.park(LockSupport.java:341)
[21:11:38] [coreswap-stallwatch/INFO] (Minecraft) [STDOUT]: [STALLWATCH]     at java.base@17.0.12/java.util.concurrent.ForkJoinPool.awaitWork(ForkJoinPool.java:1724)
[21:11:38] [coreswap-stallwatch/INFO] (Minecraft) [STDOUT]: [STALLWATCH]     at java.base@17.0.12/java.util.concurrent.ForkJoinPool.runWorker(ForkJoinPool.java:1623)
[21:11:38] [coreswap-stallwatch/INFO] (Minecraft) [STDOUT]: [STALLWATCH]     at java.base@17.0.12/java.util.concurrent.ForkJoinWorkerThread.run(ForkJoinWorkerThread.java:165)
[21:11:38] [coreswap-stallwatch/INFO] (Minecraft) [STDOUT]: [STALLWATCH] "Worker-Main-1" id=64 state=RUNNABLE daemon=true
[21:11:38] [coreswap-stallwatch/INFO] (Minecraft) [STDOUT]: [STALLWATCH]     at wg.CppWorldgen.fillBlocks(Native Method)
[21:11:38] [coreswap-stallwatch/INFO] (Minecraft) [STDOUT]: [STALLWATCH]     at wg.bench.CppBridge.fillChunk(CppBridge.java:377)
[21:11:38] [coreswap-stallwatch/INFO] (Minecraft) [STDOUT]: [STALLWATCH]     at net.minecraft.world.gen.chunk.NoiseChunkGenerator.md6b07e4$coreswap$lambda$wgPopulateNoise$1$2(NoiseChunkGenerator.java:671)
[21:11:38] [coreswap-stallwatch/INFO] (Minecraft) [STDOUT]: [STALLWATCH]     at net.minecraft.world.gen.chunk.NoiseChunkGenerator$$Lambda$5996/0x00000255b5c79370.get(Unknown Source)
[21:11:38] [coreswap-stallwatch/INFO] (Minecraft) [STDOUT]: [STALLWATCH]     at net.minecraft.world.gen.chunk.NoiseChunkGenerator.wgDispatch(NoiseChunkGenerator.java:610)
[21:11:38] [coreswap-stallwatch/INFO] (Minecraft) [STDOUT]: [STALLWATCH]     at net.minecraft.world.gen.chunk.NoiseChunkGenerator.handler$zfl000$coreswap$wgPopulateNoise(NoiseChunkGenerator.java:687)
[21:11:38] [coreswap-stallwatch/INFO] (Minecraft) [STDOUT]: [STALLWATCH]     at net.minecraft.world.gen.chunk.NoiseChunkGenerator.populateNoise(NoiseChunkGenerator.java)
[21:11:38] [coreswap-stallwatch/INFO] (Minecraft) [STDOUT]: [STALLWATCH]     at net.minecraft.world.chunk.ChunkStatus.method_38284(ChunkStatus.java:96)
[21:11:38] [coreswap-stallwatch/INFO] (Minecraft) [STDOUT]: [STALLWATCH]     at net.minecraft.world.chunk.ChunkStatus$$Lambda$1753/0x00000255b56ec670.doWork(Unknown Source)
[21:11:38] [coreswap-stallwatch/INFO] (Minecraft) [STDOUT]: [STALLWATCH]     at net.minecraft.world.chunk.ChunkStatus.runGenerationTask(ChunkStatus.java:357)
[21:11:38] [coreswap-stallwatch/INFO] (Minecraft) [STDOUT]: [STALLWATCH]     at net.minecraft.server.world.ThreadedAnvilChunkStorage.method_17225(ThreadedAnvilChunkStorage.java:656)
[21:11:38] [coreswap-stallwatch/INFO] (Minecraft) [STDOUT]: [STALLWATCH]     at net.minecraft.server.world.ThreadedAnvilChunkStorage$$Lambda$5299/0x00000255b5b9daa0.apply(Unknown Source)
[21:11:38] [coreswap-stallwatch/INFO] (Minecraft) [STDOUT]: [STALLWATCH]     at com.mojang.datafixers.util.Either$Left.map(Either.java:38)
[21:11:38] [coreswap-stallwatch/INFO] (Minecraft) [STDOUT]: [STALLWATCH]     at net.minecraft.server.world.ThreadedAnvilChunkStorage.method_17224(ThreadedAnvilChunkStorage.java:645)
[21:11:38] [coreswap-stallwatch/INFO] (Minecraft) [STDOUT]: [STALLWATCH]     at net.minecraft.server.world.ThreadedAnvilChunkStorage$$Lambda$5253/0x00000255b5b8b9c8.apply(Unknown Source)
[21:11:38] [coreswap-stallwatch/INFO] (Minecraft) [STDOUT]: [STALLWATCH]     at java.base@17.0.12/java.util.concurrent.CompletableFuture$UniCompose.tryFire(CompletableFuture.java:1150)
[21:11:38] [coreswap-stallwatch/INFO] (Minecraft) [STDOUT]: [STALLWATCH]     at java.base@17.0.12/java.util.concurrent.CompletableFuture$Completion.run(CompletableFuture.java:482)
[21:11:38] [coreswap-stallwatch/INFO] (Minecraft) [STDOUT]: [STALLWATCH]     at net.minecraft.server.world.ChunkTaskPrioritySystem.method_17634(ChunkTaskPrioritySystem.java:49)
[21:11:38] [coreswap-stallwatch/INFO] (Minecraft) [STDOUT]: [STALLWATCH]     at net.minecraft.server.world.ChunkTaskPrioritySystem$$Lambda$5297/0x00000255b5b9d650.run(Unknown Source)
[21:11:38] [coreswap-stallwatch/INFO] (Minecraft) [STDOUT]: [STALLWATCH]     at net.minecraft.util.thread.TaskExecutor.runNext(TaskExecutor.java:79)
[21:11:38] [coreswap-stallwatch/INFO] (Minecraft) [STDOUT]: [STALLWATCH]     at net.minecraft.util.thread.TaskExecutor.runWhile(TaskExecutor.java:129)
[21:11:38] [coreswap-stallwatch/INFO] (Minecraft) [STDOUT]: [STALLWATCH]     at net.minecraft.util.thread.TaskExecutor.run(TaskExecutor.java:87)
[21:11:38] [coreswap-stallwatch/INFO] (Minecraft) [STDOUT]: [STALLWATCH]     at java.base@17.0.12/java.util.concurrent.ForkJoinTask$RunnableExecuteAction.exec(ForkJoinTask.java:1395)
[21:11:38] [coreswap-stallwatch/INFO] (Minecraft) [STDOUT]: [STALLWATCH]     at java.base@17.0.12/java.util.concurrent.ForkJoinTask.doExec(ForkJoinTask.java:373)
[21:11:38] [coreswap-stallwatch/INFO] (Minecraft) [STDOUT]: [STALLWATCH]     at java.base@17.0.12/java.util.concurrent.ForkJoinPool$WorkQueue.topLevelExec(ForkJoinPool.java:1182)
[21:11:38] [coreswap-stallwatch/INFO] (Minecraft) [STDOUT]: [STALLWATCH]     at java.base@17.0.12/java.util.concurrent.ForkJoinPool.scan(ForkJoinPool.java:1655)
[21:11:38] [coreswap-stallwatch/INFO] (Minecraft) [STDOUT]: [STALLWATCH]     at java.base@17.0.12/java.util.concurrent.ForkJoinPool.runWorker(ForkJoinPool.java:1622)
[21:11:38] [coreswap-stallwatch/INFO] (Minecraft) [STDOUT]: [STALLWATCH]     at java.base@17.0.12/java.util.concurrent.ForkJoinWorkerThread.run(ForkJoinWorkerThread.java:165)
[21:11:38] [coreswap-stallwatch/INFO] (Minecraft) [STDOUT]: [STALLWATCH] "Worker-Main-14" id=77 state=WAITING daemon=true
[21:11:38] [coreswap-stallwatch/INFO] (Minecraft) [STDOUT]: [STALLWATCH]     at java.base@17.0.12/jdk.internal.misc.Unsafe.park(Native Method)
[21:11:38] [coreswap-stallwatch/INFO] (Minecraft) [STDOUT]: [STALLWATCH]     at java.base@17.0.12/java.util.concurrent.locks.LockSupport.park(LockSupport.java:341)
[21:11:38] [coreswap-stallwatch/INFO] (Minecraft) [STDOUT]: [STALLWATCH]     at java.base@17.0.12/java.util.concurrent.ForkJoinPool.awaitWork(ForkJoinPool.java:1724)
[21:11:38] [coreswap-stallwatch/INFO] (Minecraft) [STDOUT]: [STALLWATCH]     at java.base@17.0.12/java.util.concurrent.ForkJoinPool.runWorker(ForkJoinPool.java:1623)
[21:11:38] [coreswap-stallwatch/INFO] (Minecraft) [STDOUT]: [STALLWATCH]     at java.base@17.0.12/java.util.concurrent.ForkJoinWorkerThread.run(ForkJoinWorkerThread.java:165)
[21:11:38] [coreswap-stallwatch/INFO] (Minecraft) [STDOUT]: [STALLWATCH] "Yggdrasil Key Fetcher" id=61 state=TIMED_WAITING daemon=true
[21:11:38] [coreswap-stallwatch/INFO] (Minecraft) [STDOUT]: [STALLWATCH]     at java.base@17.0.12/jdk.internal.misc.Unsafe.park(Native Method)
[21:11:38] [coreswap-stallwatch/INFO] (Minecraft) [STDOUT]: [STALLWATCH]     at java.base@17.0.12/java.util.concurrent.locks.LockSupport.parkNanos(LockSupport.java:252)
[21:11:38] [coreswap-stallwatch/INFO] (Minecraft) [STDOUT]: [STALLWATCH]     at java.base@17.0.12/java.util.concurrent.locks.AbstractQueuedSynchronizer$ConditionObject.awaitNanos(AbstractQueuedSynchronizer.java:1672)
[21:11:38] [coreswap-stallwatch/INFO] (Minecraft) [STDOUT]: [STALLWATCH]     at java.base@17.0.12/java.util.concurrent.ScheduledThreadPoolExecutor$DelayedWorkQueue.take(ScheduledThreadPoolExecutor.java:1182)
[21:11:38] [coreswap-stallwatch/INFO] (Minecraft) [STDOUT]: [STALLWATCH]     at java.base@17.0.12/java.util.concurrent.ScheduledThreadPoolExecutor$DelayedWorkQueue.take(ScheduledThreadPoolExecutor.java:899)
[21:11:38] [coreswap-stallwatch/INFO] (Minecraft) [STDOUT]: [STALLWATCH]     at java.base@17.0.12/java.util.concurrent.ThreadPoolExecutor.getTask(ThreadPoolExecutor.java:1062)
[21:11:38] [coreswap-stallwatch/INFO] (Minecraft) [STDOUT]: [STALLWATCH]     at java.base@17.0.12/java.util.concurrent.ThreadPoolExecutor.runWorker(ThreadPoolExecutor.java:1122)
[21:11:38] [coreswap-stallwatch/INFO] (Minecraft) [STDOUT]: [STALLWATCH]     at java.base@17.0.12/java.util.concurrent.ThreadPoolExecutor$Worker.run(ThreadPoolExecutor.java:635)
[21:11:38] [coreswap-stallwatch/INFO] (Minecraft) [STDOUT]: [STALLWATCH]     at java.base@17.0.12/java.lang.Thread.run(Thread.java:842)
[21:11:38] [coreswap-stallwatch/INFO] (Minecraft) [STDOUT]: [STALLWATCH] "Server thread" id=87 state=TIMED_WAITING daemon=false
[21:11:38] [coreswap-stallwatch/INFO] (Minecraft) [STDOUT]: [STALLWATCH]     at java.base@17.0.12/jdk.internal.misc.Unsafe.park(Native Method)
[21:11:38] [coreswap-stallwatch/INFO] (Minecraft) [STDOUT]: [STALLWATCH]     at java.base@17.0.12/java.util.concurrent.locks.LockSupport.parkNanos(LockSupport.java:252)
[21:11:38] [coreswap-stallwatch/INFO] (Minecraft) [STDOUT]: [STALLWATCH]     at net.minecraft.util.thread.ThreadExecutor.waitForTasks(ThreadExecutor.java:133)
[21:11:38] [coreswap-stallwatch/INFO] (Minecraft) [STDOUT]: [STALLWATCH]     at net.minecraft.util.thread.ThreadExecutor.runTasks(ThreadExecutor.java:123)
[21:11:38] [coreswap-stallwatch/INFO] (Minecraft) [STDOUT]: [STALLWATCH]     at net.minecraft.server.MinecraftServer.runTasksTillTickEnd(MinecraftServer.java:788)
[21:11:38] [coreswap-stallwatch/INFO] (Minecraft) [STDOUT]: [STALLWATCH]     at net.minecraft.server.MinecraftServer.runServer(MinecraftServer.java:726)
[21:11:38] [coreswap-stallwatch/INFO] (Minecraft) [STDOUT]: [STALLWATCH]     at net.minecraft.server.MinecraftServer.method_29739(MinecraftServer.java:267)
[21:11:38] [coreswap-stallwatch/INFO] (Minecraft) [STDOUT]: [STALLWATCH]     at net.minecraft.server.MinecraftServer$$Lambda$5063/0x00000255b5ad0f88.run(Unknown Source)
[21:11:38] [coreswap-stallwatch/INFO] (Minecraft) [STDOUT]: [STALLWATCH]     at java.base@17.0.12/java.lang.Thread.run(Thread.java:842)
[21:11:38] [coreswap-stallwatch/INFO] (Minecraft) [STDOUT]: [STALLWATCH] "IO-Worker-26" id=94 state=TIMED_WAITING daemon=false
[21:11:38] [coreswap-stallwatch/INFO] (Minecraft) [STDOUT]: [STALLWATCH]     at java.base@17.0.12/jdk.internal.misc.Unsafe.park(Native Method)
[21:11:38] [coreswap-stallwatch/INFO] (Minecraft) [STDOUT]: [STALLWATCH]     at java.base@17.0.12/java.util.concurrent.locks.LockSupport.parkNanos(LockSupport.java:252)
[21:11:38] [coreswap-stallwatch/INFO] (Minecraft) [STDOUT]: [STALLWATCH]     at java.base@17.0.12/java.util.concurrent.SynchronousQueue$TransferStack.transfer(SynchronousQueue.java:401)
[21:11:38] [coreswap-stallwatch/INFO] (Minecraft) [STDOUT]: [STALLWATCH]     at java.base@17.0.12/java.util.concurrent.SynchronousQueue.poll(SynchronousQueue.java:903)
[21:11:38] [coreswap-stallwatch/INFO] (Minecraft) [STDOUT]: [STALLWATCH]     at java.base@17.0.12/java.util.concurrent.ThreadPoolExecutor.getTask(ThreadPoolExecutor.java:1061)
[21:11:38] [coreswap-stallwatch/INFO] (Minecraft) [STDOUT]: [STALLWATCH]     at java.base@17.0.12/java.util.concurrent.ThreadPoolExecutor.runWorker(ThreadPoolExecutor.java:1122)
[21:11:38] [coreswap-stallwatch/INFO] (Minecraft) [STDOUT]: [STALLWATCH]     at java.base@17.0.12/java.util.concurrent.ThreadPoolExecutor$Worker.run(ThreadPoolExecutor.java:635)
[21:11:38] [coreswap-stallwatch/INFO] (Minecraft) [STDOUT]: [STALLWATCH]     at java.base@17.0.12/java.lang.Thread.run(Thread.java:842)
[21:11:38] [coreswap-stallwatch/INFO] (Minecraft) [STDOUT]: [STALLWATCH] "JNA Cleaner" id=59 state=WAITING daemon=true
[21:11:38] [coreswap-stallwatch/INFO] (Minecraft) [STDOUT]: [STALLWATCH]     at java.base@17.0.12/java.lang.Object.wait(Native Method)
[21:11:38] [coreswap-stallwatch/INFO] (Minecraft) [STDOUT]: [STALLWATCH]     at java.base@17.0.12/java.lang.ref.ReferenceQueue.remove(ReferenceQueue.java:155)
[21:11:38] [coreswap-stallwatch/INFO] (Minecraft) [STDOUT]: [STALLWATCH]     at java.base@17.0.12/java.lang.ref.ReferenceQueue.remove(ReferenceQueue.java:176)
[21:11:38] [coreswap-stallwatch/INFO] (Minecraft) [STDOUT]: [STALLWATCH]     at com.sun.jna.internal.Cleaner$1.run(Cleaner.java:58)
[21:11:38] [coreswap-stallwatch/INFO] (Minecraft) [STDOUT]: [STALLWATCH] "Worker-Main-21" id=84 state=WAITING daemon=true
[21:11:38] [coreswap-stallwatch/INFO] (Minecraft) [STDOUT]: [STALLWATCH]     at java.base@17.0.12/jdk.internal.misc.Unsafe.park(Native Method)
[21:11:38] [coreswap-stallwatch/INFO] (Minecraft) [STDOUT]: [STALLWATCH]     at java.base@17.0.12/java.util.concurrent.locks.LockSupport.park(LockSupport.java:341)
[21:11:38] [coreswap-stallwatch/INFO] (Minecraft) [STDOUT]: [STALLWATCH]     at java.base@17.0.12/java.util.concurrent.ForkJoinPool.awaitWork(ForkJoinPool.java:1724)
[21:11:38] [coreswap-stallwatch/INFO] (Minecraft) [STDOUT]: [STALLWATCH]     at java.base@17.0.12/java.util.concurrent.ForkJoinPool.runWorker(ForkJoinPool.java:1623)
[21:11:38] [coreswap-stallwatch/INFO] (Minecraft) [STDOUT]: [STALLWATCH]     at java.base@17.0.12/java.util.concurrent.ForkJoinWorkerThread.run(ForkJoinWorkerThread.java:165)
[21:11:38] [coreswap-stallwatch/INFO] (Minecraft) [STDOUT]: [STALLWATCH] "Notification Thread" id=21 state=RUNNABLE daemon=true
[21:11:38] [coreswap-stallwatch/INFO] (Minecraft) [STDOUT]: [STALLWATCH] "DestroyJavaVM" id=89 state=RUNNABLE daemon=false
[21:11:38] [coreswap-stallwatch/INFO] (Minecraft) [STDOUT]: [STALLWATCH] "Attach Listener" id=5 state=RUNNABLE daemon=true
[21:11:38] [coreswap-stallwatch/INFO] (Minecraft) [STDOUT]: [STALLWATCH] "Signal Dispatcher" id=4 state=RUNNABLE daemon=true
[21:11:38] [coreswap-stallwatch/INFO] (Minecraft) [STDOUT]: [STALLWATCH] "Worker-Main-18" id=81 state=WAITING daemon=true
[21:11:38] [coreswap-stallwatch/INFO] (Minecraft) [STDOUT]: [STALLWATCH]     at java.base@17.0.12/jdk.internal.misc.Unsafe.park(Native Method)
[21:11:38] [coreswap-stallwatch/INFO] (Minecraft) [STDOUT]: [STALLWATCH]     at java.base@17.0.12/java.util.concurrent.locks.LockSupport.park(LockSupport.java:341)
[21:11:38] [coreswap-stallwatch/INFO] (Minecraft) [STDOUT]: [STALLWATCH]     at java.base@17.0.12/java.util.concurrent.ForkJoinPool.awaitWork(ForkJoinPool.java:1724)
[21:11:38] [coreswap-stallwatch/INFO] (Minecraft) [STDOUT]: [STALLWATCH]     at java.base@17.0.12/java.util.concurrent.ForkJoinPool.runWorker(ForkJoinPool.java:1623)
[21:11:38] [coreswap-stallwatch/INFO] (Minecraft) [STDOUT]: [STALLWATCH]     at java.base@17.0.12/java.util.concurrent.ForkJoinWorkerThread.run(ForkJoinWorkerThread.java:165)
[21:11:38] [coreswap-stallwatch/INFO] (Minecraft) [STDOUT]: [STALLWATCH] "Worker-Main-5" id=68 state=WAITING daemon=true
[21:11:38] [coreswap-stallwatch/INFO] (Minecraft) [STDOUT]: [STALLWATCH]     at java.base@17.0.12/jdk.internal.misc.Unsafe.park(Native Method)
[21:11:38] [coreswap-stallwatch/INFO] (Minecraft) [STDOUT]: [STALLWATCH]     at java.base@17.0.12/java.util.concurrent.locks.LockSupport.park(LockSupport.java:341)
[21:11:38] [coreswap-stallwatch/INFO] (Minecraft) [STDOUT]: [STALLWATCH]     at java.base@17.0.12/java.util.concurrent.ForkJoinPool.awaitWork(ForkJoinPool.java:1724)
[21:11:38] [coreswap-stallwatch/INFO] (Minecraft) [STDOUT]: [STALLWATCH]     at java.base@17.0.12/java.util.concurrent.ForkJoinPool.runWorker(ForkJoinPool.java:1623)
[21:11:38] [coreswap-stallwatch/INFO] (Minecraft) [STDOUT]: [STALLWATCH]     at java.base@17.0.12/java.util.concurrent.ForkJoinWorkerThread.run(ForkJoinWorkerThread.java:165)
[21:11:38] [coreswap-stallwatch/INFO] (Minecraft) [STDOUT]: [STALLWATCH] "coreswap-stallwatch" id=98 state=RUNNABLE daemon=true
[21:11:38] [coreswap-stallwatch/INFO] (Minecraft) [STDOUT]: [STALLWATCH]     at java.base@17.0.12/java.lang.Thread.dumpThreads(Native Method)
[21:11:38] [coreswap-stallwatch/INFO] (Minecraft) [STDOUT]: [STALLWATCH]     at java.base@17.0.12/java.lang.Thread.getAllStackTraces(Thread.java:1673)
[21:11:38] [coreswap-stallwatch/INFO] (Minecraft) [STDOUT]: [STALLWATCH]     at wg.bench.StallWatch.lambda$start$0(StallWatch.java:41)
[21:11:38] [coreswap-stallwatch/INFO] (Minecraft) [STDOUT]: [STALLWATCH]     at wg.bench.StallWatch$$Lambda$5791/0x00000255b5c25080.run(Unknown Source)
[21:11:38] [coreswap-stallwatch/INFO] (Minecraft) [STDOUT]: [STALLWATCH]     at java.base@17.0.12/java.lang.Thread.run(Thread.java:842)
[21:11:38] [coreswap-stallwatch/INFO] (Minecraft) [STDOUT]: [STALLWATCH] "Worker-Main-16" id=79 state=WAITING daemon=true
[21:11:38] [coreswap-stallwatch/INFO] (Minecraft) [STDOUT]: [STALLWATCH]     at java.base@17.0.12/jdk.internal.misc.Unsafe.park(Native Method)
[21:11:38] [coreswap-stallwatch/INFO] (Minecraft) [STDOUT]: [STALLWATCH]     at java.base@17.0.12/java.util.concurrent.locks.LockSupport.park(LockSupport.java:341)
[21:11:38] [coreswap-stallwatch/INFO] (Minecraft) [STDOUT]: [STALLWATCH]     at java.base@17.0.12/java.util.concurrent.ForkJoinPool.awaitWork(ForkJoinPool.java:1724)
[21:11:38] [coreswap-stallwatch/INFO] (Minecraft) [STDOUT]: [STALLWATCH]     at java.base@17.0.12/java.util.concurrent.ForkJoinPool.runWorker(ForkJoinPool.java:1623)
[21:11:38] [coreswap-stallwatch/INFO] (Minecraft) [STDOUT]: [STALLWATCH]     at java.base@17.0.12/java.util.concurrent.ForkJoinWorkerThread.run(ForkJoinWorkerThread.java:165)
[21:11:38] [coreswap-stallwatch/INFO] (Minecraft) [STDOUT]: [STALLWATCH] "Worker-Main-8" id=71 state=WAITING daemon=true
[21:11:38] [coreswap-stallwatch/INFO] (Minecraft) [STDOUT]: [STALLWATCH]     at java.base@17.0.12/jdk.internal.misc.Unsafe.park(Native Method)
[21:11:38] [coreswap-stallwatch/INFO] (Minecraft) [STDOUT]: [STALLWATCH]     at java.base@17.0.12/java.util.concurrent.locks.LockSupport.park(LockSupport.java:341)
[21:11:38] [coreswap-stallwatch/INFO] (Minecraft) [STDOUT]: [STALLWATCH]     at java.base@17.0.12/java.util.concurrent.ForkJoinPool.awaitWork(ForkJoinPool.java:1724)
[21:11:38] [coreswap-stallwatch/INFO] (Minecraft) [STDOUT]: [STALLWATCH]     at java.base@17.0.12/java.util.concurrent.ForkJoinPool.runWorker(ForkJoinPool.java:1623)
[21:11:38] [coreswap-stallwatch/INFO] (Minecraft) [STDOUT]: [STALLWATCH]     at java.base@17.0.12/java.util.concurrent.ForkJoinWorkerThread.run(ForkJoinWorkerThread.java:165)
[21:11:38] [coreswap-stallwatch/INFO] (Minecraft) [STDOUT]: [STALLWATCH] "IO-Worker-25" id=93 state=TIMED_WAITING daemon=false
[21:11:38] [coreswap-stallwatch/INFO] (Minecraft) [STDOUT]: [STALLWATCH]     at java.base@17.0.12/jdk.internal.misc.Unsafe.park(Native Method)
[21:11:38] [coreswap-stallwatch/INFO] (Minecraft) [STDOUT]: [STALLWATCH]     at java.base@17.0.12/java.util.concurrent.locks.LockSupport.parkNanos(LockSupport.java:252)
[21:11:38] [coreswap-stallwatch/INFO] (Minecraft) [STDOUT]: [STALLWATCH]     at java.base@17.0.12/java.util.concurrent.SynchronousQueue$TransferStack.transfer(SynchronousQueue.java:401)
[21:11:38] [coreswap-stallwatch/INFO] (Minecraft) [STDOUT]: [STALLWATCH]     at java.base@17.0.12/java.util.concurrent.SynchronousQueue.poll(SynchronousQueue.java:903)
[21:11:38] [coreswap-stallwatch/INFO] (Minecraft) [STDOUT]: [STALLWATCH]     at java.base@17.0.12/java.util.concurrent.ThreadPoolExecutor.getTask(ThreadPoolExecutor.java:1061)
[21:11:38] [coreswap-stallwatch/INFO] (Minecraft) [STDOUT]: [STALLWATCH]     at java.base@17.0.12/java.util.concurrent.ThreadPoolExecutor.runWorker(ThreadPoolExecutor.java:1122)
[21:11:38] [coreswap-stallwatch/INFO] (Minecraft) [STDOUT]: [STALLWATCH]     at java.base@17.0.12/java.util.concurrent.ThreadPoolExecutor$Worker.run(ThreadPoolExecutor.java:635)
[21:11:38] [coreswap-stallwatch/INFO] (Minecraft) [STDOUT]: [STALLWATCH]     at java.base@17.0.12/java.lang.Thread.run(Thread.java:842)
[21:11:38] [coreswap-stallwatch/INFO] (Minecraft) [STDOUT]: [STALLWATCH] === end ===
[21:11:41] [Worker-Main-17/INFO] (Minecraft) [STDOUT]: [CHUNKTIME] n=1536 perChunk(ms): mixin=48.09 gap=1056.91 | sumMixin=73.9s sumGap=1623.4s | inflight max=1 now=1
[21:11:42] [RCON Listener #1/INFO] (Minecraft) Thread RCON Client /127.0.0.1 started
[21:11:42] [RCON Client /127.0.0.1 #11/INFO] (Minecraft) Thread RCON Client /127.0.0.1 shutting down
[21:11:45] [Server thread/INFO] (Minecraft) [Chunky] Task running for minecraft:overworld. Processed: 1317 chunks (31.17%), ETA: 0:02:32, Rate: 19.0 cps, Current: 9, -28
[21:11:54] [Worker-Main-7/INFO] (Minecraft) [STDOUT]: [CHUNKTIME] n=1792 perChunk(ms): mixin=47.85 gap=1067.65 | sumMixin=85.8s sumGap=1913.2s | inflight max=1 now=1
[21:11:55] [Server thread/INFO] (Minecraft) [Chunky] Task running for minecraft:overworld. Processed: 1541 chunks (36.47%), ETA: 0:02:18, Rate: 19.4 cps, Current: 16, -28
[21:12:03] [RCON Listener #1/INFO] (Minecraft) Thread RCON Client /127.0.0.1 started
[21:12:03] [RCON Client /127.0.0.1 #12/INFO] (Minecraft) Thread RCON Client /127.0.0.1 shutting down
[21:12:05] [Server thread/INFO] (Minecraft) [Chunky] Task running for minecraft:overworld. Processed: 1785 chunks (42.25%), ETA: 0:01:50, Rate: 22.0 cps, Current: 23, -5
[21:12:07] [Worker-Main-18/INFO] (Minecraft) [STDOUT]: [CHUNKTIME] n=2048 perChunk(ms): mixin=47.69 gap=1075.65 | sumMixin=97.7s sumGap=2202.9s | inflight max=1 now=1
[21:12:08] [coreswap-stallwatch/INFO] (Minecraft) [STDOUT]: [STALLWATCH] === thread dump @ Thu Sep 10 21:12:08 HKT 2026 (interval=30s) ===
[21:12:08] [coreswap-stallwatch/INFO] (Minecraft) [STDOUT]: [STALLWATCH] "Timer hack thread" id=60 state=TIMED_WAITING daemon=true
[21:12:08] [coreswap-stallwatch/INFO] (Minecraft) [STDOUT]: [STALLWATCH]     at java.base@17.0.12/java.lang.Thread.sleep(Native Method)
[21:12:08] [coreswap-stallwatch/INFO] (Minecraft) [STDOUT]: [STALLWATCH]     at net.minecraft.util.Util$9.run(Util.java:863)
[21:12:08] [coreswap-stallwatch/INFO] (Minecraft) [STDOUT]: [STALLWATCH] "Worker-Main-2" id=65 state=WAITING daemon=true
[21:12:08] [coreswap-stallwatch/INFO] (Minecraft) [STDOUT]: [STALLWATCH]     at java.base@17.0.12/jdk.internal.misc.Unsafe.park(Native Method)
[21:12:08] [coreswap-stallwatch/INFO] (Minecraft) [STDOUT]: [STALLWATCH]     at java.base@17.0.12/java.util.concurrent.locks.LockSupport.park(LockSupport.java:341)
[21:12:08] [coreswap-stallwatch/INFO] (Minecraft) [STDOUT]: [STALLWATCH]     at java.base@17.0.12/java.util.concurrent.ForkJoinPool.awaitWork(ForkJoinPool.java:1724)
[21:12:08] [coreswap-stallwatch/INFO] (Minecraft) [STDOUT]: [STALLWATCH]     at java.base@17.0.12/java.util.concurrent.ForkJoinPool.runWorker(ForkJoinPool.java:1623)
[21:12:08] [coreswap-stallwatch/INFO] (Minecraft) [STDOUT]: [STALLWATCH]     at java.base@17.0.12/java.util.concurrent.ForkJoinWorkerThread.run(ForkJoinWorkerThread.java:165)
[21:12:08] [coreswap-stallwatch/INFO] (Minecraft) [STDOUT]: [STALLWATCH] "Worker-Main-17" id=80 state=WAITING daemon=true
[21:12:08] [coreswap-stallwatch/INFO] (Minecraft) [STDOUT]: [STALLWATCH]     at java.base@17.0.12/jdk.internal.misc.Unsafe.park(Native Method)
[21:12:08] [coreswap-stallwatch/INFO] (Minecraft) [STDOUT]: [STALLWATCH]     at java.base@17.0.12/java.util.concurrent.locks.LockSupport.park(LockSupport.java:341)
[21:12:08] [coreswap-stallwatch/INFO] (Minecraft) [STDOUT]: [STALLWATCH]     at java.base@17.0.12/java.util.concurrent.ForkJoinPool.awaitWork(ForkJoinPool.java:1724)
[21:12:08] [coreswap-stallwatch/INFO] (Minecraft) [STDOUT]: [STALLWATCH]     at java.base@17.0.12/java.util.concurrent.ForkJoinPool.runWorker(ForkJoinPool.java:1623)
[21:12:08] [coreswap-stallwatch/INFO] (Minecraft) [STDOUT]: [STALLWATCH]     at java.base@17.0.12/java.util.concurrent.ForkJoinWorkerThread.run(ForkJoinWorkerThread.java:165)
[21:12:08] [coreswap-stallwatch/INFO] (Minecraft) [STDOUT]: [STALLWATCH] "Worker-Main-23" id=86 state=WAITING daemon=true
[21:12:08] [coreswap-stallwatch/INFO] (Minecraft) [STDOUT]: [STALLWATCH]     at java.base@17.0.12/jdk.internal.misc.Unsafe.park(Native Method)
[21:12:08] [coreswap-stallwatch/INFO] (Minecraft) [STDOUT]: [STALLWATCH]     at java.base@17.0.12/java.util.concurrent.locks.LockSupport.park(LockSupport.java:341)
[21:12:08] [coreswap-stallwatch/INFO] (Minecraft) [STDOUT]: [STALLWATCH]     at java.base@17.0.12/java.util.concurrent.ForkJoinPool.awaitWork(ForkJoinPool.java:1724)
[21:12:08] [coreswap-stallwatch/INFO] (Minecraft) [STDOUT]: [STALLWATCH]     at java.base@17.0.12/java.util.concurrent.ForkJoinPool.runWorker(ForkJoinPool.java:1623)
[21:12:08] [coreswap-stallwatch/INFO] (Minecraft) [STDOUT]: [STALLWATCH]     at java.base@17.0.12/java.util.concurrent.ForkJoinWorkerThread.run(ForkJoinWorkerThread.java:165)
[21:12:08] [coreswap-stallwatch/INFO] (Minecraft) [STDOUT]: [STALLWATCH] "Worker-Main-9" id=72 state=WAITING daemon=true
[21:12:08] [coreswap-stallwatch/INFO] (Minecraft) [STDOUT]: [STALLWATCH]     at java.base@17.0.12/jdk.internal.misc.Unsafe.park(Native Method)
[21:12:08] [coreswap-stallwatch/INFO] (Minecraft) [STDOUT]: [STALLWATCH]     at java.base@17.0.12/java.util.concurrent.locks.LockSupport.park(LockSupport.java:341)
[21:12:08] [coreswap-stallwatch/INFO] (Minecraft) [STDOUT]: [STALLWATCH]     at java.base@17.0.12/java.util.concurrent.ForkJoinPool.awaitWork(ForkJoinPool.java:1724)
[21:12:08] [coreswap-stallwatch/INFO] (Minecraft) [STDOUT]: [STALLWATCH]     at java.base@17.0.12/java.util.concurrent.ForkJoinPool.runWorker(ForkJoinPool.java:1623)
[21:12:08] [coreswap-stallwatch/INFO] (Minecraft) [STDOUT]: [STALLWATCH]     at java.base@17.0.12/java.util.concurrent.ForkJoinWorkerThread.run(ForkJoinWorkerThread.java:165)
[21:12:08] [coreswap-stallwatch/INFO] (Minecraft) [STDOUT]: [STALLWATCH] "Worker-Main-10" id=73 state=WAITING daemon=true
[21:12:08] [coreswap-stallwatch/INFO] (Minecraft) [STDOUT]: [STALLWATCH]     at java.base@17.0.12/jdk.internal.misc.Unsafe.park(Native Method)
[21:12:08] [coreswap-stallwatch/INFO] (Minecraft) [STDOUT]: [STALLWATCH]     at java.base@17.0.12/java.util.concurrent.locks.LockSupport.park(LockSupport.java:341)
[21:12:08] [coreswap-stallwatch/INFO] (Minecraft) [STDOUT]: [STALLWATCH]     at java.base@17.0.12/java.util.concurrent.ForkJoinPool.awaitWork(ForkJoinPool.java:1724)
[21:12:08] [coreswap-stallwatch/INFO] (Minecraft) [STDOUT]: [STALLWATCH]     at java.base@17.0.12/java.util.concurrent.ForkJoinPool.runWorker(ForkJoinPool.java:1623)
[21:12:08] [coreswap-stallwatch/INFO] (Minecraft) [STDOUT]: [STALLWATCH]     at java.base@17.0.12/java.util.concurrent.ForkJoinWorkerThread.run(ForkJoinWorkerThread.java:165)
[21:12:08] [coreswap-stallwatch/INFO] (Minecraft) [STDOUT]: [STALLWATCH] "Worker-Main-15" id=78 state=WAITING daemon=true
[21:12:08] [coreswap-stallwatch/INFO] (Minecraft) [STDOUT]: [STALLWATCH]     at java.base@17.0.12/jdk.internal.misc.Unsafe.park(Native Method)
[21:12:08] [coreswap-stallwatch/INFO] (Minecraft) [STDOUT]: [STALLWATCH]     at java.base@17.0.12/java.util.concurrent.locks.LockSupport.park(LockSupport.java:341)
[21:12:08] [coreswap-stallwatch/INFO] (Minecraft) [STDOUT]: [STALLWATCH]     at java.base@17.0.12/java.util.concurrent.ForkJoinPool.awaitWork(ForkJoinPool.java:1724)
[21:12:08] [coreswap-stallwatch/INFO] (Minecraft) [STDOUT]: [STALLWATCH]     at java.base@17.0.12/java.util.concurrent.ForkJoinPool.runWorker(ForkJoinPool.java:1623)
[21:12:08] [coreswap-stallwatch/INFO] (Minecraft) [STDOUT]: [STALLWATCH]     at java.base@17.0.12/java.util.concurrent.ForkJoinWorkerThread.run(ForkJoinWorkerThread.java:165)
[21:12:08] [coreswap-stallwatch/INFO] (Minecraft) [STDOUT]: [STALLWATCH] "Worker-Main-3" id=66 state=WAITING daemon=true
[21:12:08] [coreswap-stallwatch/INFO] (Minecraft) [STDOUT]: [STALLWATCH]     at java.base@17.0.12/jdk.internal.misc.Unsafe.park(Native Method)
[21:12:08] [coreswap-stallwatch/INFO] (Minecraft) [STDOUT]: [STALLWATCH]     at java.base@17.0.12/java.util.concurrent.locks.LockSupport.park(LockSupport.java:341)
[21:12:08] [coreswap-stallwatch/INFO] (Minecraft) [STDOUT]: [STALLWATCH]     at java.base@17.0.12/java.util.concurrent.ForkJoinPool.awaitWork(ForkJoinPool.java:1724)
[21:12:08] [coreswap-stallwatch/INFO] (Minecraft) [STDOUT]: [STALLWATCH]     at java.base@17.0.12/java.util.concurrent.ForkJoinPool.runWorker(ForkJoinPool.java:1623)
[21:12:08] [coreswap-stallwatch/INFO] (Minecraft) [STDOUT]: [STALLWATCH]     at java.base@17.0.12/java.util.concurrent.ForkJoinWorkerThread.run(ForkJoinWorkerThread.java:165)
[21:12:08] [coreswap-stallwatch/INFO] (Minecraft) [STDOUT]: [STALLWATCH] "Worker-Main-22" id=85 state=WAITING daemon=true
[21:12:08] [coreswap-stallwatch/INFO] (Minecraft) [STDOUT]: [STALLWATCH]     at java.base@17.0.12/jdk.internal.misc.Unsafe.park(Native Method)
[21:12:08] [coreswap-stallwatch/INFO] (Minecraft) [STDOUT]: [STALLWATCH]     at java.base@17.0.12/java.util.concurrent.locks.LockSupport.park(LockSupport.java:341)
[21:12:08] [coreswap-stallwatch/INFO] (Minecraft) [STDOUT]: [STALLWATCH]     at java.base@17.0.12/java.util.concurrent.ForkJoinPool.awaitWork(ForkJoinPool.java:1724)
[21:12:08] [coreswap-stallwatch/INFO] (Minecraft) [STDOUT]: [STALLWATCH]     at java.base@17.0.12/java.util.concurrent.ForkJoinPool.runWorker(ForkJoinPool.java:1623)
[21:12:08] [coreswap-stallwatch/INFO] (Minecraft) [STDOUT]: [STALLWATCH]     at java.base@17.0.12/java.util.concurrent.ForkJoinWorkerThread.run(ForkJoinWorkerThread.java:165)
[21:12:08] [coreswap-stallwatch/INFO] (Minecraft) [STDOUT]: [STALLWATCH] "Worker-Main-11" id=74 state=WAITING daemon=true
[21:12:08] [coreswap-stallwatch/INFO] (Minecraft) [STDOUT]: [STALLWATCH]     at java.base@17.0.12/jdk.internal.misc.Unsafe.park(Native Method)
[21:12:08] [coreswap-stallwatch/INFO] (Minecraft) [STDOUT]: [STALLWATCH]     at java.base@17.0.12/java.util.concurrent.locks.LockSupport.park(LockSupport.java:341)
[21:12:08] [coreswap-stallwatch/INFO] (Minecraft) [STDOUT]: [STALLWATCH]     at java.base@17.0.12/java.util.concurrent.ForkJoinPool.awaitWork(ForkJoinPool.java:1724)
[21:12:08] [coreswap-stallwatch/INFO] (Minecraft) [STDOUT]: [STALLWATCH]     at java.base@17.0.12/java.util.concurrent.ForkJoinPool.runWorker(ForkJoinPool.java:1623)
[21:12:08] [coreswap-stallwatch/INFO] (Minecraft) [STDOUT]: [STALLWATCH]     at java.base@17.0.12/java.util.concurrent.ForkJoinWorkerThread.run(ForkJoinWorkerThread.java:165)
[21:12:08] [coreswap-stallwatch/INFO] (Minecraft) [STDOUT]: [STALLWATCH] "Worker-Main-20" id=83 state=WAITING daemon=true
[21:12:08] [coreswap-stallwatch/INFO] (Minecraft) [STDOUT]: [STALLWATCH]     at java.base@17.0.12/jdk.internal.misc.Unsafe.park(Native Method)
[21:12:08] [coreswap-stallwatch/INFO] (Minecraft) [STDOUT]: [STALLWATCH]     at java.base@17.0.12/java.util.concurrent.locks.LockSupport.park(LockSupport.java:341)
[21:12:08] [coreswap-stallwatch/INFO] (Minecraft) [STDOUT]: [STALLWATCH]     at java.base@17.0.12/java.util.concurrent.ForkJoinPool.awaitWork(ForkJoinPool.java:1724)
[21:12:08] [coreswap-stallwatch/INFO] (Minecraft) [STDOUT]: [STALLWATCH]     at java.base@17.0.12/java.util.concurrent.ForkJoinPool.runWorker(ForkJoinPool.java:1623)
[21:12:08] [coreswap-stallwatch/INFO] (Minecraft) [STDOUT]: [STALLWATCH]     at java.base@17.0.12/java.util.concurrent.ForkJoinWorkerThread.run(ForkJoinWorkerThread.java:165)
[21:12:08] [coreswap-stallwatch/INFO] (Minecraft) [STDOUT]: [STALLWATCH] "Finalizer" id=3 state=WAITING daemon=true
[21:12:08] [coreswap-stallwatch/INFO] (Minecraft) [STDOUT]: [STALLWATCH]     at java.base@17.0.12/java.lang.Object.wait(Native Method)
[21:12:08] [coreswap-stallwatch/INFO] (Minecraft) [STDOUT]: [STALLWATCH]     at java.base@17.0.12/java.lang.ref.ReferenceQueue.remove(ReferenceQueue.java:155)
[21:12:08] [coreswap-stallwatch/INFO] (Minecraft) [STDOUT]: [STALLWATCH]     at java.base@17.0.12/java.lang.ref.ReferenceQueue.remove(ReferenceQueue.java:176)
[21:12:08] [coreswap-stallwatch/INFO] (Minecraft) [STDOUT]: [STALLWATCH]     at java.base@17.0.12/java.lang.ref.Finalizer$FinalizerThread.run(Finalizer.java:172)
[21:12:08] [coreswap-stallwatch/INFO] (Minecraft) [STDOUT]: [STALLWATCH] "Reference Handler" id=2 state=RUNNABLE daemon=true
[21:12:08] [coreswap-stallwatch/INFO] (Minecraft) [STDOUT]: [STALLWATCH]     at java.base@17.0.12/java.lang.ref.Reference.waitForReferencePendingList(Native Method)
[21:12:08] [coreswap-stallwatch/INFO] (Minecraft) [STDOUT]: [STALLWATCH]     at java.base@17.0.12/java.lang.ref.Reference.processPendingReferences(Reference.java:253)
[21:12:08] [coreswap-stallwatch/INFO] (Minecraft) [STDOUT]: [STALLWATCH]     at java.base@17.0.12/java.lang.ref.Reference$ReferenceHandler.run(Reference.java:215)
[21:12:08] [coreswap-stallwatch/INFO] (Minecraft) [STDOUT]: [STALLWATCH] "Worker-Main-19" id=82 state=WAITING daemon=true
[21:12:08] [coreswap-stallwatch/INFO] (Minecraft) [STDOUT]: [STALLWATCH]     at java.base@17.0.12/jdk.internal.misc.Unsafe.park(Native Method)
[21:12:08] [coreswap-stallwatch/INFO] (Minecraft) [STDOUT]: [STALLWATCH]     at java.base@17.0.12/java.util.concurrent.locks.LockSupport.park(LockSupport.java:341)
[21:12:08] [coreswap-stallwatch/INFO] (Minecraft) [STDOUT]: [STALLWATCH]     at java.base@17.0.12/java.util.concurrent.ForkJoinPool.awaitWork(ForkJoinPool.java:1724)
[21:12:08] [coreswap-stallwatch/INFO] (Minecraft) [STDOUT]: [STALLWATCH]     at java.base@17.0.12/java.util.concurrent.ForkJoinPool.runWorker(ForkJoinPool.java:1623)
[21:12:08] [coreswap-stallwatch/INFO] (Minecraft) [STDOUT]: [STALLWATCH]     at java.base@17.0.12/java.util.concurrent.ForkJoinWorkerThread.run(ForkJoinWorkerThread.java:165)
[21:12:08] [coreswap-stallwatch/INFO] (Minecraft) [STDOUT]: [STALLWATCH] "Common-Cleaner" id=22 state=TIMED_WAITING daemon=true
[21:12:08] [coreswap-stallwatch/INFO] (Minecraft) [STDOUT]: [STALLWATCH]     at java.base@17.0.12/java.lang.Object.wait(Native Method)
[21:12:08] [coreswap-stallwatch/INFO] (Minecraft) [STDOUT]: [STALLWATCH]     at java.base@17.0.12/java.lang.ref.ReferenceQueue.remove(ReferenceQueue.java:155)
[21:12:08] [coreswap-stallwatch/INFO] (Minecraft) [STDOUT]: [STALLWATCH]     at java.base@17.0.12/jdk.internal.ref.CleanerImpl.run(CleanerImpl.java:140)
[21:12:08] [coreswap-stallwatch/INFO] (Minecraft) [STDOUT]: [STALLWATCH]     at java.base@17.0.12/java.lang.Thread.run(Thread.java:842)
[21:12:08] [coreswap-stallwatch/INFO] (Minecraft) [STDOUT]: [STALLWATCH]     at java.base@17.0.12/jdk.internal.misc.InnocuousThread.run(InnocuousThread.java:162)
[21:12:08] [coreswap-stallwatch/INFO] (Minecraft) [STDOUT]: [STALLWATCH] "IO-Worker-24" id=92 state=TIMED_WAITING daemon=false
[21:12:08] [coreswap-stallwatch/INFO] (Minecraft) [STDOUT]: [STALLWATCH]     at java.base@17.0.12/jdk.internal.misc.Unsafe.park(Native Method)
[21:12:08] [coreswap-stallwatch/INFO] (Minecraft) [STDOUT]: [STALLWATCH]     at java.base@17.0.12/java.util.concurrent.locks.LockSupport.parkNanos(LockSupport.java:252)
[21:12:08] [coreswap-stallwatch/INFO] (Minecraft) [STDOUT]: [STALLWATCH]     at java.base@17.0.12/java.util.concurrent.SynchronousQueue$TransferStack.transfer(SynchronousQueue.java:401)
[21:12:08] [coreswap-stallwatch/INFO] (Minecraft) [STDOUT]: [STALLWATCH]     at java.base@17.0.12/java.util.concurrent.SynchronousQueue.poll(SynchronousQueue.java:903)
[21:12:08] [coreswap-stallwatch/INFO] (Minecraft) [STDOUT]: [STALLWATCH]     at java.base@17.0.12/java.util.concurrent.ThreadPoolExecutor.getTask(ThreadPoolExecutor.java:1061)
[21:12:08] [coreswap-stallwatch/INFO] (Minecraft) [STDOUT]: [STALLWATCH]     at java.base@17.0.12/java.util.concurrent.ThreadPoolExecutor.runWorker(ThreadPoolExecutor.java:1122)
[21:12:08] [coreswap-stallwatch/INFO] (Minecraft) [STDOUT]: [STALLWATCH]     at java.base@17.0.12/java.util.concurrent.ThreadPoolExecutor$Worker.run(ThreadPoolExecutor.java:635)
[21:12:08] [coreswap-stallwatch/INFO] (Minecraft) [STDOUT]: [STALLWATCH]     at java.base@17.0.12/java.lang.Thread.run(Thread.java:842)
[21:12:08] [coreswap-stallwatch/INFO] (Minecraft) [STDOUT]: [STALLWATCH] "IO-Worker-27" id=95 state=TIMED_WAITING daemon=false
[21:12:08] [coreswap-stallwatch/INFO] (Minecraft) [STDOUT]: [STALLWATCH]     at java.base@17.0.12/jdk.internal.misc.Unsafe.park(Native Method)
[21:12:08] [coreswap-stallwatch/INFO] (Minecraft) [STDOUT]: [STALLWATCH]     at java.base@17.0.12/java.util.concurrent.locks.LockSupport.parkNanos(LockSupport.java:252)
[21:12:08] [coreswap-stallwatch/INFO] (Minecraft) [STDOUT]: [STALLWATCH]     at java.base@17.0.12/java.util.concurrent.SynchronousQueue$TransferStack.transfer(SynchronousQueue.java:401)
[21:12:08] [coreswap-stallwatch/INFO] (Minecraft) [STDOUT]: [STALLWATCH]     at java.base@17.0.12/java.util.concurrent.SynchronousQueue.poll(SynchronousQueue.java:903)
[21:12:08] [coreswap-stallwatch/INFO] (Minecraft) [STDOUT]: [STALLWATCH]     at java.base@17.0.12/java.util.concurrent.ThreadPoolExecutor.getTask(ThreadPoolExecutor.java:1061)
[21:12:08] [coreswap-stallwatch/INFO] (Minecraft) [STDOUT]: [STALLWATCH]     at java.base@17.0.12/java.util.concurrent.ThreadPoolExecutor.runWorker(ThreadPoolExecutor.java:1122)
[21:12:08] [coreswap-stallwatch/INFO] (Minecraft) [STDOUT]: [STALLWATCH]     at java.base@17.0.12/java.util.concurrent.ThreadPoolExecutor$Worker.run(ThreadPoolExecutor.java:635)
[21:12:08] [coreswap-stallwatch/INFO] (Minecraft) [STDOUT]: [STALLWATCH]     at java.base@17.0.12/java.lang.Thread.run(Thread.java:842)
[21:12:08] [coreswap-stallwatch/INFO] (Minecraft) [STDOUT]: [STALLWATCH] "Worker-Main-13" id=76 state=WAITING daemon=true
[21:12:08] [coreswap-stallwatch/INFO] (Minecraft) [STDOUT]: [STALLWATCH]     at java.base@17.0.12/jdk.internal.misc.Unsafe.park(Native Method)
[21:12:08] [coreswap-stallwatch/INFO] (Minecraft) [STDOUT]: [STALLWATCH]     at java.base@17.0.12/java.util.concurrent.locks.LockSupport.park(LockSupport.java:341)
[21:12:08] [coreswap-stallwatch/INFO] (Minecraft) [STDOUT]: [STALLWATCH]     at java.base@17.0.12/java.util.concurrent.ForkJoinPool.awaitWork(ForkJoinPool.java:1724)
[21:12:08] [coreswap-stallwatch/INFO] (Minecraft) [STDOUT]: [STALLWATCH]     at java.base@17.0.12/java.util.concurrent.ForkJoinPool.runWorker(ForkJoinPool.java:1623)
[21:12:08] [coreswap-stallwatch/INFO] (Minecraft) [STDOUT]: [STALLWATCH]     at java.base@17.0.12/java.util.concurrent.ForkJoinWorkerThread.run(ForkJoinWorkerThread.java:165)
[21:12:08] [coreswap-stallwatch/INFO] (Minecraft) [STDOUT]: [STALLWATCH] "Chunky-minecraft:overworld Thread" id=101 state=WAITING daemon=true
[21:12:08] [coreswap-stallwatch/INFO] (Minecraft) [STDOUT]: [STALLWATCH]     at java.base@17.0.12/jdk.internal.misc.Unsafe.park(Native Method)
[21:12:08] [coreswap-stallwatch/INFO] (Minecraft) [STDOUT]: [STALLWATCH]     at java.base@17.0.12/java.util.concurrent.locks.LockSupport.park(LockSupport.java:211)
[21:12:08] [coreswap-stallwatch/INFO] (Minecraft) [STDOUT]: [STALLWATCH]     at java.base@17.0.12/java.util.concurrent.locks.AbstractQueuedSynchronizer.acquire(AbstractQueuedSynchronizer.java:715)
[21:12:08] [coreswap-stallwatch/INFO] (Minecraft) [STDOUT]: [STALLWATCH]     at java.base@17.0.12/java.util.concurrent.locks.AbstractQueuedSynchronizer.acquireSharedInterruptibly(AbstractQueuedSynchronizer.java:1047)
[21:12:08] [coreswap-stallwatch/INFO] (Minecraft) [STDOUT]: [STALLWATCH]     at java.base@17.0.12/java.util.concurrent.Semaphore.acquire(Semaphore.java:318)
[21:12:08] [coreswap-stallwatch/INFO] (Minecraft) [STDOUT]: [STALLWATCH]     at org.popcraft.chunky.GenerationTask.run(GenerationTask.java:140)
[21:12:08] [coreswap-stallwatch/INFO] (Minecraft) [STDOUT]: [STALLWATCH]     at java.base@17.0.12/java.util.concurrent.Executors$RunnableAdapter.call(Executors.java:539)
[21:12:08] [coreswap-stallwatch/INFO] (Minecraft) [STDOUT]: [STALLWATCH]     at java.base@17.0.12/java.util.concurrent.FutureTask.run(FutureTask.java:264)
[21:12:08] [coreswap-stallwatch/INFO] (Minecraft) [STDOUT]: [STALLWATCH]     at java.base@17.0.12/java.util.concurrent.ThreadPoolExecutor.runWorker(ThreadPoolExecutor.java:1136)
[21:12:08] [coreswap-stallwatch/INFO] (Minecraft) [STDOUT]: [STALLWATCH]     at java.base@17.0.12/java.util.concurrent.ThreadPoolExecutor$Worker.run(ThreadPoolExecutor.java:635)
[21:12:08] [coreswap-stallwatch/INFO] (Minecraft) [STDOUT]: [STALLWATCH]     at java.base@17.0.12/java.lang.Thread.run(Thread.java:842)
[21:12:08] [coreswap-stallwatch/INFO] (Minecraft) [STDOUT]: [STALLWATCH] "Worker-Main-12" id=75 state=WAITING daemon=true
[21:12:08] [coreswap-stallwatch/INFO] (Minecraft) [STDOUT]: [STALLWATCH]     at java.base@17.0.12/jdk.internal.misc.Unsafe.park(Native Method)
[21:12:08] [coreswap-stallwatch/INFO] (Minecraft) [STDOUT]: [STALLWATCH]     at java.base@17.0.12/java.util.concurrent.locks.LockSupport.park(LockSupport.java:341)
[21:12:08] [coreswap-stallwatch/INFO] (Minecraft) [STDOUT]: [STALLWATCH]     at java.base@17.0.12/java.util.concurrent.ForkJoinPool.awaitWork(ForkJoinPool.java:1724)
[21:12:08] [coreswap-stallwatch/INFO] (Minecraft) [STDOUT]: [STALLWATCH]     at java.base@17.0.12/java.util.concurrent.ForkJoinPool.runWorker(ForkJoinPool.java:1623)
[21:12:08] [coreswap-stallwatch/INFO] (Minecraft) [STDOUT]: [STALLWATCH]     at java.base@17.0.12/java.util.concurrent.ForkJoinWorkerThread.run(ForkJoinWorkerThread.java:165)
[21:12:08] [coreswap-stallwatch/INFO] (Minecraft) [STDOUT]: [STALLWATCH] "Worker-Main-4" id=67 state=WAITING daemon=true
[21:12:08] [coreswap-stallwatch/INFO] (Minecraft) [STDOUT]: [STALLWATCH]     at java.base@17.0.12/jdk.internal.misc.Unsafe.park(Native Method)
[21:12:08] [coreswap-stallwatch/INFO] (Minecraft) [STDOUT]: [STALLWATCH]     at java.base@17.0.12/java.util.concurrent.locks.LockSupport.park(LockSupport.java:341)
[21:12:08] [coreswap-stallwatch/INFO] (Minecraft) [STDOUT]: [STALLWATCH]     at java.base@17.0.12/java.util.concurrent.ForkJoinPool.awaitWork(ForkJoinPool.java:1724)
[21:12:08] [coreswap-stallwatch/INFO] (Minecraft) [STDOUT]: [STALLWATCH]     at java.base@17.0.12/java.util.concurrent.ForkJoinPool.runWorker(ForkJoinPool.java:1623)
[21:12:08] [coreswap-stallwatch/INFO] (Minecraft) [STDOUT]: [STALLWATCH]     at java.base@17.0.12/java.util.concurrent.ForkJoinWorkerThread.run(ForkJoinWorkerThread.java:165)
[21:12:08] [coreswap-stallwatch/INFO] (Minecraft) [STDOUT]: [STALLWATCH] "Thread-7" id=100 state=TIMED_WAITING daemon=true
[21:12:08] [coreswap-stallwatch/INFO] (Minecraft) [STDOUT]: [STALLWATCH]     at java.base@17.0.12/jdk.internal.misc.Unsafe.park(Native Method)
[21:12:08] [coreswap-stallwatch/INFO] (Minecraft) [STDOUT]: [STALLWATCH]     at java.base@17.0.12/java.util.concurrent.locks.LockSupport.parkNanos(LockSupport.java:252)
[21:12:08] [coreswap-stallwatch/INFO] (Minecraft) [STDOUT]: [STALLWATCH]     at java.base@17.0.12/java.util.concurrent.SynchronousQueue$TransferStack.transfer(SynchronousQueue.java:401)
[21:12:08] [coreswap-stallwatch/INFO] (Minecraft) [STDOUT]: [STALLWATCH]     at java.base@17.0.12/java.util.concurrent.SynchronousQueue.poll(SynchronousQueue.java:903)
[21:12:08] [coreswap-stallwatch/INFO] (Minecraft) [STDOUT]: [STALLWATCH]     at java.base@17.0.12/java.util.concurrent.ThreadPoolExecutor.getTask(ThreadPoolExecutor.java:1061)
[21:12:08] [coreswap-stallwatch/INFO] (Minecraft) [STDOUT]: [STALLWATCH]     at java.base@17.0.12/java.util.concurrent.ThreadPoolExecutor.runWorker(ThreadPoolExecutor.java:1122)
[21:12:08] [coreswap-stallwatch/INFO] (Minecraft) [STDOUT]: [STALLWATCH]     at java.base@17.0.12/java.util.concurrent.ThreadPoolExecutor$Worker.run(ThreadPoolExecutor.java:635)
[21:12:08] [coreswap-stallwatch/INFO] (Minecraft) [STDOUT]: [STALLWATCH]     at java.base@17.0.12/java.lang.Thread.run(Thread.java:842)
[21:12:08] [coreswap-stallwatch/INFO] (Minecraft) [STDOUT]: [STALLWATCH] "Netty Server IO #0" id=91 state=RUNNABLE daemon=true
[21:12:08] [coreswap-stallwatch/INFO] (Minecraft) [STDOUT]: [STALLWATCH]     at java.base@17.0.12/sun.nio.ch.WEPoll.wait(Native Method)
[21:12:08] [coreswap-stallwatch/INFO] (Minecraft) [STDOUT]: [STALLWATCH]     at java.base@17.0.12/sun.nio.ch.WEPollSelectorImpl.doSelect(WEPollSelectorImpl.java:111)
[21:12:08] [coreswap-stallwatch/INFO] (Minecraft) [STDOUT]: [STALLWATCH]     at java.base@17.0.12/sun.nio.ch.SelectorImpl.lockAndDoSelect(SelectorImpl.java:129)
[21:12:08] [coreswap-stallwatch/INFO] (Minecraft) [STDOUT]: [STALLWATCH]     at java.base@17.0.12/sun.nio.ch.SelectorImpl.select(SelectorImpl.java:146)
[21:12:08] [coreswap-stallwatch/INFO] (Minecraft) [STDOUT]: [STALLWATCH]     at io.netty.channel.nio.SelectedSelectionKeySetSelector.select(SelectedSelectionKeySetSelector.java:68)
[21:12:08] [coreswap-stallwatch/INFO] (Minecraft) [STDOUT]: [STALLWATCH]     at io.netty.channel.nio.NioEventLoop.select(NioEventLoop.java:879)
[21:12:08] [coreswap-stallwatch/INFO] (Minecraft) [STDOUT]: [STALLWATCH]     at io.netty.channel.nio.NioEventLoop.run(NioEventLoop.java:526)
[21:12:08] [coreswap-stallwatch/INFO] (Minecraft) [STDOUT]: [STALLWATCH]     at io.netty.util.concurrent.SingleThreadEventExecutor$4.run(SingleThreadEventExecutor.java:997)
[21:12:08] [coreswap-stallwatch/INFO] (Minecraft) [STDOUT]: [STALLWATCH]     at io.netty.util.internal.ThreadExecutorMap$2.run(ThreadExecutorMap.java:74)
[21:12:08] [coreswap-stallwatch/INFO] (Minecraft) [STDOUT]: [STALLWATCH]     at java.base@17.0.12/java.lang.Thread.run(Thread.java:842)
[21:12:08] [coreswap-stallwatch/INFO] (Minecraft) [STDOUT]: [STALLWATCH] "Thread-6" id=99 state=TIMED_WAITING daemon=true
[21:12:08] [coreswap-stallwatch/INFO] (Minecraft) [STDOUT]: [STALLWATCH]     at java.base@17.0.12/jdk.internal.misc.Unsafe.park(Native Method)
[21:12:08] [coreswap-stallwatch/INFO] (Minecraft) [STDOUT]: [STALLWATCH]     at java.base@17.0.12/java.util.concurrent.locks.LockSupport.parkNanos(LockSupport.java:252)
[21:12:08] [coreswap-stallwatch/INFO] (Minecraft) [STDOUT]: [STALLWATCH]     at java.base@17.0.12/java.util.concurrent.SynchronousQueue$TransferStack.transfer(SynchronousQueue.java:401)
[21:12:08] [coreswap-stallwatch/INFO] (Minecraft) [STDOUT]: [STALLWATCH]     at java.base@17.0.12/java.util.concurrent.SynchronousQueue.poll(SynchronousQueue.java:903)
[21:12:08] [coreswap-stallwatch/INFO] (Minecraft) [STDOUT]: [STALLWATCH]     at java.base@17.0.12/java.util.concurrent.ThreadPoolExecutor.getTask(ThreadPoolExecutor.java:1061)
[21:12:08] [coreswap-stallwatch/INFO] (Minecraft) [STDOUT]: [STALLWATCH]     at java.base@17.0.12/java.util.concurrent.ThreadPoolExecutor.runWorker(ThreadPoolExecutor.java:1122)
[21:12:08] [coreswap-stallwatch/INFO] (Minecraft) [STDOUT]: [STALLWATCH]     at java.base@17.0.12/java.util.concurrent.ThreadPoolExecutor$Worker.run(ThreadPoolExecutor.java:635)
[21:12:08] [coreswap-stallwatch/INFO] (Minecraft) [STDOUT]: [STALLWATCH]     at java.base@17.0.12/java.lang.Thread.run(Thread.java:842)
[21:12:08] [coreswap-stallwatch/INFO] (Minecraft) [STDOUT]: [STALLWATCH] "Worker-Main-6" id=69 state=WAITING daemon=true
[21:12:08] [coreswap-stallwatch/INFO] (Minecraft) [STDOUT]: [STALLWATCH]     at java.base@17.0.12/jdk.internal.misc.Unsafe.park(Native Method)
[21:12:08] [coreswap-stallwatch/INFO] (Minecraft) [STDOUT]: [STALLWATCH]     at java.base@17.0.12/java.util.concurrent.locks.LockSupport.park(LockSupport.java:341)
[21:12:08] [coreswap-stallwatch/INFO] (Minecraft) [STDOUT]: [STALLWATCH]     at java.base@17.0.12/java.util.concurrent.ForkJoinPool.awaitWork(ForkJoinPool.java:1724)
[21:12:08] [coreswap-stallwatch/INFO] (Minecraft) [STDOUT]: [STALLWATCH]     at java.base@17.0.12/java.util.concurrent.ForkJoinPool.runWorker(ForkJoinPool.java:1623)
[21:12:08] [coreswap-stallwatch/INFO] (Minecraft) [STDOUT]: [STALLWATCH]     at java.base@17.0.12/java.util.concurrent.ForkJoinWorkerThread.run(ForkJoinWorkerThread.java:165)
[21:12:08] [coreswap-stallwatch/INFO] (Minecraft) [STDOUT]: [STALLWATCH] "RCON Listener #1" id=97 state=RUNNABLE daemon=false
[21:12:08] [coreswap-stallwatch/INFO] (Minecraft) [STDOUT]: [STALLWATCH]     at java.base@17.0.12/sun.nio.ch.Net.poll(Native Method)
[21:12:08] [coreswap-stallwatch/INFO] (Minecraft) [STDOUT]: [STALLWATCH]     at java.base@17.0.12/sun.nio.ch.NioSocketImpl.park(NioSocketImpl.java:186)
[21:12:08] [coreswap-stallwatch/INFO] (Minecraft) [STDOUT]: [STALLWATCH]     at java.base@17.0.12/sun.nio.ch.NioSocketImpl.timedAccept(NioSocketImpl.java:715)
[21:12:08] [coreswap-stallwatch/INFO] (Minecraft) [STDOUT]: [STALLWATCH]     at java.base@17.0.12/sun.nio.ch.NioSocketImpl.accept(NioSocketImpl.java:757)
[21:12:08] [coreswap-stallwatch/INFO] (Minecraft) [STDOUT]: [STALLWATCH]     at java.base@17.0.12/java.net.ServerSocket.implAccept(ServerSocket.java:675)
[21:12:08] [coreswap-stallwatch/INFO] (Minecraft) [STDOUT]: [STALLWATCH]     at java.base@17.0.12/java.net.ServerSocket.platformImplAccept(ServerSocket.java:641)
[21:12:08] [coreswap-stallwatch/INFO] (Minecraft) [STDOUT]: [STALLWATCH]     at java.base@17.0.12/java.net.ServerSocket.implAccept(ServerSocket.java:617)
[21:12:08] [coreswap-stallwatch/INFO] (Minecraft) [STDOUT]: [STALLWATCH]     at java.base@17.0.12/java.net.ServerSocket.implAccept(ServerSocket.java:574)
[21:12:08] [coreswap-stallwatch/INFO] (Minecraft) [STDOUT]: [STALLWATCH]     at java.base@17.0.12/java.net.ServerSocket.accept(ServerSocket.java:532)
[21:12:08] [coreswap-stallwatch/INFO] (Minecraft) [STDOUT]: [STALLWATCH]     at net.minecraft.server.rcon.RconListener.run(RconListener.java:38)
[21:12:08] [coreswap-stallwatch/INFO] (Minecraft) [STDOUT]: [STALLWATCH]     at java.base@17.0.12/java.lang.Thread.run(Thread.java:842)
[21:12:08] [coreswap-stallwatch/INFO] (Minecraft) [STDOUT]: [STALLWATCH] "Worker-Main-7" id=70 state=WAITING daemon=true
[21:12:08] [coreswap-stallwatch/INFO] (Minecraft) [STDOUT]: [STALLWATCH]     at java.base@17.0.12/jdk.internal.misc.Unsafe.park(Native Method)
[21:12:08] [coreswap-stallwatch/INFO] (Minecraft) [STDOUT]: [STALLWATCH]     at java.base@17.0.12/java.util.concurrent.locks.LockSupport.park(LockSupport.java:341)
[21:12:08] [coreswap-stallwatch/INFO] (Minecraft) [STDOUT]: [STALLWATCH]     at java.base@17.0.12/java.util.concurrent.ForkJoinPool.awaitWork(ForkJoinPool.java:1724)
[21:12:08] [coreswap-stallwatch/INFO] (Minecraft) [STDOUT]: [STALLWATCH]     at java.base@17.0.12/java.util.concurrent.ForkJoinPool.runWorker(ForkJoinPool.java:1623)
[21:12:08] [coreswap-stallwatch/INFO] (Minecraft) [STDOUT]: [STALLWATCH]     at java.base@17.0.12/java.util.concurrent.ForkJoinWorkerThread.run(ForkJoinWorkerThread.java:165)
[21:12:08] [coreswap-stallwatch/INFO] (Minecraft) [STDOUT]: [STALLWATCH] "Worker-Main-1" id=64 state=WAITING daemon=true
[21:12:08] [coreswap-stallwatch/INFO] (Minecraft) [STDOUT]: [STALLWATCH]     at java.base@17.0.12/jdk.internal.misc.Unsafe.park(Native Method)
[21:12:08] [coreswap-stallwatch/INFO] (Minecraft) [STDOUT]: [STALLWATCH]     at java.base@17.0.12/java.util.concurrent.locks.LockSupport.park(LockSupport.java:341)
[21:12:08] [coreswap-stallwatch/INFO] (Minecraft) [STDOUT]: [STALLWATCH]     at java.base@17.0.12/java.util.concurrent.ForkJoinPool.awaitWork(ForkJoinPool.java:1724)
[21:12:08] [coreswap-stallwatch/INFO] (Minecraft) [STDOUT]: [STALLWATCH]     at java.base@17.0.12/java.util.concurrent.ForkJoinPool.runWorker(ForkJoinPool.java:1623)
[21:12:08] [coreswap-stallwatch/INFO] (Minecraft) [STDOUT]: [STALLWATCH]     at java.base@17.0.12/java.util.concurrent.ForkJoinWorkerThread.run(ForkJoinWorkerThread.java:165)
[21:12:08] [coreswap-stallwatch/INFO] (Minecraft) [STDOUT]: [STALLWATCH] "Worker-Main-14" id=77 state=WAITING daemon=true
[21:12:08] [coreswap-stallwatch/INFO] (Minecraft) [STDOUT]: [STALLWATCH]     at java.base@17.0.12/jdk.internal.misc.Unsafe.park(Native Method)
[21:12:08] [coreswap-stallwatch/INFO] (Minecraft) [STDOUT]: [STALLWATCH]     at java.base@17.0.12/java.util.concurrent.locks.LockSupport.park(LockSupport.java:341)
[21:12:08] [coreswap-stallwatch/INFO] (Minecraft) [STDOUT]: [STALLWATCH]     at java.base@17.0.12/java.util.concurrent.ForkJoinPool.awaitWork(ForkJoinPool.java:1724)
[21:12:08] [coreswap-stallwatch/INFO] (Minecraft) [STDOUT]: [STALLWATCH]     at java.base@17.0.12/java.util.concurrent.ForkJoinPool.runWorker(ForkJoinPool.java:1623)
[21:12:08] [coreswap-stallwatch/INFO] (Minecraft) [STDOUT]: [STALLWATCH]     at java.base@17.0.12/java.util.concurrent.ForkJoinWorkerThread.run(ForkJoinWorkerThread.java:165)
[21:12:08] [coreswap-stallwatch/INFO] (Minecraft) [STDOUT]: [STALLWATCH] "Yggdrasil Key Fetcher" id=61 state=TIMED_WAITING daemon=true
[21:12:08] [coreswap-stallwatch/INFO] (Minecraft) [STDOUT]: [STALLWATCH]     at java.base@17.0.12/jdk.internal.misc.Unsafe.park(Native Method)
[21:12:08] [coreswap-stallwatch/INFO] (Minecraft) [STDOUT]: [STALLWATCH]     at java.base@17.0.12/java.util.concurrent.locks.LockSupport.parkNanos(LockSupport.java:252)
[21:12:08] [coreswap-stallwatch/INFO] (Minecraft) [STDOUT]: [STALLWATCH]     at java.base@17.0.12/java.util.concurrent.locks.AbstractQueuedSynchronizer$ConditionObject.awaitNanos(AbstractQueuedSynchronizer.java:1672)
[21:12:08] [coreswap-stallwatch/INFO] (Minecraft) [STDOUT]: [STALLWATCH]     at java.base@17.0.12/java.util.concurrent.ScheduledThreadPoolExecutor$DelayedWorkQueue.take(ScheduledThreadPoolExecutor.java:1182)
[21:12:08] [coreswap-stallwatch/INFO] (Minecraft) [STDOUT]: [STALLWATCH]     at java.base@17.0.12/java.util.concurrent.ScheduledThreadPoolExecutor$DelayedWorkQueue.take(ScheduledThreadPoolExecutor.java:899)
[21:12:08] [coreswap-stallwatch/INFO] (Minecraft) [STDOUT]: [STALLWATCH]     at java.base@17.0.12/java.util.concurrent.ThreadPoolExecutor.getTask(ThreadPoolExecutor.java:1062)
[21:12:08] [coreswap-stallwatch/INFO] (Minecraft) [STDOUT]: [STALLWATCH]     at java.base@17.0.12/java.util.concurrent.ThreadPoolExecutor.runWorker(ThreadPoolExecutor.java:1122)
[21:12:08] [coreswap-stallwatch/INFO] (Minecraft) [STDOUT]: [STALLWATCH]     at java.base@17.0.12/java.util.concurrent.ThreadPoolExecutor$Worker.run(ThreadPoolExecutor.java:635)
[21:12:08] [coreswap-stallwatch/INFO] (Minecraft) [STDOUT]: [STALLWATCH]     at java.base@17.0.12/java.lang.Thread.run(Thread.java:842)
[21:12:08] [coreswap-stallwatch/INFO] (Minecraft) [STDOUT]: [STALLWATCH] "Server thread" id=87 state=TIMED_WAITING daemon=false
[21:12:08] [coreswap-stallwatch/INFO] (Minecraft) [STDOUT]: [STALLWATCH]     at java.base@17.0.12/jdk.internal.misc.Unsafe.park(Native Method)
[21:12:08] [coreswap-stallwatch/INFO] (Minecraft) [STDOUT]: [STALLWATCH]     at java.base@17.0.12/java.util.concurrent.locks.LockSupport.parkNanos(LockSupport.java:252)
[21:12:08] [coreswap-stallwatch/INFO] (Minecraft) [STDOUT]: [STALLWATCH]     at net.minecraft.util.thread.ThreadExecutor.waitForTasks(ThreadExecutor.java:133)
[21:12:08] [coreswap-stallwatch/INFO] (Minecraft) [STDOUT]: [STALLWATCH]     at net.minecraft.util.thread.ThreadExecutor.runTasks(ThreadExecutor.java:123)
[21:12:08] [coreswap-stallwatch/INFO] (Minecraft) [STDOUT]: [STALLWATCH]     at net.minecraft.server.MinecraftServer.runTasksTillTickEnd(MinecraftServer.java:788)
[21:12:08] [coreswap-stallwatch/INFO] (Minecraft) [STDOUT]: [STALLWATCH]     at net.minecraft.server.MinecraftServer.runServer(MinecraftServer.java:726)
[21:12:08] [coreswap-stallwatch/INFO] (Minecraft) [STDOUT]: [STALLWATCH]     at net.minecraft.server.MinecraftServer.method_29739(MinecraftServer.java:267)
[21:12:08] [coreswap-stallwatch/INFO] (Minecraft) [STDOUT]: [STALLWATCH]     at net.minecraft.server.MinecraftServer$$Lambda$5063/0x00000255b5ad0f88.run(Unknown Source)
[21:12:08] [coreswap-stallwatch/INFO] (Minecraft) [STDOUT]: [STALLWATCH]     at java.base@17.0.12/java.lang.Thread.run(Thread.java:842)
[21:12:08] [coreswap-stallwatch/INFO] (Minecraft) [STDOUT]: [STALLWATCH] "IO-Worker-26" id=94 state=TIMED_WAITING daemon=false
[21:12:08] [coreswap-stallwatch/INFO] (Minecraft) [STDOUT]: [STALLWATCH]     at java.base@17.0.12/jdk.internal.misc.Unsafe.park(Native Method)
[21:12:08] [coreswap-stallwatch/INFO] (Minecraft) [STDOUT]: [STALLWATCH]     at java.base@17.0.12/java.util.concurrent.locks.LockSupport.parkNanos(LockSupport.java:252)
[21:12:08] [coreswap-stallwatch/INFO] (Minecraft) [STDOUT]: [STALLWATCH]     at java.base@17.0.12/java.util.concurrent.SynchronousQueue$TransferStack.transfer(SynchronousQueue.java:401)
[21:12:08] [coreswap-stallwatch/INFO] (Minecraft) [STDOUT]: [STALLWATCH]     at java.base@17.0.12/java.util.concurrent.SynchronousQueue.poll(SynchronousQueue.java:903)
[21:12:08] [coreswap-stallwatch/INFO] (Minecraft) [STDOUT]: [STALLWATCH]     at java.base@17.0.12/java.util.concurrent.ThreadPoolExecutor.getTask(ThreadPoolExecutor.java:1061)
[21:12:08] [coreswap-stallwatch/INFO] (Minecraft) [STDOUT]: [STALLWATCH]     at java.base@17.0.12/java.util.concurrent.ThreadPoolExecutor.runWorker(ThreadPoolExecutor.java:1122)
[21:12:08] [coreswap-stallwatch/INFO] (Minecraft) [STDOUT]: [STALLWATCH]     at java.base@17.0.12/java.util.concurrent.ThreadPoolExecutor$Worker.run(ThreadPoolExecutor.java:635)
[21:12:08] [coreswap-stallwatch/INFO] (Minecraft) [STDOUT]: [STALLWATCH]     at java.base@17.0.12/java.lang.Thread.run(Thread.java:842)
[21:12:08] [coreswap-stallwatch/INFO] (Minecraft) [STDOUT]: [STALLWATCH] "JNA Cleaner" id=59 state=WAITING daemon=true
[21:12:08] [coreswap-stallwatch/INFO] (Minecraft) [STDOUT]: [STALLWATCH]     at java.base@17.0.12/java.lang.Object.wait(Native Method)
[21:12:08] [coreswap-stallwatch/INFO] (Minecraft) [STDOUT]: [STALLWATCH]     at java.base@17.0.12/java.lang.ref.ReferenceQueue.remove(ReferenceQueue.java:155)
[21:12:08] [coreswap-stallwatch/INFO] (Minecraft) [STDOUT]: [STALLWATCH]     at java.base@17.0.12/java.lang.ref.ReferenceQueue.remove(ReferenceQueue.java:176)
[21:12:08] [coreswap-stallwatch/INFO] (Minecraft) [STDOUT]: [STALLWATCH]     at com.sun.jna.internal.Cleaner$1.run(Cleaner.java:58)
[21:12:08] [coreswap-stallwatch/INFO] (Minecraft) [STDOUT]: [STALLWATCH] "Worker-Main-21" id=84 state=WAITING daemon=true
[21:12:08] [coreswap-stallwatch/INFO] (Minecraft) [STDOUT]: [STALLWATCH]     at java.base@17.0.12/jdk.internal.misc.Unsafe.park(Native Method)
[21:12:08] [coreswap-stallwatch/INFO] (Minecraft) [STDOUT]: [STALLWATCH]     at java.base@17.0.12/java.util.concurrent.locks.LockSupport.park(LockSupport.java:341)
[21:12:08] [coreswap-stallwatch/INFO] (Minecraft) [STDOUT]: [STALLWATCH]     at java.base@17.0.12/java.util.concurrent.ForkJoinPool.awaitWork(ForkJoinPool.java:1724)
[21:12:08] [coreswap-stallwatch/INFO] (Minecraft) [STDOUT]: [STALLWATCH]     at java.base@17.0.12/java.util.concurrent.ForkJoinPool.runWorker(ForkJoinPool.java:1623)
[21:12:08] [coreswap-stallwatch/INFO] (Minecraft) [STDOUT]: [STALLWATCH]     at java.base@17.0.12/java.util.concurrent.ForkJoinWorkerThread.run(ForkJoinWorkerThread.java:165)
[21:12:08] [coreswap-stallwatch/INFO] (Minecraft) [STDOUT]: [STALLWATCH] "Notification Thread" id=21 state=RUNNABLE daemon=true
[21:12:08] [coreswap-stallwatch/INFO] (Minecraft) [STDOUT]: [STALLWATCH] "DestroyJavaVM" id=89 state=RUNNABLE daemon=false
[21:12:08] [coreswap-stallwatch/INFO] (Minecraft) [STDOUT]: [STALLWATCH] "Attach Listener" id=5 state=RUNNABLE daemon=true
[21:12:08] [coreswap-stallwatch/INFO] (Minecraft) [STDOUT]: [STALLWATCH] "Signal Dispatcher" id=4 state=RUNNABLE daemon=true
[21:12:08] [coreswap-stallwatch/INFO] (Minecraft) [STDOUT]: [STALLWATCH] "Worker-Main-18" id=81 state=WAITING daemon=true
[21:12:08] [coreswap-stallwatch/INFO] (Minecraft) [STDOUT]: [STALLWATCH]     at java.base@17.0.12/jdk.internal.misc.Unsafe.park(Native Method)
[21:12:08] [coreswap-stallwatch/INFO] (Minecraft) [STDOUT]: [STALLWATCH]     at java.base@17.0.12/java.util.concurrent.locks.LockSupport.park(LockSupport.java:341)
[21:12:08] [coreswap-stallwatch/INFO] (Minecraft) [STDOUT]: [STALLWATCH]     at java.base@17.0.12/java.util.concurrent.ForkJoinPool.awaitWork(ForkJoinPool.java:1724)
[21:12:08] [coreswap-stallwatch/INFO] (Minecraft) [STDOUT]: [STALLWATCH]     at java.base@17.0.12/java.util.concurrent.ForkJoinPool.runWorker(ForkJoinPool.java:1623)
[21:12:08] [coreswap-stallwatch/INFO] (Minecraft) [STDOUT]: [STALLWATCH]     at java.base@17.0.12/java.util.concurrent.ForkJoinWorkerThread.run(ForkJoinWorkerThread.java:165)
[21:12:08] [coreswap-stallwatch/INFO] (Minecraft) [STDOUT]: [STALLWATCH] "Worker-Main-5" id=68 state=WAITING daemon=true
[21:12:08] [coreswap-stallwatch/INFO] (Minecraft) [STDOUT]: [STALLWATCH]     at java.base@17.0.12/jdk.internal.misc.Unsafe.park(Native Method)
[21:12:08] [coreswap-stallwatch/INFO] (Minecraft) [STDOUT]: [STALLWATCH]     at java.base@17.0.12/java.util.concurrent.locks.LockSupport.park(LockSupport.java:341)
[21:12:08] [coreswap-stallwatch/INFO] (Minecraft) [STDOUT]: [STALLWATCH]     at java.base@17.0.12/java.util.concurrent.ForkJoinPool.awaitWork(ForkJoinPool.java:1724)
[21:12:08] [coreswap-stallwatch/INFO] (Minecraft) [STDOUT]: [STALLWATCH]     at java.base@17.0.12/java.util.concurrent.ForkJoinPool.runWorker(ForkJoinPool.java:1623)
[21:12:08] [coreswap-stallwatch/INFO] (Minecraft) [STDOUT]: [STALLWATCH]     at java.base@17.0.12/java.util.concurrent.ForkJoinWorkerThread.run(ForkJoinWorkerThread.java:165)
[21:12:08] [coreswap-stallwatch/INFO] (Minecraft) [STDOUT]: [STALLWATCH] "coreswap-stallwatch" id=98 state=RUNNABLE daemon=true
[21:12:08] [coreswap-stallwatch/INFO] (Minecraft) [STDOUT]: [STALLWATCH]     at java.base@17.0.12/java.lang.Thread.dumpThreads(Native Method)
[21:12:08] [coreswap-stallwatch/INFO] (Minecraft) [STDOUT]: [STALLWATCH]     at java.base@17.0.12/java.lang.Thread.getAllStackTraces(Thread.java:1673)
[21:12:08] [coreswap-stallwatch/INFO] (Minecraft) [STDOUT]: [STALLWATCH]     at wg.bench.StallWatch.lambda$start$0(StallWatch.java:41)
[21:12:08] [coreswap-stallwatch/INFO] (Minecraft) [STDOUT]: [STALLWATCH]     at wg.bench.StallWatch$$Lambda$5791/0x00000255b5c25080.run(Unknown Source)
[21:12:08] [coreswap-stallwatch/INFO] (Minecraft) [STDOUT]: [STALLWATCH]     at java.base@17.0.12/java.lang.Thread.run(Thread.java:842)
[21:12:08] [coreswap-stallwatch/INFO] (Minecraft) [STDOUT]: [STALLWATCH] "Worker-Main-16" id=79 state=RUNNABLE daemon=true
[21:12:08] [coreswap-stallwatch/INFO] (Minecraft) [STDOUT]: [STALLWATCH]     at wg.CppWorldgen.fillBlocks(Native Method)
[21:12:08] [coreswap-stallwatch/INFO] (Minecraft) [STDOUT]: [STALLWATCH]     at wg.bench.CppBridge.fillChunk(CppBridge.java:377)
[21:12:08] [coreswap-stallwatch/INFO] (Minecraft) [STDOUT]: [STALLWATCH]     at net.minecraft.world.gen.chunk.NoiseChunkGenerator.md6b07e4$coreswap$lambda$wgPopulateNoise$1$2(NoiseChunkGenerator.java:671)
[21:12:08] [coreswap-stallwatch/INFO] (Minecraft) [STDOUT]: [STALLWATCH]     at net.minecraft.world.gen.chunk.NoiseChunkGenerator$$Lambda$5996/0x00000255b5c79370.get(Unknown Source)
[21:12:08] [coreswap-stallwatch/INFO] (Minecraft) [STDOUT]: [STALLWATCH]     at net.minecraft.world.gen.chunk.NoiseChunkGenerator.wgDispatch(NoiseChunkGenerator.java:610)
[21:12:08] [coreswap-stallwatch/INFO] (Minecraft) [STDOUT]: [STALLWATCH]     at net.minecraft.world.gen.chunk.NoiseChunkGenerator.handler$zfl000$coreswap$wgPopulateNoise(NoiseChunkGenerator.java:687)
[21:12:08] [coreswap-stallwatch/INFO] (Minecraft) [STDOUT]: [STALLWATCH]     at net.minecraft.world.gen.chunk.NoiseChunkGenerator.populateNoise(NoiseChunkGenerator.java)
[21:12:08] [coreswap-stallwatch/INFO] (Minecraft) [STDOUT]: [STALLWATCH]     at net.minecraft.world.chunk.ChunkStatus.method_38284(ChunkStatus.java:96)
[21:12:08] [coreswap-stallwatch/INFO] (Minecraft) [STDOUT]: [STALLWATCH]     at net.minecraft.world.chunk.ChunkStatus$$Lambda$1753/0x00000255b56ec670.doWork(Unknown Source)
[21:12:08] [coreswap-stallwatch/INFO] (Minecraft) [STDOUT]: [STALLWATCH]     at net.minecraft.world.chunk.ChunkStatus.runGenerationTask(ChunkStatus.java:357)
[21:12:08] [coreswap-stallwatch/INFO] (Minecraft) [STDOUT]: [STALLWATCH]     at net.minecraft.server.world.ThreadedAnvilChunkStorage.method_17225(ThreadedAnvilChunkStorage.java:656)
[21:12:08] [coreswap-stallwatch/INFO] (Minecraft) [STDOUT]: [STALLWATCH]     at net.minecraft.server.world.ThreadedAnvilChunkStorage$$Lambda$5299/0x00000255b5b9daa0.apply(Unknown Source)
[21:12:08] [coreswap-stallwatch/INFO] (Minecraft) [STDOUT]: [STALLWATCH]     at com.mojang.datafixers.util.Either$Left.map(Either.java:38)
[21:12:08] [coreswap-stallwatch/INFO] (Minecraft) [STDOUT]: [STALLWATCH]     at net.minecraft.server.world.ThreadedAnvilChunkStorage.method_17224(ThreadedAnvilChunkStorage.java:645)
[21:12:08] [coreswap-stallwatch/INFO] (Minecraft) [STDOUT]: [STALLWATCH]     at net.minecraft.server.world.ThreadedAnvilChunkStorage$$Lambda$5253/0x00000255b5b8b9c8.apply(Unknown Source)
[21:12:08] [coreswap-stallwatch/INFO] (Minecraft) [STDOUT]: [STALLWATCH]     at java.base@17.0.12/java.util.concurrent.CompletableFuture$UniCompose.tryFire(CompletableFuture.java:1150)
[21:12:08] [coreswap-stallwatch/INFO] (Minecraft) [STDOUT]: [STALLWATCH]     at java.base@17.0.12/java.util.concurrent.CompletableFuture$Completion.run(CompletableFuture.java:482)
[21:12:08] [coreswap-stallwatch/INFO] (Minecraft) [STDOUT]: [STALLWATCH]     at net.minecraft.server.world.ChunkTaskPrioritySystem.method_17634(ChunkTaskPrioritySystem.java:49)
[21:12:08] [coreswap-stallwatch/INFO] (Minecraft) [STDOUT]: [STALLWATCH]     at net.minecraft.server.world.ChunkTaskPrioritySystem$$Lambda$5297/0x00000255b5b9d650.run(Unknown Source)
[21:12:08] [coreswap-stallwatch/INFO] (Minecraft) [STDOUT]: [STALLWATCH]     at net.minecraft.util.thread.TaskExecutor.runNext(TaskExecutor.java:79)
[21:12:08] [coreswap-stallwatch/INFO] (Minecraft) [STDOUT]: [STALLWATCH]     at net.minecraft.util.thread.TaskExecutor.runWhile(TaskExecutor.java:129)
[21:12:08] [coreswap-stallwatch/INFO] (Minecraft) [STDOUT]: [STALLWATCH]     at net.minecraft.util.thread.TaskExecutor.run(TaskExecutor.java:87)
[21:12:08] [coreswap-stallwatch/INFO] (Minecraft) [STDOUT]: [STALLWATCH]     at java.base@17.0.12/java.util.concurrent.ForkJoinTask$RunnableExecuteAction.exec(ForkJoinTask.java:1395)
[21:12:08] [coreswap-stallwatch/INFO] (Minecraft) [STDOUT]: [STALLWATCH]     at java.base@17.0.12/java.util.concurrent.ForkJoinTask.doExec(ForkJoinTask.java:373)
[21:12:08] [coreswap-stallwatch/INFO] (Minecraft) [STDOUT]: [STALLWATCH]     at java.base@17.0.12/java.util.concurrent.ForkJoinPool$WorkQueue.topLevelExec(ForkJoinPool.java:1182)
[21:12:08] [coreswap-stallwatch/INFO] (Minecraft) [STDOUT]: [STALLWATCH]     at java.base@17.0.12/java.util.concurrent.ForkJoinPool.scan(ForkJoinPool.java:1655)
[21:12:08] [coreswap-stallwatch/INFO] (Minecraft) [STDOUT]: [STALLWATCH]     at java.base@17.0.12/java.util.concurrent.ForkJoinPool.runWorker(ForkJoinPool.java:1622)
[21:12:08] [coreswap-stallwatch/INFO] (Minecraft) [STDOUT]: [STALLWATCH]     at java.base@17.0.12/java.util.concurrent.ForkJoinWorkerThread.run(ForkJoinWorkerThread.java:165)
[21:12:08] [coreswap-stallwatch/INFO] (Minecraft) [STDOUT]: [STALLWATCH] "Worker-Main-8" id=71 state=WAITING daemon=true
[21:12:08] [coreswap-stallwatch/INFO] (Minecraft) [STDOUT]: [STALLWATCH]     at java.base@17.0.12/jdk.internal.misc.Unsafe.park(Native Method)
[21:12:08] [coreswap-stallwatch/INFO] (Minecraft) [STDOUT]: [STALLWATCH]     at java.base@17.0.12/java.util.concurrent.locks.LockSupport.park(LockSupport.java:341)
[21:12:08] [coreswap-stallwatch/INFO] (Minecraft) [STDOUT]: [STALLWATCH]     at java.base@17.0.12/java.util.concurrent.ForkJoinPool.awaitWork(ForkJoinPool.java:1724)
[21:12:08] [coreswap-stallwatch/INFO] (Minecraft) [STDOUT]: [STALLWATCH]     at java.base@17.0.12/java.util.concurrent.ForkJoinPool.runWorker(ForkJoinPool.java:1623)
[21:12:08] [coreswap-stallwatch/INFO] (Minecraft) [STDOUT]: [STALLWATCH]     at java.base@17.0.12/java.util.concurrent.ForkJoinWorkerThread.run(ForkJoinWorkerThread.java:165)
[21:12:08] [coreswap-stallwatch/INFO] (Minecraft) [STDOUT]: [STALLWATCH] "IO-Worker-25" id=93 state=TIMED_WAITING daemon=false
[21:12:08] [coreswap-stallwatch/INFO] (Minecraft) [STDOUT]: [STALLWATCH]     at java.base@17.0.12/jdk.internal.misc.Unsafe.park(Native Method)
[21:12:08] [coreswap-stallwatch/INFO] (Minecraft) [STDOUT]: [STALLWATCH]     at java.base@17.0.12/java.util.concurrent.locks.LockSupport.parkNanos(LockSupport.java:252)
[21:12:08] [coreswap-stallwatch/INFO] (Minecraft) [STDOUT]: [STALLWATCH]     at java.base@17.0.12/java.util.concurrent.SynchronousQueue$TransferStack.transfer(SynchronousQueue.java:401)
[21:12:08] [coreswap-stallwatch/INFO] (Minecraft) [STDOUT]: [STALLWATCH]     at java.base@17.0.12/java.util.concurrent.SynchronousQueue.poll(SynchronousQueue.java:903)
[21:12:08] [coreswap-stallwatch/INFO] (Minecraft) [STDOUT]: [STALLWATCH]     at java.base@17.0.12/java.util.concurrent.ThreadPoolExecutor.getTask(ThreadPoolExecutor.java:1061)
[21:12:08] [coreswap-stallwatch/INFO] (Minecraft) [STDOUT]: [STALLWATCH]     at java.base@17.0.12/java.util.concurrent.ThreadPoolExecutor.runWorker(ThreadPoolExecutor.java:1122)
[21:12:08] [coreswap-stallwatch/INFO] (Minecraft) [STDOUT]: [STALLWATCH]     at java.base@17.0.12/java.util.concurrent.ThreadPoolExecutor$Worker.run(ThreadPoolExecutor.java:635)
[21:12:08] [coreswap-stallwatch/INFO] (Minecraft) [STDOUT]: [STALLWATCH]     at java.base@17.0.12/java.lang.Thread.run(Thread.java:842)
[21:12:08] [coreswap-stallwatch/INFO] (Minecraft) [STDOUT]: [STALLWATCH] === end ===
[21:12:16] [Server thread/INFO] (Minecraft) [Chunky] Task running for minecraft:overworld. Processed: 1987 chunks (47.03%), ETA: 0:01:41, Rate: 22.2 cps, Current: 2, -33
[21:12:21] [Worker-Main-13/INFO] (Minecraft) [STDOUT]: [CHUNKTIME] n=2304 perChunk(ms): mixin=47.89 gap=1088.82 | sumMixin=110.3s sumGap=2508.6s | inflight max=1 now=1
[21:12:23] [RCON Listener #1/INFO] (Minecraft) Thread RCON Client /127.0.0.1 started
[21:12:23] [RCON Client /127.0.0.1 #13/INFO] (Minecraft) Thread RCON Client /127.0.0.1 shutting down
[21:12:30] [Server thread/INFO] (Minecraft) [Chunky] Task running for minecraft:overworld. Processed: 2129 chunks (50.39%), ETA: 0:02:17, Rate: 15.3 cps, Current: -34, -1
[21:12:37] [Worker-Main-11/INFO] (Minecraft) [STDOUT]: [CHUNKTIME] n=2560 perChunk(ms): mixin=48.87 gap=1113.35 | sumMixin=125.1s sumGap=2850.2s | inflight max=1 now=1
[21:12:38] [coreswap-stallwatch/INFO] (Minecraft) [STDOUT]: [STALLWATCH] === thread dump @ Thu Sep 10 21:12:38 HKT 2026 (interval=30s) ===
[21:12:38] [coreswap-stallwatch/INFO] (Minecraft) [STDOUT]: [STALLWATCH] "Timer hack thread" id=60 state=TIMED_WAITING daemon=true
[21:12:38] [coreswap-stallwatch/INFO] (Minecraft) [STDOUT]: [STALLWATCH]     at java.base@17.0.12/java.lang.Thread.sleep(Native Method)
[21:12:38] [coreswap-stallwatch/INFO] (Minecraft) [STDOUT]: [STALLWATCH]     at net.minecraft.util.Util$9.run(Util.java:863)
[21:12:38] [coreswap-stallwatch/INFO] (Minecraft) [STDOUT]: [STALLWATCH] "Worker-Main-2" id=65 state=WAITING daemon=true
[21:12:38] [coreswap-stallwatch/INFO] (Minecraft) [STDOUT]: [STALLWATCH]     at java.base@17.0.12/jdk.internal.misc.Unsafe.park(Native Method)
[21:12:38] [coreswap-stallwatch/INFO] (Minecraft) [STDOUT]: [STALLWATCH]     at java.base@17.0.12/java.util.concurrent.locks.LockSupport.park(LockSupport.java:341)
[21:12:38] [coreswap-stallwatch/INFO] (Minecraft) [STDOUT]: [STALLWATCH]     at java.base@17.0.12/java.util.concurrent.ForkJoinPool.awaitWork(ForkJoinPool.java:1724)
[21:12:38] [coreswap-stallwatch/INFO] (Minecraft) [STDOUT]: [STALLWATCH]     at java.base@17.0.12/java.util.concurrent.ForkJoinPool.runWorker(ForkJoinPool.java:1623)
[21:12:38] [coreswap-stallwatch/INFO] (Minecraft) [STDOUT]: [STALLWATCH]     at java.base@17.0.12/java.util.concurrent.ForkJoinWorkerThread.run(ForkJoinWorkerThread.java:165)
[21:12:38] [coreswap-stallwatch/INFO] (Minecraft) [STDOUT]: [STALLWATCH] "Worker-Main-17" id=80 state=WAITING daemon=true
[21:12:38] [coreswap-stallwatch/INFO] (Minecraft) [STDOUT]: [STALLWATCH]     at java.base@17.0.12/jdk.internal.misc.Unsafe.park(Native Method)
[21:12:38] [coreswap-stallwatch/INFO] (Minecraft) [STDOUT]: [STALLWATCH]     at java.base@17.0.12/java.util.concurrent.locks.LockSupport.park(LockSupport.java:341)
[21:12:38] [coreswap-stallwatch/INFO] (Minecraft) [STDOUT]: [STALLWATCH]     at java.base@17.0.12/java.util.concurrent.ForkJoinPool.awaitWork(ForkJoinPool.java:1724)
[21:12:38] [coreswap-stallwatch/INFO] (Minecraft) [STDOUT]: [STALLWATCH]     at java.base@17.0.12/java.util.concurrent.ForkJoinPool.runWorker(ForkJoinPool.java:1623)
[21:12:38] [coreswap-stallwatch/INFO] (Minecraft) [STDOUT]: [STALLWATCH]     at java.base@17.0.12/java.util.concurrent.ForkJoinWorkerThread.run(ForkJoinWorkerThread.java:165)
[21:12:38] [coreswap-stallwatch/INFO] (Minecraft) [STDOUT]: [STALLWATCH] "Worker-Main-23" id=86 state=WAITING daemon=true
[21:12:38] [coreswap-stallwatch/INFO] (Minecraft) [STDOUT]: [STALLWATCH]     at java.base@17.0.12/jdk.internal.misc.Unsafe.park(Native Method)
[21:12:38] [coreswap-stallwatch/INFO] (Minecraft) [STDOUT]: [STALLWATCH]     at java.base@17.0.12/java.util.concurrent.locks.LockSupport.park(LockSupport.java:341)
[21:12:38] [coreswap-stallwatch/INFO] (Minecraft) [STDOUT]: [STALLWATCH]     at java.base@17.0.12/java.util.concurrent.ForkJoinPool.awaitWork(ForkJoinPool.java:1724)
[21:12:38] [coreswap-stallwatch/INFO] (Minecraft) [STDOUT]: [STALLWATCH]     at java.base@17.0.12/java.util.concurrent.ForkJoinPool.runWorker(ForkJoinPool.java:1623)
[21:12:38] [coreswap-stallwatch/INFO] (Minecraft) [STDOUT]: [STALLWATCH]     at java.base@17.0.12/java.util.concurrent.ForkJoinWorkerThread.run(ForkJoinWorkerThread.java:165)
[21:12:38] [coreswap-stallwatch/INFO] (Minecraft) [STDOUT]: [STALLWATCH] "Worker-Main-9" id=72 state=WAITING daemon=true
[21:12:38] [coreswap-stallwatch/INFO] (Minecraft) [STDOUT]: [STALLWATCH]     at java.base@17.0.12/jdk.internal.misc.Unsafe.park(Native Method)
[21:12:38] [coreswap-stallwatch/INFO] (Minecraft) [STDOUT]: [STALLWATCH]     at java.base@17.0.12/java.util.concurrent.locks.LockSupport.park(LockSupport.java:341)
[21:12:38] [coreswap-stallwatch/INFO] (Minecraft) [STDOUT]: [STALLWATCH]     at java.base@17.0.12/java.util.concurrent.ForkJoinPool.awaitWork(ForkJoinPool.java:1724)
[21:12:38] [coreswap-stallwatch/INFO] (Minecraft) [STDOUT]: [STALLWATCH]     at java.base@17.0.12/java.util.concurrent.ForkJoinPool.runWorker(ForkJoinPool.java:1623)
[21:12:38] [coreswap-stallwatch/INFO] (Minecraft) [STDOUT]: [STALLWATCH]     at java.base@17.0.12/java.util.concurrent.ForkJoinWorkerThread.run(ForkJoinWorkerThread.java:165)
[21:12:38] [coreswap-stallwatch/INFO] (Minecraft) [STDOUT]: [STALLWATCH] "Worker-Main-10" id=73 state=WAITING daemon=true
[21:12:38] [coreswap-stallwatch/INFO] (Minecraft) [STDOUT]: [STALLWATCH]     at java.base@17.0.12/jdk.internal.misc.Unsafe.park(Native Method)
[21:12:38] [coreswap-stallwatch/INFO] (Minecraft) [STDOUT]: [STALLWATCH]     at java.base@17.0.12/java.util.concurrent.locks.LockSupport.park(LockSupport.java:341)
[21:12:38] [coreswap-stallwatch/INFO] (Minecraft) [STDOUT]: [STALLWATCH]     at java.base@17.0.12/java.util.concurrent.ForkJoinPool.awaitWork(ForkJoinPool.java:1724)
[21:12:38] [coreswap-stallwatch/INFO] (Minecraft) [STDOUT]: [STALLWATCH]     at java.base@17.0.12/java.util.concurrent.ForkJoinPool.runWorker(ForkJoinPool.java:1623)
[21:12:38] [coreswap-stallwatch/INFO] (Minecraft) [STDOUT]: [STALLWATCH]     at java.base@17.0.12/java.util.concurrent.ForkJoinWorkerThread.run(ForkJoinWorkerThread.java:165)
[21:12:38] [coreswap-stallwatch/INFO] (Minecraft) [STDOUT]: [STALLWATCH] "Worker-Main-15" id=78 state=WAITING daemon=true
[21:12:38] [coreswap-stallwatch/INFO] (Minecraft) [STDOUT]: [STALLWATCH]     at java.base@17.0.12/jdk.internal.misc.Unsafe.park(Native Method)
[21:12:38] [coreswap-stallwatch/INFO] (Minecraft) [STDOUT]: [STALLWATCH]     at java.base@17.0.12/java.util.concurrent.locks.LockSupport.park(LockSupport.java:341)
[21:12:38] [coreswap-stallwatch/INFO] (Minecraft) [STDOUT]: [STALLWATCH]     at java.base@17.0.12/java.util.concurrent.ForkJoinPool.awaitWork(ForkJoinPool.java:1724)
[21:12:38] [coreswap-stallwatch/INFO] (Minecraft) [STDOUT]: [STALLWATCH]     at java.base@17.0.12/java.util.concurrent.ForkJoinPool.runWorker(ForkJoinPool.java:1623)
[21:12:38] [coreswap-stallwatch/INFO] (Minecraft) [STDOUT]: [STALLWATCH]     at java.base@17.0.12/java.util.concurrent.ForkJoinWorkerThread.run(ForkJoinWorkerThread.java:165)
[21:12:38] [coreswap-stallwatch/INFO] (Minecraft) [STDOUT]: [STALLWATCH] "Worker-Main-3" id=66 state=WAITING daemon=true
[21:12:38] [coreswap-stallwatch/INFO] (Minecraft) [STDOUT]: [STALLWATCH]     at java.base@17.0.12/jdk.internal.misc.Unsafe.park(Native Method)
[21:12:38] [coreswap-stallwatch/INFO] (Minecraft) [STDOUT]: [STALLWATCH]     at java.base@17.0.12/java.util.concurrent.locks.LockSupport.park(LockSupport.java:341)
[21:12:38] [coreswap-stallwatch/INFO] (Minecraft) [STDOUT]: [STALLWATCH]     at java.base@17.0.12/java.util.concurrent.ForkJoinPool.awaitWork(ForkJoinPool.java:1724)
[21:12:38] [coreswap-stallwatch/INFO] (Minecraft) [STDOUT]: [STALLWATCH]     at java.base@17.0.12/java.util.concurrent.ForkJoinPool.runWorker(ForkJoinPool.java:1623)
[21:12:38] [coreswap-stallwatch/INFO] (Minecraft) [STDOUT]: [STALLWATCH]     at java.base@17.0.12/java.util.concurrent.ForkJoinWorkerThread.run(ForkJoinWorkerThread.java:165)
[21:12:38] [coreswap-stallwatch/INFO] (Minecraft) [STDOUT]: [STALLWATCH] "Worker-Main-22" id=85 state=WAITING daemon=true
[21:12:38] [coreswap-stallwatch/INFO] (Minecraft) [STDOUT]: [STALLWATCH]     at java.base@17.0.12/jdk.internal.misc.Unsafe.park(Native Method)
[21:12:38] [coreswap-stallwatch/INFO] (Minecraft) [STDOUT]: [STALLWATCH]     at java.base@17.0.12/java.util.concurrent.locks.LockSupport.park(LockSupport.java:341)
[21:12:38] [coreswap-stallwatch/INFO] (Minecraft) [STDOUT]: [STALLWATCH]     at java.base@17.0.12/java.util.concurrent.ForkJoinPool.awaitWork(ForkJoinPool.java:1724)
[21:12:38] [coreswap-stallwatch/INFO] (Minecraft) [STDOUT]: [STALLWATCH]     at java.base@17.0.12/java.util.concurrent.ForkJoinPool.runWorker(ForkJoinPool.java:1623)
[21:12:38] [coreswap-stallwatch/INFO] (Minecraft) [STDOUT]: [STALLWATCH]     at java.base@17.0.12/java.util.concurrent.ForkJoinWorkerThread.run(ForkJoinWorkerThread.java:165)
[21:12:38] [coreswap-stallwatch/INFO] (Minecraft) [STDOUT]: [STALLWATCH] "Worker-Main-11" id=74 state=WAITING daemon=true
[21:12:38] [coreswap-stallwatch/INFO] (Minecraft) [STDOUT]: [STALLWATCH]     at java.base@17.0.12/jdk.internal.misc.Unsafe.park(Native Method)
[21:12:38] [coreswap-stallwatch/INFO] (Minecraft) [STDOUT]: [STALLWATCH]     at java.base@17.0.12/java.util.concurrent.locks.LockSupport.park(LockSupport.java:341)
[21:12:38] [coreswap-stallwatch/INFO] (Minecraft) [STDOUT]: [STALLWATCH]     at java.base@17.0.12/java.util.concurrent.ForkJoinPool.awaitWork(ForkJoinPool.java:1724)
[21:12:38] [coreswap-stallwatch/INFO] (Minecraft) [STDOUT]: [STALLWATCH]     at java.base@17.0.12/java.util.concurrent.ForkJoinPool.runWorker(ForkJoinPool.java:1623)
[21:12:38] [coreswap-stallwatch/INFO] (Minecraft) [STDOUT]: [STALLWATCH]     at java.base@17.0.12/java.util.concurrent.ForkJoinWorkerThread.run(ForkJoinWorkerThread.java:165)
[21:12:38] [coreswap-stallwatch/INFO] (Minecraft) [STDOUT]: [STALLWATCH] "Worker-Main-20" id=83 state=WAITING daemon=true
[21:12:38] [coreswap-stallwatch/INFO] (Minecraft) [STDOUT]: [STALLWATCH]     at java.base@17.0.12/jdk.internal.misc.Unsafe.park(Native Method)
[21:12:38] [coreswap-stallwatch/INFO] (Minecraft) [STDOUT]: [STALLWATCH]     at java.base@17.0.12/java.util.concurrent.locks.LockSupport.park(LockSupport.java:341)
[21:12:38] [coreswap-stallwatch/INFO] (Minecraft) [STDOUT]: [STALLWATCH]     at java.base@17.0.12/java.util.concurrent.ForkJoinPool.awaitWork(ForkJoinPool.java:1724)
[21:12:38] [coreswap-stallwatch/INFO] (Minecraft) [STDOUT]: [STALLWATCH]     at java.base@17.0.12/java.util.concurrent.ForkJoinPool.runWorker(ForkJoinPool.java:1623)
[21:12:38] [coreswap-stallwatch/INFO] (Minecraft) [STDOUT]: [STALLWATCH]     at java.base@17.0.12/java.util.concurrent.ForkJoinWorkerThread.run(ForkJoinWorkerThread.java:165)
[21:12:38] [coreswap-stallwatch/INFO] (Minecraft) [STDOUT]: [STALLWATCH] "Finalizer" id=3 state=WAITING daemon=true
[21:12:38] [coreswap-stallwatch/INFO] (Minecraft) [STDOUT]: [STALLWATCH]     at java.base@17.0.12/java.lang.Object.wait(Native Method)
[21:12:38] [coreswap-stallwatch/INFO] (Minecraft) [STDOUT]: [STALLWATCH]     at java.base@17.0.12/java.lang.ref.ReferenceQueue.remove(ReferenceQueue.java:155)
[21:12:38] [coreswap-stallwatch/INFO] (Minecraft) [STDOUT]: [STALLWATCH]     at java.base@17.0.12/java.lang.ref.ReferenceQueue.remove(ReferenceQueue.java:176)
[21:12:38] [coreswap-stallwatch/INFO] (Minecraft) [STDOUT]: [STALLWATCH]     at java.base@17.0.12/java.lang.ref.Finalizer$FinalizerThread.run(Finalizer.java:172)
[21:12:38] [coreswap-stallwatch/INFO] (Minecraft) [STDOUT]: [STALLWATCH] "Reference Handler" id=2 state=RUNNABLE daemon=true
[21:12:38] [coreswap-stallwatch/INFO] (Minecraft) [STDOUT]: [STALLWATCH]     at java.base@17.0.12/java.lang.ref.Reference.waitForReferencePendingList(Native Method)
[21:12:38] [coreswap-stallwatch/INFO] (Minecraft) [STDOUT]: [STALLWATCH]     at java.base@17.0.12/java.lang.ref.Reference.processPendingReferences(Reference.java:253)
[21:12:38] [coreswap-stallwatch/INFO] (Minecraft) [STDOUT]: [STALLWATCH]     at java.base@17.0.12/java.lang.ref.Reference$ReferenceHandler.run(Reference.java:215)
[21:12:38] [coreswap-stallwatch/INFO] (Minecraft) [STDOUT]: [STALLWATCH] "Worker-Main-19" id=82 state=WAITING daemon=true
[21:12:38] [coreswap-stallwatch/INFO] (Minecraft) [STDOUT]: [STALLWATCH]     at java.base@17.0.12/jdk.internal.misc.Unsafe.park(Native Method)
[21:12:38] [coreswap-stallwatch/INFO] (Minecraft) [STDOUT]: [STALLWATCH]     at java.base@17.0.12/java.util.concurrent.locks.LockSupport.park(LockSupport.java:341)
[21:12:38] [coreswap-stallwatch/INFO] (Minecraft) [STDOUT]: [STALLWATCH]     at java.base@17.0.12/java.util.concurrent.ForkJoinPool.awaitWork(ForkJoinPool.java:1724)
[21:12:38] [coreswap-stallwatch/INFO] (Minecraft) [STDOUT]: [STALLWATCH]     at java.base@17.0.12/java.util.concurrent.ForkJoinPool.runWorker(ForkJoinPool.java:1623)
[21:12:38] [coreswap-stallwatch/INFO] (Minecraft) [STDOUT]: [STALLWATCH]     at java.base@17.0.12/java.util.concurrent.ForkJoinWorkerThread.run(ForkJoinWorkerThread.java:165)
[21:12:38] [coreswap-stallwatch/INFO] (Minecraft) [STDOUT]: [STALLWATCH] "Common-Cleaner" id=22 state=TIMED_WAITING daemon=true
[21:12:38] [coreswap-stallwatch/INFO] (Minecraft) [STDOUT]: [STALLWATCH]     at java.base@17.0.12/java.lang.Object.wait(Native Method)
[21:12:38] [coreswap-stallwatch/INFO] (Minecraft) [STDOUT]: [STALLWATCH]     at java.base@17.0.12/java.lang.ref.ReferenceQueue.remove(ReferenceQueue.java:155)
[21:12:38] [coreswap-stallwatch/INFO] (Minecraft) [STDOUT]: [STALLWATCH]     at java.base@17.0.12/jdk.internal.ref.CleanerImpl.run(CleanerImpl.java:140)
[21:12:38] [coreswap-stallwatch/INFO] (Minecraft) [STDOUT]: [STALLWATCH]     at java.base@17.0.12/java.lang.Thread.run(Thread.java:842)
[21:12:38] [coreswap-stallwatch/INFO] (Minecraft) [STDOUT]: [STALLWATCH]     at java.base@17.0.12/jdk.internal.misc.InnocuousThread.run(InnocuousThread.java:162)
[21:12:38] [coreswap-stallwatch/INFO] (Minecraft) [STDOUT]: [STALLWATCH] "IO-Worker-24" id=92 state=TIMED_WAITING daemon=false
[21:12:38] [coreswap-stallwatch/INFO] (Minecraft) [STDOUT]: [STALLWATCH]     at java.base@17.0.12/jdk.internal.misc.Unsafe.park(Native Method)
[21:12:38] [coreswap-stallwatch/INFO] (Minecraft) [STDOUT]: [STALLWATCH]     at java.base@17.0.12/java.util.concurrent.locks.LockSupport.parkNanos(LockSupport.java:252)
[21:12:38] [coreswap-stallwatch/INFO] (Minecraft) [STDOUT]: [STALLWATCH]     at java.base@17.0.12/java.util.concurrent.SynchronousQueue$TransferStack.transfer(SynchronousQueue.java:401)
[21:12:38] [coreswap-stallwatch/INFO] (Minecraft) [STDOUT]: [STALLWATCH]     at java.base@17.0.12/java.util.concurrent.SynchronousQueue.poll(SynchronousQueue.java:903)
[21:12:38] [coreswap-stallwatch/INFO] (Minecraft) [STDOUT]: [STALLWATCH]     at java.base@17.0.12/java.util.concurrent.ThreadPoolExecutor.getTask(ThreadPoolExecutor.java:1061)
[21:12:38] [coreswap-stallwatch/INFO] (Minecraft) [STDOUT]: [STALLWATCH]     at java.base@17.0.12/java.util.concurrent.ThreadPoolExecutor.runWorker(ThreadPoolExecutor.java:1122)
[21:12:38] [coreswap-stallwatch/INFO] (Minecraft) [STDOUT]: [STALLWATCH]     at java.base@17.0.12/java.util.concurrent.ThreadPoolExecutor$Worker.run(ThreadPoolExecutor.java:635)
[21:12:38] [coreswap-stallwatch/INFO] (Minecraft) [STDOUT]: [STALLWATCH]     at java.base@17.0.12/java.lang.Thread.run(Thread.java:842)
[21:12:38] [coreswap-stallwatch/INFO] (Minecraft) [STDOUT]: [STALLWATCH] "IO-Worker-27" id=95 state=TIMED_WAITING daemon=false
[21:12:38] [coreswap-stallwatch/INFO] (Minecraft) [STDOUT]: [STALLWATCH]     at java.base@17.0.12/jdk.internal.misc.Unsafe.park(Native Method)
[21:12:38] [coreswap-stallwatch/INFO] (Minecraft) [STDOUT]: [STALLWATCH]     at java.base@17.0.12/java.util.concurrent.locks.LockSupport.parkNanos(LockSupport.java:252)
[21:12:38] [coreswap-stallwatch/INFO] (Minecraft) [STDOUT]: [STALLWATCH]     at java.base@17.0.12/java.util.concurrent.SynchronousQueue$TransferStack.transfer(SynchronousQueue.java:401)
[21:12:38] [coreswap-stallwatch/INFO] (Minecraft) [STDOUT]: [STALLWATCH]     at java.base@17.0.12/java.util.concurrent.SynchronousQueue.poll(SynchronousQueue.java:903)
[21:12:38] [coreswap-stallwatch/INFO] (Minecraft) [STDOUT]: [STALLWATCH]     at java.base@17.0.12/java.util.concurrent.ThreadPoolExecutor.getTask(ThreadPoolExecutor.java:1061)
[21:12:38] [coreswap-stallwatch/INFO] (Minecraft) [STDOUT]: [STALLWATCH]     at java.base@17.0.12/java.util.concurrent.ThreadPoolExecutor.runWorker(ThreadPoolExecutor.java:1122)
[21:12:38] [coreswap-stallwatch/INFO] (Minecraft) [STDOUT]: [STALLWATCH]     at java.base@17.0.12/java.util.concurrent.ThreadPoolExecutor$Worker.run(ThreadPoolExecutor.java:635)
[21:12:38] [coreswap-stallwatch/INFO] (Minecraft) [STDOUT]: [STALLWATCH]     at java.base@17.0.12/java.lang.Thread.run(Thread.java:842)
[21:12:38] [coreswap-stallwatch/INFO] (Minecraft) [STDOUT]: [STALLWATCH] "Worker-Main-13" id=76 state=WAITING daemon=true
[21:12:38] [coreswap-stallwatch/INFO] (Minecraft) [STDOUT]: [STALLWATCH]     at java.base@17.0.12/jdk.internal.misc.Unsafe.park(Native Method)
[21:12:38] [coreswap-stallwatch/INFO] (Minecraft) [STDOUT]: [STALLWATCH]     at java.base@17.0.12/java.util.concurrent.locks.LockSupport.park(LockSupport.java:341)
[21:12:38] [coreswap-stallwatch/INFO] (Minecraft) [STDOUT]: [STALLWATCH]     at java.base@17.0.12/java.util.concurrent.ForkJoinPool.awaitWork(ForkJoinPool.java:1724)
[21:12:38] [coreswap-stallwatch/INFO] (Minecraft) [STDOUT]: [STALLWATCH]     at java.base@17.0.12/java.util.concurrent.ForkJoinPool.runWorker(ForkJoinPool.java:1623)
[21:12:38] [coreswap-stallwatch/INFO] (Minecraft) [STDOUT]: [STALLWATCH]     at java.base@17.0.12/java.util.concurrent.ForkJoinWorkerThread.run(ForkJoinWorkerThread.java:165)
[21:12:38] [coreswap-stallwatch/INFO] (Minecraft) [STDOUT]: [STALLWATCH] "Chunky-minecraft:overworld Thread" id=101 state=WAITING daemon=true
[21:12:38] [coreswap-stallwatch/INFO] (Minecraft) [STDOUT]: [STALLWATCH]     at java.base@17.0.12/jdk.internal.misc.Unsafe.park(Native Method)
[21:12:38] [coreswap-stallwatch/INFO] (Minecraft) [STDOUT]: [STALLWATCH]     at java.base@17.0.12/java.util.concurrent.locks.LockSupport.park(LockSupport.java:211)
[21:12:38] [coreswap-stallwatch/INFO] (Minecraft) [STDOUT]: [STALLWATCH]     at java.base@17.0.12/java.util.concurrent.locks.AbstractQueuedSynchronizer.acquire(AbstractQueuedSynchronizer.java:715)
[21:12:38] [coreswap-stallwatch/INFO] (Minecraft) [STDOUT]: [STALLWATCH]     at java.base@17.0.12/java.util.concurrent.locks.AbstractQueuedSynchronizer.acquireSharedInterruptibly(AbstractQueuedSynchronizer.java:1047)
[21:12:38] [coreswap-stallwatch/INFO] (Minecraft) [STDOUT]: [STALLWATCH]     at java.base@17.0.12/java.util.concurrent.Semaphore.acquire(Semaphore.java:318)
[21:12:38] [coreswap-stallwatch/INFO] (Minecraft) [STDOUT]: [STALLWATCH]     at org.popcraft.chunky.GenerationTask.run(GenerationTask.java:140)
[21:12:38] [coreswap-stallwatch/INFO] (Minecraft) [STDOUT]: [STALLWATCH]     at java.base@17.0.12/java.util.concurrent.Executors$RunnableAdapter.call(Executors.java:539)
[21:12:38] [coreswap-stallwatch/INFO] (Minecraft) [STDOUT]: [STALLWATCH]     at java.base@17.0.12/java.util.concurrent.FutureTask.run(FutureTask.java:264)
[21:12:38] [coreswap-stallwatch/INFO] (Minecraft) [STDOUT]: [STALLWATCH]     at java.base@17.0.12/java.util.concurrent.ThreadPoolExecutor.runWorker(ThreadPoolExecutor.java:1136)
[21:12:38] [coreswap-stallwatch/INFO] (Minecraft) [STDOUT]: [STALLWATCH]     at java.base@17.0.12/java.util.concurrent.ThreadPoolExecutor$Worker.run(ThreadPoolExecutor.java:635)
[21:12:38] [coreswap-stallwatch/INFO] (Minecraft) [STDOUT]: [STALLWATCH]     at java.base@17.0.12/java.lang.Thread.run(Thread.java:842)
[21:12:38] [coreswap-stallwatch/INFO] (Minecraft) [STDOUT]: [STALLWATCH] "Worker-Main-12" id=75 state=RUNNABLE daemon=true
[21:12:38] [coreswap-stallwatch/INFO] (Minecraft) [STDOUT]: [STALLWATCH]     at wg.CppWorldgen.fillBlocks(Native Method)
[21:12:38] [coreswap-stallwatch/INFO] (Minecraft) [STDOUT]: [STALLWATCH]     at wg.bench.CppBridge.fillChunk(CppBridge.java:377)
[21:12:38] [coreswap-stallwatch/INFO] (Minecraft) [STDOUT]: [STALLWATCH]     at net.minecraft.world.gen.chunk.NoiseChunkGenerator.md6b07e4$coreswap$lambda$wgPopulateNoise$1$2(NoiseChunkGenerator.java:671)
[21:12:38] [coreswap-stallwatch/INFO] (Minecraft) [STDOUT]: [STALLWATCH]     at net.minecraft.world.gen.chunk.NoiseChunkGenerator$$Lambda$5996/0x00000255b5c79370.get(Unknown Source)
[21:12:38] [coreswap-stallwatch/INFO] (Minecraft) [STDOUT]: [STALLWATCH]     at net.minecraft.world.gen.chunk.NoiseChunkGenerator.wgDispatch(NoiseChunkGenerator.java:610)
[21:12:38] [coreswap-stallwatch/INFO] (Minecraft) [STDOUT]: [STALLWATCH]     at net.minecraft.world.gen.chunk.NoiseChunkGenerator.handler$zfl000$coreswap$wgPopulateNoise(NoiseChunkGenerator.java:687)
[21:12:38] [coreswap-stallwatch/INFO] (Minecraft) [STDOUT]: [STALLWATCH]     at net.minecraft.world.gen.chunk.NoiseChunkGenerator.populateNoise(NoiseChunkGenerator.java)
[21:12:38] [coreswap-stallwatch/INFO] (Minecraft) [STDOUT]: [STALLWATCH]     at net.minecraft.world.chunk.ChunkStatus.method_38284(ChunkStatus.java:96)
[21:12:38] [coreswap-stallwatch/INFO] (Minecraft) [STDOUT]: [STALLWATCH]     at net.minecraft.world.chunk.ChunkStatus$$Lambda$1753/0x00000255b56ec670.doWork(Unknown Source)
[21:12:38] [coreswap-stallwatch/INFO] (Minecraft) [STDOUT]: [STALLWATCH]     at net.minecraft.world.chunk.ChunkStatus.runGenerationTask(ChunkStatus.java:357)
[21:12:38] [coreswap-stallwatch/INFO] (Minecraft) [STDOUT]: [STALLWATCH]     at net.minecraft.server.world.ThreadedAnvilChunkStorage.method_17225(ThreadedAnvilChunkStorage.java:656)
[21:12:38] [coreswap-stallwatch/INFO] (Minecraft) [STDOUT]: [STALLWATCH]     at net.minecraft.server.world.ThreadedAnvilChunkStorage$$Lambda$5299/0x00000255b5b9daa0.apply(Unknown Source)
[21:12:38] [coreswap-stallwatch/INFO] (Minecraft) [STDOUT]: [STALLWATCH]     at com.mojang.datafixers.util.Either$Left.map(Either.java:38)
[21:12:38] [coreswap-stallwatch/INFO] (Minecraft) [STDOUT]: [STALLWATCH]     at net.minecraft.server.world.ThreadedAnvilChunkStorage.method_17224(ThreadedAnvilChunkStorage.java:645)
[21:12:38] [coreswap-stallwatch/INFO] (Minecraft) [STDOUT]: [STALLWATCH]     at net.minecraft.server.world.ThreadedAnvilChunkStorage$$Lambda$5253/0x00000255b5b8b9c8.apply(Unknown Source)
[21:12:38] [coreswap-stallwatch/INFO] (Minecraft) [STDOUT]: [STALLWATCH]     at java.base@17.0.12/java.util.concurrent.CompletableFuture$UniCompose.tryFire(CompletableFuture.java:1150)
[21:12:38] [coreswap-stallwatch/INFO] (Minecraft) [STDOUT]: [STALLWATCH]     at java.base@17.0.12/java.util.concurrent.CompletableFuture$Completion.run(CompletableFuture.java:482)
[21:12:38] [coreswap-stallwatch/INFO] (Minecraft) [STDOUT]: [STALLWATCH]     at net.minecraft.server.world.ChunkTaskPrioritySystem.method_17634(ChunkTaskPrioritySystem.java:49)
[21:12:38] [coreswap-stallwatch/INFO] (Minecraft) [STDOUT]: [STALLWATCH]     at net.minecraft.server.world.ChunkTaskPrioritySystem$$Lambda$5297/0x00000255b5b9d650.run(Unknown Source)
[21:12:38] [coreswap-stallwatch/INFO] (Minecraft) [STDOUT]: [STALLWATCH]     at net.minecraft.util.thread.TaskExecutor.runNext(TaskExecutor.java:79)
[21:12:38] [coreswap-stallwatch/INFO] (Minecraft) [STDOUT]: [STALLWATCH]     at net.minecraft.util.thread.TaskExecutor.runWhile(TaskExecutor.java:129)
[21:12:38] [coreswap-stallwatch/INFO] (Minecraft) [STDOUT]: [STALLWATCH]     at net.minecraft.util.thread.TaskExecutor.run(TaskExecutor.java:87)
[21:12:38] [coreswap-stallwatch/INFO] (Minecraft) [STDOUT]: [STALLWATCH]     at java.base@17.0.12/java.util.concurrent.ForkJoinTask$RunnableExecuteAction.exec(ForkJoinTask.java:1395)
[21:12:38] [coreswap-stallwatch/INFO] (Minecraft) [STDOUT]: [STALLWATCH]     at java.base@17.0.12/java.util.concurrent.ForkJoinTask.doExec(ForkJoinTask.java:373)
[21:12:38] [coreswap-stallwatch/INFO] (Minecraft) [STDOUT]: [STALLWATCH]     at java.base@17.0.12/java.util.concurrent.ForkJoinPool$WorkQueue.topLevelExec(ForkJoinPool.java:1182)
[21:12:38] [coreswap-stallwatch/INFO] (Minecraft) [STDOUT]: [STALLWATCH]     at java.base@17.0.12/java.util.concurrent.ForkJoinPool.scan(ForkJoinPool.java:1655)
[21:12:38] [coreswap-stallwatch/INFO] (Minecraft) [STDOUT]: [STALLWATCH]     at java.base@17.0.12/java.util.concurrent.ForkJoinPool.runWorker(ForkJoinPool.java:1622)
[21:12:38] [coreswap-stallwatch/INFO] (Minecraft) [STDOUT]: [STALLWATCH]     at java.base@17.0.12/java.util.concurrent.ForkJoinWorkerThread.run(ForkJoinWorkerThread.java:165)
[21:12:38] [coreswap-stallwatch/INFO] (Minecraft) [STDOUT]: [STALLWATCH] "Worker-Main-4" id=67 state=WAITING daemon=true
[21:12:38] [coreswap-stallwatch/INFO] (Minecraft) [STDOUT]: [STALLWATCH]     at java.base@17.0.12/jdk.internal.misc.Unsafe.park(Native Method)
[21:12:38] [coreswap-stallwatch/INFO] (Minecraft) [STDOUT]: [STALLWATCH]     at java.base@17.0.12/java.util.concurrent.locks.LockSupport.park(LockSupport.java:341)
[21:12:38] [coreswap-stallwatch/INFO] (Minecraft) [STDOUT]: [STALLWATCH]     at java.base@17.0.12/java.util.concurrent.ForkJoinPool.awaitWork(ForkJoinPool.java:1724)
[21:12:38] [coreswap-stallwatch/INFO] (Minecraft) [STDOUT]: [STALLWATCH]     at java.base@17.0.12/java.util.concurrent.ForkJoinPool.runWorker(ForkJoinPool.java:1623)
[21:12:38] [coreswap-stallwatch/INFO] (Minecraft) [STDOUT]: [STALLWATCH]     at java.base@17.0.12/java.util.concurrent.ForkJoinWorkerThread.run(ForkJoinWorkerThread.java:165)
[21:12:38] [coreswap-stallwatch/INFO] (Minecraft) [STDOUT]: [STALLWATCH] "Thread-7" id=100 state=TIMED_WAITING daemon=true
[21:12:38] [coreswap-stallwatch/INFO] (Minecraft) [STDOUT]: [STALLWATCH]     at java.base@17.0.12/jdk.internal.misc.Unsafe.park(Native Method)
[21:12:38] [coreswap-stallwatch/INFO] (Minecraft) [STDOUT]: [STALLWATCH]     at java.base@17.0.12/java.util.concurrent.locks.LockSupport.parkNanos(LockSupport.java:252)
[21:12:38] [coreswap-stallwatch/INFO] (Minecraft) [STDOUT]: [STALLWATCH]     at java.base@17.0.12/java.util.concurrent.SynchronousQueue$TransferStack.transfer(SynchronousQueue.java:401)
[21:12:38] [coreswap-stallwatch/INFO] (Minecraft) [STDOUT]: [STALLWATCH]     at java.base@17.0.12/java.util.concurrent.SynchronousQueue.poll(SynchronousQueue.java:903)
[21:12:38] [coreswap-stallwatch/INFO] (Minecraft) [STDOUT]: [STALLWATCH]     at java.base@17.0.12/java.util.concurrent.ThreadPoolExecutor.getTask(ThreadPoolExecutor.java:1061)
[21:12:38] [coreswap-stallwatch/INFO] (Minecraft) [STDOUT]: [STALLWATCH]     at java.base@17.0.12/java.util.concurrent.ThreadPoolExecutor.runWorker(ThreadPoolExecutor.java:1122)
[21:12:38] [coreswap-stallwatch/INFO] (Minecraft) [STDOUT]: [STALLWATCH]     at java.base@17.0.12/java.util.concurrent.ThreadPoolExecutor$Worker.run(ThreadPoolExecutor.java:635)
[21:12:38] [coreswap-stallwatch/INFO] (Minecraft) [STDOUT]: [STALLWATCH]     at java.base@17.0.12/java.lang.Thread.run(Thread.java:842)
[21:12:38] [coreswap-stallwatch/INFO] (Minecraft) [STDOUT]: [STALLWATCH] "Netty Server IO #0" id=91 state=RUNNABLE daemon=true
[21:12:38] [coreswap-stallwatch/INFO] (Minecraft) [STDOUT]: [STALLWATCH]     at java.base@17.0.12/sun.nio.ch.WEPoll.wait(Native Method)
[21:12:38] [coreswap-stallwatch/INFO] (Minecraft) [STDOUT]: [STALLWATCH]     at java.base@17.0.12/sun.nio.ch.WEPollSelectorImpl.doSelect(WEPollSelectorImpl.java:111)
[21:12:38] [coreswap-stallwatch/INFO] (Minecraft) [STDOUT]: [STALLWATCH]     at java.base@17.0.12/sun.nio.ch.SelectorImpl.lockAndDoSelect(SelectorImpl.java:129)
[21:12:38] [coreswap-stallwatch/INFO] (Minecraft) [STDOUT]: [STALLWATCH]     at java.base@17.0.12/sun.nio.ch.SelectorImpl.select(SelectorImpl.java:146)
[21:12:38] [coreswap-stallwatch/INFO] (Minecraft) [STDOUT]: [STALLWATCH]     at io.netty.channel.nio.SelectedSelectionKeySetSelector.select(SelectedSelectionKeySetSelector.java:68)
[21:12:38] [coreswap-stallwatch/INFO] (Minecraft) [STDOUT]: [STALLWATCH]     at io.netty.channel.nio.NioEventLoop.select(NioEventLoop.java:879)
[21:12:38] [coreswap-stallwatch/INFO] (Minecraft) [STDOUT]: [STALLWATCH]     at io.netty.channel.nio.NioEventLoop.run(NioEventLoop.java:526)
[21:12:38] [coreswap-stallwatch/INFO] (Minecraft) [STDOUT]: [STALLWATCH]     at io.netty.util.concurrent.SingleThreadEventExecutor$4.run(SingleThreadEventExecutor.java:997)
[21:12:38] [coreswap-stallwatch/INFO] (Minecraft) [STDOUT]: [STALLWATCH]     at io.netty.util.internal.ThreadExecutorMap$2.run(ThreadExecutorMap.java:74)
[21:12:38] [coreswap-stallwatch/INFO] (Minecraft) [STDOUT]: [STALLWATCH]     at java.base@17.0.12/java.lang.Thread.run(Thread.java:842)
[21:12:38] [coreswap-stallwatch/INFO] (Minecraft) [STDOUT]: [STALLWATCH] "Thread-6" id=99 state=TIMED_WAITING daemon=true
[21:12:38] [coreswap-stallwatch/INFO] (Minecraft) [STDOUT]: [STALLWATCH]     at java.base@17.0.12/jdk.internal.misc.Unsafe.park(Native Method)
[21:12:38] [coreswap-stallwatch/INFO] (Minecraft) [STDOUT]: [STALLWATCH]     at java.base@17.0.12/java.util.concurrent.locks.LockSupport.parkNanos(LockSupport.java:252)
[21:12:38] [coreswap-stallwatch/INFO] (Minecraft) [STDOUT]: [STALLWATCH]     at java.base@17.0.12/java.util.concurrent.SynchronousQueue$TransferStack.transfer(SynchronousQueue.java:401)
[21:12:38] [coreswap-stallwatch/INFO] (Minecraft) [STDOUT]: [STALLWATCH]     at java.base@17.0.12/java.util.concurrent.SynchronousQueue.poll(SynchronousQueue.java:903)
[21:12:38] [coreswap-stallwatch/INFO] (Minecraft) [STDOUT]: [STALLWATCH]     at java.base@17.0.12/java.util.concurrent.ThreadPoolExecutor.getTask(ThreadPoolExecutor.java:1061)
[21:12:38] [coreswap-stallwatch/INFO] (Minecraft) [STDOUT]: [STALLWATCH]     at java.base@17.0.12/java.util.concurrent.ThreadPoolExecutor.runWorker(ThreadPoolExecutor.java:1122)
[21:12:38] [coreswap-stallwatch/INFO] (Minecraft) [STDOUT]: [STALLWATCH]     at java.base@17.0.12/java.util.concurrent.ThreadPoolExecutor$Worker.run(ThreadPoolExecutor.java:635)
[21:12:38] [coreswap-stallwatch/INFO] (Minecraft) [STDOUT]: [STALLWATCH]     at java.base@17.0.12/java.lang.Thread.run(Thread.java:842)
[21:12:38] [coreswap-stallwatch/INFO] (Minecraft) [STDOUT]: [STALLWATCH] "Worker-Main-6" id=69 state=WAITING daemon=true
[21:12:38] [coreswap-stallwatch/INFO] (Minecraft) [STDOUT]: [STALLWATCH]     at java.base@17.0.12/jdk.internal.misc.Unsafe.park(Native Method)
[21:12:38] [coreswap-stallwatch/INFO] (Minecraft) [STDOUT]: [STALLWATCH]     at java.base@17.0.12/java.util.concurrent.locks.LockSupport.park(LockSupport.java:341)
[21:12:38] [coreswap-stallwatch/INFO] (Minecraft) [STDOUT]: [STALLWATCH]     at java.base@17.0.12/java.util.concurrent.ForkJoinPool.awaitWork(ForkJoinPool.java:1724)
[21:12:38] [coreswap-stallwatch/INFO] (Minecraft) [STDOUT]: [STALLWATCH]     at java.base@17.0.12/java.util.concurrent.ForkJoinPool.runWorker(ForkJoinPool.java:1623)
[21:12:38] [coreswap-stallwatch/INFO] (Minecraft) [STDOUT]: [STALLWATCH]     at java.base@17.0.12/java.util.concurrent.ForkJoinWorkerThread.run(ForkJoinWorkerThread.java:165)
[21:12:38] [coreswap-stallwatch/INFO] (Minecraft) [STDOUT]: [STALLWATCH] "RCON Listener #1" id=97 state=RUNNABLE daemon=false
[21:12:38] [coreswap-stallwatch/INFO] (Minecraft) [STDOUT]: [STALLWATCH]     at java.base@17.0.12/sun.nio.ch.Net.poll(Native Method)
[21:12:38] [coreswap-stallwatch/INFO] (Minecraft) [STDOUT]: [STALLWATCH]     at java.base@17.0.12/sun.nio.ch.NioSocketImpl.park(NioSocketImpl.java:186)
[21:12:38] [coreswap-stallwatch/INFO] (Minecraft) [STDOUT]: [STALLWATCH]     at java.base@17.0.12/sun.nio.ch.NioSocketImpl.timedAccept(NioSocketImpl.java:715)
[21:12:38] [coreswap-stallwatch/INFO] (Minecraft) [STDOUT]: [STALLWATCH]     at java.base@17.0.12/sun.nio.ch.NioSocketImpl.accept(NioSocketImpl.java:757)
[21:12:38] [coreswap-stallwatch/INFO] (Minecraft) [STDOUT]: [STALLWATCH]     at java.base@17.0.12/java.net.ServerSocket.implAccept(ServerSocket.java:675)
[21:12:38] [coreswap-stallwatch/INFO] (Minecraft) [STDOUT]: [STALLWATCH]     at java.base@17.0.12/java.net.ServerSocket.platformImplAccept(ServerSocket.java:641)
[21:12:38] [coreswap-stallwatch/INFO] (Minecraft) [STDOUT]: [STALLWATCH]     at java.base@17.0.12/java.net.ServerSocket.implAccept(ServerSocket.java:617)
[21:12:38] [coreswap-stallwatch/INFO] (Minecraft) [STDOUT]: [STALLWATCH]     at java.base@17.0.12/java.net.ServerSocket.implAccept(ServerSocket.java:574)
[21:12:38] [coreswap-stallwatch/INFO] (Minecraft) [STDOUT]: [STALLWATCH]     at java.base@17.0.12/java.net.ServerSocket.accept(ServerSocket.java:532)
[21:12:38] [coreswap-stallwatch/INFO] (Minecraft) [STDOUT]: [STALLWATCH]     at net.minecraft.server.rcon.RconListener.run(RconListener.java:38)
[21:12:38] [coreswap-stallwatch/INFO] (Minecraft) [STDOUT]: [STALLWATCH]     at java.base@17.0.12/java.lang.Thread.run(Thread.java:842)
[21:12:38] [coreswap-stallwatch/INFO] (Minecraft) [STDOUT]: [STALLWATCH] "Worker-Main-7" id=70 state=WAITING daemon=true
[21:12:38] [coreswap-stallwatch/INFO] (Minecraft) [STDOUT]: [STALLWATCH]     at java.base@17.0.12/jdk.internal.misc.Unsafe.park(Native Method)
[21:12:38] [coreswap-stallwatch/INFO] (Minecraft) [STDOUT]: [STALLWATCH]     at java.base@17.0.12/java.util.concurrent.locks.LockSupport.park(LockSupport.java:341)
[21:12:38] [coreswap-stallwatch/INFO] (Minecraft) [STDOUT]: [STALLWATCH]     at java.base@17.0.12/java.util.concurrent.ForkJoinPool.awaitWork(ForkJoinPool.java:1724)
[21:12:38] [coreswap-stallwatch/INFO] (Minecraft) [STDOUT]: [STALLWATCH]     at java.base@17.0.12/java.util.concurrent.ForkJoinPool.runWorker(ForkJoinPool.java:1623)
[21:12:38] [coreswap-stallwatch/INFO] (Minecraft) [STDOUT]: [STALLWATCH]     at java.base@17.0.12/java.util.concurrent.ForkJoinWorkerThread.run(ForkJoinWorkerThread.java:165)
[21:12:38] [coreswap-stallwatch/INFO] (Minecraft) [STDOUT]: [STALLWATCH] "Worker-Main-1" id=64 state=WAITING daemon=true
[21:12:38] [coreswap-stallwatch/INFO] (Minecraft) [STDOUT]: [STALLWATCH]     at java.base@17.0.12/jdk.internal.misc.Unsafe.park(Native Method)
[21:12:38] [coreswap-stallwatch/INFO] (Minecraft) [STDOUT]: [STALLWATCH]     at java.base@17.0.12/java.util.concurrent.locks.LockSupport.park(LockSupport.java:341)
[21:12:38] [coreswap-stallwatch/INFO] (Minecraft) [STDOUT]: [STALLWATCH]     at java.base@17.0.12/java.util.concurrent.ForkJoinPool.awaitWork(ForkJoinPool.java:1724)
[21:12:38] [coreswap-stallwatch/INFO] (Minecraft) [STDOUT]: [STALLWATCH]     at java.base@17.0.12/java.util.concurrent.ForkJoinPool.runWorker(ForkJoinPool.java:1623)
[21:12:38] [coreswap-stallwatch/INFO] (Minecraft) [STDOUT]: [STALLWATCH]     at java.base@17.0.12/java.util.concurrent.ForkJoinWorkerThread.run(ForkJoinWorkerThread.java:165)
[21:12:38] [coreswap-stallwatch/INFO] (Minecraft) [STDOUT]: [STALLWATCH] "Worker-Main-14" id=77 state=WAITING daemon=true
[21:12:38] [coreswap-stallwatch/INFO] (Minecraft) [STDOUT]: [STALLWATCH]     at java.base@17.0.12/jdk.internal.misc.Unsafe.park(Native Method)
[21:12:38] [coreswap-stallwatch/INFO] (Minecraft) [STDOUT]: [STALLWATCH]     at java.base@17.0.12/java.util.concurrent.locks.LockSupport.park(LockSupport.java:341)
[21:12:38] [coreswap-stallwatch/INFO] (Minecraft) [STDOUT]: [STALLWATCH]     at java.base@17.0.12/java.util.concurrent.ForkJoinPool.awaitWork(ForkJoinPool.java:1724)
[21:12:38] [coreswap-stallwatch/INFO] (Minecraft) [STDOUT]: [STALLWATCH]     at java.base@17.0.12/java.util.concurrent.ForkJoinPool.runWorker(ForkJoinPool.java:1623)
[21:12:38] [coreswap-stallwatch/INFO] (Minecraft) [STDOUT]: [STALLWATCH]     at java.base@17.0.12/java.util.concurrent.ForkJoinWorkerThread.run(ForkJoinWorkerThread.java:165)
[21:12:38] [coreswap-stallwatch/INFO] (Minecraft) [STDOUT]: [STALLWATCH] "Yggdrasil Key Fetcher" id=61 state=TIMED_WAITING daemon=true
[21:12:38] [coreswap-stallwatch/INFO] (Minecraft) [STDOUT]: [STALLWATCH]     at java.base@17.0.12/jdk.internal.misc.Unsafe.park(Native Method)
[21:12:38] [coreswap-stallwatch/INFO] (Minecraft) [STDOUT]: [STALLWATCH]     at java.base@17.0.12/java.util.concurrent.locks.LockSupport.parkNanos(LockSupport.java:252)
[21:12:38] [coreswap-stallwatch/INFO] (Minecraft) [STDOUT]: [STALLWATCH]     at java.base@17.0.12/java.util.concurrent.locks.AbstractQueuedSynchronizer$ConditionObject.awaitNanos(AbstractQueuedSynchronizer.java:1672)
[21:12:38] [coreswap-stallwatch/INFO] (Minecraft) [STDOUT]: [STALLWATCH]     at java.base@17.0.12/java.util.concurrent.ScheduledThreadPoolExecutor$DelayedWorkQueue.take(ScheduledThreadPoolExecutor.java:1182)
[21:12:38] [coreswap-stallwatch/INFO] (Minecraft) [STDOUT]: [STALLWATCH]     at java.base@17.0.12/java.util.concurrent.ScheduledThreadPoolExecutor$DelayedWorkQueue.take(ScheduledThreadPoolExecutor.java:899)
[21:12:38] [coreswap-stallwatch/INFO] (Minecraft) [STDOUT]: [STALLWATCH]     at java.base@17.0.12/java.util.concurrent.ThreadPoolExecutor.getTask(ThreadPoolExecutor.java:1062)
[21:12:38] [coreswap-stallwatch/INFO] (Minecraft) [STDOUT]: [STALLWATCH]     at java.base@17.0.12/java.util.concurrent.ThreadPoolExecutor.runWorker(ThreadPoolExecutor.java:1122)
[21:12:38] [coreswap-stallwatch/INFO] (Minecraft) [STDOUT]: [STALLWATCH]     at java.base@17.0.12/java.util.concurrent.ThreadPoolExecutor$Worker.run(ThreadPoolExecutor.java:635)
[21:12:38] [coreswap-stallwatch/INFO] (Minecraft) [STDOUT]: [STALLWATCH]     at java.base@17.0.12/java.lang.Thread.run(Thread.java:842)
[21:12:38] [coreswap-stallwatch/INFO] (Minecraft) [STDOUT]: [STALLWATCH] "Server thread" id=87 state=TIMED_WAITING daemon=false
[21:12:38] [coreswap-stallwatch/INFO] (Minecraft) [STDOUT]: [STALLWATCH]     at java.base@17.0.12/jdk.internal.misc.Unsafe.park(Native Method)
[21:12:38] [coreswap-stallwatch/INFO] (Minecraft) [STDOUT]: [STALLWATCH]     at java.base@17.0.12/java.util.concurrent.locks.LockSupport.parkNanos(LockSupport.java:252)
[21:12:38] [coreswap-stallwatch/INFO] (Minecraft) [STDOUT]: [STALLWATCH]     at net.minecraft.util.thread.ThreadExecutor.waitForTasks(ThreadExecutor.java:133)
[21:12:38] [coreswap-stallwatch/INFO] (Minecraft) [STDOUT]: [STALLWATCH]     at net.minecraft.util.thread.ThreadExecutor.runTasks(ThreadExecutor.java:123)
[21:12:38] [coreswap-stallwatch/INFO] (Minecraft) [STDOUT]: [STALLWATCH]     at net.minecraft.server.MinecraftServer.runTasksTillTickEnd(MinecraftServer.java:788)
[21:12:38] [coreswap-stallwatch/INFO] (Minecraft) [STDOUT]: [STALLWATCH]     at net.minecraft.server.MinecraftServer.runServer(MinecraftServer.java:726)
[21:12:38] [coreswap-stallwatch/INFO] (Minecraft) [STDOUT]: [STALLWATCH]     at net.minecraft.server.MinecraftServer.method_29739(MinecraftServer.java:267)
[21:12:38] [coreswap-stallwatch/INFO] (Minecraft) [STDOUT]: [STALLWATCH]     at net.minecraft.server.MinecraftServer$$Lambda$5063/0x00000255b5ad0f88.run(Unknown Source)
[21:12:38] [coreswap-stallwatch/INFO] (Minecraft) [STDOUT]: [STALLWATCH]     at java.base@17.0.12/java.lang.Thread.run(Thread.java:842)
[21:12:38] [coreswap-stallwatch/INFO] (Minecraft) [STDOUT]: [STALLWATCH] "IO-Worker-26" id=94 state=TIMED_WAITING daemon=false
[21:12:38] [coreswap-stallwatch/INFO] (Minecraft) [STDOUT]: [STALLWATCH]     at java.base@17.0.12/jdk.internal.misc.Unsafe.park(Native Method)
[21:12:38] [coreswap-stallwatch/INFO] (Minecraft) [STDOUT]: [STALLWATCH]     at java.base@17.0.12/java.util.concurrent.locks.LockSupport.parkNanos(LockSupport.java:252)
[21:12:38] [coreswap-stallwatch/INFO] (Minecraft) [STDOUT]: [STALLWATCH]     at java.base@17.0.12/java.util.concurrent.SynchronousQueue$TransferStack.transfer(SynchronousQueue.java:401)
[21:12:38] [coreswap-stallwatch/INFO] (Minecraft) [STDOUT]: [STALLWATCH]     at java.base@17.0.12/java.util.concurrent.SynchronousQueue.poll(SynchronousQueue.java:903)
[21:12:38] [coreswap-stallwatch/INFO] (Minecraft) [STDOUT]: [STALLWATCH]     at java.base@17.0.12/java.util.concurrent.ThreadPoolExecutor.getTask(ThreadPoolExecutor.java:1061)
[21:12:38] [coreswap-stallwatch/INFO] (Minecraft) [STDOUT]: [STALLWATCH]     at java.base@17.0.12/java.util.concurrent.ThreadPoolExecutor.runWorker(ThreadPoolExecutor.java:1122)
[21:12:38] [coreswap-stallwatch/INFO] (Minecraft) [STDOUT]: [STALLWATCH]     at java.base@17.0.12/java.util.concurrent.ThreadPoolExecutor$Worker.run(ThreadPoolExecutor.java:635)
[21:12:38] [coreswap-stallwatch/INFO] (Minecraft) [STDOUT]: [STALLWATCH]     at java.base@17.0.12/java.lang.Thread.run(Thread.java:842)
[21:12:38] [coreswap-stallwatch/INFO] (Minecraft) [STDOUT]: [STALLWATCH] "JNA Cleaner" id=59 state=WAITING daemon=true
[21:12:38] [coreswap-stallwatch/INFO] (Minecraft) [STDOUT]: [STALLWATCH]     at java.base@17.0.12/java.lang.Object.wait(Native Method)
[21:12:38] [coreswap-stallwatch/INFO] (Minecraft) [STDOUT]: [STALLWATCH]     at java.base@17.0.12/java.lang.ref.ReferenceQueue.remove(ReferenceQueue.java:155)
[21:12:38] [coreswap-stallwatch/INFO] (Minecraft) [STDOUT]: [STALLWATCH]     at java.base@17.0.12/java.lang.ref.ReferenceQueue.remove(ReferenceQueue.java:176)
[21:12:38] [coreswap-stallwatch/INFO] (Minecraft) [STDOUT]: [STALLWATCH]     at com.sun.jna.internal.Cleaner$1.run(Cleaner.java:58)
[21:12:38] [coreswap-stallwatch/INFO] (Minecraft) [STDOUT]: [STALLWATCH] "Worker-Main-21" id=84 state=WAITING daemon=true
[21:12:38] [coreswap-stallwatch/INFO] (Minecraft) [STDOUT]: [STALLWATCH]     at java.base@17.0.12/jdk.internal.misc.Unsafe.park(Native Method)
[21:12:38] [coreswap-stallwatch/INFO] (Minecraft) [STDOUT]: [STALLWATCH]     at java.base@17.0.12/java.util.concurrent.locks.LockSupport.park(LockSupport.java:341)
[21:12:38] [coreswap-stallwatch/INFO] (Minecraft) [STDOUT]: [STALLWATCH]     at java.base@17.0.12/java.util.concurrent.ForkJoinPool.awaitWork(ForkJoinPool.java:1724)
[21:12:38] [coreswap-stallwatch/INFO] (Minecraft) [STDOUT]: [STALLWATCH]     at java.base@17.0.12/java.util.concurrent.ForkJoinPool.runWorker(ForkJoinPool.java:1623)
[21:12:38] [coreswap-stallwatch/INFO] (Minecraft) [STDOUT]: [STALLWATCH]     at java.base@17.0.12/java.util.concurrent.ForkJoinWorkerThread.run(ForkJoinWorkerThread.java:165)
[21:12:38] [coreswap-stallwatch/INFO] (Minecraft) [STDOUT]: [STALLWATCH] "Notification Thread" id=21 state=RUNNABLE daemon=true
[21:12:38] [coreswap-stallwatch/INFO] (Minecraft) [STDOUT]: [STALLWATCH] "DestroyJavaVM" id=89 state=RUNNABLE daemon=false
[21:12:38] [coreswap-stallwatch/INFO] (Minecraft) [STDOUT]: [STALLWATCH] "Attach Listener" id=5 state=RUNNABLE daemon=true
[21:12:38] [coreswap-stallwatch/INFO] (Minecraft) [STDOUT]: [STALLWATCH] "Signal Dispatcher" id=4 state=RUNNABLE daemon=true
[21:12:38] [coreswap-stallwatch/INFO] (Minecraft) [STDOUT]: [STALLWATCH] "Worker-Main-18" id=81 state=WAITING daemon=true
[21:12:38] [coreswap-stallwatch/INFO] (Minecraft) [STDOUT]: [STALLWATCH]     at java.base@17.0.12/jdk.internal.misc.Unsafe.park(Native Method)
[21:12:38] [coreswap-stallwatch/INFO] (Minecraft) [STDOUT]: [STALLWATCH]     at java.base@17.0.12/java.util.concurrent.locks.LockSupport.park(LockSupport.java:341)
[21:12:38] [coreswap-stallwatch/INFO] (Minecraft) [STDOUT]: [STALLWATCH]     at java.base@17.0.12/java.util.concurrent.ForkJoinPool.awaitWork(ForkJoinPool.java:1724)
[21:12:38] [coreswap-stallwatch/INFO] (Minecraft) [STDOUT]: [STALLWATCH]     at java.base@17.0.12/java.util.concurrent.ForkJoinPool.runWorker(ForkJoinPool.java:1623)
[21:12:38] [coreswap-stallwatch/INFO] (Minecraft) [STDOUT]: [STALLWATCH]     at java.base@17.0.12/java.util.concurrent.ForkJoinWorkerThread.run(ForkJoinWorkerThread.java:165)
[21:12:38] [coreswap-stallwatch/INFO] (Minecraft) [STDOUT]: [STALLWATCH] "Worker-Main-5" id=68 state=WAITING daemon=true
[21:12:38] [coreswap-stallwatch/INFO] (Minecraft) [STDOUT]: [STALLWATCH]     at java.base@17.0.12/jdk.internal.misc.Unsafe.park(Native Method)
[21:12:38] [coreswap-stallwatch/INFO] (Minecraft) [STDOUT]: [STALLWATCH]     at java.base@17.0.12/java.util.concurrent.locks.LockSupport.park(LockSupport.java:341)
[21:12:38] [coreswap-stallwatch/INFO] (Minecraft) [STDOUT]: [STALLWATCH]     at java.base@17.0.12/java.util.concurrent.ForkJoinPool.awaitWork(ForkJoinPool.java:1724)
[21:12:38] [coreswap-stallwatch/INFO] (Minecraft) [STDOUT]: [STALLWATCH]     at java.base@17.0.12/java.util.concurrent.ForkJoinPool.runWorker(ForkJoinPool.java:1623)
[21:12:38] [coreswap-stallwatch/INFO] (Minecraft) [STDOUT]: [STALLWATCH]     at java.base@17.0.12/java.util.concurrent.ForkJoinWorkerThread.run(ForkJoinWorkerThread.java:165)
[21:12:38] [coreswap-stallwatch/INFO] (Minecraft) [STDOUT]: [STALLWATCH] "coreswap-stallwatch" id=98 state=RUNNABLE daemon=true
[21:12:38] [coreswap-stallwatch/INFO] (Minecraft) [STDOUT]: [STALLWATCH]     at java.base@17.0.12/java.lang.Thread.dumpThreads(Native Method)
[21:12:38] [coreswap-stallwatch/INFO] (Minecraft) [STDOUT]: [STALLWATCH]     at java.base@17.0.12/java.lang.Thread.getAllStackTraces(Thread.java:1673)
[21:12:38] [coreswap-stallwatch/INFO] (Minecraft) [STDOUT]: [STALLWATCH]     at wg.bench.StallWatch.lambda$start$0(StallWatch.java:41)
[21:12:38] [coreswap-stallwatch/INFO] (Minecraft) [STDOUT]: [STALLWATCH]     at wg.bench.StallWatch$$Lambda$5791/0x00000255b5c25080.run(Unknown Source)
[21:12:38] [coreswap-stallwatch/INFO] (Minecraft) [STDOUT]: [STALLWATCH]     at java.base@17.0.12/java.lang.Thread.run(Thread.java:842)
[21:12:38] [coreswap-stallwatch/INFO] (Minecraft) [STDOUT]: [STALLWATCH] "Worker-Main-16" id=79 state=WAITING daemon=true
[21:12:38] [coreswap-stallwatch/INFO] (Minecraft) [STDOUT]: [STALLWATCH]     at java.base@17.0.12/jdk.internal.misc.Unsafe.park(Native Method)
[21:12:38] [coreswap-stallwatch/INFO] (Minecraft) [STDOUT]: [STALLWATCH]     at java.base@17.0.12/java.util.concurrent.locks.LockSupport.park(LockSupport.java:341)
[21:12:38] [coreswap-stallwatch/INFO] (Minecraft) [STDOUT]: [STALLWATCH]     at java.base@17.0.12/java.util.concurrent.ForkJoinPool.awaitWork(ForkJoinPool.java:1724)
[21:12:38] [coreswap-stallwatch/INFO] (Minecraft) [STDOUT]: [STALLWATCH]     at java.base@17.0.12/java.util.concurrent.ForkJoinPool.runWorker(ForkJoinPool.java:1623)
[21:12:38] [coreswap-stallwatch/INFO] (Minecraft) [STDOUT]: [STALLWATCH]     at java.base@17.0.12/java.util.concurrent.ForkJoinWorkerThread.run(ForkJoinWorkerThread.java:165)
[21:12:38] [coreswap-stallwatch/INFO] (Minecraft) [STDOUT]: [STALLWATCH] "Worker-Main-8" id=71 state=WAITING daemon=true
[21:12:38] [coreswap-stallwatch/INFO] (Minecraft) [STDOUT]: [STALLWATCH]     at java.base@17.0.12/jdk.internal.misc.Unsafe.park(Native Method)
[21:12:38] [coreswap-stallwatch/INFO] (Minecraft) [STDOUT]: [STALLWATCH]     at java.base@17.0.12/java.util.concurrent.locks.LockSupport.park(LockSupport.java:341)
[21:12:38] [coreswap-stallwatch/INFO] (Minecraft) [STDOUT]: [STALLWATCH]     at java.base@17.0.12/java.util.concurrent.ForkJoinPool.awaitWork(ForkJoinPool.java:1724)
[21:12:38] [coreswap-stallwatch/INFO] (Minecraft) [STDOUT]: [STALLWATCH]     at java.base@17.0.12/java.util.concurrent.ForkJoinPool.runWorker(ForkJoinPool.java:1623)
[21:12:38] [coreswap-stallwatch/INFO] (Minecraft) [STDOUT]: [STALLWATCH]     at java.base@17.0.12/java.util.concurrent.ForkJoinWorkerThread.run(ForkJoinWorkerThread.java:165)
[21:12:38] [coreswap-stallwatch/INFO] (Minecraft) [STDOUT]: [STALLWATCH] "IO-Worker-25" id=93 state=TIMED_WAITING daemon=false
[21:12:38] [coreswap-stallwatch/INFO] (Minecraft) [STDOUT]: [STALLWATCH]     at java.base@17.0.12/jdk.internal.misc.Unsafe.park(Native Method)
[21:12:38] [coreswap-stallwatch/INFO] (Minecraft) [STDOUT]: [STALLWATCH]     at java.base@17.0.12/java.util.concurrent.locks.LockSupport.parkNanos(LockSupport.java:252)
[21:12:38] [coreswap-stallwatch/INFO] (Minecraft) [STDOUT]: [STALLWATCH]     at java.base@17.0.12/java.util.concurrent.SynchronousQueue$TransferStack.transfer(SynchronousQueue.java:401)
[21:12:38] [coreswap-stallwatch/INFO] (Minecraft) [STDOUT]: [STALLWATCH]     at java.base@17.0.12/java.util.concurrent.SynchronousQueue.poll(SynchronousQueue.java:903)
[21:12:38] [coreswap-stallwatch/INFO] (Minecraft) [STDOUT]: [STALLWATCH]     at java.base@17.0.12/java.util.concurrent.ThreadPoolExecutor.getTask(ThreadPoolExecutor.java:1061)
[21:12:38] [coreswap-stallwatch/INFO] (Minecraft) [STDOUT]: [STALLWATCH]     at java.base@17.0.12/java.util.concurrent.ThreadPoolExecutor.runWorker(ThreadPoolExecutor.java:1122)
[21:12:38] [coreswap-stallwatch/INFO] (Minecraft) [STDOUT]: [STALLWATCH]     at java.base@17.0.12/java.util.concurrent.ThreadPoolExecutor$Worker.run(ThreadPoolExecutor.java:635)
[21:12:38] [coreswap-stallwatch/INFO] (Minecraft) [STDOUT]: [STALLWATCH]     at java.base@17.0.12/java.lang.Thread.run(Thread.java:842)
[21:12:38] [coreswap-stallwatch/INFO] (Minecraft) [STDOUT]: [STALLWATCH] === end ===
[21:12:40] [Server thread/INFO] (Minecraft) [Chunky] Task running for minecraft:overworld. Processed: 2246 chunks (53.16%), ETA: 0:02:44, Rate: 12.0 cps, Current: -29, 5
[21:12:44] [RCON Listener #1/INFO] (Minecraft) Thread RCON Client /127.0.0.1 started
[21:12:44] [RCON Client /127.0.0.1 #14/INFO] (Minecraft) Thread RCON Client /127.0.0.1 shutting down
[21:12:51] [Server thread/INFO] (Minecraft) [Chunky] Task running for minecraft:overworld. Processed: 2396 chunks (56.71%), ETA: 0:02:50, Rate: 10.7 cps, Current: -25, 14
[21:12:52] [Worker-Main-16/INFO] (Minecraft) [STDOUT]: [CHUNKTIME] n=2816 perChunk(ms): mixin=49.46 gap=1145.99 | sumMixin=139.3s sumGap=3227.1s | inflight max=1 now=1
[21:13:02] [Server thread/INFO] (Minecraft) [Chunky] Task running for minecraft:overworld. Processed: 2609 chunks (61.75%), ETA: 0:01:42, Rate: 15.8 cps, Current: -26, 28
[21:13:04] [RCON Listener #1/INFO] (Minecraft) Thread RCON Client /127.0.0.1 started
[21:13:04] [RCON Client /127.0.0.1 #15/INFO] (Minecraft) Thread RCON Client /127.0.0.1 shutting down
[21:13:07] [Worker-Main-8/INFO] (Minecraft) [STDOUT]: [CHUNKTIME] n=3072 perChunk(ms): mixin=49.59 gap=1153.69 | sumMixin=152.4s sumGap=3544.1s | inflight max=1 now=1
[21:13:08] [coreswap-stallwatch/INFO] (Minecraft) [STDOUT]: [STALLWATCH] === thread dump @ Thu Sep 10 21:13:08 HKT 2026 (interval=30s) ===
[21:13:08] [coreswap-stallwatch/INFO] (Minecraft) [STDOUT]: [STALLWATCH] "Timer hack thread" id=60 state=TIMED_WAITING daemon=true
[21:13:08] [coreswap-stallwatch/INFO] (Minecraft) [STDOUT]: [STALLWATCH]     at java.base@17.0.12/java.lang.Thread.sleep(Native Method)
[21:13:08] [coreswap-stallwatch/INFO] (Minecraft) [STDOUT]: [STALLWATCH]     at net.minecraft.util.Util$9.run(Util.java:863)
[21:13:08] [coreswap-stallwatch/INFO] (Minecraft) [STDOUT]: [STALLWATCH] "Worker-Main-2" id=65 state=WAITING daemon=true
[21:13:08] [coreswap-stallwatch/INFO] (Minecraft) [STDOUT]: [STALLWATCH]     at java.base@17.0.12/jdk.internal.misc.Unsafe.park(Native Method)
[21:13:08] [coreswap-stallwatch/INFO] (Minecraft) [STDOUT]: [STALLWATCH]     at java.base@17.0.12/java.util.concurrent.locks.LockSupport.park(LockSupport.java:341)
[21:13:08] [coreswap-stallwatch/INFO] (Minecraft) [STDOUT]: [STALLWATCH]     at java.base@17.0.12/java.util.concurrent.ForkJoinPool.awaitWork(ForkJoinPool.java:1724)
[21:13:08] [coreswap-stallwatch/INFO] (Minecraft) [STDOUT]: [STALLWATCH]     at java.base@17.0.12/java.util.concurrent.ForkJoinPool.runWorker(ForkJoinPool.java:1623)
[21:13:08] [coreswap-stallwatch/INFO] (Minecraft) [STDOUT]: [STALLWATCH]     at java.base@17.0.12/java.util.concurrent.ForkJoinWorkerThread.run(ForkJoinWorkerThread.java:165)
[21:13:08] [coreswap-stallwatch/INFO] (Minecraft) [STDOUT]: [STALLWATCH] "Worker-Main-17" id=80 state=WAITING daemon=true
[21:13:08] [coreswap-stallwatch/INFO] (Minecraft) [STDOUT]: [STALLWATCH]     at java.base@17.0.12/jdk.internal.misc.Unsafe.park(Native Method)
[21:13:08] [coreswap-stallwatch/INFO] (Minecraft) [STDOUT]: [STALLWATCH]     at java.base@17.0.12/java.util.concurrent.locks.LockSupport.park(LockSupport.java:341)
[21:13:08] [coreswap-stallwatch/INFO] (Minecraft) [STDOUT]: [STALLWATCH]     at java.base@17.0.12/java.util.concurrent.ForkJoinPool.awaitWork(ForkJoinPool.java:1724)
[21:13:08] [coreswap-stallwatch/INFO] (Minecraft) [STDOUT]: [STALLWATCH]     at java.base@17.0.12/java.util.concurrent.ForkJoinPool.runWorker(ForkJoinPool.java:1623)
[21:13:08] [coreswap-stallwatch/INFO] (Minecraft) [STDOUT]: [STALLWATCH]     at java.base@17.0.12/java.util.concurrent.ForkJoinWorkerThread.run(ForkJoinWorkerThread.java:165)
[21:13:08] [coreswap-stallwatch/INFO] (Minecraft) [STDOUT]: [STALLWATCH] "Worker-Main-23" id=86 state=WAITING daemon=true
[21:13:08] [coreswap-stallwatch/INFO] (Minecraft) [STDOUT]: [STALLWATCH]     at java.base@17.0.12/jdk.internal.misc.Unsafe.park(Native Method)
[21:13:08] [coreswap-stallwatch/INFO] (Minecraft) [STDOUT]: [STALLWATCH]     at java.base@17.0.12/java.util.concurrent.locks.LockSupport.park(LockSupport.java:341)
[21:13:08] [coreswap-stallwatch/INFO] (Minecraft) [STDOUT]: [STALLWATCH]     at java.base@17.0.12/java.util.concurrent.ForkJoinPool.awaitWork(ForkJoinPool.java:1724)
[21:13:08] [coreswap-stallwatch/INFO] (Minecraft) [STDOUT]: [STALLWATCH]     at java.base@17.0.12/java.util.concurrent.ForkJoinPool.runWorker(ForkJoinPool.java:1623)
[21:13:08] [coreswap-stallwatch/INFO] (Minecraft) [STDOUT]: [STALLWATCH]     at java.base@17.0.12/java.util.concurrent.ForkJoinWorkerThread.run(ForkJoinWorkerThread.java:165)
[21:13:08] [coreswap-stallwatch/INFO] (Minecraft) [STDOUT]: [STALLWATCH] "Worker-Main-9" id=72 state=WAITING daemon=true
[21:13:08] [coreswap-stallwatch/INFO] (Minecraft) [STDOUT]: [STALLWATCH]     at java.base@17.0.12/jdk.internal.misc.Unsafe.park(Native Method)
[21:13:08] [coreswap-stallwatch/INFO] (Minecraft) [STDOUT]: [STALLWATCH]     at java.base@17.0.12/java.util.concurrent.locks.LockSupport.park(LockSupport.java:341)
[21:13:08] [coreswap-stallwatch/INFO] (Minecraft) [STDOUT]: [STALLWATCH]     at java.base@17.0.12/java.util.concurrent.ForkJoinPool.awaitWork(ForkJoinPool.java:1724)
[21:13:08] [coreswap-stallwatch/INFO] (Minecraft) [STDOUT]: [STALLWATCH]     at java.base@17.0.12/java.util.concurrent.ForkJoinPool.runWorker(ForkJoinPool.java:1623)
[21:13:08] [coreswap-stallwatch/INFO] (Minecraft) [STDOUT]: [STALLWATCH]     at java.base@17.0.12/java.util.concurrent.ForkJoinWorkerThread.run(ForkJoinWorkerThread.java:165)
[21:13:08] [coreswap-stallwatch/INFO] (Minecraft) [STDOUT]: [STALLWATCH] "Worker-Main-10" id=73 state=WAITING daemon=true
[21:13:08] [coreswap-stallwatch/INFO] (Minecraft) [STDOUT]: [STALLWATCH]     at java.base@17.0.12/jdk.internal.misc.Unsafe.park(Native Method)
[21:13:08] [coreswap-stallwatch/INFO] (Minecraft) [STDOUT]: [STALLWATCH]     at java.base@17.0.12/java.util.concurrent.locks.LockSupport.park(LockSupport.java:341)
[21:13:08] [coreswap-stallwatch/INFO] (Minecraft) [STDOUT]: [STALLWATCH]     at java.base@17.0.12/java.util.concurrent.ForkJoinPool.awaitWork(ForkJoinPool.java:1724)
[21:13:08] [coreswap-stallwatch/INFO] (Minecraft) [STDOUT]: [STALLWATCH]     at java.base@17.0.12/java.util.concurrent.ForkJoinPool.runWorker(ForkJoinPool.java:1623)
[21:13:08] [coreswap-stallwatch/INFO] (Minecraft) [STDOUT]: [STALLWATCH]     at java.base@17.0.12/java.util.concurrent.ForkJoinWorkerThread.run(ForkJoinWorkerThread.java:165)
[21:13:08] [coreswap-stallwatch/INFO] (Minecraft) [STDOUT]: [STALLWATCH] "Worker-Main-15" id=78 state=WAITING daemon=true
[21:13:08] [coreswap-stallwatch/INFO] (Minecraft) [STDOUT]: [STALLWATCH]     at java.base@17.0.12/jdk.internal.misc.Unsafe.park(Native Method)
[21:13:08] [coreswap-stallwatch/INFO] (Minecraft) [STDOUT]: [STALLWATCH]     at java.base@17.0.12/java.util.concurrent.locks.LockSupport.park(LockSupport.java:341)
[21:13:08] [coreswap-stallwatch/INFO] (Minecraft) [STDOUT]: [STALLWATCH]     at java.base@17.0.12/java.util.concurrent.ForkJoinPool.awaitWork(ForkJoinPool.java:1724)
[21:13:08] [coreswap-stallwatch/INFO] (Minecraft) [STDOUT]: [STALLWATCH]     at java.base@17.0.12/java.util.concurrent.ForkJoinPool.runWorker(ForkJoinPool.java:1623)
[21:13:08] [coreswap-stallwatch/INFO] (Minecraft) [STDOUT]: [STALLWATCH]     at java.base@17.0.12/java.util.concurrent.ForkJoinWorkerThread.run(ForkJoinWorkerThread.java:165)
[21:13:08] [coreswap-stallwatch/INFO] (Minecraft) [STDOUT]: [STALLWATCH] "Worker-Main-3" id=66 state=WAITING daemon=true
[21:13:08] [coreswap-stallwatch/INFO] (Minecraft) [STDOUT]: [STALLWATCH]     at java.base@17.0.12/jdk.internal.misc.Unsafe.park(Native Method)
[21:13:08] [coreswap-stallwatch/INFO] (Minecraft) [STDOUT]: [STALLWATCH]     at java.base@17.0.12/java.util.concurrent.locks.LockSupport.park(LockSupport.java:341)
[21:13:08] [coreswap-stallwatch/INFO] (Minecraft) [STDOUT]: [STALLWATCH]     at java.base@17.0.12/java.util.concurrent.ForkJoinPool.awaitWork(ForkJoinPool.java:1724)
[21:13:08] [coreswap-stallwatch/INFO] (Minecraft) [STDOUT]: [STALLWATCH]     at java.base@17.0.12/java.util.concurrent.ForkJoinPool.runWorker(ForkJoinPool.java:1623)
[21:13:08] [coreswap-stallwatch/INFO] (Minecraft) [STDOUT]: [STALLWATCH]     at java.base@17.0.12/java.util.concurrent.ForkJoinWorkerThread.run(ForkJoinWorkerThread.java:165)
[21:13:08] [coreswap-stallwatch/INFO] (Minecraft) [STDOUT]: [STALLWATCH] "Worker-Main-22" id=85 state=WAITING daemon=true
[21:13:08] [coreswap-stallwatch/INFO] (Minecraft) [STDOUT]: [STALLWATCH]     at java.base@17.0.12/jdk.internal.misc.Unsafe.park(Native Method)
[21:13:08] [coreswap-stallwatch/INFO] (Minecraft) [STDOUT]: [STALLWATCH]     at java.base@17.0.12/java.util.concurrent.locks.LockSupport.park(LockSupport.java:341)
[21:13:08] [coreswap-stallwatch/INFO] (Minecraft) [STDOUT]: [STALLWATCH]     at java.base@17.0.12/java.util.concurrent.ForkJoinPool.awaitWork(ForkJoinPool.java:1724)
[21:13:08] [coreswap-stallwatch/INFO] (Minecraft) [STDOUT]: [STALLWATCH]     at java.base@17.0.12/java.util.concurrent.ForkJoinPool.runWorker(ForkJoinPool.java:1623)
[21:13:08] [coreswap-stallwatch/INFO] (Minecraft) [STDOUT]: [STALLWATCH]     at java.base@17.0.12/java.util.concurrent.ForkJoinWorkerThread.run(ForkJoinWorkerThread.java:165)
[21:13:08] [coreswap-stallwatch/INFO] (Minecraft) [STDOUT]: [STALLWATCH] "Worker-Main-11" id=74 state=WAITING daemon=true
[21:13:08] [coreswap-stallwatch/INFO] (Minecraft) [STDOUT]: [STALLWATCH]     at java.base@17.0.12/jdk.internal.misc.Unsafe.park(Native Method)
[21:13:08] [coreswap-stallwatch/INFO] (Minecraft) [STDOUT]: [STALLWATCH]     at java.base@17.0.12/java.util.concurrent.locks.LockSupport.park(LockSupport.java:341)
[21:13:08] [coreswap-stallwatch/INFO] (Minecraft) [STDOUT]: [STALLWATCH]     at java.base@17.0.12/java.util.concurrent.ForkJoinPool.awaitWork(ForkJoinPool.java:1724)
[21:13:08] [coreswap-stallwatch/INFO] (Minecraft) [STDOUT]: [STALLWATCH]     at java.base@17.0.12/java.util.concurrent.ForkJoinPool.runWorker(ForkJoinPool.java:1623)
[21:13:08] [coreswap-stallwatch/INFO] (Minecraft) [STDOUT]: [STALLWATCH]     at java.base@17.0.12/java.util.concurrent.ForkJoinWorkerThread.run(ForkJoinWorkerThread.java:165)
[21:13:08] [coreswap-stallwatch/INFO] (Minecraft) [STDOUT]: [STALLWATCH] "Worker-Main-20" id=83 state=WAITING daemon=true
[21:13:08] [coreswap-stallwatch/INFO] (Minecraft) [STDOUT]: [STALLWATCH]     at java.base@17.0.12/jdk.internal.misc.Unsafe.park(Native Method)
[21:13:08] [coreswap-stallwatch/INFO] (Minecraft) [STDOUT]: [STALLWATCH]     at java.base@17.0.12/java.util.concurrent.locks.LockSupport.park(LockSupport.java:341)
[21:13:08] [coreswap-stallwatch/INFO] (Minecraft) [STDOUT]: [STALLWATCH]     at java.base@17.0.12/java.util.concurrent.ForkJoinPool.awaitWork(ForkJoinPool.java:1724)
[21:13:08] [coreswap-stallwatch/INFO] (Minecraft) [STDOUT]: [STALLWATCH]     at java.base@17.0.12/java.util.concurrent.ForkJoinPool.runWorker(ForkJoinPool.java:1623)
[21:13:08] [coreswap-stallwatch/INFO] (Minecraft) [STDOUT]: [STALLWATCH]     at java.base@17.0.12/java.util.concurrent.ForkJoinWorkerThread.run(ForkJoinWorkerThread.java:165)
[21:13:08] [coreswap-stallwatch/INFO] (Minecraft) [STDOUT]: [STALLWATCH] "Finalizer" id=3 state=WAITING daemon=true
[21:13:08] [coreswap-stallwatch/INFO] (Minecraft) [STDOUT]: [STALLWATCH]     at java.base@17.0.12/java.lang.Object.wait(Native Method)
[21:13:08] [coreswap-stallwatch/INFO] (Minecraft) [STDOUT]: [STALLWATCH]     at java.base@17.0.12/java.lang.ref.ReferenceQueue.remove(ReferenceQueue.java:155)
[21:13:08] [coreswap-stallwatch/INFO] (Minecraft) [STDOUT]: [STALLWATCH]     at java.base@17.0.12/java.lang.ref.ReferenceQueue.remove(ReferenceQueue.java:176)
[21:13:08] [coreswap-stallwatch/INFO] (Minecraft) [STDOUT]: [STALLWATCH]     at java.base@17.0.12/java.lang.ref.Finalizer$FinalizerThread.run(Finalizer.java:172)
[21:13:08] [coreswap-stallwatch/INFO] (Minecraft) [STDOUT]: [STALLWATCH] "Reference Handler" id=2 state=RUNNABLE daemon=true
[21:13:08] [coreswap-stallwatch/INFO] (Minecraft) [STDOUT]: [STALLWATCH]     at java.base@17.0.12/java.lang.ref.Reference.waitForReferencePendingList(Native Method)
[21:13:08] [coreswap-stallwatch/INFO] (Minecraft) [STDOUT]: [STALLWATCH]     at java.base@17.0.12/java.lang.ref.Reference.processPendingReferences(Reference.java:253)
[21:13:08] [coreswap-stallwatch/INFO] (Minecraft) [STDOUT]: [STALLWATCH]     at java.base@17.0.12/java.lang.ref.Reference$ReferenceHandler.run(Reference.java:215)
[21:13:08] [coreswap-stallwatch/INFO] (Minecraft) [STDOUT]: [STALLWATCH] "Worker-Main-19" id=82 state=WAITING daemon=true
[21:13:08] [coreswap-stallwatch/INFO] (Minecraft) [STDOUT]: [STALLWATCH]     at java.base@17.0.12/jdk.internal.misc.Unsafe.park(Native Method)
[21:13:08] [coreswap-stallwatch/INFO] (Minecraft) [STDOUT]: [STALLWATCH]     at java.base@17.0.12/java.util.concurrent.locks.LockSupport.park(LockSupport.java:341)
[21:13:08] [coreswap-stallwatch/INFO] (Minecraft) [STDOUT]: [STALLWATCH]     at java.base@17.0.12/java.util.concurrent.ForkJoinPool.awaitWork(ForkJoinPool.java:1724)
[21:13:08] [coreswap-stallwatch/INFO] (Minecraft) [STDOUT]: [STALLWATCH]     at java.base@17.0.12/java.util.concurrent.ForkJoinPool.runWorker(ForkJoinPool.java:1623)
[21:13:08] [coreswap-stallwatch/INFO] (Minecraft) [STDOUT]: [STALLWATCH]     at java.base@17.0.12/java.util.concurrent.ForkJoinWorkerThread.run(ForkJoinWorkerThread.java:165)
[21:13:08] [coreswap-stallwatch/INFO] (Minecraft) [STDOUT]: [STALLWATCH] "Common-Cleaner" id=22 state=TIMED_WAITING daemon=true
[21:13:08] [coreswap-stallwatch/INFO] (Minecraft) [STDOUT]: [STALLWATCH]     at java.base@17.0.12/java.lang.Object.wait(Native Method)
[21:13:08] [coreswap-stallwatch/INFO] (Minecraft) [STDOUT]: [STALLWATCH]     at java.base@17.0.12/java.lang.ref.ReferenceQueue.remove(ReferenceQueue.java:155)
[21:13:08] [coreswap-stallwatch/INFO] (Minecraft) [STDOUT]: [STALLWATCH]     at java.base@17.0.12/jdk.internal.ref.CleanerImpl.run(CleanerImpl.java:140)
[21:13:08] [coreswap-stallwatch/INFO] (Minecraft) [STDOUT]: [STALLWATCH]     at java.base@17.0.12/java.lang.Thread.run(Thread.java:842)
[21:13:08] [coreswap-stallwatch/INFO] (Minecraft) [STDOUT]: [STALLWATCH]     at java.base@17.0.12/jdk.internal.misc.InnocuousThread.run(InnocuousThread.java:162)
[21:13:08] [coreswap-stallwatch/INFO] (Minecraft) [STDOUT]: [STALLWATCH] "IO-Worker-24" id=92 state=TIMED_WAITING daemon=false
[21:13:08] [coreswap-stallwatch/INFO] (Minecraft) [STDOUT]: [STALLWATCH]     at java.base@17.0.12/jdk.internal.misc.Unsafe.park(Native Method)
[21:13:08] [coreswap-stallwatch/INFO] (Minecraft) [STDOUT]: [STALLWATCH]     at java.base@17.0.12/java.util.concurrent.locks.LockSupport.parkNanos(LockSupport.java:252)
[21:13:08] [coreswap-stallwatch/INFO] (Minecraft) [STDOUT]: [STALLWATCH]     at java.base@17.0.12/java.util.concurrent.SynchronousQueue$TransferStack.transfer(SynchronousQueue.java:401)
[21:13:08] [coreswap-stallwatch/INFO] (Minecraft) [STDOUT]: [STALLWATCH]     at java.base@17.0.12/java.util.concurrent.SynchronousQueue.poll(SynchronousQueue.java:903)
[21:13:08] [coreswap-stallwatch/INFO] (Minecraft) [STDOUT]: [STALLWATCH]     at java.base@17.0.12/java.util.concurrent.ThreadPoolExecutor.getTask(ThreadPoolExecutor.java:1061)
[21:13:08] [coreswap-stallwatch/INFO] (Minecraft) [STDOUT]: [STALLWATCH]     at java.base@17.0.12/java.util.concurrent.ThreadPoolExecutor.runWorker(ThreadPoolExecutor.java:1122)
[21:13:08] [coreswap-stallwatch/INFO] (Minecraft) [STDOUT]: [STALLWATCH]     at java.base@17.0.12/java.util.concurrent.ThreadPoolExecutor$Worker.run(ThreadPoolExecutor.java:635)
[21:13:08] [coreswap-stallwatch/INFO] (Minecraft) [STDOUT]: [STALLWATCH]     at java.base@17.0.12/java.lang.Thread.run(Thread.java:842)
[21:13:08] [coreswap-stallwatch/INFO] (Minecraft) [STDOUT]: [STALLWATCH] "IO-Worker-27" id=95 state=TIMED_WAITING daemon=false
[21:13:08] [coreswap-stallwatch/INFO] (Minecraft) [STDOUT]: [STALLWATCH]     at java.base@17.0.12/jdk.internal.misc.Unsafe.park(Native Method)
[21:13:08] [coreswap-stallwatch/INFO] (Minecraft) [STDOUT]: [STALLWATCH]     at java.base@17.0.12/java.util.concurrent.locks.LockSupport.parkNanos(LockSupport.java:252)
[21:13:08] [coreswap-stallwatch/INFO] (Minecraft) [STDOUT]: [STALLWATCH]     at java.base@17.0.12/java.util.concurrent.SynchronousQueue$TransferStack.transfer(SynchronousQueue.java:401)
[21:13:08] [coreswap-stallwatch/INFO] (Minecraft) [STDOUT]: [STALLWATCH]     at java.base@17.0.12/java.util.concurrent.SynchronousQueue.poll(SynchronousQueue.java:903)
[21:13:08] [coreswap-stallwatch/INFO] (Minecraft) [STDOUT]: [STALLWATCH]     at java.base@17.0.12/java.util.concurrent.ThreadPoolExecutor.getTask(ThreadPoolExecutor.java:1061)
[21:13:08] [coreswap-stallwatch/INFO] (Minecraft) [STDOUT]: [STALLWATCH]     at java.base@17.0.12/java.util.concurrent.ThreadPoolExecutor.runWorker(ThreadPoolExecutor.java:1122)
[21:13:08] [coreswap-stallwatch/INFO] (Minecraft) [STDOUT]: [STALLWATCH]     at java.base@17.0.12/java.util.concurrent.ThreadPoolExecutor$Worker.run(ThreadPoolExecutor.java:635)
[21:13:08] [coreswap-stallwatch/INFO] (Minecraft) [STDOUT]: [STALLWATCH]     at java.base@17.0.12/java.lang.Thread.run(Thread.java:842)
[21:13:08] [coreswap-stallwatch/INFO] (Minecraft) [STDOUT]: [STALLWATCH] "Worker-Main-13" id=76 state=WAITING daemon=true
[21:13:08] [coreswap-stallwatch/INFO] (Minecraft) [STDOUT]: [STALLWATCH]     at java.base@17.0.12/jdk.internal.misc.Unsafe.park(Native Method)
[21:13:08] [coreswap-stallwatch/INFO] (Minecraft) [STDOUT]: [STALLWATCH]     at java.base@17.0.12/java.util.concurrent.locks.LockSupport.park(LockSupport.java:341)
[21:13:08] [coreswap-stallwatch/INFO] (Minecraft) [STDOUT]: [STALLWATCH]     at java.base@17.0.12/java.util.concurrent.ForkJoinPool.awaitWork(ForkJoinPool.java:1724)
[21:13:08] [coreswap-stallwatch/INFO] (Minecraft) [STDOUT]: [STALLWATCH]     at java.base@17.0.12/java.util.concurrent.ForkJoinPool.runWorker(ForkJoinPool.java:1623)
[21:13:08] [coreswap-stallwatch/INFO] (Minecraft) [STDOUT]: [STALLWATCH]     at java.base@17.0.12/java.util.concurrent.ForkJoinWorkerThread.run(ForkJoinWorkerThread.java:165)
[21:13:08] [coreswap-stallwatch/INFO] (Minecraft) [STDOUT]: [STALLWATCH] "Chunky-minecraft:overworld Thread" id=101 state=WAITING daemon=true
[21:13:08] [coreswap-stallwatch/INFO] (Minecraft) [STDOUT]: [STALLWATCH]     at java.base@17.0.12/jdk.internal.misc.Unsafe.park(Native Method)
[21:13:08] [coreswap-stallwatch/INFO] (Minecraft) [STDOUT]: [STALLWATCH]     at java.base@17.0.12/java.util.concurrent.locks.LockSupport.park(LockSupport.java:211)
[21:13:08] [coreswap-stallwatch/INFO] (Minecraft) [STDOUT]: [STALLWATCH]     at java.base@17.0.12/java.util.concurrent.locks.AbstractQueuedSynchronizer.acquire(AbstractQueuedSynchronizer.java:715)
[21:13:08] [coreswap-stallwatch/INFO] (Minecraft) [STDOUT]: [STALLWATCH]     at java.base@17.0.12/java.util.concurrent.locks.AbstractQueuedSynchronizer.acquireSharedInterruptibly(AbstractQueuedSynchronizer.java:1047)
[21:13:08] [coreswap-stallwatch/INFO] (Minecraft) [STDOUT]: [STALLWATCH]     at java.base@17.0.12/java.util.concurrent.Semaphore.acquire(Semaphore.java:318)
[21:13:08] [coreswap-stallwatch/INFO] (Minecraft) [STDOUT]: [STALLWATCH]     at org.popcraft.chunky.GenerationTask.run(GenerationTask.java:140)
[21:13:08] [coreswap-stallwatch/INFO] (Minecraft) [STDOUT]: [STALLWATCH]     at java.base@17.0.12/java.util.concurrent.Executors$RunnableAdapter.call(Executors.java:539)
[21:13:08] [coreswap-stallwatch/INFO] (Minecraft) [STDOUT]: [STALLWATCH]     at java.base@17.0.12/java.util.concurrent.FutureTask.run(FutureTask.java:264)
[21:13:08] [coreswap-stallwatch/INFO] (Minecraft) [STDOUT]: [STALLWATCH]     at java.base@17.0.12/java.util.concurrent.ThreadPoolExecutor.runWorker(ThreadPoolExecutor.java:1136)
[21:13:08] [coreswap-stallwatch/INFO] (Minecraft) [STDOUT]: [STALLWATCH]     at java.base@17.0.12/java.util.concurrent.ThreadPoolExecutor$Worker.run(ThreadPoolExecutor.java:635)
[21:13:08] [coreswap-stallwatch/INFO] (Minecraft) [STDOUT]: [STALLWATCH]     at java.base@17.0.12/java.lang.Thread.run(Thread.java:842)
[21:13:08] [coreswap-stallwatch/INFO] (Minecraft) [STDOUT]: [STALLWATCH] "Worker-Main-12" id=75 state=WAITING daemon=true
[21:13:08] [coreswap-stallwatch/INFO] (Minecraft) [STDOUT]: [STALLWATCH]     at java.base@17.0.12/jdk.internal.misc.Unsafe.park(Native Method)
[21:13:08] [coreswap-stallwatch/INFO] (Minecraft) [STDOUT]: [STALLWATCH]     at java.base@17.0.12/java.util.concurrent.locks.LockSupport.park(LockSupport.java:341)
[21:13:08] [coreswap-stallwatch/INFO] (Minecraft) [STDOUT]: [STALLWATCH]     at java.base@17.0.12/java.util.concurrent.ForkJoinPool.awaitWork(ForkJoinPool.java:1724)
[21:13:08] [coreswap-stallwatch/INFO] (Minecraft) [STDOUT]: [STALLWATCH]     at java.base@17.0.12/java.util.concurrent.ForkJoinPool.runWorker(ForkJoinPool.java:1623)
[21:13:08] [coreswap-stallwatch/INFO] (Minecraft) [STDOUT]: [STALLWATCH]     at java.base@17.0.12/java.util.concurrent.ForkJoinWorkerThread.run(ForkJoinWorkerThread.java:165)
[21:13:08] [coreswap-stallwatch/INFO] (Minecraft) [STDOUT]: [STALLWATCH] "Worker-Main-4" id=67 state=WAITING daemon=true
[21:13:08] [coreswap-stallwatch/INFO] (Minecraft) [STDOUT]: [STALLWATCH]     at java.base@17.0.12/jdk.internal.misc.Unsafe.park(Native Method)
[21:13:08] [coreswap-stallwatch/INFO] (Minecraft) [STDOUT]: [STALLWATCH]     at java.base@17.0.12/java.util.concurrent.locks.LockSupport.park(LockSupport.java:341)
[21:13:08] [coreswap-stallwatch/INFO] (Minecraft) [STDOUT]: [STALLWATCH]     at java.base@17.0.12/java.util.concurrent.ForkJoinPool.awaitWork(ForkJoinPool.java:1724)
[21:13:08] [coreswap-stallwatch/INFO] (Minecraft) [STDOUT]: [STALLWATCH]     at java.base@17.0.12/java.util.concurrent.ForkJoinPool.runWorker(ForkJoinPool.java:1623)
[21:13:08] [coreswap-stallwatch/INFO] (Minecraft) [STDOUT]: [STALLWATCH]     at java.base@17.0.12/java.util.concurrent.ForkJoinWorkerThread.run(ForkJoinWorkerThread.java:165)
[21:13:08] [coreswap-stallwatch/INFO] (Minecraft) [STDOUT]: [STALLWATCH] "Thread-7" id=100 state=TIMED_WAITING daemon=true
[21:13:08] [coreswap-stallwatch/INFO] (Minecraft) [STDOUT]: [STALLWATCH]     at java.base@17.0.12/jdk.internal.misc.Unsafe.park(Native Method)
[21:13:08] [coreswap-stallwatch/INFO] (Minecraft) [STDOUT]: [STALLWATCH]     at java.base@17.0.12/java.util.concurrent.locks.LockSupport.parkNanos(LockSupport.java:252)
[21:13:08] [coreswap-stallwatch/INFO] (Minecraft) [STDOUT]: [STALLWATCH]     at java.base@17.0.12/java.util.concurrent.SynchronousQueue$TransferStack.transfer(SynchronousQueue.java:401)
[21:13:08] [coreswap-stallwatch/INFO] (Minecraft) [STDOUT]: [STALLWATCH]     at java.base@17.0.12/java.util.concurrent.SynchronousQueue.poll(SynchronousQueue.java:903)
[21:13:08] [coreswap-stallwatch/INFO] (Minecraft) [STDOUT]: [STALLWATCH]     at java.base@17.0.12/java.util.concurrent.ThreadPoolExecutor.getTask(ThreadPoolExecutor.java:1061)
[21:13:08] [coreswap-stallwatch/INFO] (Minecraft) [STDOUT]: [STALLWATCH]     at java.base@17.0.12/java.util.concurrent.ThreadPoolExecutor.runWorker(ThreadPoolExecutor.java:1122)
[21:13:08] [coreswap-stallwatch/INFO] (Minecraft) [STDOUT]: [STALLWATCH]     at java.base@17.0.12/java.util.concurrent.ThreadPoolExecutor$Worker.run(ThreadPoolExecutor.java:635)
[21:13:08] [coreswap-stallwatch/INFO] (Minecraft) [STDOUT]: [STALLWATCH]     at java.base@17.0.12/java.lang.Thread.run(Thread.java:842)
[21:13:08] [coreswap-stallwatch/INFO] (Minecraft) [STDOUT]: [STALLWATCH] "Netty Server IO #0" id=91 state=RUNNABLE daemon=true
[21:13:08] [coreswap-stallwatch/INFO] (Minecraft) [STDOUT]: [STALLWATCH]     at java.base@17.0.12/sun.nio.ch.WEPoll.wait(Native Method)
[21:13:08] [coreswap-stallwatch/INFO] (Minecraft) [STDOUT]: [STALLWATCH]     at java.base@17.0.12/sun.nio.ch.WEPollSelectorImpl.doSelect(WEPollSelectorImpl.java:111)
[21:13:08] [coreswap-stallwatch/INFO] (Minecraft) [STDOUT]: [STALLWATCH]     at java.base@17.0.12/sun.nio.ch.SelectorImpl.lockAndDoSelect(SelectorImpl.java:129)
[21:13:08] [coreswap-stallwatch/INFO] (Minecraft) [STDOUT]: [STALLWATCH]     at java.base@17.0.12/sun.nio.ch.SelectorImpl.select(SelectorImpl.java:146)
[21:13:08] [coreswap-stallwatch/INFO] (Minecraft) [STDOUT]: [STALLWATCH]     at io.netty.channel.nio.SelectedSelectionKeySetSelector.select(SelectedSelectionKeySetSelector.java:68)
[21:13:08] [coreswap-stallwatch/INFO] (Minecraft) [STDOUT]: [STALLWATCH]     at io.netty.channel.nio.NioEventLoop.select(NioEventLoop.java:879)
[21:13:08] [coreswap-stallwatch/INFO] (Minecraft) [STDOUT]: [STALLWATCH]     at io.netty.channel.nio.NioEventLoop.run(NioEventLoop.java:526)
[21:13:08] [coreswap-stallwatch/INFO] (Minecraft) [STDOUT]: [STALLWATCH]     at io.netty.util.concurrent.SingleThreadEventExecutor$4.run(SingleThreadEventExecutor.java:997)
[21:13:08] [coreswap-stallwatch/INFO] (Minecraft) [STDOUT]: [STALLWATCH]     at io.netty.util.internal.ThreadExecutorMap$2.run(ThreadExecutorMap.java:74)
[21:13:08] [coreswap-stallwatch/INFO] (Minecraft) [STDOUT]: [STALLWATCH]     at java.base@17.0.12/java.lang.Thread.run(Thread.java:842)
[21:13:08] [coreswap-stallwatch/INFO] (Minecraft) [STDOUT]: [STALLWATCH] "Thread-6" id=99 state=TIMED_WAITING daemon=true
[21:13:08] [coreswap-stallwatch/INFO] (Minecraft) [STDOUT]: [STALLWATCH]     at java.base@17.0.12/jdk.internal.misc.Unsafe.park(Native Method)
[21:13:08] [coreswap-stallwatch/INFO] (Minecraft) [STDOUT]: [STALLWATCH]     at java.base@17.0.12/java.util.concurrent.locks.LockSupport.parkNanos(LockSupport.java:252)
[21:13:08] [coreswap-stallwatch/INFO] (Minecraft) [STDOUT]: [STALLWATCH]     at java.base@17.0.12/java.util.concurrent.SynchronousQueue$TransferStack.transfer(SynchronousQueue.java:401)
[21:13:08] [coreswap-stallwatch/INFO] (Minecraft) [STDOUT]: [STALLWATCH]     at java.base@17.0.12/java.util.concurrent.SynchronousQueue.poll(SynchronousQueue.java:903)
[21:13:08] [coreswap-stallwatch/INFO] (Minecraft) [STDOUT]: [STALLWATCH]     at java.base@17.0.12/java.util.concurrent.ThreadPoolExecutor.getTask(ThreadPoolExecutor.java:1061)
[21:13:08] [coreswap-stallwatch/INFO] (Minecraft) [STDOUT]: [STALLWATCH]     at java.base@17.0.12/java.util.concurrent.ThreadPoolExecutor.runWorker(ThreadPoolExecutor.java:1122)
[21:13:08] [coreswap-stallwatch/INFO] (Minecraft) [STDOUT]: [STALLWATCH]     at java.base@17.0.12/java.util.concurrent.ThreadPoolExecutor$Worker.run(ThreadPoolExecutor.java:635)
[21:13:08] [coreswap-stallwatch/INFO] (Minecraft) [STDOUT]: [STALLWATCH]     at java.base@17.0.12/java.lang.Thread.run(Thread.java:842)
[21:13:08] [coreswap-stallwatch/INFO] (Minecraft) [STDOUT]: [STALLWATCH] "Worker-Main-6" id=69 state=WAITING daemon=true
[21:13:08] [coreswap-stallwatch/INFO] (Minecraft) [STDOUT]: [STALLWATCH]     at java.base@17.0.12/jdk.internal.misc.Unsafe.park(Native Method)
[21:13:08] [coreswap-stallwatch/INFO] (Minecraft) [STDOUT]: [STALLWATCH]     at java.base@17.0.12/java.util.concurrent.locks.LockSupport.park(LockSupport.java:341)
[21:13:08] [coreswap-stallwatch/INFO] (Minecraft) [STDOUT]: [STALLWATCH]     at java.base@17.0.12/java.util.concurrent.ForkJoinPool.awaitWork(ForkJoinPool.java:1724)
[21:13:08] [coreswap-stallwatch/INFO] (Minecraft) [STDOUT]: [STALLWATCH]     at java.base@17.0.12/java.util.concurrent.ForkJoinPool.runWorker(ForkJoinPool.java:1623)
[21:13:08] [coreswap-stallwatch/INFO] (Minecraft) [STDOUT]: [STALLWATCH]     at java.base@17.0.12/java.util.concurrent.ForkJoinWorkerThread.run(ForkJoinWorkerThread.java:165)
[21:13:08] [coreswap-stallwatch/INFO] (Minecraft) [STDOUT]: [STALLWATCH] "RCON Listener #1" id=97 state=RUNNABLE daemon=false
[21:13:08] [coreswap-stallwatch/INFO] (Minecraft) [STDOUT]: [STALLWATCH]     at java.base@17.0.12/sun.nio.ch.Net.poll(Native Method)
[21:13:08] [coreswap-stallwatch/INFO] (Minecraft) [STDOUT]: [STALLWATCH]     at java.base@17.0.12/sun.nio.ch.NioSocketImpl.park(NioSocketImpl.java:186)
[21:13:08] [coreswap-stallwatch/INFO] (Minecraft) [STDOUT]: [STALLWATCH]     at java.base@17.0.12/sun.nio.ch.NioSocketImpl.timedAccept(NioSocketImpl.java:715)
[21:13:08] [coreswap-stallwatch/INFO] (Minecraft) [STDOUT]: [STALLWATCH]     at java.base@17.0.12/sun.nio.ch.NioSocketImpl.accept(NioSocketImpl.java:757)
[21:13:08] [coreswap-stallwatch/INFO] (Minecraft) [STDOUT]: [STALLWATCH]     at java.base@17.0.12/java.net.ServerSocket.implAccept(ServerSocket.java:675)
[21:13:08] [coreswap-stallwatch/INFO] (Minecraft) [STDOUT]: [STALLWATCH]     at java.base@17.0.12/java.net.ServerSocket.platformImplAccept(ServerSocket.java:641)
[21:13:08] [coreswap-stallwatch/INFO] (Minecraft) [STDOUT]: [STALLWATCH]     at java.base@17.0.12/java.net.ServerSocket.implAccept(ServerSocket.java:617)
[21:13:08] [coreswap-stallwatch/INFO] (Minecraft) [STDOUT]: [STALLWATCH]     at java.base@17.0.12/java.net.ServerSocket.implAccept(ServerSocket.java:574)
[21:13:08] [coreswap-stallwatch/INFO] (Minecraft) [STDOUT]: [STALLWATCH]     at java.base@17.0.12/java.net.ServerSocket.accept(ServerSocket.java:532)
[21:13:08] [coreswap-stallwatch/INFO] (Minecraft) [STDOUT]: [STALLWATCH]     at net.minecraft.server.rcon.RconListener.run(RconListener.java:38)
[21:13:08] [coreswap-stallwatch/INFO] (Minecraft) [STDOUT]: [STALLWATCH]     at java.base@17.0.12/java.lang.Thread.run(Thread.java:842)
[21:13:08] [coreswap-stallwatch/INFO] (Minecraft) [STDOUT]: [STALLWATCH] "Worker-Main-7" id=70 state=WAITING daemon=true
[21:13:08] [coreswap-stallwatch/INFO] (Minecraft) [STDOUT]: [STALLWATCH]     at java.base@17.0.12/jdk.internal.misc.Unsafe.park(Native Method)
[21:13:08] [coreswap-stallwatch/INFO] (Minecraft) [STDOUT]: [STALLWATCH]     at java.base@17.0.12/java.util.concurrent.locks.LockSupport.park(LockSupport.java:341)
[21:13:08] [coreswap-stallwatch/INFO] (Minecraft) [STDOUT]: [STALLWATCH]     at java.base@17.0.12/java.util.concurrent.ForkJoinPool.awaitWork(ForkJoinPool.java:1724)
[21:13:08] [coreswap-stallwatch/INFO] (Minecraft) [STDOUT]: [STALLWATCH]     at java.base@17.0.12/java.util.concurrent.ForkJoinPool.runWorker(ForkJoinPool.java:1623)
[21:13:08] [coreswap-stallwatch/INFO] (Minecraft) [STDOUT]: [STALLWATCH]     at java.base@17.0.12/java.util.concurrent.ForkJoinWorkerThread.run(ForkJoinWorkerThread.java:165)
[21:13:08] [coreswap-stallwatch/INFO] (Minecraft) [STDOUT]: [STALLWATCH] "Worker-Main-1" id=64 state=WAITING daemon=true
[21:13:08] [coreswap-stallwatch/INFO] (Minecraft) [STDOUT]: [STALLWATCH]     at java.base@17.0.12/jdk.internal.misc.Unsafe.park(Native Method)
[21:13:08] [coreswap-stallwatch/INFO] (Minecraft) [STDOUT]: [STALLWATCH]     at java.base@17.0.12/java.util.concurrent.locks.LockSupport.park(LockSupport.java:341)
[21:13:08] [coreswap-stallwatch/INFO] (Minecraft) [STDOUT]: [STALLWATCH]     at java.base@17.0.12/java.util.concurrent.ForkJoinPool.awaitWork(ForkJoinPool.java:1724)
[21:13:08] [coreswap-stallwatch/INFO] (Minecraft) [STDOUT]: [STALLWATCH]     at java.base@17.0.12/java.util.concurrent.ForkJoinPool.runWorker(ForkJoinPool.java:1623)
[21:13:08] [coreswap-stallwatch/INFO] (Minecraft) [STDOUT]: [STALLWATCH]     at java.base@17.0.12/java.util.concurrent.ForkJoinWorkerThread.run(ForkJoinWorkerThread.java:165)
[21:13:08] [coreswap-stallwatch/INFO] (Minecraft) [STDOUT]: [STALLWATCH] "Worker-Main-14" id=77 state=WAITING daemon=true
[21:13:08] [coreswap-stallwatch/INFO] (Minecraft) [STDOUT]: [STALLWATCH]     at java.base@17.0.12/jdk.internal.misc.Unsafe.park(Native Method)
[21:13:08] [coreswap-stallwatch/INFO] (Minecraft) [STDOUT]: [STALLWATCH]     at java.base@17.0.12/java.util.concurrent.locks.LockSupport.park(LockSupport.java:341)
[21:13:08] [coreswap-stallwatch/INFO] (Minecraft) [STDOUT]: [STALLWATCH]     at java.base@17.0.12/java.util.concurrent.ForkJoinPool.awaitWork(ForkJoinPool.java:1724)
[21:13:08] [coreswap-stallwatch/INFO] (Minecraft) [STDOUT]: [STALLWATCH]     at java.base@17.0.12/java.util.concurrent.ForkJoinPool.runWorker(ForkJoinPool.java:1623)
[21:13:08] [coreswap-stallwatch/INFO] (Minecraft) [STDOUT]: [STALLWATCH]     at java.base@17.0.12/java.util.concurrent.ForkJoinWorkerThread.run(ForkJoinWorkerThread.java:165)
[21:13:08] [coreswap-stallwatch/INFO] (Minecraft) [STDOUT]: [STALLWATCH] "Yggdrasil Key Fetcher" id=61 state=TIMED_WAITING daemon=true
[21:13:08] [coreswap-stallwatch/INFO] (Minecraft) [STDOUT]: [STALLWATCH]     at java.base@17.0.12/jdk.internal.misc.Unsafe.park(Native Method)
[21:13:08] [coreswap-stallwatch/INFO] (Minecraft) [STDOUT]: [STALLWATCH]     at java.base@17.0.12/java.util.concurrent.locks.LockSupport.parkNanos(LockSupport.java:252)
[21:13:08] [coreswap-stallwatch/INFO] (Minecraft) [STDOUT]: [STALLWATCH]     at java.base@17.0.12/java.util.concurrent.locks.AbstractQueuedSynchronizer$ConditionObject.awaitNanos(AbstractQueuedSynchronizer.java:1672)
[21:13:08] [coreswap-stallwatch/INFO] (Minecraft) [STDOUT]: [STALLWATCH]     at java.base@17.0.12/java.util.concurrent.ScheduledThreadPoolExecutor$DelayedWorkQueue.take(ScheduledThreadPoolExecutor.java:1182)
[21:13:08] [coreswap-stallwatch/INFO] (Minecraft) [STDOUT]: [STALLWATCH]     at java.base@17.0.12/java.util.concurrent.ScheduledThreadPoolExecutor$DelayedWorkQueue.take(ScheduledThreadPoolExecutor.java:899)
[21:13:08] [coreswap-stallwatch/INFO] (Minecraft) [STDOUT]: [STALLWATCH]     at java.base@17.0.12/java.util.concurrent.ThreadPoolExecutor.getTask(ThreadPoolExecutor.java:1062)
[21:13:08] [coreswap-stallwatch/INFO] (Minecraft) [STDOUT]: [STALLWATCH]     at java.base@17.0.12/java.util.concurrent.ThreadPoolExecutor.runWorker(ThreadPoolExecutor.java:1122)
[21:13:08] [coreswap-stallwatch/INFO] (Minecraft) [STDOUT]: [STALLWATCH]     at java.base@17.0.12/java.util.concurrent.ThreadPoolExecutor$Worker.run(ThreadPoolExecutor.java:635)
[21:13:08] [coreswap-stallwatch/INFO] (Minecraft) [STDOUT]: [STALLWATCH]     at java.base@17.0.12/java.lang.Thread.run(Thread.java:842)
[21:13:08] [coreswap-stallwatch/INFO] (Minecraft) [STDOUT]: [STALLWATCH] "Server thread" id=87 state=TIMED_WAITING daemon=false
[21:13:08] [coreswap-stallwatch/INFO] (Minecraft) [STDOUT]: [STALLWATCH]     at java.base@17.0.12/jdk.internal.misc.Unsafe.park(Native Method)
[21:13:08] [coreswap-stallwatch/INFO] (Minecraft) [STDOUT]: [STALLWATCH]     at java.base@17.0.12/java.util.concurrent.locks.LockSupport.parkNanos(LockSupport.java:252)
[21:13:08] [coreswap-stallwatch/INFO] (Minecraft) [STDOUT]: [STALLWATCH]     at net.minecraft.util.thread.ThreadExecutor.waitForTasks(ThreadExecutor.java:133)
[21:13:08] [coreswap-stallwatch/INFO] (Minecraft) [STDOUT]: [STALLWATCH]     at net.minecraft.util.thread.ThreadExecutor.runTasks(ThreadExecutor.java:123)
[21:13:08] [coreswap-stallwatch/INFO] (Minecraft) [STDOUT]: [STALLWATCH]     at net.minecraft.server.MinecraftServer.runTasksTillTickEnd(MinecraftServer.java:788)
[21:13:08] [coreswap-stallwatch/INFO] (Minecraft) [STDOUT]: [STALLWATCH]     at net.minecraft.server.MinecraftServer.runServer(MinecraftServer.java:726)
[21:13:08] [coreswap-stallwatch/INFO] (Minecraft) [STDOUT]: [STALLWATCH]     at net.minecraft.server.MinecraftServer.method_29739(MinecraftServer.java:267)
[21:13:08] [coreswap-stallwatch/INFO] (Minecraft) [STDOUT]: [STALLWATCH]     at net.minecraft.server.MinecraftServer$$Lambda$5063/0x00000255b5ad0f88.run(Unknown Source)
[21:13:08] [coreswap-stallwatch/INFO] (Minecraft) [STDOUT]: [STALLWATCH]     at java.base@17.0.12/java.lang.Thread.run(Thread.java:842)
[21:13:08] [coreswap-stallwatch/INFO] (Minecraft) [STDOUT]: [STALLWATCH] "IO-Worker-26" id=94 state=TIMED_WAITING daemon=false
[21:13:08] [coreswap-stallwatch/INFO] (Minecraft) [STDOUT]: [STALLWATCH]     at java.base@17.0.12/jdk.internal.misc.Unsafe.park(Native Method)
[21:13:08] [coreswap-stallwatch/INFO] (Minecraft) [STDOUT]: [STALLWATCH]     at java.base@17.0.12/java.util.concurrent.locks.LockSupport.parkNanos(LockSupport.java:252)
[21:13:08] [coreswap-stallwatch/INFO] (Minecraft) [STDOUT]: [STALLWATCH]     at java.base@17.0.12/java.util.concurrent.SynchronousQueue$TransferStack.transfer(SynchronousQueue.java:401)
[21:13:08] [coreswap-stallwatch/INFO] (Minecraft) [STDOUT]: [STALLWATCH]     at java.base@17.0.12/java.util.concurrent.SynchronousQueue.poll(SynchronousQueue.java:903)
[21:13:08] [coreswap-stallwatch/INFO] (Minecraft) [STDOUT]: [STALLWATCH]     at java.base@17.0.12/java.util.concurrent.ThreadPoolExecutor.getTask(ThreadPoolExecutor.java:1061)
[21:13:08] [coreswap-stallwatch/INFO] (Minecraft) [STDOUT]: [STALLWATCH]     at java.base@17.0.12/java.util.concurrent.ThreadPoolExecutor.runWorker(ThreadPoolExecutor.java:1122)
[21:13:08] [coreswap-stallwatch/INFO] (Minecraft) [STDOUT]: [STALLWATCH]     at java.base@17.0.12/java.util.concurrent.ThreadPoolExecutor$Worker.run(ThreadPoolExecutor.java:635)
[21:13:08] [coreswap-stallwatch/INFO] (Minecraft) [STDOUT]: [STALLWATCH]     at java.base@17.0.12/java.lang.Thread.run(Thread.java:842)
[21:13:08] [coreswap-stallwatch/INFO] (Minecraft) [STDOUT]: [STALLWATCH] "JNA Cleaner" id=59 state=WAITING daemon=true
[21:13:08] [coreswap-stallwatch/INFO] (Minecraft) [STDOUT]: [STALLWATCH]     at java.base@17.0.12/java.lang.Object.wait(Native Method)
[21:13:08] [coreswap-stallwatch/INFO] (Minecraft) [STDOUT]: [STALLWATCH]     at java.base@17.0.12/java.lang.ref.ReferenceQueue.remove(ReferenceQueue.java:155)
[21:13:08] [coreswap-stallwatch/INFO] (Minecraft) [STDOUT]: [STALLWATCH]     at java.base@17.0.12/java.lang.ref.ReferenceQueue.remove(ReferenceQueue.java:176)
[21:13:08] [coreswap-stallwatch/INFO] (Minecraft) [STDOUT]: [STALLWATCH]     at com.sun.jna.internal.Cleaner$1.run(Cleaner.java:58)
[21:13:08] [coreswap-stallwatch/INFO] (Minecraft) [STDOUT]: [STALLWATCH] "Worker-Main-21" id=84 state=WAITING daemon=true
[21:13:08] [coreswap-stallwatch/INFO] (Minecraft) [STDOUT]: [STALLWATCH]     at java.base@17.0.12/jdk.internal.misc.Unsafe.park(Native Method)
[21:13:08] [coreswap-stallwatch/INFO] (Minecraft) [STDOUT]: [STALLWATCH]     at java.base@17.0.12/java.util.concurrent.locks.LockSupport.park(LockSupport.java:341)
[21:13:08] [coreswap-stallwatch/INFO] (Minecraft) [STDOUT]: [STALLWATCH]     at java.base@17.0.12/java.util.concurrent.ForkJoinPool.awaitWork(ForkJoinPool.java:1724)
[21:13:08] [coreswap-stallwatch/INFO] (Minecraft) [STDOUT]: [STALLWATCH]     at java.base@17.0.12/java.util.concurrent.ForkJoinPool.runWorker(ForkJoinPool.java:1623)
[21:13:08] [coreswap-stallwatch/INFO] (Minecraft) [STDOUT]: [STALLWATCH]     at java.base@17.0.12/java.util.concurrent.ForkJoinWorkerThread.run(ForkJoinWorkerThread.java:165)
[21:13:08] [coreswap-stallwatch/INFO] (Minecraft) [STDOUT]: [STALLWATCH] "Notification Thread" id=21 state=RUNNABLE daemon=true
[21:13:08] [coreswap-stallwatch/INFO] (Minecraft) [STDOUT]: [STALLWATCH] "DestroyJavaVM" id=89 state=RUNNABLE daemon=false
[21:13:08] [coreswap-stallwatch/INFO] (Minecraft) [STDOUT]: [STALLWATCH] "Attach Listener" id=5 state=RUNNABLE daemon=true
[21:13:08] [coreswap-stallwatch/INFO] (Minecraft) [STDOUT]: [STALLWATCH] "Signal Dispatcher" id=4 state=RUNNABLE daemon=true
[21:13:08] [coreswap-stallwatch/INFO] (Minecraft) [STDOUT]: [STALLWATCH] "Worker-Main-18" id=81 state=WAITING daemon=true
[21:13:08] [coreswap-stallwatch/INFO] (Minecraft) [STDOUT]: [STALLWATCH]     at java.base@17.0.12/jdk.internal.misc.Unsafe.park(Native Method)
[21:13:08] [coreswap-stallwatch/INFO] (Minecraft) [STDOUT]: [STALLWATCH]     at java.base@17.0.12/java.util.concurrent.locks.LockSupport.park(LockSupport.java:341)
[21:13:08] [coreswap-stallwatch/INFO] (Minecraft) [STDOUT]: [STALLWATCH]     at java.base@17.0.12/java.util.concurrent.ForkJoinPool.awaitWork(ForkJoinPool.java:1724)
[21:13:08] [coreswap-stallwatch/INFO] (Minecraft) [STDOUT]: [STALLWATCH]     at java.base@17.0.12/java.util.concurrent.ForkJoinPool.runWorker(ForkJoinPool.java:1623)
[21:13:08] [coreswap-stallwatch/INFO] (Minecraft) [STDOUT]: [STALLWATCH]     at java.base@17.0.12/java.util.concurrent.ForkJoinWorkerThread.run(ForkJoinWorkerThread.java:165)
[21:13:08] [coreswap-stallwatch/INFO] (Minecraft) [STDOUT]: [STALLWATCH] "Worker-Main-5" id=68 state=RUNNABLE daemon=true
[21:13:08] [coreswap-stallwatch/INFO] (Minecraft) [STDOUT]: [STALLWATCH]     at wg.CppWorldgen.fillBlocks(Native Method)
[21:13:08] [coreswap-stallwatch/INFO] (Minecraft) [STDOUT]: [STALLWATCH]     at wg.bench.CppBridge.fillChunk(CppBridge.java:377)
[21:13:08] [coreswap-stallwatch/INFO] (Minecraft) [STDOUT]: [STALLWATCH]     at net.minecraft.world.gen.chunk.NoiseChunkGenerator.md6b07e4$coreswap$lambda$wgPopulateNoise$1$2(NoiseChunkGenerator.java:671)
[21:13:08] [coreswap-stallwatch/INFO] (Minecraft) [STDOUT]: [STALLWATCH]     at net.minecraft.world.gen.chunk.NoiseChunkGenerator$$Lambda$5996/0x00000255b5c79370.get(Unknown Source)
[21:13:08] [coreswap-stallwatch/INFO] (Minecraft) [STDOUT]: [STALLWATCH]     at net.minecraft.world.gen.chunk.NoiseChunkGenerator.wgDispatch(NoiseChunkGenerator.java:610)
[21:13:08] [coreswap-stallwatch/INFO] (Minecraft) [STDOUT]: [STALLWATCH]     at net.minecraft.world.gen.chunk.NoiseChunkGenerator.handler$zfl000$coreswap$wgPopulateNoise(NoiseChunkGenerator.java:687)
[21:13:08] [coreswap-stallwatch/INFO] (Minecraft) [STDOUT]: [STALLWATCH]     at net.minecraft.world.gen.chunk.NoiseChunkGenerator.populateNoise(NoiseChunkGenerator.java)
[21:13:08] [coreswap-stallwatch/INFO] (Minecraft) [STDOUT]: [STALLWATCH]     at net.minecraft.world.chunk.ChunkStatus.method_38284(ChunkStatus.java:96)
[21:13:08] [coreswap-stallwatch/INFO] (Minecraft) [STDOUT]: [STALLWATCH]     at net.minecraft.world.chunk.ChunkStatus$$Lambda$1753/0x00000255b56ec670.doWork(Unknown Source)
[21:13:08] [coreswap-stallwatch/INFO] (Minecraft) [STDOUT]: [STALLWATCH]     at net.minecraft.world.chunk.ChunkStatus.runGenerationTask(ChunkStatus.java:357)
[21:13:08] [coreswap-stallwatch/INFO] (Minecraft) [STDOUT]: [STALLWATCH]     at net.minecraft.server.world.ThreadedAnvilChunkStorage.method_17225(ThreadedAnvilChunkStorage.java:656)
[21:13:08] [coreswap-stallwatch/INFO] (Minecraft) [STDOUT]: [STALLWATCH]     at net.minecraft.server.world.ThreadedAnvilChunkStorage$$Lambda$5299/0x00000255b5b9daa0.apply(Unknown Source)
[21:13:08] [coreswap-stallwatch/INFO] (Minecraft) [STDOUT]: [STALLWATCH]     at com.mojang.datafixers.util.Either$Left.map(Either.java:38)
[21:13:08] [coreswap-stallwatch/INFO] (Minecraft) [STDOUT]: [STALLWATCH]     at net.minecraft.server.world.ThreadedAnvilChunkStorage.method_17224(ThreadedAnvilChunkStorage.java:645)
[21:13:08] [coreswap-stallwatch/INFO] (Minecraft) [STDOUT]: [STALLWATCH]     at net.minecraft.server.world.ThreadedAnvilChunkStorage$$Lambda$5253/0x00000255b5b8b9c8.apply(Unknown Source)
[21:13:08] [coreswap-stallwatch/INFO] (Minecraft) [STDOUT]: [STALLWATCH]     at java.base@17.0.12/java.util.concurrent.CompletableFuture$UniCompose.tryFire(CompletableFuture.java:1150)
[21:13:08] [coreswap-stallwatch/INFO] (Minecraft) [STDOUT]: [STALLWATCH]     at java.base@17.0.12/java.util.concurrent.CompletableFuture$Completion.run(CompletableFuture.java:482)
[21:13:08] [coreswap-stallwatch/INFO] (Minecraft) [STDOUT]: [STALLWATCH]     at net.minecraft.server.world.ChunkTaskPrioritySystem.method_17634(ChunkTaskPrioritySystem.java:49)
[21:13:08] [coreswap-stallwatch/INFO] (Minecraft) [STDOUT]: [STALLWATCH]     at net.minecraft.server.world.ChunkTaskPrioritySystem$$Lambda$5297/0x00000255b5b9d650.run(Unknown Source)
[21:13:08] [coreswap-stallwatch/INFO] (Minecraft) [STDOUT]: [STALLWATCH]     at net.minecraft.util.thread.TaskExecutor.runNext(TaskExecutor.java:79)
[21:13:08] [coreswap-stallwatch/INFO] (Minecraft) [STDOUT]: [STALLWATCH]     at net.minecraft.util.thread.TaskExecutor.runWhile(TaskExecutor.java:129)
[21:13:08] [coreswap-stallwatch/INFO] (Minecraft) [STDOUT]: [STALLWATCH]     at net.minecraft.util.thread.TaskExecutor.run(TaskExecutor.java:87)
[21:13:08] [coreswap-stallwatch/INFO] (Minecraft) [STDOUT]: [STALLWATCH]     at java.base@17.0.12/java.util.concurrent.ForkJoinTask$RunnableExecuteAction.exec(ForkJoinTask.java:1395)
[21:13:08] [coreswap-stallwatch/INFO] (Minecraft) [STDOUT]: [STALLWATCH]     at java.base@17.0.12/java.util.concurrent.ForkJoinTask.doExec(ForkJoinTask.java:373)
[21:13:08] [coreswap-stallwatch/INFO] (Minecraft) [STDOUT]: [STALLWATCH]     at java.base@17.0.12/java.util.concurrent.ForkJoinPool$WorkQueue.topLevelExec(ForkJoinPool.java:1182)
[21:13:08] [coreswap-stallwatch/INFO] (Minecraft) [STDOUT]: [STALLWATCH]     at java.base@17.0.12/java.util.concurrent.ForkJoinPool.scan(ForkJoinPool.java:1655)
[21:13:08] [coreswap-stallwatch/INFO] (Minecraft) [STDOUT]: [STALLWATCH]     at java.base@17.0.12/java.util.concurrent.ForkJoinPool.runWorker(ForkJoinPool.java:1622)
[21:13:08] [coreswap-stallwatch/INFO] (Minecraft) [STDOUT]: [STALLWATCH]     at java.base@17.0.12/java.util.concurrent.ForkJoinWorkerThread.run(ForkJoinWorkerThread.java:165)
[21:13:08] [coreswap-stallwatch/INFO] (Minecraft) [STDOUT]: [STALLWATCH] "coreswap-stallwatch" id=98 state=RUNNABLE daemon=true
[21:13:08] [coreswap-stallwatch/INFO] (Minecraft) [STDOUT]: [STALLWATCH]     at java.base@17.0.12/java.lang.Thread.dumpThreads(Native Method)
[21:13:08] [coreswap-stallwatch/INFO] (Minecraft) [STDOUT]: [STALLWATCH]     at java.base@17.0.12/java.lang.Thread.getAllStackTraces(Thread.java:1673)
[21:13:08] [coreswap-stallwatch/INFO] (Minecraft) [STDOUT]: [STALLWATCH]     at wg.bench.StallWatch.lambda$start$0(StallWatch.java:41)
[21:13:08] [coreswap-stallwatch/INFO] (Minecraft) [STDOUT]: [STALLWATCH]     at wg.bench.StallWatch$$Lambda$5791/0x00000255b5c25080.run(Unknown Source)
[21:13:08] [coreswap-stallwatch/INFO] (Minecraft) [STDOUT]: [STALLWATCH]     at java.base@17.0.12/java.lang.Thread.run(Thread.java:842)
[21:13:08] [coreswap-stallwatch/INFO] (Minecraft) [STDOUT]: [STALLWATCH] "Worker-Main-16" id=79 state=WAITING daemon=true
[21:13:08] [coreswap-stallwatch/INFO] (Minecraft) [STDOUT]: [STALLWATCH]     at java.base@17.0.12/jdk.internal.misc.Unsafe.park(Native Method)
[21:13:08] [coreswap-stallwatch/INFO] (Minecraft) [STDOUT]: [STALLWATCH]     at java.base@17.0.12/java.util.concurrent.locks.LockSupport.park(LockSupport.java:341)
[21:13:08] [coreswap-stallwatch/INFO] (Minecraft) [STDOUT]: [STALLWATCH]     at java.base@17.0.12/java.util.concurrent.ForkJoinPool.awaitWork(ForkJoinPool.java:1724)
[21:13:08] [coreswap-stallwatch/INFO] (Minecraft) [STDOUT]: [STALLWATCH]     at java.base@17.0.12/java.util.concurrent.ForkJoinPool.runWorker(ForkJoinPool.java:1623)
[21:13:08] [coreswap-stallwatch/INFO] (Minecraft) [STDOUT]: [STALLWATCH]     at java.base@17.0.12/java.util.concurrent.ForkJoinWorkerThread.run(ForkJoinWorkerThread.java:165)
[21:13:08] [coreswap-stallwatch/INFO] (Minecraft) [STDOUT]: [STALLWATCH] "Worker-Main-8" id=71 state=WAITING daemon=true
[21:13:08] [coreswap-stallwatch/INFO] (Minecraft) [STDOUT]: [STALLWATCH]     at java.base@17.0.12/jdk.internal.misc.Unsafe.park(Native Method)
[21:13:08] [coreswap-stallwatch/INFO] (Minecraft) [STDOUT]: [STALLWATCH]     at java.base@17.0.12/java.util.concurrent.locks.LockSupport.park(LockSupport.java:341)
[21:13:08] [coreswap-stallwatch/INFO] (Minecraft) [STDOUT]: [STALLWATCH]     at java.base@17.0.12/java.util.concurrent.ForkJoinPool.awaitWork(ForkJoinPool.java:1724)
[21:13:08] [coreswap-stallwatch/INFO] (Minecraft) [STDOUT]: [STALLWATCH]     at java.base@17.0.12/java.util.concurrent.ForkJoinPool.runWorker(ForkJoinPool.java:1623)
[21:13:08] [coreswap-stallwatch/INFO] (Minecraft) [STDOUT]: [STALLWATCH]     at java.base@17.0.12/java.util.concurrent.ForkJoinWorkerThread.run(ForkJoinWorkerThread.java:165)
[21:13:08] [coreswap-stallwatch/INFO] (Minecraft) [STDOUT]: [STALLWATCH] "IO-Worker-25" id=93 state=TIMED_WAITING daemon=false
[21:13:08] [coreswap-stallwatch/INFO] (Minecraft) [STDOUT]: [STALLWATCH]     at java.base@17.0.12/jdk.internal.misc.Unsafe.park(Native Method)
[21:13:08] [coreswap-stallwatch/INFO] (Minecraft) [STDOUT]: [STALLWATCH]     at java.base@17.0.12/java.util.concurrent.locks.LockSupport.parkNanos(LockSupport.java:252)
[21:13:08] [coreswap-stallwatch/INFO] (Minecraft) [STDOUT]: [STALLWATCH]     at java.base@17.0.12/java.util.concurrent.SynchronousQueue$TransferStack.transfer(SynchronousQueue.java:401)
[21:13:08] [coreswap-stallwatch/INFO] (Minecraft) [STDOUT]: [STALLWATCH]     at java.base@17.0.12/java.util.concurrent.SynchronousQueue.poll(SynchronousQueue.java:903)
[21:13:08] [coreswap-stallwatch/INFO] (Minecraft) [STDOUT]: [STALLWATCH]     at java.base@17.0.12/java.util.concurrent.ThreadPoolExecutor.getTask(ThreadPoolExecutor.java:1061)
[21:13:08] [coreswap-stallwatch/INFO] (Minecraft) [STDOUT]: [STALLWATCH]     at java.base@17.0.12/java.util.concurrent.ThreadPoolExecutor.runWorker(ThreadPoolExecutor.java:1122)
[21:13:08] [coreswap-stallwatch/INFO] (Minecraft) [STDOUT]: [STALLWATCH]     at java.base@17.0.12/java.util.concurrent.ThreadPoolExecutor$Worker.run(ThreadPoolExecutor.java:635)
[21:13:08] [coreswap-stallwatch/INFO] (Minecraft) [STDOUT]: [STALLWATCH]     at java.base@17.0.12/java.lang.Thread.run(Thread.java:842)
[21:13:08] [coreswap-stallwatch/INFO] (Minecraft) [STDOUT]: [STALLWATCH] === end ===
[21:13:12] [Server thread/INFO] (Minecraft) [Chunky] Task running for minecraft:overworld. Processed: 2782 chunks (65.85%), ETA: 0:01:26, Rate: 16.7 cps, Current: -28, 31
[21:13:20] [Worker-Main-10/INFO] (Minecraft) [STDOUT]: [CHUNKTIME] n=3328 perChunk(ms): mixin=49.49 gap=1155.15 | sumMixin=164.7s sumGap=3844.3s | inflight max=1 now=1
[21:13:22] [Server thread/INFO] (Minecraft) [Chunky] Task running for minecraft:overworld. Processed: 2954 chunks (69.92%), ETA: 0:01:15, Rate: 16.9 cps, Current: -7, 17
[21:13:24] [RCON Listener #1/INFO] (Minecraft) Thread RCON Client /127.0.0.1 started
[21:13:24] [RCON Client /127.0.0.1 #16/INFO] (Minecraft) Thread RCON Client /127.0.0.1 shutting down
[21:13:32] [Server thread/INFO] (Minecraft) [Chunky] Task running for minecraft:overworld. Processed: 3108 chunks (73.56%), ETA: 0:01:09, Rate: 16.2 cps, Current: -1, 8
[21:13:34] [Worker-Main-18/INFO] (Minecraft) [STDOUT]: [CHUNKTIME] n=3584 perChunk(ms): mixin=49.69 gap=1157.92 | sumMixin=178.1s sumGap=4150.0s | inflight max=1 now=1
[21:13:38] [coreswap-stallwatch/INFO] (Minecraft) [STDOUT]: [STALLWATCH] === thread dump @ Thu Sep 10 21:13:38 HKT 2026 (interval=30s) ===
[21:13:38] [coreswap-stallwatch/INFO] (Minecraft) [STDOUT]: [STALLWATCH] "Timer hack thread" id=60 state=TIMED_WAITING daemon=true
[21:13:38] [coreswap-stallwatch/INFO] (Minecraft) [STDOUT]: [STALLWATCH]     at java.base@17.0.12/java.lang.Thread.sleep(Native Method)
[21:13:38] [coreswap-stallwatch/INFO] (Minecraft) [STDOUT]: [STALLWATCH]     at net.minecraft.util.Util$9.run(Util.java:863)
[21:13:38] [coreswap-stallwatch/INFO] (Minecraft) [STDOUT]: [STALLWATCH] "Worker-Main-2" id=65 state=WAITING daemon=true
[21:13:38] [coreswap-stallwatch/INFO] (Minecraft) [STDOUT]: [STALLWATCH]     at java.base@17.0.12/jdk.internal.misc.Unsafe.park(Native Method)
[21:13:38] [coreswap-stallwatch/INFO] (Minecraft) [STDOUT]: [STALLWATCH]     at java.base@17.0.12/java.util.concurrent.locks.LockSupport.park(LockSupport.java:341)
[21:13:38] [coreswap-stallwatch/INFO] (Minecraft) [STDOUT]: [STALLWATCH]     at java.base@17.0.12/java.util.concurrent.ForkJoinPool.awaitWork(ForkJoinPool.java:1724)
[21:13:38] [coreswap-stallwatch/INFO] (Minecraft) [STDOUT]: [STALLWATCH]     at java.base@17.0.12/java.util.concurrent.ForkJoinPool.runWorker(ForkJoinPool.java:1623)
[21:13:38] [coreswap-stallwatch/INFO] (Minecraft) [STDOUT]: [STALLWATCH]     at java.base@17.0.12/java.util.concurrent.ForkJoinWorkerThread.run(ForkJoinWorkerThread.java:165)
[21:13:38] [coreswap-stallwatch/INFO] (Minecraft) [STDOUT]: [STALLWATCH] "Worker-Main-17" id=80 state=WAITING daemon=true
[21:13:38] [coreswap-stallwatch/INFO] (Minecraft) [STDOUT]: [STALLWATCH]     at java.base@17.0.12/jdk.internal.misc.Unsafe.park(Native Method)
[21:13:38] [coreswap-stallwatch/INFO] (Minecraft) [STDOUT]: [STALLWATCH]     at java.base@17.0.12/java.util.concurrent.locks.LockSupport.park(LockSupport.java:341)
[21:13:38] [coreswap-stallwatch/INFO] (Minecraft) [STDOUT]: [STALLWATCH]     at java.base@17.0.12/java.util.concurrent.ForkJoinPool.awaitWork(ForkJoinPool.java:1724)
[21:13:38] [coreswap-stallwatch/INFO] (Minecraft) [STDOUT]: [STALLWATCH]     at java.base@17.0.12/java.util.concurrent.ForkJoinPool.runWorker(ForkJoinPool.java:1623)
[21:13:38] [coreswap-stallwatch/INFO] (Minecraft) [STDOUT]: [STALLWATCH]     at java.base@17.0.12/java.util.concurrent.ForkJoinWorkerThread.run(ForkJoinWorkerThread.java:165)
[21:13:38] [coreswap-stallwatch/INFO] (Minecraft) [STDOUT]: [STALLWATCH] "Worker-Main-23" id=86 state=WAITING daemon=true
[21:13:38] [coreswap-stallwatch/INFO] (Minecraft) [STDOUT]: [STALLWATCH]     at java.base@17.0.12/jdk.internal.misc.Unsafe.park(Native Method)
[21:13:38] [coreswap-stallwatch/INFO] (Minecraft) [STDOUT]: [STALLWATCH]     at java.base@17.0.12/java.util.concurrent.locks.LockSupport.park(LockSupport.java:341)
[21:13:38] [coreswap-stallwatch/INFO] (Minecraft) [STDOUT]: [STALLWATCH]     at java.base@17.0.12/java.util.concurrent.ForkJoinPool.awaitWork(ForkJoinPool.java:1724)
[21:13:38] [coreswap-stallwatch/INFO] (Minecraft) [STDOUT]: [STALLWATCH]     at java.base@17.0.12/java.util.concurrent.ForkJoinPool.runWorker(ForkJoinPool.java:1623)
[21:13:38] [coreswap-stallwatch/INFO] (Minecraft) [STDOUT]: [STALLWATCH]     at java.base@17.0.12/java.util.concurrent.ForkJoinWorkerThread.run(ForkJoinWorkerThread.java:165)
[21:13:38] [coreswap-stallwatch/INFO] (Minecraft) [STDOUT]: [STALLWATCH] "Worker-Main-9" id=72 state=WAITING daemon=true
[21:13:38] [coreswap-stallwatch/INFO] (Minecraft) [STDOUT]: [STALLWATCH]     at java.base@17.0.12/jdk.internal.misc.Unsafe.park(Native Method)
[21:13:38] [coreswap-stallwatch/INFO] (Minecraft) [STDOUT]: [STALLWATCH]     at java.base@17.0.12/java.util.concurrent.locks.LockSupport.park(LockSupport.java:341)
[21:13:38] [coreswap-stallwatch/INFO] (Minecraft) [STDOUT]: [STALLWATCH]     at java.base@17.0.12/java.util.concurrent.ForkJoinPool.awaitWork(ForkJoinPool.java:1724)
[21:13:38] [coreswap-stallwatch/INFO] (Minecraft) [STDOUT]: [STALLWATCH]     at java.base@17.0.12/java.util.concurrent.ForkJoinPool.runWorker(ForkJoinPool.java:1623)
[21:13:38] [coreswap-stallwatch/INFO] (Minecraft) [STDOUT]: [STALLWATCH]     at java.base@17.0.12/java.util.concurrent.ForkJoinWorkerThread.run(ForkJoinWorkerThread.java:165)
[21:13:38] [coreswap-stallwatch/INFO] (Minecraft) [STDOUT]: [STALLWATCH] "Worker-Main-10" id=73 state=WAITING daemon=true
[21:13:38] [coreswap-stallwatch/INFO] (Minecraft) [STDOUT]: [STALLWATCH]     at java.base@17.0.12/jdk.internal.misc.Unsafe.park(Native Method)
[21:13:38] [coreswap-stallwatch/INFO] (Minecraft) [STDOUT]: [STALLWATCH]     at java.base@17.0.12/java.util.concurrent.locks.LockSupport.park(LockSupport.java:341)
[21:13:38] [coreswap-stallwatch/INFO] (Minecraft) [STDOUT]: [STALLWATCH]     at java.base@17.0.12/java.util.concurrent.ForkJoinPool.awaitWork(ForkJoinPool.java:1724)
[21:13:38] [coreswap-stallwatch/INFO] (Minecraft) [STDOUT]: [STALLWATCH]     at java.base@17.0.12/java.util.concurrent.ForkJoinPool.runWorker(ForkJoinPool.java:1623)
[21:13:38] [coreswap-stallwatch/INFO] (Minecraft) [STDOUT]: [STALLWATCH]     at java.base@17.0.12/java.util.concurrent.ForkJoinWorkerThread.run(ForkJoinWorkerThread.java:165)
[21:13:38] [coreswap-stallwatch/INFO] (Minecraft) [STDOUT]: [STALLWATCH] "Worker-Main-15" id=78 state=WAITING daemon=true
[21:13:38] [coreswap-stallwatch/INFO] (Minecraft) [STDOUT]: [STALLWATCH]     at java.base@17.0.12/jdk.internal.misc.Unsafe.park(Native Method)
[21:13:38] [coreswap-stallwatch/INFO] (Minecraft) [STDOUT]: [STALLWATCH]     at java.base@17.0.12/java.util.concurrent.locks.LockSupport.park(LockSupport.java:341)
[21:13:38] [coreswap-stallwatch/INFO] (Minecraft) [STDOUT]: [STALLWATCH]     at java.base@17.0.12/java.util.concurrent.ForkJoinPool.awaitWork(ForkJoinPool.java:1724)
[21:13:38] [coreswap-stallwatch/INFO] (Minecraft) [STDOUT]: [STALLWATCH]     at java.base@17.0.12/java.util.concurrent.ForkJoinPool.runWorker(ForkJoinPool.java:1623)
[21:13:38] [coreswap-stallwatch/INFO] (Minecraft) [STDOUT]: [STALLWATCH]     at java.base@17.0.12/java.util.concurrent.ForkJoinWorkerThread.run(ForkJoinWorkerThread.java:165)
[21:13:38] [coreswap-stallwatch/INFO] (Minecraft) [STDOUT]: [STALLWATCH] "Worker-Main-3" id=66 state=WAITING daemon=true
[21:13:38] [coreswap-stallwatch/INFO] (Minecraft) [STDOUT]: [STALLWATCH]     at java.base@17.0.12/jdk.internal.misc.Unsafe.park(Native Method)
[21:13:38] [coreswap-stallwatch/INFO] (Minecraft) [STDOUT]: [STALLWATCH]     at java.base@17.0.12/java.util.concurrent.locks.LockSupport.park(LockSupport.java:341)
[21:13:38] [coreswap-stallwatch/INFO] (Minecraft) [STDOUT]: [STALLWATCH]     at java.base@17.0.12/java.util.concurrent.ForkJoinPool.awaitWork(ForkJoinPool.java:1724)
[21:13:38] [coreswap-stallwatch/INFO] (Minecraft) [STDOUT]: [STALLWATCH]     at java.base@17.0.12/java.util.concurrent.ForkJoinPool.runWorker(ForkJoinPool.java:1623)
[21:13:38] [coreswap-stallwatch/INFO] (Minecraft) [STDOUT]: [STALLWATCH]     at java.base@17.0.12/java.util.concurrent.ForkJoinWorkerThread.run(ForkJoinWorkerThread.java:165)
[21:13:38] [coreswap-stallwatch/INFO] (Minecraft) [STDOUT]: [STALLWATCH] "Worker-Main-22" id=85 state=WAITING daemon=true
[21:13:38] [coreswap-stallwatch/INFO] (Minecraft) [STDOUT]: [STALLWATCH]     at java.base@17.0.12/jdk.internal.misc.Unsafe.park(Native Method)
[21:13:38] [coreswap-stallwatch/INFO] (Minecraft) [STDOUT]: [STALLWATCH]     at java.base@17.0.12/java.util.concurrent.locks.LockSupport.park(LockSupport.java:341)
[21:13:38] [coreswap-stallwatch/INFO] (Minecraft) [STDOUT]: [STALLWATCH]     at java.base@17.0.12/java.util.concurrent.ForkJoinPool.awaitWork(ForkJoinPool.java:1724)
[21:13:38] [coreswap-stallwatch/INFO] (Minecraft) [STDOUT]: [STALLWATCH]     at java.base@17.0.12/java.util.concurrent.ForkJoinPool.runWorker(ForkJoinPool.java:1623)
[21:13:38] [coreswap-stallwatch/INFO] (Minecraft) [STDOUT]: [STALLWATCH]     at java.base@17.0.12/java.util.concurrent.ForkJoinWorkerThread.run(ForkJoinWorkerThread.java:165)
[21:13:38] [coreswap-stallwatch/INFO] (Minecraft) [STDOUT]: [STALLWATCH] "Worker-Main-11" id=74 state=WAITING daemon=true
[21:13:38] [coreswap-stallwatch/INFO] (Minecraft) [STDOUT]: [STALLWATCH]     at java.base@17.0.12/jdk.internal.misc.Unsafe.park(Native Method)
[21:13:38] [coreswap-stallwatch/INFO] (Minecraft) [STDOUT]: [STALLWATCH]     at java.base@17.0.12/java.util.concurrent.locks.LockSupport.park(LockSupport.java:341)
[21:13:38] [coreswap-stallwatch/INFO] (Minecraft) [STDOUT]: [STALLWATCH]     at java.base@17.0.12/java.util.concurrent.ForkJoinPool.awaitWork(ForkJoinPool.java:1724)
[21:13:38] [coreswap-stallwatch/INFO] (Minecraft) [STDOUT]: [STALLWATCH]     at java.base@17.0.12/java.util.concurrent.ForkJoinPool.runWorker(ForkJoinPool.java:1623)
[21:13:38] [coreswap-stallwatch/INFO] (Minecraft) [STDOUT]: [STALLWATCH]     at java.base@17.0.12/java.util.concurrent.ForkJoinWorkerThread.run(ForkJoinWorkerThread.java:165)
[21:13:38] [coreswap-stallwatch/INFO] (Minecraft) [STDOUT]: [STALLWATCH] "Worker-Main-20" id=83 state=RUNNABLE daemon=true
[21:13:38] [coreswap-stallwatch/INFO] (Minecraft) [STDOUT]: [STALLWATCH]     at wg.CppWorldgen.fillBlocks(Native Method)
[21:13:38] [coreswap-stallwatch/INFO] (Minecraft) [STDOUT]: [STALLWATCH]     at wg.bench.CppBridge.fillChunk(CppBridge.java:377)
[21:13:38] [coreswap-stallwatch/INFO] (Minecraft) [STDOUT]: [STALLWATCH]     at net.minecraft.world.gen.chunk.NoiseChunkGenerator.md6b07e4$coreswap$lambda$wgPopulateNoise$1$2(NoiseChunkGenerator.java:671)
[21:13:38] [coreswap-stallwatch/INFO] (Minecraft) [STDOUT]: [STALLWATCH]     at net.minecraft.world.gen.chunk.NoiseChunkGenerator$$Lambda$5996/0x00000255b5c79370.get(Unknown Source)
[21:13:38] [coreswap-stallwatch/INFO] (Minecraft) [STDOUT]: [STALLWATCH]     at net.minecraft.world.gen.chunk.NoiseChunkGenerator.wgDispatch(NoiseChunkGenerator.java:610)
[21:13:38] [coreswap-stallwatch/INFO] (Minecraft) [STDOUT]: [STALLWATCH]     at net.minecraft.world.gen.chunk.NoiseChunkGenerator.handler$zfl000$coreswap$wgPopulateNoise(NoiseChunkGenerator.java:687)
[21:13:38] [coreswap-stallwatch/INFO] (Minecraft) [STDOUT]: [STALLWATCH]     at net.minecraft.world.gen.chunk.NoiseChunkGenerator.populateNoise(NoiseChunkGenerator.java)
[21:13:38] [coreswap-stallwatch/INFO] (Minecraft) [STDOUT]: [STALLWATCH]     at net.minecraft.world.chunk.ChunkStatus.method_38284(ChunkStatus.java:96)
[21:13:38] [coreswap-stallwatch/INFO] (Minecraft) [STDOUT]: [STALLWATCH]     at net.minecraft.world.chunk.ChunkStatus$$Lambda$1753/0x00000255b56ec670.doWork(Unknown Source)
[21:13:38] [coreswap-stallwatch/INFO] (Minecraft) [STDOUT]: [STALLWATCH]     at net.minecraft.world.chunk.ChunkStatus.runGenerationTask(ChunkStatus.java:357)
[21:13:38] [coreswap-stallwatch/INFO] (Minecraft) [STDOUT]: [STALLWATCH]     at net.minecraft.server.world.ThreadedAnvilChunkStorage.method_17225(ThreadedAnvilChunkStorage.java:656)
[21:13:38] [coreswap-stallwatch/INFO] (Minecraft) [STDOUT]: [STALLWATCH]     at net.minecraft.server.world.ThreadedAnvilChunkStorage$$Lambda$5299/0x00000255b5b9daa0.apply(Unknown Source)
[21:13:38] [coreswap-stallwatch/INFO] (Minecraft) [STDOUT]: [STALLWATCH]     at com.mojang.datafixers.util.Either$Left.map(Either.java:38)
[21:13:38] [coreswap-stallwatch/INFO] (Minecraft) [STDOUT]: [STALLWATCH]     at net.minecraft.server.world.ThreadedAnvilChunkStorage.method_17224(ThreadedAnvilChunkStorage.java:645)
[21:13:38] [coreswap-stallwatch/INFO] (Minecraft) [STDOUT]: [STALLWATCH]     at net.minecraft.server.world.ThreadedAnvilChunkStorage$$Lambda$5253/0x00000255b5b8b9c8.apply(Unknown Source)
[21:13:38] [coreswap-stallwatch/INFO] (Minecraft) [STDOUT]: [STALLWATCH]     at java.base@17.0.12/java.util.concurrent.CompletableFuture$UniCompose.tryFire(CompletableFuture.java:1150)
[21:13:38] [coreswap-stallwatch/INFO] (Minecraft) [STDOUT]: [STALLWATCH]     at java.base@17.0.12/java.util.concurrent.CompletableFuture$Completion.run(CompletableFuture.java:482)
[21:13:38] [coreswap-stallwatch/INFO] (Minecraft) [STDOUT]: [STALLWATCH]     at net.minecraft.server.world.ChunkTaskPrioritySystem.method_17634(ChunkTaskPrioritySystem.java:49)
[21:13:38] [coreswap-stallwatch/INFO] (Minecraft) [STDOUT]: [STALLWATCH]     at net.minecraft.server.world.ChunkTaskPrioritySystem$$Lambda$5297/0x00000255b5b9d650.run(Unknown Source)
[21:13:38] [coreswap-stallwatch/INFO] (Minecraft) [STDOUT]: [STALLWATCH]     at net.minecraft.util.thread.TaskExecutor.runNext(TaskExecutor.java:79)
[21:13:38] [coreswap-stallwatch/INFO] (Minecraft) [STDOUT]: [STALLWATCH]     at net.minecraft.util.thread.TaskExecutor.runWhile(TaskExecutor.java:129)
[21:13:38] [coreswap-stallwatch/INFO] (Minecraft) [STDOUT]: [STALLWATCH]     at net.minecraft.util.thread.TaskExecutor.run(TaskExecutor.java:87)
[21:13:38] [coreswap-stallwatch/INFO] (Minecraft) [STDOUT]: [STALLWATCH]     at java.base@17.0.12/java.util.concurrent.ForkJoinTask$RunnableExecuteAction.exec(ForkJoinTask.java:1395)
[21:13:38] [coreswap-stallwatch/INFO] (Minecraft) [STDOUT]: [STALLWATCH]     at java.base@17.0.12/java.util.concurrent.ForkJoinTask.doExec(ForkJoinTask.java:373)
[21:13:38] [coreswap-stallwatch/INFO] (Minecraft) [STDOUT]: [STALLWATCH]     at java.base@17.0.12/java.util.concurrent.ForkJoinPool$WorkQueue.topLevelExec(ForkJoinPool.java:1182)
[21:13:38] [coreswap-stallwatch/INFO] (Minecraft) [STDOUT]: [STALLWATCH]     at java.base@17.0.12/java.util.concurrent.ForkJoinPool.scan(ForkJoinPool.java:1655)
[21:13:38] [coreswap-stallwatch/INFO] (Minecraft) [STDOUT]: [STALLWATCH]     at java.base@17.0.12/java.util.concurrent.ForkJoinPool.runWorker(ForkJoinPool.java:1622)
[21:13:38] [coreswap-stallwatch/INFO] (Minecraft) [STDOUT]: [STALLWATCH]     at java.base@17.0.12/java.util.concurrent.ForkJoinWorkerThread.run(ForkJoinWorkerThread.java:165)
[21:13:38] [coreswap-stallwatch/INFO] (Minecraft) [STDOUT]: [STALLWATCH] "Finalizer" id=3 state=WAITING daemon=true
[21:13:38] [coreswap-stallwatch/INFO] (Minecraft) [STDOUT]: [STALLWATCH]     at java.base@17.0.12/java.lang.Object.wait(Native Method)
[21:13:38] [coreswap-stallwatch/INFO] (Minecraft) [STDOUT]: [STALLWATCH]     at java.base@17.0.12/java.lang.ref.ReferenceQueue.remove(ReferenceQueue.java:155)
[21:13:38] [coreswap-stallwatch/INFO] (Minecraft) [STDOUT]: [STALLWATCH]     at java.base@17.0.12/java.lang.ref.ReferenceQueue.remove(ReferenceQueue.java:176)
[21:13:38] [coreswap-stallwatch/INFO] (Minecraft) [STDOUT]: [STALLWATCH]     at java.base@17.0.12/java.lang.ref.Finalizer$FinalizerThread.run(Finalizer.java:172)
[21:13:38] [coreswap-stallwatch/INFO] (Minecraft) [STDOUT]: [STALLWATCH] "Reference Handler" id=2 state=RUNNABLE daemon=true
[21:13:38] [coreswap-stallwatch/INFO] (Minecraft) [STDOUT]: [STALLWATCH]     at java.base@17.0.12/java.lang.ref.Reference.waitForReferencePendingList(Native Method)
[21:13:38] [coreswap-stallwatch/INFO] (Minecraft) [STDOUT]: [STALLWATCH]     at java.base@17.0.12/java.lang.ref.Reference.processPendingReferences(Reference.java:253)
[21:13:38] [coreswap-stallwatch/INFO] (Minecraft) [STDOUT]: [STALLWATCH]     at java.base@17.0.12/java.lang.ref.Reference$ReferenceHandler.run(Reference.java:215)
[21:13:38] [coreswap-stallwatch/INFO] (Minecraft) [STDOUT]: [STALLWATCH] "Worker-Main-19" id=82 state=WAITING daemon=true
[21:13:38] [coreswap-stallwatch/INFO] (Minecraft) [STDOUT]: [STALLWATCH]     at java.base@17.0.12/jdk.internal.misc.Unsafe.park(Native Method)
[21:13:38] [coreswap-stallwatch/INFO] (Minecraft) [STDOUT]: [STALLWATCH]     at java.base@17.0.12/java.util.concurrent.locks.LockSupport.park(LockSupport.java:341)
[21:13:38] [coreswap-stallwatch/INFO] (Minecraft) [STDOUT]: [STALLWATCH]     at java.base@17.0.12/java.util.concurrent.ForkJoinPool.awaitWork(ForkJoinPool.java:1724)
[21:13:38] [coreswap-stallwatch/INFO] (Minecraft) [STDOUT]: [STALLWATCH]     at java.base@17.0.12/java.util.concurrent.ForkJoinPool.runWorker(ForkJoinPool.java:1623)
[21:13:38] [coreswap-stallwatch/INFO] (Minecraft) [STDOUT]: [STALLWATCH]     at java.base@17.0.12/java.util.concurrent.ForkJoinWorkerThread.run(ForkJoinWorkerThread.java:165)
[21:13:38] [coreswap-stallwatch/INFO] (Minecraft) [STDOUT]: [STALLWATCH] "Common-Cleaner" id=22 state=TIMED_WAITING daemon=true
[21:13:38] [coreswap-stallwatch/INFO] (Minecraft) [STDOUT]: [STALLWATCH]     at java.base@17.0.12/java.lang.Object.wait(Native Method)
[21:13:38] [coreswap-stallwatch/INFO] (Minecraft) [STDOUT]: [STALLWATCH]     at java.base@17.0.12/java.lang.ref.ReferenceQueue.remove(ReferenceQueue.java:155)
[21:13:38] [coreswap-stallwatch/INFO] (Minecraft) [STDOUT]: [STALLWATCH]     at java.base@17.0.12/jdk.internal.ref.CleanerImpl.run(CleanerImpl.java:140)
[21:13:38] [coreswap-stallwatch/INFO] (Minecraft) [STDOUT]: [STALLWATCH]     at java.base@17.0.12/java.lang.Thread.run(Thread.java:842)
[21:13:38] [coreswap-stallwatch/INFO] (Minecraft) [STDOUT]: [STALLWATCH]     at java.base@17.0.12/jdk.internal.misc.InnocuousThread.run(InnocuousThread.java:162)
[21:13:38] [coreswap-stallwatch/INFO] (Minecraft) [STDOUT]: [STALLWATCH] "IO-Worker-24" id=92 state=TIMED_WAITING daemon=false
[21:13:38] [coreswap-stallwatch/INFO] (Minecraft) [STDOUT]: [STALLWATCH]     at java.base@17.0.12/jdk.internal.misc.Unsafe.park(Native Method)
[21:13:38] [coreswap-stallwatch/INFO] (Minecraft) [STDOUT]: [STALLWATCH]     at java.base@17.0.12/java.util.concurrent.locks.LockSupport.parkNanos(LockSupport.java:252)
[21:13:38] [coreswap-stallwatch/INFO] (Minecraft) [STDOUT]: [STALLWATCH]     at java.base@17.0.12/java.util.concurrent.SynchronousQueue$TransferStack.transfer(SynchronousQueue.java:401)
[21:13:38] [coreswap-stallwatch/INFO] (Minecraft) [STDOUT]: [STALLWATCH]     at java.base@17.0.12/java.util.concurrent.SynchronousQueue.poll(SynchronousQueue.java:903)
[21:13:38] [coreswap-stallwatch/INFO] (Minecraft) [STDOUT]: [STALLWATCH]     at java.base@17.0.12/java.util.concurrent.ThreadPoolExecutor.getTask(ThreadPoolExecutor.java:1061)
[21:13:38] [coreswap-stallwatch/INFO] (Minecraft) [STDOUT]: [STALLWATCH]     at java.base@17.0.12/java.util.concurrent.ThreadPoolExecutor.runWorker(ThreadPoolExecutor.java:1122)
[21:13:38] [coreswap-stallwatch/INFO] (Minecraft) [STDOUT]: [STALLWATCH]     at java.base@17.0.12/java.util.concurrent.ThreadPoolExecutor$Worker.run(ThreadPoolExecutor.java:635)
[21:13:38] [coreswap-stallwatch/INFO] (Minecraft) [STDOUT]: [STALLWATCH]     at java.base@17.0.12/java.lang.Thread.run(Thread.java:842)
[21:13:38] [coreswap-stallwatch/INFO] (Minecraft) [STDOUT]: [STALLWATCH] "IO-Worker-27" id=95 state=TIMED_WAITING daemon=false
[21:13:38] [coreswap-stallwatch/INFO] (Minecraft) [STDOUT]: [STALLWATCH]     at java.base@17.0.12/jdk.internal.misc.Unsafe.park(Native Method)
[21:13:38] [coreswap-stallwatch/INFO] (Minecraft) [STDOUT]: [STALLWATCH]     at java.base@17.0.12/java.util.concurrent.locks.LockSupport.parkNanos(LockSupport.java:252)
[21:13:38] [coreswap-stallwatch/INFO] (Minecraft) [STDOUT]: [STALLWATCH]     at java.base@17.0.12/java.util.concurrent.SynchronousQueue$TransferStack.transfer(SynchronousQueue.java:401)
[21:13:38] [coreswap-stallwatch/INFO] (Minecraft) [STDOUT]: [STALLWATCH]     at java.base@17.0.12/java.util.concurrent.SynchronousQueue.poll(SynchronousQueue.java:903)
[21:13:38] [coreswap-stallwatch/INFO] (Minecraft) [STDOUT]: [STALLWATCH]     at java.base@17.0.12/java.util.concurrent.ThreadPoolExecutor.getTask(ThreadPoolExecutor.java:1061)
[21:13:38] [coreswap-stallwatch/INFO] (Minecraft) [STDOUT]: [STALLWATCH]     at java.base@17.0.12/java.util.concurrent.ThreadPoolExecutor.runWorker(ThreadPoolExecutor.java:1122)
[21:13:38] [coreswap-stallwatch/INFO] (Minecraft) [STDOUT]: [STALLWATCH]     at java.base@17.0.12/java.util.concurrent.ThreadPoolExecutor$Worker.run(ThreadPoolExecutor.java:635)
[21:13:38] [coreswap-stallwatch/INFO] (Minecraft) [STDOUT]: [STALLWATCH]     at java.base@17.0.12/java.lang.Thread.run(Thread.java:842)
[21:13:38] [coreswap-stallwatch/INFO] (Minecraft) [STDOUT]: [STALLWATCH] "Worker-Main-13" id=76 state=WAITING daemon=true
[21:13:38] [coreswap-stallwatch/INFO] (Minecraft) [STDOUT]: [STALLWATCH]     at java.base@17.0.12/jdk.internal.misc.Unsafe.park(Native Method)
[21:13:38] [coreswap-stallwatch/INFO] (Minecraft) [STDOUT]: [STALLWATCH]     at java.base@17.0.12/java.util.concurrent.locks.LockSupport.park(LockSupport.java:341)
[21:13:38] [coreswap-stallwatch/INFO] (Minecraft) [STDOUT]: [STALLWATCH]     at java.base@17.0.12/java.util.concurrent.ForkJoinPool.awaitWork(ForkJoinPool.java:1724)
[21:13:38] [coreswap-stallwatch/INFO] (Minecraft) [STDOUT]: [STALLWATCH]     at java.base@17.0.12/java.util.concurrent.ForkJoinPool.runWorker(ForkJoinPool.java:1623)
[21:13:38] [coreswap-stallwatch/INFO] (Minecraft) [STDOUT]: [STALLWATCH]     at java.base@17.0.12/java.util.concurrent.ForkJoinWorkerThread.run(ForkJoinWorkerThread.java:165)
[21:13:38] [coreswap-stallwatch/INFO] (Minecraft) [STDOUT]: [STALLWATCH] "Chunky-minecraft:overworld Thread" id=101 state=WAITING daemon=true
[21:13:38] [coreswap-stallwatch/INFO] (Minecraft) [STDOUT]: [STALLWATCH]     at java.base@17.0.12/jdk.internal.misc.Unsafe.park(Native Method)
[21:13:38] [coreswap-stallwatch/INFO] (Minecraft) [STDOUT]: [STALLWATCH]     at java.base@17.0.12/java.util.concurrent.locks.LockSupport.park(LockSupport.java:211)
[21:13:38] [coreswap-stallwatch/INFO] (Minecraft) [STDOUT]: [STALLWATCH]     at java.base@17.0.12/java.util.concurrent.locks.AbstractQueuedSynchronizer.acquire(AbstractQueuedSynchronizer.java:715)
[21:13:38] [coreswap-stallwatch/INFO] (Minecraft) [STDOUT]: [STALLWATCH]     at java.base@17.0.12/java.util.concurrent.locks.AbstractQueuedSynchronizer.acquireSharedInterruptibly(AbstractQueuedSynchronizer.java:1047)
[21:13:38] [coreswap-stallwatch/INFO] (Minecraft) [STDOUT]: [STALLWATCH]     at java.base@17.0.12/java.util.concurrent.Semaphore.acquire(Semaphore.java:318)
[21:13:38] [coreswap-stallwatch/INFO] (Minecraft) [STDOUT]: [STALLWATCH]     at org.popcraft.chunky.GenerationTask.run(GenerationTask.java:140)
[21:13:38] [coreswap-stallwatch/INFO] (Minecraft) [STDOUT]: [STALLWATCH]     at java.base@17.0.12/java.util.concurrent.Executors$RunnableAdapter.call(Executors.java:539)
[21:13:38] [coreswap-stallwatch/INFO] (Minecraft) [STDOUT]: [STALLWATCH]     at java.base@17.0.12/java.util.concurrent.FutureTask.run(FutureTask.java:264)
[21:13:38] [coreswap-stallwatch/INFO] (Minecraft) [STDOUT]: [STALLWATCH]     at java.base@17.0.12/java.util.concurrent.ThreadPoolExecutor.runWorker(ThreadPoolExecutor.java:1136)
[21:13:38] [coreswap-stallwatch/INFO] (Minecraft) [STDOUT]: [STALLWATCH]     at java.base@17.0.12/java.util.concurrent.ThreadPoolExecutor$Worker.run(ThreadPoolExecutor.java:635)
[21:13:38] [coreswap-stallwatch/INFO] (Minecraft) [STDOUT]: [STALLWATCH]     at java.base@17.0.12/java.lang.Thread.run(Thread.java:842)
[21:13:38] [coreswap-stallwatch/INFO] (Minecraft) [STDOUT]: [STALLWATCH] "Worker-Main-12" id=75 state=WAITING daemon=true
[21:13:38] [coreswap-stallwatch/INFO] (Minecraft) [STDOUT]: [STALLWATCH]     at java.base@17.0.12/jdk.internal.misc.Unsafe.park(Native Method)
[21:13:38] [coreswap-stallwatch/INFO] (Minecraft) [STDOUT]: [STALLWATCH]     at java.base@17.0.12/java.util.concurrent.locks.LockSupport.park(LockSupport.java:341)
[21:13:38] [coreswap-stallwatch/INFO] (Minecraft) [STDOUT]: [STALLWATCH]     at java.base@17.0.12/java.util.concurrent.ForkJoinPool.awaitWork(ForkJoinPool.java:1724)
[21:13:38] [coreswap-stallwatch/INFO] (Minecraft) [STDOUT]: [STALLWATCH]     at java.base@17.0.12/java.util.concurrent.ForkJoinPool.runWorker(ForkJoinPool.java:1623)
[21:13:38] [coreswap-stallwatch/INFO] (Minecraft) [STDOUT]: [STALLWATCH]     at java.base@17.0.12/java.util.concurrent.ForkJoinWorkerThread.run(ForkJoinWorkerThread.java:165)
[21:13:38] [coreswap-stallwatch/INFO] (Minecraft) [STDOUT]: [STALLWATCH] "Worker-Main-4" id=67 state=WAITING daemon=true
[21:13:38] [coreswap-stallwatch/INFO] (Minecraft) [STDOUT]: [STALLWATCH]     at java.base@17.0.12/jdk.internal.misc.Unsafe.park(Native Method)
[21:13:38] [coreswap-stallwatch/INFO] (Minecraft) [STDOUT]: [STALLWATCH]     at java.base@17.0.12/java.util.concurrent.locks.LockSupport.park(LockSupport.java:341)
[21:13:38] [coreswap-stallwatch/INFO] (Minecraft) [STDOUT]: [STALLWATCH]     at java.base@17.0.12/java.util.concurrent.ForkJoinPool.awaitWork(ForkJoinPool.java:1724)
[21:13:38] [coreswap-stallwatch/INFO] (Minecraft) [STDOUT]: [STALLWATCH]     at java.base@17.0.12/java.util.concurrent.ForkJoinPool.runWorker(ForkJoinPool.java:1623)
[21:13:38] [coreswap-stallwatch/INFO] (Minecraft) [STDOUT]: [STALLWATCH]     at java.base@17.0.12/java.util.concurrent.ForkJoinWorkerThread.run(ForkJoinWorkerThread.java:165)
[21:13:38] [coreswap-stallwatch/INFO] (Minecraft) [STDOUT]: [STALLWATCH] "Thread-7" id=100 state=TIMED_WAITING daemon=true
[21:13:38] [coreswap-stallwatch/INFO] (Minecraft) [STDOUT]: [STALLWATCH]     at java.base@17.0.12/jdk.internal.misc.Unsafe.park(Native Method)
[21:13:38] [coreswap-stallwatch/INFO] (Minecraft) [STDOUT]: [STALLWATCH]     at java.base@17.0.12/java.util.concurrent.locks.LockSupport.parkNanos(LockSupport.java:252)
[21:13:38] [coreswap-stallwatch/INFO] (Minecraft) [STDOUT]: [STALLWATCH]     at java.base@17.0.12/java.util.concurrent.SynchronousQueue$TransferStack.transfer(SynchronousQueue.java:401)
[21:13:38] [coreswap-stallwatch/INFO] (Minecraft) [STDOUT]: [STALLWATCH]     at java.base@17.0.12/java.util.concurrent.SynchronousQueue.poll(SynchronousQueue.java:903)
[21:13:38] [coreswap-stallwatch/INFO] (Minecraft) [STDOUT]: [STALLWATCH]     at java.base@17.0.12/java.util.concurrent.ThreadPoolExecutor.getTask(ThreadPoolExecutor.java:1061)
[21:13:38] [coreswap-stallwatch/INFO] (Minecraft) [STDOUT]: [STALLWATCH]     at java.base@17.0.12/java.util.concurrent.ThreadPoolExecutor.runWorker(ThreadPoolExecutor.java:1122)
[21:13:38] [coreswap-stallwatch/INFO] (Minecraft) [STDOUT]: [STALLWATCH]     at java.base@17.0.12/java.util.concurrent.ThreadPoolExecutor$Worker.run(ThreadPoolExecutor.java:635)
[21:13:38] [coreswap-stallwatch/INFO] (Minecraft) [STDOUT]: [STALLWATCH]     at java.base@17.0.12/java.lang.Thread.run(Thread.java:842)
[21:13:38] [coreswap-stallwatch/INFO] (Minecraft) [STDOUT]: [STALLWATCH] "Netty Server IO #0" id=91 state=RUNNABLE daemon=true
[21:13:38] [coreswap-stallwatch/INFO] (Minecraft) [STDOUT]: [STALLWATCH]     at java.base@17.0.12/sun.nio.ch.WEPoll.wait(Native Method)
[21:13:38] [coreswap-stallwatch/INFO] (Minecraft) [STDOUT]: [STALLWATCH]     at java.base@17.0.12/sun.nio.ch.WEPollSelectorImpl.doSelect(WEPollSelectorImpl.java:111)
[21:13:38] [coreswap-stallwatch/INFO] (Minecraft) [STDOUT]: [STALLWATCH]     at java.base@17.0.12/sun.nio.ch.SelectorImpl.lockAndDoSelect(SelectorImpl.java:129)
[21:13:38] [coreswap-stallwatch/INFO] (Minecraft) [STDOUT]: [STALLWATCH]     at java.base@17.0.12/sun.nio.ch.SelectorImpl.select(SelectorImpl.java:146)
[21:13:38] [coreswap-stallwatch/INFO] (Minecraft) [STDOUT]: [STALLWATCH]     at io.netty.channel.nio.SelectedSelectionKeySetSelector.select(SelectedSelectionKeySetSelector.java:68)
[21:13:38] [coreswap-stallwatch/INFO] (Minecraft) [STDOUT]: [STALLWATCH]     at io.netty.channel.nio.NioEventLoop.select(NioEventLoop.java:879)
[21:13:38] [coreswap-stallwatch/INFO] (Minecraft) [STDOUT]: [STALLWATCH]     at io.netty.channel.nio.NioEventLoop.run(NioEventLoop.java:526)
[21:13:38] [coreswap-stallwatch/INFO] (Minecraft) [STDOUT]: [STALLWATCH]     at io.netty.util.concurrent.SingleThreadEventExecutor$4.run(SingleThreadEventExecutor.java:997)
[21:13:38] [coreswap-stallwatch/INFO] (Minecraft) [STDOUT]: [STALLWATCH]     at io.netty.util.internal.ThreadExecutorMap$2.run(ThreadExecutorMap.java:74)
[21:13:38] [coreswap-stallwatch/INFO] (Minecraft) [STDOUT]: [STALLWATCH]     at java.base@17.0.12/java.lang.Thread.run(Thread.java:842)
[21:13:38] [coreswap-stallwatch/INFO] (Minecraft) [STDOUT]: [STALLWATCH] "Thread-6" id=99 state=TIMED_WAITING daemon=true
[21:13:38] [coreswap-stallwatch/INFO] (Minecraft) [STDOUT]: [STALLWATCH]     at java.base@17.0.12/jdk.internal.misc.Unsafe.park(Native Method)
[21:13:38] [coreswap-stallwatch/INFO] (Minecraft) [STDOUT]: [STALLWATCH]     at java.base@17.0.12/java.util.concurrent.locks.LockSupport.parkNanos(LockSupport.java:252)
[21:13:38] [coreswap-stallwatch/INFO] (Minecraft) [STDOUT]: [STALLWATCH]     at java.base@17.0.12/java.util.concurrent.SynchronousQueue$TransferStack.transfer(SynchronousQueue.java:401)
[21:13:38] [coreswap-stallwatch/INFO] (Minecraft) [STDOUT]: [STALLWATCH]     at java.base@17.0.12/java.util.concurrent.SynchronousQueue.poll(SynchronousQueue.java:903)
[21:13:38] [coreswap-stallwatch/INFO] (Minecraft) [STDOUT]: [STALLWATCH]     at java.base@17.0.12/java.util.concurrent.ThreadPoolExecutor.getTask(ThreadPoolExecutor.java:1061)
[21:13:38] [coreswap-stallwatch/INFO] (Minecraft) [STDOUT]: [STALLWATCH]     at java.base@17.0.12/java.util.concurrent.ThreadPoolExecutor.runWorker(ThreadPoolExecutor.java:1122)
[21:13:38] [coreswap-stallwatch/INFO] (Minecraft) [STDOUT]: [STALLWATCH]     at java.base@17.0.12/java.util.concurrent.ThreadPoolExecutor$Worker.run(ThreadPoolExecutor.java:635)
[21:13:38] [coreswap-stallwatch/INFO] (Minecraft) [STDOUT]: [STALLWATCH]     at java.base@17.0.12/java.lang.Thread.run(Thread.java:842)
[21:13:38] [coreswap-stallwatch/INFO] (Minecraft) [STDOUT]: [STALLWATCH] "Worker-Main-6" id=69 state=WAITING daemon=true
[21:13:38] [coreswap-stallwatch/INFO] (Minecraft) [STDOUT]: [STALLWATCH]     at java.base@17.0.12/jdk.internal.misc.Unsafe.park(Native Method)
[21:13:38] [coreswap-stallwatch/INFO] (Minecraft) [STDOUT]: [STALLWATCH]     at java.base@17.0.12/java.util.concurrent.locks.LockSupport.park(LockSupport.java:341)
[21:13:38] [coreswap-stallwatch/INFO] (Minecraft) [STDOUT]: [STALLWATCH]     at java.base@17.0.12/java.util.concurrent.ForkJoinPool.awaitWork(ForkJoinPool.java:1724)
[21:13:38] [coreswap-stallwatch/INFO] (Minecraft) [STDOUT]: [STALLWATCH]     at java.base@17.0.12/java.util.concurrent.ForkJoinPool.runWorker(ForkJoinPool.java:1623)
[21:13:38] [coreswap-stallwatch/INFO] (Minecraft) [STDOUT]: [STALLWATCH]     at java.base@17.0.12/java.util.concurrent.ForkJoinWorkerThread.run(ForkJoinWorkerThread.java:165)
[21:13:38] [coreswap-stallwatch/INFO] (Minecraft) [STDOUT]: [STALLWATCH] "RCON Listener #1" id=97 state=RUNNABLE daemon=false
[21:13:38] [coreswap-stallwatch/INFO] (Minecraft) [STDOUT]: [STALLWATCH]     at java.base@17.0.12/sun.nio.ch.Net.poll(Native Method)
[21:13:38] [coreswap-stallwatch/INFO] (Minecraft) [STDOUT]: [STALLWATCH]     at java.base@17.0.12/sun.nio.ch.NioSocketImpl.park(NioSocketImpl.java:186)
[21:13:38] [coreswap-stallwatch/INFO] (Minecraft) [STDOUT]: [STALLWATCH]     at java.base@17.0.12/sun.nio.ch.NioSocketImpl.timedAccept(NioSocketImpl.java:715)
[21:13:38] [coreswap-stallwatch/INFO] (Minecraft) [STDOUT]: [STALLWATCH]     at java.base@17.0.12/sun.nio.ch.NioSocketImpl.accept(NioSocketImpl.java:757)
[21:13:38] [coreswap-stallwatch/INFO] (Minecraft) [STDOUT]: [STALLWATCH]     at java.base@17.0.12/java.net.ServerSocket.implAccept(ServerSocket.java:675)
[21:13:38] [coreswap-stallwatch/INFO] (Minecraft) [STDOUT]: [STALLWATCH]     at java.base@17.0.12/java.net.ServerSocket.platformImplAccept(ServerSocket.java:641)
[21:13:38] [coreswap-stallwatch/INFO] (Minecraft) [STDOUT]: [STALLWATCH]     at java.base@17.0.12/java.net.ServerSocket.implAccept(ServerSocket.java:617)
[21:13:38] [coreswap-stallwatch/INFO] (Minecraft) [STDOUT]: [STALLWATCH]     at java.base@17.0.12/java.net.ServerSocket.implAccept(ServerSocket.java:574)
[21:13:38] [coreswap-stallwatch/INFO] (Minecraft) [STDOUT]: [STALLWATCH]     at java.base@17.0.12/java.net.ServerSocket.accept(ServerSocket.java:532)
[21:13:38] [coreswap-stallwatch/INFO] (Minecraft) [STDOUT]: [STALLWATCH]     at net.minecraft.server.rcon.RconListener.run(RconListener.java:38)
[21:13:38] [coreswap-stallwatch/INFO] (Minecraft) [STDOUT]: [STALLWATCH]     at java.base@17.0.12/java.lang.Thread.run(Thread.java:842)
[21:13:38] [coreswap-stallwatch/INFO] (Minecraft) [STDOUT]: [STALLWATCH] "Worker-Main-7" id=70 state=WAITING daemon=true
[21:13:38] [coreswap-stallwatch/INFO] (Minecraft) [STDOUT]: [STALLWATCH]     at java.base@17.0.12/jdk.internal.misc.Unsafe.park(Native Method)
[21:13:38] [coreswap-stallwatch/INFO] (Minecraft) [STDOUT]: [STALLWATCH]     at java.base@17.0.12/java.util.concurrent.locks.LockSupport.park(LockSupport.java:341)
[21:13:38] [coreswap-stallwatch/INFO] (Minecraft) [STDOUT]: [STALLWATCH]     at java.base@17.0.12/java.util.concurrent.ForkJoinPool.awaitWork(ForkJoinPool.java:1724)
[21:13:38] [coreswap-stallwatch/INFO] (Minecraft) [STDOUT]: [STALLWATCH]     at java.base@17.0.12/java.util.concurrent.ForkJoinPool.runWorker(ForkJoinPool.java:1623)
[21:13:38] [coreswap-stallwatch/INFO] (Minecraft) [STDOUT]: [STALLWATCH]     at java.base@17.0.12/java.util.concurrent.ForkJoinWorkerThread.run(ForkJoinWorkerThread.java:165)
[21:13:38] [coreswap-stallwatch/INFO] (Minecraft) [STDOUT]: [STALLWATCH] "Worker-Main-1" id=64 state=WAITING daemon=true
[21:13:38] [coreswap-stallwatch/INFO] (Minecraft) [STDOUT]: [STALLWATCH]     at java.base@17.0.12/jdk.internal.misc.Unsafe.park(Native Method)
[21:13:38] [coreswap-stallwatch/INFO] (Minecraft) [STDOUT]: [STALLWATCH]     at java.base@17.0.12/java.util.concurrent.locks.LockSupport.park(LockSupport.java:341)
[21:13:38] [coreswap-stallwatch/INFO] (Minecraft) [STDOUT]: [STALLWATCH]     at java.base@17.0.12/java.util.concurrent.ForkJoinPool.awaitWork(ForkJoinPool.java:1724)
[21:13:38] [coreswap-stallwatch/INFO] (Minecraft) [STDOUT]: [STALLWATCH]     at java.base@17.0.12/java.util.concurrent.ForkJoinPool.runWorker(ForkJoinPool.java:1623)
[21:13:38] [coreswap-stallwatch/INFO] (Minecraft) [STDOUT]: [STALLWATCH]     at java.base@17.0.12/java.util.concurrent.ForkJoinWorkerThread.run(ForkJoinWorkerThread.java:165)
[21:13:38] [coreswap-stallwatch/INFO] (Minecraft) [STDOUT]: [STALLWATCH] "Worker-Main-14" id=77 state=WAITING daemon=true
[21:13:38] [coreswap-stallwatch/INFO] (Minecraft) [STDOUT]: [STALLWATCH]     at java.base@17.0.12/jdk.internal.misc.Unsafe.park(Native Method)
[21:13:38] [coreswap-stallwatch/INFO] (Minecraft) [STDOUT]: [STALLWATCH]     at java.base@17.0.12/java.util.concurrent.locks.LockSupport.park(LockSupport.java:341)
[21:13:38] [coreswap-stallwatch/INFO] (Minecraft) [STDOUT]: [STALLWATCH]     at java.base@17.0.12/java.util.concurrent.ForkJoinPool.awaitWork(ForkJoinPool.java:1724)
[21:13:38] [coreswap-stallwatch/INFO] (Minecraft) [STDOUT]: [STALLWATCH]     at java.base@17.0.12/java.util.concurrent.ForkJoinPool.runWorker(ForkJoinPool.java:1623)
[21:13:38] [coreswap-stallwatch/INFO] (Minecraft) [STDOUT]: [STALLWATCH]     at java.base@17.0.12/java.util.concurrent.ForkJoinWorkerThread.run(ForkJoinWorkerThread.java:165)
[21:13:38] [coreswap-stallwatch/INFO] (Minecraft) [STDOUT]: [STALLWATCH] "Yggdrasil Key Fetcher" id=61 state=TIMED_WAITING daemon=true
[21:13:38] [coreswap-stallwatch/INFO] (Minecraft) [STDOUT]: [STALLWATCH]     at java.base@17.0.12/jdk.internal.misc.Unsafe.park(Native Method)
[21:13:38] [coreswap-stallwatch/INFO] (Minecraft) [STDOUT]: [STALLWATCH]     at java.base@17.0.12/java.util.concurrent.locks.LockSupport.parkNanos(LockSupport.java:252)
[21:13:38] [coreswap-stallwatch/INFO] (Minecraft) [STDOUT]: [STALLWATCH]     at java.base@17.0.12/java.util.concurrent.locks.AbstractQueuedSynchronizer$ConditionObject.awaitNanos(AbstractQueuedSynchronizer.java:1672)
[21:13:38] [coreswap-stallwatch/INFO] (Minecraft) [STDOUT]: [STALLWATCH]     at java.base@17.0.12/java.util.concurrent.ScheduledThreadPoolExecutor$DelayedWorkQueue.take(ScheduledThreadPoolExecutor.java:1182)
[21:13:38] [coreswap-stallwatch/INFO] (Minecraft) [STDOUT]: [STALLWATCH]     at java.base@17.0.12/java.util.concurrent.ScheduledThreadPoolExecutor$DelayedWorkQueue.take(ScheduledThreadPoolExecutor.java:899)
[21:13:38] [coreswap-stallwatch/INFO] (Minecraft) [STDOUT]: [STALLWATCH]     at java.base@17.0.12/java.util.concurrent.ThreadPoolExecutor.getTask(ThreadPoolExecutor.java:1062)
[21:13:38] [coreswap-stallwatch/INFO] (Minecraft) [STDOUT]: [STALLWATCH]     at java.base@17.0.12/java.util.concurrent.ThreadPoolExecutor.runWorker(ThreadPoolExecutor.java:1122)
[21:13:38] [coreswap-stallwatch/INFO] (Minecraft) [STDOUT]: [STALLWATCH]     at java.base@17.0.12/java.util.concurrent.ThreadPoolExecutor$Worker.run(ThreadPoolExecutor.java:635)
[21:13:38] [coreswap-stallwatch/INFO] (Minecraft) [STDOUT]: [STALLWATCH]     at java.base@17.0.12/java.lang.Thread.run(Thread.java:842)
[21:13:38] [coreswap-stallwatch/INFO] (Minecraft) [STDOUT]: [STALLWATCH] "Server thread" id=87 state=TIMED_WAITING daemon=false
[21:13:38] [coreswap-stallwatch/INFO] (Minecraft) [STDOUT]: [STALLWATCH]     at java.base@17.0.12/jdk.internal.misc.Unsafe.park(Native Method)
[21:13:38] [coreswap-stallwatch/INFO] (Minecraft) [STDOUT]: [STALLWATCH]     at java.base@17.0.12/java.util.concurrent.locks.LockSupport.parkNanos(LockSupport.java:252)
[21:13:38] [coreswap-stallwatch/INFO] (Minecraft) [STDOUT]: [STALLWATCH]     at net.minecraft.util.thread.ThreadExecutor.waitForTasks(ThreadExecutor.java:133)
[21:13:38] [coreswap-stallwatch/INFO] (Minecraft) [STDOUT]: [STALLWATCH]     at net.minecraft.util.thread.ThreadExecutor.runTasks(ThreadExecutor.java:123)
[21:13:38] [coreswap-stallwatch/INFO] (Minecraft) [STDOUT]: [STALLWATCH]     at net.minecraft.server.MinecraftServer.runTasksTillTickEnd(MinecraftServer.java:788)
[21:13:38] [coreswap-stallwatch/INFO] (Minecraft) [STDOUT]: [STALLWATCH]     at net.minecraft.server.MinecraftServer.runServer(MinecraftServer.java:726)
[21:13:38] [coreswap-stallwatch/INFO] (Minecraft) [STDOUT]: [STALLWATCH]     at net.minecraft.server.MinecraftServer.method_29739(MinecraftServer.java:267)
[21:13:38] [coreswap-stallwatch/INFO] (Minecraft) [STDOUT]: [STALLWATCH]     at net.minecraft.server.MinecraftServer$$Lambda$5063/0x00000255b5ad0f88.run(Unknown Source)
[21:13:38] [coreswap-stallwatch/INFO] (Minecraft) [STDOUT]: [STALLWATCH]     at java.base@17.0.12/java.lang.Thread.run(Thread.java:842)
[21:13:38] [coreswap-stallwatch/INFO] (Minecraft) [STDOUT]: [STALLWATCH] "IO-Worker-26" id=94 state=TIMED_WAITING daemon=false
[21:13:38] [coreswap-stallwatch/INFO] (Minecraft) [STDOUT]: [STALLWATCH]     at java.base@17.0.12/jdk.internal.misc.Unsafe.park(Native Method)
[21:13:38] [coreswap-stallwatch/INFO] (Minecraft) [STDOUT]: [STALLWATCH]     at java.base@17.0.12/java.util.concurrent.locks.LockSupport.parkNanos(LockSupport.java:252)
[21:13:38] [coreswap-stallwatch/INFO] (Minecraft) [STDOUT]: [STALLWATCH]     at java.base@17.0.12/java.util.concurrent.SynchronousQueue$TransferStack.transfer(SynchronousQueue.java:401)
[21:13:38] [coreswap-stallwatch/INFO] (Minecraft) [STDOUT]: [STALLWATCH]     at java.base@17.0.12/java.util.concurrent.SynchronousQueue.poll(SynchronousQueue.java:903)
[21:13:38] [coreswap-stallwatch/INFO] (Minecraft) [STDOUT]: [STALLWATCH]     at java.base@17.0.12/java.util.concurrent.ThreadPoolExecutor.getTask(ThreadPoolExecutor.java:1061)
[21:13:38] [coreswap-stallwatch/INFO] (Minecraft) [STDOUT]: [STALLWATCH]     at java.base@17.0.12/java.util.concurrent.ThreadPoolExecutor.runWorker(ThreadPoolExecutor.java:1122)
[21:13:38] [coreswap-stallwatch/INFO] (Minecraft) [STDOUT]: [STALLWATCH]     at java.base@17.0.12/java.util.concurrent.ThreadPoolExecutor$Worker.run(ThreadPoolExecutor.java:635)
[21:13:38] [coreswap-stallwatch/INFO] (Minecraft) [STDOUT]: [STALLWATCH]     at java.base@17.0.12/java.lang.Thread.run(Thread.java:842)
[21:13:38] [coreswap-stallwatch/INFO] (Minecraft) [STDOUT]: [STALLWATCH] "JNA Cleaner" id=59 state=WAITING daemon=true
[21:13:38] [coreswap-stallwatch/INFO] (Minecraft) [STDOUT]: [STALLWATCH]     at java.base@17.0.12/java.lang.Object.wait(Native Method)
[21:13:38] [coreswap-stallwatch/INFO] (Minecraft) [STDOUT]: [STALLWATCH]     at java.base@17.0.12/java.lang.ref.ReferenceQueue.remove(ReferenceQueue.java:155)
[21:13:38] [coreswap-stallwatch/INFO] (Minecraft) [STDOUT]: [STALLWATCH]     at java.base@17.0.12/java.lang.ref.ReferenceQueue.remove(ReferenceQueue.java:176)
[21:13:38] [coreswap-stallwatch/INFO] (Minecraft) [STDOUT]: [STALLWATCH]     at com.sun.jna.internal.Cleaner$1.run(Cleaner.java:58)
[21:13:38] [coreswap-stallwatch/INFO] (Minecraft) [STDOUT]: [STALLWATCH] "Worker-Main-21" id=84 state=WAITING daemon=true
[21:13:38] [coreswap-stallwatch/INFO] (Minecraft) [STDOUT]: [STALLWATCH]     at java.base@17.0.12/jdk.internal.misc.Unsafe.park(Native Method)
[21:13:38] [coreswap-stallwatch/INFO] (Minecraft) [STDOUT]: [STALLWATCH]     at java.base@17.0.12/java.util.concurrent.locks.LockSupport.park(LockSupport.java:341)
[21:13:38] [coreswap-stallwatch/INFO] (Minecraft) [STDOUT]: [STALLWATCH]     at java.base@17.0.12/java.util.concurrent.ForkJoinPool.awaitWork(ForkJoinPool.java:1724)
[21:13:38] [coreswap-stallwatch/INFO] (Minecraft) [STDOUT]: [STALLWATCH]     at java.base@17.0.12/java.util.concurrent.ForkJoinPool.runWorker(ForkJoinPool.java:1623)
[21:13:38] [coreswap-stallwatch/INFO] (Minecraft) [STDOUT]: [STALLWATCH]     at java.base@17.0.12/java.util.concurrent.ForkJoinWorkerThread.run(ForkJoinWorkerThread.java:165)
[21:13:38] [coreswap-stallwatch/INFO] (Minecraft) [STDOUT]: [STALLWATCH] "Notification Thread" id=21 state=RUNNABLE daemon=true
[21:13:38] [coreswap-stallwatch/INFO] (Minecraft) [STDOUT]: [STALLWATCH] "DestroyJavaVM" id=89 state=RUNNABLE daemon=false
[21:13:38] [coreswap-stallwatch/INFO] (Minecraft) [STDOUT]: [STALLWATCH] "Attach Listener" id=5 state=RUNNABLE daemon=true
[21:13:38] [coreswap-stallwatch/INFO] (Minecraft) [STDOUT]: [STALLWATCH] "Signal Dispatcher" id=4 state=RUNNABLE daemon=true
[21:13:38] [coreswap-stallwatch/INFO] (Minecraft) [STDOUT]: [STALLWATCH] "Worker-Main-18" id=81 state=WAITING daemon=true
[21:13:38] [coreswap-stallwatch/INFO] (Minecraft) [STDOUT]: [STALLWATCH]     at java.base@17.0.12/jdk.internal.misc.Unsafe.park(Native Method)
[21:13:38] [coreswap-stallwatch/INFO] (Minecraft) [STDOUT]: [STALLWATCH]     at java.base@17.0.12/java.util.concurrent.locks.LockSupport.park(LockSupport.java:341)
[21:13:38] [coreswap-stallwatch/INFO] (Minecraft) [STDOUT]: [STALLWATCH]     at java.base@17.0.12/java.util.concurrent.ForkJoinPool.awaitWork(ForkJoinPool.java:1724)
[21:13:38] [coreswap-stallwatch/INFO] (Minecraft) [STDOUT]: [STALLWATCH]     at java.base@17.0.12/java.util.concurrent.ForkJoinPool.runWorker(ForkJoinPool.java:1623)
[21:13:38] [coreswap-stallwatch/INFO] (Minecraft) [STDOUT]: [STALLWATCH]     at java.base@17.0.12/java.util.concurrent.ForkJoinWorkerThread.run(ForkJoinWorkerThread.java:165)
[21:13:38] [coreswap-stallwatch/INFO] (Minecraft) [STDOUT]: [STALLWATCH] "Worker-Main-5" id=68 state=WAITING daemon=true
[21:13:38] [coreswap-stallwatch/INFO] (Minecraft) [STDOUT]: [STALLWATCH]     at java.base@17.0.12/jdk.internal.misc.Unsafe.park(Native Method)
[21:13:38] [coreswap-stallwatch/INFO] (Minecraft) [STDOUT]: [STALLWATCH]     at java.base@17.0.12/java.util.concurrent.locks.LockSupport.park(LockSupport.java:341)
[21:13:38] [coreswap-stallwatch/INFO] (Minecraft) [STDOUT]: [STALLWATCH]     at java.base@17.0.12/java.util.concurrent.ForkJoinPool.awaitWork(ForkJoinPool.java:1724)
[21:13:38] [coreswap-stallwatch/INFO] (Minecraft) [STDOUT]: [STALLWATCH]     at java.base@17.0.12/java.util.concurrent.ForkJoinPool.runWorker(ForkJoinPool.java:1623)
[21:13:38] [coreswap-stallwatch/INFO] (Minecraft) [STDOUT]: [STALLWATCH]     at java.base@17.0.12/java.util.concurrent.ForkJoinWorkerThread.run(ForkJoinWorkerThread.java:165)
[21:13:38] [coreswap-stallwatch/INFO] (Minecraft) [STDOUT]: [STALLWATCH] "coreswap-stallwatch" id=98 state=RUNNABLE daemon=true
[21:13:38] [coreswap-stallwatch/INFO] (Minecraft) [STDOUT]: [STALLWATCH]     at java.base@17.0.12/java.lang.Thread.dumpThreads(Native Method)
[21:13:38] [coreswap-stallwatch/INFO] (Minecraft) [STDOUT]: [STALLWATCH]     at java.base@17.0.12/java.lang.Thread.getAllStackTraces(Thread.java:1673)
[21:13:38] [coreswap-stallwatch/INFO] (Minecraft) [STDOUT]: [STALLWATCH]     at wg.bench.StallWatch.lambda$start$0(StallWatch.java:41)
[21:13:38] [coreswap-stallwatch/INFO] (Minecraft) [STDOUT]: [STALLWATCH]     at wg.bench.StallWatch$$Lambda$5791/0x00000255b5c25080.run(Unknown Source)
[21:13:38] [coreswap-stallwatch/INFO] (Minecraft) [STDOUT]: [STALLWATCH]     at java.base@17.0.12/java.lang.Thread.run(Thread.java:842)
[21:13:38] [coreswap-stallwatch/INFO] (Minecraft) [STDOUT]: [STALLWATCH] "Worker-Main-16" id=79 state=WAITING daemon=true
[21:13:38] [coreswap-stallwatch/INFO] (Minecraft) [STDOUT]: [STALLWATCH]     at java.base@17.0.12/jdk.internal.misc.Unsafe.park(Native Method)
[21:13:38] [coreswap-stallwatch/INFO] (Minecraft) [STDOUT]: [STALLWATCH]     at java.base@17.0.12/java.util.concurrent.locks.LockSupport.park(LockSupport.java:341)
[21:13:38] [coreswap-stallwatch/INFO] (Minecraft) [STDOUT]: [STALLWATCH]     at java.base@17.0.12/java.util.concurrent.ForkJoinPool.awaitWork(ForkJoinPool.java:1724)
[21:13:38] [coreswap-stallwatch/INFO] (Minecraft) [STDOUT]: [STALLWATCH]     at java.base@17.0.12/java.util.concurrent.ForkJoinPool.runWorker(ForkJoinPool.java:1623)
[21:13:38] [coreswap-stallwatch/INFO] (Minecraft) [STDOUT]: [STALLWATCH]     at java.base@17.0.12/java.util.concurrent.ForkJoinWorkerThread.run(ForkJoinWorkerThread.java:165)
[21:13:38] [coreswap-stallwatch/INFO] (Minecraft) [STDOUT]: [STALLWATCH] "Worker-Main-8" id=71 state=WAITING daemon=true
[21:13:38] [coreswap-stallwatch/INFO] (Minecraft) [STDOUT]: [STALLWATCH]     at java.base@17.0.12/jdk.internal.misc.Unsafe.park(Native Method)
[21:13:38] [coreswap-stallwatch/INFO] (Minecraft) [STDOUT]: [STALLWATCH]     at java.base@17.0.12/java.util.concurrent.locks.LockSupport.park(LockSupport.java:341)
[21:13:38] [coreswap-stallwatch/INFO] (Minecraft) [STDOUT]: [STALLWATCH]     at java.base@17.0.12/java.util.concurrent.ForkJoinPool.awaitWork(ForkJoinPool.java:1724)
[21:13:38] [coreswap-stallwatch/INFO] (Minecraft) [STDOUT]: [STALLWATCH]     at java.base@17.0.12/java.util.concurrent.ForkJoinPool.runWorker(ForkJoinPool.java:1623)
[21:13:38] [coreswap-stallwatch/INFO] (Minecraft) [STDOUT]: [STALLWATCH]     at java.base@17.0.12/java.util.concurrent.ForkJoinWorkerThread.run(ForkJoinWorkerThread.java:165)
[21:13:38] [coreswap-stallwatch/INFO] (Minecraft) [STDOUT]: [STALLWATCH] "IO-Worker-25" id=93 state=TIMED_WAITING daemon=false
[21:13:38] [coreswap-stallwatch/INFO] (Minecraft) [STDOUT]: [STALLWATCH]     at java.base@17.0.12/jdk.internal.misc.Unsafe.park(Native Method)
[21:13:38] [coreswap-stallwatch/INFO] (Minecraft) [STDOUT]: [STALLWATCH]     at java.base@17.0.12/java.util.concurrent.locks.LockSupport.parkNanos(LockSupport.java:252)
[21:13:38] [coreswap-stallwatch/INFO] (Minecraft) [STDOUT]: [STALLWATCH]     at java.base@17.0.12/java.util.concurrent.SynchronousQueue$TransferStack.transfer(SynchronousQueue.java:401)
[21:13:38] [coreswap-stallwatch/INFO] (Minecraft) [STDOUT]: [STALLWATCH]     at java.base@17.0.12/java.util.concurrent.SynchronousQueue.poll(SynchronousQueue.java:903)
[21:13:38] [coreswap-stallwatch/INFO] (Minecraft) [STDOUT]: [STALLWATCH]     at java.base@17.0.12/java.util.concurrent.ThreadPoolExecutor.getTask(ThreadPoolExecutor.java:1061)
[21:13:38] [coreswap-stallwatch/INFO] (Minecraft) [STDOUT]: [STALLWATCH]     at java.base@17.0.12/java.util.concurrent.ThreadPoolExecutor.runWorker(ThreadPoolExecutor.java:1122)
[21:13:38] [coreswap-stallwatch/INFO] (Minecraft) [STDOUT]: [STALLWATCH]     at java.base@17.0.12/java.util.concurrent.ThreadPoolExecutor$Worker.run(ThreadPoolExecutor.java:635)
[21:13:38] [coreswap-stallwatch/INFO] (Minecraft) [STDOUT]: [STALLWATCH]     at java.base@17.0.12/java.lang.Thread.run(Thread.java:842)
[21:13:38] [coreswap-stallwatch/INFO] (Minecraft) [STDOUT]: [STALLWATCH] === end ===
[21:13:43] [Server thread/INFO] (Minecraft) [Chunky] Task running for minecraft:overworld. Processed: 3343 chunks (79.12%), ETA: 0:00:47, Rate: 18.4 cps, Current: 0, 24
[21:13:45] [RCON Listener #1/INFO] (Minecraft) Thread RCON Client /127.0.0.1 started
[21:13:45] [RCON Client /127.0.0.1 #17/INFO] (Minecraft) Thread RCON Client /127.0.0.1 shutting down
[21:13:50] [Worker-Main-20/INFO] (Minecraft) [STDOUT]: [CHUNKTIME] n=3840 perChunk(ms): mixin=50.20 gap=1168.74 | sumMixin=192.8s sumGap=4488.0s | inflight max=1 now=1
[21:13:53] [Server thread/INFO] (Minecraft) [Chunky] Task running for minecraft:overworld. Processed: 3654 chunks (86.49%), ETA: 0:00:24, Rate: 23.0 cps, Current: 10, 23
[21:14:03] [Server thread/INFO] (Minecraft) [Chunky] Task running for minecraft:overworld. Processed: 4102 chunks (97.09%), ETA: 0:00:03, Rate: 33.5 cps, Current: 6, 31
[21:14:05] [Worker-Main-20/INFO] (Minecraft) [STDOUT]: [CHUNKTIME] n=4096 perChunk(ms): mixin=50.42 gap=1178.28 | sumMixin=206.5s sumGap=4826.2s | inflight max=1 now=1
[21:14:05] [RCON Listener #1/INFO] (Minecraft) Thread RCON Client /127.0.0.1 started
[21:14:05] [RCON Client /127.0.0.1 #18/INFO] (Minecraft) Thread RCON Client /127.0.0.1 shutting down
[21:14:08] [Server thread/INFO] (Minecraft) [Chunky] Task finished for minecraft:overworld. Processed: 4225 chunks (100.00%), Total time: 0:03:47
[21:14:08] [coreswap-stallwatch/INFO] (Minecraft) [STDOUT]: [STALLWATCH] === thread dump @ Thu Sep 10 21:14:08 HKT 2026 (interval=30s) ===
[21:14:08] [coreswap-stallwatch/INFO] (Minecraft) [STDOUT]: [STALLWATCH] "Timer hack thread" id=60 state=TIMED_WAITING daemon=true
[21:14:08] [coreswap-stallwatch/INFO] (Minecraft) [STDOUT]: [STALLWATCH]     at java.base@17.0.12/java.lang.Thread.sleep(Native Method)
[21:14:08] [coreswap-stallwatch/INFO] (Minecraft) [STDOUT]: [STALLWATCH]     at net.minecraft.util.Util$9.run(Util.java:863)
[21:14:08] [coreswap-stallwatch/INFO] (Minecraft) [STDOUT]: [STALLWATCH] "Worker-Main-2" id=65 state=WAITING daemon=true
[21:14:08] [coreswap-stallwatch/INFO] (Minecraft) [STDOUT]: [STALLWATCH]     at java.base@17.0.12/jdk.internal.misc.Unsafe.park(Native Method)
[21:14:08] [coreswap-stallwatch/INFO] (Minecraft) [STDOUT]: [STALLWATCH]     at java.base@17.0.12/java.util.concurrent.locks.LockSupport.park(LockSupport.java:341)
[21:14:08] [coreswap-stallwatch/INFO] (Minecraft) [STDOUT]: [STALLWATCH]     at java.base@17.0.12/java.util.concurrent.ForkJoinPool.awaitWork(ForkJoinPool.java:1724)
[21:14:08] [coreswap-stallwatch/INFO] (Minecraft) [STDOUT]: [STALLWATCH]     at java.base@17.0.12/java.util.concurrent.ForkJoinPool.runWorker(ForkJoinPool.java:1623)
[21:14:08] [coreswap-stallwatch/INFO] (Minecraft) [STDOUT]: [STALLWATCH]     at java.base@17.0.12/java.util.concurrent.ForkJoinWorkerThread.run(ForkJoinWorkerThread.java:165)
[21:14:08] [coreswap-stallwatch/INFO] (Minecraft) [STDOUT]: [STALLWATCH] "Worker-Main-17" id=80 state=WAITING daemon=true
[21:14:08] [coreswap-stallwatch/INFO] (Minecraft) [STDOUT]: [STALLWATCH]     at java.base@17.0.12/jdk.internal.misc.Unsafe.park(Native Method)
[21:14:08] [coreswap-stallwatch/INFO] (Minecraft) [STDOUT]: [STALLWATCH]     at java.base@17.0.12/java.util.concurrent.locks.LockSupport.park(LockSupport.java:341)
[21:14:08] [coreswap-stallwatch/INFO] (Minecraft) [STDOUT]: [STALLWATCH]     at java.base@17.0.12/java.util.concurrent.ForkJoinPool.awaitWork(ForkJoinPool.java:1724)
[21:14:08] [coreswap-stallwatch/INFO] (Minecraft) [STDOUT]: [STALLWATCH]     at java.base@17.0.12/java.util.concurrent.ForkJoinPool.runWorker(ForkJoinPool.java:1623)
[21:14:08] [coreswap-stallwatch/INFO] (Minecraft) [STDOUT]: [STALLWATCH]     at java.base@17.0.12/java.util.concurrent.ForkJoinWorkerThread.run(ForkJoinWorkerThread.java:165)
[21:14:08] [coreswap-stallwatch/INFO] (Minecraft) [STDOUT]: [STALLWATCH] "Worker-Main-23" id=86 state=WAITING daemon=true
[21:14:08] [coreswap-stallwatch/INFO] (Minecraft) [STDOUT]: [STALLWATCH]     at java.base@17.0.12/jdk.internal.misc.Unsafe.park(Native Method)
[21:14:08] [coreswap-stallwatch/INFO] (Minecraft) [STDOUT]: [STALLWATCH]     at java.base@17.0.12/java.util.concurrent.locks.LockSupport.park(LockSupport.java:341)
[21:14:08] [coreswap-stallwatch/INFO] (Minecraft) [STDOUT]: [STALLWATCH]     at java.base@17.0.12/java.util.concurrent.ForkJoinPool.awaitWork(ForkJoinPool.java:1724)
[21:14:08] [coreswap-stallwatch/INFO] (Minecraft) [STDOUT]: [STALLWATCH]     at java.base@17.0.12/java.util.concurrent.ForkJoinPool.runWorker(ForkJoinPool.java:1623)
[21:14:08] [coreswap-stallwatch/INFO] (Minecraft) [STDOUT]: [STALLWATCH]     at java.base@17.0.12/java.util.concurrent.ForkJoinWorkerThread.run(ForkJoinWorkerThread.java:165)
[21:14:08] [coreswap-stallwatch/INFO] (Minecraft) [STDOUT]: [STALLWATCH] "Worker-Main-9" id=72 state=WAITING daemon=true
[21:14:08] [coreswap-stallwatch/INFO] (Minecraft) [STDOUT]: [STALLWATCH]     at java.base@17.0.12/jdk.internal.misc.Unsafe.park(Native Method)
[21:14:08] [coreswap-stallwatch/INFO] (Minecraft) [STDOUT]: [STALLWATCH]     at java.base@17.0.12/java.util.concurrent.locks.LockSupport.park(LockSupport.java:341)
[21:14:08] [coreswap-stallwatch/INFO] (Minecraft) [STDOUT]: [STALLWATCH]     at java.base@17.0.12/java.util.concurrent.ForkJoinPool.awaitWork(ForkJoinPool.java:1724)
[21:14:08] [coreswap-stallwatch/INFO] (Minecraft) [STDOUT]: [STALLWATCH]     at java.base@17.0.12/java.util.concurrent.ForkJoinPool.runWorker(ForkJoinPool.java:1623)
[21:14:08] [coreswap-stallwatch/INFO] (Minecraft) [STDOUT]: [STALLWATCH]     at java.base@17.0.12/java.util.concurrent.ForkJoinWorkerThread.run(ForkJoinWorkerThread.java:165)
[21:14:08] [coreswap-stallwatch/INFO] (Minecraft) [STDOUT]: [STALLWATCH] "Worker-Main-10" id=73 state=WAITING daemon=true
[21:14:08] [coreswap-stallwatch/INFO] (Minecraft) [STDOUT]: [STALLWATCH]     at java.base@17.0.12/jdk.internal.misc.Unsafe.park(Native Method)
[21:14:08] [coreswap-stallwatch/INFO] (Minecraft) [STDOUT]: [STALLWATCH]     at java.base@17.0.12/java.util.concurrent.locks.LockSupport.park(LockSupport.java:341)
[21:14:08] [coreswap-stallwatch/INFO] (Minecraft) [STDOUT]: [STALLWATCH]     at java.base@17.0.12/java.util.concurrent.ForkJoinPool.awaitWork(ForkJoinPool.java:1724)
[21:14:08] [coreswap-stallwatch/INFO] (Minecraft) [STDOUT]: [STALLWATCH]     at java.base@17.0.12/java.util.concurrent.ForkJoinPool.runWorker(ForkJoinPool.java:1623)
[21:14:08] [coreswap-stallwatch/INFO] (Minecraft) [STDOUT]: [STALLWATCH]     at java.base@17.0.12/java.util.concurrent.ForkJoinWorkerThread.run(ForkJoinWorkerThread.java:165)
[21:14:08] [coreswap-stallwatch/INFO] (Minecraft) [STDOUT]: [STALLWATCH] "Worker-Main-15" id=78 state=WAITING daemon=true
[21:14:08] [coreswap-stallwatch/INFO] (Minecraft) [STDOUT]: [STALLWATCH]     at java.base@17.0.12/jdk.internal.misc.Unsafe.park(Native Method)
[21:14:08] [coreswap-stallwatch/INFO] (Minecraft) [STDOUT]: [STALLWATCH]     at java.base@17.0.12/java.util.concurrent.locks.LockSupport.park(LockSupport.java:341)
[21:14:08] [coreswap-stallwatch/INFO] (Minecraft) [STDOUT]: [STALLWATCH]     at java.base@17.0.12/java.util.concurrent.ForkJoinPool.awaitWork(ForkJoinPool.java:1724)
[21:14:08] [coreswap-stallwatch/INFO] (Minecraft) [STDOUT]: [STALLWATCH]     at java.base@17.0.12/java.util.concurrent.ForkJoinPool.runWorker(ForkJoinPool.java:1623)
[21:14:08] [coreswap-stallwatch/INFO] (Minecraft) [STDOUT]: [STALLWATCH]     at java.base@17.0.12/java.util.concurrent.ForkJoinWorkerThread.run(ForkJoinWorkerThread.java:165)
[21:14:08] [coreswap-stallwatch/INFO] (Minecraft) [STDOUT]: [STALLWATCH] "Worker-Main-3" id=66 state=WAITING daemon=true
[21:14:08] [coreswap-stallwatch/INFO] (Minecraft) [STDOUT]: [STALLWATCH]     at java.base@17.0.12/jdk.internal.misc.Unsafe.park(Native Method)
[21:14:08] [coreswap-stallwatch/INFO] (Minecraft) [STDOUT]: [STALLWATCH]     at java.base@17.0.12/java.util.concurrent.locks.LockSupport.park(LockSupport.java:341)
[21:14:08] [coreswap-stallwatch/INFO] (Minecraft) [STDOUT]: [STALLWATCH]     at java.base@17.0.12/java.util.concurrent.ForkJoinPool.awaitWork(ForkJoinPool.java:1724)
[21:14:08] [coreswap-stallwatch/INFO] (Minecraft) [STDOUT]: [STALLWATCH]     at java.base@17.0.12/java.util.concurrent.ForkJoinPool.runWorker(ForkJoinPool.java:1623)
[21:14:08] [coreswap-stallwatch/INFO] (Minecraft) [STDOUT]: [STALLWATCH]     at java.base@17.0.12/java.util.concurrent.ForkJoinWorkerThread.run(ForkJoinWorkerThread.java:165)
[21:14:08] [coreswap-stallwatch/INFO] (Minecraft) [STDOUT]: [STALLWATCH] "Worker-Main-22" id=85 state=WAITING daemon=true
[21:14:08] [coreswap-stallwatch/INFO] (Minecraft) [STDOUT]: [STALLWATCH]     at java.base@17.0.12/jdk.internal.misc.Unsafe.park(Native Method)
[21:14:08] [coreswap-stallwatch/INFO] (Minecraft) [STDOUT]: [STALLWATCH]     at java.base@17.0.12/java.util.concurrent.locks.LockSupport.park(LockSupport.java:341)
[21:14:08] [coreswap-stallwatch/INFO] (Minecraft) [STDOUT]: [STALLWATCH]     at java.base@17.0.12/java.util.concurrent.ForkJoinPool.awaitWork(ForkJoinPool.java:1724)
[21:14:08] [coreswap-stallwatch/INFO] (Minecraft) [STDOUT]: [STALLWATCH]     at java.base@17.0.12/java.util.concurrent.ForkJoinPool.runWorker(ForkJoinPool.java:1623)
[21:14:08] [coreswap-stallwatch/INFO] (Minecraft) [STDOUT]: [STALLWATCH]     at java.base@17.0.12/java.util.concurrent.ForkJoinWorkerThread.run(ForkJoinWorkerThread.java:165)
[21:14:08] [coreswap-stallwatch/INFO] (Minecraft) [STDOUT]: [STALLWATCH] "Worker-Main-11" id=74 state=WAITING daemon=true
[21:14:08] [coreswap-stallwatch/INFO] (Minecraft) [STDOUT]: [STALLWATCH]     at java.base@17.0.12/jdk.internal.misc.Unsafe.park(Native Method)
[21:14:08] [coreswap-stallwatch/INFO] (Minecraft) [STDOUT]: [STALLWATCH]     at java.base@17.0.12/java.util.concurrent.locks.LockSupport.park(LockSupport.java:341)
[21:14:08] [coreswap-stallwatch/INFO] (Minecraft) [STDOUT]: [STALLWATCH]     at java.base@17.0.12/java.util.concurrent.ForkJoinPool.awaitWork(ForkJoinPool.java:1724)
[21:14:08] [coreswap-stallwatch/INFO] (Minecraft) [STDOUT]: [STALLWATCH]     at java.base@17.0.12/java.util.concurrent.ForkJoinPool.runWorker(ForkJoinPool.java:1623)
[21:14:08] [coreswap-stallwatch/INFO] (Minecraft) [STDOUT]: [STALLWATCH]     at java.base@17.0.12/java.util.concurrent.ForkJoinWorkerThread.run(ForkJoinWorkerThread.java:165)
[21:14:08] [coreswap-stallwatch/INFO] (Minecraft) [STDOUT]: [STALLWATCH] "Worker-Main-20" id=83 state=WAITING daemon=true
[21:14:08] [coreswap-stallwatch/INFO] (Minecraft) [STDOUT]: [STALLWATCH]     at java.base@17.0.12/jdk.internal.misc.Unsafe.park(Native Method)
[21:14:08] [coreswap-stallwatch/INFO] (Minecraft) [STDOUT]: [STALLWATCH]     at java.base@17.0.12/java.util.concurrent.locks.LockSupport.park(LockSupport.java:341)
[21:14:08] [coreswap-stallwatch/INFO] (Minecraft) [STDOUT]: [STALLWATCH]     at java.base@17.0.12/java.util.concurrent.ForkJoinPool.awaitWork(ForkJoinPool.java:1724)
[21:14:08] [coreswap-stallwatch/INFO] (Minecraft) [STDOUT]: [STALLWATCH]     at java.base@17.0.12/java.util.concurrent.ForkJoinPool.runWorker(ForkJoinPool.java:1623)
[21:14:08] [coreswap-stallwatch/INFO] (Minecraft) [STDOUT]: [STALLWATCH]     at java.base@17.0.12/java.util.concurrent.ForkJoinWorkerThread.run(ForkJoinWorkerThread.java:165)
[21:14:08] [coreswap-stallwatch/INFO] (Minecraft) [STDOUT]: [STALLWATCH] "Finalizer" id=3 state=WAITING daemon=true
[21:14:08] [coreswap-stallwatch/INFO] (Minecraft) [STDOUT]: [STALLWATCH]     at java.base@17.0.12/java.lang.Object.wait(Native Method)
[21:14:08] [coreswap-stallwatch/INFO] (Minecraft) [STDOUT]: [STALLWATCH]     at java.base@17.0.12/java.lang.ref.ReferenceQueue.remove(ReferenceQueue.java:155)
[21:14:08] [coreswap-stallwatch/INFO] (Minecraft) [STDOUT]: [STALLWATCH]     at java.base@17.0.12/java.lang.ref.ReferenceQueue.remove(ReferenceQueue.java:176)
[21:14:08] [coreswap-stallwatch/INFO] (Minecraft) [STDOUT]: [STALLWATCH]     at java.base@17.0.12/java.lang.ref.Finalizer$FinalizerThread.run(Finalizer.java:172)
[21:14:08] [coreswap-stallwatch/INFO] (Minecraft) [STDOUT]: [STALLWATCH] "Reference Handler" id=2 state=RUNNABLE daemon=true
[21:14:08] [coreswap-stallwatch/INFO] (Minecraft) [STDOUT]: [STALLWATCH]     at java.base@17.0.12/java.lang.ref.Reference.waitForReferencePendingList(Native Method)
[21:14:08] [coreswap-stallwatch/INFO] (Minecraft) [STDOUT]: [STALLWATCH]     at java.base@17.0.12/java.lang.ref.Reference.processPendingReferences(Reference.java:253)
[21:14:08] [coreswap-stallwatch/INFO] (Minecraft) [STDOUT]: [STALLWATCH]     at java.base@17.0.12/java.lang.ref.Reference$ReferenceHandler.run(Reference.java:215)
[21:14:08] [coreswap-stallwatch/INFO] (Minecraft) [STDOUT]: [STALLWATCH] "Worker-Main-19" id=82 state=WAITING daemon=true
[21:14:08] [coreswap-stallwatch/INFO] (Minecraft) [STDOUT]: [STALLWATCH]     at java.base@17.0.12/jdk.internal.misc.Unsafe.park(Native Method)
[21:14:08] [coreswap-stallwatch/INFO] (Minecraft) [STDOUT]: [STALLWATCH]     at java.base@17.0.12/java.util.concurrent.locks.LockSupport.park(LockSupport.java:341)
[21:14:08] [coreswap-stallwatch/INFO] (Minecraft) [STDOUT]: [STALLWATCH]     at java.base@17.0.12/java.util.concurrent.ForkJoinPool.awaitWork(ForkJoinPool.java:1724)
[21:14:08] [coreswap-stallwatch/INFO] (Minecraft) [STDOUT]: [STALLWATCH]     at java.base@17.0.12/java.util.concurrent.ForkJoinPool.runWorker(ForkJoinPool.java:1623)
[21:14:08] [coreswap-stallwatch/INFO] (Minecraft) [STDOUT]: [STALLWATCH]     at java.base@17.0.12/java.util.concurrent.ForkJoinWorkerThread.run(ForkJoinWorkerThread.java:165)
[21:14:08] [coreswap-stallwatch/INFO] (Minecraft) [STDOUT]: [STALLWATCH] "Common-Cleaner" id=22 state=TIMED_WAITING daemon=true
[21:14:08] [coreswap-stallwatch/INFO] (Minecraft) [STDOUT]: [STALLWATCH]     at java.base@17.0.12/java.lang.Object.wait(Native Method)
[21:14:08] [coreswap-stallwatch/INFO] (Minecraft) [STDOUT]: [STALLWATCH]     at java.base@17.0.12/java.lang.ref.ReferenceQueue.remove(ReferenceQueue.java:155)
[21:14:08] [coreswap-stallwatch/INFO] (Minecraft) [STDOUT]: [STALLWATCH]     at java.base@17.0.12/jdk.internal.ref.CleanerImpl.run(CleanerImpl.java:140)
[21:14:08] [coreswap-stallwatch/INFO] (Minecraft) [STDOUT]: [STALLWATCH]     at java.base@17.0.12/java.lang.Thread.run(Thread.java:842)
[21:14:08] [coreswap-stallwatch/INFO] (Minecraft) [STDOUT]: [STALLWATCH]     at java.base@17.0.12/jdk.internal.misc.InnocuousThread.run(InnocuousThread.java:162)
[21:14:08] [coreswap-stallwatch/INFO] (Minecraft) [STDOUT]: [STALLWATCH] "IO-Worker-24" id=92 state=RUNNABLE daemon=false
[21:14:08] [coreswap-stallwatch/INFO] (Minecraft) [STDOUT]: [STALLWATCH]     at java.base@17.0.12/sun.nio.ch.FileDispatcherImpl.pwrite0(Native Method)
[21:14:08] [coreswap-stallwatch/INFO] (Minecraft) [STDOUT]: [STALLWATCH]     at java.base@17.0.12/sun.nio.ch.FileDispatcherImpl.pwrite(FileDispatcherImpl.java:74)
[21:14:08] [coreswap-stallwatch/INFO] (Minecraft) [STDOUT]: [STALLWATCH]     at java.base@17.0.12/sun.nio.ch.IOUtil.writeFromNativeBuffer(IOUtil.java:130)
[21:14:08] [coreswap-stallwatch/INFO] (Minecraft) [STDOUT]: [STALLWATCH]     at java.base@17.0.12/sun.nio.ch.IOUtil.write(IOUtil.java:76)
[21:14:08] [coreswap-stallwatch/INFO] (Minecraft) [STDOUT]: [STALLWATCH]     at java.base@17.0.12/sun.nio.ch.IOUtil.write(IOUtil.java:67)
[21:14:08] [coreswap-stallwatch/INFO] (Minecraft) [STDOUT]: [STALLWATCH]     at java.base@17.0.12/sun.nio.ch.FileChannelImpl.writeInternal(FileChannelImpl.java:878)
[21:14:08] [coreswap-stallwatch/INFO] (Minecraft) [STDOUT]: [STALLWATCH]     at java.base@17.0.12/sun.nio.ch.FileChannelImpl.write(FileChannelImpl.java:861)
[21:14:08] [coreswap-stallwatch/INFO] (Minecraft) [STDOUT]: [STALLWATCH]     at net.minecraft.world.storage.RegionFile.writeHeader(RegionFile.java:336)
[21:14:08] [coreswap-stallwatch/INFO] (Minecraft) [STDOUT]: [STALLWATCH]     at net.minecraft.world.storage.RegionFile.writeChunk(RegionFile.java:293)
[21:14:08] [coreswap-stallwatch/INFO] (Minecraft) [STDOUT]: [STALLWATCH]     at net.minecraft.world.storage.RegionFile$ChunkBuffer.close(RegionFile.java:389)
[21:14:08] [coreswap-stallwatch/INFO] (Minecraft) [STDOUT]: [STALLWATCH]     at java.base@17.0.12/java.util.zip.DeflaterOutputStream.close(DeflaterOutputStream.java:249)
[21:14:08] [coreswap-stallwatch/INFO] (Minecraft) [STDOUT]: [STALLWATCH]     at java.base@17.0.12/java.io.FilterOutputStream.close(FilterOutputStream.java:188)
[21:14:08] [coreswap-stallwatch/INFO] (Minecraft) [STDOUT]: [STALLWATCH]     at java.base@17.0.12/java.io.FilterOutputStream.close(FilterOutputStream.java:188)
[21:14:08] [coreswap-stallwatch/INFO] (Minecraft) [STDOUT]: [STALLWATCH]     at net.minecraft.world.storage.RegionBasedStorage.write(RegionBasedStorage.java:132)
[21:14:08] [coreswap-stallwatch/INFO] (Minecraft) [STDOUT]: [STALLWATCH]     at net.minecraft.world.storage.StorageIoWorker.write(StorageIoWorker.java:219)
[21:14:08] [coreswap-stallwatch/INFO] (Minecraft) [STDOUT]: [STALLWATCH]     at net.minecraft.world.storage.StorageIoWorker.writeResult(StorageIoWorker.java:208)
[21:14:08] [coreswap-stallwatch/INFO] (Minecraft) [STDOUT]: [STALLWATCH]     at net.minecraft.world.storage.StorageIoWorker$$Lambda$5264/0x00000255b5b8d800.run(Unknown Source)
[21:14:08] [coreswap-stallwatch/INFO] (Minecraft) [STDOUT]: [STALLWATCH]     at net.minecraft.util.thread.TaskQueue$PrioritizedTask.run(TaskQueue.java:76)
[21:14:08] [coreswap-stallwatch/INFO] (Minecraft) [STDOUT]: [STALLWATCH]     at net.minecraft.util.thread.TaskExecutor.runNext(TaskExecutor.java:79)
[21:14:08] [coreswap-stallwatch/INFO] (Minecraft) [STDOUT]: [STALLWATCH]     at net.minecraft.util.thread.TaskExecutor.runWhile(TaskExecutor.java:129)
[21:14:08] [coreswap-stallwatch/INFO] (Minecraft) [STDOUT]: [STALLWATCH]     at net.minecraft.util.thread.TaskExecutor.run(TaskExecutor.java:87)
[21:14:08] [coreswap-stallwatch/INFO] (Minecraft) [STDOUT]: [STALLWATCH]     at java.base@17.0.12/java.util.concurrent.ThreadPoolExecutor.runWorker(ThreadPoolExecutor.java:1136)
[21:14:08] [coreswap-stallwatch/INFO] (Minecraft) [STDOUT]: [STALLWATCH]     at java.base@17.0.12/java.util.concurrent.ThreadPoolExecutor$Worker.run(ThreadPoolExecutor.java:635)
[21:14:08] [coreswap-stallwatch/INFO] (Minecraft) [STDOUT]: [STALLWATCH]     at java.base@17.0.12/java.lang.Thread.run(Thread.java:842)
[21:14:08] [coreswap-stallwatch/INFO] (Minecraft) [STDOUT]: [STALLWATCH] "IO-Worker-27" id=95 state=TIMED_WAITING daemon=false
[21:14:08] [coreswap-stallwatch/INFO] (Minecraft) [STDOUT]: [STALLWATCH]     at java.base@17.0.12/jdk.internal.misc.Unsafe.park(Native Method)
[21:14:08] [coreswap-stallwatch/INFO] (Minecraft) [STDOUT]: [STALLWATCH]     at java.base@17.0.12/java.util.concurrent.locks.LockSupport.parkNanos(LockSupport.java:252)
[21:14:08] [coreswap-stallwatch/INFO] (Minecraft) [STDOUT]: [STALLWATCH]     at java.base@17.0.12/java.util.concurrent.SynchronousQueue$TransferStack.transfer(SynchronousQueue.java:401)
[21:14:08] [coreswap-stallwatch/INFO] (Minecraft) [STDOUT]: [STALLWATCH]     at java.base@17.0.12/java.util.concurrent.SynchronousQueue.poll(SynchronousQueue.java:903)
[21:14:08] [coreswap-stallwatch/INFO] (Minecraft) [STDOUT]: [STALLWATCH]     at java.base@17.0.12/java.util.concurrent.ThreadPoolExecutor.getTask(ThreadPoolExecutor.java:1061)
[21:14:08] [coreswap-stallwatch/INFO] (Minecraft) [STDOUT]: [STALLWATCH]     at java.base@17.0.12/java.util.concurrent.ThreadPoolExecutor.runWorker(ThreadPoolExecutor.java:1122)
[21:14:08] [coreswap-stallwatch/INFO] (Minecraft) [STDOUT]: [STALLWATCH]     at java.base@17.0.12/java.util.concurrent.ThreadPoolExecutor$Worker.run(ThreadPoolExecutor.java:635)
[21:14:08] [coreswap-stallwatch/INFO] (Minecraft) [STDOUT]: [STALLWATCH]     at java.base@17.0.12/java.lang.Thread.run(Thread.java:842)
[21:14:08] [coreswap-stallwatch/INFO] (Minecraft) [STDOUT]: [STALLWATCH] "Worker-Main-13" id=76 state=WAITING daemon=true
[21:14:08] [coreswap-stallwatch/INFO] (Minecraft) [STDOUT]: [STALLWATCH]     at java.base@17.0.12/jdk.internal.misc.Unsafe.park(Native Method)
[21:14:08] [coreswap-stallwatch/INFO] (Minecraft) [STDOUT]: [STALLWATCH]     at java.base@17.0.12/java.util.concurrent.locks.LockSupport.park(LockSupport.java:341)
[21:14:08] [coreswap-stallwatch/INFO] (Minecraft) [STDOUT]: [STALLWATCH]     at java.base@17.0.12/java.util.concurrent.ForkJoinPool.awaitWork(ForkJoinPool.java:1724)
[21:14:08] [coreswap-stallwatch/INFO] (Minecraft) [STDOUT]: [STALLWATCH]     at java.base@17.0.12/java.util.concurrent.ForkJoinPool.runWorker(ForkJoinPool.java:1623)
[21:14:08] [coreswap-stallwatch/INFO] (Minecraft) [STDOUT]: [STALLWATCH]     at java.base@17.0.12/java.util.concurrent.ForkJoinWorkerThread.run(ForkJoinWorkerThread.java:165)
[21:14:08] [coreswap-stallwatch/INFO] (Minecraft) [STDOUT]: [STALLWATCH] "Thread-8" id=101 state=TIMED_WAITING daemon=true
[21:14:08] [coreswap-stallwatch/INFO] (Minecraft) [STDOUT]: [STALLWATCH]     at java.base@17.0.12/jdk.internal.misc.Unsafe.park(Native Method)
[21:14:08] [coreswap-stallwatch/INFO] (Minecraft) [STDOUT]: [STALLWATCH]     at java.base@17.0.12/java.util.concurrent.locks.LockSupport.parkNanos(LockSupport.java:252)
[21:14:08] [coreswap-stallwatch/INFO] (Minecraft) [STDOUT]: [STALLWATCH]     at java.base@17.0.12/java.util.concurrent.SynchronousQueue$TransferStack.transfer(SynchronousQueue.java:401)
[21:14:08] [coreswap-stallwatch/INFO] (Minecraft) [STDOUT]: [STALLWATCH]     at java.base@17.0.12/java.util.concurrent.SynchronousQueue.poll(SynchronousQueue.java:903)
[21:14:08] [coreswap-stallwatch/INFO] (Minecraft) [STDOUT]: [STALLWATCH]     at java.base@17.0.12/java.util.concurrent.ThreadPoolExecutor.getTask(ThreadPoolExecutor.java:1061)
[21:14:08] [coreswap-stallwatch/INFO] (Minecraft) [STDOUT]: [STALLWATCH]     at java.base@17.0.12/java.util.concurrent.ThreadPoolExecutor.runWorker(ThreadPoolExecutor.java:1122)
[21:14:08] [coreswap-stallwatch/INFO] (Minecraft) [STDOUT]: [STALLWATCH]     at java.base@17.0.12/java.util.concurrent.ThreadPoolExecutor$Worker.run(ThreadPoolExecutor.java:635)
[21:14:08] [coreswap-stallwatch/INFO] (Minecraft) [STDOUT]: [STALLWATCH]     at java.base@17.0.12/java.lang.Thread.run(Thread.java:842)
[21:14:08] [coreswap-stallwatch/INFO] (Minecraft) [STDOUT]: [STALLWATCH] "Worker-Main-12" id=75 state=TIMED_WAITING daemon=true
[21:14:08] [coreswap-stallwatch/INFO] (Minecraft) [STDOUT]: [STALLWATCH]     at java.base@17.0.12/jdk.internal.misc.Unsafe.park(Native Method)
[21:14:08] [coreswap-stallwatch/INFO] (Minecraft) [STDOUT]: [STALLWATCH]     at java.base@17.0.12/java.util.concurrent.locks.LockSupport.parkUntil(LockSupport.java:410)
[21:14:08] [coreswap-stallwatch/INFO] (Minecraft) [STDOUT]: [STALLWATCH]     at java.base@17.0.12/java.util.concurrent.ForkJoinPool.awaitWork(ForkJoinPool.java:1726)
[21:14:08] [coreswap-stallwatch/INFO] (Minecraft) [STDOUT]: [STALLWATCH]     at java.base@17.0.12/java.util.concurrent.ForkJoinPool.runWorker(ForkJoinPool.java:1623)
[21:14:08] [coreswap-stallwatch/INFO] (Minecraft) [STDOUT]: [STALLWATCH]     at java.base@17.0.12/java.util.concurrent.ForkJoinWorkerThread.run(ForkJoinWorkerThread.java:165)
[21:14:08] [coreswap-stallwatch/INFO] (Minecraft) [STDOUT]: [STALLWATCH] "Worker-Main-4" id=67 state=WAITING daemon=true
[21:14:08] [coreswap-stallwatch/INFO] (Minecraft) [STDOUT]: [STALLWATCH]     at java.base@17.0.12/jdk.internal.misc.Unsafe.park(Native Method)
[21:14:08] [coreswap-stallwatch/INFO] (Minecraft) [STDOUT]: [STALLWATCH]     at java.base@17.0.12/java.util.concurrent.locks.LockSupport.park(LockSupport.java:341)
[21:14:08] [coreswap-stallwatch/INFO] (Minecraft) [STDOUT]: [STALLWATCH]     at java.base@17.0.12/java.util.concurrent.ForkJoinPool.awaitWork(ForkJoinPool.java:1724)
[21:14:08] [coreswap-stallwatch/INFO] (Minecraft) [STDOUT]: [STALLWATCH]     at java.base@17.0.12/java.util.concurrent.ForkJoinPool.runWorker(ForkJoinPool.java:1623)
[21:14:08] [coreswap-stallwatch/INFO] (Minecraft) [STDOUT]: [STALLWATCH]     at java.base@17.0.12/java.util.concurrent.ForkJoinWorkerThread.run(ForkJoinWorkerThread.java:165)
[21:14:08] [coreswap-stallwatch/INFO] (Minecraft) [STDOUT]: [STALLWATCH] "Thread-7" id=100 state=TIMED_WAITING daemon=true
[21:14:08] [coreswap-stallwatch/INFO] (Minecraft) [STDOUT]: [STALLWATCH]     at java.base@17.0.12/jdk.internal.misc.Unsafe.park(Native Method)
[21:14:08] [coreswap-stallwatch/INFO] (Minecraft) [STDOUT]: [STALLWATCH]     at java.base@17.0.12/java.util.concurrent.locks.LockSupport.parkNanos(LockSupport.java:252)
[21:14:08] [coreswap-stallwatch/INFO] (Minecraft) [STDOUT]: [STALLWATCH]     at java.base@17.0.12/java.util.concurrent.SynchronousQueue$TransferStack.transfer(SynchronousQueue.java:401)
[21:14:08] [coreswap-stallwatch/INFO] (Minecraft) [STDOUT]: [STALLWATCH]     at java.base@17.0.12/java.util.concurrent.SynchronousQueue.poll(SynchronousQueue.java:903)
[21:14:08] [coreswap-stallwatch/INFO] (Minecraft) [STDOUT]: [STALLWATCH]     at java.base@17.0.12/java.util.concurrent.ThreadPoolExecutor.getTask(ThreadPoolExecutor.java:1061)
[21:14:08] [coreswap-stallwatch/INFO] (Minecraft) [STDOUT]: [STALLWATCH]     at java.base@17.0.12/java.util.concurrent.ThreadPoolExecutor.runWorker(ThreadPoolExecutor.java:1122)
[21:14:08] [coreswap-stallwatch/INFO] (Minecraft) [STDOUT]: [STALLWATCH]     at java.base@17.0.12/java.util.concurrent.ThreadPoolExecutor$Worker.run(ThreadPoolExecutor.java:635)
[21:14:08] [coreswap-stallwatch/INFO] (Minecraft) [STDOUT]: [STALLWATCH]     at java.base@17.0.12/java.lang.Thread.run(Thread.java:842)
[21:14:08] [coreswap-stallwatch/INFO] (Minecraft) [STDOUT]: [STALLWATCH] "Netty Server IO #0" id=91 state=RUNNABLE daemon=true
[21:14:08] [coreswap-stallwatch/INFO] (Minecraft) [STDOUT]: [STALLWATCH]     at java.base@17.0.12/sun.nio.ch.WEPoll.wait(Native Method)
[21:14:08] [coreswap-stallwatch/INFO] (Minecraft) [STDOUT]: [STALLWATCH]     at java.base@17.0.12/sun.nio.ch.WEPollSelectorImpl.doSelect(WEPollSelectorImpl.java:111)
[21:14:08] [coreswap-stallwatch/INFO] (Minecraft) [STDOUT]: [STALLWATCH]     at java.base@17.0.12/sun.nio.ch.SelectorImpl.lockAndDoSelect(SelectorImpl.java:129)
[21:14:08] [coreswap-stallwatch/INFO] (Minecraft) [STDOUT]: [STALLWATCH]     at java.base@17.0.12/sun.nio.ch.SelectorImpl.select(SelectorImpl.java:146)
[21:14:08] [coreswap-stallwatch/INFO] (Minecraft) [STDOUT]: [STALLWATCH]     at io.netty.channel.nio.SelectedSelectionKeySetSelector.select(SelectedSelectionKeySetSelector.java:68)
[21:14:08] [coreswap-stallwatch/INFO] (Minecraft) [STDOUT]: [STALLWATCH]     at io.netty.channel.nio.NioEventLoop.select(NioEventLoop.java:879)
[21:14:08] [coreswap-stallwatch/INFO] (Minecraft) [STDOUT]: [STALLWATCH]     at io.netty.channel.nio.NioEventLoop.run(NioEventLoop.java:526)
[21:14:08] [coreswap-stallwatch/INFO] (Minecraft) [STDOUT]: [STALLWATCH]     at io.netty.util.concurrent.SingleThreadEventExecutor$4.run(SingleThreadEventExecutor.java:997)
[21:14:08] [coreswap-stallwatch/INFO] (Minecraft) [STDOUT]: [STALLWATCH]     at io.netty.util.internal.ThreadExecutorMap$2.run(ThreadExecutorMap.java:74)
[21:14:08] [coreswap-stallwatch/INFO] (Minecraft) [STDOUT]: [STALLWATCH]     at java.base@17.0.12/java.lang.Thread.run(Thread.java:842)
[21:14:08] [coreswap-stallwatch/INFO] (Minecraft) [STDOUT]: [STALLWATCH] "Thread-6" id=99 state=TIMED_WAITING daemon=true
[21:14:08] [coreswap-stallwatch/INFO] (Minecraft) [STDOUT]: [STALLWATCH]     at java.base@17.0.12/jdk.internal.misc.Unsafe.park(Native Method)
[21:14:08] [coreswap-stallwatch/INFO] (Minecraft) [STDOUT]: [STALLWATCH]     at java.base@17.0.12/java.util.concurrent.locks.LockSupport.parkNanos(LockSupport.java:252)
[21:14:08] [coreswap-stallwatch/INFO] (Minecraft) [STDOUT]: [STALLWATCH]     at java.base@17.0.12/java.util.concurrent.SynchronousQueue$TransferStack.transfer(SynchronousQueue.java:401)
[21:14:08] [coreswap-stallwatch/INFO] (Minecraft) [STDOUT]: [STALLWATCH]     at java.base@17.0.12/java.util.concurrent.SynchronousQueue.poll(SynchronousQueue.java:903)
[21:14:08] [coreswap-stallwatch/INFO] (Minecraft) [STDOUT]: [STALLWATCH]     at java.base@17.0.12/java.util.concurrent.ThreadPoolExecutor.getTask(ThreadPoolExecutor.java:1061)
[21:14:08] [coreswap-stallwatch/INFO] (Minecraft) [STDOUT]: [STALLWATCH]     at java.base@17.0.12/java.util.concurrent.ThreadPoolExecutor.runWorker(ThreadPoolExecutor.java:1122)
[21:14:08] [coreswap-stallwatch/INFO] (Minecraft) [STDOUT]: [STALLWATCH]     at java.base@17.0.12/java.util.concurrent.ThreadPoolExecutor$Worker.run(ThreadPoolExecutor.java:635)
[21:14:08] [coreswap-stallwatch/INFO] (Minecraft) [STDOUT]: [STALLWATCH]     at java.base@17.0.12/java.lang.Thread.run(Thread.java:842)
[21:14:08] [coreswap-stallwatch/INFO] (Minecraft) [STDOUT]: [STALLWATCH] "Worker-Main-6" id=69 state=WAITING daemon=true
[21:14:08] [coreswap-stallwatch/INFO] (Minecraft) [STDOUT]: [STALLWATCH]     at java.base@17.0.12/jdk.internal.misc.Unsafe.park(Native Method)
[21:14:08] [coreswap-stallwatch/INFO] (Minecraft) [STDOUT]: [STALLWATCH]     at java.base@17.0.12/java.util.concurrent.locks.LockSupport.park(LockSupport.java:341)
[21:14:08] [coreswap-stallwatch/INFO] (Minecraft) [STDOUT]: [STALLWATCH]     at java.base@17.0.12/java.util.concurrent.ForkJoinPool.awaitWork(ForkJoinPool.java:1724)
[21:14:08] [coreswap-stallwatch/INFO] (Minecraft) [STDOUT]: [STALLWATCH]     at java.base@17.0.12/java.util.concurrent.ForkJoinPool.runWorker(ForkJoinPool.java:1623)
[21:14:08] [coreswap-stallwatch/INFO] (Minecraft) [STDOUT]: [STALLWATCH]     at java.base@17.0.12/java.util.concurrent.ForkJoinWorkerThread.run(ForkJoinWorkerThread.java:165)
[21:14:08] [coreswap-stallwatch/INFO] (Minecraft) [STDOUT]: [STALLWATCH] "RCON Listener #1" id=97 state=RUNNABLE daemon=false
[21:14:08] [coreswap-stallwatch/INFO] (Minecraft) [STDOUT]: [STALLWATCH]     at java.base@17.0.12/sun.nio.ch.Net.poll(Native Method)
[21:14:08] [coreswap-stallwatch/INFO] (Minecraft) [STDOUT]: [STALLWATCH]     at java.base@17.0.12/sun.nio.ch.NioSocketImpl.park(NioSocketImpl.java:186)
[21:14:08] [coreswap-stallwatch/INFO] (Minecraft) [STDOUT]: [STALLWATCH]     at java.base@17.0.12/sun.nio.ch.NioSocketImpl.timedAccept(NioSocketImpl.java:715)
[21:14:08] [coreswap-stallwatch/INFO] (Minecraft) [STDOUT]: [STALLWATCH]     at java.base@17.0.12/sun.nio.ch.NioSocketImpl.accept(NioSocketImpl.java:757)
[21:14:08] [coreswap-stallwatch/INFO] (Minecraft) [STDOUT]: [STALLWATCH]     at java.base@17.0.12/java.net.ServerSocket.implAccept(ServerSocket.java:675)
[21:14:08] [coreswap-stallwatch/INFO] (Minecraft) [STDOUT]: [STALLWATCH]     at java.base@17.0.12/java.net.ServerSocket.platformImplAccept(ServerSocket.java:641)
[21:14:08] [coreswap-stallwatch/INFO] (Minecraft) [STDOUT]: [STALLWATCH]     at java.base@17.0.12/java.net.ServerSocket.implAccept(ServerSocket.java:617)
[21:14:08] [coreswap-stallwatch/INFO] (Minecraft) [STDOUT]: [STALLWATCH]     at java.base@17.0.12/java.net.ServerSocket.implAccept(ServerSocket.java:574)
[21:14:08] [coreswap-stallwatch/INFO] (Minecraft) [STDOUT]: [STALLWATCH]     at java.base@17.0.12/java.net.ServerSocket.accept(ServerSocket.java:532)
[21:14:08] [coreswap-stallwatch/INFO] (Minecraft) [STDOUT]: [STALLWATCH]     at net.minecraft.server.rcon.RconListener.run(RconListener.java:38)
[21:14:08] [coreswap-stallwatch/INFO] (Minecraft) [STDOUT]: [STALLWATCH]     at java.base@17.0.12/java.lang.Thread.run(Thread.java:842)
[21:14:08] [coreswap-stallwatch/INFO] (Minecraft) [STDOUT]: [STALLWATCH] "Worker-Main-7" id=70 state=WAITING daemon=true
[21:14:08] [coreswap-stallwatch/INFO] (Minecraft) [STDOUT]: [STALLWATCH]     at java.base@17.0.12/jdk.internal.misc.Unsafe.park(Native Method)
[21:14:08] [coreswap-stallwatch/INFO] (Minecraft) [STDOUT]: [STALLWATCH]     at java.base@17.0.12/java.util.concurrent.locks.LockSupport.park(LockSupport.java:341)
[21:14:08] [coreswap-stallwatch/INFO] (Minecraft) [STDOUT]: [STALLWATCH]     at java.base@17.0.12/java.util.concurrent.ForkJoinPool.awaitWork(ForkJoinPool.java:1724)
[21:14:08] [coreswap-stallwatch/INFO] (Minecraft) [STDOUT]: [STALLWATCH]     at java.base@17.0.12/java.util.concurrent.ForkJoinPool.runWorker(ForkJoinPool.java:1623)
[21:14:08] [coreswap-stallwatch/INFO] (Minecraft) [STDOUT]: [STALLWATCH]     at java.base@17.0.12/java.util.concurrent.ForkJoinWorkerThread.run(ForkJoinWorkerThread.java:165)
[21:14:08] [coreswap-stallwatch/INFO] (Minecraft) [STDOUT]: [STALLWATCH] "Worker-Main-1" id=64 state=WAITING daemon=true
[21:14:08] [coreswap-stallwatch/INFO] (Minecraft) [STDOUT]: [STALLWATCH]     at java.base@17.0.12/jdk.internal.misc.Unsafe.park(Native Method)
[21:14:08] [coreswap-stallwatch/INFO] (Minecraft) [STDOUT]: [STALLWATCH]     at java.base@17.0.12/java.util.concurrent.locks.LockSupport.park(LockSupport.java:341)
[21:14:08] [coreswap-stallwatch/INFO] (Minecraft) [STDOUT]: [STALLWATCH]     at java.base@17.0.12/java.util.concurrent.ForkJoinPool.awaitWork(ForkJoinPool.java:1724)
[21:14:08] [coreswap-stallwatch/INFO] (Minecraft) [STDOUT]: [STALLWATCH]     at java.base@17.0.12/java.util.concurrent.ForkJoinPool.runWorker(ForkJoinPool.java:1623)
[21:14:08] [coreswap-stallwatch/INFO] (Minecraft) [STDOUT]: [STALLWATCH]     at java.base@17.0.12/java.util.concurrent.ForkJoinWorkerThread.run(ForkJoinWorkerThread.java:165)
[21:14:08] [coreswap-stallwatch/INFO] (Minecraft) [STDOUT]: [STALLWATCH] "Worker-Main-14" id=77 state=WAITING daemon=true
[21:14:08] [coreswap-stallwatch/INFO] (Minecraft) [STDOUT]: [STALLWATCH]     at java.base@17.0.12/jdk.internal.misc.Unsafe.park(Native Method)
[21:14:08] [coreswap-stallwatch/INFO] (Minecraft) [STDOUT]: [STALLWATCH]     at java.base@17.0.12/java.util.concurrent.locks.LockSupport.park(LockSupport.java:341)
[21:14:08] [coreswap-stallwatch/INFO] (Minecraft) [STDOUT]: [STALLWATCH]     at java.base@17.0.12/java.util.concurrent.ForkJoinPool.awaitWork(ForkJoinPool.java:1724)
[21:14:08] [coreswap-stallwatch/INFO] (Minecraft) [STDOUT]: [STALLWATCH]     at java.base@17.0.12/java.util.concurrent.ForkJoinPool.runWorker(ForkJoinPool.java:1623)
[21:14:08] [coreswap-stallwatch/INFO] (Minecraft) [STDOUT]: [STALLWATCH]     at java.base@17.0.12/java.util.concurrent.ForkJoinWorkerThread.run(ForkJoinWorkerThread.java:165)
[21:14:08] [coreswap-stallwatch/INFO] (Minecraft) [STDOUT]: [STALLWATCH] "Yggdrasil Key Fetcher" id=61 state=TIMED_WAITING daemon=true
[21:14:08] [coreswap-stallwatch/INFO] (Minecraft) [STDOUT]: [STALLWATCH]     at java.base@17.0.12/jdk.internal.misc.Unsafe.park(Native Method)
[21:14:08] [coreswap-stallwatch/INFO] (Minecraft) [STDOUT]: [STALLWATCH]     at java.base@17.0.12/java.util.concurrent.locks.LockSupport.parkNanos(LockSupport.java:252)
[21:14:08] [coreswap-stallwatch/INFO] (Minecraft) [STDOUT]: [STALLWATCH]     at java.base@17.0.12/java.util.concurrent.locks.AbstractQueuedSynchronizer$ConditionObject.awaitNanos(AbstractQueuedSynchronizer.java:1672)
[21:14:08] [coreswap-stallwatch/INFO] (Minecraft) [STDOUT]: [STALLWATCH]     at java.base@17.0.12/java.util.concurrent.ScheduledThreadPoolExecutor$DelayedWorkQueue.take(ScheduledThreadPoolExecutor.java:1182)
[21:14:08] [coreswap-stallwatch/INFO] (Minecraft) [STDOUT]: [STALLWATCH]     at java.base@17.0.12/java.util.concurrent.ScheduledThreadPoolExecutor$DelayedWorkQueue.take(ScheduledThreadPoolExecutor.java:899)
[21:14:08] [coreswap-stallwatch/INFO] (Minecraft) [STDOUT]: [STALLWATCH]     at java.base@17.0.12/java.util.concurrent.ThreadPoolExecutor.getTask(ThreadPoolExecutor.java:1062)
[21:14:08] [coreswap-stallwatch/INFO] (Minecraft) [STDOUT]: [STALLWATCH]     at java.base@17.0.12/java.util.concurrent.ThreadPoolExecutor.runWorker(ThreadPoolExecutor.java:1122)
[21:14:08] [coreswap-stallwatch/INFO] (Minecraft) [STDOUT]: [STALLWATCH]     at java.base@17.0.12/java.util.concurrent.ThreadPoolExecutor$Worker.run(ThreadPoolExecutor.java:635)
[21:14:08] [coreswap-stallwatch/INFO] (Minecraft) [STDOUT]: [STALLWATCH]     at java.base@17.0.12/java.lang.Thread.run(Thread.java:842)
[21:14:08] [coreswap-stallwatch/INFO] (Minecraft) [STDOUT]: [STALLWATCH] "Server thread" id=87 state=TIMED_WAITING daemon=false
[21:14:08] [coreswap-stallwatch/INFO] (Minecraft) [STDOUT]: [STALLWATCH]     at java.base@17.0.12/jdk.internal.misc.Unsafe.park(Native Method)
[21:14:08] [coreswap-stallwatch/INFO] (Minecraft) [STDOUT]: [STALLWATCH]     at java.base@17.0.12/java.util.concurrent.locks.LockSupport.parkNanos(LockSupport.java:252)
[21:14:08] [coreswap-stallwatch/INFO] (Minecraft) [STDOUT]: [STALLWATCH]     at net.minecraft.util.thread.ThreadExecutor.waitForTasks(ThreadExecutor.java:133)
[21:14:08] [coreswap-stallwatch/INFO] (Minecraft) [STDOUT]: [STALLWATCH]     at net.minecraft.util.thread.ThreadExecutor.runTasks(ThreadExecutor.java:123)
[21:14:08] [coreswap-stallwatch/INFO] (Minecraft) [STDOUT]: [STALLWATCH]     at net.minecraft.server.MinecraftServer.runTasksTillTickEnd(MinecraftServer.java:788)
[21:14:08] [coreswap-stallwatch/INFO] (Minecraft) [STDOUT]: [STALLWATCH]     at net.minecraft.server.MinecraftServer.runServer(MinecraftServer.java:726)
[21:14:08] [coreswap-stallwatch/INFO] (Minecraft) [STDOUT]: [STALLWATCH]     at net.minecraft.server.MinecraftServer.method_29739(MinecraftServer.java:267)
[21:14:08] [coreswap-stallwatch/INFO] (Minecraft) [STDOUT]: [STALLWATCH]     at net.minecraft.server.MinecraftServer$$Lambda$5063/0x00000255b5ad0f88.run(Unknown Source)
[21:14:08] [coreswap-stallwatch/INFO] (Minecraft) [STDOUT]: [STALLWATCH]     at java.base@17.0.12/java.lang.Thread.run(Thread.java:842)
[21:14:08] [coreswap-stallwatch/INFO] (Minecraft) [STDOUT]: [STALLWATCH] "IO-Worker-26" id=94 state=TIMED_WAITING daemon=false
[21:14:08] [coreswap-stallwatch/INFO] (Minecraft) [STDOUT]: [STALLWATCH]     at java.base@17.0.12/jdk.internal.misc.Unsafe.park(Native Method)
[21:14:08] [coreswap-stallwatch/INFO] (Minecraft) [STDOUT]: [STALLWATCH]     at java.base@17.0.12/java.util.concurrent.locks.LockSupport.parkNanos(LockSupport.java:252)
[21:14:08] [coreswap-stallwatch/INFO] (Minecraft) [STDOUT]: [STALLWATCH]     at java.base@17.0.12/java.util.concurrent.SynchronousQueue$TransferStack.transfer(SynchronousQueue.java:401)
[21:14:08] [coreswap-stallwatch/INFO] (Minecraft) [STDOUT]: [STALLWATCH]     at java.base@17.0.12/java.util.concurrent.SynchronousQueue.poll(SynchronousQueue.java:903)
[21:14:08] [coreswap-stallwatch/INFO] (Minecraft) [STDOUT]: [STALLWATCH]     at java.base@17.0.12/java.util.concurrent.ThreadPoolExecutor.getTask(ThreadPoolExecutor.java:1061)
[21:14:08] [coreswap-stallwatch/INFO] (Minecraft) [STDOUT]: [STALLWATCH]     at java.base@17.0.12/java.util.concurrent.ThreadPoolExecutor.runWorker(ThreadPoolExecutor.java:1122)
[21:14:08] [coreswap-stallwatch/INFO] (Minecraft) [STDOUT]: [STALLWATCH]     at java.base@17.0.12/java.util.concurrent.ThreadPoolExecutor$Worker.run(ThreadPoolExecutor.java:635)
[21:14:08] [coreswap-stallwatch/INFO] (Minecraft) [STDOUT]: [STALLWATCH]     at java.base@17.0.12/java.lang.Thread.run(Thread.java:842)
[21:14:08] [coreswap-stallwatch/INFO] (Minecraft) [STDOUT]: [STALLWATCH] "JNA Cleaner" id=59 state=WAITING daemon=true
[21:14:08] [coreswap-stallwatch/INFO] (Minecraft) [STDOUT]: [STALLWATCH]     at java.base@17.0.12/java.lang.Object.wait(Native Method)
[21:14:08] [coreswap-stallwatch/INFO] (Minecraft) [STDOUT]: [STALLWATCH]     at java.base@17.0.12/java.lang.ref.ReferenceQueue.remove(ReferenceQueue.java:155)
[21:14:08] [coreswap-stallwatch/INFO] (Minecraft) [STDOUT]: [STALLWATCH]     at java.base@17.0.12/java.lang.ref.ReferenceQueue.remove(ReferenceQueue.java:176)
[21:14:08] [coreswap-stallwatch/INFO] (Minecraft) [STDOUT]: [STALLWATCH]     at com.sun.jna.internal.Cleaner$1.run(Cleaner.java:58)
[21:14:08] [coreswap-stallwatch/INFO] (Minecraft) [STDOUT]: [STALLWATCH] "Worker-Main-21" id=84 state=WAITING daemon=true
[21:14:08] [coreswap-stallwatch/INFO] (Minecraft) [STDOUT]: [STALLWATCH]     at java.base@17.0.12/jdk.internal.misc.Unsafe.park(Native Method)
[21:14:08] [coreswap-stallwatch/INFO] (Minecraft) [STDOUT]: [STALLWATCH]     at java.base@17.0.12/java.util.concurrent.locks.LockSupport.park(LockSupport.java:341)
[21:14:08] [coreswap-stallwatch/INFO] (Minecraft) [STDOUT]: [STALLWATCH]     at java.base@17.0.12/java.util.concurrent.ForkJoinPool.awaitWork(ForkJoinPool.java:1724)
[21:14:08] [coreswap-stallwatch/INFO] (Minecraft) [STDOUT]: [STALLWATCH]     at java.base@17.0.12/java.util.concurrent.ForkJoinPool.runWorker(ForkJoinPool.java:1623)
[21:14:08] [coreswap-stallwatch/INFO] (Minecraft) [STDOUT]: [STALLWATCH]     at java.base@17.0.12/java.util.concurrent.ForkJoinWorkerThread.run(ForkJoinWorkerThread.java:165)
[21:14:08] [coreswap-stallwatch/INFO] (Minecraft) [STDOUT]: [STALLWATCH] "Notification Thread" id=21 state=RUNNABLE daemon=true
[21:14:08] [coreswap-stallwatch/INFO] (Minecraft) [STDOUT]: [STALLWATCH] "DestroyJavaVM" id=89 state=RUNNABLE daemon=false
[21:14:08] [coreswap-stallwatch/INFO] (Minecraft) [STDOUT]: [STALLWATCH] "Attach Listener" id=5 state=RUNNABLE daemon=true
[21:14:08] [coreswap-stallwatch/INFO] (Minecraft) [STDOUT]: [STALLWATCH] "Signal Dispatcher" id=4 state=RUNNABLE daemon=true
[21:14:08] [coreswap-stallwatch/INFO] (Minecraft) [STDOUT]: [STALLWATCH] "Worker-Main-18" id=81 state=WAITING daemon=true
[21:14:08] [coreswap-stallwatch/INFO] (Minecraft) [STDOUT]: [STALLWATCH]     at java.base@17.0.12/jdk.internal.misc.Unsafe.park(Native Method)
[21:14:08] [coreswap-stallwatch/INFO] (Minecraft) [STDOUT]: [STALLWATCH]     at java.base@17.0.12/java.util.concurrent.locks.LockSupport.park(LockSupport.java:341)
[21:14:08] [coreswap-stallwatch/INFO] (Minecraft) [STDOUT]: [STALLWATCH]     at java.base@17.0.12/java.util.concurrent.ForkJoinPool.awaitWork(ForkJoinPool.java:1724)
[21:14:08] [coreswap-stallwatch/INFO] (Minecraft) [STDOUT]: [STALLWATCH]     at java.base@17.0.12/java.util.concurrent.ForkJoinPool.runWorker(ForkJoinPool.java:1623)
[21:14:08] [coreswap-stallwatch/INFO] (Minecraft) [STDOUT]: [STALLWATCH]     at java.base@17.0.12/java.util.concurrent.ForkJoinWorkerThread.run(ForkJoinWorkerThread.java:165)
[21:14:08] [coreswap-stallwatch/INFO] (Minecraft) [STDOUT]: [STALLWATCH] "Worker-Main-5" id=68 state=WAITING daemon=true
[21:14:08] [coreswap-stallwatch/INFO] (Minecraft) [STDOUT]: [STALLWATCH]     at java.base@17.0.12/jdk.internal.misc.Unsafe.park(Native Method)
[21:14:08] [coreswap-stallwatch/INFO] (Minecraft) [STDOUT]: [STALLWATCH]     at java.base@17.0.12/java.util.concurrent.locks.LockSupport.park(LockSupport.java:341)
[21:14:08] [coreswap-stallwatch/INFO] (Minecraft) [STDOUT]: [STALLWATCH]     at java.base@17.0.12/java.util.concurrent.ForkJoinPool.awaitWork(ForkJoinPool.java:1724)
[21:14:08] [coreswap-stallwatch/INFO] (Minecraft) [STDOUT]: [STALLWATCH]     at java.base@17.0.12/java.util.concurrent.ForkJoinPool.runWorker(ForkJoinPool.java:1623)
[21:14:08] [coreswap-stallwatch/INFO] (Minecraft) [STDOUT]: [STALLWATCH]     at java.base@17.0.12/java.util.concurrent.ForkJoinWorkerThread.run(ForkJoinWorkerThread.java:165)
[21:14:08] [coreswap-stallwatch/INFO] (Minecraft) [STDOUT]: [STALLWATCH] "coreswap-stallwatch" id=98 state=RUNNABLE daemon=true
[21:14:08] [coreswap-stallwatch/INFO] (Minecraft) [STDOUT]: [STALLWATCH]     at java.base@17.0.12/java.lang.Thread.dumpThreads(Native Method)
[21:14:08] [coreswap-stallwatch/INFO] (Minecraft) [STDOUT]: [STALLWATCH]     at java.base@17.0.12/java.lang.Thread.getAllStackTraces(Thread.java:1673)
[21:14:08] [coreswap-stallwatch/INFO] (Minecraft) [STDOUT]: [STALLWATCH]     at wg.bench.StallWatch.lambda$start$0(StallWatch.java:41)
[21:14:08] [coreswap-stallwatch/INFO] (Minecraft) [STDOUT]: [STALLWATCH]     at wg.bench.StallWatch$$Lambda$5791/0x00000255b5c25080.run(Unknown Source)
[21:14:08] [coreswap-stallwatch/INFO] (Minecraft) [STDOUT]: [STALLWATCH]     at java.base@17.0.12/java.lang.Thread.run(Thread.java:842)
[21:14:08] [coreswap-stallwatch/INFO] (Minecraft) [STDOUT]: [STALLWATCH] "Worker-Main-16" id=79 state=WAITING daemon=true
[21:14:08] [coreswap-stallwatch/INFO] (Minecraft) [STDOUT]: [STALLWATCH]     at java.base@17.0.12/jdk.internal.misc.Unsafe.park(Native Method)
[21:14:08] [coreswap-stallwatch/INFO] (Minecraft) [STDOUT]: [STALLWATCH]     at java.base@17.0.12/java.util.concurrent.locks.LockSupport.park(LockSupport.java:341)
[21:14:08] [coreswap-stallwatch/INFO] (Minecraft) [STDOUT]: [STALLWATCH]     at java.base@17.0.12/java.util.concurrent.ForkJoinPool.awaitWork(ForkJoinPool.java:1724)
[21:14:08] [coreswap-stallwatch/INFO] (Minecraft) [STDOUT]: [STALLWATCH]     at java.base@17.0.12/java.util.concurrent.ForkJoinPool.runWorker(ForkJoinPool.java:1623)
[21:14:08] [coreswap-stallwatch/INFO] (Minecraft) [STDOUT]: [STALLWATCH]     at java.base@17.0.12/java.util.concurrent.ForkJoinWorkerThread.run(ForkJoinWorkerThread.java:165)
[21:14:08] [coreswap-stallwatch/INFO] (Minecraft) [STDOUT]: [STALLWATCH] "Worker-Main-8" id=71 state=WAITING daemon=true
[21:14:08] [coreswap-stallwatch/INFO] (Minecraft) [STDOUT]: [STALLWATCH]     at java.base@17.0.12/jdk.internal.misc.Unsafe.park(Native Method)
[21:14:08] [coreswap-stallwatch/INFO] (Minecraft) [STDOUT]: [STALLWATCH]     at java.base@17.0.12/java.util.concurrent.locks.LockSupport.park(LockSupport.java:341)
[21:14:08] [coreswap-stallwatch/INFO] (Minecraft) [STDOUT]: [STALLWATCH]     at java.base@17.0.12/java.util.concurrent.ForkJoinPool.awaitWork(ForkJoinPool.java:1724)
[21:14:08] [coreswap-stallwatch/INFO] (Minecraft) [STDOUT]: [STALLWATCH]     at java.base@17.0.12/java.util.concurrent.ForkJoinPool.runWorker(ForkJoinPool.java:1623)
[21:14:08] [coreswap-stallwatch/INFO] (Minecraft) [STDOUT]: [STALLWATCH]     at java.base@17.0.12/java.util.concurrent.ForkJoinWorkerThread.run(ForkJoinWorkerThread.java:165)
[21:14:08] [coreswap-stallwatch/INFO] (Minecraft) [STDOUT]: [STALLWATCH] "IO-Worker-25" id=93 state=TIMED_WAITING daemon=false
[21:14:08] [coreswap-stallwatch/INFO] (Minecraft) [STDOUT]: [STALLWATCH]     at java.base@17.0.12/jdk.internal.misc.Unsafe.park(Native Method)
[21:14:08] [coreswap-stallwatch/INFO] (Minecraft) [STDOUT]: [STALLWATCH]     at java.base@17.0.12/java.util.concurrent.locks.LockSupport.parkNanos(LockSupport.java:252)
[21:14:08] [coreswap-stallwatch/INFO] (Minecraft) [STDOUT]: [STALLWATCH]     at java.base@17.0.12/java.util.concurrent.SynchronousQueue$TransferStack.transfer(SynchronousQueue.java:401)
[21:14:08] [coreswap-stallwatch/INFO] (Minecraft) [STDOUT]: [STALLWATCH]     at java.base@17.0.12/java.util.concurrent.SynchronousQueue.poll(SynchronousQueue.java:903)
[21:14:08] [coreswap-stallwatch/INFO] (Minecraft) [STDOUT]: [STALLWATCH]     at java.base@17.0.12/java.util.concurrent.ThreadPoolExecutor.getTask(ThreadPoolExecutor.java:1061)
[21:14:08] [coreswap-stallwatch/INFO] (Minecraft) [STDOUT]: [STALLWATCH]     at java.base@17.0.12/java.util.concurrent.ThreadPoolExecutor.runWorker(ThreadPoolExecutor.java:1122)
[21:14:08] [coreswap-stallwatch/INFO] (Minecraft) [STDOUT]: [STALLWATCH]     at java.base@17.0.12/java.util.concurrent.ThreadPoolExecutor$Worker.run(ThreadPoolExecutor.java:635)
[21:14:08] [coreswap-stallwatch/INFO] (Minecraft) [STDOUT]: [STALLWATCH]     at java.base@17.0.12/java.lang.Thread.run(Thread.java:842)
[21:14:08] [coreswap-stallwatch/INFO] (Minecraft) [STDOUT]: [STALLWATCH] === end ===
[21:14:20] [RCON Listener #1/INFO] (Minecraft) Thread RCON Client /127.0.0.1 started
[21:14:20] [RCON Client /127.0.0.1 #19/INFO] (Minecraft) Thread RCON Client /127.0.0.1 shutting down
[21:14:21] [RCON Listener #1/INFO] (Minecraft) Thread RCON Client /127.0.0.1 started
[21:14:21] [Server thread/INFO] (Minecraft) [Rcon: Stopping the server]
[21:14:21] [RCON Client /127.0.0.1 #20/INFO] (Minecraft) Thread RCON Client /127.0.0.1 shutting down
[21:14:21] [Server thread/INFO] (Minecraft) Stopping server
[21:14:21] [Server thread/INFO] (Minecraft) Saving players
[21:14:21] [Server thread/INFO] (Minecraft) Saving worlds
[21:14:21] [Server thread/INFO] (Minecraft) Saving chunks for level 'ServerLevel[world]'/minecraft:overworld
[21:14:23] [Server thread/INFO] (Minecraft) Saving chunks for level 'ServerLevel[world]'/minecraft:the_end
[21:14:23] [Server thread/INFO] (Minecraft) Saving chunks for level 'ServerLevel[world]'/minecraft:the_nether
[21:14:23] [Server thread/INFO] (Minecraft) ThreadedAnvilChunkStorage (world): All chunks are saved
[21:14:23] [Server thread/INFO] (Minecraft) ThreadedAnvilChunkStorage (DIM1): All chunks are saved
[21:14:23] [Server thread/INFO] (Minecraft) ThreadedAnvilChunkStorage (DIM-1): All chunks are saved
[21:14:23] [Server thread/INFO] (Minecraft) ThreadedAnvilChunkStorage: All dimensions are saved
[21:14:23] [Server thread/INFO] (Minecraft) Thread RCON Listener stopped

BUILD SUCCESSFUL in 5m 6s
6 actionable tasks: 1 executed, 5 up-to-date
