Starting a Gradle Daemon, 6 stopped Daemons could not be reused, use --status for details

> Configure project :
Fabric Loom: 1.10.5

> Task :compileJava UP-TO-DATE
> Task :processResources UP-TO-DATE
> Task :classes UP-TO-DATE
> Task :generateLog4jConfig UP-TO-DATE
> Task :generateRemapClasspath UP-TO-DATE
> Task :generateDLIConfig UP-TO-DATE
> Task :configureLaunch UP-TO-DATE

> Task :runServer
[16:44:38] [main/INFO] (FabricLoader/GameProvider) Loading Minecraft 1.21.6 with Fabric Loader 0.16.14
[16:44:38] [main/INFO] (FabricLoader) Loading 42 mods:
	- chunky 1.4.40
	- coreswap1216 1.21.6-0.1.0
	- fabric-api 0.127.0+1.21.6
	- fabric-api-base 0.4.63+9ec45cd89c
	- fabric-api-lookup-api-v1 1.6.99+9ec45cd89c
	- fabric-biome-api-v1 16.0.10+fa6cb72b9c
	- fabric-block-api-v1 1.1.2+78dbe4fb9c
	- fabric-block-view-api-v2 1.0.30+d32f812d9c
	- fabric-command-api-v2 2.2.52+b39a696a9c
	- fabric-content-registries-v0 10.0.17+fa6cb72b9c
	- fabric-convention-tags-v1 2.1.37+7f945d5b9c
	- fabric-convention-tags-v2 2.15.2+d9a896309c
	- fabric-crash-report-info-v1 0.3.14+fa6cb72b9c
	- fabric-data-attachment-api-v1 1.8.8+d9a896309c
	- fabric-data-generation-api-v1 23.2.0+a12c79229c
	- fabric-dimensions-v1 4.0.18+75fa737a9c
	- fabric-entity-events-v1 2.1.0+c9e472739c
	- fabric-events-interaction-v0 4.0.22+0d4d74479c
	- fabric-game-rule-api-v1 1.0.71+9ec45cd89c
	- fabric-gametest-api-v1 3.1.8+39ce47f59c
	- fabric-item-api-v1 11.4.2+5e29f1899c
	- fabric-item-group-api-v1 4.2.12+9ec45cd89c
	- fabric-lifecycle-events-v1 2.6.2+db4dfd859c
	- fabric-loot-api-v2 3.0.54+3f89f5a59c
	- fabric-loot-api-v3 2.0.1+f40817309c
	- fabric-message-api-v1 6.1.0+8efa0e499c
	- fabric-networking-api-v1 5.0.0+d32f812d9c
	- fabric-object-builder-api-v1 21.1.5+946cf7899c
	- fabric-particles-v1 4.1.6+c1dce2189c
	- fabric-recipe-api-v1 8.1.13+39ce47f59c
	- fabric-registry-sync-v0 6.1.25+9ec45cd89c
	- fabric-rendering-fluids-v1 3.1.29+fa6cb72b9c
	- fabric-resource-conditions-api-v1 5.0.23+908cbc919c
	- fabric-resource-loader-v0 3.1.10+fa6cb72b9c
	- fabric-screen-handler-api-v1 1.3.134+d32f812d9c
	- fabric-tag-api-v1 1.2.0+75110b049c
	- fabric-transfer-api-v1 6.0.4+074c84ee9c
	- fabric-transitive-access-wideners-v1 6.4.0+ac3e15d19c
	- fabricloader 0.16.14
	- java 21
	- minecraft 1.21.6
	- mixinextras 0.4.1
[16:44:41] [main/INFO] (FabricLoader/Mixin) SpongePowered MIXIN Subsystem Version=0.8.7 Source=file:/E:/PYTHON/CoreSwap/.gradle-home/caches/modules-2/files-2.1/net.fabricmc/sponge-mixin/0.15.5+mixin.0.8.7/22f9eb729e216a091673a574a5906dc1b9027fb3/sponge-mixin-0.15.5+mixin.0.8.7.jar Service=Knot/Fabric Env=SERVER
[16:44:41] [main/INFO] (FabricLoader/Mixin) Loaded Fabric development mappings for mixin remapper!
[16:44:41] [main/INFO] (FabricLoader/Mixin) Compatibility level set to JAVA_21
[16:44:42] [main/INFO] (FabricLoader/MixinExtras|Service) Initializing MixinExtras via com.llamalad7.mixinextras.service.MixinExtrasServiceImpl(version=0.4.1).
[16:44:43] [main/WARN] (WmiQueryHandler) COM exception querying Win32_Processor, which might not be on your system. Will not attempt to query it again. Error was -2147217405: (HRESULT: 80041003)
[16:44:43] [main/WARN] (WmiQueryHandler) COM exception querying Win32_Processor, which might not be on your system. Will not attempt to query it again. Error was -2147217405: (HRESULT: 80041003)
[16:44:43] [main/WARN] (WmiQueryHandler) COM exception querying Win32_PhysicalMemory, which might not be on your system. Will not attempt to query it again. Error was -2147217405: (HRESULT: 80041003)
[16:44:50] [main/INFO] (Minecraft) Environment: Environment[sessionHost=https://sessionserver.mojang.com, servicesHost=https://api.minecraftservices.com, name=PROD]
[16:44:51] [main/INFO] (Minecraft) No existing world data, creating new world
[16:44:51] [main/INFO] (Minecraft) Loaded 1407 recipes
[16:44:51] [main/INFO] (Minecraft) Loaded 1520 advancements
[16:44:52] [main/INFO] (BiomeModificationImpl) Applied 0 biome modifications to 0 of 65 new biomes in 1.155 ms
[16:44:52] [Server thread/INFO] (Minecraft) Starting minecraft server version 1.21.6
[16:44:52] [Server thread/INFO] (Minecraft) Loading properties
[16:44:52] [Server thread/INFO] (Minecraft) Default game type: SURVIVAL
[16:44:52] [Server thread/INFO] (Minecraft) Generating keypair
[16:44:52] [Server thread/INFO] (Minecraft) Starting Minecraft server on *:25565
[16:44:52] [Server thread/INFO] (Minecraft) Using default channel type
[16:44:52] [Server thread/WARN] (Minecraft) **** SERVER IS RUNNING IN OFFLINE/INSECURE MODE!
[16:44:52] [Server thread/WARN] (Minecraft) The server will make no attempt to authenticate usernames. Beware.
[16:44:52] [Server thread/WARN] (Minecraft) While this makes the game possible to play without internet access, it also opens up the ability for hackers to connect with any username they choose.
[16:44:52] [Server thread/WARN] (Minecraft) To change this, set "online-mode" to "true" in the server.properties file.
[16:44:52] [Server thread/INFO] (Minecraft) Preparing level "world"
[16:44:54] [Server thread/INFO] (Minecraft) Preparing start region for dimension minecraft:overworld
[16:44:54] [Worker-Main-18/INFO] (Minecraft) Preparing spawn area: 2%
[16:44:55] [Worker-Main-12/INFO] (Minecraft) Preparing spawn area: 2%
[16:44:55] [Worker-Main-11/INFO] (Minecraft) Preparing spawn area: 18%
[16:44:56] [Worker-Main-2/INFO] (Minecraft) Preparing spawn area: 51%
[16:44:56] [Server thread/INFO] (Minecraft) Time elapsed: 1913 ms
[16:44:56] [Server thread/INFO] (Minecraft) Done (4.124s)! For help, type "help"
[16:44:56] [Server thread/INFO] (Minecraft) Starting remote control listener
[16:44:56] [Server thread/INFO] (Minecraft) Thread RCON Listener started
[16:44:56] [Server thread/INFO] (Minecraft) RCON running on 0.0.0.0:25575
[16:44:56] [Server thread/INFO] (Minecraft) [STDOUT]: [CppBridge] init seed=417950215108767439 worldgenDir=E:\PYTHON\CoreSwap\versions\1.21.6\data\worldgen enabled=true stageMask=3 env.CORESWAP_DEFAULT_BLOCK=null
[16:44:56] [Server thread/INFO] (Minecraft) [STDOUT]: [CppBridge] dll=E:\PYTHON\CoreSwap\.tmp\java-tmp\coreswap-native\worldgen.dll size=2457088 sha256=abd7d8893d22e030...
[16:44:56] [Server thread/INFO] (Minecraft) [STDOUT]: [CppBridge] initNether seed=417950215108767439 enabled=true stageMask=3
[16:44:56] [Server thread/INFO] (Minecraft) [STDOUT]: [CppBridge] initEnd seed=417950215108767439 enabled=true stageMask=3
[16:44:56] [Server thread/INFO] (Minecraft) [STDOUT]: [BenchMod] CoreSwap replace mode: C++ worldgen active
[16:45:00] [RCON Listener #1/INFO] (Minecraft) Thread RCON Client /127.0.0.1 started
[16:45:00] [RCON Client /127.0.0.1 #2/INFO] (Minecraft) Thread RCON Client /127.0.0.1 shutting down
[16:45:00] [RCON Listener #1/INFO] (Minecraft) Thread RCON Client /127.0.0.1 started
[16:45:00] [RCON Client /127.0.0.1 #3/INFO] (Minecraft) Thread RCON Client /127.0.0.1 shutting down
[16:45:00] [RCON Listener #1/INFO] (Minecraft) Thread RCON Client /127.0.0.1 started
[16:45:00] [RCON Client /127.0.0.1 #4/INFO] (Minecraft) Thread RCON Client /127.0.0.1 shutting down
[16:45:00] [RCON Listener #1/INFO] (Minecraft) Thread RCON Client /127.0.0.1 started
[16:45:00] [RCON Client /127.0.0.1 #5/INFO] (Minecraft) Thread RCON Client /127.0.0.1 shutting down
[16:45:00] [RCON Listener #1/INFO] (Minecraft) Thread RCON Client /127.0.0.1 started
[16:45:00] [RCON Client /127.0.0.1 #6/INFO] (Minecraft) Thread RCON Client /127.0.0.1 shutting down
[16:45:00] [Worker-Main-2/INFO] (Minecraft) [STDOUT]: [Mixin] populateNoise intercepted chunk(-15,-13)
[16:45:00] [Worker-Main-2/INFO] (Minecraft) [STDOUT]: [Mixin] populateNoise intercepted chunk(-15,-12)
[16:45:00] [Worker-Main-2/INFO] (Minecraft) [STDOUT]: [Mixin] populateNoise intercepted chunk(-15,-11)
[16:45:00] [Worker-Main-2/INFO] (Minecraft) [STDOUT]: [Mixin] populateNoise intercepted chunk(-15,-10)
[16:45:00] [Worker-Main-2/INFO] (Minecraft) [STDOUT]: [Mixin] populateNoise intercepted chunk(-15,-9)
[16:45:00] [Worker-Main-2/INFO] (Minecraft) [STDOUT]: [Mixin] populateNoise intercepted chunk(-14,-13)
[16:45:00] [Worker-Main-2/INFO] (Minecraft) [STDOUT]: [Mixin] populateNoise intercepted chunk(-14,-12)
[16:45:00] [Worker-Main-2/INFO] (Minecraft) [STDOUT]: [Mixin] populateNoise intercepted chunk(-14,-11)
[16:45:00] [Worker-Main-2/INFO] (Minecraft) [STDOUT]: [Mixin] populateNoise intercepted chunk(-14,-10)
[16:45:00] [Worker-Main-2/INFO] (Minecraft) [STDOUT]: [Mixin] populateNoise intercepted chunk(-14,-9)
[16:45:00] [Worker-Main-2/INFO] (Minecraft) [STDOUT]: [Mixin] populateNoise intercepted chunk(-13,-13)
[16:45:00] [Worker-Main-2/INFO] (Minecraft) [STDOUT]: [Mixin] populateNoise intercepted chunk(-13,-12)
[16:45:00] [Worker-Main-2/INFO] (Minecraft) [STDOUT]: [Mixin] populateNoise intercepted chunk(-13,-11)
[16:45:00] [Worker-Main-2/INFO] (Minecraft) [STDOUT]: [Mixin] populateNoise intercepted chunk(-13,-10)
[16:45:00] [Worker-Main-2/INFO] (Minecraft) [STDOUT]: [Mixin] populateNoise intercepted chunk(-13,-9)
[16:45:00] [Worker-Main-2/INFO] (Minecraft) [STDOUT]: [Mixin] populateNoise intercepted chunk(-12,-13)
[16:45:00] [Worker-Main-2/INFO] (Minecraft) [STDOUT]: [Mixin] populateNoise intercepted chunk(-12,-12)
[16:45:00] [Worker-Main-2/INFO] (Minecraft) [STDOUT]: [Mixin] populateNoise intercepted chunk(-12,-11)
[16:45:00] [Worker-Main-2/INFO] (Minecraft) [STDOUT]: [Mixin] populateNoise intercepted chunk(-12,-10)
[16:45:00] [Worker-Main-2/INFO] (Minecraft) [STDOUT]: [Mixin] populateNoise intercepted chunk(-12,-9)
[16:45:00] [Worker-Main-2/INFO] (Minecraft) [STDOUT]: [Mixin] populateNoise intercepted chunk(-11,-13)
[16:45:00] [Worker-Main-2/INFO] (Minecraft) [STDOUT]: [Mixin] populateNoise intercepted chunk(-11,-12)
[16:45:00] [Worker-Main-2/INFO] (Minecraft) [STDOUT]: [Mixin] populateNoise intercepted chunk(-11,-11)
[16:45:00] [Worker-Main-2/INFO] (Minecraft) [STDOUT]: [Mixin] populateNoise intercepted chunk(-11,-10)
[16:45:00] [Worker-Main-2/INFO] (Minecraft) [STDOUT]: [Mixin] populateNoise intercepted chunk(-11,-9)
[16:45:01] [Worker-Main-1/INFO] (Minecraft) [STDOUT]: [WG-CONTENT] chunk(-15,-10) hash=6ab09e944a848973 nz=30008
[16:45:01] [Worker-Main-12/INFO] (Minecraft) [STDOUT]: [WG-CONTENT] chunk(-14,-11) hash=c352876acd132925 nz=32506
[16:45:01] [Worker-Main-6/INFO] (Minecraft) [STDOUT]: [WG-CONTENT] chunk(-13,-13) hash=b34b7c0293379137 nz=31724
[16:45:01] [Worker-Main-5/INFO] (Minecraft) [STDOUT]: [WG-CONTENT] chunk(-14,-13) hash=4a3480eeb757a17 nz=28969
[16:45:01] [Worker-Main-14/INFO] (Minecraft) [STDOUT]: [WG-CONTENT] chunk(-14,-12) hash=997430049fcbfe84 nz=31968
[16:45:01] [Worker-Main-7/INFO] (Minecraft) [STDOUT]: [WG-CONTENT] chunk(-15,-13) hash=958d8b3e0a46cef2 nz=26227
[16:45:01] [Worker-Main-20/INFO] (Minecraft) [STDOUT]: [WG-CONTENT] chunk(-13,-9) hash=5dd51d9847006325 nz=30074
[16:45:01] [Worker-Main-17/INFO] (Minecraft) [STDOUT]: [WG-CONTENT] chunk(-13,-10) hash=eb8ce17d3021c5c4 nz=32397
[16:45:01] [Worker-Main-19/INFO] (Minecraft) [STDOUT]: [WG-CONTENT] chunk(-15,-12) hash=be6a8e7b5b261275 nz=26081
[16:45:01] [Worker-Main-10/INFO] (Minecraft) [STDOUT]: [WG-CONTENT] chunk(-15,-11) hash=bb76aad1083b83f4 nz=30929
[16:45:01] [Worker-Main-16/INFO] (Minecraft) [STDOUT]: [WG-CONTENT] chunk(-14,-10) hash=aa406e259464d7af nz=32083
[16:45:01] [Worker-Main-22/INFO] (Minecraft) [STDOUT]: [WG-CONTENT] chunk(-14,-9) hash=de4bbef07e9a9ea5 nz=30152
[16:45:01] [Worker-Main-2/INFO] (Minecraft) [STDOUT]: [WG-CONTENT] chunk(-12,-10) hash=22e78b21ffbb061f nz=31021
[16:45:01] [Worker-Main-18/INFO] (Minecraft) [STDOUT]: [WG-CONTENT] chunk(-15,-9) hash=dcb34c71848873ee nz=31759
[16:45:01] [Worker-Main-23/INFO] (Minecraft) [STDOUT]: [WG-CONTENT] chunk(-11,-11) hash=6e3713d06efc8315 nz=30595
[16:45:01] [Worker-Main-3/INFO] (Minecraft) [STDOUT]: [WG-CONTENT] chunk(-13,-12) hash=5672e8d3ed621bf7 nz=32119
[16:45:01] [Worker-Main-15/INFO] (Minecraft) [STDOUT]: [WG-CONTENT] chunk(-12,-13) hash=9b9dc2fdf0b9633c nz=30354
[16:45:01] [Worker-Main-4/INFO] (Minecraft) [STDOUT]: [WG-CONTENT] chunk(-12,-12) hash=292ec92fd39543e5 nz=31396
[16:45:01] [Worker-Main-11/INFO] (Minecraft) [STDOUT]: [WG-CONTENT] chunk(-11,-12) hash=888b241abb5447cc nz=30963
[16:45:01] [Worker-Main-13/INFO] (Minecraft) [STDOUT]: [WG-CONTENT] chunk(-11,-13) hash=788691ac28718317 nz=32143
[16:45:01] [Worker-Main-9/INFO] (Minecraft) [STDOUT]: [WG-CONTENT] chunk(-12,-9) hash=874bd8f53e49efdf nz=30695
[16:45:01] [Worker-Main-8/INFO] (Minecraft) [STDOUT]: [WG-CONTENT] chunk(-13,-11) hash=8ce1c9c8e52bc5ee nz=32512
[16:45:01] [Worker-Main-21/INFO] (Minecraft) [STDOUT]: [WG-CONTENT] chunk(-12,-11) hash=41bbbf45f9ce27b5 nz=31990
[16:45:01] [Worker-Main-7/INFO] (Minecraft) [STDOUT]: [WG-CONTENT-WB] chunk(-15,-13) hash=af52013e038445ac dh=3415c2516449df3a nz=26227
[16:45:01] [Worker-Main-16/INFO] (Minecraft) [STDOUT]: [WG-CONTENT-WB] chunk(-14,-10) hash=d0e1d0fb01e9a9a6 dh=652de586977f279f nz=32083
[16:45:01] [Worker-Main-8/INFO] (Minecraft) [STDOUT]: [WG-CONTENT-WB] chunk(-13,-11) hash=5f97ed381b60df01 dh=debba7727ba2fb nz=32512
[16:45:01] [Worker-Main-11/INFO] (Minecraft) [STDOUT]: [WG-CONTENT-WB] chunk(-11,-12) hash=be40d92ac0656e4c dh=96d99c7f0d68dd1e nz=30963
[16:45:01] [Worker-Main-7/INFO] (Minecraft) [STDOUT]: [Mixin] populateNoise intercepted chunk(-15,-8)
[16:45:01] [Worker-Main-7/INFO] (Minecraft) [STDOUT]: [Mixin] populateNoise intercepted chunk(-14,-8)
[16:45:01] [Worker-Main-7/INFO] (Minecraft) [STDOUT]: [Mixin] populateNoise intercepted chunk(-13,-8)
[16:45:01] [Worker-Main-7/INFO] (Minecraft) [STDOUT]: [Mixin] populateNoise intercepted chunk(-12,-8)
[16:45:01] [Worker-Main-7/INFO] (Minecraft) [STDOUT]: [Mixin] populateNoise intercepted chunk(-11,-8)
[16:45:01] [Worker-Main-18/INFO] (Minecraft) [STDOUT]: [WG-CONTENT-WB] chunk(-15,-9) hash=80ad02e512dfb2b dh=5f8594e61a319f98 nz=31759
[16:45:01] [Worker-Main-15/INFO] (Minecraft) [STDOUT]: [WG-CONTENT-WB] chunk(-12,-13) hash=1e28951b35b095ae dh=6df499d5190f5d2e nz=30354
[16:45:01] [Worker-Main-10/INFO] (Minecraft) [STDOUT]: [WG-CONTENT-WB] chunk(-15,-11) hash=32a46fc54d69149d dh=77546d8776ae9113 nz=30929
[16:45:01] [Worker-Main-19/INFO] (Minecraft) [STDOUT]: [WG-CONTENT-WB] chunk(-15,-12) hash=59fdeede8907d449 dh=a7194a035fd12911 nz=26081
[16:45:01] [Worker-Main-19/INFO] (Minecraft) [STDOUT]: [Mixin] populateNoise intercepted chunk(-10,-12)
[16:45:01] [Worker-Main-12/INFO] (Minecraft) [STDOUT]: [WG-CONTENT-WB] chunk(-14,-11) hash=857ce735812f3bd dh=1061cb60bb2c0131 nz=32506
[16:45:01] [Worker-Main-22/INFO] (Minecraft) [STDOUT]: [WG-CONTENT-WB] chunk(-14,-9) hash=74fa952e3f6c0591 dh=a562a5e989b85090 nz=30152
[16:45:01] [Worker-Main-20/INFO] (Minecraft) [STDOUT]: [WG-CONTENT-WB] chunk(-13,-9) hash=be8990590ea6dca9 dh=343f18322a0cb8b1 nz=30074
[16:45:01] [Worker-Main-19/INFO] (Minecraft) [STDOUT]: [Mixin] populateNoise intercepted chunk(-10,-11)
[16:45:01] [Worker-Main-19/INFO] (Minecraft) [STDOUT]: [Mixin] populateNoise intercepted chunk(-10,-10)
[16:45:01] [Worker-Main-3/INFO] (Minecraft) [STDOUT]: [WG-CONTENT-WB] chunk(-13,-12) hash=43e62f568f425870 dh=e201fb0f60a0adee nz=32119
[16:45:01] [Worker-Main-19/INFO] (Minecraft) [STDOUT]: [Mixin] populateNoise intercepted chunk(-10,-9)
[16:45:01] [Worker-Main-19/INFO] (Minecraft) [STDOUT]: [Mixin] populateNoise intercepted chunk(-10,-8)
[16:45:01] [Worker-Main-2/INFO] (Minecraft) [STDOUT]: [WG-CONTENT-WB] chunk(-12,-10) hash=44a9039b14153fe8 dh=54605add05c081cc nz=31021
[16:45:01] [Worker-Main-14/INFO] (Minecraft) [STDOUT]: [WG-CONTENT-WB] chunk(-14,-12) hash=38384dfea542549b dh=258f6f5f0896007d nz=31968
[16:45:01] [Worker-Main-2/INFO] (Minecraft) [STDOUT]: [Mixin] populateNoise intercepted chunk(-10,-13)
[16:45:01] [Worker-Main-9/INFO] (Minecraft) [STDOUT]: [WG-CONTENT-WB] chunk(-12,-9) hash=6d35e29742d95f88 dh=782368a4e9d0a70a nz=30695
[16:45:01] [Worker-Main-14/INFO] (Minecraft) [STDOUT]: [Mixin] populateNoise intercepted chunk(-15,-7)
[16:45:01] [Worker-Main-14/INFO] (Minecraft) [STDOUT]: [Mixin] populateNoise intercepted chunk(-14,-7)
[16:45:01] [Worker-Main-14/INFO] (Minecraft) [STDOUT]: [Mixin] populateNoise intercepted chunk(-13,-7)
[16:45:01] [Worker-Main-14/INFO] (Minecraft) [STDOUT]: [Mixin] populateNoise intercepted chunk(-12,-7)
[16:45:01] [Worker-Main-14/INFO] (Minecraft) [STDOUT]: [Mixin] populateNoise intercepted chunk(-11,-7)
[16:45:01] [Worker-Main-4/INFO] (Minecraft) [STDOUT]: [WG-CONTENT-WB] chunk(-12,-12) hash=96014cd99a554ab1 dh=c6c0aa88664d7010 nz=31396
[16:45:01] [Worker-Main-21/INFO] (Minecraft) [STDOUT]: [WG-CONTENT-WB] chunk(-12,-11) hash=80d9435132fd6b3d dh=4da1f6780397de26 nz=31990
[16:45:01] [Worker-Main-17/INFO] (Minecraft) [STDOUT]: [WG-CONTENT-WB] chunk(-13,-10) hash=34524f12edb99a84 dh=2865ce1794f44a1e nz=32397
[16:45:01] [Worker-Main-1/INFO] (Minecraft) [STDOUT]: [WG-CONTENT-WB] chunk(-15,-10) hash=5d4b87962071339e dh=befab87bc0100ec5 nz=30008
[16:45:01] [Worker-Main-1/INFO] (Minecraft) [STDOUT]: [Mixin] populateNoise intercepted chunk(-10,-7)
[16:45:01] [Worker-Main-23/INFO] (Minecraft) [STDOUT]: [WG-CONTENT-WB] chunk(-11,-11) hash=8bd8e96ed197ee37 dh=5800a9d04e1bef0f nz=30595
[16:45:01] [Worker-Main-5/INFO] (Minecraft) [STDOUT]: [WG-CONTENT-WB] chunk(-14,-13) hash=49ba8af87b8a3303 dh=89389a2ca91b6491 nz=28969
[16:45:01] [Worker-Main-23/INFO] (Minecraft) [STDOUT]: [Mixin] populateNoise intercepted chunk(-14,-6)
[16:45:01] [Worker-Main-6/INFO] (Minecraft) [STDOUT]: [WG-CONTENT-WB] chunk(-13,-13) hash=970a00ba8387c95e dh=22e97bf1181b371c nz=31724
[16:45:01] [Worker-Main-23/INFO] (Minecraft) [STDOUT]: [Mixin] populateNoise intercepted chunk(-13,-6)
[16:45:01] [Worker-Main-23/INFO] (Minecraft) [STDOUT]: [Mixin] populateNoise intercepted chunk(-12,-6)
[16:45:01] [Worker-Main-23/INFO] (Minecraft) [STDOUT]: [Mixin] populateNoise intercepted chunk(-11,-6)
[16:45:01] [Worker-Main-23/INFO] (Minecraft) [STDOUT]: [Mixin] populateNoise intercepted chunk(-10,-6)
[16:45:01] [Worker-Main-13/INFO] (Minecraft) [STDOUT]: [WG-CONTENT-WB] chunk(-11,-13) hash=60ba060df1dfa48c dh=404cbd1020d86e8c nz=32143
[16:45:01] [Worker-Main-7/INFO] (Minecraft) [STDOUT]: [WG-CONTENT] chunk(-14,-8) hash=3745c15aa6af713e nz=32169
[16:45:01] [Worker-Main-11/INFO] (Minecraft) [STDOUT]: [WG-CONTENT] chunk(-15,-8) hash=5f0faa904e35afda nz=32089
[16:45:01] [Worker-Main-7/INFO] (Minecraft) [STDOUT]: [WG-CONTENT-WB] chunk(-14,-8) hash=6c61fba8133a8de7 dh=ab1bc65024b7b104 nz=32169
[16:45:01] [Worker-Main-11/INFO] (Minecraft) [STDOUT]: [WG-CONTENT-WB] chunk(-15,-8) hash=4f1bce8e6eb8b973 dh=234efab9e7d14e1a nz=32089
[16:45:01] [Worker-Main-11/INFO] (Minecraft) [STDOUT]: [Mixin] populateNoise intercepted chunk(-15,-6)
[16:45:01] [Worker-Main-8/INFO] (Minecraft) [STDOUT]: [WG-CONTENT] chunk(-11,-10) hash=69128bee1f76a88c nz=31072
[16:45:01] [Worker-Main-8/INFO] (Minecraft) [STDOUT]: [WG-CONTENT-WB] chunk(-11,-10) hash=3a37d71b4610acfe dh=3c08836dbaceb1d3 nz=31072
[16:45:01] [Worker-Main-8/INFO] (Minecraft) [STDOUT]: [Mixin] populateNoise intercepted chunk(-15,-5)
[16:45:01] [Worker-Main-8/INFO] (Minecraft) [STDOUT]: [Mixin] populateNoise intercepted chunk(-14,-5)
[16:45:01] [Worker-Main-8/INFO] (Minecraft) [STDOUT]: [Mixin] populateNoise intercepted chunk(-13,-5)
[16:45:01] [Worker-Main-8/INFO] (Minecraft) [STDOUT]: [Mixin] populateNoise intercepted chunk(-12,-5)
[16:45:01] [Worker-Main-8/INFO] (Minecraft) [STDOUT]: [Mixin] populateNoise intercepted chunk(-11,-5)
[16:45:01] [Worker-Main-16/INFO] (Minecraft) [STDOUT]: [WG-CONTENT] chunk(-11,-9) hash=ffc161f0adc75dad nz=32169
[16:45:01] [Worker-Main-16/INFO] (Minecraft) [STDOUT]: [WG-CONTENT-WB] chunk(-11,-9) hash=b793a3e1b551ce53 dh=6aeec807a6d71949 nz=32169
[16:45:01] [Worker-Main-10/INFO] (Minecraft) [STDOUT]: [WG-CONTENT] chunk(-11,-8) hash=3b504a8ea96e3037 nz=26972
[16:45:01] [Worker-Main-15/INFO] (Minecraft) [STDOUT]: [WG-CONTENT] chunk(-12,-8) hash=2c662ca6e8e53505 nz=27324
[16:45:01] [Worker-Main-10/INFO] (Minecraft) [STDOUT]: [WG-CONTENT-WB] chunk(-11,-8) hash=ec72020d03f1f89a dh=b99c97bda4b54790 nz=26972
[16:45:01] [Worker-Main-4/INFO] (Minecraft) [STDOUT]: [WG-CONTENT] chunk(-13,-7) hash=b73fc9939b482605 nz=32396
[16:45:01] [Worker-Main-3/INFO] (Minecraft) [STDOUT]: [WG-CONTENT] chunk(-10,-9) hash=73a2e4fec58b118e nz=29590
[16:45:01] [Worker-Main-15/INFO] (Minecraft) [STDOUT]: [WG-CONTENT-WB] chunk(-12,-8) hash=25307cf56195902f dh=421aea652a0f0ee5 nz=27324
[16:45:01] [Worker-Main-22/INFO] (Minecraft) [STDOUT]: [WG-CONTENT] chunk(-10,-10) hash=c4f5ff66b954b47e nz=32430
[16:45:01] [Worker-Main-14/INFO] (Minecraft) [STDOUT]: [WG-CONTENT] chunk(-14,-7) hash=e18c7dbe9de7cfe5 nz=32304
[16:45:01] [Worker-Main-20/INFO] (Minecraft) [STDOUT]: [WG-CONTENT] chunk(-10,-11) hash=72376cdd3fd6b0be nz=32512
[16:45:01] [Worker-Main-18/INFO] (Minecraft) [STDOUT]: [WG-CONTENT] chunk(-13,-8) hash=c09069323908a55 nz=27848
[16:45:01] [Worker-Main-17/INFO] (Minecraft) [STDOUT]: [WG-CONTENT] chunk(-11,-7) hash=3d9229fef429ed57 nz=32048
[16:45:01] [Worker-Main-21/INFO] (Minecraft) [STDOUT]: [WG-CONTENT] chunk(-12,-7) hash=d4ef43da3ff4957e nz=32327
[16:45:01] [Worker-Main-12/INFO] (Minecraft) [STDOUT]: [WG-CONTENT] chunk(-10,-12) hash=db2dd5829b932d0f nz=32122
[16:45:01] [Worker-Main-4/INFO] (Minecraft) [STDOUT]: [WG-CONTENT-WB] chunk(-13,-7) hash=57a8684de3f156ed dh=d0d4e8276a2c1a1b nz=32396
[16:45:01] [Worker-Main-22/INFO] (Minecraft) [STDOUT]: [WG-CONTENT-WB] chunk(-10,-10) hash=454ceb8badc03165 dh=37c3b22f5dc00ebe nz=32430
[16:45:01] [Worker-Main-22/INFO] (Minecraft) [STDOUT]: [Mixin] populateNoise intercepted chunk(-10,-5)
[16:45:01] [Worker-Main-14/INFO] (Minecraft) [STDOUT]: [WG-CONTENT-WB] chunk(-14,-7) hash=db28c63fc1d72571 dh=fba247eb45062903 nz=32304
[16:45:01] [Worker-Main-14/INFO] (Minecraft) [STDOUT]: [Mixin] populateNoise intercepted chunk(-15,-4)
[16:45:01] [Worker-Main-14/INFO] (Minecraft) [STDOUT]: [Mixin] populateNoise intercepted chunk(-14,-4)
[16:45:01] [Worker-Main-14/INFO] (Minecraft) [STDOUT]: [Mixin] populateNoise intercepted chunk(-13,-4)
[16:45:01] [Worker-Main-14/INFO] (Minecraft) [STDOUT]: [Mixin] populateNoise intercepted chunk(-12,-4)
[16:45:01] [Worker-Main-14/INFO] (Minecraft) [STDOUT]: [Mixin] populateNoise intercepted chunk(-11,-4)
[16:45:01] [Worker-Main-20/INFO] (Minecraft) [STDOUT]: [WG-CONTENT-WB] chunk(-10,-11) hash=ada2e1eddafef505 dh=88b23a6741d92e31 nz=32512
[16:45:01] [Worker-Main-18/INFO] (Minecraft) [STDOUT]: [WG-CONTENT-WB] chunk(-13,-8) hash=976aaad6f4372801 dh=44e31591be3ff0cd nz=27848
[16:45:01] [Worker-Main-17/INFO] (Minecraft) [STDOUT]: [WG-CONTENT-WB] chunk(-11,-7) hash=34e206d0ad60683a dh=5dfc3edd27c46de3 nz=32048
[16:45:01] [Worker-Main-3/INFO] (Minecraft) [STDOUT]: [WG-CONTENT-WB] chunk(-10,-9) hash=10c4b30d3cd49b41 dh=f0495eaeabd85c0e nz=29590
[16:45:01] [Worker-Main-21/INFO] (Minecraft) [STDOUT]: [WG-CONTENT-WB] chunk(-12,-7) hash=a8c89595e6b166df dh=de2ff5c0e7831a02 nz=32327
[16:45:01] [Worker-Main-21/INFO] (Minecraft) [STDOUT]: [Mixin] populateNoise intercepted chunk(-10,-4)
[16:45:01] [Worker-Main-12/INFO] (Minecraft) [STDOUT]: [WG-CONTENT-WB] chunk(-10,-12) hash=7688a2a5ebd7c94a dh=c9decc7a6136d8c8 nz=32122
[16:45:01] [Worker-Main-12/INFO] (Minecraft) [STDOUT]: [Mixin] populateNoise intercepted chunk(-14,-3)
[16:45:01] [Worker-Main-5/INFO] (Minecraft) [STDOUT]: [WG-CONTENT] chunk(-14,-6) hash=cb2dad50717b2ffc nz=32344
[16:45:01] [Worker-Main-12/INFO] (Minecraft) [STDOUT]: [Mixin] populateNoise intercepted chunk(-13,-3)
[16:45:01] [Worker-Main-12/INFO] (Minecraft) [STDOUT]: [Mixin] populateNoise intercepted chunk(-12,-3)
[16:45:01] [Worker-Main-12/INFO] (Minecraft) [STDOUT]: [Mixin] populateNoise intercepted chunk(-11,-3)
[16:45:01] [Worker-Main-12/INFO] (Minecraft) [STDOUT]: [Mixin] populateNoise intercepted chunk(-10,-3)
[16:45:01] [Worker-Main-19/INFO] (Minecraft) [STDOUT]: [WG-CONTENT] chunk(-10,-8) hash=45c0802477767b85 nz=27654
[16:45:01] [Worker-Main-1/INFO] (Minecraft) [STDOUT]: [WG-CONTENT] chunk(-10,-7) hash=f661d8653e034d4f nz=29172
[16:45:01] [Worker-Main-6/INFO] (Minecraft) [STDOUT]: [WG-CONTENT] chunk(-13,-6) hash=be536074dc4685d6 nz=32142
[16:45:01] [Worker-Main-23/INFO] (Minecraft) [STDOUT]: [WG-CONTENT] chunk(-12,-6) hash=f35dcb0b73caf757 nz=32414
[16:45:01] [Worker-Main-9/INFO] (Minecraft) [STDOUT]: [WG-CONTENT] chunk(-15,-7) hash=6e435b009b3f2ff4 nz=32368
[16:45:01] [Worker-Main-2/INFO] (Minecraft) [STDOUT]: [WG-CONTENT] chunk(-10,-13) hash=dae45da3b04bec8e nz=32071
[16:45:01] [Worker-Main-5/INFO] (Minecraft) [STDOUT]: [WG-CONTENT-WB] chunk(-14,-6) hash=ef545bb7030336d2 dh=655ad6dc23f65b84 nz=32344
[16:45:01] [Worker-Main-19/INFO] (Minecraft) [STDOUT]: [WG-CONTENT-WB] chunk(-10,-8) hash=dd89ffb26c0e7e2d dh=e0c55ea8836508b1 nz=27654
[16:45:01] [Worker-Main-6/INFO] (Minecraft) [STDOUT]: [WG-CONTENT-WB] chunk(-13,-6) hash=c2c8b0a8e20e4b29 dh=eaf19bef463761cc nz=32142
[16:45:01] [Worker-Main-1/INFO] (Minecraft) [STDOUT]: [WG-CONTENT-WB] chunk(-10,-7) hash=23ae4044e3538c46 dh=4aa6b669453cca76 nz=29172
[16:45:01] [Worker-Main-13/INFO] (Minecraft) [STDOUT]: [WG-CONTENT] chunk(-11,-6) hash=bcff72caf46ea697 nz=32512
[16:45:01] [Worker-Main-2/INFO] (Minecraft) [STDOUT]: [WG-CONTENT-WB] chunk(-10,-13) hash=d747b088430df3bf dh=21cba40160a0e24a nz=32071
[16:45:01] [Worker-Main-9/INFO] (Minecraft) [STDOUT]: [WG-CONTENT-WB] chunk(-15,-7) hash=20c19cacd4481936 dh=f49d1e43640adea8 nz=32368
[16:45:01] [Worker-Main-9/INFO] (Minecraft) [STDOUT]: [Mixin] populateNoise intercepted chunk(-15,-3)
[16:45:01] [Worker-Main-9/INFO] (Minecraft) [STDOUT]: [Mixin] populateNoise intercepted chunk(-14,-2)
[16:45:01] [Worker-Main-23/INFO] (Minecraft) [STDOUT]: [WG-CONTENT-WB] chunk(-12,-6) hash=2cf6c193bbe17ad5 dh=f7bb97dad123a597 nz=32414
[16:45:01] [Worker-Main-9/INFO] (Minecraft) [STDOUT]: [Mixin] populateNoise intercepted chunk(-13,-2)
[16:45:01] [Worker-Main-9/INFO] (Minecraft) [STDOUT]: [Mixin] populateNoise intercepted chunk(-12,-2)
[16:45:01] [Worker-Main-9/INFO] (Minecraft) [STDOUT]: [Mixin] populateNoise intercepted chunk(-11,-2)
[16:45:01] [Worker-Main-9/INFO] (Minecraft) [STDOUT]: [Mixin] populateNoise intercepted chunk(-10,-2)
[16:45:01] [Worker-Main-13/INFO] (Minecraft) [STDOUT]: [WG-CONTENT-WB] chunk(-11,-6) hash=53c499caaedd2312 dh=33cc3d01afdb740b nz=32512
[16:45:01] [Worker-Main-7/INFO] (Minecraft) [STDOUT]: [WG-CONTENT] chunk(-10,-6) hash=b682250e28254d4d nz=32109
[16:45:01] [Worker-Main-7/INFO] (Minecraft) [STDOUT]: [WG-CONTENT-WB] chunk(-10,-6) hash=afb16f07f2192885 dh=7e7b137726341b36 nz=32109
[16:45:01] [Worker-Main-11/INFO] (Minecraft) [STDOUT]: [WG-CONTENT] chunk(-15,-6) hash=6e9e28788ba5fd6f nz=32182
[16:45:01] [Worker-Main-11/INFO] (Minecraft) [STDOUT]: [WG-CONTENT-WB] chunk(-15,-6) hash=3b379153c27bd751 dh=79ddb9000be6e28d nz=32182
[16:45:01] [Worker-Main-16/INFO] (Minecraft) [STDOUT]: [WG-CONTENT] chunk(-14,-5) hash=24a208ef340d3126 nz=32225
[16:45:01] [Worker-Main-8/INFO] (Minecraft) [STDOUT]: [WG-CONTENT] chunk(-15,-5) hash=6e67a5bc706a3a3f nz=32078
[16:45:01] [Worker-Main-16/INFO] (Minecraft) [STDOUT]: [WG-CONTENT-WB] chunk(-14,-5) hash=74b77aa7c3d52cd9 dh=7eb80abe4e04389 nz=32225
[16:45:01] [Worker-Main-10/INFO] (Minecraft) [STDOUT]: [WG-CONTENT] chunk(-13,-5) hash=e5bf855605c43cd4 nz=32301
[16:45:01] [Worker-Main-16/INFO] (Minecraft) [STDOUT]: [Mixin] populateNoise intercepted chunk(-15,-2)
[16:45:01] [Worker-Main-8/INFO] (Minecraft) [STDOUT]: [WG-CONTENT-WB] chunk(-15,-5) hash=55c55217ddc24181 dh=396327104c5e7b29 nz=32078
[16:45:01] [Worker-Main-8/INFO] (Minecraft) [STDOUT]: [Mixin] populateNoise intercepted chunk(-14,-1)
[16:45:01] [Worker-Main-8/INFO] (Minecraft) [STDOUT]: [Mixin] populateNoise intercepted chunk(-13,-1)
[16:45:01] [Worker-Main-8/INFO] (Minecraft) [STDOUT]: [Mixin] populateNoise intercepted chunk(-12,-1)
[16:45:01] [Worker-Main-8/INFO] (Minecraft) [STDOUT]: [Mixin] populateNoise intercepted chunk(-11,-1)
[16:45:01] [Worker-Main-8/INFO] (Minecraft) [STDOUT]: [Mixin] populateNoise intercepted chunk(-10,-1)
[16:45:01] [Worker-Main-4/INFO] (Minecraft) [STDOUT]: [WG-CONTENT] chunk(-11,-5) hash=7b7e44fd128241cf nz=31754
[16:45:01] [Worker-Main-10/INFO] (Minecraft) [STDOUT]: [WG-CONTENT-WB] chunk(-13,-5) hash=3a5f91076d549f00 dh=4db88ec19578bbc9 nz=32301
[16:45:01] [Worker-Main-15/INFO] (Minecraft) [STDOUT]: [WG-CONTENT] chunk(-12,-5) hash=5931fae6fbb4b887 nz=31486
[16:45:01] [Worker-Main-18/INFO] (Minecraft) [STDOUT]: [WG-CONTENT] chunk(-13,-4) hash=3f1b1885d2a6016 nz=32412
[16:45:01] [Worker-Main-20/INFO] (Minecraft) [STDOUT]: [WG-CONTENT] chunk(-14,-4) hash=fd4af6894ed1f225 nz=32173
[16:45:01] [Worker-Main-22/INFO] (Minecraft) [STDOUT]: [WG-CONTENT] chunk(-10,-5) hash=8a55193cc431672d nz=32467
[16:45:01] [Worker-Main-21/INFO] (Minecraft) [STDOUT]: [WG-CONTENT] chunk(-10,-4) hash=3277a9e52c0c160d nz=32512
[16:45:01] [Worker-Main-6/INFO] (Minecraft) [STDOUT]: [WG-CONTENT] chunk(-11,-3) hash=19a0dbd999d06756 nz=32512
[16:45:01] [Worker-Main-17/INFO] (Minecraft) [STDOUT]: [WG-CONTENT] chunk(-12,-4) hash=9a306c653d9253cb nz=32454
[16:45:01] [Worker-Main-14/INFO] (Minecraft) [STDOUT]: [WG-CONTENT] chunk(-15,-4) hash=c984180f5ade1ca0 nz=31736
[16:45:01] [Worker-Main-4/INFO] (Minecraft) [STDOUT]: [WG-CONTENT-WB] chunk(-11,-5) hash=c2e26d35d5d395c2 dh=7e22d02e07e616da nz=31754
[16:45:01] [Worker-Main-18/INFO] (Minecraft) [STDOUT]: [WG-CONTENT-WB] chunk(-13,-4) hash=7b7f709f8bb5fc85 dh=1675da7262c75f78 nz=32412
[16:45:01] [Worker-Main-15/INFO] (Minecraft) [STDOUT]: [WG-CONTENT-WB] chunk(-12,-5) hash=a64846b19193f27a dh=409e84a577720966 nz=31486
[16:45:01] [Worker-Main-22/INFO] (Minecraft) [STDOUT]: [WG-CONTENT-WB] chunk(-10,-5) hash=9accc9cec53ab55b dh=1bd43f2a4426916 nz=32467
[16:45:01] [Worker-Main-22/INFO] (Minecraft) [STDOUT]: [Mixin] populateNoise intercepted chunk(-14,0)
[16:45:01] [Worker-Main-20/INFO] (Minecraft) [STDOUT]: [WG-CONTENT-WB] chunk(-14,-4) hash=fd84e04b062350c3 dh=7c97971dd4a06d54 nz=32173
[16:45:01] [Worker-Main-22/INFO] (Minecraft) [STDOUT]: [Mixin] populateNoise intercepted chunk(-13,0)
[16:45:01] [Worker-Main-22/INFO] (Minecraft) [STDOUT]: [Mixin] populateNoise intercepted chunk(-12,0)
[16:45:01] [Worker-Main-22/INFO] (Minecraft) [STDOUT]: [Mixin] populateNoise intercepted chunk(-11,0)
[16:45:01] [Worker-Main-22/INFO] (Minecraft) [STDOUT]: [Mixin] populateNoise intercepted chunk(-10,0)
[16:45:01] [Worker-Main-21/INFO] (Minecraft) [STDOUT]: [WG-CONTENT-WB] chunk(-10,-4) hash=69196d2ca5931ae8 dh=46756b1619040029 nz=32512
[16:45:01] [Worker-Main-6/INFO] (Minecraft) [STDOUT]: [WG-CONTENT-WB] chunk(-11,-3) hash=5614066803ab6667 dh=fa6bffd4bf71ad45 nz=32512
[16:45:01] [Worker-Main-17/INFO] (Minecraft) [STDOUT]: [WG-CONTENT-WB] chunk(-12,-4) hash=20aeedec17ee699f dh=c2e4392116085cf2 nz=32454
[16:45:01] [Worker-Main-14/INFO] (Minecraft) [STDOUT]: [WG-CONTENT-WB] chunk(-15,-4) hash=a29430a15e285e72 dh=b4395721bdb56344 nz=31736
[16:45:01] [Worker-Main-17/INFO] (Minecraft) [STDOUT]: [Mixin] populateNoise intercepted chunk(-15,-1)
[16:45:01] [Worker-Main-3/INFO] (Minecraft) [STDOUT]: [WG-CONTENT] chunk(-11,-4) hash=499d0299c98dff55 nz=32429
[16:45:01] [Worker-Main-2/INFO] (Minecraft) [STDOUT]: [WG-CONTENT] chunk(-15,-3) hash=cb788e4907c65fa1 nz=32351
[16:45:01] [Worker-Main-12/INFO] (Minecraft) [STDOUT]: [WG-CONTENT] chunk(-14,-3) hash=5a59f28cfb9abdd6 nz=31906
[16:45:01] [Worker-Main-5/INFO] (Minecraft) [STDOUT]: [WG-CONTENT] chunk(-13,-3) hash=89177aabb5bca927 nz=31066
[16:45:01] [Worker-Main-3/INFO] (Minecraft) [STDOUT]: [WG-CONTENT-WB] chunk(-11,-4) hash=6bd7ec8e738fae66 dh=6cbe152a99c2395e nz=32429
[16:45:01] [Worker-Main-2/INFO] (Minecraft) [STDOUT]: [WG-CONTENT-WB] chunk(-15,-3) hash=90c61e19291ce09b dh=7107dc9c8f5a1c40 nz=32351
[16:45:01] [Worker-Main-3/INFO] (Minecraft) [STDOUT]: [Mixin] populateNoise intercepted chunk(-15,0)
[16:45:01] [Worker-Main-3/INFO] (Minecraft) [STDOUT]: [Mixin] populateNoise intercepted chunk(-14,1)
[16:45:01] [Worker-Main-3/INFO] (Minecraft) [STDOUT]: [Mixin] populateNoise intercepted chunk(-13,1)
[16:45:01] [Worker-Main-3/INFO] (Minecraft) [STDOUT]: [Mixin] populateNoise intercepted chunk(-12,1)
[16:45:01] [Worker-Main-3/INFO] (Minecraft) [STDOUT]: [Mixin] populateNoise intercepted chunk(-11,1)
[16:45:01] [Worker-Main-3/INFO] (Minecraft) [STDOUT]: [Mixin] populateNoise intercepted chunk(-10,1)
[16:45:01] [Worker-Main-19/INFO] (Minecraft) [STDOUT]: [WG-CONTENT] chunk(-12,-3) hash=309895498c791374 nz=32379
[16:45:01] [Worker-Main-12/INFO] (Minecraft) [STDOUT]: [WG-CONTENT-WB] chunk(-14,-3) hash=ff656ef236816e63 dh=f6972023e14cbc2f nz=31906
[16:45:01] [Worker-Main-5/INFO] (Minecraft) [STDOUT]: [WG-CONTENT-WB] chunk(-13,-3) hash=714c0a140ebf8b14 dh=53f556f58e3b83ff nz=31066
[16:45:01] [Worker-Main-23/INFO] (Minecraft) [STDOUT]: [WG-CONTENT] chunk(-14,-2) hash=dea53d816bc39f9f nz=32027
[16:45:01] [Worker-Main-19/INFO] (Minecraft) [STDOUT]: [WG-CONTENT-WB] chunk(-12,-3) hash=a7050f00d1aabb14 dh=eb6684cbb49a4e7e nz=32379
[16:45:01] [Worker-Main-13/INFO] (Minecraft) [STDOUT]: [WG-CONTENT] chunk(-12,-2) hash=c9d77641dbd8ab3c nz=32460
[16:45:01] [Worker-Main-1/INFO] (Minecraft) [STDOUT]: [WG-CONTENT] chunk(-10,-3) hash=d8a58ba0656da084 nz=32512
[16:45:01] [Worker-Main-23/INFO] (Minecraft) [STDOUT]: [WG-CONTENT-WB] chunk(-14,-2) hash=3a8e7273dccfb256 dh=c47fa96aa718960f nz=32027
[16:45:01] [Worker-Main-9/INFO] (Minecraft) [STDOUT]: [WG-CONTENT] chunk(-13,-2) hash=a9c5cd7a17b91724 nz=32002
[16:45:01] [Worker-Main-13/INFO] (Minecraft) [STDOUT]: [WG-CONTENT-WB] chunk(-12,-2) hash=1d30ee538bef445d dh=dbc41213f4e6306a nz=32460
[16:45:01] [Worker-Main-13/INFO] (Minecraft) [STDOUT]: [Mixin] populateNoise intercepted chunk(-15,1)
[16:45:01] [Worker-Main-1/INFO] (Minecraft) [STDOUT]: [WG-CONTENT-WB] chunk(-10,-3) hash=6f8cb3212015a423 dh=d2bb9f6adb1c42d7 nz=32512
[16:45:01] [Worker-Main-1/INFO] (Minecraft) [STDOUT]: [Mixin] populateNoise intercepted chunk(-9,-10)
[16:45:01] [Worker-Main-1/INFO] (Minecraft) [STDOUT]: [Mixin] populateNoise intercepted chunk(-9,-9)
[16:45:01] [Worker-Main-1/INFO] (Minecraft) [STDOUT]: [Mixin] populateNoise intercepted chunk(-9,-8)
[16:45:01] [Worker-Main-1/INFO] (Minecraft) [STDOUT]: [Mixin] populateNoise intercepted chunk(-9,-7)
[16:45:01] [Worker-Main-1/INFO] (Minecraft) [STDOUT]: [Mixin] populateNoise intercepted chunk(-9,-6)
[16:45:01] [Worker-Main-9/INFO] (Minecraft) [STDOUT]: [WG-CONTENT-WB] chunk(-13,-2) hash=ba98901c9fc20c24 dh=1e0516b7c8943c30 nz=32002
[16:45:01] [Worker-Main-11/INFO] (Minecraft) [STDOUT]: [WG-CONTENT] chunk(-10,-2) hash=727dcc8c4b882c7e nz=32512
[16:45:01] [Worker-Main-7/INFO] (Minecraft) [STDOUT]: [WG-CONTENT] chunk(-11,-2) hash=76a8263795edabd9 nz=32512
[16:45:01] [Worker-Main-11/INFO] (Minecraft) [STDOUT]: [WG-CONTENT-WB] chunk(-10,-2) hash=72a131a1408bc1f7 dh=b0ea876520fc029a nz=32512
[16:45:01] [Worker-Main-7/INFO] (Minecraft) [STDOUT]: [WG-CONTENT-WB] chunk(-11,-2) hash=da7adf4940e427c5 dh=16244674daf3df69 nz=32512
[16:45:01] [Worker-Main-16/INFO] (Minecraft) [STDOUT]: [WG-CONTENT] chunk(-15,-2) hash=59dc41ec00448f6 nz=32290
[16:45:01] [Worker-Main-16/INFO] (Minecraft) [STDOUT]: [WG-CONTENT-WB] chunk(-15,-2) hash=781147e4a1e72a59 dh=31577e9f3d7d097b nz=32290
[16:45:01] [Worker-Main-15/INFO] (Minecraft) [STDOUT]: [WG-CONTENT] chunk(-10,-1) hash=3f4700e25f882427 nz=32512
[16:45:01] [Worker-Main-10/INFO] (Minecraft) [STDOUT]: [WG-CONTENT] chunk(-13,-1) hash=25bf44d407ae07f4 nz=32315
[16:45:01] [Worker-Main-8/INFO] (Minecraft) [STDOUT]: [WG-CONTENT] chunk(-14,-1) hash=6a437f04bdc8a002 nz=31167
[16:45:01] [Worker-Main-18/INFO] (Minecraft) [STDOUT]: [WG-CONTENT] chunk(-12,-1) hash=1a8d61dc784eb7e5 nz=32422
[16:45:01] [Worker-Main-15/INFO] (Minecraft) [STDOUT]: [WG-CONTENT-WB] chunk(-10,-1) hash=1a440b5adc812912 dh=a0ddf8635438e96a nz=32512
[16:45:01] [Worker-Main-4/INFO] (Minecraft) [STDOUT]: [WG-CONTENT] chunk(-11,-1) hash=b730d0f12d9eac5 nz=32404
[16:45:01] [Worker-Main-15/INFO] (Minecraft) [STDOUT]: [Mixin] populateNoise intercepted chunk(-9,-12)
[16:45:01] [Worker-Main-15/INFO] (Minecraft) [STDOUT]: [Mixin] populateNoise intercepted chunk(-9,-11)
[16:45:01] [Worker-Main-10/INFO] (Minecraft) [STDOUT]: [WG-CONTENT-WB] chunk(-13,-1) hash=b0792a3e6a9212ea dh=c33dc87c34c22da6 nz=32315
[16:45:01] [Worker-Main-8/INFO] (Minecraft) [STDOUT]: [WG-CONTENT-WB] chunk(-14,-1) hash=84113f657105a00f dh=23e11dc4ef693b14 nz=31167
[16:45:01] [Worker-Main-8/INFO] (Minecraft) [STDOUT]: [Mixin] populateNoise intercepted chunk(-9,-13)
[16:45:01] [Worker-Main-18/INFO] (Minecraft) [STDOUT]: [WG-CONTENT-WB] chunk(-12,-1) hash=7898c798c9b5ec60 dh=20c40185918a164e nz=32422
[16:45:01] [Worker-Main-18/INFO] (Minecraft) [STDOUT]: [Mixin] populateNoise intercepted chunk(-9,-5)
[16:45:01] [Worker-Main-18/INFO] (Minecraft) [STDOUT]: [Mixin] populateNoise intercepted chunk(-9,-4)
[16:45:01] [Worker-Main-4/INFO] (Minecraft) [STDOUT]: [WG-CONTENT-WB] chunk(-11,-1) hash=23703f8ec3c65c40 dh=2d39f48f13b0af53 nz=32404
[16:45:01] [Worker-Main-20/INFO] (Minecraft) [STDOUT]: [WG-CONTENT] chunk(-14,0) hash=e7daadc4cf66430f nz=31047
[16:45:01] [Worker-Main-6/INFO] (Minecraft) [STDOUT]: [WG-CONTENT] chunk(-11,0) hash=a0bd57fa49849af2 nz=32511
[16:45:01] [Worker-Main-22/INFO] (Minecraft) [STDOUT]: [WG-CONTENT] chunk(-13,0) hash=5efda3f89fb0e06e nz=32337
[16:45:01] [Worker-Main-17/INFO] (Minecraft) [STDOUT]: [WG-CONTENT] chunk(-15,-1) hash=25a8baead46990f6 nz=31711
[16:45:01] [Worker-Main-14/INFO] (Minecraft) [STDOUT]: [WG-CONTENT] chunk(-10,0) hash=ac815d916b8046af nz=32512
[16:45:01] [Worker-Main-21/INFO] (Minecraft) [STDOUT]: [WG-CONTENT] chunk(-12,0) hash=b9c2ed9508f00108 nz=32391
[16:45:01] [Worker-Main-20/INFO] (Minecraft) [STDOUT]: [WG-CONTENT-WB] chunk(-14,0) hash=92cfa4c7c4a96b24 dh=9bf0652695f578b0 nz=31047
[16:45:01] [Worker-Main-20/INFO] (Minecraft) [STDOUT]: [Mixin] populateNoise intercepted chunk(-9,-3)
[16:45:01] [Worker-Main-6/INFO] (Minecraft) [STDOUT]: [WG-CONTENT-WB] chunk(-11,0) hash=5a885d9e91acc183 dh=ec1991c7fb644689 nz=32511
[16:45:01] [Worker-Main-6/INFO] (Minecraft) [STDOUT]: [Mixin] populateNoise intercepted chunk(-9,-2)
[16:45:01] [Worker-Main-6/INFO] (Minecraft) [STDOUT]: [Mixin] populateNoise intercepted chunk(-9,-1)
[16:45:01] [Worker-Main-22/INFO] (Minecraft) [STDOUT]: [WG-CONTENT-WB] chunk(-13,0) hash=669bf57347ff9bcb dh=d6d06d84f3618157 nz=32337
[16:45:01] [Worker-Main-2/INFO] (Minecraft) [STDOUT]: [WG-CONTENT] chunk(-15,0) hash=e98132083f50787b nz=32155
[16:45:01] [Worker-Main-14/INFO] (Minecraft) [STDOUT]: [WG-CONTENT-WB] chunk(-10,0) hash=687f11bf0558953f dh=4d825662de3f30b2 nz=32512
[16:45:01] [Worker-Main-17/INFO] (Minecraft) [STDOUT]: [WG-CONTENT-WB] chunk(-15,-1) hash=7977c72afc1c52d3 dh=54c270b391809472 nz=31711
[16:45:01] [Worker-Main-17/INFO] (Minecraft) [STDOUT]: [Mixin] populateNoise intercepted chunk(-9,0)
[16:45:01] [Worker-Main-17/INFO] (Minecraft) [STDOUT]: [Mixin] populateNoise intercepted chunk(-9,1)
[16:45:01] [Worker-Main-21/INFO] (Minecraft) [STDOUT]: [WG-CONTENT-WB] chunk(-12,0) hash=a61fdb0dfcbadcd7 dh=4006d368c0a63682 nz=32391
[16:45:01] [Worker-Main-21/INFO] (Minecraft) [STDOUT]: [Mixin] populateNoise intercepted chunk(-8,-13)
[16:45:01] [Worker-Main-21/INFO] (Minecraft) [STDOUT]: [Mixin] populateNoise intercepted chunk(-8,-12)
[16:45:01] [Worker-Main-21/INFO] (Minecraft) [STDOUT]: [Mixin] populateNoise intercepted chunk(-8,-11)
[16:45:01] [Worker-Main-21/INFO] (Minecraft) [STDOUT]: [Mixin] populateNoise intercepted chunk(-8,-10)
[16:45:01] [Worker-Main-21/INFO] (Minecraft) [STDOUT]: [Mixin] populateNoise intercepted chunk(-8,-9)
[16:45:01] [Worker-Main-3/INFO] (Minecraft) [STDOUT]: [WG-CONTENT] chunk(-14,1) hash=69b2807303c455f6 nz=32201
[16:45:01] [Worker-Main-2/INFO] (Minecraft) [STDOUT]: [WG-CONTENT-WB] chunk(-15,0) hash=c2a3dec35dc8ab8 dh=641ac5707b01fdf4 nz=32155
[16:45:01] [Worker-Main-3/INFO] (Minecraft) [STDOUT]: [WG-CONTENT-WB] chunk(-14,1) hash=bc44ba86ea0c5837 dh=2301cdc2d0ba0ec5 nz=32201
[16:45:01] [Worker-Main-1/INFO] (Minecraft) [STDOUT]: [WG-CONTENT] chunk(-9,-10) hash=420dab8aee64636d nz=32264
[16:45:01] [Worker-Main-19/INFO] (Minecraft) [STDOUT]: [WG-CONTENT] chunk(-11,1) hash=a25fa1b1c9eacd05 nz=32512
[16:45:01] [Worker-Main-5/INFO] (Minecraft) [STDOUT]: [WG-CONTENT] chunk(-12,1) hash=4d16e40918a0fbb1 nz=32512
[16:45:01] [Worker-Main-12/INFO] (Minecraft) [STDOUT]: [WG-CONTENT] chunk(-13,1) hash=79a37656bf79d019 nz=32398
[16:45:01] [Worker-Main-19/INFO] (Minecraft) [STDOUT]: [WG-CONTENT-WB] chunk(-11,1) hash=c4d0848138b898e1 dh=4b8c4ee9c7c8cf2e nz=32512
[16:45:01] [Worker-Main-9/INFO] (Minecraft) [STDOUT]: [WG-CONTENT] chunk(-9,-9) hash=61f57032101c0182 nz=29776
[16:45:01] [Worker-Main-1/INFO] (Minecraft) [STDOUT]: [WG-CONTENT-WB] chunk(-9,-10) hash=8e276c440ed42741 dh=2425977bd22567d0 nz=32264
[16:45:01] [Worker-Main-7/INFO] (Minecraft) [STDOUT]: [WG-CONTENT] chunk(-9,-7) hash=c843df1279bded7d nz=29526
[16:45:01] [Worker-Main-5/INFO] (Minecraft) [STDOUT]: [WG-CONTENT-WB] chunk(-12,1) hash=bec779b2f40c8a5f dh=29670f2993ac6a9c nz=32512
[16:45:01] [Worker-Main-12/INFO] (Minecraft) [STDOUT]: [WG-CONTENT-WB] chunk(-13,1) hash=fefda445d12c84a7 dh=32e6ddbd6b81b964 nz=32398
[16:45:01] [Worker-Main-5/INFO] (Minecraft) [STDOUT]: [Mixin] populateNoise intercepted chunk(-8,-8)
[16:45:01] [Worker-Main-5/INFO] (Minecraft) [STDOUT]: [Mixin] populateNoise intercepted chunk(-8,-7)
[16:45:01] [Worker-Main-13/INFO] (Minecraft) [STDOUT]: [WG-CONTENT] chunk(-15,1) hash=d60b3e591998f2be nz=32430
[16:45:01] [Worker-Main-11/INFO] (Minecraft) [STDOUT]: [WG-CONTENT] chunk(-9,-8) hash=4b4b624b6064ea6c nz=29512
[16:45:01] [Worker-Main-9/INFO] (Minecraft) [STDOUT]: [WG-CONTENT-WB] chunk(-9,-9) hash=e8be7dfec86d3c01 dh=8b6c4f6a52cd202 nz=29776
[16:45:01] [Worker-Main-7/INFO] (Minecraft) [STDOUT]: [WG-CONTENT-WB] chunk(-9,-7) hash=7b70a8a1103c4821 dh=285013090f425337 nz=29526
[16:45:01] [Worker-Main-7/INFO] (Minecraft) [STDOUT]: [Mixin] populateNoise intercepted chunk(-8,-6)
[16:45:01] [Worker-Main-7/INFO] (Minecraft) [STDOUT]: [Mixin] populateNoise intercepted chunk(-8,-5)
[16:45:01] [Worker-Main-23/INFO] (Minecraft) [STDOUT]: [WG-CONTENT] chunk(-10,1) hash=d35b4a2ffac1036d nz=32512
[16:45:01] [Worker-Main-16/INFO] (Minecraft) [STDOUT]: [WG-CONTENT] chunk(-9,-6) hash=4754cbe2a66d6b5f nz=32512
[16:45:01] [Worker-Main-13/INFO] (Minecraft) [STDOUT]: [WG-CONTENT-WB] chunk(-15,1) hash=19b80f72b36cc469 dh=dcf7109483087ed5 nz=32430
[16:45:01] [Worker-Main-13/INFO] (Minecraft) [STDOUT]: [Mixin] populateNoise intercepted chunk(-8,-4)
[16:45:01] [Worker-Main-11/INFO] (Minecraft) [STDOUT]: [WG-CONTENT-WB] chunk(-9,-8) hash=2a600871a800ae36 dh=8906f5b610b16651 nz=29512
[16:45:01] [Worker-Main-11/INFO] (Minecraft) [STDOUT]: [Mixin] populateNoise intercepted chunk(-8,-3)
[16:45:01] [Worker-Main-11/INFO] (Minecraft) [STDOUT]: [Mixin] populateNoise intercepted chunk(-8,-2)
[16:45:01] [Worker-Main-11/INFO] (Minecraft) [STDOUT]: [Mixin] populateNoise intercepted chunk(-8,-1)
[16:45:01] [Worker-Main-23/INFO] (Minecraft) [STDOUT]: [WG-CONTENT-WB] chunk(-10,1) hash=74f2ba374d7cec64 dh=dc72de2ffc602024 nz=32512
[16:45:01] [Worker-Main-16/INFO] (Minecraft) [STDOUT]: [WG-CONTENT-WB] chunk(-9,-6) hash=dfda342e1740e8f2 dh=3967ac399fb4ba73 nz=32512
[16:45:01] [Worker-Main-15/INFO] (Minecraft) [STDOUT]: [WG-CONTENT] chunk(-9,-12) hash=54d9f8dcfbd3042e nz=32284
[16:45:01] [Worker-Main-10/INFO] (Minecraft) [STDOUT]: [WG-CONTENT] chunk(-9,-11) hash=2903594c866d0f62 nz=32504
[16:45:01] [Worker-Main-15/INFO] (Minecraft) [STDOUT]: [WG-CONTENT-WB] chunk(-9,-12) hash=5ea460556e09b72d dh=8de3952a924b8153 nz=32284
[16:45:01] [Worker-Main-15/INFO] (Minecraft) [STDOUT]: [Mixin] populateNoise intercepted chunk(-8,0)
[16:45:01] [Worker-Main-10/INFO] (Minecraft) [STDOUT]: [WG-CONTENT-WB] chunk(-9,-11) hash=b84d0f4bdec8a62d dh=2e7887a42c7ea142 nz=32504
[16:45:01] [Worker-Main-10/INFO] (Minecraft) [STDOUT]: [Mixin] populateNoise intercepted chunk(-8,1)
[16:45:01] [Worker-Main-18/INFO] (Minecraft) [STDOUT]: [WG-CONTENT] chunk(-9,-5) hash=a21f6412161085e5 nz=32512
[16:45:01] [Worker-Main-8/INFO] (Minecraft) [STDOUT]: [WG-CONTENT] chunk(-9,-13) hash=e4e2598c808a11b7 nz=31040
[16:45:01] [Worker-Main-4/INFO] (Minecraft) [STDOUT]: [WG-CONTENT] chunk(-9,-4) hash=66d079ef7c50b8bf nz=32512
[16:45:01] [Worker-Main-18/INFO] (Minecraft) [STDOUT]: [WG-CONTENT-WB] chunk(-9,-5) hash=af0a27c1a467e25d dh=7bb0da53f6ca224d nz=32512
[16:45:01] [Worker-Main-18/INFO] (Minecraft) [STDOUT]: [Mixin] populateNoise intercepted chunk(-7,-9)
[16:45:01] [Worker-Main-18/INFO] (Minecraft) [STDOUT]: [Mixin] populateNoise intercepted chunk(-7,-8)
[16:45:01] [Worker-Main-18/INFO] (Minecraft) [STDOUT]: [Mixin] populateNoise intercepted chunk(-7,-7)
[16:45:01] [Worker-Main-18/INFO] (Minecraft) [STDOUT]: [Mixin] populateNoise intercepted chunk(-7,-6)
[16:45:01] [Worker-Main-18/INFO] (Minecraft) [STDOUT]: [Mixin] populateNoise intercepted chunk(-7,-5)
[16:45:01] [Worker-Main-8/INFO] (Minecraft) [STDOUT]: [WG-CONTENT-WB] chunk(-9,-13) hash=f57ce6ea4d0174ee dh=d340a36486e37744 nz=31040
[16:45:01] [Worker-Main-4/INFO] (Minecraft) [STDOUT]: [WG-CONTENT-WB] chunk(-9,-4) hash=723db68c590509a6 dh=f6331bb3b20bfe8b nz=32512
[16:45:01] [Worker-Main-20/INFO] (Minecraft) [STDOUT]: [WG-CONTENT] chunk(-9,-3) hash=9404b9d0f461d70e nz=32512
[16:45:01] [Worker-Main-22/INFO] (Minecraft) [STDOUT]: [WG-CONTENT] chunk(-9,-1) hash=52cbe0891a19bd7f nz=32483
[16:45:01] [Worker-Main-6/INFO] (Minecraft) [STDOUT]: [WG-CONTENT] chunk(-9,-2) hash=88b9d804cbaf29d6 nz=32502
[16:45:01] [Worker-Main-20/INFO] (Minecraft) [STDOUT]: [WG-CONTENT-WB] chunk(-9,-3) hash=9a5a41708adfd729 dh=c28540811704bbc nz=32512
[16:45:01] [Worker-Main-22/INFO] (Minecraft) [STDOUT]: [WG-CONTENT-WB] chunk(-9,-1) hash=4bd7f291679d5a70 dh=eb590250f709ce85 nz=32483
[16:45:01] [Worker-Main-6/INFO] (Minecraft) [STDOUT]: [WG-CONTENT-WB] chunk(-9,-2) hash=5c8994decaea5229 dh=bbc8c75ec3be52d5 nz=32502
[16:45:01] [Worker-Main-6/INFO] (Minecraft) [STDOUT]: [Mixin] populateNoise intercepted chunk(-7,-11)
[16:45:01] [Worker-Main-6/INFO] (Minecraft) [STDOUT]: [Mixin] populateNoise intercepted chunk(-7,-10)
[16:45:01] [Worker-Main-3/INFO] (Minecraft) [STDOUT]: [WG-CONTENT] chunk(-8,-11) hash=5693cf5fcff48aec nz=32512
[16:45:01] [Worker-Main-2/INFO] (Minecraft) [STDOUT]: [WG-CONTENT] chunk(-8,-12) hash=b9090fd098850c06 nz=32512
[16:45:01] [Worker-Main-14/INFO] (Minecraft) [STDOUT]: [WG-CONTENT] chunk(-9,0) hash=79d6fa53884617db nz=32262
[16:45:01] [Worker-Main-21/INFO] (Minecraft) [STDOUT]: [WG-CONTENT] chunk(-8,-13) hash=b0ffdbc56bbc8ad nz=32469
[16:45:01] [Worker-Main-19/INFO] (Minecraft) [STDOUT]: [WG-CONTENT] chunk(-8,-10) hash=91bc31cf0227a3b4 nz=32512
[16:45:01] [Worker-Main-17/INFO] (Minecraft) [STDOUT]: [WG-CONTENT] chunk(-9,1) hash=1a9d468168aac294 nz=31674
[16:45:01] [Worker-Main-3/INFO] (Minecraft) [STDOUT]: [WG-CONTENT-WB] chunk(-8,-11) hash=bcc8a625ca43ebaa dh=4c7b2d17cdb43d31 nz=32512
[16:45:01] [Worker-Main-2/INFO] (Minecraft) [STDOUT]: [WG-CONTENT-WB] chunk(-8,-12) hash=e664d1d53157d4e5 dh=c928790ff4d078e3 nz=32512
[16:45:01] [Worker-Main-2/INFO] (Minecraft) [STDOUT]: [Mixin] populateNoise intercepted chunk(-7,-12)
[16:45:01] [Worker-Main-1/INFO] (Minecraft) [STDOUT]: [WG-CONTENT] chunk(-8,-9) hash=50d2ebecfd738c8d nz=31336
[16:45:01] [Worker-Main-14/INFO] (Minecraft) [STDOUT]: [WG-CONTENT-WB] chunk(-9,0) hash=9b8dd00481c9784e dh=61707b9fbc4de3b9 nz=32262
[16:45:01] [Worker-Main-14/INFO] (Minecraft) [STDOUT]: [Mixin] populateNoise intercepted chunk(-7,-13)
[16:45:01] [Worker-Main-12/INFO] (Minecraft) [STDOUT]: [WG-CONTENT] chunk(-8,-8) hash=9a25c29a012f7c9e nz=31346
[16:45:01] [Worker-Main-19/INFO] (Minecraft) [STDOUT]: [WG-CONTENT-WB] chunk(-8,-10) hash=81049857cbf8563a dh=cf5ac4efb7efdc09 nz=32512
[16:45:01] [Worker-Main-19/INFO] (Minecraft) [STDOUT]: [Mixin] populateNoise intercepted chunk(-7,-4)
[16:45:01] [Worker-Main-21/INFO] (Minecraft) [STDOUT]: [WG-CONTENT-WB] chunk(-8,-13) hash=cb0a8ae2be11f737 dh=cf663733d2a6408 nz=32469
[16:45:01] [Worker-Main-21/INFO] (Minecraft) [STDOUT]: [Mixin] buildSurface skipped chunk(-15,-13)
[16:45:01] [Worker-Main-21/INFO] (Minecraft) [STDOUT]: [Mixin] buildSurface skipped chunk(-15,-12)
[16:45:01] [Worker-Main-21/INFO] (Minecraft) [STDOUT]: [Mixin] buildSurface skipped chunk(-15,-11)
[16:45:01] [Worker-Main-21/INFO] (Minecraft) [STDOUT]: [Mixin] buildSurface skipped chunk(-15,-10)
[16:45:01] [Worker-Main-21/INFO] (Minecraft) [STDOUT]: [Mixin] buildSurface skipped chunk(-15,-9)
[16:45:01] [Worker-Main-21/INFO] (Minecraft) [STDOUT]: [Mixin] buildSurface skipped chunk(-14,-13)
[16:45:01] [Worker-Main-21/INFO] (Minecraft) [STDOUT]: [Mixin] buildSurface skipped chunk(-14,-12)
[16:45:01] [Worker-Main-21/INFO] (Minecraft) [STDOUT]: [Mixin] buildSurface skipped chunk(-14,-11)
[16:45:01] [Worker-Main-21/INFO] (Minecraft) [STDOUT]: [Mixin] buildSurface skipped chunk(-14,-10)
[16:45:01] [Worker-Main-21/INFO] (Minecraft) [STDOUT]: [Mixin] buildSurface skipped chunk(-14,-9)
[16:45:01] [Worker-Main-21/INFO] (Minecraft) [STDOUT]: [Mixin] buildSurface skipped chunk(-13,-13)
[16:45:01] [Worker-Main-21/INFO] (Minecraft) [STDOUT]: [Mixin] buildSurface skipped chunk(-13,-12)
[16:45:01] [Worker-Main-21/INFO] (Minecraft) [STDOUT]: [Mixin] buildSurface skipped chunk(-13,-11)
[16:45:01] [Worker-Main-21/INFO] (Minecraft) [STDOUT]: [Mixin] buildSurface skipped chunk(-13,-10)
[16:45:01] [Worker-Main-21/INFO] (Minecraft) [STDOUT]: [Mixin] buildSurface skipped chunk(-13,-9)
[16:45:01] [Worker-Main-21/INFO] (Minecraft) [STDOUT]: [Mixin] buildSurface skipped chunk(-12,-13)
[16:45:01] [Worker-Main-21/INFO] (Minecraft) [STDOUT]: [Mixin] buildSurface skipped chunk(-12,-12)
[16:45:01] [Worker-Main-21/INFO] (Minecraft) [STDOUT]: [Mixin] buildSurface skipped chunk(-12,-11)
[16:45:01] [Worker-Main-21/INFO] (Minecraft) [STDOUT]: [Mixin] buildSurface skipped chunk(-12,-10)
[16:45:01] [Worker-Main-21/INFO] (Minecraft) [STDOUT]: [Mixin] buildSurface skipped chunk(-12,-9)
[16:45:01] [Worker-Main-21/INFO] (Minecraft) [STDOUT]: [Mixin] buildSurface skipped chunk(-11,-13)
[16:45:01] [Worker-Main-21/INFO] (Minecraft) [STDOUT]: [Mixin] buildSurface skipped chunk(-11,-12)
[16:45:01] [Worker-Main-21/INFO] (Minecraft) [STDOUT]: [Mixin] buildSurface skipped chunk(-11,-11)
[16:45:01] [Worker-Main-21/INFO] (Minecraft) [STDOUT]: [Mixin] buildSurface skipped chunk(-11,-10)
[16:45:01] [Worker-Main-21/INFO] (Minecraft) [STDOUT]: [Mixin] buildSurface skipped chunk(-11,-9)
[16:45:01] [Worker-Main-17/INFO] (Minecraft) [STDOUT]: [WG-CONTENT-WB] chunk(-9,1) hash=4dd0bffd13be5c69 dh=e8ebbc5b0c182e96 nz=31674
[16:45:01] [Worker-Main-12/INFO] (Minecraft) [STDOUT]: [WG-CONTENT-WB] chunk(-8,-8) hash=aa723e30ba943705 dh=e8b7682888c15fdb nz=31346
[16:45:01] [Worker-Main-1/INFO] (Minecraft) [STDOUT]: [WG-CONTENT-WB] chunk(-8,-9) hash=a590bff907c97915 dh=a05c1ae7fb17fa19 nz=31336
[16:45:01] [Worker-Main-9/INFO] (Minecraft) [STDOUT]: [WG-CONTENT] chunk(-8,-6) hash=cdad2f964f4e074 nz=30187
[16:45:01] [Worker-Main-11/INFO] (Minecraft) [STDOUT]: [WG-CONTENT] chunk(-8,-3) hash=2c8c7a271ccb1ac5 nz=31218
[16:45:01] [Worker-Main-5/INFO] (Minecraft) [STDOUT]: [WG-CONTENT] chunk(-8,-7) hash=38c5abf6c95cf137 nz=29342
[16:45:01] [Worker-Main-13/INFO] (Minecraft) [STDOUT]: [WG-CONTENT] chunk(-8,-4) hash=c586afb3304f6bde nz=31154
[16:45:01] [Worker-Main-9/INFO] (Minecraft) [STDOUT]: [WG-CONTENT-WB] chunk(-8,-6) hash=7a7b9b3c60301e8 dh=2ba90f5c3bfd0180 nz=30187
[16:45:01] [Worker-Main-11/INFO] (Minecraft) [STDOUT]: [WG-CONTENT-WB] chunk(-8,-3) hash=14a14746ceee15c1 dh=cceee2deb955b7f2 nz=31218
[16:45:01] [Worker-Main-5/INFO] (Minecraft) [STDOUT]: [WG-CONTENT-WB] chunk(-8,-7) hash=561341d5cb18cfbe dh=b84aa67e711fd081 nz=29342
[16:45:01] [Worker-Main-7/INFO] (Minecraft) [STDOUT]: [WG-CONTENT] chunk(-8,-5) hash=ceb00931bc1b65a6 nz=31122
[16:45:01] [Worker-Main-23/INFO] (Minecraft) [STDOUT]: [WG-CONTENT] chunk(-8,-2) hash=f4372bdbee84ca94 nz=31319
[16:45:01] [Worker-Main-13/INFO] (Minecraft) [STDOUT]: [WG-CONTENT-WB] chunk(-8,-4) hash=97b3fc91dd6c5bfd dh=9aaf2cf28075cd3e nz=31154
[16:45:01] [Worker-Main-7/INFO] (Minecraft) [STDOUT]: [WG-CONTENT-WB] chunk(-8,-5) hash=3f8ed7bf719710d9 dh=3f951705e27e594b nz=31122
[16:45:01] [Worker-Main-16/INFO] (Minecraft) [STDOUT]: [WG-CONTENT] chunk(-8,-1) hash=47df720630ea1797 nz=31352
[16:45:01] [Worker-Main-23/INFO] (Minecraft) [STDOUT]: [WG-CONTENT-WB] chunk(-8,-2) hash=b1bf55147fee2138 dh=8e92bd0b18eb6f52 nz=31319
[16:45:01] [Worker-Main-16/INFO] (Minecraft) [STDOUT]: [WG-CONTENT-WB] chunk(-8,-1) hash=ef2ead8aa795102e dh=56cabf6ec1d2274e nz=31352
[16:45:01] [Worker-Main-15/INFO] (Minecraft) [STDOUT]: [WG-CONTENT] chunk(-8,0) hash=a0af452b3fe3e46d nz=31217
[16:45:01] [Worker-Main-18/INFO] (Minecraft) [STDOUT]: [WG-CONTENT] chunk(-7,-9) hash=b92e8592da4b22f5 nz=31722
[16:45:01] [Worker-Main-4/INFO] (Minecraft) [STDOUT]: [WG-CONTENT] chunk(-7,-7) hash=5e706bcd57c4e2e4 nz=29536
[16:45:01] [Worker-Main-8/INFO] (Minecraft) [STDOUT]: [WG-CONTENT] chunk(-7,-8) hash=43df81040d3eecf4 nz=31619
[16:45:01] [Worker-Main-15/INFO] (Minecraft) [STDOUT]: [WG-CONTENT-WB] chunk(-8,0) hash=26f7cd9945d8057 dh=2e4409734c9b2a5a nz=31217
[16:45:01] [Worker-Main-10/INFO] (Minecraft) [STDOUT]: [WG-CONTENT] chunk(-8,1) hash=97f29fcff1131dc7 nz=32034
[16:45:01] [Worker-Main-18/INFO] (Minecraft) [STDOUT]: [WG-CONTENT-WB] chunk(-7,-9) hash=32390f8987a495b1 dh=81ec3d5471c3f27b nz=31722
[16:45:01] [Worker-Main-4/INFO] (Minecraft) [STDOUT]: [WG-CONTENT-WB] chunk(-7,-7) hash=908358f8b805f02 dh=1bf0fd9c4da1db86 nz=29536
[16:45:01] [Worker-Main-8/INFO] (Minecraft) [STDOUT]: [WG-CONTENT-WB] chunk(-7,-8) hash=a61bc48148e63904 dh=72f8d7b257531975 nz=31619
[16:45:01] [Worker-Main-20/INFO] (Minecraft) [STDOUT]: [WG-CONTENT] chunk(-7,-6) hash=7364fc93a97504ef nz=29055
[16:45:01] [Worker-Main-10/INFO] (Minecraft) [STDOUT]: [WG-CONTENT-WB] chunk(-8,1) hash=ce4c876ebd90a9ba dh=5906ebce3ef7c914 nz=32034
[16:45:01] [Worker-Main-6/INFO] (Minecraft) [STDOUT]: [WG-CONTENT] chunk(-7,-11) hash=f5a121d1c4be4136 nz=32509
[16:45:01] [Worker-Main-22/INFO] (Minecraft) [STDOUT]: [WG-CONTENT] chunk(-7,-5) hash=2e2ad88b35bdd057 nz=31830
[16:45:01] [Worker-Main-20/INFO] (Minecraft) [STDOUT]: [WG-CONTENT-WB] chunk(-7,-6) hash=b94d0bf4c8ac4694 dh=d57bea046e6341f0 nz=29055
[16:45:01] [Worker-Main-22/INFO] (Minecraft) [STDOUT]: [WG-CONTENT-WB] chunk(-7,-5) hash=794a3a00e062467e dh=d6d0b7c098b0ee40 nz=31830
[16:45:01] [Worker-Main-6/INFO] (Minecraft) [STDOUT]: [WG-CONTENT-WB] chunk(-7,-11) hash=ad24ecf40739a333 dh=c701dfe56d325323 nz=32509
[16:45:01] [Worker-Main-3/INFO] (Minecraft) [STDOUT]: [WG-CONTENT] chunk(-7,-10) hash=7db52dea6a678be nz=32460
[16:45:01] [Worker-Main-2/INFO] (Minecraft) [STDOUT]: [WG-CONTENT] chunk(-7,-12) hash=378a4c4627c66f0c nz=32496
[16:45:01] [Worker-Main-19/INFO] (Minecraft) [STDOUT]: [WG-CONTENT] chunk(-7,-4) hash=10ea3de94d69bc3d nz=32083
[16:45:01] [Worker-Main-2/INFO] (Minecraft) [STDOUT]: [WG-CONTENT-WB] chunk(-7,-12) hash=ae4b4a8eb1ab150e dh=d8937946fdf216f5 nz=32496
[16:45:01] [Worker-Main-3/INFO] (Minecraft) [STDOUT]: [WG-CONTENT-WB] chunk(-7,-10) hash=abd5d56cf2e87579 dh=8dc970b5c94cad5f nz=32460
[16:45:01] [Worker-Main-14/INFO] (Minecraft) [STDOUT]: [WG-CONTENT] chunk(-7,-13) hash=84cb223c0907681c nz=32383
[16:45:01] [Worker-Main-19/INFO] (Minecraft) [STDOUT]: [WG-CONTENT-WB] chunk(-7,-4) hash=8762fd5b86c07c57 dh=dfd91825e2400b3b nz=32083
[16:45:01] [Worker-Main-14/INFO] (Minecraft) [STDOUT]: [WG-CONTENT-WB] chunk(-7,-13) hash=cc409ab7de2dd5f8 dh=fc27618de5805544 nz=32383
[16:45:01] [Worker-Main-21/INFO] (Minecraft) [STDOUT]: [Mixin] buildSurface skipped chunk(-15,-8)
[16:45:01] [Worker-Main-21/INFO] (Minecraft) [STDOUT]: [Mixin] buildSurface skipped chunk(-14,-8)
[16:45:01] [Worker-Main-21/INFO] (Minecraft) [STDOUT]: [Mixin] buildSurface skipped chunk(-13,-8)
[16:45:01] [Worker-Main-21/INFO] (Minecraft) [STDOUT]: [Mixin] buildSurface skipped chunk(-12,-8)
[16:45:01] [Worker-Main-21/INFO] (Minecraft) [STDOUT]: [Mixin] buildSurface skipped chunk(-11,-8)
[16:45:01] [Worker-Main-21/INFO] (Minecraft) [STDOUT]: [Mixin] buildSurface skipped chunk(-15,-7)
[16:45:01] [Worker-Main-21/INFO] (Minecraft) [STDOUT]: [Mixin] buildSurface skipped chunk(-14,-7)
[16:45:01] [Worker-Main-21/INFO] (Minecraft) [STDOUT]: [Mixin] buildSurface skipped chunk(-13,-7)
[16:45:01] [Worker-Main-21/INFO] (Minecraft) [STDOUT]: [Mixin] buildSurface skipped chunk(-12,-7)
[16:45:01] [Worker-Main-21/INFO] (Minecraft) [STDOUT]: [Mixin] buildSurface skipped chunk(-11,-7)
[16:45:01] [Worker-Main-2/INFO] (Minecraft) [STDOUT]: [Mixin] buildSurface skipped chunk(-10,-13)
[16:45:01] [Worker-Main-2/INFO] (Minecraft) [STDOUT]: [Mixin] buildSurface skipped chunk(-10,-12)
[16:45:01] [Worker-Main-2/INFO] (Minecraft) [STDOUT]: [Mixin] buildSurface skipped chunk(-10,-11)
[16:45:01] [Worker-Main-2/INFO] (Minecraft) [STDOUT]: [Mixin] buildSurface skipped chunk(-10,-10)
[16:45:01] [Worker-Main-2/INFO] (Minecraft) [STDOUT]: [Mixin] buildSurface skipped chunk(-10,-9)
[16:45:01] [Worker-Main-19/INFO] (Minecraft) [STDOUT]: [Mixin] buildSurface skipped chunk(-10,-8)
[16:45:01] [Worker-Main-6/INFO] (Minecraft) [STDOUT]: [Mixin] buildSurface skipped chunk(-10,-7)
[16:45:01] [Worker-Main-22/INFO] (Minecraft) [STDOUT]: [Mixin] buildSurface skipped chunk(-15,-6)
[16:45:01] [Worker-Main-22/INFO] (Minecraft) [STDOUT]: [Mixin] buildSurface skipped chunk(-14,-6)
[16:45:01] [Worker-Main-22/INFO] (Minecraft) [STDOUT]: [Mixin] buildSurface skipped chunk(-13,-6)
[16:45:01] [Worker-Main-22/INFO] (Minecraft) [STDOUT]: [Mixin] buildSurface skipped chunk(-12,-6)
[16:45:01] [Worker-Main-22/INFO] (Minecraft) [STDOUT]: [Mixin] buildSurface skipped chunk(-11,-6)
[16:45:01] [Worker-Main-21/INFO] (Minecraft) [STDOUT]: [Mixin] buildSurface skipped chunk(-10,-6)
[16:45:01] [Worker-Main-19/INFO] (Minecraft) [STDOUT]: [Mixin] buildSurface skipped chunk(-15,-5)
[16:45:01] [Worker-Main-19/INFO] (Minecraft) [STDOUT]: [Mixin] buildSurface skipped chunk(-14,-5)
[16:45:01] [Worker-Main-19/INFO] (Minecraft) [STDOUT]: [Mixin] buildSurface skipped chunk(-13,-5)
[16:45:01] [Worker-Main-19/INFO] (Minecraft) [STDOUT]: [Mixin] buildSurface skipped chunk(-12,-5)
[16:45:01] [Worker-Main-19/INFO] (Minecraft) [STDOUT]: [Mixin] buildSurface skipped chunk(-11,-5)
[16:45:01] [Worker-Main-19/INFO] (Minecraft) [STDOUT]: [Mixin] buildSurface skipped chunk(-10,-5)
[16:45:01] [Worker-Main-14/INFO] (Minecraft) [STDOUT]: [Mixin] buildSurface skipped chunk(-14,-4)
[16:45:01] [Worker-Main-14/INFO] (Minecraft) [STDOUT]: [Mixin] buildSurface skipped chunk(-13,-4)
[16:45:01] [Worker-Main-14/INFO] (Minecraft) [STDOUT]: [Mixin] buildSurface skipped chunk(-12,-4)
[16:45:01] [Worker-Main-14/INFO] (Minecraft) [STDOUT]: [Mixin] buildSurface skipped chunk(-11,-4)
[16:45:01] [Worker-Main-14/INFO] (Minecraft) [STDOUT]: [Mixin] buildSurface skipped chunk(-10,-4)
[16:45:01] [Worker-Main-14/INFO] (Minecraft) [STDOUT]: [Mixin] buildSurface skipped chunk(-15,-4)
[16:45:01] [Worker-Main-14/INFO] (Minecraft) [STDOUT]: [Mixin] buildSurface skipped chunk(-15,-3)
[16:45:01] [Worker-Main-14/INFO] (Minecraft) [STDOUT]: [Mixin] buildSurface skipped chunk(-14,-3)
[16:45:01] [Worker-Main-14/INFO] (Minecraft) [STDOUT]: [Mixin] buildSurface skipped chunk(-13,-3)
[16:45:01] [Worker-Main-14/INFO] (Minecraft) [STDOUT]: [Mixin] buildSurface skipped chunk(-12,-3)
[16:45:01] [Worker-Main-14/INFO] (Minecraft) [STDOUT]: [Mixin] buildSurface skipped chunk(-11,-3)
[16:45:01] [Worker-Main-22/INFO] (Minecraft) [STDOUT]: [Mixin] buildSurface skipped chunk(-10,-3)
[16:45:01] [Worker-Main-6/INFO] (Minecraft) [STDOUT]: [Mixin] buildSurface skipped chunk(-14,-2)
[16:45:01] [Worker-Main-6/INFO] (Minecraft) [STDOUT]: [Mixin] buildSurface skipped chunk(-13,-2)
[16:45:01] [Worker-Main-6/INFO] (Minecraft) [STDOUT]: [Mixin] buildSurface skipped chunk(-12,-2)
[16:45:01] [Worker-Main-6/INFO] (Minecraft) [STDOUT]: [Mixin] buildSurface skipped chunk(-11,-2)
[16:45:01] [Worker-Main-6/INFO] (Minecraft) [STDOUT]: [Mixin] buildSurface skipped chunk(-10,-2)
[16:45:01] [Worker-Main-3/INFO] (Minecraft) [STDOUT]: [Mixin] buildSurface skipped chunk(-15,-2)
[16:45:01] [Worker-Main-20/INFO] (Minecraft) [STDOUT]: [Mixin] buildSurface skipped chunk(-14,-1)
[16:45:01] [Worker-Main-20/INFO] (Minecraft) [STDOUT]: [Mixin] buildSurface skipped chunk(-13,-1)
[16:45:01] [Worker-Main-20/INFO] (Minecraft) [STDOUT]: [Mixin] buildSurface skipped chunk(-12,-1)
[16:45:01] [Worker-Main-20/INFO] (Minecraft) [STDOUT]: [Mixin] buildSurface skipped chunk(-11,-1)
[16:45:01] [Worker-Main-20/INFO] (Minecraft) [STDOUT]: [Mixin] buildSurface skipped chunk(-10,-1)
[16:45:01] [Worker-Main-19/INFO] (Minecraft) [STDOUT]: [Mixin] buildSurface skipped chunk(-15,-1)
[16:45:01] [Worker-Main-11/INFO] (Minecraft) [STDOUT]: [Mixin] buildSurface skipped chunk(-15,0)
[16:45:01] [Worker-Main-11/INFO] (Minecraft) [STDOUT]: [Mixin] buildSurface skipped chunk(-14,0)
[16:45:01] [Worker-Main-11/INFO] (Minecraft) [STDOUT]: [Mixin] buildSurface skipped chunk(-13,0)
[16:45:01] [Worker-Main-11/INFO] (Minecraft) [STDOUT]: [Mixin] buildSurface skipped chunk(-12,0)
[16:45:01] [Worker-Main-11/INFO] (Minecraft) [STDOUT]: [Mixin] buildSurface skipped chunk(-11,0)
[16:45:01] [Worker-Main-20/INFO] (Minecraft) [STDOUT]: [Mixin] buildSurface skipped chunk(-10,0)
[16:45:01] [Worker-Main-20/INFO] (Minecraft) [STDOUT]: [Mixin] buildSurface skipped chunk(-15,1)
[16:45:01] [Worker-Main-20/INFO] (Minecraft) [STDOUT]: [Mixin] buildSurface skipped chunk(-14,1)
[16:45:01] [Worker-Main-20/INFO] (Minecraft) [STDOUT]: [Mixin] buildSurface skipped chunk(-13,1)
[16:45:01] [Worker-Main-20/INFO] (Minecraft) [STDOUT]: [Mixin] buildSurface skipped chunk(-12,1)
[16:45:01] [Worker-Main-20/INFO] (Minecraft) [STDOUT]: [Mixin] buildSurface skipped chunk(-11,1)
[16:45:01] [Worker-Main-21/INFO] (Minecraft) [STDOUT]: [Mixin] buildSurface skipped chunk(-9,-13)
[16:45:01] [Worker-Main-21/INFO] (Minecraft) [STDOUT]: [Mixin] buildSurface skipped chunk(-9,-12)
[16:45:01] [Worker-Main-21/INFO] (Minecraft) [STDOUT]: [Mixin] buildSurface skipped chunk(-9,-11)
[16:45:01] [Worker-Main-21/INFO] (Minecraft) [STDOUT]: [Mixin] buildSurface skipped chunk(-9,-10)
[16:45:01] [Worker-Main-21/INFO] (Minecraft) [STDOUT]: [Mixin] buildSurface skipped chunk(-9,-9)
[16:45:01] [Worker-Main-3/INFO] (Minecraft) [STDOUT]: [Mixin] buildSurface skipped chunk(-9,-8)
[16:45:01] [Worker-Main-3/INFO] (Minecraft) [STDOUT]: [Mixin] buildSurface skipped chunk(-9,-7)
[16:45:01] [Worker-Main-3/INFO] (Minecraft) [STDOUT]: [Mixin] buildSurface skipped chunk(-10,1)
[16:45:01] [Worker-Main-14/INFO] (Minecraft) [STDOUT]: [Mixin] buildSurface skipped chunk(-9,-6)
[16:45:01] [Worker-Main-11/INFO] (Minecraft) [STDOUT]: [Mixin] buildSurface skipped chunk(-9,-5)
[16:45:01] [Worker-Main-19/INFO] (Minecraft) [STDOUT]: [Mixin] buildSurface skipped chunk(-9,-4)
[16:45:01] [Worker-Main-14/INFO] (Minecraft) [STDOUT]: [Mixin] buildSurface skipped chunk(-9,-3)
[16:45:01] [Worker-Main-20/INFO] (Minecraft) [STDOUT]: [Mixin] buildSurface skipped chunk(-9,-2)
[16:45:01] [Worker-Main-20/INFO] (Minecraft) [STDOUT]: [Mixin] buildSurface skipped chunk(-9,-1)
[16:45:01] [Worker-Main-22/INFO] (Minecraft) [STDOUT]: [Mixin] buildSurface skipped chunk(-9,0)
[16:45:01] [Worker-Main-22/INFO] (Minecraft) [STDOUT]: [Mixin] buildSurface skipped chunk(-9,1)
[16:45:01] [Worker-Main-14/INFO] (Minecraft) [STDOUT]: [Mixin] buildSurface skipped chunk(-8,-12)
[16:45:01] [Worker-Main-14/INFO] (Minecraft) [STDOUT]: [Mixin] buildSurface skipped chunk(-8,-11)
[16:45:01] [Worker-Main-14/INFO] (Minecraft) [STDOUT]: [Mixin] buildSurface skipped chunk(-8,-10)
[16:45:01] [Worker-Main-14/INFO] (Minecraft) [STDOUT]: [Mixin] buildSurface skipped chunk(-8,-9)
[16:45:01] [Worker-Main-14/INFO] (Minecraft) [STDOUT]: [Mixin] buildSurface skipped chunk(-8,-8)
[16:45:01] [Worker-Main-22/INFO] (Minecraft) [STDOUT]: [Mixin] buildSurface skipped chunk(-8,-13)
[16:45:01] [Worker-Main-14/INFO] (Minecraft) [STDOUT]: [Mixin] buildSurface skipped chunk(-8,-7)
[16:45:01] [Worker-Main-14/INFO] (Minecraft) [STDOUT]: [Mixin] buildSurface skipped chunk(-8,-6)
[16:45:01] [Worker-Main-2/INFO] (Minecraft) [STDOUT]: [Mixin] buildSurface skipped chunk(-8,-5)
[16:45:01] [Worker-Main-2/INFO] (Minecraft) [STDOUT]: [Mixin] buildSurface skipped chunk(-8,-4)
[16:45:01] [Worker-Main-2/INFO] (Minecraft) [STDOUT]: [Mixin] buildSurface skipped chunk(-8,-3)
[16:45:01] [Worker-Main-2/INFO] (Minecraft) [STDOUT]: [Mixin] buildSurface skipped chunk(-8,-2)
[16:45:01] [Worker-Main-2/INFO] (Minecraft) [STDOUT]: [Mixin] buildSurface skipped chunk(-8,-1)
[16:45:01] [Worker-Main-14/INFO] (Minecraft) [STDOUT]: [Mixin] buildSurface skipped chunk(-8,0)
[16:45:01] [Worker-Main-11/INFO] (Minecraft) [STDOUT]: [Mixin] buildSurface skipped chunk(-7,-13)
[16:45:01] [Worker-Main-11/INFO] (Minecraft) [STDOUT]: [Mixin] buildSurface skipped chunk(-7,-12)
[16:45:01] [Worker-Main-11/INFO] (Minecraft) [STDOUT]: [Mixin] buildSurface skipped chunk(-7,-11)
[16:45:01] [Worker-Main-11/INFO] (Minecraft) [STDOUT]: [Mixin] buildSurface skipped chunk(-7,-10)
[16:45:01] [Worker-Main-11/INFO] (Minecraft) [STDOUT]: [Mixin] buildSurface skipped chunk(-7,-9)
[16:45:01] [Worker-Main-11/INFO] (Minecraft) [STDOUT]: [Mixin] buildSurface skipped chunk(-7,-8)
[16:45:01] [Worker-Main-11/INFO] (Minecraft) [STDOUT]: [Mixin] buildSurface skipped chunk(-7,-7)
[16:45:01] [Worker-Main-6/INFO] (Minecraft) [STDOUT]: [Mixin] buildSurface skipped chunk(-8,1)
[16:45:02] [Worker-Main-6/INFO] (Minecraft) [STDOUT]: [Mixin] buildSurface skipped chunk(-7,-6)
[16:45:02] [Worker-Main-6/INFO] (Minecraft) [STDOUT]: [Mixin] buildSurface skipped chunk(-7,-5)
[16:45:02] [Worker-Main-22/INFO] (Minecraft) [STDOUT]: [Mixin] buildSurface skipped chunk(-7,-4)
[16:45:02] [Worker-Main-17/INFO] (Minecraft) [STDOUT]: [Mixin] populateNoise intercepted chunk(-7,-3)
[16:45:02] [Worker-Main-17/INFO] (Minecraft) [STDOUT]: [Mixin] populateNoise intercepted chunk(-7,-2)
[16:45:02] [Worker-Main-12/INFO] (Minecraft) [STDOUT]: [Mixin] populateNoise intercepted chunk(-7,-1)
[16:45:02] [Worker-Main-14/INFO] (Minecraft) [STDOUT]: [Mixin] populateNoise intercepted chunk(-6,-5)
[16:45:02] [Worker-Main-14/INFO] (Minecraft) [STDOUT]: [Mixin] populateNoise intercepted chunk(-6,-4)
[16:45:02] [Worker-Main-14/INFO] (Minecraft) [STDOUT]: [Mixin] populateNoise intercepted chunk(-6,-3)
[16:45:02] [Worker-Main-14/INFO] (Minecraft) [STDOUT]: [Mixin] populateNoise intercepted chunk(-6,-2)
[16:45:02] [Worker-Main-14/INFO] (Minecraft) [STDOUT]: [Mixin] populateNoise intercepted chunk(-6,-1)
[16:45:02] [Worker-Main-15/INFO] (Minecraft) [STDOUT]: [Mixin] populateNoise intercepted chunk(-7,0)
[16:45:02] [Worker-Main-15/INFO] (Minecraft) [STDOUT]: [Mixin] populateNoise intercepted chunk(-6,0)
[16:45:02] [Worker-Main-15/INFO] (Minecraft) [STDOUT]: [Mixin] populateNoise intercepted chunk(-6,-13)
[16:45:02] [Worker-Main-15/INFO] (Minecraft) [STDOUT]: [Mixin] populateNoise intercepted chunk(-6,-12)
[16:45:02] [Worker-Main-15/INFO] (Minecraft) [STDOUT]: [Mixin] populateNoise intercepted chunk(-6,-11)
[16:45:02] [Worker-Main-15/INFO] (Minecraft) [STDOUT]: [Mixin] populateNoise intercepted chunk(-6,-10)
[16:45:02] [Worker-Main-15/INFO] (Minecraft) [STDOUT]: [Mixin] populateNoise intercepted chunk(-6,-9)
[16:45:02] [Worker-Main-1/INFO] (Minecraft) [STDOUT]: [Mixin] populateNoise intercepted chunk(-6,-8)
[16:45:02] [Worker-Main-1/INFO] (Minecraft) [STDOUT]: [Mixin] populateNoise intercepted chunk(-6,-7)
[16:45:02] [Worker-Main-1/INFO] (Minecraft) [STDOUT]: [Mixin] populateNoise intercepted chunk(-6,-6)
[16:45:02] [Worker-Main-13/INFO] (Minecraft) [STDOUT]: [Mixin] populateNoise intercepted chunk(-5,-12)
[16:45:02] [Worker-Main-13/INFO] (Minecraft) [STDOUT]: [Mixin] populateNoise intercepted chunk(-5,-11)
[16:45:02] [Worker-Main-13/INFO] (Minecraft) [STDOUT]: [Mixin] populateNoise intercepted chunk(-5,-10)
[16:45:02] [Worker-Main-13/INFO] (Minecraft) [STDOUT]: [Mixin] populateNoise intercepted chunk(-5,-9)
[16:45:02] [Worker-Main-13/INFO] (Minecraft) [STDOUT]: [Mixin] populateNoise intercepted chunk(-5,-8)
[16:45:02] [Worker-Main-16/INFO] (Minecraft) [STDOUT]: [WG-CONTENT] chunk(-6,-4) hash=1f46af131abefb44 nz=32512
[16:45:02] [Worker-Main-16/INFO] (Minecraft) [STDOUT]: [WG-CONTENT-WB] chunk(-6,-4) hash=8a5956ab1cd82d9 dh=7777f632e9647393 nz=32512
[16:45:02] [Worker-Main-16/INFO] (Minecraft) [STDOUT]: [Mixin] populateNoise intercepted chunk(-5,-7)
[16:45:02] [Worker-Main-7/INFO] (Minecraft) [STDOUT]: [WG-CONTENT] chunk(-6,-11) hash=e04489bb4dde32c4 nz=32473
[16:45:02] [Worker-Main-11/INFO] (Minecraft) [STDOUT]: [WG-CONTENT] chunk(-6,-3) hash=735109f10711f375 nz=32512
[16:45:02] [Worker-Main-20/INFO] (Minecraft) [STDOUT]: [WG-CONTENT] chunk(-7,-3) hash=9997eb8c2a83fc96 nz=32149
[16:45:02] [Worker-Main-7/INFO] (Minecraft) [STDOUT]: [WG-CONTENT-WB] chunk(-6,-11) hash=6508c6f3e6c783e4 dh=eaea6aa79cbe4036 nz=32473
[16:45:02] [Worker-Main-7/INFO] (Minecraft) [STDOUT]: [Mixin] populateNoise intercepted chunk(-5,-6)
[16:45:02] [Worker-Main-8/INFO] (Minecraft) [STDOUT]: [WG-CONTENT] chunk(-6,-5) hash=ff2111bae41f731e nz=32512
[16:45:02] [Worker-Main-12/INFO] (Minecraft) [STDOUT]: [WG-CONTENT] chunk(-7,-1) hash=1b8365d49a9625ac nz=32500
[16:45:02] [Worker-Main-17/INFO] (Minecraft) [STDOUT]: [WG-CONTENT] chunk(-7,-2) hash=6f0ade9a95c6201d nz=32463
[16:45:02] [Worker-Main-2/INFO] (Minecraft) [STDOUT]: [WG-CONTENT] chunk(-6,-9) hash=2c771e48b8da4fa7 nz=31357
[16:45:02] [Worker-Main-20/INFO] (Minecraft) [STDOUT]: [WG-CONTENT-WB] chunk(-7,-3) hash=712c41cab26a0ccf dh=ca910f497303635d nz=32149
[16:45:02] [Worker-Main-20/INFO] (Minecraft) [STDOUT]: [Mixin] populateNoise intercepted chunk(-5,-5)
[16:45:02] [Worker-Main-9/INFO] (Minecraft) [STDOUT]: [WG-CONTENT] chunk(-6,-2) hash=7d649ae47f9b55e5 nz=32512
[16:45:02] [Worker-Main-8/INFO] (Minecraft) [STDOUT]: [WG-CONTENT-WB] chunk(-6,-5) hash=c3a28492859cc4c9 dh=38f32721a17891a6 nz=32512
[16:45:02] [Worker-Main-8/INFO] (Minecraft) [STDOUT]: [Mixin] populateNoise intercepted chunk(-5,-4)
[16:45:02] [Worker-Main-19/INFO] (Minecraft) [STDOUT]: [WG-CONTENT] chunk(-6,-13) hash=6de3e1580010e077 nz=32512
[16:45:02] [Worker-Main-12/INFO] (Minecraft) [STDOUT]: [WG-CONTENT-WB] chunk(-7,-1) hash=906b2a2b63c30342 dh=f69dbb0e2547f999 nz=32500
[16:45:02] [Worker-Main-12/INFO] (Minecraft) [STDOUT]: [Mixin] populateNoise intercepted chunk(-5,-3)
[16:45:02] [Worker-Main-3/INFO] (Minecraft) [STDOUT]: [WG-CONTENT] chunk(-6,-8) hash=43bbb76b6c3e119e nz=31451
[16:45:02] [Worker-Main-17/INFO] (Minecraft) [STDOUT]: [WG-CONTENT-WB] chunk(-7,-2) hash=16d4d2ab5e0b139f dh=c3977e1018923c10 nz=32463
[16:45:02] [Worker-Main-9/INFO] (Minecraft) [STDOUT]: [WG-CONTENT-WB] chunk(-6,-2) hash=2f86cb2941373875 dh=d07e28b88aa79974 nz=32512
[16:45:02] [Worker-Main-9/INFO] (Minecraft) [STDOUT]: [Mixin] populateNoise intercepted chunk(-5,-13)
[16:45:02] [Worker-Main-1/INFO] (Minecraft) [STDOUT]: [WG-CONTENT] chunk(-6,-7) hash=63c4175265613097 nz=31976
[16:45:02] [Worker-Main-15/INFO] (Minecraft) [STDOUT]: [WG-CONTENT] chunk(-6,-10) hash=454fee529cdb4e06 nz=31825
[16:45:02] [Worker-Main-11/INFO] (Minecraft) [STDOUT]: [WG-CONTENT-WB] chunk(-6,-3) hash=7d6464596ac9366b dh=a6c8f9f180f51fdf nz=32512
[16:45:02] [Worker-Main-11/INFO] (Minecraft) [STDOUT]: [Mixin] populateNoise intercepted chunk(-5,-2)
[16:45:02] [Worker-Main-17/INFO] (Minecraft) [STDOUT]: [Mixin] populateNoise intercepted chunk(-7,1)
[16:45:02] [Worker-Main-17/INFO] (Minecraft) [STDOUT]: [Mixin] populateNoise intercepted chunk(-6,1)
[16:45:02] [Worker-Main-17/INFO] (Minecraft) [STDOUT]: [Mixin] populateNoise intercepted chunk(-5,-1)
[16:45:02] [Worker-Main-17/INFO] (Minecraft) [STDOUT]: [Mixin] populateNoise intercepted chunk(-5,0)
[16:45:02] [Worker-Main-17/INFO] (Minecraft) [STDOUT]: [Mixin] populateNoise intercepted chunk(-5,1)
[16:45:02] [Worker-Main-2/INFO] (Minecraft) [STDOUT]: [WG-CONTENT-WB] chunk(-6,-9) hash=18e8647cd9041eb8 dh=d30f3b112291b8f9 nz=31357
[16:45:02] [Worker-Main-19/INFO] (Minecraft) [STDOUT]: [WG-CONTENT-WB] chunk(-6,-13) hash=5f6a417cc52f6c26 dh=c2b73779f9d8c9c nz=32512
[16:45:02] [Worker-Main-23/INFO] (Minecraft) [STDOUT]: [WG-CONTENT] chunk(-6,-12) hash=8fc2124f9d6793f7 nz=32512
[16:45:02] [Worker-Main-1/INFO] (Minecraft) [STDOUT]: [WG-CONTENT-WB] chunk(-6,-7) hash=3fa0709c46c73b26 dh=c6ae8b9146a4e0fa nz=31976
[16:45:02] [Worker-Main-3/INFO] (Minecraft) [STDOUT]: [WG-CONTENT-WB] chunk(-6,-8) hash=95854cd1e7ab8ac3 dh=1f9c4b9841d68d71 nz=31451
[16:45:02] [Worker-Main-15/INFO] (Minecraft) [STDOUT]: [WG-CONTENT-WB] chunk(-6,-10) hash=b79d96ab673159f7 dh=13e21ff9fd712ac5 nz=31825
[16:45:02] [Worker-Main-15/INFO] (Minecraft) [STDOUT]: [Mixin] populateNoise intercepted chunk(-4,-13)
[16:45:02] [Worker-Main-15/INFO] (Minecraft) [STDOUT]: [Mixin] populateNoise intercepted chunk(-4,-12)
[16:45:02] [Worker-Main-15/INFO] (Minecraft) [STDOUT]: [Mixin] populateNoise intercepted chunk(-4,-11)
[16:45:02] [Worker-Main-15/INFO] (Minecraft) [STDOUT]: [Mixin] populateNoise intercepted chunk(-4,-10)
[16:45:02] [Worker-Main-15/INFO] (Minecraft) [STDOUT]: [Mixin] populateNoise intercepted chunk(-4,-9)
[16:45:02] [Worker-Main-18/INFO] (Minecraft) [STDOUT]: [WG-CONTENT] chunk(-7,0) hash=460a93f0f8008714 nz=31574
[16:45:02] [Worker-Main-23/INFO] (Minecraft) [STDOUT]: [WG-CONTENT-WB] chunk(-6,-12) hash=c3b403a0eb1bf07e dh=ec72ad5e4961b5a2 nz=32512
[16:45:02] [Worker-Main-18/INFO] (Minecraft) [STDOUT]: [WG-CONTENT-WB] chunk(-7,0) hash=6bbd51f54812f766 dh=b7ea44fea00bb01e nz=31574
[16:45:02] [Worker-Main-6/INFO] (Minecraft) [STDOUT]: [WG-CONTENT] chunk(-6,0) hash=6c4c2dff4d8a5195 nz=28931
[16:45:02] [Worker-Main-6/INFO] (Minecraft) [STDOUT]: [WG-CONTENT-WB] chunk(-6,0) hash=3bfa3b0b536e0ebf dh=cb27fb9d133bb147 nz=28931
[16:45:02] [Worker-Main-13/INFO] (Minecraft) [STDOUT]: [WG-CONTENT] chunk(-5,-9) hash=8dfedc7e5547edb4 nz=31083
[16:45:02] [Worker-Main-4/INFO] (Minecraft) [STDOUT]: [WG-CONTENT] chunk(-6,-6) hash=f544e8fa15080da4 nz=32496
[16:45:02] [Worker-Main-10/INFO] (Minecraft) [STDOUT]: [WG-CONTENT] chunk(-5,-8) hash=ac28e323524387e5 nz=32227
[16:45:02] [Worker-Main-4/INFO] (Minecraft) [STDOUT]: [WG-CONTENT-WB] chunk(-6,-6) hash=29a4ee8bf9b446a6 dh=598f56ac7e294e80 nz=32496
[16:45:02] [Worker-Main-13/INFO] (Minecraft) [STDOUT]: [WG-CONTENT-WB] chunk(-5,-9) hash=eb4577422bae2b50 dh=7856ecb0fd1a5f50 nz=31083
[16:45:02] [Worker-Main-13/INFO] (Minecraft) [STDOUT]: [Mixin] populateNoise intercepted chunk(-4,-8)
[16:45:02] [Worker-Main-13/INFO] (Minecraft) [STDOUT]: [Mixin] populateNoise intercepted chunk(-4,-7)
[16:45:02] [Worker-Main-13/INFO] (Minecraft) [STDOUT]: [Mixin] populateNoise intercepted chunk(-4,-6)
[16:45:02] [Worker-Main-10/INFO] (Minecraft) [STDOUT]: [WG-CONTENT-WB] chunk(-5,-8) hash=9a54426b740c4bbf dh=83a1a814cdcfd28d nz=32227
[16:45:02] [Worker-Main-14/INFO] (Minecraft) [STDOUT]: [WG-CONTENT] chunk(-6,-1) hash=b8fa1499a90ec58c nz=32512
[16:45:02] [Worker-Main-5/INFO] (Minecraft) [STDOUT]: [WG-CONTENT] chunk(-5,-10) hash=267ce04d3df1e456 nz=32512
[16:45:02] [Worker-Main-14/INFO] (Minecraft) [STDOUT]: [WG-CONTENT-WB] chunk(-6,-1) hash=c567709912b5d1be dh=d07e28b88aa79974 nz=32512
[16:45:02] [Worker-Main-22/INFO] (Minecraft) [STDOUT]: [WG-CONTENT] chunk(-5,-11) hash=9c949f61093e2495 nz=32512
[16:45:02] [Worker-Main-5/INFO] (Minecraft) [STDOUT]: [WG-CONTENT-WB] chunk(-5,-10) hash=7549a23ca308f6d5 dh=ce06954788347cd1 nz=32512
[16:45:02] [Worker-Main-5/INFO] (Minecraft) [STDOUT]: [Mixin] populateNoise intercepted chunk(-4,-5)
[16:45:02] [Worker-Main-22/INFO] (Minecraft) [STDOUT]: [WG-CONTENT-WB] chunk(-5,-11) hash=c5243a2e6fbd6df1 dh=cca6835dad24c75a nz=32512
[16:45:02] [Worker-Main-16/INFO] (Minecraft) [STDOUT]: [WG-CONTENT] chunk(-5,-7) hash=8779acd8f41461a7 nz=32512
[16:45:02] [Worker-Main-22/INFO] (Minecraft) [STDOUT]: [Mixin] populateNoise intercepted chunk(-4,-4)
[16:45:02] [Worker-Main-21/INFO] (Minecraft) [STDOUT]: [WG-CONTENT] chunk(-5,-12) hash=293799ee5191ad8c nz=32512
[16:45:02] [Worker-Main-16/INFO] (Minecraft) [STDOUT]: [WG-CONTENT-WB] chunk(-5,-7) hash=113cad37f08f8d6 dh=e02bf7e5cff1a136 nz=32512
[16:45:02] [Worker-Main-16/INFO] (Minecraft) [STDOUT]: [Mixin] populateNoise intercepted chunk(-4,-3)
[16:45:02] [Worker-Main-20/INFO] (Minecraft) [STDOUT]: [WG-CONTENT] chunk(-5,-5) hash=ee0b9ec58bbd1d7 nz=32512
[16:45:02] [Worker-Main-7/INFO] (Minecraft) [STDOUT]: [WG-CONTENT] chunk(-5,-6) hash=171d916078673d57 nz=32512
[16:45:02] [Worker-Main-9/INFO] (Minecraft) [STDOUT]: [WG-CONTENT] chunk(-5,-13) hash=a47c0199854f9dc7 nz=32512
[16:45:02] [Worker-Main-12/INFO] (Minecraft) [STDOUT]: [WG-CONTENT] chunk(-5,-3) hash=32ee3c79c5a8da8c nz=32512
[16:45:02] [Worker-Main-20/INFO] (Minecraft) [STDOUT]: [WG-CONTENT-WB] chunk(-5,-5) hash=b463966b68e68fdc dh=5e709de56ad2ddbb nz=32512
[16:45:02] [Worker-Main-20/INFO] (Minecraft) [STDOUT]: [Mixin] populateNoise intercepted chunk(-4,-2)
[16:45:02] [Worker-Main-21/INFO] (Minecraft) [STDOUT]: [WG-CONTENT-WB] chunk(-5,-12) hash=8fad0100efd3d262 dh=fde39eb17c03cbb5 nz=32512
[16:45:02] [Worker-Main-21/INFO] (Minecraft) [STDOUT]: [Mixin] populateNoise intercepted chunk(-4,-1)
[16:45:02] [Worker-Main-21/INFO] (Minecraft) [STDOUT]: [Mixin] populateNoise intercepted chunk(-4,0)
[16:45:02] [Worker-Main-21/INFO] (Minecraft) [STDOUT]: [Mixin] populateNoise intercepted chunk(-4,1)
[16:45:02] [Worker-Main-9/INFO] (Minecraft) [STDOUT]: [WG-CONTENT-WB] chunk(-5,-13) hash=4b337505320e2c2 dh=c640ab42ad54074 nz=32512
[16:45:02] [Worker-Main-11/INFO] (Minecraft) [STDOUT]: [WG-CONTENT] chunk(-5,-2) hash=8d00db3f7dc0ff6e nz=32512
[16:45:02] [Worker-Main-12/INFO] (Minecraft) [STDOUT]: [WG-CONTENT-WB] chunk(-5,-3) hash=68feeaa64835050c dh=164e91f2e5ad335f nz=32512
[16:45:02] [Worker-Main-7/INFO] (Minecraft) [STDOUT]: [WG-CONTENT-WB] chunk(-5,-6) hash=9eeceebd1f791256 dh=ba94c546d5aded62 nz=32512
[16:45:02] [Worker-Main-7/INFO] (Minecraft) [STDOUT]: [Mixin] populateNoise intercepted chunk(-3,-11)
[16:45:02] [Worker-Main-7/INFO] (Minecraft) [STDOUT]: [Mixin] populateNoise intercepted chunk(-3,-10)
[16:45:02] [Worker-Main-7/INFO] (Minecraft) [STDOUT]: [Mixin] populateNoise intercepted chunk(-3,-9)
[16:45:02] [Worker-Main-7/INFO] (Minecraft) [STDOUT]: [Mixin] populateNoise intercepted chunk(-3,-8)
[16:45:02] [Worker-Main-7/INFO] (Minecraft) [STDOUT]: [Mixin] populateNoise intercepted chunk(-3,-7)
[16:45:02] [Worker-Main-19/INFO] (Minecraft) [STDOUT]: [WG-CONTENT] chunk(-5,-1) hash=e710d2bb92f1fa84 nz=32512
[16:45:02] [Worker-Main-8/INFO] (Minecraft) [STDOUT]: [WG-CONTENT] chunk(-5,-4) hash=e93802381de8c3ae nz=32512
[16:45:02] [Worker-Main-23/INFO] (Minecraft) [STDOUT]: [WG-CONTENT] chunk(-4,-12) hash=c4eb52d6bd2c6c57 nz=32512
[16:45:02] [Worker-Main-11/INFO] (Minecraft) [STDOUT]: [WG-CONTENT-WB] chunk(-5,-2) hash=a5eb9b7dae00e825 dh=70fd57051c577014 nz=32512
[16:45:02] [Worker-Main-8/INFO] (Minecraft) [STDOUT]: [WG-CONTENT-WB] chunk(-5,-4) hash=bc3805d45f917de6 dh=6ac328e050bd35e1 nz=32512
[16:45:02] [Worker-Main-18/INFO] (Minecraft) [STDOUT]: [WG-CONTENT] chunk(-4,-11) hash=7a258c954cae015c nz=32512
[16:45:02] [Worker-Main-19/INFO] (Minecraft) [STDOUT]: [WG-CONTENT-WB] chunk(-5,-1) hash=22fe9ece7ee3f882 dh=d28a911991a72a80 nz=32512
[16:45:02] [Worker-Main-17/INFO] (Minecraft) [STDOUT]: [WG-CONTENT] chunk(-7,1) hash=6bf38bad222380cc nz=32198
[16:45:02] [Worker-Main-1/INFO] (Minecraft) [STDOUT]: [WG-CONTENT] chunk(-5,0) hash=38a4f6ae8349889c nz=30223
[16:45:02] [Worker-Main-23/INFO] (Minecraft) [STDOUT]: [WG-CONTENT-WB] chunk(-4,-12) hash=fe2d55b799c00346 dh=b152a5956aa5c0cd nz=32512
[16:45:02] [Worker-Main-15/INFO] (Minecraft) [STDOUT]: [WG-CONTENT] chunk(-4,-13) hash=c47fe34181b0d9b5 nz=32512
[16:45:02] [Worker-Main-6/INFO] (Minecraft) [STDOUT]: [WG-CONTENT] chunk(-4,-10) hash=b48257cf873a0e97 nz=32512
[16:45:02] [Worker-Main-18/INFO] (Minecraft) [STDOUT]: [WG-CONTENT-WB] chunk(-4,-11) hash=ebd4ef3a11d83fe dh=64b267876abdf59b nz=32512
[16:45:02] [Worker-Main-18/INFO] (Minecraft) [STDOUT]: [Mixin] populateNoise intercepted chunk(-3,-13)
[16:45:02] [Worker-Main-18/INFO] (Minecraft) [STDOUT]: [Mixin] populateNoise intercepted chunk(-3,-12)
[16:45:02] [Worker-Main-17/INFO] (Minecraft) [STDOUT]: [WG-CONTENT-WB] chunk(-7,1) hash=1b3efa4490b6cb20 dh=ef50f3cc05d4053d nz=32198
[16:45:02] [Worker-Main-1/INFO] (Minecraft) [STDOUT]: [WG-CONTENT-WB] chunk(-5,0) hash=6335ef5ad99b128 dh=a0c156536bb91ecd nz=30223
[16:45:02] [Worker-Main-1/INFO] (Minecraft) [STDOUT]: [Mixin] populateNoise intercepted chunk(-3,-6)
[16:45:02] [Worker-Main-2/INFO] (Minecraft) [STDOUT]: [WG-CONTENT] chunk(-6,1) hash=bb3bf2c2dd1f9fbd nz=31458
[16:45:02] [Worker-Main-6/INFO] (Minecraft) [STDOUT]: [WG-CONTENT-WB] chunk(-4,-10) hash=8c06d79045bd6a dh=5fd44b4fd759f1ad nz=32512
[16:45:02] [Worker-Main-6/INFO] (Minecraft) [STDOUT]: [Mixin] populateNoise intercepted chunk(-3,-5)
[16:45:02] [Worker-Main-15/INFO] (Minecraft) [STDOUT]: [WG-CONTENT-WB] chunk(-4,-13) hash=b6233539acaa5285 dh=1158e6ea77b2f7f1 nz=32512
[16:45:02] [Worker-Main-15/INFO] (Minecraft) [STDOUT]: [Mixin] populateNoise intercepted chunk(-3,-4)
[16:45:02] [Worker-Main-3/INFO] (Minecraft) [STDOUT]: [WG-CONTENT] chunk(-5,1) hash=67f1142a1d1269d5 nz=32362
[16:45:02] [Worker-Main-10/INFO] (Minecraft) [STDOUT]: [WG-CONTENT] chunk(-4,-7) hash=577374447af9049f nz=32512
[16:45:02] [Worker-Main-4/INFO] (Minecraft) [STDOUT]: [WG-CONTENT] chunk(-4,-9) hash=6c2833afaf8858d nz=31050
[16:45:02] [Worker-Main-2/INFO] (Minecraft) [STDOUT]: [WG-CONTENT-WB] chunk(-6,1) hash=353e48b5dd23d9b9 dh=cb6204b4bb0e1f93 nz=31458
[16:45:02] [Worker-Main-2/INFO] (Minecraft) [STDOUT]: [Mixin] populateNoise intercepted chunk(-3,-3)
[16:45:02] [Worker-Main-2/INFO] (Minecraft) [STDOUT]: [Mixin] populateNoise intercepted chunk(-3,-2)
[16:45:02] [Worker-Main-10/INFO] (Minecraft) [STDOUT]: [WG-CONTENT-WB] chunk(-4,-7) hash=2ecd49362a215046 dh=71e560ee7130764f nz=32512
[16:45:02] [Worker-Main-3/INFO] (Minecraft) [STDOUT]: [WG-CONTENT-WB] chunk(-5,1) hash=1017a60b12e8186d dh=1d328cbea548fdd7 nz=32362
[16:45:02] [Worker-Main-3/INFO] (Minecraft) [STDOUT]: [Mixin] populateNoise intercepted chunk(-3,-1)
[16:45:02] [Worker-Main-14/INFO] (Minecraft) [STDOUT]: [WG-CONTENT] chunk(-4,-6) hash=379975ce6d18df1c nz=32512
[16:45:02] [Worker-Main-4/INFO] (Minecraft) [STDOUT]: [WG-CONTENT-WB] chunk(-4,-9) hash=7228358392ac15bd dh=45c7cb7009ce909 nz=31050
[16:45:02] [Worker-Main-4/INFO] (Minecraft) [STDOUT]: [Mixin] populateNoise intercepted chunk(-3,0)
[16:45:02] [Worker-Main-13/INFO] (Minecraft) [STDOUT]: [WG-CONTENT] chunk(-4,-8) hash=caed878112083a35 nz=31401
[16:45:02] [Worker-Main-14/INFO] (Minecraft) [STDOUT]: [WG-CONTENT-WB] chunk(-4,-6) hash=b8788b0c96ab3312 dh=70eb171b8397e272 nz=32512
[16:45:02] [Worker-Main-14/INFO] (Minecraft) [STDOUT]: [Mixin] populateNoise intercepted chunk(-3,1)
[16:45:02] [Worker-Main-5/INFO] (Minecraft) [STDOUT]: [WG-CONTENT] chunk(-4,-5) hash=a9750a09863e0aef nz=32512
[16:45:02] [Worker-Main-22/INFO] (Minecraft) [STDOUT]: [WG-CONTENT] chunk(-4,-4) hash=bcc5405866f8dbc nz=32512
[16:45:02] [Worker-Main-13/INFO] (Minecraft) [STDOUT]: [WG-CONTENT-WB] chunk(-4,-8) hash=d8b37d3893ce965f dh=4e2bcdde16f59a60 nz=31401
[16:45:02] [Worker-Main-13/INFO] (Minecraft) [STDOUT]: [Mixin] populateNoise intercepted chunk(-2,-13)
[16:45:02] [Worker-Main-13/INFO] (Minecraft) [STDOUT]: [Mixin] populateNoise intercepted chunk(-2,-12)
[16:45:02] [Worker-Main-13/INFO] (Minecraft) [STDOUT]: [Mixin] populateNoise intercepted chunk(-2,-11)
[16:45:02] [Worker-Main-13/INFO] (Minecraft) [STDOUT]: [Mixin] populateNoise intercepted chunk(-2,-10)
[16:45:02] [Worker-Main-13/INFO] (Minecraft) [STDOUT]: [Mixin] populateNoise intercepted chunk(-2,-9)
[16:45:02] [Worker-Main-5/INFO] (Minecraft) [STDOUT]: [WG-CONTENT-WB] chunk(-4,-5) hash=d96ac854d2de8e72 dh=d54ca6aa3efa3b95 nz=32512
[16:45:02] [Worker-Main-22/INFO] (Minecraft) [STDOUT]: [WG-CONTENT-WB] chunk(-4,-4) hash=54f6a9a44f27353a dh=281571a61d1994eb nz=32512
[16:45:02] [Worker-Main-16/INFO] (Minecraft) [STDOUT]: [WG-CONTENT] chunk(-4,-3) hash=bcd8ae48f1341da4 nz=32453
[16:45:02] [Worker-Main-7/INFO] (Minecraft) [STDOUT]: [WG-CONTENT] chunk(-3,-11) hash=63cd2d00e3760ece nz=32503
[16:45:02] [Worker-Main-16/INFO] (Minecraft) [STDOUT]: [WG-CONTENT-WB] chunk(-4,-3) hash=e0dfb9e0da883cdc dh=f236f6a40bcef635 nz=32453
[16:45:02] [Worker-Main-21/INFO] (Minecraft) [STDOUT]: [WG-CONTENT] chunk(-4,-1) hash=4c650b550602db1d nz=30223
[16:45:02] [Worker-Main-7/INFO] (Minecraft) [STDOUT]: [WG-CONTENT-WB] chunk(-3,-11) hash=7e814439fd1867f7 dh=562d50d228a06781 nz=32503
[16:45:02] [Worker-Main-20/INFO] (Minecraft) [STDOUT]: [WG-CONTENT] chunk(-4,-2) hash=b2ce38e4e8d5400f nz=31179
[16:45:02] [Worker-Main-11/INFO] (Minecraft) [STDOUT]: [WG-CONTENT] chunk(-3,-10) hash=c00f5657305f8016 nz=32512
[16:45:02] [Worker-Main-21/INFO] (Minecraft) [STDOUT]: [WG-CONTENT-WB] chunk(-4,-1) hash=b01c9fbbdf660933 dh=e46ca4fe5c23c7af nz=30223
[16:45:02] [Worker-Main-21/INFO] (Minecraft) [STDOUT]: [Mixin] buildSurface skipped chunk(-7,-3)
[16:45:02] [Worker-Main-20/INFO] (Minecraft) [STDOUT]: [WG-CONTENT-WB] chunk(-4,-2) hash=2e7807efb58c6930 dh=4dc592249fc5d771 nz=31179
[16:45:02] [Worker-Main-8/INFO] (Minecraft) [STDOUT]: [WG-CONTENT] chunk(-3,-9) hash=6c9ff91fb1ac2274 nz=32510
[16:45:02] [Worker-Main-9/INFO] (Minecraft) [STDOUT]: [WG-CONTENT] chunk(-4,0) hash=8ffcde8af0217d87 nz=32428
[16:45:02] [Worker-Main-19/INFO] (Minecraft) [STDOUT]: [WG-CONTENT] chunk(-3,-8) hash=56dfe0a68b63ab8c nz=32060
[16:45:02] [Worker-Main-12/INFO] (Minecraft) [STDOUT]: [WG-CONTENT] chunk(-4,1) hash=4dfa95a9ea89b12d nz=32512
[16:45:02] [Worker-Main-21/INFO] (Minecraft) [STDOUT]: [Mixin] buildSurface skipped chunk(-6,-8)
[16:45:02] [Worker-Main-21/INFO] (Minecraft) [STDOUT]: [Mixin] buildSurface skipped chunk(-6,-7)
[16:45:02] [Worker-Main-21/INFO] (Minecraft) [STDOUT]: [Mixin] buildSurface skipped chunk(-6,-6)
[16:45:02] [Worker-Main-21/INFO] (Minecraft) [STDOUT]: [Mixin] buildSurface skipped chunk(-6,-5)
[16:45:02] [Worker-Main-21/INFO] (Minecraft) [STDOUT]: [Mixin] buildSurface skipped chunk(-6,-4)
[16:45:02] [Worker-Main-23/INFO] (Minecraft) [STDOUT]: [WG-CONTENT] chunk(-3,-7) hash=6f9b576c8b5bf18c nz=32512
[16:45:02] [Worker-Main-11/INFO] (Minecraft) [STDOUT]: [WG-CONTENT-WB] chunk(-3,-10) hash=33931b503925739 dh=422eff9008dd1a21 nz=32512
[16:45:02] [Worker-Main-8/INFO] (Minecraft) [STDOUT]: [WG-CONTENT-WB] chunk(-3,-9) hash=a8ad77f3dd53e02 dh=8fc019f830e1f8a nz=32510
[16:45:02] [Worker-Main-9/INFO] (Minecraft) [STDOUT]: [WG-CONTENT-WB] chunk(-4,0) hash=97be956b69119e7a dh=af2ddb6b53392b8e nz=32428
[16:45:02] [Worker-Main-19/INFO] (Minecraft) [STDOUT]: [WG-CONTENT-WB] chunk(-3,-8) hash=4570504e19c66bf2 dh=9a1b3a212f0da761 nz=32060
[16:45:02] [Worker-Main-12/INFO] (Minecraft) [STDOUT]: [WG-CONTENT-WB] chunk(-4,1) hash=7710d927d89b75d dh=aac65c7174223292 nz=32512
[16:45:02] [Worker-Main-23/INFO] (Minecraft) [STDOUT]: [WG-CONTENT-WB] chunk(-3,-7) hash=239d50f6703569ae dh=ece5028c4a33cec6 nz=32512
[16:45:02] [Worker-Main-1/INFO] (Minecraft) [STDOUT]: [WG-CONTENT] chunk(-3,-6) hash=5d4c6e814909681c nz=32512
[16:45:02] [Worker-Main-6/INFO] (Minecraft) [STDOUT]: [WG-CONTENT] chunk(-3,-5) hash=e51d8c778fa5dbf7 nz=32512
[16:45:02] [Worker-Main-15/INFO] (Minecraft) [STDOUT]: [WG-CONTENT] chunk(-3,-4) hash=c5d7ebd85d6ca23e nz=32512
[16:45:02] [Worker-Main-18/INFO] (Minecraft) [STDOUT]: [WG-CONTENT] chunk(-3,-13) hash=d1a6fccae3fdf44c nz=32252
[16:45:02] [Worker-Main-1/INFO] (Minecraft) [STDOUT]: [WG-CONTENT-WB] chunk(-3,-6) hash=7bdd984da6040f2e dh=68ba93f490ac9063 nz=32512
[16:45:02] [Worker-Main-6/INFO] (Minecraft) [STDOUT]: [WG-CONTENT-WB] chunk(-3,-5) hash=6730a35d3869864e dh=48efc35201e30dd4 nz=32512
[16:45:02] [Worker-Main-17/INFO] (Minecraft) [STDOUT]: [WG-CONTENT] chunk(-3,-12) hash=1069e94403465c2c nz=31628
[16:45:02] [Worker-Main-15/INFO] (Minecraft) [STDOUT]: [WG-CONTENT-WB] chunk(-3,-4) hash=9ddcd0964fc49e3d dh=23c517099a7e571f nz=32512
[16:45:02] [Worker-Main-11/INFO] (Minecraft) [STDOUT]: [Mixin] buildSurface skipped chunk(-6,-9)
[16:45:02] [Worker-Main-18/INFO] (Minecraft) [STDOUT]: [WG-CONTENT-WB] chunk(-3,-13) hash=dacf1f752e990be6 dh=3fa57c2a1956bda9 nz=32252
[16:45:02] [Worker-Main-2/INFO] (Minecraft) [STDOUT]: [WG-CONTENT] chunk(-3,-3) hash=8e8af5ceadb7abfe nz=32136
[16:45:02] [Worker-Main-18/INFO] (Minecraft) [STDOUT]: [Mixin] buildSurface skipped chunk(-7,-2)
[16:45:02] [Worker-Main-18/INFO] (Minecraft) [STDOUT]: [Mixin] buildSurface skipped chunk(-7,-1)
[16:45:02] [Worker-Main-17/INFO] (Minecraft) [STDOUT]: [WG-CONTENT-WB] chunk(-3,-12) hash=eac64df00975bc0e dh=41ce7aa6d959fd3a nz=31628
[16:45:02] [Worker-Main-10/INFO] (Minecraft) [STDOUT]: [WG-CONTENT] chunk(-3,-2) hash=7bb4166e49f00b87 nz=30510
[16:45:02] [Worker-Main-3/INFO] (Minecraft) [STDOUT]: [WG-CONTENT] chunk(-3,-1) hash=9cae1ed8a9759d8e nz=30455
[16:45:02] [Worker-Main-2/INFO] (Minecraft) [STDOUT]: [WG-CONTENT-WB] chunk(-3,-3) hash=687351613fd211ed dh=8d67d7ac9a0279d9 nz=32136
[16:45:02] [Worker-Main-10/INFO] (Minecraft) [STDOUT]: [WG-CONTENT-WB] chunk(-3,-2) hash=4627df97f84d752e dh=a7115c1ce5cf2098 nz=30510
[16:45:02] [Worker-Main-13/INFO] (Minecraft) [STDOUT]: [WG-CONTENT] chunk(-2,-13) hash=b8073f96acc29bc7 nz=31799
[16:45:02] [Worker-Main-17/INFO] (Minecraft) [STDOUT]: [Mixin] buildSurface skipped chunk(-6,-3)
[16:45:02] [Worker-Main-17/INFO] (Minecraft) [STDOUT]: [Mixin] buildSurface skipped chunk(-6,-2)
[16:45:02] [Worker-Main-3/INFO] (Minecraft) [STDOUT]: [WG-CONTENT-WB] chunk(-3,-1) hash=a05891b4306fcf4f dh=3698a109df9fa910 nz=30455
[16:45:02] [Worker-Main-13/INFO] (Minecraft) [STDOUT]: [WG-CONTENT-WB] chunk(-2,-13) hash=76e1a287ec28f008 dh=f9049ab52623a36b nz=31799
[16:45:02] [Worker-Main-4/INFO] (Minecraft) [STDOUT]: [WG-CONTENT] chunk(-3,0) hash=22fc428d477abc84 nz=32512
[16:45:02] [Worker-Main-5/INFO] (Minecraft) [STDOUT]: [WG-CONTENT] chunk(-2,-12) hash=f6e79430ce905034 nz=29828
[16:45:02] [Worker-Main-22/INFO] (Minecraft) [STDOUT]: [WG-CONTENT] chunk(-2,-11) hash=6e67e88707e04867 nz=32512
[16:45:02] [Worker-Main-17/INFO] (Minecraft) [STDOUT]: [Mixin] buildSurface skipped chunk(-6,-13)
[16:45:02] [Worker-Main-17/INFO] (Minecraft) [STDOUT]: [Mixin] buildSurface skipped chunk(-6,-12)
[16:45:02] [Worker-Main-17/INFO] (Minecraft) [STDOUT]: [Mixin] buildSurface skipped chunk(-6,-11)
[16:45:02] [Worker-Main-17/INFO] (Minecraft) [STDOUT]: [Mixin] buildSurface skipped chunk(-6,-10)
[16:45:02] [Worker-Main-16/INFO] (Minecraft) [STDOUT]: [WG-CONTENT] chunk(-2,-10) hash=e75fef9a93513e9c nz=32512
[16:45:02] [Worker-Main-4/INFO] (Minecraft) [STDOUT]: [WG-CONTENT-WB] chunk(-3,0) hash=c0d07bfbe5f3b2ce dh=b89486b960a70ece nz=32512
[16:45:02] [Worker-Main-22/INFO] (Minecraft) [STDOUT]: [WG-CONTENT-WB] chunk(-2,-11) hash=d998d848160af4fa dh=63eb2498c09fe32c nz=32512
[16:45:02] [Worker-Main-5/INFO] (Minecraft) [STDOUT]: [WG-CONTENT-WB] chunk(-2,-12) hash=601ff6eab1c9c352 dh=24eabba0bff9047d nz=29828
[16:45:02] [Worker-Main-7/INFO] (Minecraft) [STDOUT]: [WG-CONTENT] chunk(-2,-9) hash=d51125e8758f4c87 nz=32512
[16:45:02] [Worker-Main-16/INFO] (Minecraft) [STDOUT]: [WG-CONTENT-WB] chunk(-2,-10) hash=a14e721438af955a dh=93e3314f0002d9c0 nz=32512
[16:45:02] [Worker-Main-7/INFO] (Minecraft) [STDOUT]: [WG-CONTENT-WB] chunk(-2,-9) hash=e433b97dd9b5d906 dh=b83aebac3b788b2b nz=32512
[16:45:02] [Worker-Main-10/INFO] (Minecraft) [STDOUT]: [Mixin] buildSurface skipped chunk(-7,0)
[16:45:02] [Worker-Main-14/INFO] (Minecraft) [STDOUT]: [WG-CONTENT] chunk(-3,1) hash=d0f1430c924c1e6c nz=32038
[16:45:02] [Worker-Main-10/INFO] (Minecraft) [STDOUT]: [Mixin] buildSurface skipped chunk(-6,-1)
[16:45:02] [Worker-Main-10/INFO] (Minecraft) [STDOUT]: [Mixin] buildSurface skipped chunk(-6,0)
[16:45:02] [Worker-Main-14/INFO] (Minecraft) [STDOUT]: [WG-CONTENT-WB] chunk(-3,1) hash=13031f2804843d52 dh=e190bedc873f19e7 nz=32038
[16:45:02] [Worker-Main-10/INFO] (Minecraft) [STDOUT]: [Mixin] buildSurface skipped chunk(-5,-13)
[16:45:02] [Worker-Main-10/INFO] (Minecraft) [STDOUT]: [Mixin] buildSurface skipped chunk(-5,-12)
[16:45:02] [Worker-Main-10/INFO] (Minecraft) [STDOUT]: [Mixin] buildSurface skipped chunk(-5,-11)
[16:45:02] [Worker-Main-10/INFO] (Minecraft) [STDOUT]: [Mixin] buildSurface skipped chunk(-5,-10)
[16:45:02] [Worker-Main-10/INFO] (Minecraft) [STDOUT]: [Mixin] buildSurface skipped chunk(-5,-9)
[16:45:02] [Worker-Main-5/INFO] (Minecraft) [STDOUT]: [Mixin] buildSurface skipped chunk(-5,-8)
[16:45:02] [Worker-Main-16/INFO] (Minecraft) [STDOUT]: [Mixin] buildSurface skipped chunk(-5,-7)
[16:45:02] [Worker-Main-14/INFO] (Minecraft) [STDOUT]: [Mixin] buildSurface skipped chunk(-5,-6)
[16:45:02] [Worker-Main-14/INFO] (Minecraft) [STDOUT]: [Mixin] buildSurface skipped chunk(-5,-5)
[16:45:02] [Worker-Main-5/INFO] (Minecraft) [STDOUT]: [Mixin] buildSurface skipped chunk(-5,-4)
[16:45:02] [Worker-Main-5/INFO] (Minecraft) [STDOUT]: [Mixin] buildSurface skipped chunk(-5,-3)
[16:45:02] [Worker-Main-17/INFO] (Minecraft) [STDOUT]: [Mixin] buildSurface skipped chunk(-5,-2)
[16:45:02] [Worker-Main-17/INFO] (Minecraft) [STDOUT]: [Mixin] buildSurface skipped chunk(-5,-1)
[16:45:02] [Worker-Main-22/INFO] (Minecraft) [STDOUT]: [Mixin] buildSurface skipped chunk(-7,1)
[16:45:02] [Worker-Main-3/INFO] (Minecraft) [STDOUT]: [Mixin] buildSurface skipped chunk(-5,0)
[16:45:02] [Worker-Main-3/INFO] (Minecraft) [STDOUT]: [Mixin] buildSurface skipped chunk(-6,1)
[16:45:02] [Worker-Main-3/INFO] (Minecraft) [STDOUT]: [Mixin] buildSurface skipped chunk(-4,-11)
[16:45:02] [Worker-Main-3/INFO] (Minecraft) [STDOUT]: [Mixin] buildSurface skipped chunk(-4,-10)
[16:45:02] [Worker-Main-3/INFO] (Minecraft) [STDOUT]: [Mixin] buildSurface skipped chunk(-4,-9)
[16:45:02] [Worker-Main-3/INFO] (Minecraft) [STDOUT]: [Mixin] buildSurface skipped chunk(-4,-8)
[16:45:02] [Worker-Main-3/INFO] (Minecraft) [STDOUT]: [Mixin] buildSurface skipped chunk(-4,-7)
[16:45:02] [Worker-Main-18/INFO] (Minecraft) [STDOUT]: [Mixin] buildSurface skipped chunk(-5,1)
[16:45:02] [Worker-Main-13/INFO] (Minecraft) [STDOUT]: [Mixin] buildSurface skipped chunk(-4,-13)
[16:45:02] [Worker-Main-13/INFO] (Minecraft) [STDOUT]: [Mixin] buildSurface skipped chunk(-4,-12)
[16:45:02] [Worker-Main-17/INFO] (Minecraft) [STDOUT]: [Mixin] buildSurface skipped chunk(-4,-6)
[16:45:02] [Worker-Main-22/INFO] (Minecraft) [STDOUT]: [Mixin] buildSurface skipped chunk(-4,-5)
[16:45:02] [Worker-Main-5/INFO] (Minecraft) [STDOUT]: [Mixin] buildSurface skipped chunk(-4,-4)
[16:45:02] [Worker-Main-5/INFO] (Minecraft) [STDOUT]: [Mixin] buildSurface skipped chunk(-4,-3)
[16:45:02] [Worker-Main-18/INFO] (Minecraft) [STDOUT]: [Mixin] buildSurface skipped chunk(-4,-2)
[16:45:02] [Worker-Main-18/INFO] (Minecraft) [STDOUT]: [Mixin] buildSurface skipped chunk(-4,-1)
[16:45:02] [Worker-Main-5/INFO] (Minecraft) [STDOUT]: [Mixin] buildSurface skipped chunk(-3,-13)
[16:45:02] [Worker-Main-5/INFO] (Minecraft) [STDOUT]: [Mixin] buildSurface skipped chunk(-3,-12)
[16:45:02] [Worker-Main-5/INFO] (Minecraft) [STDOUT]: [Mixin] buildSurface skipped chunk(-3,-11)
[16:45:02] [Worker-Main-5/INFO] (Minecraft) [STDOUT]: [Mixin] buildSurface skipped chunk(-3,-10)
[16:45:02] [Worker-Main-5/INFO] (Minecraft) [STDOUT]: [Mixin] buildSurface skipped chunk(-3,-9)
[16:45:02] [Worker-Main-17/INFO] (Minecraft) [STDOUT]: [Mixin] buildSurface skipped chunk(-4,0)
[16:45:02] [Worker-Main-10/INFO] (Minecraft) [STDOUT]: [Mixin] buildSurface skipped chunk(-3,-8)
[16:45:02] [Worker-Main-5/INFO] (Minecraft) [STDOUT]: [Mixin] buildSurface skipped chunk(-4,1)
[16:45:02] [Worker-Main-18/INFO] (Minecraft) [STDOUT]: [Mixin] buildSurface skipped chunk(-3,-7)
[16:45:02] [Worker-Main-17/INFO] (Minecraft) [STDOUT]: [Mixin] buildSurface skipped chunk(-3,-6)
[16:45:02] [Worker-Main-10/INFO] (Minecraft) [STDOUT]: [Mixin] buildSurface skipped chunk(-3,-5)
[16:45:02] [Worker-Main-11/INFO] (Minecraft) [STDOUT]: [Mixin] buildSurface skipped chunk(-3,-4)
[16:45:02] [Worker-Main-10/INFO] (Minecraft) [STDOUT]: [Mixin] buildSurface skipped chunk(-3,-3)
[16:45:02] [Worker-Main-10/INFO] (Minecraft) [STDOUT]: [Mixin] buildSurface skipped chunk(-3,-2)
[16:45:02] [Worker-Main-10/INFO] (Minecraft) [STDOUT]: [Mixin] buildSurface skipped chunk(-3,-1)
[16:45:02] [Worker-Main-17/INFO] (Minecraft) [STDOUT]: [Mixin] buildSurface skipped chunk(-3,0)
[16:45:02] [Worker-Main-22/INFO] (Minecraft) [STDOUT]: [Mixin] buildSurface skipped chunk(-2,-13)
[16:45:02] [Worker-Main-22/INFO] (Minecraft) [STDOUT]: [Mixin] buildSurface skipped chunk(-2,-12)
[16:45:02] [Worker-Main-22/INFO] (Minecraft) [STDOUT]: [Mixin] buildSurface skipped chunk(-2,-11)
[16:45:02] [Worker-Main-22/INFO] (Minecraft) [STDOUT]: [Mixin] buildSurface skipped chunk(-2,-10)
[16:45:02] [Worker-Main-22/INFO] (Minecraft) [STDOUT]: [Mixin] buildSurface skipped chunk(-2,-9)
[16:45:02] [Worker-Main-13/INFO] (Minecraft) [STDOUT]: [Mixin] buildSurface skipped chunk(-3,1)
[16:45:02] [Server thread/INFO] (Minecraft) [Chunky] Task running for minecraft:overworld. Processed: 51 chunks (11.56%), ETA: 0:00:04, Rate: 93.9 cps, Current: -8, -8
[16:45:02] [Worker-Main-2/INFO] (Minecraft) [STDOUT]: [Mixin] populateNoise intercepted chunk(-2,-8)
[16:45:02] [Worker-Main-13/INFO] (Minecraft) [STDOUT]: [Mixin] populateNoise intercepted chunk(-2,-7)
[16:45:02] [Worker-Main-14/INFO] (Minecraft) [STDOUT]: [Mixin] populateNoise intercepted chunk(-2,-6)
[16:45:02] [Worker-Main-14/INFO] (Minecraft) [STDOUT]: [Mixin] populateNoise intercepted chunk(-2,-5)
[16:45:02] [Worker-Main-14/INFO] (Minecraft) [STDOUT]: [Mixin] populateNoise intercepted chunk(-2,-4)
[16:45:02] [Worker-Main-6/INFO] (Minecraft) [STDOUT]: [Mixin] populateNoise intercepted chunk(-2,-3)
[16:45:02] [Worker-Main-16/INFO] (Minecraft) [STDOUT]: [Mixin] populateNoise intercepted chunk(-2,-2)
[16:45:02] [Worker-Main-16/INFO] (Minecraft) [STDOUT]: [Mixin] populateNoise intercepted chunk(-2,-1)
[16:45:02] [Worker-Main-16/INFO] (Minecraft) [STDOUT]: [Mixin] populateNoise intercepted chunk(-2,0)
[16:45:02] [Worker-Main-16/INFO] (Minecraft) [STDOUT]: [Mixin] populateNoise intercepted chunk(-2,1)
[16:45:02] [Worker-Main-19/INFO] (Minecraft) [STDOUT]: [Mixin] populateNoise intercepted chunk(-1,-10)
[16:45:02] [Worker-Main-19/INFO] (Minecraft) [STDOUT]: [Mixin] populateNoise intercepted chunk(-1,-9)
[16:45:02] [Worker-Main-19/INFO] (Minecraft) [STDOUT]: [Mixin] populateNoise intercepted chunk(-1,-8)
[16:45:02] [Worker-Main-19/INFO] (Minecraft) [STDOUT]: [Mixin] populateNoise intercepted chunk(-1,-7)
[16:45:02] [Worker-Main-19/INFO] (Minecraft) [STDOUT]: [Mixin] populateNoise intercepted chunk(-1,-6)
[16:45:02] [Worker-Main-19/INFO] (Minecraft) [STDOUT]: [Mixin] populateNoise intercepted chunk(-1,-11)
[16:45:02] [Worker-Main-9/INFO] (Minecraft) [STDOUT]: [Mixin] populateNoise intercepted chunk(-1,-12)
[16:45:02] [Worker-Main-4/INFO] (Minecraft) [STDOUT]: [Mixin] populateNoise intercepted chunk(-1,-13)
[16:45:02] [Worker-Main-22/INFO] (Minecraft) [STDOUT]: [Mixin] populateNoise intercepted chunk(-1,-5)
[16:45:02] [Worker-Main-15/INFO] (Minecraft) [STDOUT]: [Mixin] populateNoise intercepted chunk(-1,-4)
[16:45:02] [Worker-Main-15/INFO] (Minecraft) [STDOUT]: [Mixin] populateNoise intercepted chunk(-1,-3)
[16:45:02] [Worker-Main-15/INFO] (Minecraft) [STDOUT]: [Mixin] populateNoise intercepted chunk(-1,-2)
[16:45:02] [Worker-Main-8/INFO] (Minecraft) [STDOUT]: [WG-CONTENT] chunk(-2,-7) hash=c4b505d8495b9bfe nz=32512
[16:45:02] [Worker-Main-12/INFO] (Minecraft) [STDOUT]: [WG-CONTENT] chunk(-2,-6) hash=815c8c20dcb2c806 nz=32512
[16:45:02] [Worker-Main-14/INFO] (Minecraft) [STDOUT]: [WG-CONTENT] chunk(-2,-4) hash=5aa7650d81f5ce1e nz=32512
[16:45:02] [Worker-Main-8/INFO] (Minecraft) [STDOUT]: [WG-CONTENT-WB] chunk(-2,-7) hash=adb7b1b76c826845 dh=9bb7007a514ef0c3 nz=32512
[16:45:02] [Worker-Main-8/INFO] (Minecraft) [STDOUT]: [Mixin] populateNoise intercepted chunk(-1,-1)
[16:45:02] [Worker-Main-8/INFO] (Minecraft) [STDOUT]: [Mixin] populateNoise intercepted chunk(-1,0)
[16:45:02] [Worker-Main-8/INFO] (Minecraft) [STDOUT]: [Mixin] populateNoise intercepted chunk(-1,1)
[16:45:02] [Worker-Main-12/INFO] (Minecraft) [STDOUT]: [WG-CONTENT-WB] chunk(-2,-6) hash=76b0124bd19a0cad dh=43775082d4bd9253 nz=32512
[16:45:02] [Worker-Main-10/INFO] (Minecraft) [STDOUT]: [WG-CONTENT] chunk(-2,-8) hash=a662e54119fb6d0e nz=32512
[16:45:02] [Worker-Main-21/INFO] (Minecraft) [STDOUT]: [WG-CONTENT] chunk(-2,-1) hash=70f2b8d43eaa22dd nz=32388
[16:45:02] [Worker-Main-2/INFO] (Minecraft) [STDOUT]: [WG-CONTENT] chunk(-2,-2) hash=147f4c400929b26c nz=32122
[16:45:02] [Worker-Main-14/INFO] (Minecraft) [STDOUT]: [WG-CONTENT-WB] chunk(-2,-4) hash=50f9f571e85fa089 dh=cfe04d9893633d14 nz=32512
[16:45:02] [Worker-Main-7/INFO] (Minecraft) [STDOUT]: [WG-CONTENT] chunk(-1,-7) hash=afa2b225a55b5eec nz=32512
[16:45:02] [Worker-Main-10/INFO] (Minecraft) [STDOUT]: [WG-CONTENT-WB] chunk(-2,-8) hash=bd116239cf002891 dh=9a959fec6cfbb39f nz=32512
[16:45:02] [Worker-Main-18/INFO] (Minecraft) [STDOUT]: [WG-CONTENT] chunk(-2,-5) hash=b9ef92a3e0146075 nz=32512
[16:45:02] [Worker-Main-2/INFO] (Minecraft) [STDOUT]: [WG-CONTENT-WB] chunk(-2,-2) hash=98bc798c36d72516 dh=490ca5fbe238d1e5 nz=32122
[16:45:02] [Worker-Main-21/INFO] (Minecraft) [STDOUT]: [WG-CONTENT-WB] chunk(-2,-1) hash=c1c2aef9c8146759 dh=f69b7e05b602c6c0 nz=32388
[16:45:02] [Worker-Main-14/INFO] (Minecraft) [STDOUT]: [Mixin] populateNoise intercepted chunk(0,-13)
[16:45:02] [Worker-Main-14/INFO] (Minecraft) [STDOUT]: [Mixin] populateNoise intercepted chunk(0,-12)
[16:45:02] [Worker-Main-14/INFO] (Minecraft) [STDOUT]: [Mixin] populateNoise intercepted chunk(0,-11)
[16:45:02] [Worker-Main-14/INFO] (Minecraft) [STDOUT]: [Mixin] populateNoise intercepted chunk(0,-10)
[16:45:02] [Worker-Main-14/INFO] (Minecraft) [STDOUT]: [Mixin] populateNoise intercepted chunk(0,-9)
[16:45:02] [Worker-Main-16/INFO] (Minecraft) [STDOUT]: [WG-CONTENT] chunk(-2,1) hash=4762234f01043404 nz=31848
[16:45:02] [Worker-Main-18/INFO] (Minecraft) [STDOUT]: [WG-CONTENT-WB] chunk(-2,-5) hash=c41a60d0385f187d dh=3d41f82cf23686e3 nz=32512
[16:45:02] [Worker-Main-7/INFO] (Minecraft) [STDOUT]: [WG-CONTENT-WB] chunk(-1,-7) hash=7c4d4e0fb24202e dh=4c7b2d17cdb43d31 nz=32512
[16:45:02] [Worker-Main-7/INFO] (Minecraft) [STDOUT]: [Mixin] populateNoise intercepted chunk(0,-8)
[16:45:02] [Worker-Main-6/INFO] (Minecraft) [STDOUT]: [WG-CONTENT] chunk(-2,-3) hash=38d9b29a38125f96 nz=32399
[16:45:02] [Worker-Main-1/INFO] (Minecraft) [STDOUT]: [WG-CONTENT] chunk(-1,-6) hash=9510f99970bd88b7 nz=32512
[16:45:02] [Worker-Main-16/INFO] (Minecraft) [STDOUT]: [WG-CONTENT-WB] chunk(-2,1) hash=8569fd9054e8b5ea dh=fa96468f1d6ce4f8 nz=31848
[16:45:02] [Worker-Main-16/INFO] (Minecraft) [STDOUT]: [Mixin] populateNoise intercepted chunk(0,-7)
[16:45:02] [Worker-Main-16/INFO] (Minecraft) [STDOUT]: [Mixin] populateNoise intercepted chunk(0,-6)
[16:45:02] [Worker-Main-6/INFO] (Minecraft) [STDOUT]: [WG-CONTENT-WB] chunk(-2,-3) hash=2d269141a2ef100b dh=867ded4e9f86ac5c nz=32399
[16:45:02] [Worker-Main-20/INFO] (Minecraft) [STDOUT]: [WG-CONTENT] chunk(-1,-10) hash=229d537d6e19c996 nz=32512
[16:45:02] [Worker-Main-1/INFO] (Minecraft) [STDOUT]: [WG-CONTENT-WB] chunk(-1,-6) hash=9e8c5e2f799deb42 dh=60e6c4c93f607960 nz=32512
[16:45:02] [Worker-Main-1/INFO] (Minecraft) [STDOUT]: [Mixin] populateNoise intercepted chunk(0,-5)
[16:45:02] [Worker-Main-20/INFO] (Minecraft) [STDOUT]: [WG-CONTENT-WB] chunk(-1,-10) hash=31f368450d354875 dh=ce2fe79224e2705f nz=32512
[16:45:02] [Worker-Main-20/INFO] (Minecraft) [STDOUT]: [Mixin] buildSurface skipped chunk(-2,-8)
[16:45:02] [Worker-Main-20/INFO] (Minecraft) [STDOUT]: [Mixin] buildSurface skipped chunk(-2,-7)
[16:45:02] [Worker-Main-19/INFO] (Minecraft) [STDOUT]: [WG-CONTENT] chunk(-1,-11) hash=46116983a57ee315 nz=32512
[16:45:02] [Worker-Main-5/INFO] (Minecraft) [STDOUT]: [WG-CONTENT] chunk(-1,-8) hash=d6a9a33a4461c085 nz=32512
[16:45:02] [Worker-Main-4/INFO] (Minecraft) [STDOUT]: [WG-CONTENT] chunk(-1,-13) hash=127f0df0e0b15cf nz=32512
[16:45:02] [Worker-Main-19/INFO] (Minecraft) [STDOUT]: [WG-CONTENT-WB] chunk(-1,-11) hash=becb56a1b560ab0d dh=da02cf0f50453b9c nz=32512
[16:45:02] [Worker-Main-5/INFO] (Minecraft) [STDOUT]: [WG-CONTENT-WB] chunk(-1,-8) hash=378a4ce476b39455 dh=c2b73779f9d8c9c nz=32512
[16:45:02] [Worker-Main-20/INFO] (Minecraft) [STDOUT]: [Mixin] buildSurface skipped chunk(-2,-6)
[16:45:02] [Worker-Main-9/INFO] (Minecraft) [STDOUT]: [WG-CONTENT] chunk(-1,-12) hash=1d990e40aebbc4e6 nz=32360
[16:45:02] [Worker-Main-4/INFO] (Minecraft) [STDOUT]: [WG-CONTENT-WB] chunk(-1,-13) hash=8bf922791c193c78 dh=9d8c1270ff674ecd nz=32512
[16:45:02] [Worker-Main-5/INFO] (Minecraft) [STDOUT]: [Mixin] buildSurface skipped chunk(-2,-5)
[16:45:02] [Worker-Main-5/INFO] (Minecraft) [STDOUT]: [Mixin] buildSurface skipped chunk(-2,-4)
[16:45:02] [Worker-Main-9/INFO] (Minecraft) [STDOUT]: [WG-CONTENT-WB] chunk(-1,-12) hash=16f69993c8e23875 dh=d5a7ab96e30e70ed nz=32360
[16:45:02] [Worker-Main-20/INFO] (Minecraft) [STDOUT]: [Mixin] buildSurface skipped chunk(-2,-3)
[16:45:02] [Worker-Main-20/INFO] (Minecraft) [STDOUT]: [Mixin] buildSurface skipped chunk(-2,-2)
[16:45:02] [Worker-Main-17/INFO] (Minecraft) [STDOUT]: [WG-CONTENT] chunk(-2,0) hash=bdfcc53c3c10bc2e nz=32512
[16:45:02] [Worker-Main-23/INFO] (Minecraft) [STDOUT]: [WG-CONTENT] chunk(-1,-3) hash=7748cc3475bbb70c nz=32189
[16:45:02] [Worker-Main-8/INFO] (Minecraft) [STDOUT]: [WG-CONTENT] chunk(-1,-1) hash=3b8d508aa7593525 nz=31894
[16:45:02] [Worker-Main-4/INFO] (Minecraft) [STDOUT]: [Mixin] buildSurface skipped chunk(-2,-1)
[16:45:02] [Worker-Main-17/INFO] (Minecraft) [STDOUT]: [WG-CONTENT-WB] chunk(-2,0) hash=56dce3fede756f11 dh=8c8fa53c5f613916 nz=32512
[16:45:02] [Worker-Main-8/INFO] (Minecraft) [STDOUT]: [WG-CONTENT-WB] chunk(-1,-1) hash=cc8c9d17eda16e39 dh=a46ef76a822213e4 nz=31894
[16:45:02] [Worker-Main-23/INFO] (Minecraft) [STDOUT]: [WG-CONTENT-WB] chunk(-1,-3) hash=21761eb76f6307c dh=4309d574bbff972b nz=32189
[16:45:02] [Worker-Main-22/INFO] (Minecraft) [STDOUT]: [WG-CONTENT] chunk(-1,-5) hash=950d2e614ebe3765 nz=32512
[16:45:02] [Worker-Main-5/INFO] (Minecraft) [STDOUT]: [Mixin] buildSurface skipped chunk(-2,0)
[16:45:02] [Worker-Main-5/INFO] (Minecraft) [STDOUT]: [Mixin] buildSurface skipped chunk(-2,1)
[16:45:02] [Worker-Main-22/INFO] (Minecraft) [STDOUT]: [WG-CONTENT-WB] chunk(-1,-5) hash=33c4d1d154b9c819 dh=e4b455fe9754c9b5 nz=32512
[16:45:02] [Worker-Main-15/INFO] (Minecraft) [STDOUT]: [WG-CONTENT] chunk(-1,-4) hash=4b78057d5c4952e7 nz=32512
[16:45:02] [Worker-Main-13/INFO] (Minecraft) [STDOUT]: [WG-CONTENT] chunk(-1,-9) hash=e44827cef21ee8a5 nz=32512
[16:45:02] [Worker-Main-15/INFO] (Minecraft) [STDOUT]: [WG-CONTENT-WB] chunk(-1,-4) hash=5b9002a0e5d5a4b2 dh=f65d67f69dc0e276 nz=32512
[16:45:02] [Worker-Main-10/INFO] (Minecraft) [STDOUT]: [WG-CONTENT] chunk(0,-12) hash=7e92ebe02b565fec nz=32512
[16:45:02] [Worker-Main-13/INFO] (Minecraft) [STDOUT]: [WG-CONTENT-WB] chunk(-1,-9) hash=22e80c4df4d456d5 dh=367b2b1befb76d5 nz=32512
[16:45:02] [Worker-Main-12/INFO] (Minecraft) [STDOUT]: [WG-CONTENT] chunk(0,-13) hash=451130283f71be67 nz=32540
[16:45:02] [Worker-Main-4/INFO] (Minecraft) [STDOUT]: [Mixin] buildSurface skipped chunk(-1,-12)
[16:45:02] [Worker-Main-4/INFO] (Minecraft) [STDOUT]: [Mixin] buildSurface skipped chunk(-1,-11)
[16:45:02] [Worker-Main-4/INFO] (Minecraft) [STDOUT]: [Mixin] buildSurface skipped chunk(-1,-10)
[16:45:02] [Worker-Main-4/INFO] (Minecraft) [STDOUT]: [Mixin] buildSurface skipped chunk(-1,-9)
[16:45:02] [Worker-Main-4/INFO] (Minecraft) [STDOUT]: [Mixin] buildSurface skipped chunk(-1,-8)
[16:45:02] [Worker-Main-14/INFO] (Minecraft) [STDOUT]: [WG-CONTENT] chunk(0,-10) hash=6c3d871f78cf63bc nz=32512
[16:45:02] [Worker-Main-11/INFO] (Minecraft) [STDOUT]: [WG-CONTENT] chunk(-1,-2) hash=7f220f360add2a37 nz=31295
[16:45:02] [Worker-Main-10/INFO] (Minecraft) [STDOUT]: [WG-CONTENT-WB] chunk(0,-12) hash=2ade4d92645c7036 dh=bc2d25ed1972302f nz=32512
[16:45:02] [Worker-Main-18/INFO] (Minecraft) [STDOUT]: [WG-CONTENT] chunk(0,-9) hash=95df77767aaaf2e nz=32512
[16:45:02] [Worker-Main-12/INFO] (Minecraft) [STDOUT]: [WG-CONTENT-WB] chunk(0,-13) hash=7c2869848dcf2112 dh=71ca8bace7ac8d65 nz=32540
[16:45:02] [Worker-Main-3/INFO] (Minecraft) [STDOUT]: [WG-CONTENT] chunk(-1,0) hash=98fa676aefc32e94 nz=32512
[16:45:02] [Worker-Main-21/INFO] (Minecraft) [STDOUT]: [WG-CONTENT] chunk(0,-11) hash=3cfd5b0313e41086 nz=32512
[16:45:02] [Worker-Main-7/INFO] (Minecraft) [STDOUT]: [WG-CONTENT] chunk(0,-8) hash=576aad61369bb7a7 nz=32512
[16:45:02] [Worker-Main-11/INFO] (Minecraft) [STDOUT]: [WG-CONTENT-WB] chunk(-1,-2) hash=ac93e0e54dc8cf8 dh=47b04ead2a0761ac nz=31295
[16:45:02] [Worker-Main-14/INFO] (Minecraft) [STDOUT]: [WG-CONTENT-WB] chunk(0,-10) hash=28ab12f57fba37a6 dh=349562883bc5363b nz=32512
[16:45:02] [Worker-Main-16/INFO] (Minecraft) [STDOUT]: [WG-CONTENT] chunk(0,-7) hash=49f2da1d60a72cac nz=32512
[16:45:02] [Worker-Main-6/INFO] (Minecraft) [STDOUT]: [WG-CONTENT] chunk(0,-6) hash=70925755087267f4 nz=32192
[16:45:02] [Worker-Main-18/INFO] (Minecraft) [STDOUT]: [WG-CONTENT-WB] chunk(0,-9) hash=1c3f5053f84f5fb9 dh=bd3363794f170da nz=32512
[16:45:02] [Worker-Main-3/INFO] (Minecraft) [STDOUT]: [WG-CONTENT-WB] chunk(-1,0) hash=dbcfa65d09ab12a2 dh=6a358f8f9a2e512a nz=32512
[16:45:02] [Worker-Main-2/INFO] (Minecraft) [STDOUT]: [WG-CONTENT] chunk(-1,1) hash=7599091647654b6e nz=32512
[16:45:02] [Worker-Main-21/INFO] (Minecraft) [STDOUT]: [WG-CONTENT-WB] chunk(0,-11) hash=fb4d14a6f4535bd1 dh=18b7cf06e410e7a9 nz=32512
[16:45:02] [Worker-Main-7/INFO] (Minecraft) [STDOUT]: [WG-CONTENT-WB] chunk(0,-8) hash=d726d9e19a6e93aa dh=608952b3b9284b58 nz=32512
[16:45:02] [Worker-Main-16/INFO] (Minecraft) [STDOUT]: [WG-CONTENT-WB] chunk(0,-7) hash=8a89c0eb4ad2d89e dh=df4ae0026353193b nz=32512
[16:45:02] [Worker-Main-16/INFO] (Minecraft) [STDOUT]: [Mixin] buildSurface skipped chunk(-1,-7)
[16:45:02] [Worker-Main-16/INFO] (Minecraft) [STDOUT]: [Mixin] buildSurface skipped chunk(-1,-6)
[16:45:02] [Worker-Main-1/INFO] (Minecraft) [STDOUT]: [WG-CONTENT] chunk(0,-5) hash=96e4f4bdd388e38e nz=30608
[16:45:02] [Worker-Main-6/INFO] (Minecraft) [STDOUT]: [WG-CONTENT-WB] chunk(0,-6) hash=8f54cfc93824130a dh=296f950fe4621077 nz=32192
[16:45:02] [Worker-Main-2/INFO] (Minecraft) [STDOUT]: [WG-CONTENT-WB] chunk(-1,1) hash=de8337f627fa07e1 dh=21bdd1a22736f041 nz=32512
[16:45:02] [Worker-Main-1/INFO] (Minecraft) [STDOUT]: [WG-CONTENT-WB] chunk(0,-5) hash=90d2369cef14765 dh=cc0e6c1285d08954 nz=30608
[16:45:02] [Worker-Main-21/INFO] (Minecraft) [STDOUT]: [Mixin] buildSurface skipped chunk(-1,-5)
[16:45:02] [Worker-Main-21/INFO] (Minecraft) [STDOUT]: [Mixin] buildSurface skipped chunk(-1,-4)
[16:45:02] [Worker-Main-21/INFO] (Minecraft) [STDOUT]: [Mixin] buildSurface skipped chunk(-1,-3)
[16:45:02] [Worker-Main-21/INFO] (Minecraft) [STDOUT]: [Mixin] buildSurface skipped chunk(-1,-2)
[16:45:02] [Worker-Main-21/INFO] (Minecraft) [STDOUT]: [Mixin] buildSurface skipped chunk(-1,-1)
[16:45:02] [Worker-Main-8/INFO] (Minecraft) [STDOUT]: [Mixin] buildSurface skipped chunk(-1,-13)
[16:45:02] [Worker-Main-8/INFO] (Minecraft) [STDOUT]: [Mixin] buildSurface skipped chunk(0,-13)
[16:45:02] [Worker-Main-8/INFO] (Minecraft) [STDOUT]: [Mixin] buildSurface skipped chunk(0,-12)
[16:45:02] [Worker-Main-8/INFO] (Minecraft) [STDOUT]: [Mixin] buildSurface skipped chunk(0,-11)
[16:45:02] [Worker-Main-8/INFO] (Minecraft) [STDOUT]: [Mixin] buildSurface skipped chunk(0,-10)
[16:45:02] [Worker-Main-8/INFO] (Minecraft) [STDOUT]: [Mixin] buildSurface skipped chunk(0,-9)
[16:45:02] [Worker-Main-14/INFO] (Minecraft) [STDOUT]: [Mixin] buildSurface skipped chunk(-1,0)
[16:45:02] [Worker-Main-8/INFO] (Minecraft) [STDOUT]: [Mixin] buildSurface skipped chunk(0,-8)
[16:45:02] [Worker-Main-15/INFO] (Minecraft) [STDOUT]: [Mixin] buildSurface skipped chunk(0,-7)
[16:45:02] [Worker-Main-8/INFO] (Minecraft) [STDOUT]: [Mixin] buildSurface skipped chunk(0,-6)
[16:45:02] [Worker-Main-14/INFO] (Minecraft) [STDOUT]: [Mixin] buildSurface skipped chunk(-1,1)
[16:45:02] [Worker-Main-17/INFO] (Minecraft) [STDOUT]: [Mixin] buildSurface skipped chunk(0,-5)
[16:45:02] [Worker-Main-8/INFO] (Minecraft) [STDOUT]: [Mixin] populateNoise intercepted chunk(0,-4)
[16:45:02] [Worker-Main-8/INFO] (Minecraft) [STDOUT]: [Mixin] populateNoise intercepted chunk(0,-3)
[16:45:02] [Worker-Main-15/INFO] (Minecraft) [STDOUT]: [Mixin] populateNoise intercepted chunk(0,-2)
[16:45:02] [Worker-Main-15/INFO] (Minecraft) [STDOUT]: [Mixin] populateNoise intercepted chunk(0,-1)
[16:45:02] [Worker-Main-15/INFO] (Minecraft) [STDOUT]: [Mixin] populateNoise intercepted chunk(0,0)
[16:45:02] [Worker-Main-15/INFO] (Minecraft) [STDOUT]: [Mixin] populateNoise intercepted chunk(0,1)
[16:45:02] [Worker-Main-22/INFO] (Minecraft) [STDOUT]: [Mixin] populateNoise intercepted chunk(1,-13)
[16:45:02] [Worker-Main-22/INFO] (Minecraft) [STDOUT]: [Mixin] populateNoise intercepted chunk(1,-12)
[16:45:02] [Worker-Main-22/INFO] (Minecraft) [STDOUT]: [Mixin] populateNoise intercepted chunk(1,-11)
[16:45:02] [Worker-Main-22/INFO] (Minecraft) [STDOUT]: [Mixin] populateNoise intercepted chunk(1,-10)
[16:45:02] [Worker-Main-22/INFO] (Minecraft) [STDOUT]: [Mixin] populateNoise intercepted chunk(1,-9)
[16:45:02] [Worker-Main-8/INFO] (Minecraft) [STDOUT]: [Mixin] populateNoise intercepted chunk(2,-13)
[16:45:02] [Worker-Main-8/INFO] (Minecraft) [STDOUT]: [Mixin] populateNoise intercepted chunk(2,-12)
[16:45:02] [Worker-Main-8/INFO] (Minecraft) [STDOUT]: [Mixin] populateNoise intercepted chunk(2,-11)
[16:45:02] [Worker-Main-8/INFO] (Minecraft) [STDOUT]: [Mixin] populateNoise intercepted chunk(2,-10)
[16:45:02] [Worker-Main-8/INFO] (Minecraft) [STDOUT]: [Mixin] populateNoise intercepted chunk(2,-9)
[16:45:02] [Worker-Main-18/INFO] (Minecraft) [STDOUT]: [Mixin] populateNoise intercepted chunk(1,-8)
[16:45:02] [Worker-Main-1/INFO] (Minecraft) [STDOUT]: [Mixin] populateNoise intercepted chunk(2,-8)
[16:45:02] [Worker-Main-7/INFO] (Minecraft) [STDOUT]: [Mixin] populateNoise intercepted chunk(1,-7)
[16:45:02] [Worker-Main-7/INFO] (Minecraft) [STDOUT]: [Mixin] populateNoise intercepted chunk(1,-6)
[16:45:02] [Worker-Main-12/INFO] (Minecraft) [STDOUT]: [Mixin] populateNoise intercepted chunk(1,-5)
[16:45:02] [Worker-Main-12/INFO] (Minecraft) [STDOUT]: [Mixin] populateNoise intercepted chunk(1,-4)
[16:45:02] [Worker-Main-14/INFO] (Minecraft) [STDOUT]: [Mixin] populateNoise intercepted chunk(2,-7)
[16:45:02] [Worker-Main-2/INFO] (Minecraft) [STDOUT]: [WG-CONTENT] chunk(0,-3) hash=9a5e77515c4b3325 nz=32512
[16:45:02] [Worker-Main-16/INFO] (Minecraft) [STDOUT]: [WG-CONTENT] chunk(0,-2) hash=c39089148dd9bf9c nz=32512
[16:45:02] [Worker-Main-8/INFO] (Minecraft) [STDOUT]: [WG-CONTENT] chunk(2,-9) hash=d1aaa859cd692ef7 nz=32512
[16:45:02] [Worker-Main-2/INFO] (Minecraft) [STDOUT]: [WG-CONTENT-WB] chunk(0,-3) hash=b66c731326432309 dh=757baec54dbaa91d nz=32512
[16:45:02] [Worker-Main-8/INFO] (Minecraft) [STDOUT]: [WG-CONTENT-WB] chunk(2,-9) hash=22c2c72ade6dba3a dh=5de5e41b4dd1dc6 nz=32512
[16:45:02] [Worker-Main-16/INFO] (Minecraft) [STDOUT]: [WG-CONTENT-WB] chunk(0,-2) hash=fe3e1e24faf5ffae dh=3aa8c8d52a9a30e2 nz=32512
[16:45:02] [Worker-Main-16/INFO] (Minecraft) [STDOUT]: [Mixin] populateNoise intercepted chunk(2,-6)
[16:45:02] [Worker-Main-16/INFO] (Minecraft) [STDOUT]: [Mixin] populateNoise intercepted chunk(2,-5)
[16:45:02] [Worker-Main-16/INFO] (Minecraft) [STDOUT]: [Mixin] populateNoise intercepted chunk(2,-4)
[16:45:02] [Worker-Main-19/INFO] (Minecraft) [STDOUT]: [WG-CONTENT] chunk(2,-11) hash=8e1b0efc706267fe nz=32498
[16:45:02] [Worker-Main-23/INFO] (Minecraft) [STDOUT]: [WG-CONTENT] chunk(1,-6) hash=9075930d45caed24 nz=32386
[16:45:02] [Worker-Main-5/INFO] (Minecraft) [STDOUT]: [WG-CONTENT] chunk(1,-11) hash=35807c264b2cab6f nz=32503
[16:45:02] [Worker-Main-10/INFO] (Minecraft) [STDOUT]: [WG-CONTENT] chunk(1,-13) hash=59bed2abb55cf04 nz=32512
[16:45:02] [Worker-Main-9/INFO] (Minecraft) [STDOUT]: [WG-CONTENT] chunk(1,-10) hash=ee6b2c8f46e6372f nz=32507
[16:45:02] [Worker-Main-21/INFO] (Minecraft) [STDOUT]: [WG-CONTENT] chunk(2,-10) hash=3c76ec36c54f502c nz=32512
[16:45:02] [Worker-Main-13/INFO] (Minecraft) [STDOUT]: [WG-CONTENT] chunk(1,-7) hash=ff2b23b5bc37ce0f nz=32512
[16:45:03] [Worker-Main-15/INFO] (Minecraft) [STDOUT]: [WG-CONTENT] chunk(0,1) hash=d007f1339d6d94b5 nz=32512
[16:45:03] [Worker-Main-4/INFO] (Minecraft) [STDOUT]: [WG-CONTENT] chunk(0,-1) hash=1015560d430cd0c nz=30494
[16:45:03] [Worker-Main-23/INFO] (Minecraft) [STDOUT]: [WG-CONTENT-WB] chunk(1,-6) hash=1994c20e46a896a dh=23121aaa98d39cfc nz=32386
[16:45:03] [Worker-Main-11/INFO] (Minecraft) [STDOUT]: [WG-CONTENT] chunk(1,-12) hash=61b9fcaeafacefde nz=32512
[16:45:03] [Worker-Main-23/INFO] (Minecraft) [STDOUT]: [Mixin] populateNoise intercepted chunk(1,-3)
[16:45:03] [Worker-Main-23/INFO] (Minecraft) [STDOUT]: [Mixin] populateNoise intercepted chunk(1,-2)
[16:45:03] [Worker-Main-23/INFO] (Minecraft) [STDOUT]: [Mixin] populateNoise intercepted chunk(1,-1)
[16:45:03] [Worker-Main-19/INFO] (Minecraft) [STDOUT]: [WG-CONTENT-WB] chunk(2,-11) hash=30eeea26ab194c42 dh=b23ee21ca25a2e17 nz=32498
[16:45:03] [Worker-Main-7/INFO] (Minecraft) [STDOUT]: [WG-CONTENT] chunk(1,-5) hash=dfbe1b596757b6ff nz=31294
[16:45:03] [Worker-Main-17/INFO] (Minecraft) [STDOUT]: [WG-CONTENT] chunk(0,-4) hash=8c46ba0c9fabd1e nz=31908
[16:45:03] [Worker-Main-10/INFO] (Minecraft) [STDOUT]: [WG-CONTENT-WB] chunk(1,-13) hash=c4f5839421b01b51 dh=73fa3dfe4ddf0677 nz=32512
[16:45:03] [Worker-Main-18/INFO] (Minecraft) [STDOUT]: [WG-CONTENT] chunk(1,-8) hash=94e4044380842fb7 nz=32512
[16:45:03] [Worker-Main-12/INFO] (Minecraft) [STDOUT]: [WG-CONTENT] chunk(1,-4) hash=210410838359f3a7 nz=30335
[16:45:03] [Worker-Main-5/INFO] (Minecraft) [STDOUT]: [WG-CONTENT-WB] chunk(1,-11) hash=724dc143140ab2b4 dh=b7550f9ec2db8571 nz=32503
[16:45:03] [Worker-Main-5/INFO] (Minecraft) [STDOUT]: [Mixin] populateNoise intercepted chunk(1,0)
[16:45:03] [Worker-Main-21/INFO] (Minecraft) [STDOUT]: [WG-CONTENT-WB] chunk(2,-10) hash=a8f6e3d76229a8b6 dh=43775082d4bd9253 nz=32512
[16:45:03] [Worker-Main-21/INFO] (Minecraft) [STDOUT]: [Mixin] populateNoise intercepted chunk(2,-3)
[16:45:03] [Worker-Main-13/INFO] (Minecraft) [STDOUT]: [WG-CONTENT-WB] chunk(1,-7) hash=954a8e16af6ac7c2 dh=ba68c6b0923ac278 nz=32512
[16:45:03] [Worker-Main-3/INFO] (Minecraft) [STDOUT]: [WG-CONTENT] chunk(2,-13) hash=83f42519056bad7 nz=32506
[16:45:03] [Worker-Main-13/INFO] (Minecraft) [STDOUT]: [Mixin] populateNoise intercepted chunk(1,1)
[16:45:03] [Worker-Main-9/INFO] (Minecraft) [STDOUT]: [WG-CONTENT-WB] chunk(1,-10) hash=8d43f850060febb0 dh=29d456dbb5f37c0b nz=32507
[16:45:03] [Worker-Main-4/INFO] (Minecraft) [STDOUT]: [WG-CONTENT-WB] chunk(0,-1) hash=dea0558a747a45da dh=a92acacc9609f07d nz=30494
[16:45:03] [Worker-Main-7/INFO] (Minecraft) [STDOUT]: [WG-CONTENT-WB] chunk(1,-5) hash=99f8f5f918c1e00a dh=c28460283fe96850 nz=31294
[16:45:03] [Worker-Main-15/INFO] (Minecraft) [STDOUT]: [WG-CONTENT-WB] chunk(0,1) hash=eae2e4ceea6429c9 dh=e5e1cead43f91f39 nz=32512
[16:45:03] [Worker-Main-11/INFO] (Minecraft) [STDOUT]: [WG-CONTENT-WB] chunk(1,-12) hash=6f24d853ff525d0f dh=8f481390108a0d7c nz=32512
[16:45:03] [Worker-Main-18/INFO] (Minecraft) [STDOUT]: [WG-CONTENT-WB] chunk(1,-8) hash=16e507e9918450fa dh=c2b73779f9d8c9c nz=32512
[16:45:03] [Worker-Main-18/INFO] (Minecraft) [STDOUT]: [Mixin] buildSurface skipped chunk(1,-13)
[16:45:03] [Worker-Main-18/INFO] (Minecraft) [STDOUT]: [Mixin] buildSurface skipped chunk(1,-12)
[16:45:03] [Worker-Main-18/INFO] (Minecraft) [STDOUT]: [Mixin] buildSurface skipped chunk(1,-11)
[16:45:03] [Worker-Main-12/INFO] (Minecraft) [STDOUT]: [WG-CONTENT-WB] chunk(1,-4) hash=8817c573f890191c dh=d661845bfab91fba nz=30335
[16:45:03] [Worker-Main-17/INFO] (Minecraft) [STDOUT]: [WG-CONTENT-WB] chunk(0,-4) hash=858a38113f6abe85 dh=209b01fefcd414d8 nz=31908
[16:45:03] [Worker-Main-3/INFO] (Minecraft) [STDOUT]: [WG-CONTENT-WB] chunk(2,-13) hash=69f78f24b8680810 dh=f215cef98ad449c0 nz=32506
[16:45:03] [Worker-Main-9/INFO] (Minecraft) [STDOUT]: [Mixin] buildSurface skipped chunk(0,-4)
[16:45:03] [Worker-Main-9/INFO] (Minecraft) [STDOUT]: [Mixin] buildSurface skipped chunk(1,-8)
[16:45:03] [Worker-Main-9/INFO] (Minecraft) [STDOUT]: [Mixin] buildSurface skipped chunk(1,-7)
[16:45:03] [Worker-Main-9/INFO] (Minecraft) [STDOUT]: [Mixin] buildSurface skipped chunk(1,-6)
[16:45:03] [Worker-Main-9/INFO] (Minecraft) [STDOUT]: [Mixin] buildSurface skipped chunk(1,-5)
[16:45:03] [Worker-Main-9/INFO] (Minecraft) [STDOUT]: [Mixin] buildSurface skipped chunk(1,-4)
[16:45:03] [Worker-Main-14/INFO] (Minecraft) [STDOUT]: [WG-CONTENT] chunk(2,-7) hash=fe175396bbd8a805 nz=32512
[16:45:03] [Worker-Main-6/INFO] (Minecraft) [STDOUT]: [WG-CONTENT] chunk(0,0) hash=e2ea5b2e5a024414 nz=32505
[16:45:03] [Worker-Main-14/INFO] (Minecraft) [STDOUT]: [WG-CONTENT-WB] chunk(2,-7) hash=4fc5f5e976f6f541 dh=bcbd06d9ed977917 nz=32512
[16:45:03] [Worker-Main-6/INFO] (Minecraft) [STDOUT]: [WG-CONTENT-WB] chunk(0,0) hash=494dc10ba8d0be54 dh=adc1948a67b6624 nz=32505
[16:45:03] [Worker-Main-22/INFO] (Minecraft) [STDOUT]: [WG-CONTENT] chunk(1,-9) hash=df68fbe661c6f2ae nz=32512
[16:45:03] [Worker-Main-9/INFO] (Minecraft) [STDOUT]: [Mixin] buildSurface skipped chunk(0,-3)
[16:45:03] [Worker-Main-9/INFO] (Minecraft) [STDOUT]: [Mixin] buildSurface skipped chunk(0,-2)
[16:45:03] [Worker-Main-9/INFO] (Minecraft) [STDOUT]: [Mixin] buildSurface skipped chunk(0,-1)
[16:45:03] [Worker-Main-22/INFO] (Minecraft) [STDOUT]: [WG-CONTENT-WB] chunk(1,-9) hash=c2be476c60e67f81 dh=254bd0ff0109ff4c nz=32512
[16:45:03] [Worker-Main-1/INFO] (Minecraft) [STDOUT]: [WG-CONTENT] chunk(2,-8) hash=f81fe5a6bc70eedc nz=32512
[16:45:03] [Worker-Main-20/INFO] (Minecraft) [STDOUT]: [WG-CONTENT] chunk(2,-12) hash=ad8082b4fcac05bf nz=32491
[16:45:03] [Worker-Main-2/INFO] (Minecraft) [STDOUT]: [WG-CONTENT] chunk(2,-4) hash=6e05ffffedd562fe nz=31876
[16:45:03] [Worker-Main-16/INFO] (Minecraft) [STDOUT]: [WG-CONTENT] chunk(2,-5) hash=4e0b81bbacd5e975 nz=32483
[16:45:03] [Worker-Main-1/INFO] (Minecraft) [STDOUT]: [WG-CONTENT-WB] chunk(2,-8) hash=dd93b9c331e01a52 dh=3cf45fbc7f2d591f nz=32512
[16:45:03] [Worker-Main-20/INFO] (Minecraft) [STDOUT]: [WG-CONTENT-WB] chunk(2,-12) hash=9d7a4df36df3c87a dh=aa822ea23f523f45 nz=32491
[16:45:03] [Worker-Main-10/INFO] (Minecraft) [STDOUT]: [WG-CONTENT] chunk(1,-1) hash=122bdcfd96e9b7e8 nz=31063
[16:45:03] [Worker-Main-23/INFO] (Minecraft) [STDOUT]: [WG-CONTENT] chunk(1,-3) hash=288abf4523bc3c7f nz=31359
[16:45:03] [Worker-Main-2/INFO] (Minecraft) [STDOUT]: [WG-CONTENT-WB] chunk(2,-4) hash=3a0e29527a147e39 dh=3fd8b31135bb234c nz=31876
[16:45:03] [Worker-Main-16/INFO] (Minecraft) [STDOUT]: [WG-CONTENT-WB] chunk(2,-5) hash=a86dbf73032e252b dh=327d61ca53cafdfc nz=32483
[16:45:03] [Worker-Main-19/INFO] (Minecraft) [STDOUT]: [WG-CONTENT] chunk(1,-2) hash=532d204bbed541b5 nz=32507
[16:45:03] [Worker-Main-8/INFO] (Minecraft) [STDOUT]: [WG-CONTENT] chunk(2,-6) hash=421026b33ee2763e nz=32397
[16:45:03] [Worker-Main-10/INFO] (Minecraft) [STDOUT]: [WG-CONTENT-WB] chunk(1,-1) hash=2bc6bb28cc069dc4 dh=2438703fd72caa02 nz=31063
[16:45:03] [Worker-Main-23/INFO] (Minecraft) [STDOUT]: [WG-CONTENT-WB] chunk(1,-3) hash=61b7ef40eba79cd8 dh=6bffd6271e3d42f5 nz=31359
[16:45:03] [Worker-Main-21/INFO] (Minecraft) [STDOUT]: [WG-CONTENT] chunk(2,-3) hash=e1c73e341d594724 nz=31754
[16:45:03] [Worker-Main-19/INFO] (Minecraft) [STDOUT]: [WG-CONTENT-WB] chunk(1,-2) hash=28fa9dbd930e0e8b dh=e7f9af9280aca47 nz=32507
[16:45:03] [Worker-Main-8/INFO] (Minecraft) [STDOUT]: [WG-CONTENT-WB] chunk(2,-6) hash=de90f6a6f7f1a817 dh=3e7acd10a89bb7c0 nz=32397
[16:45:03] [Worker-Main-21/INFO] (Minecraft) [STDOUT]: [WG-CONTENT-WB] chunk(2,-3) hash=603de1aa0ddbadd2 dh=d8a37ac74a492fa2 nz=31754
[16:45:03] [Worker-Main-5/INFO] (Minecraft) [STDOUT]: [WG-CONTENT] chunk(1,0) hash=ae872a8310cd9897 nz=32183
[16:45:03] [Worker-Main-13/INFO] (Minecraft) [STDOUT]: [WG-CONTENT] chunk(1,1) hash=ab27372ef94699d9 nz=32380
[16:45:03] [Worker-Main-5/INFO] (Minecraft) [STDOUT]: [WG-CONTENT-WB] chunk(1,0) hash=3857fa732bcb6ed8 dh=5d841b49a4218c82 nz=32183
[16:45:03] [Worker-Main-13/INFO] (Minecraft) [STDOUT]: [WG-CONTENT-WB] chunk(1,1) hash=5f0269b09771ce69 dh=13f01d520b70d7dd nz=32380
[16:45:03] [Worker-Main-22/INFO] (Minecraft) [STDOUT]: [Mixin] buildSurface skipped chunk(1,-10)
[16:45:03] [Worker-Main-22/INFO] (Minecraft) [STDOUT]: [Mixin] buildSurface skipped chunk(1,-9)
[16:45:03] [Worker-Main-22/INFO] (Minecraft) [STDOUT]: [Mixin] buildSurface skipped chunk(2,-11)
[16:45:03] [Worker-Main-22/INFO] (Minecraft) [STDOUT]: [Mixin] buildSurface skipped chunk(2,-10)
[16:45:03] [Worker-Main-22/INFO] (Minecraft) [STDOUT]: [Mixin] buildSurface skipped chunk(2,-9)
[16:45:03] [Worker-Main-22/INFO] (Minecraft) [STDOUT]: [Mixin] buildSurface skipped chunk(2,-8)
[16:45:03] [Worker-Main-22/INFO] (Minecraft) [STDOUT]: [Mixin] buildSurface skipped chunk(2,-7)
[16:45:03] [Worker-Main-10/INFO] (Minecraft) [STDOUT]: [Mixin] buildSurface skipped chunk(0,0)
[16:45:03] [Worker-Main-22/INFO] (Minecraft) [STDOUT]: [Mixin] buildSurface skipped chunk(0,1)
[16:45:03] [Worker-Main-21/INFO] (Minecraft) [STDOUT]: [Mixin] buildSurface skipped chunk(2,-12)
[16:45:03] [Worker-Main-21/INFO] (Minecraft) [STDOUT]: [Mixin] buildSurface skipped chunk(2,-13)
[16:45:03] [Worker-Main-23/INFO] (Minecraft) [STDOUT]: [Mixin] buildSurface skipped chunk(2,-6)
[16:45:03] [Worker-Main-23/INFO] (Minecraft) [STDOUT]: [Mixin] buildSurface skipped chunk(2,-5)
[16:45:03] [Worker-Main-23/INFO] (Minecraft) [STDOUT]: [Mixin] buildSurface skipped chunk(2,-4)
[16:45:03] [Worker-Main-15/INFO] (Minecraft) [STDOUT]: [Mixin] populateNoise intercepted chunk(2,-2)
[16:45:03] [Worker-Main-15/INFO] (Minecraft) [STDOUT]: [Mixin] populateNoise intercepted chunk(2,-1)
[16:45:03] [Worker-Main-11/INFO] (Minecraft) [STDOUT]: [Mixin] populateNoise intercepted chunk(2,0)
[16:45:03] [Worker-Main-16/INFO] (Minecraft) [STDOUT]: [Mixin] buildSurface skipped chunk(1,-3)
[16:45:03] [Worker-Main-16/INFO] (Minecraft) [STDOUT]: [Mixin] buildSurface skipped chunk(1,-2)
[16:45:03] [Worker-Main-16/INFO] (Minecraft) [STDOUT]: [Mixin] buildSurface skipped chunk(1,-1)
[16:45:03] [Worker-Main-6/INFO] (Minecraft) [STDOUT]: [Mixin] populateNoise intercepted chunk(2,1)
[16:45:03] [Worker-Main-19/INFO] (Minecraft) [STDOUT]: [Mixin] buildSurface skipped chunk(2,-3)
[16:45:03] [Worker-Main-10/INFO] (Minecraft) [STDOUT]: [Mixin] buildSurface skipped chunk(1,0)
[16:45:03] [Worker-Main-15/INFO] (Minecraft) [STDOUT]: [WG-CONTENT] chunk(2,-1) hash=25206d1ce3f93114 nz=32351
[16:45:03] [Worker-Main-17/INFO] (Minecraft) [STDOUT]: [WG-CONTENT] chunk(2,-2) hash=3d628c1ffb116f2e nz=32511
[16:45:03] [Worker-Main-10/INFO] (Minecraft) [STDOUT]: [Mixin] buildSurface skipped chunk(1,1)
[16:45:03] [Worker-Main-15/INFO] (Minecraft) [STDOUT]: [WG-CONTENT-WB] chunk(2,-1) hash=4e2ddcc6d6e3f318 dh=8bbcea9045fbc4ea nz=32351
[16:45:03] [Worker-Main-17/INFO] (Minecraft) [STDOUT]: [WG-CONTENT-WB] chunk(2,-2) hash=c6426bcce5c38903 dh=693d5808de3c71a0 nz=32511
[16:45:03] [Worker-Main-10/INFO] (Minecraft) [STDOUT]: [Mixin] populateNoise intercepted chunk(3,-13)
[16:45:03] [Worker-Main-10/INFO] (Minecraft) [STDOUT]: [Mixin] populateNoise intercepted chunk(3,-12)
[16:45:03] [Worker-Main-10/INFO] (Minecraft) [STDOUT]: [Mixin] populateNoise intercepted chunk(3,-11)
[16:45:03] [Worker-Main-10/INFO] (Minecraft) [STDOUT]: [Mixin] populateNoise intercepted chunk(3,-10)
[16:45:03] [Worker-Main-10/INFO] (Minecraft) [STDOUT]: [Mixin] populateNoise intercepted chunk(3,-9)
[16:45:03] [Worker-Main-23/INFO] (Minecraft) [STDOUT]: [Mixin] populateNoise intercepted chunk(3,-8)
[16:45:03] [Worker-Main-23/INFO] (Minecraft) [STDOUT]: [Mixin] populateNoise intercepted chunk(3,-7)
[16:45:03] [Worker-Main-23/INFO] (Minecraft) [STDOUT]: [Mixin] populateNoise intercepted chunk(3,-6)
[16:45:03] [Worker-Main-23/INFO] (Minecraft) [STDOUT]: [Mixin] populateNoise intercepted chunk(3,-5)
[16:45:03] [Worker-Main-20/INFO] (Minecraft) [STDOUT]: [Mixin] populateNoise intercepted chunk(3,-4)
[16:45:03] [Worker-Main-18/INFO] (Minecraft) [STDOUT]: [Mixin] populateNoise intercepted chunk(3,-3)
[16:45:03] [Worker-Main-18/INFO] (Minecraft) [STDOUT]: [Mixin] populateNoise intercepted chunk(3,-2)
[16:45:03] [Worker-Main-18/INFO] (Minecraft) [STDOUT]: [Mixin] populateNoise intercepted chunk(3,-1)
[16:45:03] [Worker-Main-22/INFO] (Minecraft) [STDOUT]: [Mixin] populateNoise intercepted chunk(3,0)
[16:45:03] [Worker-Main-1/INFO] (Minecraft) [STDOUT]: [Mixin] populateNoise intercepted chunk(3,1)
[16:45:03] [Worker-Main-11/INFO] (Minecraft) [STDOUT]: [WG-CONTENT] chunk(2,0) hash=4e1f6d1a90badb7d nz=31541
[16:45:03] [Worker-Main-16/INFO] (Minecraft) [STDOUT]: [Mixin] populateNoise intercepted chunk(4,-11)
[16:45:03] [Worker-Main-16/INFO] (Minecraft) [STDOUT]: [Mixin] populateNoise intercepted chunk(4,-10)
[16:45:03] [Worker-Main-16/INFO] (Minecraft) [STDOUT]: [Mixin] populateNoise intercepted chunk(4,-9)
[16:45:03] [Worker-Main-16/INFO] (Minecraft) [STDOUT]: [Mixin] populateNoise intercepted chunk(4,-8)
[16:45:03] [Worker-Main-16/INFO] (Minecraft) [STDOUT]: [Mixin] populateNoise intercepted chunk(4,-7)
[16:45:03] [Worker-Main-11/INFO] (Minecraft) [STDOUT]: [WG-CONTENT-WB] chunk(2,0) hash=3ade631fba89c6ef dh=3a5b0f98b8b1f450 nz=31541
[16:45:03] [Worker-Main-11/INFO] (Minecraft) [STDOUT]: [Mixin] populateNoise intercepted chunk(4,-13)
[16:45:03] [Worker-Main-11/INFO] (Minecraft) [STDOUT]: [Mixin] populateNoise intercepted chunk(4,-12)
[16:45:03] [Worker-Main-6/INFO] (Minecraft) [STDOUT]: [WG-CONTENT] chunk(2,1) hash=8ece84db000cf76c nz=32512
[16:45:03] [Worker-Main-6/INFO] (Minecraft) [STDOUT]: [WG-CONTENT-WB] chunk(2,1) hash=b6016c094594e366 dh=6cad2717a39747ac nz=32512
[16:45:03] [Worker-Main-6/INFO] (Minecraft) [STDOUT]: [Mixin] buildSurface skipped chunk(2,-2)
[16:45:03] [Worker-Main-6/INFO] (Minecraft) [STDOUT]: [Mixin] buildSurface skipped chunk(2,-1)
[16:45:03] [Worker-Main-20/INFO] (Minecraft) [STDOUT]: [WG-CONTENT] chunk(3,-4) hash=bb6f9816822ac509 nz=32512
[16:45:03] [Worker-Main-10/INFO] (Minecraft) [STDOUT]: [WG-CONTENT] chunk(3,-9) hash=50fe823bad9c14ef nz=32208
[16:45:03] [Worker-Main-15/INFO] (Minecraft) [STDOUT]: [WG-CONTENT] chunk(3,-13) hash=93084b5e34f05bd nz=32512
[16:45:03] [Worker-Main-2/INFO] (Minecraft) [STDOUT]: [WG-CONTENT] chunk(3,-11) hash=33e074a0bd9dc816 nz=30893
[16:45:03] [Worker-Main-23/INFO] (Minecraft) [STDOUT]: [WG-CONTENT] chunk(3,-5) hash=613fcb7895fa130e nz=32512
[16:45:03] [Worker-Main-19/INFO] (Minecraft) [STDOUT]: [WG-CONTENT] chunk(3,-10) hash=3c60a51e5732b8b6 nz=31286
[16:45:03] [Worker-Main-20/INFO] (Minecraft) [STDOUT]: [WG-CONTENT-WB] chunk(3,-4) hash=c7c4c2fecc528a47 dh=e5d8764fa305ca32 nz=32512
[16:45:03] [Worker-Main-10/INFO] (Minecraft) [STDOUT]: [WG-CONTENT-WB] chunk(3,-9) hash=6411b1783f9bc012 dh=5af8dc8fbafb08f7 nz=32208
[16:45:03] [Worker-Main-15/INFO] (Minecraft) [STDOUT]: [WG-CONTENT-WB] chunk(3,-13) hash=92c36cdb21716b11 dh=c8da051ed67fd8ae nz=32512
[16:45:03] [Worker-Main-13/INFO] (Minecraft) [STDOUT]: [WG-CONTENT] chunk(3,-8) hash=fe1a5f016be3f965 nz=32512
[16:45:03] [Worker-Main-18/INFO] (Minecraft) [STDOUT]: [WG-CONTENT] chunk(3,-1) hash=91195052bc77cd46 nz=32512
[16:45:03] [Worker-Main-3/INFO] (Minecraft) [STDOUT]: [WG-CONTENT] chunk(3,-3) hash=ef1c2f746c6e26be nz=32512
[16:45:03] [Worker-Main-23/INFO] (Minecraft) [STDOUT]: [WG-CONTENT-WB] chunk(3,-5) hash=8681449a3520cd7 dh=c96ef23cd2479408 nz=32512
[16:45:03] [Worker-Main-2/INFO] (Minecraft) [STDOUT]: [WG-CONTENT-WB] chunk(3,-11) hash=e5dbd94d2277d073 dh=f22c5a5eaf80d985 nz=30893
[16:45:03] [Worker-Main-19/INFO] (Minecraft) [STDOUT]: [WG-CONTENT-WB] chunk(3,-10) hash=dc45c027b0f2de69 dh=cfef270c5a83678a nz=31286
[16:45:03] [Worker-Main-18/INFO] (Minecraft) [STDOUT]: [WG-CONTENT-WB] chunk(3,-1) hash=a00b897021f6f3f1 dh=d69d598d7725f02 nz=32512
[16:45:03] [Worker-Main-8/INFO] (Minecraft) [STDOUT]: [WG-CONTENT] chunk(4,-9) hash=78246cb8acd05674 nz=31745
[16:45:03] [Worker-Main-13/INFO] (Minecraft) [STDOUT]: [WG-CONTENT-WB] chunk(3,-8) hash=1848c3597121789 dh=fc9176f65dc2c85d nz=32512
[16:45:03] [Worker-Main-21/INFO] (Minecraft) [STDOUT]: [WG-CONTENT] chunk(3,-6) hash=d63dc26580bf2569 nz=32097
[16:45:03] [Worker-Main-3/INFO] (Minecraft) [STDOUT]: [WG-CONTENT-WB] chunk(3,-3) hash=980ceeaea1058d5b dh=6d4857f889a9a334 nz=32512
[16:45:03] [Worker-Main-22/INFO] (Minecraft) [STDOUT]: [WG-CONTENT] chunk(3,0) hash=d577bff2e1f8eb7d nz=31880
[16:45:03] [Worker-Main-9/INFO] (Minecraft) [STDOUT]: [WG-CONTENT] chunk(4,-11) hash=8ff3421302f44837 nz=28812
[16:45:03] [Worker-Main-12/INFO] (Minecraft) [STDOUT]: [WG-CONTENT] chunk(3,-2) hash=642e9ea11665aaee nz=32512
[16:45:03] [Worker-Main-14/INFO] (Minecraft) [STDOUT]: [WG-CONTENT] chunk(4,-8) hash=6ddb6c0291b1b5ac nz=32512
[16:45:03] [Worker-Main-8/INFO] (Minecraft) [STDOUT]: [WG-CONTENT-WB] chunk(4,-9) hash=76e12adfe833135c dh=392189687dfda950 nz=31745
[16:45:03] [Worker-Main-7/INFO] (Minecraft) [STDOUT]: [WG-CONTENT] chunk(4,-10) hash=fc1bbca1248da25 nz=30945
[16:45:03] [Worker-Main-22/INFO] (Minecraft) [STDOUT]: [WG-CONTENT-WB] chunk(3,0) hash=532f6add7ae2dc65 dh=814ea83159a05387 nz=31880
[16:45:03] [Worker-Main-21/INFO] (Minecraft) [STDOUT]: [WG-CONTENT-WB] chunk(3,-6) hash=8572afe11af9dd67 dh=a4dbaa642a0b2e2f nz=32097
[16:45:03] [Worker-Main-9/INFO] (Minecraft) [STDOUT]: [WG-CONTENT-WB] chunk(4,-11) hash=621e4146986b9376 dh=ce5ae6fdc43794c2 nz=28812
[16:45:03] [Worker-Main-12/INFO] (Minecraft) [STDOUT]: [WG-CONTENT-WB] chunk(3,-2) hash=94a77372c7960eb9 dh=9ebaca735ecf65b0 nz=32512
[16:45:03] [Worker-Main-14/INFO] (Minecraft) [STDOUT]: [WG-CONTENT-WB] chunk(4,-8) hash=d23735bd7eca6d46 dh=6841d2a49eee3b7e nz=32512
[16:45:03] [Worker-Main-7/INFO] (Minecraft) [STDOUT]: [WG-CONTENT-WB] chunk(4,-10) hash=3c18b57bac330d6b dh=7184288e75e7f88d nz=30945
[16:45:03] [Worker-Main-1/INFO] (Minecraft) [STDOUT]: [WG-CONTENT] chunk(3,1) hash=d62517d1865f24d4 nz=32512
[16:45:03] [Worker-Main-4/INFO] (Minecraft) [STDOUT]: [WG-CONTENT] chunk(3,-7) hash=ec32d5ed42447ad nz=32512
[16:45:03] [Worker-Main-9/INFO] (Minecraft) [STDOUT]: [Mixin] buildSurface skipped chunk(2,0)
[16:45:03] [Worker-Main-1/INFO] (Minecraft) [STDOUT]: [WG-CONTENT-WB] chunk(3,1) hash=1c4a780982a07402 dh=ae448fd1b1ea102e nz=32512
[16:45:03] [Worker-Main-4/INFO] (Minecraft) [STDOUT]: [WG-CONTENT-WB] chunk(3,-7) hash=36290a62c72e672d dh=32f48b6df6df3168 nz=32512
[16:45:03] [Worker-Main-17/INFO] (Minecraft) [STDOUT]: [WG-CONTENT] chunk(3,-12) hash=ff2a88bfea51af6e nz=32487
[16:45:03] [Worker-Main-9/INFO] (Minecraft) [STDOUT]: [Mixin] buildSurface skipped chunk(2,1)
[16:45:03] [Worker-Main-17/INFO] (Minecraft) [STDOUT]: [WG-CONTENT-WB] chunk(3,-12) hash=f51817f68a6f5303 dh=7e68067f86ac628e nz=32487
[16:45:03] [Worker-Main-7/INFO] (Minecraft) [STDOUT]: [Mixin] buildSurface skipped chunk(3,-8)
[16:45:03] [Worker-Main-7/INFO] (Minecraft) [STDOUT]: [Mixin] buildSurface skipped chunk(3,-7)
[16:45:03] [Worker-Main-7/INFO] (Minecraft) [STDOUT]: [Mixin] buildSurface skipped chunk(3,-6)
[16:45:03] [Worker-Main-7/INFO] (Minecraft) [STDOUT]: [Mixin] buildSurface skipped chunk(3,-5)
[16:45:03] [Worker-Main-7/INFO] (Minecraft) [STDOUT]: [Mixin] buildSurface skipped chunk(3,-4)
[16:45:03] [Worker-Main-5/INFO] (Minecraft) [STDOUT]: [WG-CONTENT] chunk(4,-12) hash=4fe2d061ff844675 nz=31608
[16:45:03] [Worker-Main-11/INFO] (Minecraft) [STDOUT]: [WG-CONTENT] chunk(4,-13) hash=3535788676ab0ee5 nz=32512
[16:45:03] [Worker-Main-16/INFO] (Minecraft) [STDOUT]: [WG-CONTENT] chunk(4,-7) hash=d521ae72e862bbf0 nz=32464
[16:45:03] [Worker-Main-5/INFO] (Minecraft) [STDOUT]: [WG-CONTENT-WB] chunk(4,-12) hash=85e94c6c28428cf1 dh=cd5948087f8eb068 nz=31608
[16:45:03] [Worker-Main-11/INFO] (Minecraft) [STDOUT]: [WG-CONTENT-WB] chunk(4,-13) hash=fc48c25cb29525d1 dh=b50ff68687da79ad nz=32512
[16:45:03] [Worker-Main-16/INFO] (Minecraft) [STDOUT]: [WG-CONTENT-WB] chunk(4,-7) hash=587aa4b23c0179e2 dh=79a42d77ae54db1b nz=32464
[16:45:03] [Worker-Main-5/INFO] (Minecraft) [STDOUT]: [Mixin] buildSurface skipped chunk(3,-13)
[16:45:03] [Worker-Main-5/INFO] (Minecraft) [STDOUT]: [Mixin] buildSurface skipped chunk(3,-12)
[16:45:03] [Worker-Main-5/INFO] (Minecraft) [STDOUT]: [Mixin] buildSurface skipped chunk(3,-11)
[16:45:03] [Worker-Main-5/INFO] (Minecraft) [STDOUT]: [Mixin] buildSurface skipped chunk(3,-10)
[16:45:03] [Worker-Main-5/INFO] (Minecraft) [STDOUT]: [Mixin] buildSurface skipped chunk(3,-9)
[16:45:03] [Worker-Main-7/INFO] (Minecraft) [STDOUT]: [Mixin] buildSurface skipped chunk(3,-3)
[16:45:03] [Worker-Main-7/INFO] (Minecraft) [STDOUT]: [Mixin] buildSurface skipped chunk(3,-2)
[16:45:03] [Worker-Main-7/INFO] (Minecraft) [STDOUT]: [Mixin] buildSurface skipped chunk(3,-1)
[16:45:03] [Worker-Main-19/INFO] (Minecraft) [STDOUT]: [Mixin] populateNoise intercepted chunk(4,-6)
[16:45:03] [Worker-Main-19/INFO] (Minecraft) [STDOUT]: [Mixin] populateNoise intercepted chunk(4,-5)
[16:45:03] [Worker-Main-19/INFO] (Minecraft) [STDOUT]: [Mixin] populateNoise intercepted chunk(4,-4)
[16:45:03] [Worker-Main-10/INFO] (Minecraft) [STDOUT]: [Mixin] populateNoise intercepted chunk(4,-3)
[16:45:03] [Worker-Main-10/INFO] (Minecraft) [STDOUT]: [Mixin] populateNoise intercepted chunk(4,-2)
[16:45:03] [Worker-Main-10/INFO] (Minecraft) [STDOUT]: [Mixin] populateNoise intercepted chunk(4,-1)
[16:45:03] [Worker-Main-10/INFO] (Minecraft) [STDOUT]: [Mixin] populateNoise intercepted chunk(4,0)
[16:45:03] [Worker-Main-22/INFO] (Minecraft) [STDOUT]: [Mixin] populateNoise intercepted chunk(4,1)
[16:45:03] [Worker-Main-16/INFO] (Minecraft) [STDOUT]: [Mixin] buildSurface skipped chunk(4,-13)
[16:45:03] [Worker-Main-16/INFO] (Minecraft) [STDOUT]: [Mixin] buildSurface skipped chunk(4,-12)
[16:45:03] [Worker-Main-16/INFO] (Minecraft) [STDOUT]: [Mixin] buildSurface skipped chunk(4,-11)
[16:45:03] [Worker-Main-16/INFO] (Minecraft) [STDOUT]: [Mixin] buildSurface skipped chunk(4,-10)
[16:45:03] [Worker-Main-16/INFO] (Minecraft) [STDOUT]: [Mixin] buildSurface skipped chunk(4,-9)
[16:45:03] [Worker-Main-7/INFO] (Minecraft) [STDOUT]: [Mixin] buildSurface skipped chunk(3,0)
[16:45:03] [Worker-Main-5/INFO] (Minecraft) [STDOUT]: [Mixin] buildSurface skipped chunk(4,-8)
[16:45:03] [Worker-Main-2/INFO] (Minecraft) [STDOUT]: [Mixin] populateNoise intercepted chunk(5,-13)
[16:45:03] [Worker-Main-2/INFO] (Minecraft) [STDOUT]: [Mixin] populateNoise intercepted chunk(5,-12)
[16:45:03] [Worker-Main-2/INFO] (Minecraft) [STDOUT]: [Mixin] populateNoise intercepted chunk(5,-11)
[16:45:03] [Worker-Main-2/INFO] (Minecraft) [STDOUT]: [Mixin] populateNoise intercepted chunk(5,-10)
[16:45:03] [Worker-Main-2/INFO] (Minecraft) [STDOUT]: [Mixin] populateNoise intercepted chunk(5,-9)
[16:45:03] [Worker-Main-3/INFO] (Minecraft) [STDOUT]: [Mixin] buildSurface skipped chunk(3,1)
[16:45:03] [Worker-Main-12/INFO] (Minecraft) [STDOUT]: [Mixin] buildSurface skipped chunk(4,-7)
[16:45:03] [Worker-Main-19/INFO] (Minecraft) [STDOUT]: [WG-CONTENT] chunk(4,-4) hash=ed16e3a9d17354b5 nz=32512
[16:45:03] [Worker-Main-18/INFO] (Minecraft) [STDOUT]: [WG-CONTENT] chunk(4,-5) hash=88281de5942a98e0 nz=32512
[16:45:03] [Worker-Main-14/INFO] (Minecraft) [STDOUT]: [WG-CONTENT] chunk(4,-6) hash=c52b5482f6ac1b55 nz=32282
[16:45:03] [Worker-Main-20/INFO] (Minecraft) [STDOUT]: [WG-CONTENT] chunk(4,-2) hash=20189c9e4328818c nz=32512
[16:45:03] [Worker-Main-19/INFO] (Minecraft) [STDOUT]: [WG-CONTENT-WB] chunk(4,-4) hash=2816126579ae9b95 dh=290272894496019b nz=32512
[16:45:03] [Worker-Main-23/INFO] (Minecraft) [STDOUT]: [Mixin] populateNoise intercepted chunk(5,-7)
[16:45:03] [Worker-Main-23/INFO] (Minecraft) [STDOUT]: [Mixin] populateNoise intercepted chunk(5,-6)
[16:45:03] [Worker-Main-23/INFO] (Minecraft) [STDOUT]: [Mixin] populateNoise intercepted chunk(5,-5)
[16:45:03] [Worker-Main-23/INFO] (Minecraft) [STDOUT]: [Mixin] populateNoise intercepted chunk(5,-4)
[16:45:03] [Worker-Main-23/INFO] (Minecraft) [STDOUT]: [Mixin] populateNoise intercepted chunk(5,-3)
[16:45:03] [Worker-Main-23/INFO] (Minecraft) [STDOUT]: [Mixin] populateNoise intercepted chunk(5,-2)
[16:45:03] [Worker-Main-23/INFO] (Minecraft) [STDOUT]: [Mixin] populateNoise intercepted chunk(5,-8)
[16:45:03] [Worker-Main-18/INFO] (Minecraft) [STDOUT]: [WG-CONTENT-WB] chunk(4,-5) hash=60b76b46269fd321 dh=ec2ee3e32eb98e0f nz=32512
[16:45:03] [Worker-Main-14/INFO] (Minecraft) [STDOUT]: [WG-CONTENT-WB] chunk(4,-6) hash=d1c860356f9ce24d dh=c09ff7191f7d9478 nz=32282
[16:45:03] [Worker-Main-17/INFO] (Minecraft) [STDOUT]: [WG-CONTENT] chunk(4,-3) hash=1c9e0fb912a72c61 nz=32511
[16:45:03] [Worker-Main-6/INFO] (Minecraft) [STDOUT]: [WG-CONTENT] chunk(4,-1) hash=516e2d20ba489a7f nz=32512
[16:45:03] [Worker-Main-20/INFO] (Minecraft) [STDOUT]: [WG-CONTENT-WB] chunk(4,-2) hash=1ad9e289feb1ef92 dh=c0a52c737a70d926 nz=32512
[16:45:03] [Worker-Main-13/INFO] (Minecraft) [STDOUT]: [Mixin] buildSurface skipped chunk(4,-6)
[16:45:03] [Worker-Main-13/INFO] (Minecraft) [STDOUT]: [Mixin] buildSurface skipped chunk(4,-5)
[16:45:03] [Worker-Main-13/INFO] (Minecraft) [STDOUT]: [Mixin] buildSurface skipped chunk(4,-4)
[16:45:03] [Worker-Main-17/INFO] (Minecraft) [STDOUT]: [WG-CONTENT-WB] chunk(4,-3) hash=1747d7b6d2a85b0f dh=9937de3749329eca nz=32511
[16:45:03] [Worker-Main-6/INFO] (Minecraft) [STDOUT]: [WG-CONTENT-WB] chunk(4,-1) hash=b37761812364fdf4 dh=d672bb67bb95c16 nz=32512
[16:45:03] [Worker-Main-10/INFO] (Minecraft) [STDOUT]: [WG-CONTENT] chunk(4,0) hash=39704baf63702fcc nz=31569
[16:45:03] [Worker-Main-10/INFO] (Minecraft) [STDOUT]: [WG-CONTENT-WB] chunk(4,0) hash=52b5307212821504 dh=343439de9786fbf6 nz=31569
[16:45:03] [Worker-Main-22/INFO] (Minecraft) [STDOUT]: [WG-CONTENT] chunk(4,1) hash=fe6cec6e705afd24 nz=31560
[16:45:03] [Worker-Main-22/INFO] (Minecraft) [STDOUT]: [WG-CONTENT-WB] chunk(4,1) hash=d8ebf760320100f6 dh=46e5fb148d49fdfa nz=31560
[16:45:03] [Worker-Main-7/INFO] (Minecraft) [STDOUT]: [WG-CONTENT] chunk(5,-13) hash=f0cbfc9c8bcd14d7 nz=32512
[16:45:03] [Worker-Main-5/INFO] (Minecraft) [STDOUT]: [WG-CONTENT] chunk(5,-10) hash=88711796055d5a95 nz=30076
[16:45:03] [Worker-Main-4/INFO] (Minecraft) [STDOUT]: [WG-CONTENT] chunk(5,-12) hash=f5b879763bb5b6a6 nz=31481
[16:45:03] [Worker-Main-2/INFO] (Minecraft) [STDOUT]: [WG-CONTENT] chunk(5,-9) hash=f1cc5eaee912daad nz=31312
[16:45:03] [Worker-Main-7/INFO] (Minecraft) [STDOUT]: [WG-CONTENT-WB] chunk(5,-13) hash=9660e11613dfa5de dh=9a1a33260b14cf66 nz=32512
[16:45:03] [Worker-Main-14/INFO] (Minecraft) [STDOUT]: [Mixin] populateNoise intercepted chunk(5,-1)
[16:45:03] [Worker-Main-15/INFO] (Minecraft) [STDOUT]: [WG-CONTENT] chunk(5,-11) hash=96f904da21f89c84 nz=29366
[16:45:03] [Worker-Main-22/INFO] (Minecraft) [STDOUT]: [Mixin] populateNoise intercepted chunk(5,0)
[16:45:03] [Worker-Main-10/INFO] (Minecraft) [STDOUT]: [Mixin] populateNoise intercepted chunk(5,1)
[16:45:03] [Worker-Main-6/INFO] (Minecraft) [STDOUT]: [Mixin] buildSurface skipped chunk(4,-3)
[16:45:03] [Worker-Main-6/INFO] (Minecraft) [STDOUT]: [Mixin] buildSurface skipped chunk(4,-2)
[16:45:03] [Worker-Main-4/INFO] (Minecraft) [STDOUT]: [WG-CONTENT-WB] chunk(5,-12) hash=82541be79d8863b7 dh=64e03f7b71762824 nz=31481
[16:45:03] [Worker-Main-2/INFO] (Minecraft) [STDOUT]: [WG-CONTENT-WB] chunk(5,-9) hash=266edef7d05553b5 dh=20210cb0c944c16e nz=31312
[16:45:03] [Worker-Main-5/INFO] (Minecraft) [STDOUT]: [WG-CONTENT-WB] chunk(5,-10) hash=f5fc21111954a4d dh=bb7d90f35350fd18 nz=30076
[16:45:03] [Worker-Main-15/INFO] (Minecraft) [STDOUT]: [WG-CONTENT-WB] chunk(5,-11) hash=9a6fd782b000b3d2 dh=578b8fcb9d192a5a nz=29366
[16:45:03] [Worker-Main-21/INFO] (Minecraft) [STDOUT]: [WG-CONTENT] chunk(5,-5) hash=d1d256a6fd442987 nz=32512
[16:45:03] [Worker-Main-19/INFO] (Minecraft) [STDOUT]: [WG-CONTENT] chunk(5,-6) hash=ac4dc3b83e812372 nz=31936
[16:45:03] [Worker-Main-8/INFO] (Minecraft) [STDOUT]: [WG-CONTENT] chunk(5,-4) hash=981cb254040335ab nz=32512
[16:45:03] [Worker-Main-11/INFO] (Minecraft) [STDOUT]: [WG-CONTENT] chunk(5,-3) hash=e5c6439ace4cee9b nz=32184
[16:45:03] [Worker-Main-21/INFO] (Minecraft) [STDOUT]: [WG-CONTENT-WB] chunk(5,-5) hash=e5b8587666c63f36 dh=c5f41d19a3f7f532 nz=32512
[16:45:03] [Worker-Main-5/INFO] (Minecraft) [STDOUT]: [Mixin] populateNoise intercepted chunk(6,-13)
[16:45:03] [Worker-Main-5/INFO] (Minecraft) [STDOUT]: [Mixin] populateNoise intercepted chunk(6,-12)
[16:45:03] [Worker-Main-19/INFO] (Minecraft) [STDOUT]: [WG-CONTENT-WB] chunk(5,-6) hash=42f447630e7766b7 dh=912913ce1b80cab8 nz=31936
[16:45:03] [Worker-Main-5/INFO] (Minecraft) [STDOUT]: [Mixin] populateNoise intercepted chunk(6,-11)
[16:45:03] [Worker-Main-5/INFO] (Minecraft) [STDOUT]: [Mixin] populateNoise intercepted chunk(6,-10)
[16:45:03] [Worker-Main-5/INFO] (Minecraft) [STDOUT]: [Mixin] populateNoise intercepted chunk(6,-9)
[16:45:03] [Worker-Main-7/INFO] (Minecraft) [STDOUT]: [Mixin] buildSurface skipped chunk(4,-1)
[16:45:03] [Worker-Main-8/INFO] (Minecraft) [STDOUT]: [WG-CONTENT-WB] chunk(5,-4) hash=dcc04ae8a146bcbb dh=9d68e856ecce1e92 nz=32512
[16:45:03] [Worker-Main-12/INFO] (Minecraft) [STDOUT]: [WG-CONTENT] chunk(5,-2) hash=7e85d2548f5cc0a7 nz=32411
[16:45:03] [Worker-Main-11/INFO] (Minecraft) [STDOUT]: [WG-CONTENT-WB] chunk(5,-3) hash=b1f6cac0c405c212 dh=38a9fc505b5ede2e nz=32184
[16:45:03] [Worker-Main-23/INFO] (Minecraft) [STDOUT]: [WG-CONTENT] chunk(5,-8) hash=63dd15a477f8b8f7 nz=32512
[16:45:03] [Worker-Main-3/INFO] (Minecraft) [STDOUT]: [WG-CONTENT] chunk(5,-7) hash=ac892f3f38dd4087 nz=32158
[16:45:03] [Worker-Main-12/INFO] (Minecraft) [STDOUT]: [WG-CONTENT-WB] chunk(5,-2) hash=a4ff62f958806d9c dh=66185cce885c9dba nz=32411
[16:45:03] [Worker-Main-15/INFO] (Minecraft) [STDOUT]: [Mixin] populateNoise intercepted chunk(6,-8)
[16:45:03] [Worker-Main-1/INFO] (Minecraft) [STDOUT]: [Mixin] populateNoise intercepted chunk(6,-7)
[16:45:03] [Worker-Main-15/INFO] (Minecraft) [STDOUT]: [Mixin] populateNoise intercepted chunk(6,-6)
[16:45:03] [Worker-Main-15/INFO] (Minecraft) [STDOUT]: [Mixin] populateNoise intercepted chunk(6,-5)
[16:45:03] [Worker-Main-15/INFO] (Minecraft) [STDOUT]: [Mixin] populateNoise intercepted chunk(6,-4)
[16:45:03] [Worker-Main-17/INFO] (Minecraft) [STDOUT]: [Mixin] buildSurface skipped chunk(4,0)
[16:45:03] [Worker-Main-23/INFO] (Minecraft) [STDOUT]: [WG-CONTENT-WB] chunk(5,-8) hash=e3d92ede363176f6 dh=83857607726b8d5a nz=32512
[16:45:03] [Worker-Main-3/INFO] (Minecraft) [STDOUT]: [WG-CONTENT-WB] chunk(5,-7) hash=dc0c7ddb5981e74a dh=5eb77c81865d9fb nz=32158
[16:45:03] [Worker-Main-13/INFO] (Minecraft) [STDOUT]: [Mixin] buildSurface skipped chunk(4,1)
[16:45:03] [Worker-Main-13/INFO] (Minecraft) [STDOUT]: [Mixin] populateNoise intercepted chunk(6,-3)
[16:45:03] [Worker-Main-13/INFO] (Minecraft) [STDOUT]: [Mixin] populateNoise intercepted chunk(6,-2)
[16:45:03] [Worker-Main-21/INFO] (Minecraft) [STDOUT]: [Mixin] populateNoise intercepted chunk(6,-1)
[16:45:03] [Worker-Main-20/INFO] (Minecraft) [STDOUT]: [Mixin] populateNoise intercepted chunk(6,0)
[16:45:03] [Worker-Main-21/INFO] (Minecraft) [STDOUT]: [Mixin] populateNoise intercepted chunk(6,1)
[16:45:03] [Worker-Main-18/INFO] (Minecraft) [STDOUT]: [Mixin] populateNoise intercepted chunk(7,-12)
[16:45:03] [Worker-Main-18/INFO] (Minecraft) [STDOUT]: [Mixin] populateNoise intercepted chunk(7,-11)
[16:45:03] [Worker-Main-18/INFO] (Minecraft) [STDOUT]: [Mixin] populateNoise intercepted chunk(7,-10)
[16:45:03] [Worker-Main-18/INFO] (Minecraft) [STDOUT]: [Mixin] populateNoise intercepted chunk(7,-9)
[16:45:03] [Worker-Main-18/INFO] (Minecraft) [STDOUT]: [Mixin] populateNoise intercepted chunk(7,-8)
[16:45:03] [Worker-Main-14/INFO] (Minecraft) [STDOUT]: [WG-CONTENT] chunk(5,-1) hash=f0eefd4211a6c742 nz=32229
[16:45:03] [Worker-Main-14/INFO] (Minecraft) [STDOUT]: [WG-CONTENT-WB] chunk(5,-1) hash=6d83375f65c22d0b dh=f8627350f091f812 nz=32229
[16:45:03] [Worker-Main-14/INFO] (Minecraft) [STDOUT]: [Mixin] populateNoise intercepted chunk(7,-13)
[16:45:03] [Worker-Main-6/INFO] (Minecraft) [STDOUT]: [WG-CONTENT] chunk(6,-12) hash=f87a469bad5532ae nz=32512
[16:45:03] [Worker-Main-2/INFO] (Minecraft) [STDOUT]: [WG-CONTENT] chunk(6,-13) hash=5c0f49c2f8cab4b7 nz=32512
[16:45:03] [Worker-Main-22/INFO] (Minecraft) [STDOUT]: [WG-CONTENT] chunk(5,0) hash=f8d150602798eba6 nz=31327
[16:45:03] [Worker-Main-5/INFO] (Minecraft) [STDOUT]: [WG-CONTENT] chunk(6,-9) hash=1b90aa6427c0cba7 nz=31150
[16:45:03] [Worker-Main-4/INFO] (Minecraft) [STDOUT]: [WG-CONTENT] chunk(6,-11) hash=b3b77794119d0c24 nz=32507
[16:45:03] [Worker-Main-19/INFO] (Minecraft) [STDOUT]: [WG-CONTENT] chunk(6,-10) hash=4bdacb528ebc3e54 nz=31740
[16:45:03] [Worker-Main-10/INFO] (Minecraft) [STDOUT]: [WG-CONTENT] chunk(5,1) hash=67c5ec8498b00db7 nz=30249
[16:45:03] [Worker-Main-6/INFO] (Minecraft) [STDOUT]: [WG-CONTENT-WB] chunk(6,-12) hash=87adce93b24eb6b1 dh=e5a56c7ad3bdaea2 nz=32512
[16:45:03] [Worker-Main-6/INFO] (Minecraft) [STDOUT]: [Mixin] buildSurface skipped chunk(5,-13)
[16:45:03] [Worker-Main-6/INFO] (Minecraft) [STDOUT]: [Mixin] buildSurface skipped chunk(5,-12)
[16:45:03] [Worker-Main-6/INFO] (Minecraft) [STDOUT]: [Mixin] buildSurface skipped chunk(5,-11)
[16:45:03] [Worker-Main-6/INFO] (Minecraft) [STDOUT]: [Mixin] buildSurface skipped chunk(5,-10)
[16:45:03] [Worker-Main-6/INFO] (Minecraft) [STDOUT]: [Mixin] buildSurface skipped chunk(5,-9)
[16:45:03] [Worker-Main-22/INFO] (Minecraft) [STDOUT]: [WG-CONTENT-WB] chunk(5,0) hash=38df5943f24062eb dh=bae10dd97af31511 nz=31327
[16:45:03] [Worker-Main-2/INFO] (Minecraft) [STDOUT]: [WG-CONTENT-WB] chunk(6,-13) hash=8cbcbffd39278df5 dh=34b6289846639ea1 nz=32512
[16:45:03] [Worker-Main-4/INFO] (Minecraft) [STDOUT]: [WG-CONTENT-WB] chunk(6,-11) hash=b01f23aa40683990 dh=45ef460eeac1bd91 nz=32507
[16:45:03] [Worker-Main-12/INFO] (Minecraft) [STDOUT]: [WG-CONTENT] chunk(6,-8) hash=4e5064224d52451c nz=32512
[16:45:03] [Worker-Main-5/INFO] (Minecraft) [STDOUT]: [WG-CONTENT-WB] chunk(6,-9) hash=94fe4a7522c78c2 dh=686d2ffaff7972ae nz=31150
[16:45:03] [Worker-Main-7/INFO] (Minecraft) [STDOUT]: [WG-CONTENT] chunk(6,-7) hash=73c3dcf2aa842614 nz=32508
[16:45:03] [Worker-Main-19/INFO] (Minecraft) [STDOUT]: [WG-CONTENT-WB] chunk(6,-10) hash=d457b81278165176 dh=5b6915481075d29e nz=31740
[16:45:03] [Worker-Main-11/INFO] (Minecraft) [STDOUT]: [WG-CONTENT] chunk(6,-6) hash=663dc4ccecc4915d nz=30174
[16:45:03] [Worker-Main-10/INFO] (Minecraft) [STDOUT]: [WG-CONTENT-WB] chunk(5,1) hash=9eee99086d0c2904 dh=506d9938471c179b nz=30249
[16:45:03] [Worker-Main-15/INFO] (Minecraft) [STDOUT]: [WG-CONTENT] chunk(6,-4) hash=dfbd75b339476df6 nz=32509
[16:45:03] [Worker-Main-12/INFO] (Minecraft) [STDOUT]: [WG-CONTENT-WB] chunk(6,-8) hash=b54830a820b6c9a dh=93c84386ca9af491 nz=32512
[16:45:03] [Worker-Main-7/INFO] (Minecraft) [STDOUT]: [WG-CONTENT-WB] chunk(6,-7) hash=c908fa62c40f400b dh=2084bd38b3f6e079 nz=32508
[16:45:03] [Worker-Main-11/INFO] (Minecraft) [STDOUT]: [WG-CONTENT-WB] chunk(6,-6) hash=a969c621b7d7dd6e dh=c7f5313c075efb48 nz=30174
[16:45:03] [Worker-Main-1/INFO] (Minecraft) [STDOUT]: [WG-CONTENT] chunk(6,-5) hash=77e56aea6b64ff6 nz=32410
[16:45:03] [Worker-Main-15/INFO] (Minecraft) [STDOUT]: [WG-CONTENT-WB] chunk(6,-4) hash=18250f00db17e509 dh=4c1b255de906da6b nz=32509
[16:45:03] [Worker-Main-11/INFO] (Minecraft) [STDOUT]: [Mixin] buildSurface skipped chunk(5,-8)
[16:45:03] [Worker-Main-11/INFO] (Minecraft) [STDOUT]: [Mixin] buildSurface skipped chunk(5,-7)
[16:45:03] [Worker-Main-11/INFO] (Minecraft) [STDOUT]: [Mixin] buildSurface skipped chunk(5,-6)
[16:45:03] [Worker-Main-11/INFO] (Minecraft) [STDOUT]: [Mixin] buildSurface skipped chunk(5,-5)
[16:45:03] [Worker-Main-13/INFO] (Minecraft) [STDOUT]: [WG-CONTENT] chunk(6,-2) hash=4893eaace5f8c52e nz=32110
[16:45:03] [Worker-Main-9/INFO] (Minecraft) [STDOUT]: [WG-CONTENT] chunk(6,-3) hash=ee9d2ac6a656d00c nz=32173
[16:45:03] [Worker-Main-17/INFO] (Minecraft) [STDOUT]: [WG-CONTENT] chunk(6,-1) hash=5f7ba9e5dbdad848 nz=32283
[16:45:03] [Worker-Main-1/INFO] (Minecraft) [STDOUT]: [WG-CONTENT-WB] chunk(6,-5) hash=218ea16777b3452f dh=92aeb7cf1d71f500 nz=32410
[16:45:03] [Worker-Main-18/INFO] (Minecraft) [STDOUT]: [WG-CONTENT] chunk(7,-12) hash=2ed90f3a9e96ab6e nz=32512
[16:45:03] [Worker-Main-8/INFO] (Minecraft) [STDOUT]: [WG-CONTENT] chunk(7,-10) hash=4047de2a8fdd98e4 nz=32503
[16:45:03] [Worker-Main-13/INFO] (Minecraft) [STDOUT]: [WG-CONTENT-WB] chunk(6,-2) hash=cbd9c7684428a42b dh=6dcb9559090cb5f2 nz=32110
[16:45:03] [Worker-Main-16/INFO] (Minecraft) [STDOUT]: [WG-CONTENT] chunk(7,-11) hash=69d281f5b4112475 nz=32512
[16:45:03] [Worker-Main-9/INFO] (Minecraft) [STDOUT]: [WG-CONTENT-WB] chunk(6,-3) hash=24ce3cad2f7c51b8 dh=a22a669391fada85 nz=32173
[16:45:03] [Worker-Main-17/INFO] (Minecraft) [STDOUT]: [WG-CONTENT-WB] chunk(6,-1) hash=c1c7b98975cd2f28 dh=5a08af1066ec9bc nz=32283
[16:45:03] [Worker-Main-8/INFO] (Minecraft) [STDOUT]: [WG-CONTENT-WB] chunk(7,-10) hash=8bdea4cb0b38d2a0 dh=2b06ab5e8011484e nz=32503
[16:45:03] [Worker-Main-18/INFO] (Minecraft) [STDOUT]: [WG-CONTENT-WB] chunk(7,-12) hash=2f158156d11297a9 dh=f09ccc9eb45b9f26 nz=32512
[16:45:03] [Worker-Main-20/INFO] (Minecraft) [STDOUT]: [WG-CONTENT] chunk(6,0) hash=63e1982e15bc7096 nz=32511
[16:45:03] [Worker-Main-23/INFO] (Minecraft) [STDOUT]: [WG-CONTENT] chunk(7,-9) hash=72ea8b5e304ca13a nz=32496
[16:45:03] [Worker-Main-16/INFO] (Minecraft) [STDOUT]: [WG-CONTENT-WB] chunk(7,-11) hash=82eb5fe62a703183 dh=98159466f5a4f4ab nz=32512
[16:45:03] [Worker-Main-16/INFO] (Minecraft) [STDOUT]: [Mixin] buildSurface skipped chunk(5,-4)
[16:45:03] [Worker-Main-3/INFO] (Minecraft) [STDOUT]: [WG-CONTENT] chunk(7,-8) hash=ce3a2852eb656b05 nz=32512
[16:45:03] [Worker-Main-21/INFO] (Minecraft) [STDOUT]: [WG-CONTENT] chunk(6,1) hash=d22ccc8f92376f0d nz=32510
[16:45:03] [Worker-Main-20/INFO] (Minecraft) [STDOUT]: [WG-CONTENT-WB] chunk(6,0) hash=86b24ff60d9ebc0f dh=ef5e496dcdf23dbe nz=32511
[16:45:03] [Worker-Main-23/INFO] (Minecraft) [STDOUT]: [WG-CONTENT-WB] chunk(7,-9) hash=34bf688dcf31032d dh=35c19135d4beda5 nz=32496
[16:45:03] [Worker-Main-3/INFO] (Minecraft) [STDOUT]: [WG-CONTENT-WB] chunk(7,-8) hash=96d3b4971ecfbf25 dh=f22e60a8a670cf21 nz=32512
[16:45:03] [Worker-Main-21/INFO] (Minecraft) [STDOUT]: [WG-CONTENT-WB] chunk(6,1) hash=df3a3a7af2b55d1d dh=841dfe77dd5c7ba6 nz=32510
[16:45:03] [Worker-Main-14/INFO] (Minecraft) [STDOUT]: [WG-CONTENT] chunk(7,-13) hash=ad4e79b0eba1ee25 nz=32512
[16:45:03] [Worker-Main-14/INFO] (Minecraft) [STDOUT]: [WG-CONTENT-WB] chunk(7,-13) hash=ee0cba1d88b3719 dh=541e5ad91c4446fb nz=32512
[16:45:03] [Worker-Main-8/INFO] (Minecraft) [STDOUT]: [Mixin] buildSurface skipped chunk(5,-3)
[16:45:03] [Worker-Main-14/INFO] (Minecraft) [STDOUT]: [Mixin] buildSurface skipped chunk(5,-2)
[16:45:03] [Worker-Main-14/INFO] (Minecraft) [STDOUT]: [Mixin] populateNoise intercepted chunk(7,-7)
[16:45:03] [Worker-Main-14/INFO] (Minecraft) [STDOUT]: [Mixin] populateNoise intercepted chunk(7,-6)
[16:45:03] [Worker-Main-14/INFO] (Minecraft) [STDOUT]: [Mixin] populateNoise intercepted chunk(7,-5)
[16:45:03] [Worker-Main-14/INFO] (Minecraft) [STDOUT]: [Mixin] populateNoise intercepted chunk(7,-4)
[16:45:03] [Worker-Main-4/INFO] (Minecraft) [STDOUT]: [Mixin] buildSurface skipped chunk(5,-1)
[16:45:03] [Worker-Main-4/INFO] (Minecraft) [STDOUT]: [Mixin] buildSurface skipped chunk(5,0)
[16:45:03] [Worker-Main-4/INFO] (Minecraft) [STDOUT]: [Mixin] buildSurface skipped chunk(6,-13)
[16:45:03] [Worker-Main-4/INFO] (Minecraft) [STDOUT]: [Mixin] buildSurface skipped chunk(6,-12)
[16:45:03] [Worker-Main-4/INFO] (Minecraft) [STDOUT]: [Mixin] buildSurface skipped chunk(6,-11)
[16:45:03] [Worker-Main-4/INFO] (Minecraft) [STDOUT]: [Mixin] buildSurface skipped chunk(6,-10)
[16:45:03] [Worker-Main-4/INFO] (Minecraft) [STDOUT]: [Mixin] buildSurface skipped chunk(6,-9)
[16:45:03] [Worker-Main-3/INFO] (Minecraft) [STDOUT]: [Mixin] buildSurface skipped chunk(5,1)
[16:45:03] [Worker-Main-3/INFO] (Minecraft) [STDOUT]: [Mixin] buildSurface skipped chunk(6,-8)
[16:45:03] [Worker-Main-4/INFO] (Minecraft) [STDOUT]: [Mixin] buildSurface skipped chunk(6,-7)
[16:45:03] [Worker-Main-4/INFO] (Minecraft) [STDOUT]: [Mixin] buildSurface skipped chunk(6,-6)
[16:45:03] [Worker-Main-13/INFO] (Minecraft) [STDOUT]: [WG-CONTENT] chunk(7,-7) hash=62ce83b3e6a110ca nz=32512
[16:45:03] [Worker-Main-14/INFO] (Minecraft) [STDOUT]: [WG-CONTENT] chunk(7,-4) hash=b820efecedac941f nz=32503
[16:45:03] [Worker-Main-4/INFO] (Minecraft) [STDOUT]: [Mixin] buildSurface skipped chunk(6,-5)
[16:45:03] [Worker-Main-4/INFO] (Minecraft) [STDOUT]: [Mixin] buildSurface skipped chunk(6,-4)
[16:45:03] [Worker-Main-22/INFO] (Minecraft) [STDOUT]: [WG-CONTENT] chunk(7,-5) hash=8885df4343823e2d nz=31742
[16:45:03] [Worker-Main-18/INFO] (Minecraft) [STDOUT]: [WG-CONTENT] chunk(7,-6) hash=d956b615887ae628 nz=32029
[16:45:03] [Worker-Main-14/INFO] (Minecraft) [STDOUT]: [WG-CONTENT-WB] chunk(7,-4) hash=46d917e94d92e4eb dh=e19984fecfa7b5ae nz=32503
[16:45:03] [Worker-Main-13/INFO] (Minecraft) [STDOUT]: [WG-CONTENT-WB] chunk(7,-7) hash=5ecceb7178079a98 dh=dc8fd0dc7e145fcb nz=32512
[16:45:03] [Worker-Main-22/INFO] (Minecraft) [STDOUT]: [WG-CONTENT-WB] chunk(7,-5) hash=6e7232cfaf5bb47f dh=b614835ae44ba064 nz=31742
[16:45:03] [Worker-Main-18/INFO] (Minecraft) [STDOUT]: [WG-CONTENT-WB] chunk(7,-6) hash=4cc03d2229469075 dh=c7f6af4fd429bbf3 nz=32029
[16:45:03] [Worker-Main-23/INFO] (Minecraft) [STDOUT]: [Mixin] buildSurface skipped chunk(6,-3)
[16:45:03] [Worker-Main-23/INFO] (Minecraft) [STDOUT]: [Mixin] buildSurface skipped chunk(6,-2)
[16:45:03] [Worker-Main-23/INFO] (Minecraft) [STDOUT]: [Mixin] buildSurface skipped chunk(6,-1)
[16:45:03] [Worker-Main-22/INFO] (Minecraft) [STDOUT]: [Mixin] buildSurface skipped chunk(6,0)
[16:45:03] [Worker-Main-22/INFO] (Minecraft) [STDOUT]: [Mixin] buildSurface skipped chunk(7,-13)
[16:45:03] [Worker-Main-22/INFO] (Minecraft) [STDOUT]: [Mixin] buildSurface skipped chunk(7,-12)
[16:45:03] [Worker-Main-22/INFO] (Minecraft) [STDOUT]: [Mixin] buildSurface skipped chunk(7,-11)
[16:45:03] [Worker-Main-22/INFO] (Minecraft) [STDOUT]: [Mixin] buildSurface skipped chunk(7,-10)
[16:45:03] [Worker-Main-22/INFO] (Minecraft) [STDOUT]: [Mixin] buildSurface skipped chunk(7,-9)
[16:45:03] [Worker-Main-3/INFO] (Minecraft) [STDOUT]: [Mixin] buildSurface skipped chunk(7,-8)
[16:45:03] [Worker-Main-3/INFO] (Minecraft) [STDOUT]: [Mixin] buildSurface skipped chunk(6,1)
[16:45:03] [Worker-Main-10/INFO] (Minecraft) [STDOUT]: [Mixin] populateNoise intercepted chunk(7,-3)
[16:45:03] [Worker-Main-7/INFO] (Minecraft) [STDOUT]: [Mixin] populateNoise intercepted chunk(7,-2)
[16:45:03] [Worker-Main-14/INFO] (Minecraft) [STDOUT]: [Mixin] buildSurface skipped chunk(7,-7)
[16:45:03] [Worker-Main-14/INFO] (Minecraft) [STDOUT]: [Mixin] buildSurface skipped chunk(7,-6)
[16:45:03] [Worker-Main-14/INFO] (Minecraft) [STDOUT]: [Mixin] buildSurface skipped chunk(7,-5)
[16:45:03] [Worker-Main-14/INFO] (Minecraft) [STDOUT]: [Mixin] buildSurface skipped chunk(7,-4)
[16:45:04] [Worker-Main-17/INFO] (Minecraft) [STDOUT]: [Mixin] populateNoise intercepted chunk(7,-1)
[16:45:04] [Worker-Main-6/INFO] (Minecraft) [STDOUT]: [Mixin] populateNoise intercepted chunk(7,0)
[16:45:04] [Worker-Main-20/INFO] (Minecraft) [STDOUT]: [Mixin] populateNoise intercepted chunk(7,1)
[16:45:04] [Worker-Main-2/INFO] (Minecraft) [STDOUT]: [Mixin] populateNoise intercepted chunk(8,-12)
[16:45:04] [Worker-Main-2/INFO] (Minecraft) [STDOUT]: [Mixin] populateNoise intercepted chunk(8,-11)
[16:45:04] [Worker-Main-2/INFO] (Minecraft) [STDOUT]: [Mixin] populateNoise intercepted chunk(8,-10)
[16:45:04] [Worker-Main-2/INFO] (Minecraft) [STDOUT]: [Mixin] populateNoise intercepted chunk(8,-9)
[16:45:04] [Worker-Main-2/INFO] (Minecraft) [STDOUT]: [Mixin] populateNoise intercepted chunk(8,-8)
[16:45:04] [Worker-Main-11/INFO] (Minecraft) [STDOUT]: [Mixin] populateNoise intercepted chunk(8,-13)
[16:45:04] [Worker-Main-23/INFO] (Minecraft) [STDOUT]: [Mixin] populateNoise intercepted chunk(8,-7)
[16:45:04] [Worker-Main-14/INFO] (Minecraft) [STDOUT]: [Mixin] populateNoise intercepted chunk(8,-6)
[16:45:04] [Worker-Main-14/INFO] (Minecraft) [STDOUT]: [Mixin] populateNoise intercepted chunk(8,-5)
[16:45:04] [Worker-Main-9/INFO] (Minecraft) [STDOUT]: [Mixin] populateNoise intercepted chunk(8,-4)
[16:45:04] [Worker-Main-18/INFO] (Minecraft) [STDOUT]: [Mixin] populateNoise intercepted chunk(8,-3)
[16:45:04] [Worker-Main-18/INFO] (Minecraft) [STDOUT]: [Mixin] populateNoise intercepted chunk(8,-2)
[16:45:04] [Worker-Main-7/INFO] (Minecraft) [STDOUT]: [WG-CONTENT] chunk(7,-2) hash=791d673534401d64 nz=32039
[16:45:04] [Worker-Main-10/INFO] (Minecraft) [STDOUT]: [WG-CONTENT] chunk(7,-3) hash=eff9ea7a28ed3015 nz=32376
[16:45:04] [Worker-Main-10/INFO] (Minecraft) [STDOUT]: [WG-CONTENT-WB] chunk(7,-3) hash=702bcaaf063a7d79 dh=46ba3ab72a8711f nz=32376
[16:45:04] [Worker-Main-7/INFO] (Minecraft) [STDOUT]: [WG-CONTENT-WB] chunk(7,-2) hash=77493ae005d1c07a dh=a4a79250c4655bfa nz=32039
[16:45:04] [Worker-Main-11/INFO] (Minecraft) [STDOUT]: [WG-CONTENT] chunk(8,-13) hash=7206c869fb81c3d5 nz=32512
[16:45:04] [Worker-Main-5/INFO] (Minecraft) [STDOUT]: [WG-CONTENT] chunk(8,-10) hash=eae4ee2614ac4177 nz=32512
[16:45:04] [Worker-Main-21/INFO] (Minecraft) [STDOUT]: [WG-CONTENT] chunk(8,-11) hash=11356baaec23e522 nz=32512
[16:45:04] [Worker-Main-12/INFO] (Minecraft) [STDOUT]: [WG-CONTENT] chunk(8,-12) hash=c5a02df7b399a07 nz=32512
[16:45:04] [Worker-Main-17/INFO] (Minecraft) [STDOUT]: [WG-CONTENT] chunk(7,-1) hash=e67709183f1b3770 nz=32507
[16:45:04] [Worker-Main-16/INFO] (Minecraft) [STDOUT]: [WG-CONTENT] chunk(8,-9) hash=cad7b718b260aab4 nz=32512
[16:45:04] [Worker-Main-11/INFO] (Minecraft) [STDOUT]: [WG-CONTENT-WB] chunk(8,-13) hash=c419b24a7e325825 dh=73003edbb5925715 nz=32512
[16:45:04] [Worker-Main-5/INFO] (Minecraft) [STDOUT]: [WG-CONTENT-WB] chunk(8,-10) hash=588879df1a42b3ec dh=7f4d9f90f0b1171e nz=32512
[16:45:04] [Worker-Main-21/INFO] (Minecraft) [STDOUT]: [WG-CONTENT-WB] chunk(8,-11) hash=e4f9d9cbbb04a2bb dh=5911ce0d6611dfe5 nz=32512
[16:45:04] [Worker-Main-12/INFO] (Minecraft) [STDOUT]: [WG-CONTENT-WB] chunk(8,-12) hash=aae695c6e5e31a03 dh=a1781a14551d4931 nz=32512
[16:45:04] [Worker-Main-2/INFO] (Minecraft) [STDOUT]: [WG-CONTENT] chunk(8,-8) hash=4c93999c5227e86c nz=32431
[16:45:04] [Worker-Main-16/INFO] (Minecraft) [STDOUT]: [WG-CONTENT-WB] chunk(8,-9) hash=488c3d9b2fa3444b dh=61ef340473bc7b2a nz=32512
[16:45:04] [Worker-Main-17/INFO] (Minecraft) [STDOUT]: [WG-CONTENT-WB] chunk(7,-1) hash=b117ffedf4a38244 dh=e499dfacf47f2e3a nz=32507
[16:45:04] [Worker-Main-6/INFO] (Minecraft) [STDOUT]: [WG-CONTENT] chunk(7,0) hash=9bc5001d24fec46d nz=32332
[16:45:04] [Worker-Main-14/INFO] (Minecraft) [STDOUT]: [WG-CONTENT] chunk(8,-6) hash=b6cae217460d00f8 nz=31244
[16:45:04] [Worker-Main-3/INFO] (Minecraft) [STDOUT]: [WG-CONTENT] chunk(8,-5) hash=fc49fd368e6b0cf nz=29289
[16:45:04] [Worker-Main-2/INFO] (Minecraft) [STDOUT]: [WG-CONTENT-WB] chunk(8,-8) hash=b15d0bb93f334f0a dh=1038756b7dfdfc58 nz=32431
[16:45:04] [Worker-Main-23/INFO] (Minecraft) [STDOUT]: [WG-CONTENT] chunk(8,-7) hash=aaa796a2009c08d7 nz=31725
[16:45:04] [Worker-Main-9/INFO] (Minecraft) [STDOUT]: [WG-CONTENT] chunk(8,-4) hash=2ed5455a6fc2bcfc nz=31219
[16:45:04] [Worker-Main-6/INFO] (Minecraft) [STDOUT]: [WG-CONTENT-WB] chunk(7,0) hash=1eceace0b39be841 dh=4d40160185b2607c nz=32332
[16:45:04] [Worker-Main-20/INFO] (Minecraft) [STDOUT]: [WG-CONTENT] chunk(7,1) hash=75979c7fa42d90bd nz=32339
[16:45:04] [Worker-Main-18/INFO] (Minecraft) [STDOUT]: [WG-CONTENT] chunk(8,-2) hash=7463a13e8b2bee4 nz=31735
[16:45:04] [Worker-Main-3/INFO] (Minecraft) [STDOUT]: [WG-CONTENT-WB] chunk(8,-5) hash=2246994db3dbac41 dh=1d9915f2bc37db08 nz=29289
[16:45:04] [Worker-Main-4/INFO] (Minecraft) [STDOUT]: [WG-CONTENT] chunk(8,-3) hash=c585c9223c30a636 nz=31926
[16:45:04] [Worker-Main-14/INFO] (Minecraft) [STDOUT]: [WG-CONTENT-WB] chunk(8,-6) hash=7811125444e1fd29 dh=4594b0cc4f1a72b3 nz=31244
[16:45:04] [Worker-Main-23/INFO] (Minecraft) [STDOUT]: [WG-CONTENT-WB] chunk(8,-7) hash=140dbcf8c11dd734 dh=628e0e8fb0576e3b nz=31725
[16:45:04] [Worker-Main-9/INFO] (Minecraft) [STDOUT]: [WG-CONTENT-WB] chunk(8,-4) hash=2a9c730fa5961740 dh=b91c550e05da3 nz=31219
[16:45:04] [Worker-Main-20/INFO] (Minecraft) [STDOUT]: [WG-CONTENT-WB] chunk(7,1) hash=60726de17fc8fb63 dh=5e93abe4ca6b5d0c nz=32339
[16:45:04] [Worker-Main-4/INFO] (Minecraft) [STDOUT]: [WG-CONTENT-WB] chunk(8,-3) hash=4882cbeb2eb6d24d dh=9a5dcac537a7c917 nz=31926
[16:45:04] [Worker-Main-18/INFO] (Minecraft) [STDOUT]: [WG-CONTENT-WB] chunk(8,-2) hash=f541b5b57cd457ea dh=cbc5c9a6c5c2343a nz=31735
[16:45:04] [Worker-Main-23/INFO] (Minecraft) [STDOUT]: [Mixin] populateNoise intercepted chunk(8,-1)
[16:45:04] [Worker-Main-23/INFO] (Minecraft) [STDOUT]: [Mixin] populateNoise intercepted chunk(8,0)
[16:45:04] [Worker-Main-14/INFO] (Minecraft) [STDOUT]: [Mixin] populateNoise intercepted chunk(8,1)
[16:45:04] [Worker-Main-6/INFO] (Minecraft) [STDOUT]: [Mixin] populateNoise intercepted chunk(9,-13)
[16:45:04] [Worker-Main-6/INFO] (Minecraft) [STDOUT]: [Mixin] populateNoise intercepted chunk(9,-12)
[16:45:04] [Worker-Main-6/INFO] (Minecraft) [STDOUT]: [Mixin] populateNoise intercepted chunk(9,-11)
[16:45:04] [Worker-Main-6/INFO] (Minecraft) [STDOUT]: [Mixin] populateNoise intercepted chunk(9,-10)
[16:45:04] [Worker-Main-6/INFO] (Minecraft) [STDOUT]: [Mixin] populateNoise intercepted chunk(9,-9)
[16:45:04] [Worker-Main-10/INFO] (Minecraft) [STDOUT]: [Mixin] buildSurface skipped chunk(7,-3)
[16:45:04] [Worker-Main-10/INFO] (Minecraft) [STDOUT]: [Mixin] buildSurface skipped chunk(7,-2)
[16:45:04] [Worker-Main-6/INFO] (Minecraft) [STDOUT]: [WG-CONTENT] chunk(9,-9) hash=bc91d41ea4d019fe nz=32512
[16:45:04] [Worker-Main-10/INFO] (Minecraft) [STDOUT]: [Mixin] buildSurface skipped chunk(8,-13)
[16:45:04] [Worker-Main-10/INFO] (Minecraft) [STDOUT]: [Mixin] buildSurface skipped chunk(8,-12)
[16:45:04] [Worker-Main-10/INFO] (Minecraft) [STDOUT]: [Mixin] buildSurface skipped chunk(8,-11)
[16:45:04] [Worker-Main-10/INFO] (Minecraft) [STDOUT]: [Mixin] buildSurface skipped chunk(8,-10)
[16:45:04] [Worker-Main-10/INFO] (Minecraft) [STDOUT]: [Mixin] buildSurface skipped chunk(8,-9)
[16:45:04] [Worker-Main-2/INFO] (Minecraft) [STDOUT]: [WG-CONTENT] chunk(9,-10) hash=bbd6e2a0d4fc241d nz=32512
[16:45:04] [Worker-Main-6/INFO] (Minecraft) [STDOUT]: [WG-CONTENT-WB] chunk(9,-9) hash=c6a8704003a324a3 dh=d34a60075e6a7ea nz=32512
[16:45:04] [Worker-Main-12/INFO] (Minecraft) [STDOUT]: [WG-CONTENT] chunk(9,-11) hash=89944802ba8ac0ac nz=32512
[16:45:04] [Worker-Main-19/INFO] (Minecraft) [STDOUT]: [WG-CONTENT] chunk(9,-13) hash=b9e9021d2f2af93e nz=32512
[16:45:04] [Worker-Main-2/INFO] (Minecraft) [STDOUT]: [WG-CONTENT-WB] chunk(9,-10) hash=fc1f726a9c59e901 dh=e9f4cba41cd3ba16 nz=32512
[16:45:04] [Worker-Main-16/INFO] (Minecraft) [STDOUT]: [WG-CONTENT] chunk(8,-1) hash=4aa46ac9543aa8cf nz=32198
[16:45:04] [Worker-Main-1/INFO] (Minecraft) [STDOUT]: [WG-CONTENT] chunk(9,-12) hash=57c88e07c2af251e nz=32512
[16:45:04] [Worker-Main-12/INFO] (Minecraft) [STDOUT]: [WG-CONTENT-WB] chunk(9,-11) hash=ce98e990b50bca5a dh=5be0e71dac904c86 nz=32512
[16:45:04] [Worker-Main-23/INFO] (Minecraft) [STDOUT]: [WG-CONTENT] chunk(8,0) hash=93155bccf3766c05 nz=32034
[16:45:04] [Worker-Main-14/INFO] (Minecraft) [STDOUT]: [WG-CONTENT] chunk(8,1) hash=dd09c16639e711d5 nz=32244
[16:45:04] [Worker-Main-19/INFO] (Minecraft) [STDOUT]: [WG-CONTENT-WB] chunk(9,-13) hash=3230d4fd8287a35 dh=cd8facac976b237c nz=32512
[16:45:04] [Worker-Main-1/INFO] (Minecraft) [STDOUT]: [WG-CONTENT-WB] chunk(9,-12) hash=4aa4ae011f129f75 dh=a388ac929514ea6a nz=32512
[16:45:04] [Worker-Main-14/INFO] (Minecraft) [STDOUT]: [WG-CONTENT-WB] chunk(8,1) hash=a952af8601e6a481 dh=f89127e40f5e51dd nz=32244
[16:45:04] [Worker-Main-23/INFO] (Minecraft) [STDOUT]: [WG-CONTENT-WB] chunk(8,0) hash=26d0bee63f87a889 dh=53c0663087ad93fa nz=32034
[16:45:04] [Worker-Main-16/INFO] (Minecraft) [STDOUT]: [WG-CONTENT-WB] chunk(8,-1) hash=ac84f763ceaf6ee dh=4b1304d50ab86911 nz=32198
[16:45:04] [Worker-Main-13/INFO] (Minecraft) [STDOUT]: [Mixin] buildSurface skipped chunk(7,-1)
[16:45:04] [Worker-Main-3/INFO] (Minecraft) [STDOUT]: [Mixin] buildSurface skipped chunk(8,-8)
[16:45:04] [Worker-Main-9/INFO] (Minecraft) [STDOUT]: [Mixin] buildSurface skipped chunk(7,0)
[16:45:04] [Worker-Main-3/INFO] (Minecraft) [STDOUT]: [Mixin] buildSurface skipped chunk(8,-7)
[16:45:04] [Worker-Main-3/INFO] (Minecraft) [STDOUT]: [Mixin] buildSurface skipped chunk(8,-6)
[16:45:04] [Worker-Main-3/INFO] (Minecraft) [STDOUT]: [Mixin] buildSurface skipped chunk(8,-5)
[16:45:04] [Worker-Main-3/INFO] (Minecraft) [STDOUT]: [Mixin] buildSurface skipped chunk(8,-4)
[16:45:04] [Worker-Main-23/INFO] (Minecraft) [STDOUT]: [Mixin] buildSurface skipped chunk(7,1)
[16:45:04] [Worker-Main-21/INFO] (Minecraft) [STDOUT]: [Mixin] buildSurface skipped chunk(8,-3)
[16:45:04] [Worker-Main-21/INFO] (Minecraft) [STDOUT]: [Mixin] buildSurface skipped chunk(8,-2)
[16:45:04] [Worker-Main-13/INFO] (Minecraft) [STDOUT]: [Mixin] populateNoise intercepted chunk(9,-8)
[16:45:04] [Worker-Main-13/INFO] (Minecraft) [STDOUT]: [Mixin] populateNoise intercepted chunk(9,-7)
[16:45:04] [Worker-Main-10/INFO] (Minecraft) [STDOUT]: [Mixin] populateNoise intercepted chunk(9,-6)
[16:45:04] [Worker-Main-3/INFO] (Minecraft) [STDOUT]: [Mixin] populateNoise intercepted chunk(9,-5)
[16:45:04] [Worker-Main-17/INFO] (Minecraft) [STDOUT]: [Mixin] populateNoise intercepted chunk(9,-4)
[16:45:04] [Worker-Main-17/INFO] (Minecraft) [STDOUT]: [Mixin] populateNoise intercepted chunk(9,-3)
[16:45:04] [Worker-Main-19/INFO] (Minecraft) [STDOUT]: [Mixin] populateNoise intercepted chunk(9,-2)
[16:45:04] [Worker-Main-17/INFO] (Minecraft) [STDOUT]: [Mixin] populateNoise intercepted chunk(9,-1)
[16:45:04] [Worker-Main-1/INFO] (Minecraft) [STDOUT]: [Mixin] buildSurface skipped chunk(9,-13)
[16:45:04] [Worker-Main-1/INFO] (Minecraft) [STDOUT]: [Mixin] buildSurface skipped chunk(9,-12)
[16:45:04] [Worker-Main-1/INFO] (Minecraft) [STDOUT]: [Mixin] buildSurface skipped chunk(9,-11)
[16:45:04] [Worker-Main-1/INFO] (Minecraft) [STDOUT]: [Mixin] buildSurface skipped chunk(9,-10)
[16:45:04] [Worker-Main-1/INFO] (Minecraft) [STDOUT]: [Mixin] buildSurface skipped chunk(9,-9)
[16:45:04] [Worker-Main-14/INFO] (Minecraft) [STDOUT]: [Mixin] buildSurface skipped chunk(8,-1)
[16:45:04] [Worker-Main-14/INFO] (Minecraft) [STDOUT]: [Mixin] buildSurface skipped chunk(8,0)
[16:45:04] [Worker-Main-14/INFO] (Minecraft) [STDOUT]: [Mixin] buildSurface skipped chunk(8,1)
[16:45:04] [Worker-Main-13/INFO] (Minecraft) [STDOUT]: [WG-CONTENT] chunk(9,-7) hash=91fd17bac2cc1c0f nz=32504
[16:45:04] [Worker-Main-10/INFO] (Minecraft) [STDOUT]: [WG-CONTENT] chunk(9,-6) hash=e14d4aad5022b052 nz=32512
[16:45:04] [Worker-Main-23/INFO] (Minecraft) [STDOUT]: [WG-CONTENT] chunk(9,-5) hash=566d2a41696a4d1f nz=32393
[16:45:04] [Worker-Main-16/INFO] (Minecraft) [STDOUT]: [Mixin] populateNoise intercepted chunk(9,0)
[16:45:04] [Worker-Main-15/INFO] (Minecraft) [STDOUT]: [Mixin] populateNoise intercepted chunk(9,1)
[16:45:04] [Worker-Main-2/INFO] (Minecraft) [STDOUT]: [WG-CONTENT] chunk(9,-4) hash=7c7b25209c9553c7 nz=31691
[16:45:04] [Worker-Main-11/INFO] (Minecraft) [STDOUT]: [WG-CONTENT] chunk(9,-8) hash=bb8bd99747884e4e nz=32496
[16:45:04] [Worker-Main-7/INFO] (Minecraft) [STDOUT]: [WG-CONTENT] chunk(9,-3) hash=e387ca9e892aebf nz=31553
[16:45:04] [Worker-Main-13/INFO] (Minecraft) [STDOUT]: [WG-CONTENT-WB] chunk(9,-7) hash=e616b5fc11fcd7a6 dh=807ec4dbf0fd0e89 nz=32504
[16:45:04] [Worker-Main-10/INFO] (Minecraft) [STDOUT]: [WG-CONTENT-WB] chunk(9,-6) hash=ce38763e0aba476c dh=a13f6c80854bd506 nz=32512
[16:45:04] [Worker-Main-4/INFO] (Minecraft) [STDOUT]: [WG-CONTENT] chunk(9,-2) hash=17d4b0d84bc4135c nz=32440
[16:45:04] [Worker-Main-23/INFO] (Minecraft) [STDOUT]: [WG-CONTENT-WB] chunk(9,-5) hash=357d40e4e658b280 dh=da68f03e5a437aeb nz=32393
[16:45:04] [Worker-Main-2/INFO] (Minecraft) [STDOUT]: [WG-CONTENT-WB] chunk(9,-4) hash=4c9a46ad05ff2ca9 dh=6f2c54909f88384a nz=31691
[16:45:04] [Worker-Main-7/INFO] (Minecraft) [STDOUT]: [WG-CONTENT-WB] chunk(9,-3) hash=5c1db0654afb8a90 dh=2a67fc5952976f93 nz=31553
[16:45:04] [Worker-Main-11/INFO] (Minecraft) [STDOUT]: [WG-CONTENT-WB] chunk(9,-8) hash=b6cf35a595c7c39d dh=a77580656d4239d7 nz=32496
[16:45:04] [Worker-Main-4/INFO] (Minecraft) [STDOUT]: [WG-CONTENT-WB] chunk(9,-2) hash=4ff63d65a457cad6 dh=996c5f5430280216 nz=32440
[16:45:04] [Worker-Main-17/INFO] (Minecraft) [STDOUT]: [WG-CONTENT] chunk(9,-1) hash=fc9fecc4d54f97ce nz=32100
[16:45:04] [Worker-Main-17/INFO] (Minecraft) [STDOUT]: [WG-CONTENT-WB] chunk(9,-1) hash=ea11e6fe1c6ba41 dh=770e5bddd095bed5 nz=32100
[16:45:04] [Worker-Main-6/INFO] (Minecraft) [STDOUT]: [WG-CONTENT] chunk(9,1) hash=b937ba7cae466b94 nz=32509
[16:45:04] [Worker-Main-16/INFO] (Minecraft) [STDOUT]: [WG-CONTENT] chunk(9,0) hash=2bfcc889ded226ef nz=31483
[16:45:04] [Worker-Main-16/INFO] (Minecraft) [STDOUT]: [WG-CONTENT-WB] chunk(9,0) hash=a910d1aa1bdafb3c dh=91b65edddc389265 nz=31483
[16:45:04] [Worker-Main-6/INFO] (Minecraft) [STDOUT]: [WG-CONTENT-WB] chunk(9,1) hash=1ab082d2182311e2 dh=31556783c446cbe5 nz=32509
[16:45:04] [Worker-Main-23/INFO] (Minecraft) [STDOUT]: [Mixin] populateNoise intercepted chunk(-15,2)
[16:45:04] [Worker-Main-23/INFO] (Minecraft) [STDOUT]: [Mixin] populateNoise intercepted chunk(-15,3)
[16:45:04] [Worker-Main-23/INFO] (Minecraft) [STDOUT]: [Mixin] populateNoise intercepted chunk(-14,2)
[16:45:04] [Worker-Main-23/INFO] (Minecraft) [STDOUT]: [Mixin] populateNoise intercepted chunk(-14,3)
[16:45:04] [Worker-Main-23/INFO] (Minecraft) [STDOUT]: [Mixin] populateNoise intercepted chunk(-13,2)
[16:45:04] [Worker-Main-23/INFO] (Minecraft) [STDOUT]: [Mixin] populateNoise intercepted chunk(-13,3)
[16:45:04] [Worker-Main-23/INFO] (Minecraft) [STDOUT]: [Mixin] populateNoise intercepted chunk(-12,2)
[16:45:04] [Worker-Main-23/INFO] (Minecraft) [STDOUT]: [Mixin] populateNoise intercepted chunk(-12,3)
[16:45:04] [Worker-Main-23/INFO] (Minecraft) [STDOUT]: [Mixin] populateNoise intercepted chunk(-11,2)
[16:45:04] [Worker-Main-23/INFO] (Minecraft) [STDOUT]: [Mixin] populateNoise intercepted chunk(-11,3)
[16:45:04] [Worker-Main-15/INFO] (Minecraft) [STDOUT]: [Mixin] populateNoise intercepted chunk(-15,4)
[16:45:04] [Worker-Main-15/INFO] (Minecraft) [STDOUT]: [Mixin] populateNoise intercepted chunk(-14,4)
[16:45:04] [Worker-Main-15/INFO] (Minecraft) [STDOUT]: [Mixin] populateNoise intercepted chunk(-13,4)
[16:45:04] [Worker-Main-15/INFO] (Minecraft) [STDOUT]: [Mixin] populateNoise intercepted chunk(-12,4)
[16:45:04] [Worker-Main-15/INFO] (Minecraft) [STDOUT]: [Mixin] populateNoise intercepted chunk(-11,4)
[16:45:04] [Worker-Main-15/INFO] (Minecraft) [STDOUT]: [Mixin] populateNoise intercepted chunk(-15,5)
[16:45:04] [Worker-Main-15/INFO] (Minecraft) [STDOUT]: [Mixin] populateNoise intercepted chunk(-14,5)
[16:45:04] [Worker-Main-15/INFO] (Minecraft) [STDOUT]: [Mixin] populateNoise intercepted chunk(-13,5)
[16:45:04] [Worker-Main-15/INFO] (Minecraft) [STDOUT]: [Mixin] populateNoise intercepted chunk(-12,5)
[16:45:04] [Worker-Main-15/INFO] (Minecraft) [STDOUT]: [Mixin] populateNoise intercepted chunk(-11,5)
[16:45:04] [Worker-Main-7/INFO] (Minecraft) [STDOUT]: [Mixin] buildSurface skipped chunk(9,-8)
[16:45:04] [Worker-Main-7/INFO] (Minecraft) [STDOUT]: [Mixin] buildSurface skipped chunk(9,-7)
[16:45:04] [Worker-Main-13/INFO] (Minecraft) [STDOUT]: [Mixin] buildSurface skipped chunk(9,-6)
[16:45:04] [Worker-Main-13/INFO] (Minecraft) [STDOUT]: [Mixin] populateNoise intercepted chunk(-15,6)
[16:45:04] [Worker-Main-13/INFO] (Minecraft) [STDOUT]: [Mixin] populateNoise intercepted chunk(-14,6)
[16:45:04] [Worker-Main-13/INFO] (Minecraft) [STDOUT]: [Mixin] populateNoise intercepted chunk(-13,6)
[16:45:04] [Worker-Main-13/INFO] (Minecraft) [STDOUT]: [Mixin] populateNoise intercepted chunk(-12,6)
[16:45:04] [Worker-Main-13/INFO] (Minecraft) [STDOUT]: [Mixin] populateNoise intercepted chunk(-11,6)
[16:45:04] [Worker-Main-10/INFO] (Minecraft) [STDOUT]: [WG-CONTENT] chunk(-14,2) hash=cafcbaead0e4c7f2 nz=32303
[16:45:04] [Worker-Main-23/INFO] (Minecraft) [STDOUT]: [WG-CONTENT] chunk(-11,3) hash=bf4d581b13602bbc nz=32512
[16:45:04] [Worker-Main-20/INFO] (Minecraft) [STDOUT]: [WG-CONTENT] chunk(-12,3) hash=ce90fd438de02d18 nz=32432
[16:45:04] [Worker-Main-11/INFO] (Minecraft) [STDOUT]: [WG-CONTENT] chunk(-11,2) hash=7bbff95595cf9db2 nz=32512
[16:45:04] [Worker-Main-12/INFO] (Minecraft) [STDOUT]: [WG-CONTENT] chunk(-12,2) hash=56f2c69bd24ba616 nz=32396
[16:45:04] [Worker-Main-10/INFO] (Minecraft) [STDOUT]: [WG-CONTENT-WB] chunk(-14,2) hash=e613154d5f87691d dh=77c55bd7f0948a5d nz=32303
[16:45:04] [Worker-Main-21/INFO] (Minecraft) [STDOUT]: [WG-CONTENT] chunk(-14,3) hash=9ae60cefa19ccc58 nz=32061
[16:45:04] [Worker-Main-3/INFO] (Minecraft) [STDOUT]: [WG-CONTENT] chunk(-15,4) hash=5c0648f096b6477e nz=32340
[16:45:04] [Worker-Main-9/INFO] (Minecraft) [STDOUT]: [WG-CONTENT] chunk(-13,4) hash=804d5f3e942f39c6 nz=32077
[16:45:04] [Worker-Main-20/INFO] (Minecraft) [STDOUT]: [WG-CONTENT-WB] chunk(-12,3) hash=c4ca8d98cb5f55c2 dh=54ae4bebf6390564 nz=32432
[16:45:04] [Worker-Main-4/INFO] (Minecraft) [STDOUT]: [WG-CONTENT] chunk(-13,2) hash=38e37fe50ead252 nz=32142
[16:45:04] [Worker-Main-18/INFO] (Minecraft) [STDOUT]: [WG-CONTENT] chunk(-15,2) hash=19328903bb9a3cac nz=32178
[16:45:04] [Worker-Main-5/INFO] (Minecraft) [STDOUT]: [WG-CONTENT] chunk(-15,3) hash=981bf896651a4e51 nz=32512
[16:45:04] [Worker-Main-23/INFO] (Minecraft) [STDOUT]: [WG-CONTENT-WB] chunk(-11,3) hash=b5b302e061677b25 dh=2eb1f1dff40bcc7f nz=32512
[16:45:04] [Worker-Main-23/INFO] (Minecraft) [STDOUT]: [Mixin] buildSurface skipped chunk(9,-5)
[16:45:04] [Worker-Main-11/INFO] (Minecraft) [STDOUT]: [WG-CONTENT-WB] chunk(-11,2) hash=f611694602a06a49 dh=9bfb12f674db925b nz=32512
[16:45:04] [Worker-Main-17/INFO] (Minecraft) [STDOUT]: [WG-CONTENT] chunk(-13,3) hash=205077f32aee8f49 nz=31999
[16:45:04] [Worker-Main-12/INFO] (Minecraft) [STDOUT]: [WG-CONTENT-WB] chunk(-12,2) hash=77aa7a0dee44a94c dh=7f8a778f03fa5e89 nz=32396
[16:45:04] [Worker-Main-16/INFO] (Minecraft) [STDOUT]: [WG-CONTENT] chunk(-13,5) hash=669914fec1feea14 nz=32387
[16:45:04] [Worker-Main-14/INFO] (Minecraft) [STDOUT]: [WG-CONTENT] chunk(-12,4) hash=30b787666d45189f nz=32181
[16:45:04] [Worker-Main-21/INFO] (Minecraft) [STDOUT]: [WG-CONTENT-WB] chunk(-14,3) hash=da684fb43e4f1720 dh=5fe79db6e6bec488 nz=32061
[16:45:04] [Worker-Main-3/INFO] (Minecraft) [STDOUT]: [WG-CONTENT-WB] chunk(-15,4) hash=4cea88a8fcf86d5e dh=85e496c7a76b20f7 nz=32340
[16:45:04] [Worker-Main-9/INFO] (Minecraft) [STDOUT]: [WG-CONTENT-WB] chunk(-13,4) hash=b16828bdf18bf63 dh=cbde8e5ef769834f nz=32077
[16:45:04] [Worker-Main-22/INFO] (Minecraft) [STDOUT]: [WG-CONTENT] chunk(-15,5) hash=e0922a2afa955e2b nz=32091
[16:45:04] [Worker-Main-6/INFO] (Minecraft) [STDOUT]: [WG-CONTENT] chunk(-14,5) hash=2a47c133a02c552c nz=31728
[16:45:04] [Worker-Main-18/INFO] (Minecraft) [STDOUT]: [WG-CONTENT-WB] chunk(-15,2) hash=fdbd098ddc787ca5 dh=2cc160f263a28a59 nz=32178
[16:45:04] [Worker-Main-4/INFO] (Minecraft) [STDOUT]: [WG-CONTENT-WB] chunk(-13,2) hash=c7415f48eee671bb dh=80c3f83889707518 nz=32142
[16:45:04] [Worker-Main-19/INFO] (Minecraft) [STDOUT]: [WG-CONTENT] chunk(-11,5) hash=b0ff5e5c09ad6935 nz=32010
[16:45:04] [Worker-Main-21/INFO] (Minecraft) [STDOUT]: [Mixin] populateNoise intercepted chunk(-15,7)
[16:45:04] [Worker-Main-21/INFO] (Minecraft) [STDOUT]: [Mixin] populateNoise intercepted chunk(-14,7)
[16:45:04] [Worker-Main-21/INFO] (Minecraft) [STDOUT]: [Mixin] populateNoise intercepted chunk(-13,7)
[16:45:04] [Worker-Main-5/INFO] (Minecraft) [STDOUT]: [WG-CONTENT-WB] chunk(-15,3) hash=56b3b308aeef0cc9 dh=5db7d51e4b85645b nz=32512
[16:45:04] [Worker-Main-21/INFO] (Minecraft) [STDOUT]: [Mixin] populateNoise intercepted chunk(-12,7)
[16:45:04] [Worker-Main-21/INFO] (Minecraft) [STDOUT]: [Mixin] populateNoise intercepted chunk(-11,7)
[16:45:04] [Worker-Main-12/INFO] (Minecraft) [STDOUT]: [Mixin] buildSurface skipped chunk(9,-4)
[16:45:04] [Worker-Main-17/INFO] (Minecraft) [STDOUT]: [WG-CONTENT-WB] chunk(-13,3) hash=c554b380a580e505 dh=1f1501a9684ced4c nz=31999
[16:45:04] [Worker-Main-16/INFO] (Minecraft) [STDOUT]: [WG-CONTENT-WB] chunk(-13,5) hash=e8850e59b20da28c dh=80e544c28322013c nz=32387
[16:45:04] [Worker-Main-14/INFO] (Minecraft) [STDOUT]: [WG-CONTENT-WB] chunk(-12,4) hash=76549e130d4eec0c dh=a8e6cade3710c603 nz=32181
[16:45:04] [Worker-Main-8/INFO] (Minecraft) [STDOUT]: [WG-CONTENT] chunk(-11,4) hash=40d3d89bea2b71f7 nz=32048
[16:45:04] [Worker-Main-22/INFO] (Minecraft) [STDOUT]: [WG-CONTENT-WB] chunk(-15,5) hash=162ab3ab90078e15 dh=e070820376a872c3 nz=32091
[16:45:04] [Worker-Main-15/INFO] (Minecraft) [STDOUT]: [WG-CONTENT] chunk(-12,5) hash=53346f350c369dac nz=32122
[16:45:04] [Worker-Main-6/INFO] (Minecraft) [STDOUT]: [WG-CONTENT-WB] chunk(-14,5) hash=f330196ff75f10a2 dh=c5bb102277efdb8a nz=31728
[16:45:04] [Worker-Main-16/INFO] (Minecraft) [STDOUT]: [Mixin] buildSurface skipped chunk(9,-3)
[16:45:04] [Worker-Main-19/INFO] (Minecraft) [STDOUT]: [WG-CONTENT-WB] chunk(-11,5) hash=93f69458732c11b9 dh=6b8198b30652e385 nz=32010
[16:45:04] [Worker-Main-8/INFO] (Minecraft) [STDOUT]: [WG-CONTENT-WB] chunk(-11,4) hash=81615fc097bf98d6 dh=a47355165d0561ad nz=32048
[16:45:04] [Worker-Main-22/INFO] (Minecraft) [STDOUT]: [Mixin] buildSurface skipped chunk(9,-2)
[16:45:04] [Worker-Main-15/INFO] (Minecraft) [STDOUT]: [WG-CONTENT-WB] chunk(-12,5) hash=e621979da21f2c4a dh=7cbe69752fabe8b nz=32122
[16:45:04] [Worker-Main-1/INFO] (Minecraft) [STDOUT]: [WG-CONTENT] chunk(-14,4) hash=bf057514a0b00819 nz=32158
[16:45:04] [Worker-Main-22/INFO] (Minecraft) [STDOUT]: [Mixin] populateNoise intercepted chunk(-15,8)
[16:45:04] [Worker-Main-22/INFO] (Minecraft) [STDOUT]: [Mixin] populateNoise intercepted chunk(-14,8)
[16:45:04] [Worker-Main-22/INFO] (Minecraft) [STDOUT]: [Mixin] populateNoise intercepted chunk(-13,8)
[16:45:04] [Worker-Main-22/INFO] (Minecraft) [STDOUT]: [Mixin] populateNoise intercepted chunk(-12,8)
[16:45:04] [Worker-Main-22/INFO] (Minecraft) [STDOUT]: [Mixin] populateNoise intercepted chunk(-11,8)
[16:45:04] [Worker-Main-15/INFO] (Minecraft) [STDOUT]: [Mixin] populateNoise intercepted chunk(-15,9)
[16:45:04] [Worker-Main-15/INFO] (Minecraft) [STDOUT]: [Mixin] populateNoise intercepted chunk(-14,9)
[16:45:04] [Worker-Main-15/INFO] (Minecraft) [STDOUT]: [Mixin] populateNoise intercepted chunk(-13,9)
[16:45:04] [Worker-Main-15/INFO] (Minecraft) [STDOUT]: [Mixin] populateNoise intercepted chunk(-12,9)
[16:45:04] [Worker-Main-15/INFO] (Minecraft) [STDOUT]: [Mixin] populateNoise intercepted chunk(-11,9)
[16:45:04] [Worker-Main-14/INFO] (Minecraft) [STDOUT]: [Mixin] buildSurface skipped chunk(9,-1)
[16:45:04] [Worker-Main-1/INFO] (Minecraft) [STDOUT]: [WG-CONTENT-WB] chunk(-14,4) hash=3d8f5f56ce116d25 dh=6f1a2a0088d0c9a nz=32158
[16:45:04] [Worker-Main-21/INFO] (Minecraft) [STDOUT]: [Mixin] populateNoise intercepted chunk(-15,10)
[16:45:04] [Worker-Main-21/INFO] (Minecraft) [STDOUT]: [Mixin] populateNoise intercepted chunk(-14,10)
[16:45:04] [Worker-Main-21/INFO] (Minecraft) [STDOUT]: [Mixin] populateNoise intercepted chunk(-13,10)
[16:45:04] [Worker-Main-21/INFO] (Minecraft) [STDOUT]: [Mixin] populateNoise intercepted chunk(-12,10)
[16:45:04] [Worker-Main-21/INFO] (Minecraft) [STDOUT]: [Mixin] populateNoise intercepted chunk(-11,10)
[16:45:04] [Worker-Main-2/INFO] (Minecraft) [STDOUT]: [WG-CONTENT] chunk(-15,6) hash=8e59102b0ec3f6ac nz=32512
[16:45:04] [Worker-Main-13/INFO] (Minecraft) [STDOUT]: [WG-CONTENT] chunk(-13,6) hash=8d3c0e49891b867 nz=31370
[16:45:04] [Worker-Main-7/INFO] (Minecraft) [STDOUT]: [WG-CONTENT] chunk(-14,6) hash=6fbcfd31c35f98a4 nz=31675
[16:45:04] [Worker-Main-2/INFO] (Minecraft) [STDOUT]: [WG-CONTENT-WB] chunk(-15,6) hash=f255622470448b5a dh=c7acf6cbcf52372b nz=32512
[16:45:04] [Worker-Main-7/INFO] (Minecraft) [STDOUT]: [WG-CONTENT-WB] chunk(-14,6) hash=89a86dded461585c dh=efe362369aa2a89e nz=31675
[16:45:04] [Worker-Main-13/INFO] (Minecraft) [STDOUT]: [WG-CONTENT-WB] chunk(-13,6) hash=13fded5a5dd1c47e dh=d7f528c21a090153 nz=31370
[16:45:04] [Worker-Main-13/INFO] (Minecraft) [STDOUT]: [Mixin] buildSurface skipped chunk(9,0)
[16:45:04] [Worker-Main-13/INFO] (Minecraft) [STDOUT]: [Mixin] buildSurface skipped chunk(9,1)
[16:45:04] [Worker-Main-13/INFO] (Minecraft) [STDOUT]: [Mixin] populateNoise intercepted chunk(-15,11)
[16:45:04] [Worker-Main-13/INFO] (Minecraft) [STDOUT]: [Mixin] populateNoise intercepted chunk(-14,11)
[16:45:04] [Worker-Main-13/INFO] (Minecraft) [STDOUT]: [Mixin] populateNoise intercepted chunk(-13,11)
[16:45:04] [Worker-Main-13/INFO] (Minecraft) [STDOUT]: [Mixin] populateNoise intercepted chunk(-12,11)
[16:45:04] [Worker-Main-13/INFO] (Minecraft) [STDOUT]: [Mixin] populateNoise intercepted chunk(-11,11)
[16:45:04] [Worker-Main-20/INFO] (Minecraft) [STDOUT]: [WG-CONTENT] chunk(-11,6) hash=7fc171bde4fdb207 nz=31292
[16:45:04] [Worker-Main-10/INFO] (Minecraft) [STDOUT]: [WG-CONTENT] chunk(-12,6) hash=d1f12d36bc7f701c nz=32512
[16:45:04] [Worker-Main-5/INFO] (Minecraft) [STDOUT]: [WG-CONTENT] chunk(-13,7) hash=3656973702ed272d nz=32421
[16:45:04] [Worker-Main-20/INFO] (Minecraft) [STDOUT]: [WG-CONTENT-WB] chunk(-11,6) hash=9d47530597af5ff4 dh=2d8a2dead1840d93 nz=31292
[16:45:04] [Worker-Main-10/INFO] (Minecraft) [STDOUT]: [WG-CONTENT-WB] chunk(-12,6) hash=2a42900a20d85826 dh=6be5e428f979353d nz=32512
[16:45:04] [Worker-Main-9/INFO] (Minecraft) [STDOUT]: [WG-CONTENT] chunk(-12,7) hash=c875d23c3dc3c66 nz=31831
[16:45:04] [Worker-Main-4/INFO] (Minecraft) [STDOUT]: [WG-CONTENT] chunk(-15,7) hash=aae840a758afb621 nz=32411
[16:45:04] [Worker-Main-23/INFO] (Minecraft) [STDOUT]: [WG-CONTENT] chunk(-14,7) hash=7a602f7e2988eacc nz=31965
[16:45:04] [Worker-Main-18/INFO] (Minecraft) [STDOUT]: [WG-CONTENT] chunk(-11,7) hash=62097ea369e435a nz=28891
[16:45:04] [Worker-Main-5/INFO] (Minecraft) [STDOUT]: [WG-CONTENT-WB] chunk(-13,7) hash=bc99e8a1f3f7b60b dh=792a55cc53b8f322 nz=32421
[16:45:04] [Worker-Main-9/INFO] (Minecraft) [STDOUT]: [WG-CONTENT-WB] chunk(-12,7) hash=feb25c8bf14483f7 dh=f8eaaa42292afdfd nz=31831
[16:45:04] [Worker-Main-4/INFO] (Minecraft) [STDOUT]: [WG-CONTENT-WB] chunk(-15,7) hash=ac3a86a84380d56e dh=2413c72becd627fe nz=32411
[16:45:04] [Worker-Main-4/INFO] (Minecraft) [STDOUT]: [Mixin] populateNoise intercepted chunk(-10,2)
[16:45:04] [Worker-Main-18/INFO] (Minecraft) [STDOUT]: [WG-CONTENT-WB] chunk(-11,7) hash=c784546a6d6c0317 dh=e132e8b75f8de122 nz=28891
[16:45:04] [Worker-Main-18/INFO] (Minecraft) [STDOUT]: [Mixin] populateNoise intercepted chunk(-10,3)
[16:45:04] [Worker-Main-18/INFO] (Minecraft) [STDOUT]: [Mixin] populateNoise intercepted chunk(-10,4)
[16:45:04] [Worker-Main-18/INFO] (Minecraft) [STDOUT]: [Mixin] populateNoise intercepted chunk(-10,5)
[16:45:04] [Worker-Main-23/INFO] (Minecraft) [STDOUT]: [WG-CONTENT-WB] chunk(-14,7) hash=30ddb796844e93c dh=81fca436f61f66df nz=31965
[16:45:04] [Worker-Main-22/INFO] (Minecraft) [STDOUT]: [WG-CONTENT] chunk(-11,8) hash=26b00544ddcf8dad nz=28459
[16:45:04] [Worker-Main-17/INFO] (Minecraft) [STDOUT]: [WG-CONTENT] chunk(-13,8) hash=62bda947af02825c nz=31023
[16:45:04] [Worker-Main-11/INFO] (Minecraft) [STDOUT]: [WG-CONTENT] chunk(-12,8) hash=999eef19e4b8a85c nz=29580
[16:45:04] [Worker-Main-3/INFO] (Minecraft) [STDOUT]: [WG-CONTENT] chunk(-14,9) hash=f793f4a6835d3aa5 nz=31110
[16:45:04] [Worker-Main-6/INFO] (Minecraft) [STDOUT]: [WG-CONTENT] chunk(-14,8) hash=11fe7665da69edad nz=31418
[16:45:04] [Worker-Main-19/INFO] (Minecraft) [STDOUT]: [WG-CONTENT] chunk(-13,9) hash=ae0a9c9196f58a1f nz=29322
[16:45:04] [Worker-Main-16/INFO] (Minecraft) [STDOUT]: [WG-CONTENT] chunk(-15,8) hash=fbe49f104e730b76 nz=30579
[16:45:04] [Worker-Main-22/INFO] (Minecraft) [STDOUT]: [WG-CONTENT-WB] chunk(-11,8) hash=78c33996b9009afb dh=68183d8bb20e8d16 nz=28459
[16:45:04] [Worker-Main-15/INFO] (Minecraft) [STDOUT]: [WG-CONTENT] chunk(-11,9) hash=c23fde0ab8f3c80f nz=29173
[16:45:04] [Worker-Main-6/INFO] (Minecraft) [STDOUT]: [WG-CONTENT-WB] chunk(-14,8) hash=34f7fb0417ee87d5 dh=22a2c47774c5b50d nz=31418
[16:45:04] [Worker-Main-6/INFO] (Minecraft) [STDOUT]: [Mixin] populateNoise intercepted chunk(-10,6)
[16:45:04] [Worker-Main-11/INFO] (Minecraft) [STDOUT]: [WG-CONTENT-WB] chunk(-12,8) hash=310bf626e541d15e dh=80f9f5bd8cf3f543 nz=29580
[16:45:04] [Worker-Main-11/INFO] (Minecraft) [STDOUT]: [Mixin] populateNoise intercepted chunk(-10,7)
[16:45:04] [Worker-Main-19/INFO] (Minecraft) [STDOUT]: [WG-CONTENT-WB] chunk(-13,9) hash=613dc3bd9b00586 dh=fc480ce514e6bb1b nz=29322
[16:45:04] [Worker-Main-19/INFO] (Minecraft) [STDOUT]: [Mixin] populateNoise intercepted chunk(-10,8)
[16:45:04] [Worker-Main-19/INFO] (Minecraft) [STDOUT]: [Mixin] populateNoise intercepted chunk(-10,9)
[16:45:04] [Worker-Main-17/INFO] (Minecraft) [STDOUT]: [WG-CONTENT-WB] chunk(-13,8) hash=79e39a69281c6dd8 dh=fd29876d1e861d39 nz=31023
[16:45:04] [Worker-Main-12/INFO] (Minecraft) [STDOUT]: [WG-CONTENT] chunk(-12,9) hash=cc906eada20e0e4f nz=29487
[16:45:04] [Worker-Main-3/INFO] (Minecraft) [STDOUT]: [WG-CONTENT-WB] chunk(-14,9) hash=f77de64b5b2b5d15 dh=1db4dce980267d0d nz=31110
[16:45:04] [Worker-Main-3/INFO] (Minecraft) [STDOUT]: [Mixin] populateNoise intercepted chunk(-10,10)
[16:45:04] [Worker-Main-8/INFO] (Minecraft) [STDOUT]: [WG-CONTENT] chunk(-15,9) hash=b746e1be2120c4e6 nz=31902
[16:45:04] [Worker-Main-16/INFO] (Minecraft) [STDOUT]: [WG-CONTENT-WB] chunk(-15,8) hash=ebf9eb2df06e4b67 dh=3ac21dee016711da nz=30579
[16:45:04] [Worker-Main-16/INFO] (Minecraft) [STDOUT]: [Mixin] populateNoise intercepted chunk(-10,11)
[16:45:04] [Worker-Main-15/INFO] (Minecraft) [STDOUT]: [WG-CONTENT-WB] chunk(-11,9) hash=102083814258527c dh=40802bfe3be8bb2f nz=29173
[16:45:04] [Worker-Main-21/INFO] (Minecraft) [STDOUT]: [WG-CONTENT] chunk(-13,10) hash=fbedae1d5b23024 nz=29131
[16:45:04] [Worker-Main-15/INFO] (Minecraft) [STDOUT]: [Mixin] populateNoise intercepted chunk(-9,2)
[16:45:04] [Worker-Main-15/INFO] (Minecraft) [STDOUT]: [Mixin] populateNoise intercepted chunk(-9,3)
[16:45:04] [Worker-Main-12/INFO] (Minecraft) [STDOUT]: [WG-CONTENT-WB] chunk(-12,9) hash=756727ab7ebcb258 dh=a4362d7dc946a7c8 nz=29487
[16:45:04] [Worker-Main-8/INFO] (Minecraft) [STDOUT]: [WG-CONTENT-WB] chunk(-15,9) hash=13588c4674bac005 dh=ed0fc0ed87d76b61 nz=31902
[16:45:04] [Worker-Main-8/INFO] (Minecraft) [STDOUT]: [Mixin] populateNoise intercepted chunk(-9,4)
[16:45:04] [Worker-Main-14/INFO] (Minecraft) [STDOUT]: [WG-CONTENT] chunk(-14,10) hash=d010b4ae38cc3abf nz=32309
[16:45:04] [Worker-Main-1/INFO] (Minecraft) [STDOUT]: [WG-CONTENT] chunk(-15,10) hash=655f6dd7114ac06 nz=32315
[16:45:04] [Worker-Main-21/INFO] (Minecraft) [STDOUT]: [WG-CONTENT-WB] chunk(-13,10) hash=7d4b2571e987bbc0 dh=9ef98659f3287025 nz=29131
[16:45:04] [Worker-Main-2/INFO] (Minecraft) [STDOUT]: [WG-CONTENT] chunk(-12,10) hash=16a98c458b50121c nz=29897
[16:45:04] [Worker-Main-21/INFO] (Minecraft) [STDOUT]: [Mixin] buildSurface skipped chunk(-15,2)
[16:45:04] [Worker-Main-21/INFO] (Minecraft) [STDOUT]: [Mixin] buildSurface skipped chunk(-15,3)
[16:45:04] [Worker-Main-21/INFO] (Minecraft) [STDOUT]: [Mixin] buildSurface skipped chunk(-14,2)
[16:45:04] [Worker-Main-21/INFO] (Minecraft) [STDOUT]: [Mixin] buildSurface skipped chunk(-14,3)
[16:45:04] [Worker-Main-21/INFO] (Minecraft) [STDOUT]: [Mixin] buildSurface skipped chunk(-13,2)
[16:45:04] [Worker-Main-21/INFO] (Minecraft) [STDOUT]: [Mixin] buildSurface skipped chunk(-13,3)
[16:45:04] [Worker-Main-21/INFO] (Minecraft) [STDOUT]: [Mixin] buildSurface skipped chunk(-12,2)
[16:45:04] [Worker-Main-21/INFO] (Minecraft) [STDOUT]: [Mixin] buildSurface skipped chunk(-12,3)
[16:45:04] [Worker-Main-21/INFO] (Minecraft) [STDOUT]: [Mixin] buildSurface skipped chunk(-11,2)
[16:45:04] [Worker-Main-21/INFO] (Minecraft) [STDOUT]: [Mixin] buildSurface skipped chunk(-11,3)
[16:45:04] [Worker-Main-14/INFO] (Minecraft) [STDOUT]: [WG-CONTENT-WB] chunk(-14,10) hash=fa90620d6d2554b0 dh=b7e759e6b0e3e3a9 nz=32309
[16:45:04] [Worker-Main-1/INFO] (Minecraft) [STDOUT]: [WG-CONTENT-WB] chunk(-15,10) hash=2193cd204d6e387 dh=e44e48c955d2fc2d nz=32315
[16:45:04] [Worker-Main-2/INFO] (Minecraft) [STDOUT]: [WG-CONTENT-WB] chunk(-12,10) hash=6badb5ce6610c4d0 dh=b538d75cdeaff8ea nz=29897
[16:45:04] [Worker-Main-7/INFO] (Minecraft) [STDOUT]: [WG-CONTENT] chunk(-11,10) hash=fdd24390333bdfca nz=30770
[16:45:04] [Worker-Main-7/INFO] (Minecraft) [STDOUT]: [WG-CONTENT-WB] chunk(-11,10) hash=44c06ca006deb229 dh=7c322a15745222f nz=30770
[16:45:04] [Worker-Main-13/INFO] (Minecraft) [STDOUT]: [WG-CONTENT] chunk(-15,11) hash=e952114fcdcf3dbd nz=32500
[16:45:04] [Worker-Main-13/INFO] (Minecraft) [STDOUT]: [WG-CONTENT-WB] chunk(-15,11) hash=aa816dce20103861 dh=2ea2b124c75aca8 nz=32500
[16:45:04] [Worker-Main-20/INFO] (Minecraft) [STDOUT]: [WG-CONTENT] chunk(-14,11) hash=b262ac9861cc3a36 nz=32171
[16:45:04] [Worker-Main-10/INFO] (Minecraft) [STDOUT]: [WG-CONTENT] chunk(-13,11) hash=e74e8f33802f1bce nz=29671
[16:45:04] [Worker-Main-20/INFO] (Minecraft) [STDOUT]: [WG-CONTENT-WB] chunk(-14,11) hash=7c0ae4a54604bc23 dh=8cf5ab7d608a5c8e nz=32171
[16:45:04] [Worker-Main-9/INFO] (Minecraft) [STDOUT]: [WG-CONTENT] chunk(-12,11) hash=222dcbbb9aa0ca65 nz=28992
[16:45:04] [Worker-Main-10/INFO] (Minecraft) [STDOUT]: [WG-CONTENT-WB] chunk(-13,11) hash=260a68d0fe3af0b3 dh=2fd023353c58956e nz=29671
[16:45:04] [Worker-Main-5/INFO] (Minecraft) [STDOUT]: [WG-CONTENT] chunk(-11,11) hash=af83617b41efa175 nz=31430
[16:45:04] [Worker-Main-9/INFO] (Minecraft) [STDOUT]: [WG-CONTENT-WB] chunk(-12,11) hash=f5d9053d7bc8cd99 dh=140abee5881c1757 nz=28992
[16:45:04] [Worker-Main-5/INFO] (Minecraft) [STDOUT]: [WG-CONTENT-WB] chunk(-11,11) hash=388fc26cbd1fa8fd dh=176612a2e41280dc nz=31430
[16:45:04] [Worker-Main-18/INFO] (Minecraft) [STDOUT]: [WG-CONTENT] chunk(-10,3) hash=b06efa56d69fdff4 nz=32512
[16:45:04] [Worker-Main-4/INFO] (Minecraft) [STDOUT]: [WG-CONTENT] chunk(-10,2) hash=eb8a0b84495d5b1e nz=32512
[16:45:04] [Worker-Main-21/INFO] (Minecraft) [STDOUT]: [Mixin] buildSurface skipped chunk(-15,4)
[16:45:04] [Worker-Main-21/INFO] (Minecraft) [STDOUT]: [Mixin] buildSurface skipped chunk(-15,5)
[16:45:04] [Worker-Main-21/INFO] (Minecraft) [STDOUT]: [Mixin] buildSurface skipped chunk(-14,4)
[16:45:04] [Worker-Main-21/INFO] (Minecraft) [STDOUT]: [Mixin] buildSurface skipped chunk(-14,5)
[16:45:04] [Worker-Main-21/INFO] (Minecraft) [STDOUT]: [Mixin] buildSurface skipped chunk(-13,4)
[16:45:04] [Worker-Main-21/INFO] (Minecraft) [STDOUT]: [Mixin] buildSurface skipped chunk(-13,5)
[16:45:04] [Worker-Main-21/INFO] (Minecraft) [STDOUT]: [Mixin] buildSurface skipped chunk(-12,4)
[16:45:04] [Worker-Main-21/INFO] (Minecraft) [STDOUT]: [Mixin] buildSurface skipped chunk(-12,5)
[16:45:04] [Worker-Main-21/INFO] (Minecraft) [STDOUT]: [Mixin] buildSurface skipped chunk(-11,4)
[16:45:04] [Worker-Main-21/INFO] (Minecraft) [STDOUT]: [Mixin] buildSurface skipped chunk(-11,5)
[16:45:04] [Worker-Main-23/INFO] (Minecraft) [STDOUT]: [WG-CONTENT] chunk(-10,4) hash=b9fa3bf6ad1bc5b5 nz=31892
[16:45:04] [Worker-Main-18/INFO] (Minecraft) [STDOUT]: [WG-CONTENT-WB] chunk(-10,3) hash=7a860022af048a8d dh=78033ffc6059b0ce nz=32512
[16:45:04] [Worker-Main-4/INFO] (Minecraft) [STDOUT]: [WG-CONTENT-WB] chunk(-10,2) hash=e384607b06d8da46 dh=a731657f6a9255f1 nz=32512
[16:45:04] [Worker-Main-19/INFO] (Minecraft) [STDOUT]: [WG-CONTENT] chunk(-10,8) hash=97312a9bd5a937e nz=28586
[16:45:04] [Worker-Main-6/INFO] (Minecraft) [STDOUT]: [WG-CONTENT] chunk(-10,6) hash=11c53676e35e75ae nz=31422
[16:45:04] [Worker-Main-22/INFO] (Minecraft) [STDOUT]: [WG-CONTENT] chunk(-10,5) hash=a4a3201d69266b14 nz=32311
[16:45:04] [Worker-Main-11/INFO] (Minecraft) [STDOUT]: [WG-CONTENT] chunk(-10,7) hash=4f804b1adad21849 nz=28439
[16:45:04] [Worker-Main-23/INFO] (Minecraft) [STDOUT]: [WG-CONTENT-WB] chunk(-10,4) hash=77d68ade700cdde dh=af9a83e7fe1b0637 nz=31892
[16:45:04] [Worker-Main-16/INFO] (Minecraft) [STDOUT]: [WG-CONTENT] chunk(-10,11) hash=a06bca01fe09479e nz=31611
[16:45:04] [Worker-Main-3/INFO] (Minecraft) [STDOUT]: [WG-CONTENT] chunk(-10,10) hash=f0c941346dc4b69d nz=29608
[16:45:04] [Worker-Main-19/INFO] (Minecraft) [STDOUT]: [WG-CONTENT-WB] chunk(-10,8) hash=f35c9763a40765c9 dh=81725212d51ba3ff nz=28586
[16:45:04] [Worker-Main-17/INFO] (Minecraft) [STDOUT]: [WG-CONTENT] chunk(-10,9) hash=3d20d3b27ea148a4 nz=28868
[16:45:04] [Worker-Main-11/INFO] (Minecraft) [STDOUT]: [WG-CONTENT-WB] chunk(-10,7) hash=6518700c6b85118f dh=4721168b28a53b6c nz=28439
[16:45:04] [Worker-Main-6/INFO] (Minecraft) [STDOUT]: [WG-CONTENT-WB] chunk(-10,6) hash=14ae18770a714c9d dh=d0a8a8f712723377 nz=31422
[16:45:04] [Worker-Main-22/INFO] (Minecraft) [STDOUT]: [WG-CONTENT-WB] chunk(-10,5) hash=238c2d504081605c dh=118fabd6b0ca45cd nz=32311
[16:45:04] [Worker-Main-15/INFO] (Minecraft) [STDOUT]: [WG-CONTENT] chunk(-9,2) hash=5f2fa95a94d93f1a nz=31993
[16:45:04] [Worker-Main-16/INFO] (Minecraft) [STDOUT]: [WG-CONTENT-WB] chunk(-10,11) hash=7c70c461a4322adb dh=44fffbdcb7de046c nz=31611
[16:45:04] [Worker-Main-12/INFO] (Minecraft) [STDOUT]: [WG-CONTENT] chunk(-9,3) hash=2917f787a95ee08e nz=32366
[16:45:04] [Worker-Main-3/INFO] (Minecraft) [STDOUT]: [WG-CONTENT-WB] chunk(-10,10) hash=101d4ec343cdfd47 dh=c831790dc973c724 nz=29608
[16:45:04] [Worker-Main-17/INFO] (Minecraft) [STDOUT]: [WG-CONTENT-WB] chunk(-10,9) hash=c5dac5d871458054 dh=6005ee899e4f0028 nz=28868
[16:45:04] [Worker-Main-8/INFO] (Minecraft) [STDOUT]: [WG-CONTENT] chunk(-9,4) hash=e05451cb19780485 nz=32463
[16:45:04] [Worker-Main-12/INFO] (Minecraft) [STDOUT]: [WG-CONTENT-WB] chunk(-9,3) hash=be1ded8a93fb014d dh=ee1acbbb3ebdf97a nz=32366
[16:45:04] [Worker-Main-15/INFO] (Minecraft) [STDOUT]: [WG-CONTENT-WB] chunk(-9,2) hash=4d3bbb1cc7033c21 dh=a0ed655ee6a059c nz=31993
[16:45:04] [Worker-Main-21/INFO] (Minecraft) [STDOUT]: [Mixin] buildSurface skipped chunk(-15,6)
[16:45:04] [Worker-Main-21/INFO] (Minecraft) [STDOUT]: [Mixin] buildSurface skipped chunk(-14,6)
[16:45:04] [Worker-Main-21/INFO] (Minecraft) [STDOUT]: [Mixin] buildSurface skipped chunk(-13,6)
[16:45:04] [Worker-Main-21/INFO] (Minecraft) [STDOUT]: [Mixin] buildSurface skipped chunk(-12,6)
[16:45:04] [Worker-Main-21/INFO] (Minecraft) [STDOUT]: [Mixin] buildSurface skipped chunk(-11,6)
[16:45:04] [Worker-Main-8/INFO] (Minecraft) [STDOUT]: [WG-CONTENT-WB] chunk(-9,4) hash=d8aa879882334a1b dh=ceffdc9749bcc9a nz=32463
[16:45:04] [Worker-Main-12/INFO] (Minecraft) [STDOUT]: [Mixin] buildSurface skipped chunk(-15,7)
[16:45:04] [Worker-Main-12/INFO] (Minecraft) [STDOUT]: [Mixin] buildSurface skipped chunk(-14,7)
[16:45:04] [Worker-Main-12/INFO] (Minecraft) [STDOUT]: [Mixin] buildSurface skipped chunk(-13,7)
[16:45:04] [Worker-Main-12/INFO] (Minecraft) [STDOUT]: [Mixin] buildSurface skipped chunk(-12,7)
[16:45:04] [Worker-Main-12/INFO] (Minecraft) [STDOUT]: [Mixin] buildSurface skipped chunk(-11,7)
[16:45:04] [Worker-Main-12/INFO] (Minecraft) [STDOUT]: [Mixin] buildSurface skipped chunk(-15,8)
[16:45:04] [Worker-Main-12/INFO] (Minecraft) [STDOUT]: [Mixin] buildSurface skipped chunk(-14,8)
[16:45:04] [Worker-Main-12/INFO] (Minecraft) [STDOUT]: [Mixin] buildSurface skipped chunk(-13,8)
[16:45:04] [Worker-Main-12/INFO] (Minecraft) [STDOUT]: [Mixin] buildSurface skipped chunk(-12,8)
[16:45:04] [Worker-Main-12/INFO] (Minecraft) [STDOUT]: [Mixin] buildSurface skipped chunk(-11,8)
[16:45:04] [Worker-Main-21/INFO] (Minecraft) [STDOUT]: [Mixin] buildSurface skipped chunk(-15,9)
[16:45:04] [Worker-Main-21/INFO] (Minecraft) [STDOUT]: [Mixin] buildSurface skipped chunk(-14,9)
[16:45:04] [Worker-Main-21/INFO] (Minecraft) [STDOUT]: [Mixin] buildSurface skipped chunk(-13,9)
[16:45:04] [Worker-Main-21/INFO] (Minecraft) [STDOUT]: [Mixin] buildSurface skipped chunk(-12,9)
[16:45:04] [Worker-Main-21/INFO] (Minecraft) [STDOUT]: [Mixin] buildSurface skipped chunk(-11,9)
[16:45:04] [Worker-Main-11/INFO] (Minecraft) [STDOUT]: [Mixin] buildSurface skipped chunk(-15,10)
[16:45:04] [Worker-Main-11/INFO] (Minecraft) [STDOUT]: [Mixin] buildSurface skipped chunk(-14,10)
[16:45:04] [Worker-Main-11/INFO] (Minecraft) [STDOUT]: [Mixin] buildSurface skipped chunk(-13,10)
[16:45:04] [Worker-Main-11/INFO] (Minecraft) [STDOUT]: [Mixin] buildSurface skipped chunk(-12,10)
[16:45:04] [Worker-Main-11/INFO] (Minecraft) [STDOUT]: [Mixin] buildSurface skipped chunk(-11,10)
[16:45:04] [Worker-Main-11/INFO] (Minecraft) [STDOUT]: [Mixin] buildSurface skipped chunk(-15,11)
[16:45:04] [Worker-Main-11/INFO] (Minecraft) [STDOUT]: [Mixin] buildSurface skipped chunk(-14,11)
[16:45:04] [Worker-Main-11/INFO] (Minecraft) [STDOUT]: [Mixin] buildSurface skipped chunk(-13,11)
[16:45:04] [Worker-Main-11/INFO] (Minecraft) [STDOUT]: [Mixin] buildSurface skipped chunk(-12,11)
[16:45:04] [Worker-Main-11/INFO] (Minecraft) [STDOUT]: [Mixin] buildSurface skipped chunk(-11,11)
[16:45:04] [Worker-Main-8/INFO] (Minecraft) [STDOUT]: [Mixin] buildSurface skipped chunk(-10,2)
[16:45:04] [Worker-Main-8/INFO] (Minecraft) [STDOUT]: [Mixin] buildSurface skipped chunk(-10,3)
[16:45:04] [Worker-Main-5/INFO] (Minecraft) [STDOUT]: [Mixin] buildSurface skipped chunk(-10,4)
[16:45:04] [Worker-Main-3/INFO] (Minecraft) [STDOUT]: [Mixin] buildSurface skipped chunk(-10,5)
[16:45:04] [Worker-Main-3/INFO] (Minecraft) [STDOUT]: [Mixin] buildSurface skipped chunk(-10,6)
[16:45:04] [Worker-Main-3/INFO] (Minecraft) [STDOUT]: [Mixin] buildSurface skipped chunk(-10,7)
[16:45:04] [Worker-Main-3/INFO] (Minecraft) [STDOUT]: [Mixin] buildSurface skipped chunk(-10,8)
[16:45:04] [Worker-Main-3/INFO] (Minecraft) [STDOUT]: [Mixin] buildSurface skipped chunk(-10,9)
[16:45:04] [Worker-Main-3/INFO] (Minecraft) [STDOUT]: [Mixin] buildSurface skipped chunk(-10,10)
[16:45:04] [Worker-Main-3/INFO] (Minecraft) [STDOUT]: [Mixin] buildSurface skipped chunk(-10,11)
[16:45:04] [Worker-Main-10/INFO] (Minecraft) [STDOUT]: [Mixin] buildSurface skipped chunk(-9,2)
[16:45:04] [Worker-Main-10/INFO] (Minecraft) [STDOUT]: [Mixin] buildSurface skipped chunk(-9,3)
[16:45:04] [Worker-Main-21/INFO] (Minecraft) [STDOUT]: [Mixin] buildSurface skipped chunk(-9,4)
[16:45:04] [Worker-Main-22/INFO] (Minecraft) [STDOUT]: [Mixin] populateNoise intercepted chunk(-9,5)
[16:45:04] [Worker-Main-22/INFO] (Minecraft) [STDOUT]: [Mixin] populateNoise intercepted chunk(-9,6)
[16:45:04] [Worker-Main-7/INFO] (Minecraft) [STDOUT]: [Mixin] populateNoise intercepted chunk(-9,7)
[16:45:04] [Worker-Main-7/INFO] (Minecraft) [STDOUT]: [Mixin] populateNoise intercepted chunk(-9,8)
[16:45:04] [Worker-Main-12/INFO] (Minecraft) [STDOUT]: [Mixin] populateNoise intercepted chunk(-9,9)
[16:45:04] [Worker-Main-12/INFO] (Minecraft) [STDOUT]: [Mixin] populateNoise intercepted chunk(-9,10)
[16:45:04] [Worker-Main-22/INFO] (Minecraft) [STDOUT]: [Mixin] populateNoise intercepted chunk(-9,11)
[16:45:04] [Worker-Main-16/INFO] (Minecraft) [STDOUT]: [Mixin] populateNoise intercepted chunk(-8,3)
[16:45:04] [Worker-Main-16/INFO] (Minecraft) [STDOUT]: [Mixin] populateNoise intercepted chunk(-8,4)
[16:45:04] [Worker-Main-16/INFO] (Minecraft) [STDOUT]: [Mixin] populateNoise intercepted chunk(-8,5)
[16:45:04] [Worker-Main-16/INFO] (Minecraft) [STDOUT]: [Mixin] populateNoise intercepted chunk(-8,6)
[16:45:04] [Worker-Main-16/INFO] (Minecraft) [STDOUT]: [Mixin] populateNoise intercepted chunk(-8,7)
[16:45:04] [Worker-Main-9/INFO] (Minecraft) [STDOUT]: [Mixin] populateNoise intercepted chunk(-8,2)
[16:45:04] [Worker-Main-5/INFO] (Minecraft) [STDOUT]: [Mixin] populateNoise intercepted chunk(-8,8)
[16:45:04] [Worker-Main-5/INFO] (Minecraft) [STDOUT]: [Mixin] populateNoise intercepted chunk(-8,9)
[16:45:04] [Worker-Main-8/INFO] (Minecraft) [STDOUT]: [Mixin] populateNoise intercepted chunk(-8,10)
[16:45:04] [Worker-Main-8/INFO] (Minecraft) [STDOUT]: [Mixin] populateNoise intercepted chunk(-8,11)
[16:45:04] [Worker-Main-10/INFO] (Minecraft) [STDOUT]: [Mixin] populateNoise intercepted chunk(-7,2)
[16:45:04] [Worker-Main-16/INFO] (Minecraft) [STDOUT]: [Mixin] populateNoise intercepted chunk(-7,3)
[16:45:04] [Worker-Main-16/INFO] (Minecraft) [STDOUT]: [Mixin] populateNoise intercepted chunk(-7,4)
[16:45:04] [Worker-Main-19/INFO] (Minecraft) [STDOUT]: [Mixin] populateNoise intercepted chunk(-7,5)
[16:45:04] [Worker-Main-19/INFO] (Minecraft) [STDOUT]: [Mixin] populateNoise intercepted chunk(-7,6)
[16:45:04] [Worker-Main-14/INFO] (Minecraft) [STDOUT]: [Mixin] populateNoise intercepted chunk(-7,7)
[16:45:04] [Worker-Main-7/INFO] (Minecraft) [STDOUT]: [WG-CONTENT] chunk(-9,8) hash=cb009327b1ce0a64 nz=32180
[16:45:04] [Worker-Main-4/INFO] (Minecraft) [STDOUT]: [WG-CONTENT] chunk(-9,9) hash=57c44fb3ce108536 nz=30221
[16:45:04] [Worker-Main-22/INFO] (Minecraft) [STDOUT]: [WG-CONTENT] chunk(-9,11) hash=113101ed6c1fcd6d nz=29787
[16:45:04] [Worker-Main-2/INFO] (Minecraft) [STDOUT]: [WG-CONTENT] chunk(-9,10) hash=1abfee1f1c3bd417 nz=28461
[16:45:04] [Worker-Main-7/INFO] (Minecraft) [STDOUT]: [WG-CONTENT-WB] chunk(-9,8) hash=9ecc898e0787f6ce dh=2569ad3a6b474e7 nz=32180
[16:45:04] [Worker-Main-7/INFO] (Minecraft) [STDOUT]: [Mixin] populateNoise intercepted chunk(-7,8)
[16:45:04] [Worker-Main-7/INFO] (Minecraft) [STDOUT]: [Mixin] populateNoise intercepted chunk(-7,9)
[16:45:04] [Worker-Main-7/INFO] (Minecraft) [STDOUT]: [Mixin] populateNoise intercepted chunk(-7,10)
[16:45:04] [Worker-Main-9/INFO] (Minecraft) [STDOUT]: [WG-CONTENT] chunk(-8,2) hash=86ce91f6fdfa11b8 nz=32353
[16:45:04] [Worker-Main-6/INFO] (Minecraft) [STDOUT]: [WG-CONTENT] chunk(-8,6) hash=843d0733ddfdbebc nz=32512
[16:45:04] [Worker-Main-20/INFO] (Minecraft) [STDOUT]: [WG-CONTENT] chunk(-9,5) hash=bed5cc5049aa7215 nz=32350
[16:45:04] [Worker-Main-12/INFO] (Minecraft) [STDOUT]: [WG-CONTENT] chunk(-8,3) hash=a80b03652e100c0e nz=32437
[16:45:04] [Worker-Main-22/INFO] (Minecraft) [STDOUT]: [WG-CONTENT-WB] chunk(-9,11) hash=22f026c538bb4f27 dh=13790a9d4b622ed4 nz=29787
[16:45:04] [Worker-Main-4/INFO] (Minecraft) [STDOUT]: [WG-CONTENT-WB] chunk(-9,9) hash=528645cc0c8c2d8f dh=c7da113a45cce156 nz=30221
[16:45:04] [Worker-Main-2/INFO] (Minecraft) [STDOUT]: [WG-CONTENT-WB] chunk(-9,10) hash=8dc9c6d25476d579 dh=ec1c829c04f0fb18 nz=28461
[16:45:04] [Worker-Main-6/INFO] (Minecraft) [STDOUT]: [WG-CONTENT-WB] chunk(-8,6) hash=58ad2720282bdcee dh=7cf4def867237b46 nz=32512
[16:45:04] [Worker-Main-20/INFO] (Minecraft) [STDOUT]: [WG-CONTENT-WB] chunk(-9,5) hash=9bd03caae806f479 dh=fab9757487616f3 nz=32350
[16:45:04] [Worker-Main-3/INFO] (Minecraft) [STDOUT]: [WG-CONTENT] chunk(-8,8) hash=14292c580fdbac34 nz=30394
[16:45:04] [Worker-Main-18/INFO] (Minecraft) [STDOUT]: [WG-CONTENT] chunk(-8,10) hash=27187bdf9d3d7a98 nz=29268
[16:45:04] [Worker-Main-1/INFO] (Minecraft) [STDOUT]: [WG-CONTENT] chunk(-8,5) hash=a28b56226e1723fc nz=32443
[16:45:04] [Worker-Main-17/INFO] (Minecraft) [STDOUT]: [WG-CONTENT] chunk(-9,7) hash=a7a65e619e69a74b nz=32375
[16:45:04] [Worker-Main-12/INFO] (Minecraft) [STDOUT]: [WG-CONTENT-WB] chunk(-8,3) hash=fe29caabf4958d46 dh=644b0f5bdb3713da nz=32437
[16:45:04] [Worker-Main-8/INFO] (Minecraft) [STDOUT]: [WG-CONTENT] chunk(-8,11) hash=31728adcc237b2cf nz=31826
[16:45:04] [Worker-Main-5/INFO] (Minecraft) [STDOUT]: [WG-CONTENT] chunk(-8,9) hash=56b1bbf58cd4553c nz=30005
[16:45:04] [Worker-Main-3/INFO] (Minecraft) [STDOUT]: [WG-CONTENT-WB] chunk(-8,8) hash=fb9338a545d8a448 dh=a8c6b9c22120f39 nz=30394
[16:45:04] [Worker-Main-11/INFO] (Minecraft) [STDOUT]: [WG-CONTENT] chunk(-9,6) hash=623714b945fb32e5 nz=32512
[16:45:04] [Worker-Main-3/INFO] (Minecraft) [STDOUT]: [Mixin] populateNoise intercepted chunk(-7,11)
[16:45:04] [Worker-Main-10/INFO] (Minecraft) [STDOUT]: [WG-CONTENT] chunk(-7,2) hash=903e4aeba04a7eb4 nz=32512
[16:45:04] [Worker-Main-18/INFO] (Minecraft) [STDOUT]: [WG-CONTENT-WB] chunk(-8,10) hash=5f94067610001056 dh=8978478b7619306c nz=29268
[16:45:04] [Worker-Main-18/INFO] (Minecraft) [STDOUT]: [Mixin] populateNoise intercepted chunk(-6,2)
[16:45:04] [Worker-Main-20/INFO] (Minecraft) [STDOUT]: [Mixin] populateNoise intercepted chunk(-6,3)
[16:45:04] [Worker-Main-20/INFO] (Minecraft) [STDOUT]: [Mixin] populateNoise intercepted chunk(-6,4)
[16:45:04] [Worker-Main-6/INFO] (Minecraft) [STDOUT]: [Mixin] buildSurface skipped chunk(-9,5)
[16:45:04] [Worker-Main-9/INFO] (Minecraft) [STDOUT]: [WG-CONTENT-WB] chunk(-8,2) hash=539210b68179ce3c dh=8a10d03c4e10d38d nz=32353
[16:45:04] [Worker-Main-8/INFO] (Minecraft) [STDOUT]: [WG-CONTENT-WB] chunk(-8,11) hash=de3e8d16b601aefa dh=458e75b09aeb6ad5 nz=31826
[16:45:04] [Worker-Main-8/INFO] (Minecraft) [STDOUT]: [Mixin] buildSurface skipped chunk(-8,2)
[16:45:04] [Worker-Main-15/INFO] (Minecraft) [STDOUT]: [WG-CONTENT] chunk(-8,4) hash=9496a1adc13528ce nz=32372
[16:45:04] [Worker-Main-8/INFO] (Minecraft) [STDOUT]: [Mixin] buildSurface skipped chunk(-8,3)
[16:45:04] [Worker-Main-11/INFO] (Minecraft) [STDOUT]: [WG-CONTENT-WB] chunk(-9,6) hash=bde43095816493d5 dh=4aabadcf43467783 nz=32512
[16:45:04] [Worker-Main-10/INFO] (Minecraft) [STDOUT]: [WG-CONTENT-WB] chunk(-7,2) hash=e710249cb2ca7ac1 dh=731564de0a406435 nz=32512
[16:45:04] [Worker-Main-1/INFO] (Minecraft) [STDOUT]: [WG-CONTENT-WB] chunk(-8,5) hash=a9f26db11135f908 dh=b5bed79911694b97 nz=32443
[16:45:04] [Worker-Main-16/INFO] (Minecraft) [STDOUT]: [WG-CONTENT] chunk(-7,3) hash=d6248745a9e5fd2c nz=32512
[16:45:04] [Worker-Main-23/INFO] (Minecraft) [STDOUT]: [WG-CONTENT] chunk(-8,7) hash=1029452cab962524 nz=32487
[16:45:04] [Worker-Main-17/INFO] (Minecraft) [STDOUT]: [WG-CONTENT-WB] chunk(-9,7) hash=b4dda305b47c9a08 dh=9e15bd232221345a nz=32375
[16:45:04] [Worker-Main-5/INFO] (Minecraft) [STDOUT]: [WG-CONTENT-WB] chunk(-8,9) hash=e6b5eedafe335f5e dh=8d64c2ba1ec8ee6a nz=30005
[16:45:04] [Worker-Main-12/INFO] (Minecraft) [STDOUT]: [Mixin] buildSurface skipped chunk(-9,6)
[16:45:04] [Worker-Main-16/INFO] (Minecraft) [STDOUT]: [WG-CONTENT-WB] chunk(-7,3) hash=bcfb26f61d84907e dh=22a41c8ba9074906 nz=32512
[16:45:04] [Worker-Main-8/INFO] (Minecraft) [STDOUT]: [Mixin] buildSurface skipped chunk(-7,2)
[16:45:04] [Worker-Main-15/INFO] (Minecraft) [STDOUT]: [WG-CONTENT-WB] chunk(-8,4) hash=c091606ad549f2b1 dh=959a12cc166916f7 nz=32372
[16:45:04] [Worker-Main-23/INFO] (Minecraft) [STDOUT]: [WG-CONTENT-WB] chunk(-8,7) hash=c96f9c8c7137fcbc dh=a35970f0b4255ac9 nz=32487
[16:45:04] [Worker-Main-13/INFO] (Minecraft) [STDOUT]: [WG-CONTENT] chunk(-7,4) hash=8158eadd084469e4 nz=32512
[16:45:04] [Worker-Main-16/INFO] (Minecraft) [STDOUT]: [Mixin] buildSurface skipped chunk(-8,4)
[16:45:04] [Worker-Main-16/INFO] (Minecraft) [STDOUT]: [Mixin] buildSurface skipped chunk(-8,5)
[16:45:04] [Worker-Main-16/INFO] (Minecraft) [STDOUT]: [Mixin] buildSurface skipped chunk(-8,6)
[16:45:04] [Worker-Main-19/INFO] (Minecraft) [STDOUT]: [WG-CONTENT] chunk(-7,5) hash=f3087d611db1f377 nz=32476
[16:45:04] [Worker-Main-13/INFO] (Minecraft) [STDOUT]: [WG-CONTENT-WB] chunk(-7,4) hash=f4068c2d0c8ed65e dh=85a3b83f8c24e95b nz=32512
[16:45:04] [Worker-Main-21/INFO] (Minecraft) [STDOUT]: [WG-CONTENT] chunk(-7,6) hash=2454a423f9efda8d nz=32457
[16:45:04] [Worker-Main-9/INFO] (Minecraft) [STDOUT]: [Mixin] buildSurface skipped chunk(-9,7)
[16:45:04] [Worker-Main-9/INFO] (Minecraft) [STDOUT]: [Mixin] buildSurface skipped chunk(-9,8)
[16:45:04] [Worker-Main-9/INFO] (Minecraft) [STDOUT]: [Mixin] buildSurface skipped chunk(-9,9)
[16:45:04] [Worker-Main-9/INFO] (Minecraft) [STDOUT]: [Mixin] buildSurface skipped chunk(-9,10)
[16:45:04] [Worker-Main-14/INFO] (Minecraft) [STDOUT]: [WG-CONTENT] chunk(-7,7) hash=f0eb69eb2c881f75 nz=32498
[16:45:04] [Worker-Main-19/INFO] (Minecraft) [STDOUT]: [WG-CONTENT-WB] chunk(-7,5) hash=899970b06a756bc6 dh=7d17748e73fe842f nz=32476
[16:45:04] [Worker-Main-21/INFO] (Minecraft) [STDOUT]: [WG-CONTENT-WB] chunk(-7,6) hash=8c7bcf1b7cb5a707 dh=8b49810709bfd3db nz=32457
[16:45:04] [Worker-Main-14/INFO] (Minecraft) [STDOUT]: [WG-CONTENT-WB] chunk(-7,7) hash=ebd65dacebe0f26d dh=a5105513a31a4f81 nz=32498
[16:45:04] [Worker-Main-21/INFO] (Minecraft) [STDOUT]: [Mixin] buildSurface skipped chunk(-9,11)
[16:45:04] [Worker-Main-13/INFO] (Minecraft) [STDOUT]: [Mixin] buildSurface skipped chunk(-8,7)
[16:45:04] [Worker-Main-13/INFO] (Minecraft) [STDOUT]: [Mixin] buildSurface skipped chunk(-8,8)
[16:45:04] [Worker-Main-13/INFO] (Minecraft) [STDOUT]: [Mixin] buildSurface skipped chunk(-8,9)
[16:45:04] [Worker-Main-13/INFO] (Minecraft) [STDOUT]: [Mixin] buildSurface skipped chunk(-8,10)
[16:45:04] [Worker-Main-4/INFO] (Minecraft) [STDOUT]: [WG-CONTENT] chunk(-7,9) hash=dbfd523eb4177f37 nz=32063
[16:45:04] [Worker-Main-2/INFO] (Minecraft) [STDOUT]: [WG-CONTENT] chunk(-7,10) hash=eb7d88f897f30567 nz=32406
[16:45:04] [Worker-Main-4/INFO] (Minecraft) [STDOUT]: [WG-CONTENT-WB] chunk(-7,9) hash=c362e91f054bc2d4 dh=c5321807151e04d4 nz=32063
[16:45:04] [Worker-Main-7/INFO] (Minecraft) [STDOUT]: [WG-CONTENT] chunk(-7,8) hash=9e3b0c0c4fdab184 nz=32439
[16:45:04] [Worker-Main-13/INFO] (Minecraft) [STDOUT]: [Mixin] buildSurface skipped chunk(-7,3)
[16:45:04] [Worker-Main-2/INFO] (Minecraft) [STDOUT]: [WG-CONTENT-WB] chunk(-7,10) hash=b347af3a84b6c0b6 dh=20a073b010309f94 nz=32406
[16:45:04] [Worker-Main-15/INFO] (Minecraft) [STDOUT]: [Mixin] buildSurface skipped chunk(-8,11)
[16:45:04] [Worker-Main-22/INFO] (Minecraft) [STDOUT]: [WG-CONTENT] chunk(-6,3) hash=b41df70b8796d21d nz=32512
[16:45:04] [Worker-Main-20/INFO] (Minecraft) [STDOUT]: [WG-CONTENT] chunk(-6,4) hash=4e3edfb4c147f996 nz=32463
[16:45:04] [Worker-Main-3/INFO] (Minecraft) [STDOUT]: [WG-CONTENT] chunk(-7,11) hash=2e46cc18843158c5 nz=32467
[16:45:04] [Worker-Main-18/INFO] (Minecraft) [STDOUT]: [WG-CONTENT] chunk(-6,2) hash=117f23933a13ef77 nz=32512
[16:45:04] [Worker-Main-7/INFO] (Minecraft) [STDOUT]: [WG-CONTENT-WB] chunk(-7,8) hash=af167d07e1858586 dh=4b1ea72e0518196f nz=32439
[16:45:04] [Worker-Main-11/INFO] (Minecraft) [STDOUT]: [Mixin] buildSurface skipped chunk(-7,4)
[16:45:04] [Worker-Main-22/INFO] (Minecraft) [STDOUT]: [WG-CONTENT-WB] chunk(-6,3) hash=aaf6f30f3ef34a65 dh=ce6824ab83b02b86 nz=32512
[16:45:04] [Worker-Main-3/INFO] (Minecraft) [STDOUT]: [WG-CONTENT-WB] chunk(-7,11) hash=ed6b9333cf663569 dh=bd6c86f0e7951aad nz=32467
[16:45:04] [Worker-Main-18/INFO] (Minecraft) [STDOUT]: [WG-CONTENT-WB] chunk(-6,2) hash=bcd102b7015483f6 dh=3b7c461129a2bb19 nz=32512
[16:45:04] [Worker-Main-20/INFO] (Minecraft) [STDOUT]: [WG-CONTENT-WB] chunk(-6,4) hash=f5003cd0d37cdf37 dh=42a773834d02bc73 nz=32463
[16:45:04] [Worker-Main-11/INFO] (Minecraft) [STDOUT]: [Mixin] buildSurface skipped chunk(-7,5)
[16:45:05] [Worker-Main-11/INFO] (Minecraft) [STDOUT]: [Mixin] buildSurface skipped chunk(-7,6)
[16:45:05] [Worker-Main-11/INFO] (Minecraft) [STDOUT]: [Mixin] buildSurface skipped chunk(-7,7)
[16:45:05] [Worker-Main-20/INFO] (Minecraft) [STDOUT]: [Mixin] buildSurface skipped chunk(-7,8)
[16:45:05] [Worker-Main-20/INFO] (Minecraft) [STDOUT]: [Mixin] buildSurface skipped chunk(-7,9)
[16:45:05] [Worker-Main-9/INFO] (Minecraft) [STDOUT]: [Mixin] populateNoise intercepted chunk(-6,5)
[16:45:05] [Worker-Main-9/INFO] (Minecraft) [STDOUT]: [Mixin] populateNoise intercepted chunk(-6,6)
[16:45:05] [Worker-Main-9/INFO] (Minecraft) [STDOUT]: [Mixin] populateNoise intercepted chunk(-6,7)
[16:45:05] [Worker-Main-18/INFO] (Minecraft) [STDOUT]: [Mixin] populateNoise intercepted chunk(-6,8)
[16:45:05] [Worker-Main-18/INFO] (Minecraft) [STDOUT]: [Mixin] populateNoise intercepted chunk(-6,9)
[16:45:05] [Worker-Main-18/INFO] (Minecraft) [STDOUT]: [Mixin] populateNoise intercepted chunk(-6,10)
[16:45:05] [Worker-Main-18/INFO] (Minecraft) [STDOUT]: [Mixin] populateNoise intercepted chunk(-6,11)
[16:45:05] [Worker-Main-6/INFO] (Minecraft) [STDOUT]: [Mixin] populateNoise intercepted chunk(-5,2)
[16:45:05] [Worker-Main-21/INFO] (Minecraft) [STDOUT]: [Mixin] populateNoise intercepted chunk(-5,3)
[16:45:05] [Worker-Main-21/INFO] (Minecraft) [STDOUT]: [Mixin] populateNoise intercepted chunk(-5,4)
[16:45:05] [Worker-Main-21/INFO] (Minecraft) [STDOUT]: [Mixin] populateNoise intercepted chunk(-5,5)
[16:45:05] [Worker-Main-21/INFO] (Minecraft) [STDOUT]: [Mixin] populateNoise intercepted chunk(-5,6)
[16:45:05] [Worker-Main-21/INFO] (Minecraft) [STDOUT]: [Mixin] populateNoise intercepted chunk(-5,7)
[16:45:05] [Worker-Main-18/INFO] (Minecraft) [STDOUT]: [Mixin] populateNoise intercepted chunk(-5,8)
[16:45:05] [Worker-Main-17/INFO] (Minecraft) [STDOUT]: [Mixin] populateNoise intercepted chunk(-5,9)
[16:45:05] [Worker-Main-17/INFO] (Minecraft) [STDOUT]: [Mixin] populateNoise intercepted chunk(-5,10)
[16:45:05] [Worker-Main-17/INFO] (Minecraft) [STDOUT]: [Mixin] populateNoise intercepted chunk(-5,11)
[16:45:05] [Worker-Main-20/INFO] (Minecraft) [STDOUT]: [Mixin] buildSurface skipped chunk(-7,10)
[16:45:05] [Worker-Main-8/INFO] (Minecraft) [STDOUT]: [Mixin] populateNoise intercepted chunk(-4,2)
[16:45:05] [Worker-Main-1/INFO] (Minecraft) [STDOUT]: [Mixin] populateNoise intercepted chunk(-4,3)
[16:45:05] [Worker-Main-20/INFO] (Minecraft) [STDOUT]: [Mixin] buildSurface skipped chunk(-6,2)
[16:45:05] [Worker-Main-20/INFO] (Minecraft) [STDOUT]: [Mixin] buildSurface skipped chunk(-6,3)
[16:45:05] [Worker-Main-19/INFO] (Minecraft) [STDOUT]: [Mixin] buildSurface skipped chunk(-7,11)
[16:45:05] [Worker-Main-20/INFO] (Minecraft) [STDOUT]: [Mixin] buildSurface skipped chunk(-6,4)
[16:45:05] [Worker-Main-20/INFO] (Minecraft) [STDOUT]: [Mixin] populateNoise intercepted chunk(-4,4)
[16:45:05] [Worker-Main-19/INFO] (Minecraft) [STDOUT]: [Mixin] populateNoise intercepted chunk(-3,2)
[16:45:05] [Worker-Main-19/INFO] (Minecraft) [STDOUT]: [Mixin] populateNoise intercepted chunk(-3,3)
[16:45:05] [Worker-Main-20/INFO] (Minecraft) [STDOUT]: [Mixin] populateNoise intercepted chunk(-4,5)
[16:45:05] [Worker-Main-3/INFO] (Minecraft) [STDOUT]: [WG-CONTENT] chunk(-5,3) hash=185cd7c6940b191f nz=32512
[16:45:05] [Worker-Main-16/INFO] (Minecraft) [STDOUT]: [WG-CONTENT] chunk(-6,10) hash=56365776427db05d nz=32512
[16:45:05] [Worker-Main-15/INFO] (Minecraft) [STDOUT]: [WG-CONTENT] chunk(-5,10) hash=33a7a0025ffa4b1f nz=32512
[16:45:05] [Worker-Main-7/INFO] (Minecraft) [STDOUT]: [WG-CONTENT] chunk(-6,5) hash=c18a882c50a39b9e nz=31905
[16:45:05] [Worker-Main-16/INFO] (Minecraft) [STDOUT]: [WG-CONTENT-WB] chunk(-6,10) hash=c3d47e5a78760899 dh=92f8429a3d41c62 nz=32512
[16:45:05] [Worker-Main-13/INFO] (Minecraft) [STDOUT]: [WG-CONTENT] chunk(-5,4) hash=193989937d858c74 nz=31657
[16:45:05] [Worker-Main-3/INFO] (Minecraft) [STDOUT]: [WG-CONTENT-WB] chunk(-5,3) hash=80aee74c22e31bc6 dh=3cd4e333deb05ba1 nz=32512
[16:45:05] [Worker-Main-3/INFO] (Minecraft) [STDOUT]: [Mixin] populateNoise intercepted chunk(-4,6)
[16:45:05] [Worker-Main-16/INFO] (Minecraft) [STDOUT]: [Mixin] populateNoise intercepted chunk(-4,7)
[16:45:05] [Worker-Main-10/INFO] (Minecraft) [STDOUT]: [WG-CONTENT] chunk(-5,6) hash=97702716e95e7525 nz=31657
[16:45:05] [Worker-Main-9/INFO] (Minecraft) [STDOUT]: [WG-CONTENT] chunk(-6,7) hash=3f8d60dc15cfdd75 nz=30986
[16:45:05] [Worker-Main-5/INFO] (Minecraft) [STDOUT]: [WG-CONTENT] chunk(-6,11) hash=8efa4028cf1a8897 nz=32512
[16:45:05] [Worker-Main-15/INFO] (Minecraft) [STDOUT]: [WG-CONTENT-WB] chunk(-5,10) hash=3857e6272dfaa96a dh=7d11ec3a486e39bf nz=32512
[16:45:05] [Worker-Main-14/INFO] (Minecraft) [STDOUT]: [WG-CONTENT] chunk(-5,5) hash=cadf84288e93e809 nz=28644
[16:45:05] [Worker-Main-11/INFO] (Minecraft) [STDOUT]: [WG-CONTENT] chunk(-6,8) hash=f24323c96926e6ce nz=32482
[16:45:05] [Worker-Main-18/INFO] (Minecraft) [STDOUT]: [WG-CONTENT] chunk(-5,8) hash=1e30b7f7249b029c nz=32469
[16:45:05] [Worker-Main-7/INFO] (Minecraft) [STDOUT]: [WG-CONTENT-WB] chunk(-6,5) hash=73fe2cc185b6de1d dh=e132a49411e06d09 nz=31905
[16:45:05] [Worker-Main-17/INFO] (Minecraft) [STDOUT]: [WG-CONTENT] chunk(-5,11) hash=b258db51db4dbe7e nz=32299
[16:45:05] [Worker-Main-13/INFO] (Minecraft) [STDOUT]: [WG-CONTENT-WB] chunk(-5,4) hash=2425e60a4efdbfb8 dh=5f4333f9199f51dd nz=31657
[16:45:05] [Worker-Main-2/INFO] (Minecraft) [STDOUT]: [WG-CONTENT] chunk(-6,6) hash=c98d3f96d5b4a9b5 nz=30629
[16:45:05] [Worker-Main-12/INFO] (Minecraft) [STDOUT]: [WG-CONTENT] chunk(-5,9) hash=8fa34e72ef42b3d7 nz=32512
[16:45:05] [Worker-Main-10/INFO] (Minecraft) [STDOUT]: [WG-CONTENT-WB] chunk(-5,6) hash=2190a82370868419 dh=c76bf768dc777ded nz=31657
[16:45:05] [Worker-Main-5/INFO] (Minecraft) [STDOUT]: [WG-CONTENT-WB] chunk(-6,11) hash=8a77fb6a0e798f2a dh=b1ffee78e7475588 nz=32512
[16:45:05] [Worker-Main-15/INFO] (Minecraft) [STDOUT]: [Mixin] populateNoise intercepted chunk(-4,8)
[16:45:05] [Worker-Main-9/INFO] (Minecraft) [STDOUT]: [WG-CONTENT-WB] chunk(-6,7) hash=7a4299e31cae26d9 dh=9ccc92c8d8e92171 nz=30986
[16:45:05] [Worker-Main-9/INFO] (Minecraft) [STDOUT]: [Mixin] populateNoise intercepted chunk(-4,9)
[16:45:05] [Worker-Main-15/INFO] (Minecraft) [STDOUT]: [Mixin] populateNoise intercepted chunk(-4,10)
[16:45:05] [Worker-Main-6/INFO] (Minecraft) [STDOUT]: [WG-CONTENT] chunk(-5,2) hash=f88dd2f60945acce nz=32512
[16:45:05] [Worker-Main-18/INFO] (Minecraft) [STDOUT]: [WG-CONTENT-WB] chunk(-5,8) hash=bf4463187ffaf5c0 dh=792a8d9b164a62f7 nz=32469
[16:45:05] [Worker-Main-14/INFO] (Minecraft) [STDOUT]: [WG-CONTENT-WB] chunk(-5,5) hash=321917e18c01166d dh=503104ab909724a nz=28644
[16:45:05] [Worker-Main-4/INFO] (Minecraft) [STDOUT]: [WG-CONTENT] chunk(-6,9) hash=6a7d829ff9b1a46 nz=32486
[16:45:05] [Worker-Main-17/INFO] (Minecraft) [STDOUT]: [WG-CONTENT-WB] chunk(-5,11) hash=8766f8bcb77d63cf dh=308b9f8f9755f748 nz=32299
[16:45:05] [Worker-Main-11/INFO] (Minecraft) [STDOUT]: [WG-CONTENT-WB] chunk(-6,8) hash=ff9c2e0583538911 dh=653999cd27477040 nz=32482
[16:45:05] [Worker-Main-17/INFO] (Minecraft) [STDOUT]: [Mixin] populateNoise intercepted chunk(-3,4)
[16:45:05] [Worker-Main-7/INFO] (Minecraft) [STDOUT]: [Mixin] populateNoise intercepted chunk(-4,11)
[16:45:05] [Worker-Main-10/INFO] (Minecraft) [STDOUT]: [Mixin] populateNoise intercepted chunk(-3,5)
[16:45:05] [Worker-Main-2/INFO] (Minecraft) [STDOUT]: [WG-CONTENT-WB] chunk(-6,6) hash=88ff10f558025e57 dh=573056827f1c6efd nz=30629
[16:45:05] [Worker-Main-2/INFO] (Minecraft) [STDOUT]: [Mixin] populateNoise intercepted chunk(-3,6)
[16:45:05] [Worker-Main-13/INFO] (Minecraft) [STDOUT]: [Mixin] buildSurface skipped chunk(-6,5)
[16:45:05] [Worker-Main-12/INFO] (Minecraft) [STDOUT]: [WG-CONTENT-WB] chunk(-5,9) hash=b2d280788e8179de dh=5f4272cc923aeb2c nz=32512
[16:45:05] [Worker-Main-6/INFO] (Minecraft) [STDOUT]: [WG-CONTENT-WB] chunk(-5,2) hash=d92c91b3c7a999d dh=af1c214f0d19fb1e nz=32512
[16:45:05] [Worker-Main-1/INFO] (Minecraft) [STDOUT]: [WG-CONTENT] chunk(-4,3) hash=f0eac7ff16b087af nz=32512
[16:45:05] [Worker-Main-8/INFO] (Minecraft) [STDOUT]: [WG-CONTENT] chunk(-4,2) hash=e754aa3366b08957 nz=32512
[16:45:05] [Worker-Main-4/INFO] (Minecraft) [STDOUT]: [WG-CONTENT-WB] chunk(-6,9) hash=4f53383f56aabbc5 dh=a62ff94e46b47cb2 nz=32486
[16:45:05] [Worker-Main-21/INFO] (Minecraft) [STDOUT]: [WG-CONTENT] chunk(-5,7) hash=328b38b373fdb98a nz=31955
[16:45:05] [Worker-Main-18/INFO] (Minecraft) [STDOUT]: [Mixin] buildSurface skipped chunk(-5,2)
[16:45:05] [Worker-Main-18/INFO] (Minecraft) [STDOUT]: [Mixin] buildSurface skipped chunk(-5,3)
[16:45:05] [Worker-Main-18/INFO] (Minecraft) [STDOUT]: [Mixin] buildSurface skipped chunk(-5,4)
[16:45:05] [Worker-Main-8/INFO] (Minecraft) [STDOUT]: [WG-CONTENT-WB] chunk(-4,2) hash=149486f4570f3a32 dh=2f8ebbad3b198fd6 nz=32512
[16:45:05] [Worker-Main-1/INFO] (Minecraft) [STDOUT]: [WG-CONTENT-WB] chunk(-4,3) hash=22df85838829e3e6 dh=6a85e7c334954247 nz=32512
[16:45:05] [Worker-Main-21/INFO] (Minecraft) [STDOUT]: [WG-CONTENT-WB] chunk(-5,7) hash=e55c643ef3e4b2b7 dh=2845606f9fa41018 nz=31955
[16:45:05] [Worker-Main-18/INFO] (Minecraft) [STDOUT]: [Mixin] populateNoise intercepted chunk(-3,7)
[16:45:05] [Worker-Main-14/INFO] (Minecraft) [STDOUT]: [Mixin] buildSurface skipped chunk(-6,6)
[16:45:05] [Worker-Main-14/INFO] (Minecraft) [STDOUT]: [Mixin] buildSurface skipped chunk(-5,5)
[16:45:05] [Worker-Main-14/INFO] (Minecraft) [STDOUT]: [Mixin] buildSurface skipped chunk(-5,6)
[16:45:05] [Worker-Main-22/INFO] (Minecraft) [STDOUT]: [WG-CONTENT] chunk(-4,4) hash=61b0d3a3b2bb0f17 nz=31772
[16:45:05] [Worker-Main-22/INFO] (Minecraft) [STDOUT]: [WG-CONTENT-WB] chunk(-4,4) hash=e6476feb62385c60 dh=ccaa78007842f363 nz=31772
[16:45:05] [Worker-Main-19/INFO] (Minecraft) [STDOUT]: [WG-CONTENT] chunk(-3,2) hash=91e62e7e5c2de75d nz=32390
[16:45:05] [Worker-Main-21/INFO] (Minecraft) [STDOUT]: [Mixin] buildSurface skipped chunk(-6,7)
[16:45:05] [Worker-Main-21/INFO] (Minecraft) [STDOUT]: [Mixin] buildSurface skipped chunk(-6,8)
[16:45:05] [Worker-Main-21/INFO] (Minecraft) [STDOUT]: [Mixin] buildSurface skipped chunk(-6,9)
[16:45:05] [Worker-Main-21/INFO] (Minecraft) [STDOUT]: [Mixin] buildSurface skipped chunk(-6,10)
[16:45:05] [Worker-Main-21/INFO] (Minecraft) [STDOUT]: [Mixin] buildSurface skipped chunk(-6,11)
[16:45:05] [Worker-Main-23/INFO] (Minecraft) [STDOUT]: [WG-CONTENT] chunk(-3,3) hash=13d95ee5b6f57887 nz=32512
[16:45:05] [Worker-Main-19/INFO] (Minecraft) [STDOUT]: [WG-CONTENT-WB] chunk(-3,2) hash=95cd58e033436c15 dh=461d65ea2ff697a4 nz=32390
[16:45:05] [Worker-Main-20/INFO] (Minecraft) [STDOUT]: [WG-CONTENT] chunk(-4,5) hash=4afba544e79b5ac nz=31364
[16:45:05] [Worker-Main-23/INFO] (Minecraft) [STDOUT]: [WG-CONTENT-WB] chunk(-3,3) hash=b0092f1051be06fe dh=e62f671db7024cfd nz=32512
[16:45:05] [Worker-Main-20/INFO] (Minecraft) [STDOUT]: [WG-CONTENT-WB] chunk(-4,5) hash=9b9f39562fe2fa22 dh=f1604f416e640537 nz=31364
[16:45:05] [Worker-Main-19/INFO] (Minecraft) [STDOUT]: [Mixin] buildSurface skipped chunk(-5,7)
[16:45:05] [Worker-Main-19/INFO] (Minecraft) [STDOUT]: [Mixin] buildSurface skipped chunk(-5,8)
[16:45:05] [Worker-Main-16/INFO] (Minecraft) [STDOUT]: [WG-CONTENT] chunk(-4,7) hash=200ae3812b733483 nz=32348
[16:45:05] [Worker-Main-16/INFO] (Minecraft) [STDOUT]: [WG-CONTENT-WB] chunk(-4,7) hash=43ec533c87c6608e dh=795de4d85150147c nz=32348
[16:45:05] [Worker-Main-3/INFO] (Minecraft) [STDOUT]: [WG-CONTENT] chunk(-4,6) hash=2e433ec273c5b7c5 nz=32489
[16:45:05] [Worker-Main-19/INFO] (Minecraft) [STDOUT]: [Mixin] buildSurface skipped chunk(-5,9)
[16:45:05] [Worker-Main-19/INFO] (Minecraft) [STDOUT]: [Mixin] buildSurface skipped chunk(-5,10)
[16:45:05] [Worker-Main-19/INFO] (Minecraft) [STDOUT]: [Mixin] buildSurface skipped chunk(-5,11)
[16:45:05] [Worker-Main-3/INFO] (Minecraft) [STDOUT]: [WG-CONTENT-WB] chunk(-4,6) hash=6ab73331e0f9ab9b dh=88e572e346fb0826 nz=32489
[16:45:05] [Worker-Main-5/INFO] (Minecraft) [STDOUT]: [WG-CONTENT] chunk(-4,8) hash=ef7716bc1f524c4f nz=32472
[16:45:05] [Worker-Main-15/INFO] (Minecraft) [STDOUT]: [WG-CONTENT] chunk(-4,10) hash=7e98ae19ef1d6977 nz=32512
[16:45:05] [Worker-Main-9/INFO] (Minecraft) [STDOUT]: [WG-CONTENT] chunk(-4,9) hash=91dfa7506c3b7507 nz=32512
[16:45:05] [Worker-Main-2/INFO] (Minecraft) [STDOUT]: [WG-CONTENT] chunk(-3,6) hash=46be2d1957a79c06 nz=32512
[16:45:05] [Worker-Main-10/INFO] (Minecraft) [STDOUT]: [WG-CONTENT] chunk(-3,5) hash=657322c9caf0881c nz=32260
[16:45:05] [Worker-Main-17/INFO] (Minecraft) [STDOUT]: [WG-CONTENT] chunk(-3,4) hash=adbf728490567838 nz=31063
[16:45:05] [Worker-Main-7/INFO] (Minecraft) [STDOUT]: [WG-CONTENT] chunk(-4,11) hash=38511e7c2f7a6b8e nz=32512
[16:45:05] [Worker-Main-5/INFO] (Minecraft) [STDOUT]: [WG-CONTENT-WB] chunk(-4,8) hash=63a7b3a28642de22 dh=1fc1f5b852c25e14 nz=32472
[16:45:05] [Worker-Main-23/INFO] (Minecraft) [STDOUT]: [Mixin] populateNoise intercepted chunk(-3,8)
[16:45:05] [Worker-Main-9/INFO] (Minecraft) [STDOUT]: [WG-CONTENT-WB] chunk(-4,9) hash=ec5f5fca7681dab2 dh=ac3962f4987e1635 nz=32512
[16:45:05] [Worker-Main-21/INFO] (Minecraft) [STDOUT]: [Mixin] populateNoise intercepted chunk(-3,9)
[16:45:05] [Worker-Main-21/INFO] (Minecraft) [STDOUT]: [Mixin] populateNoise intercepted chunk(-3,10)
[16:45:05] [Worker-Main-1/INFO] (Minecraft) [STDOUT]: [Mixin] populateNoise intercepted chunk(-3,11)
[16:45:05] [Worker-Main-16/INFO] (Minecraft) [STDOUT]: [Mixin] populateNoise intercepted chunk(-2,2)
[16:45:05] [Worker-Main-15/INFO] (Minecraft) [STDOUT]: [WG-CONTENT-WB] chunk(-4,10) hash=a483b520846b1890 dh=d75e9c8f542da705 nz=32512
[16:45:05] [Worker-Main-9/INFO] (Minecraft) [STDOUT]: [Mixin] populateNoise intercepted chunk(-2,3)
[16:45:05] [Worker-Main-14/INFO] (Minecraft) [STDOUT]: [Mixin] buildSurface skipped chunk(-4,2)
[16:45:05] [Worker-Main-17/INFO] (Minecraft) [STDOUT]: [WG-CONTENT-WB] chunk(-3,4) hash=e0384a2b7dbd7c6c dh=f1012f4bf60f9473 nz=31063
[16:45:05] [Worker-Main-10/INFO] (Minecraft) [STDOUT]: [WG-CONTENT-WB] chunk(-3,5) hash=3ba776636d6708ae dh=1e5f968e0b67dae7 nz=32260
[16:45:05] [Worker-Main-2/INFO] (Minecraft) [STDOUT]: [WG-CONTENT-WB] chunk(-3,6) hash=667ca74c0513bc9d dh=f910691a27d25909 nz=32512
[16:45:05] [Worker-Main-14/INFO] (Minecraft) [STDOUT]: [Mixin] buildSurface skipped chunk(-4,3)
[16:45:05] [Worker-Main-7/INFO] (Minecraft) [STDOUT]: [WG-CONTENT-WB] chunk(-4,11) hash=72ea8a49fc057861 dh=ea5020baf5daa037 nz=32512
[16:45:05] [Worker-Main-18/INFO] (Minecraft) [STDOUT]: [WG-CONTENT] chunk(-3,7) hash=547c18e430930b00 nz=32512
[16:45:05] [Worker-Main-13/INFO] (Minecraft) [STDOUT]: [Mixin] buildSurface skipped chunk(-4,4)
[16:45:05] [Worker-Main-13/INFO] (Minecraft) [STDOUT]: [Mixin] buildSurface skipped chunk(-4,5)
[16:45:05] [Worker-Main-13/INFO] (Minecraft) [STDOUT]: [Mixin] buildSurface skipped chunk(-3,2)
[16:45:05] [Worker-Main-13/INFO] (Minecraft) [STDOUT]: [Mixin] buildSurface skipped chunk(-3,3)
[16:45:05] [Worker-Main-13/INFO] (Minecraft) [STDOUT]: [Mixin] buildSurface skipped chunk(-3,4)
[16:45:05] [Worker-Main-13/INFO] (Minecraft) [STDOUT]: [Mixin] buildSurface skipped chunk(-3,5)
[16:45:05] [Worker-Main-18/INFO] (Minecraft) [STDOUT]: [WG-CONTENT-WB] chunk(-3,7) hash=88ca2d4dd4f5e1de dh=91f06e1bac69a2a5 nz=32512
[16:45:05] [Worker-Main-18/INFO] (Minecraft) [STDOUT]: [Mixin] buildSurface skipped chunk(-4,6)
[16:45:05] [Worker-Main-18/INFO] (Minecraft) [STDOUT]: [Mixin] buildSurface skipped chunk(-4,7)
[16:45:05] [Worker-Main-13/INFO] (Minecraft) [STDOUT]: [Mixin] buildSurface skipped chunk(-4,8)
[16:45:05] [Worker-Main-10/INFO] (Minecraft) [STDOUT]: [Mixin] buildSurface skipped chunk(-4,9)
[16:45:05] [Worker-Main-14/INFO] (Minecraft) [STDOUT]: [Mixin] buildSurface skipped chunk(-4,10)
[16:45:05] [Worker-Main-22/INFO] (Minecraft) [STDOUT]: [Mixin] buildSurface skipped chunk(-3,6)
[16:45:05] [Worker-Main-22/INFO] (Minecraft) [STDOUT]: [Mixin] buildSurface skipped chunk(-4,11)
[16:45:05] [Worker-Main-22/INFO] (Minecraft) [STDOUT]: [Mixin] buildSurface skipped chunk(-3,7)
[16:45:05] [Worker-Main-23/INFO] (Minecraft) [STDOUT]: [WG-CONTENT] chunk(-3,8) hash=ea256b9226dec07d nz=32174
[16:45:05] [Worker-Main-19/INFO] (Minecraft) [STDOUT]: [WG-CONTENT] chunk(-3,9) hash=eb12138840cb0456 nz=31749
[16:45:05] [Worker-Main-22/INFO] (Minecraft) [STDOUT]: [Mixin] populateNoise intercepted chunk(-2,4)
[16:45:05] [Worker-Main-22/INFO] (Minecraft) [STDOUT]: [Mixin] populateNoise intercepted chunk(-2,5)
[16:45:05] [Worker-Main-10/INFO] (Minecraft) [STDOUT]: [Mixin] populateNoise intercepted chunk(-2,6)
[16:45:05] [Worker-Main-14/INFO] (Minecraft) [STDOUT]: [Mixin] populateNoise intercepted chunk(-2,7)
[16:45:05] [Worker-Main-18/INFO] (Minecraft) [STDOUT]: [Mixin] populateNoise intercepted chunk(-2,8)
[16:45:05] [Worker-Main-11/INFO] (Minecraft) [STDOUT]: [Mixin] populateNoise intercepted chunk(-2,9)
[16:45:05] [Worker-Main-17/INFO] (Minecraft) [STDOUT]: [Mixin] populateNoise intercepted chunk(-2,10)
[16:45:05] [Worker-Main-17/INFO] (Minecraft) [STDOUT]: [Mixin] populateNoise intercepted chunk(-2,11)
[16:45:05] [Worker-Main-21/INFO] (Minecraft) [STDOUT]: [WG-CONTENT] chunk(-3,10) hash=d6ea733ea9eb04d5 nz=32341
[16:45:05] [Worker-Main-3/INFO] (Minecraft) [STDOUT]: [Mixin] populateNoise intercepted chunk(-1,2)
[16:45:05] [Worker-Main-15/INFO] (Minecraft) [STDOUT]: [Mixin] populateNoise intercepted chunk(-1,3)
[16:45:05] [Worker-Main-4/INFO] (Minecraft) [STDOUT]: [Mixin] populateNoise intercepted chunk(-1,4)
[16:45:05] [Worker-Main-9/INFO] (Minecraft) [STDOUT]: [WG-CONTENT] chunk(-2,3) hash=32e39f74450bbad4 nz=32324
[16:45:05] [Worker-Main-1/INFO] (Minecraft) [STDOUT]: [WG-CONTENT] chunk(-3,11) hash=481e29a4f56b9203 nz=32371
[16:45:05] [Worker-Main-23/INFO] (Minecraft) [STDOUT]: [WG-CONTENT-WB] chunk(-3,8) hash=ac07f224afeed0e9 dh=5b43617cf5d498c2 nz=32174
[16:45:05] [Worker-Main-16/INFO] (Minecraft) [STDOUT]: [WG-CONTENT] chunk(-2,2) hash=32eccec8a0747476 nz=32199
[16:45:05] [Worker-Main-19/INFO] (Minecraft) [STDOUT]: [WG-CONTENT-WB] chunk(-3,9) hash=3e9812127f9fe89b dh=f837201ba4b07c9b nz=31749
[16:45:05] [Worker-Main-21/INFO] (Minecraft) [STDOUT]: [WG-CONTENT-WB] chunk(-3,10) hash=5c6c26435dec517 dh=5384d9702da42d0f nz=32341
[16:45:05] [Worker-Main-9/INFO] (Minecraft) [STDOUT]: [WG-CONTENT-WB] chunk(-2,3) hash=827108810e392936 dh=ec5735f7dddc3f60 nz=32324
[16:45:05] [Worker-Main-1/INFO] (Minecraft) [STDOUT]: [WG-CONTENT-WB] chunk(-3,11) hash=2a34e77175aa870a dh=81cdb6f2598bdf16 nz=32371
[16:45:05] [Worker-Main-8/INFO] (Minecraft) [STDOUT]: [Mixin] buildSurface skipped chunk(-3,8)
[16:45:05] [Worker-Main-16/INFO] (Minecraft) [STDOUT]: [WG-CONTENT-WB] chunk(-2,2) hash=8a078dfa358a270b dh=6ba1b67cd73df15c nz=32199
[16:45:05] [Worker-Main-8/INFO] (Minecraft) [STDOUT]: [Mixin] buildSurface skipped chunk(-3,9)
[16:45:05] [Worker-Main-16/INFO] (Minecraft) [STDOUT]: [Mixin] populateNoise intercepted chunk(-1,5)
[16:45:05] [Worker-Main-1/INFO] (Minecraft) [STDOUT]: [Mixin] populateNoise intercepted chunk(-1,6)
[16:45:05] [Worker-Main-1/INFO] (Minecraft) [STDOUT]: [Mixin] populateNoise intercepted chunk(-1,7)
[16:45:05] [Worker-Main-8/INFO] (Minecraft) [STDOUT]: [Mixin] buildSurface skipped chunk(-3,10)
[16:45:05] [Worker-Main-8/INFO] (Minecraft) [STDOUT]: [Mixin] populateNoise intercepted chunk(-1,8)
[16:45:05] [Worker-Main-5/INFO] (Minecraft) [STDOUT]: [Mixin] populateNoise intercepted chunk(-1,9)
[16:45:05] [Worker-Main-3/INFO] (Minecraft) [STDOUT]: [Mixin] buildSurface skipped chunk(-2,2)
[16:45:05] [Worker-Main-3/INFO] (Minecraft) [STDOUT]: [Mixin] buildSurface skipped chunk(-2,3)
[16:45:05] [Worker-Main-19/INFO] (Minecraft) [STDOUT]: [Mixin] populateNoise intercepted chunk(-1,10)
[16:45:05] [Worker-Main-9/INFO] (Minecraft) [STDOUT]: [Mixin] buildSurface skipped chunk(-3,11)
[16:45:05] [Worker-Main-9/INFO] (Minecraft) [STDOUT]: [Mixin] populateNoise intercepted chunk(-1,11)
[16:45:05] [Worker-Main-21/INFO] (Minecraft) [STDOUT]: [Mixin] populateNoise intercepted chunk(0,2)
[16:45:05] [Worker-Main-17/INFO] (Minecraft) [STDOUT]: [Mixin] populateNoise intercepted chunk(0,3)
[16:45:05] [Worker-Main-17/INFO] (Minecraft) [STDOUT]: [Mixin] populateNoise intercepted chunk(0,4)
[16:45:05] [Worker-Main-2/INFO] (Minecraft) [STDOUT]: [Mixin] populateNoise intercepted chunk(0,5)
[16:45:05] [Worker-Main-2/INFO] (Minecraft) [STDOUT]: [Mixin] populateNoise intercepted chunk(0,6)
[16:45:05] [Worker-Main-2/INFO] (Minecraft) [STDOUT]: [Mixin] populateNoise intercepted chunk(0,7)
[16:45:05] [Worker-Main-13/INFO] (Minecraft) [STDOUT]: [WG-CONTENT] chunk(-2,4) hash=5dd98eb4e386844c nz=31300
[16:45:05] [Worker-Main-11/INFO] (Minecraft) [STDOUT]: [WG-CONTENT] chunk(-2,9) hash=52925eb41fb39d66 nz=32445
[16:45:05] [Worker-Main-22/INFO] (Minecraft) [STDOUT]: [WG-CONTENT] chunk(-2,5) hash=330620eb20c1c9bf nz=32274
[16:45:05] [Worker-Main-12/INFO] (Minecraft) [STDOUT]: [WG-CONTENT] chunk(-1,2) hash=7108d9d245f69d55 nz=32512
[16:45:05] [Worker-Main-6/INFO] (Minecraft) [STDOUT]: [WG-CONTENT] chunk(-2,10) hash=61445952a4e1e9ec nz=32363
[16:45:05] [Worker-Main-20/INFO] (Minecraft) [STDOUT]: [WG-CONTENT] chunk(-2,11) hash=4b83fe423f05ef5d nz=32512
[16:45:05] [Worker-Main-13/INFO] (Minecraft) [STDOUT]: [WG-CONTENT-WB] chunk(-2,4) hash=14d98672329973d6 dh=68b6fe180c504b80 nz=31300
[16:45:05] [Worker-Main-10/INFO] (Minecraft) [STDOUT]: [WG-CONTENT] chunk(-2,6) hash=9209c3c673ac5e2d nz=32285
[16:45:05] [Worker-Main-14/INFO] (Minecraft) [STDOUT]: [WG-CONTENT] chunk(-2,7) hash=10f726d073920de5 nz=32379
[16:45:05] [Worker-Main-12/INFO] (Minecraft) [STDOUT]: [WG-CONTENT-WB] chunk(-1,2) hash=fbf66a698b210bdf dh=411635a26ccfe01a nz=32512
[16:45:05] [Worker-Main-18/INFO] (Minecraft) [STDOUT]: [WG-CONTENT] chunk(-2,8) hash=32f7d09dd1f36ba2 nz=32512
[16:45:05] [Worker-Main-22/INFO] (Minecraft) [STDOUT]: [WG-CONTENT-WB] chunk(-2,5) hash=df4de1ce8307273a dh=b5b18a798af109de nz=32274
[16:45:05] [Worker-Main-22/INFO] (Minecraft) [STDOUT]: [Mixin] buildSurface skipped chunk(-2,4)
[16:45:05] [Worker-Main-6/INFO] (Minecraft) [STDOUT]: [WG-CONTENT-WB] chunk(-2,10) hash=51b0a652bdd8b315 dh=8173dca1d28c2881 nz=32363
[16:45:05] [Worker-Main-11/INFO] (Minecraft) [STDOUT]: [WG-CONTENT-WB] chunk(-2,9) hash=c0fe90d91f18c86d dh=9f85e033d6ebfa0c nz=32445
[16:45:05] [Worker-Main-20/INFO] (Minecraft) [STDOUT]: [WG-CONTENT-WB] chunk(-2,11) hash=b505dbc603dfea14 dh=7c2355eb0f287a86 nz=32512
[16:45:05] [Worker-Main-10/INFO] (Minecraft) [STDOUT]: [WG-CONTENT-WB] chunk(-2,6) hash=cf88f1b7f75186fb dh=ebaed45cdfef142a nz=32285
[16:45:05] [Worker-Main-4/INFO] (Minecraft) [STDOUT]: [WG-CONTENT] chunk(-1,4) hash=70133a376b7572c1 nz=30690
[16:45:05] [Worker-Main-10/INFO] (Minecraft) [STDOUT]: [Mixin] buildSurface skipped chunk(-1,2)
[16:45:05] [Worker-Main-14/INFO] (Minecraft) [STDOUT]: [WG-CONTENT-WB] chunk(-2,7) hash=729ddf456798f2aa dh=2bcfe14ba0dca296 nz=32379
[16:45:05] [Worker-Main-18/INFO] (Minecraft) [STDOUT]: [WG-CONTENT-WB] chunk(-2,8) hash=10e911e1175582c8 dh=675639470847e825 nz=32512
[16:45:05] [Worker-Main-20/INFO] (Minecraft) [STDOUT]: [Mixin] buildSurface skipped chunk(-2,5)
[16:45:05] [Worker-Main-4/INFO] (Minecraft) [STDOUT]: [WG-CONTENT-WB] chunk(-1,4) hash=30e29677969563c dh=97a46628f820fdfa nz=30690
[16:45:05] [Worker-Main-15/INFO] (Minecraft) [STDOUT]: [WG-CONTENT] chunk(-1,3) hash=56e71ad3a49eb18e nz=31802
[16:45:05] [Worker-Main-16/INFO] (Minecraft) [STDOUT]: [WG-CONTENT] chunk(-1,5) hash=1115a649813beff9 nz=31136
[16:45:05] [Worker-Main-4/INFO] (Minecraft) [STDOUT]: [Mixin] buildSurface skipped chunk(-2,6)
[16:45:05] [Worker-Main-4/INFO] (Minecraft) [STDOUT]: [Mixin] buildSurface skipped chunk(-2,7)
[16:45:05] [Worker-Main-4/INFO] (Minecraft) [STDOUT]: [Mixin] buildSurface skipped chunk(-2,8)
[16:45:05] [Worker-Main-4/INFO] (Minecraft) [STDOUT]: [Mixin] buildSurface skipped chunk(-2,9)
[16:45:05] [Worker-Main-4/INFO] (Minecraft) [STDOUT]: [Mixin] buildSurface skipped chunk(-2,10)
[16:45:05] [Worker-Main-15/INFO] (Minecraft) [STDOUT]: [WG-CONTENT-WB] chunk(-1,3) hash=de6087c58ea9181 dh=9ff267cb70191002 nz=31802
[16:45:05] [Worker-Main-5/INFO] (Minecraft) [STDOUT]: [WG-CONTENT] chunk(-1,9) hash=16bdf512aaee45d4 nz=32208
[16:45:05] [Worker-Main-1/INFO] (Minecraft) [STDOUT]: [WG-CONTENT] chunk(-1,7) hash=f001f353fb802e49 nz=31994
[16:45:05] [Worker-Main-16/INFO] (Minecraft) [STDOUT]: [WG-CONTENT-WB] chunk(-1,5) hash=34b9407c57861407 dh=2e1252f1163a5af nz=31136
[16:45:05] [Worker-Main-23/INFO] (Minecraft) [STDOUT]: [WG-CONTENT] chunk(-1,6) hash=88d4016745a7026c nz=32356
[16:45:05] [Worker-Main-5/INFO] (Minecraft) [STDOUT]: [WG-CONTENT-WB] chunk(-1,9) hash=336599a476e37dd7 dh=42bc216143ca578 nz=32208
[16:45:05] [Worker-Main-8/INFO] (Minecraft) [STDOUT]: [WG-CONTENT] chunk(-1,8) hash=e0cd575826559e49 nz=32270
[16:45:05] [Worker-Main-23/INFO] (Minecraft) [STDOUT]: [WG-CONTENT-WB] chunk(-1,6) hash=11851b56f09d9c49 dh=14febc26ff426073 nz=32356
[16:45:05] [Worker-Main-1/INFO] (Minecraft) [STDOUT]: [WG-CONTENT-WB] chunk(-1,7) hash=1c98906e787e8a80 dh=b1d096862cb574c8 nz=31994
[16:45:05] [Worker-Main-8/INFO] (Minecraft) [STDOUT]: [WG-CONTENT-WB] chunk(-1,8) hash=a24dc1862b2ffa06 dh=50607330928638e2 nz=32270
[16:45:05] [Worker-Main-1/INFO] (Minecraft) [STDOUT]: [Mixin] buildSurface skipped chunk(-2,11)
[16:45:05] [Worker-Main-9/INFO] (Minecraft) [STDOUT]: [WG-CONTENT] chunk(-1,11) hash=19e60b6decfbb7ae nz=32512
[16:45:05] [Worker-Main-3/INFO] (Minecraft) [STDOUT]: [WG-CONTENT] chunk(-1,10) hash=d8cf5e73a10ded27 nz=32292
[16:45:05] [Worker-Main-7/INFO] (Minecraft) [STDOUT]: [WG-CONTENT] chunk(0,3) hash=6580b443b00a2b65 nz=32512
[16:45:05] [Worker-Main-21/INFO] (Minecraft) [STDOUT]: [WG-CONTENT] chunk(0,2) hash=f261d8c4e64fa783 nz=32422
[16:45:05] [Worker-Main-17/INFO] (Minecraft) [STDOUT]: [WG-CONTENT] chunk(0,4) hash=def871d57ee965e6 nz=32416
[16:45:05] [Worker-Main-9/INFO] (Minecraft) [STDOUT]: [WG-CONTENT-WB] chunk(-1,11) hash=cee88f0f10937813 dh=3de9c444b3764555 nz=32512
[16:45:05] [Worker-Main-1/INFO] (Minecraft) [STDOUT]: [Mixin] buildSurface skipped chunk(-1,3)
[16:45:05] [Worker-Main-1/INFO] (Minecraft) [STDOUT]: [Mixin] buildSurface skipped chunk(-1,4)
[16:45:05] [Worker-Main-3/INFO] (Minecraft) [STDOUT]: [WG-CONTENT-WB] chunk(-1,10) hash=fef95961653fa872 dh=92cdd39d5ca72eb0 nz=32292
[16:45:05] [Worker-Main-7/INFO] (Minecraft) [STDOUT]: [WG-CONTENT-WB] chunk(0,3) hash=3a58b391dbfd51c1 dh=4832f5a2179fea1d nz=32512
[16:45:05] [Worker-Main-2/INFO] (Minecraft) [STDOUT]: [WG-CONTENT] chunk(0,5) hash=ddc5f423352a9e16 nz=31973
[16:45:05] [Worker-Main-21/INFO] (Minecraft) [STDOUT]: [WG-CONTENT-WB] chunk(0,2) hash=5a88ef658960508e dh=920aa18c52d887fb nz=32422
[16:45:05] [Worker-Main-17/INFO] (Minecraft) [STDOUT]: [WG-CONTENT-WB] chunk(0,4) hash=2d16ea5e528554cf dh=4dcc3274c9daf93b nz=32416
[16:45:05] [Worker-Main-8/INFO] (Minecraft) [STDOUT]: [Mixin] buildSurface skipped chunk(-1,5)
[16:45:05] [Worker-Main-2/INFO] (Minecraft) [STDOUT]: [WG-CONTENT-WB] chunk(0,5) hash=326332c78ad11a6f dh=6f94e4bcd7bd3dc1 nz=31973
[16:45:05] [Worker-Main-19/INFO] (Minecraft) [STDOUT]: [WG-CONTENT] chunk(0,6) hash=fbe6262255c937d2 nz=32067
[16:45:05] [Worker-Main-9/INFO] (Minecraft) [STDOUT]: [Mixin] buildSurface skipped chunk(-1,6)
[16:45:05] [Worker-Main-9/INFO] (Minecraft) [STDOUT]: [Mixin] buildSurface skipped chunk(-1,7)
[16:45:05] [Worker-Main-9/INFO] (Minecraft) [STDOUT]: [Mixin] buildSurface skipped chunk(-1,8)
[16:45:05] [Worker-Main-9/INFO] (Minecraft) [STDOUT]: [Mixin] buildSurface skipped chunk(-1,9)
[16:45:05] [Worker-Main-19/INFO] (Minecraft) [STDOUT]: [WG-CONTENT-WB] chunk(0,6) hash=3da70fbb213a97a5 dh=97c1c77da5d4c67e nz=32067
[16:45:05] [Worker-Main-19/INFO] (Minecraft) [STDOUT]: [Mixin] buildSurface skipped chunk(-1,10)
[16:45:05] [Worker-Main-19/INFO] (Minecraft) [STDOUT]: [Mixin] buildSurface skipped chunk(-1,11)
[16:45:05] [Worker-Main-13/INFO] (Minecraft) [STDOUT]: [WG-CONTENT] chunk(0,7) hash=48331acfebb5638 nz=32165
[16:45:05] [Worker-Main-13/INFO] (Minecraft) [STDOUT]: [WG-CONTENT-WB] chunk(0,7) hash=4c5c738787615cd3 dh=dcf3d89190649aac nz=32165
[16:45:05] [Worker-Main-16/INFO] (Minecraft) [STDOUT]: [Mixin] populateNoise intercepted chunk(0,8)
[16:45:05] [Worker-Main-16/INFO] (Minecraft) [STDOUT]: [Mixin] populateNoise intercepted chunk(0,9)
[16:45:05] [Worker-Main-16/INFO] (Minecraft) [STDOUT]: [Mixin] populateNoise intercepted chunk(0,10)
[16:45:05] [Worker-Main-15/INFO] (Minecraft) [STDOUT]: [Mixin] populateNoise intercepted chunk(0,11)
[16:45:05] [Worker-Main-9/INFO] (Minecraft) [STDOUT]: [Mixin] populateNoise intercepted chunk(1,2)
[16:45:05] [Worker-Main-19/INFO] (Minecraft) [STDOUT]: [Mixin] buildSurface skipped chunk(0,2)
[16:45:05] [Worker-Main-19/INFO] (Minecraft) [STDOUT]: [Mixin] buildSurface skipped chunk(0,3)
[16:45:05] [Worker-Main-23/INFO] (Minecraft) [STDOUT]: [Mixin] buildSurface skipped chunk(0,4)
[16:45:05] [Worker-Main-5/INFO] (Minecraft) [STDOUT]: [Mixin] buildSurface skipped chunk(0,5)
[16:45:05] [Worker-Main-5/INFO] (Minecraft) [STDOUT]: [Mixin] populateNoise intercepted chunk(1,3)
[16:45:05] [Worker-Main-5/INFO] (Minecraft) [STDOUT]: [Mixin] populateNoise intercepted chunk(1,4)
[16:45:05] [Worker-Main-5/INFO] (Minecraft) [STDOUT]: [Mixin] populateNoise intercepted chunk(1,5)
[16:45:05] [Worker-Main-17/INFO] (Minecraft) [STDOUT]: [Mixin] populateNoise intercepted chunk(1,6)
[16:45:05] [Worker-Main-13/INFO] (Minecraft) [STDOUT]: [Mixin] populateNoise intercepted chunk(1,7)
[16:45:05] [Worker-Main-13/INFO] (Minecraft) [STDOUT]: [Mixin] populateNoise intercepted chunk(1,8)
[16:45:05] [Worker-Main-13/INFO] (Minecraft) [STDOUT]: [Mixin] populateNoise intercepted chunk(1,9)
[16:45:05] [Worker-Main-18/INFO] (Minecraft) [STDOUT]: [Mixin] populateNoise intercepted chunk(1,10)
[16:45:05] [Worker-Main-18/INFO] (Minecraft) [STDOUT]: [Mixin] populateNoise intercepted chunk(1,11)
[16:45:05] [Worker-Main-1/INFO] (Minecraft) [STDOUT]: [Mixin] populateNoise intercepted chunk(2,2)
[16:45:05] [Worker-Main-1/INFO] (Minecraft) [STDOUT]: [Mixin] populateNoise intercepted chunk(2,3)
[16:45:05] [Worker-Main-10/INFO] (Minecraft) [STDOUT]: [Mixin] populateNoise intercepted chunk(2,4)
[16:45:05] [Worker-Main-6/INFO] (Minecraft) [STDOUT]: [Mixin] buildSurface skipped chunk(0,6)
[16:45:05] [Worker-Main-14/INFO] (Minecraft) [STDOUT]: [Mixin] populateNoise intercepted chunk(2,5)
[16:45:05] [Worker-Main-2/INFO] (Minecraft) [STDOUT]: [Mixin] populateNoise intercepted chunk(2,6)
[16:45:05] [Worker-Main-2/INFO] (Minecraft) [STDOUT]: [Mixin] populateNoise intercepted chunk(2,7)
[16:45:05] [Worker-Main-11/INFO] (Minecraft) [STDOUT]: [Mixin] buildSurface skipped chunk(0,7)
[16:45:05] [Worker-Main-4/INFO] (Minecraft) [STDOUT]: [Mixin] populateNoise intercepted chunk(2,8)
[16:45:05] [Worker-Main-11/INFO] (Minecraft) [STDOUT]: [Mixin] populateNoise intercepted chunk(2,9)
[16:45:05] [Worker-Main-11/INFO] (Minecraft) [STDOUT]: [Mixin] populateNoise intercepted chunk(2,10)
[16:45:05] [Worker-Main-9/INFO] (Minecraft) [STDOUT]: [WG-CONTENT] chunk(1,2) hash=436c187c0faa4cd7 nz=32341
[16:45:05] [Worker-Main-20/INFO] (Minecraft) [STDOUT]: [WG-CONTENT] chunk(0,9) hash=e3ab4bc4eb81f70c nz=31347
[16:45:05] [Worker-Main-3/INFO] (Minecraft) [STDOUT]: [WG-CONTENT] chunk(0,8) hash=6d0c0839286ebde6 nz=30862
[16:45:05] [Worker-Main-16/INFO] (Minecraft) [STDOUT]: [WG-CONTENT] chunk(0,10) hash=300fcbd1454862ec nz=32511
[16:45:05] [Worker-Main-20/INFO] (Minecraft) [STDOUT]: [WG-CONTENT-WB] chunk(0,9) hash=715f51b961b044c0 dh=1300da346deb5954 nz=31347
[16:45:05] [Worker-Main-9/INFO] (Minecraft) [STDOUT]: [WG-CONTENT-WB] chunk(1,2) hash=493151fc03526264 dh=cbd925e9d5077e43 nz=32341
[16:45:05] [Worker-Main-9/INFO] (Minecraft) [STDOUT]: [Mixin] populateNoise intercepted chunk(2,11)
[16:45:05] [Worker-Main-3/INFO] (Minecraft) [STDOUT]: [WG-CONTENT-WB] chunk(0,8) hash=a9ebc6287e973fa6 dh=2ab394d1aad26e12 nz=30862
[16:45:05] [Worker-Main-15/INFO] (Minecraft) [STDOUT]: [WG-CONTENT] chunk(0,11) hash=83aa77a19b48ff1a nz=32512
[16:45:05] [Worker-Main-3/INFO] (Minecraft) [STDOUT]: [Mixin] populateNoise intercepted chunk(3,2)
[16:45:05] [Worker-Main-16/INFO] (Minecraft) [STDOUT]: [WG-CONTENT-WB] chunk(0,10) hash=92fd35c4f7144953 dh=8a861cea51462f08 nz=32511
[16:45:05] [Worker-Main-16/INFO] (Minecraft) [STDOUT]: [Mixin] populateNoise intercepted chunk(3,3)
[16:45:05] [Worker-Main-15/INFO] (Minecraft) [STDOUT]: [WG-CONTENT-WB] chunk(0,11) hash=7b9eb5c73e184c2a dh=d921d2a4861f8042 nz=32512
[16:45:05] [Worker-Main-20/INFO] (Minecraft) [STDOUT]: [Mixin] buildSurface skipped chunk(0,8)
[16:45:05] [Worker-Main-20/INFO] (Minecraft) [STDOUT]: [Mixin] buildSurface skipped chunk(0,9)
[16:45:05] [Worker-Main-23/INFO] (Minecraft) [STDOUT]: [WG-CONTENT] chunk(1,3) hash=fbccad5feb4d2e23 nz=32447
[16:45:05] [Worker-Main-5/INFO] (Minecraft) [STDOUT]: [WG-CONTENT] chunk(1,5) hash=acb140021ec4e3fe nz=32494
[16:45:05] [Worker-Main-20/INFO] (Minecraft) [STDOUT]: [Mixin] populateNoise intercepted chunk(3,4)
[16:45:05] [Worker-Main-17/INFO] (Minecraft) [STDOUT]: [WG-CONTENT] chunk(1,6) hash=bef19a34510928d6 nz=32468
[16:45:05] [Worker-Main-23/INFO] (Minecraft) [STDOUT]: [WG-CONTENT-WB] chunk(1,3) hash=fe8efd95594fd274 dh=7727c679220e8c4d nz=32447
[16:45:05] [Worker-Main-19/INFO] (Minecraft) [STDOUT]: [WG-CONTENT] chunk(1,10) hash=edd547c94bbb001f nz=32512
[16:45:05] [Worker-Main-1/INFO] (Minecraft) [STDOUT]: [WG-CONTENT] chunk(2,3) hash=6a291fe9597c0238 nz=32512
[16:45:05] [Worker-Main-12/INFO] (Minecraft) [STDOUT]: [WG-CONTENT] chunk(2,2) hash=58646cba0ffd7e40 nz=32363
[16:45:05] [Worker-Main-22/INFO] (Minecraft) [STDOUT]: [WG-CONTENT] chunk(1,4) hash=df43c18ecacf8d2f nz=32502
[16:45:05] [Worker-Main-5/INFO] (Minecraft) [STDOUT]: [WG-CONTENT-WB] chunk(1,5) hash=f833f35b41ac65d8 dh=ad3864bdde4c893b nz=32494
[16:45:05] [Worker-Main-5/INFO] (Minecraft) [STDOUT]: [Mixin] buildSurface skipped chunk(1,2)
[16:45:05] [Worker-Main-8/INFO] (Minecraft) [STDOUT]: [WG-CONTENT] chunk(1,7) hash=ed427335f69344f9 nz=31490
[16:45:05] [Worker-Main-10/INFO] (Minecraft) [STDOUT]: [WG-CONTENT] chunk(2,4) hash=8ef9007971c0330d nz=32512
[16:45:05] [Worker-Main-13/INFO] (Minecraft) [STDOUT]: [WG-CONTENT] chunk(1,9) hash=2e6e8905bb2273e0 nz=31350
[16:45:05] [Worker-Main-2/INFO] (Minecraft) [STDOUT]: [WG-CONTENT] chunk(2,7) hash=199360d164c506f3 nz=32439
[16:45:05] [Worker-Main-14/INFO] (Minecraft) [STDOUT]: [WG-CONTENT] chunk(2,5) hash=20cfd0089a4c4a40 nz=32266
[16:45:05] [Worker-Main-7/INFO] (Minecraft) [STDOUT]: [WG-CONTENT] chunk(1,8) hash=b718421d49f8598e nz=29919
[16:45:05] [Worker-Main-19/INFO] (Minecraft) [STDOUT]: [WG-CONTENT-WB] chunk(1,10) hash=b63f0878341c0a82 dh=c6a263e64a742a05 nz=32512
[16:45:05] [Worker-Main-17/INFO] (Minecraft) [STDOUT]: [WG-CONTENT-WB] chunk(1,6) hash=55758b1fc15d701d dh=ef10dbf77d0f001c nz=32468
[16:45:05] [Worker-Main-12/INFO] (Minecraft) [STDOUT]: [WG-CONTENT-WB] chunk(2,2) hash=b3458c9592e74c40 dh=41265a5bf91699b7 nz=32363
[16:45:05] [Worker-Main-8/INFO] (Minecraft) [STDOUT]: [WG-CONTENT-WB] chunk(1,7) hash=7f58ca8c0403cc24 dh=491f1150e2614fcb nz=31490
[16:45:05] [Worker-Main-6/INFO] (Minecraft) [STDOUT]: [WG-CONTENT] chunk(2,6) hash=8feef5a5c0634ef7 nz=32096
[16:45:05] [Worker-Main-22/INFO] (Minecraft) [STDOUT]: [WG-CONTENT-WB] chunk(1,4) hash=8b89dac55317f9e7 dh=2285c5bc4452c072 nz=32502
[16:45:05] [Worker-Main-8/INFO] (Minecraft) [STDOUT]: [Mixin] buildSurface skipped chunk(0,10)
[16:45:05] [Worker-Main-10/INFO] (Minecraft) [STDOUT]: [WG-CONTENT-WB] chunk(2,4) hash=de0433ed59cd9408 dh=def9082c1586f669 nz=32512
[16:45:05] [Worker-Main-1/INFO] (Minecraft) [STDOUT]: [WG-CONTENT-WB] chunk(2,3) hash=ff3eb7025c6a8f7a dh=f576d1e5c5a7faf1 nz=32512
[16:45:05] [Worker-Main-14/INFO] (Minecraft) [STDOUT]: [WG-CONTENT-WB] chunk(2,5) hash=f0d4838aae8d6c71 dh=1f299fda5239caa4 nz=32266
[16:45:05] [Worker-Main-2/INFO] (Minecraft) [STDOUT]: [WG-CONTENT-WB] chunk(2,7) hash=7139649dd23614fc dh=e83b4a41dbb5189 nz=32439
[16:45:05] [Worker-Main-7/INFO] (Minecraft) [STDOUT]: [WG-CONTENT-WB] chunk(1,8) hash=159a424e9a3213a3 dh=cf4e07d8a8176f3f nz=29919
[16:45:05] [Worker-Main-18/INFO] (Minecraft) [STDOUT]: [WG-CONTENT] chunk(1,11) hash=f9eceffde423dcc6 nz=32488
[16:45:05] [Worker-Main-13/INFO] (Minecraft) [STDOUT]: [WG-CONTENT-WB] chunk(1,9) hash=5b5501fc0647c0ca dh=5441fc3767f3745c nz=31350
[16:45:05] [Worker-Main-6/INFO] (Minecraft) [STDOUT]: [WG-CONTENT-WB] chunk(2,6) hash=d67f8e8edbfd1dee dh=93401b789eb4b579 nz=32096
[16:45:05] [Worker-Main-18/INFO] (Minecraft) [STDOUT]: [WG-CONTENT-WB] chunk(1,11) hash=3d1f2244c4372907 dh=f0aa32812a429721 nz=32488
[16:45:05] [Worker-Main-4/INFO] (Minecraft) [STDOUT]: [WG-CONTENT] chunk(2,8) hash=a5ab0e02d53179d9 nz=31534
[16:45:05] [Worker-Main-6/INFO] (Minecraft) [STDOUT]: [Mixin] buildSurface skipped chunk(0,11)
[16:45:05] [Worker-Main-11/INFO] (Minecraft) [STDOUT]: [WG-CONTENT] chunk(2,9) hash=8af8c5351a766c46 nz=31183
[16:45:05] [Worker-Main-21/INFO] (Minecraft) [STDOUT]: [WG-CONTENT] chunk(2,10) hash=18ca5c9b09ccfcc4 nz=32455
[16:45:05] [Worker-Main-4/INFO] (Minecraft) [STDOUT]: [WG-CONTENT-WB] chunk(2,8) hash=2aa6d73306864752 dh=c6931633ad72224f nz=31534
[16:45:05] [Worker-Main-5/INFO] (Minecraft) [STDOUT]: [Mixin] populateNoise intercepted chunk(3,5)
[16:45:05] [Worker-Main-6/INFO] (Minecraft) [STDOUT]: [Mixin] populateNoise intercepted chunk(3,6)
[16:45:05] [Worker-Main-4/INFO] (Minecraft) [STDOUT]: [Mixin] buildSurface skipped chunk(1,3)
[16:45:05] [Worker-Main-11/INFO] (Minecraft) [STDOUT]: [WG-CONTENT-WB] chunk(2,9) hash=e740210f023ed9f0 dh=122184ec9c64947c nz=31183
[16:45:05] [Worker-Main-21/INFO] (Minecraft) [STDOUT]: [WG-CONTENT-WB] chunk(2,10) hash=68358ab35f46b232 dh=65b6a0a14e041a35 nz=32455
[16:45:05] [Worker-Main-17/INFO] (Minecraft) [STDOUT]: [Mixin] buildSurface skipped chunk(1,4)
[16:45:05] [Worker-Main-17/INFO] (Minecraft) [STDOUT]: [Mixin] buildSurface skipped chunk(1,5)
[16:45:05] [Worker-Main-9/INFO] (Minecraft) [STDOUT]: [WG-CONTENT] chunk(2,11) hash=64dd79f4e696f0d5 nz=32374
[16:45:05] [Worker-Main-16/INFO] (Minecraft) [STDOUT]: [WG-CONTENT] chunk(3,3) hash=b046fb59a5e01394 nz=32512
[16:45:05] [Worker-Main-3/INFO] (Minecraft) [STDOUT]: [WG-CONTENT] chunk(3,2) hash=bef4d63448fcb34f nz=32348
[16:45:05] [Worker-Main-12/INFO] (Minecraft) [STDOUT]: [Mixin] populateNoise intercepted chunk(3,7)
[16:45:05] [Worker-Main-11/INFO] (Minecraft) [STDOUT]: [Mixin] populateNoise intercepted chunk(3,8)
[16:45:05] [Worker-Main-11/INFO] (Minecraft) [STDOUT]: [Mixin] buildSurface skipped chunk(1,6)
[16:45:05] [Worker-Main-11/INFO] (Minecraft) [STDOUT]: [Mixin] buildSurface skipped chunk(1,7)
[16:45:05] [Worker-Main-11/INFO] (Minecraft) [STDOUT]: [Mixin] buildSurface skipped chunk(1,8)
[16:45:05] [Worker-Main-11/INFO] (Minecraft) [STDOUT]: [Mixin] buildSurface skipped chunk(1,9)
[16:45:05] [Worker-Main-11/INFO] (Minecraft) [STDOUT]: [Mixin] buildSurface skipped chunk(1,10)
[16:45:05] [Worker-Main-9/INFO] (Minecraft) [STDOUT]: [WG-CONTENT-WB] chunk(2,11) hash=61201cbf70122fbb dh=43efc3fbde75b0d nz=32374
[16:45:05] [Worker-Main-16/INFO] (Minecraft) [STDOUT]: [WG-CONTENT-WB] chunk(3,3) hash=4f8252946953bc06 dh=ee6baefd75778932 nz=32512
[16:45:05] [Worker-Main-3/INFO] (Minecraft) [STDOUT]: [WG-CONTENT-WB] chunk(3,2) hash=547d4dcde2c010f1 dh=4498706532aaa8cf nz=32348
[16:45:05] [Worker-Main-20/INFO] (Minecraft) [STDOUT]: [WG-CONTENT] chunk(3,4) hash=9cac5f2bff4d6633 nz=32433
[16:45:05] [Worker-Main-20/INFO] (Minecraft) [STDOUT]: [WG-CONTENT-WB] chunk(3,4) hash=33768673a119e712 dh=dccd6f8e29cbc83c nz=32433
[16:45:05] [Worker-Main-4/INFO] (Minecraft) [STDOUT]: [Mixin] buildSurface skipped chunk(2,2)
[16:45:05] [Worker-Main-1/INFO] (Minecraft) [STDOUT]: [Mixin] buildSurface skipped chunk(2,3)
[16:45:05] [Worker-Main-1/INFO] (Minecraft) [STDOUT]: [Mixin] buildSurface skipped chunk(2,4)
[16:45:05] [Worker-Main-6/INFO] (Minecraft) [STDOUT]: [WG-CONTENT] chunk(3,6) hash=c83927d93cd8ae76 nz=32440
[16:45:05] [Worker-Main-5/INFO] (Minecraft) [STDOUT]: [WG-CONTENT] chunk(3,5) hash=8a8849840ed2d68f nz=32304
[16:45:05] [Worker-Main-6/INFO] (Minecraft) [STDOUT]: [WG-CONTENT-WB] chunk(3,6) hash=679cbbb7085953ce dh=6674b869f13978e8 nz=32440
[16:45:05] [Worker-Main-14/INFO] (Minecraft) [STDOUT]: [Mixin] populateNoise intercepted chunk(3,9)
[16:45:05] [Worker-Main-14/INFO] (Minecraft) [STDOUT]: [Mixin] populateNoise intercepted chunk(3,10)
[16:45:05] [Worker-Main-8/INFO] (Minecraft) [STDOUT]: [Mixin] populateNoise intercepted chunk(4,2)
[16:45:05] [Worker-Main-22/INFO] (Minecraft) [STDOUT]: [Mixin] buildSurface skipped chunk(2,5)
[16:45:05] [Worker-Main-5/INFO] (Minecraft) [STDOUT]: [WG-CONTENT-WB] chunk(3,5) hash=990246e10ea44b63 dh=360529f0d669942d nz=32304
[16:45:05] [Worker-Main-22/INFO] (Minecraft) [STDOUT]: [Mixin] buildSurface skipped chunk(2,6)
[16:45:05] [Worker-Main-22/INFO] (Minecraft) [STDOUT]: [Mixin] buildSurface skipped chunk(2,7)
[16:45:05] [Worker-Main-12/INFO] (Minecraft) [STDOUT]: [WG-CONTENT] chunk(3,7) hash=2abd6a63c3a84cb7 nz=32512
[16:45:05] [Worker-Main-18/INFO] (Minecraft) [STDOUT]: [WG-CONTENT] chunk(3,8) hash=6e37ef7c0b165d02 nz=32461
[16:45:05] [Worker-Main-12/INFO] (Minecraft) [STDOUT]: [WG-CONTENT-WB] chunk(3,7) hash=4b4848afba0e775f dh=dbebf113a8d90ed7 nz=32512
[16:45:05] [Worker-Main-18/INFO] (Minecraft) [STDOUT]: [WG-CONTENT-WB] chunk(3,8) hash=44df4974ca6d94c4 dh=b4bb75a6c9c7dd6f nz=32461
[16:45:05] [Worker-Main-22/INFO] (Minecraft) [STDOUT]: [Mixin] populateNoise intercepted chunk(4,3)
[16:45:05] [Worker-Main-5/INFO] (Minecraft) [STDOUT]: [Mixin] populateNoise intercepted chunk(4,4)
[16:45:05] [Worker-Main-1/INFO] (Minecraft) [STDOUT]: [Mixin] populateNoise intercepted chunk(3,11)
[16:45:05] [Worker-Main-12/INFO] (Minecraft) [STDOUT]: [Mixin] buildSurface skipped chunk(1,11)
[16:45:05] [Worker-Main-15/INFO] (Minecraft) [STDOUT]: [Mixin] populateNoise intercepted chunk(4,5)
[16:45:05] [Worker-Main-15/INFO] (Minecraft) [STDOUT]: [Mixin] populateNoise intercepted chunk(4,6)
[16:45:05] [Worker-Main-15/INFO] (Minecraft) [STDOUT]: [Mixin] populateNoise intercepted chunk(4,7)
[16:45:05] [Worker-Main-23/INFO] (Minecraft) [STDOUT]: [Mixin] buildSurface skipped chunk(2,8)
[16:45:05] [Worker-Main-16/INFO] (Minecraft) [STDOUT]: [Mixin] buildSurface skipped chunk(2,9)
[16:45:05] [Worker-Main-16/INFO] (Minecraft) [STDOUT]: [Mixin] populateNoise intercepted chunk(4,8)
[16:45:05] [Worker-Main-18/INFO] (Minecraft) [STDOUT]: [Mixin] buildSurface skipped chunk(2,10)
[16:45:05] [Worker-Main-18/INFO] (Minecraft) [STDOUT]: [Mixin] populateNoise intercepted chunk(4,9)
[16:45:05] [Worker-Main-5/INFO] (Minecraft) [STDOUT]: [Mixin] buildSurface skipped chunk(2,11)
[16:45:05] [Worker-Main-12/INFO] (Minecraft) [STDOUT]: [Mixin] buildSurface skipped chunk(3,2)
[16:45:05] [Worker-Main-12/INFO] (Minecraft) [STDOUT]: [Mixin] buildSurface skipped chunk(3,3)
[16:45:05] [Worker-Main-5/INFO] (Minecraft) [STDOUT]: [Mixin] buildSurface skipped chunk(3,4)
[16:45:05] [Worker-Main-17/INFO] (Minecraft) [STDOUT]: [WG-CONTENT] chunk(3,9) hash=c5d5a50a29c57674 nz=32092
[16:45:05] [Worker-Main-14/INFO] (Minecraft) [STDOUT]: [WG-CONTENT] chunk(3,10) hash=7255c535afdce6d4 nz=30905
[16:45:05] [Worker-Main-8/INFO] (Minecraft) [STDOUT]: [WG-CONTENT] chunk(4,2) hash=85cc02d75425e4a5 nz=32505
[16:45:05] [Worker-Main-13/INFO] (Minecraft) [STDOUT]: [Mixin] buildSurface skipped chunk(3,5)
[16:45:05] [Worker-Main-13/INFO] (Minecraft) [STDOUT]: [Mixin] buildSurface skipped chunk(3,6)
[16:45:05] [Worker-Main-17/INFO] (Minecraft) [STDOUT]: [WG-CONTENT-WB] chunk(3,9) hash=1bcbe3d76011739a dh=f819e6ad54929670 nz=32092
[16:45:05] [Worker-Main-8/INFO] (Minecraft) [STDOUT]: [WG-CONTENT-WB] chunk(4,2) hash=f311b035d30646ff dh=f44b3761f8c5d113 nz=32505
[16:45:05] [Worker-Main-14/INFO] (Minecraft) [STDOUT]: [WG-CONTENT-WB] chunk(3,10) hash=835e1bbd7fd41fb0 dh=1cfb82e5dbd0e506 nz=30905
[16:45:05] [Worker-Main-17/INFO] (Minecraft) [STDOUT]: [Mixin] buildSurface skipped chunk(3,7)
[16:45:05] [Worker-Main-22/INFO] (Minecraft) [STDOUT]: [WG-CONTENT] chunk(4,3) hash=bb5399870ca1f91 nz=32509
[16:45:05] [Worker-Main-17/INFO] (Minecraft) [STDOUT]: [Mixin] buildSurface skipped chunk(3,8)
[16:45:05] [Worker-Main-15/INFO] (Minecraft) [STDOUT]: [WG-CONTENT] chunk(4,7) hash=42894dc4ff8f136c nz=32512
[16:45:05] [Worker-Main-4/INFO] (Minecraft) [STDOUT]: [WG-CONTENT] chunk(4,4) hash=1a1c7d5f882a5599 nz=32406
[16:45:05] [Worker-Main-8/INFO] (Minecraft) [STDOUT]: [Mixin] populateNoise intercepted chunk(4,10)
[16:45:05] [Worker-Main-23/INFO] (Minecraft) [STDOUT]: [Mixin] populateNoise intercepted chunk(4,11)
[16:45:05] [Worker-Main-19/INFO] (Minecraft) [STDOUT]: [Mixin] populateNoise intercepted chunk(5,2)
[16:45:05] [Worker-Main-19/INFO] (Minecraft) [STDOUT]: [Mixin] populateNoise intercepted chunk(5,3)
[16:45:05] [Worker-Main-20/INFO] (Minecraft) [STDOUT]: [Mixin] populateNoise intercepted chunk(5,4)
[16:45:05] [Worker-Main-22/INFO] (Minecraft) [STDOUT]: [WG-CONTENT-WB] chunk(4,3) hash=4f810a5d3e5d7739 dh=f1448bdb3560dfde nz=32509
[16:45:05] [Worker-Main-17/INFO] (Minecraft) [STDOUT]: [Mixin] populateNoise intercepted chunk(5,5)
[16:45:05] [Worker-Main-6/INFO] (Minecraft) [STDOUT]: [Mixin] buildSurface skipped chunk(3,9)
[16:45:05] [Worker-Main-21/INFO] (Minecraft) [STDOUT]: [WG-CONTENT] chunk(4,6) hash=276fadae23174b1f nz=32446
[16:45:05] [Worker-Main-15/INFO] (Minecraft) [STDOUT]: [WG-CONTENT-WB] chunk(4,7) hash=98addb1ef685607a dh=b91eca2623a015b nz=32512
[16:45:05] [Worker-Main-4/INFO] (Minecraft) [STDOUT]: [WG-CONTENT-WB] chunk(4,4) hash=1165c5f35847662c dh=bb1725bf635fc3be nz=32406
[16:45:05] [Worker-Main-1/INFO] (Minecraft) [STDOUT]: [WG-CONTENT] chunk(3,11) hash=e6d13037892ff587 nz=30070
[16:45:05] [Worker-Main-19/INFO] (Minecraft) [STDOUT]: [Mixin] populateNoise intercepted chunk(5,6)
[16:45:05] [Worker-Main-18/INFO] (Minecraft) [STDOUT]: [WG-CONTENT] chunk(4,9) hash=a728d359141c2fb5 nz=32488
[16:45:05] [Worker-Main-14/INFO] (Minecraft) [STDOUT]: [Mixin] buildSurface skipped chunk(4,2)
[16:45:05] [Worker-Main-3/INFO] (Minecraft) [STDOUT]: [WG-CONTENT] chunk(4,5) hash=eeb8aaf4a59a8f1e nz=32040
[16:45:05] [Worker-Main-21/INFO] (Minecraft) [STDOUT]: [WG-CONTENT-WB] chunk(4,6) hash=c134b1d23939d973 dh=38338172ddecb84 nz=32446
[16:45:05] [Worker-Main-14/INFO] (Minecraft) [STDOUT]: [Mixin] buildSurface skipped chunk(3,10)
[16:45:05] [Worker-Main-1/INFO] (Minecraft) [STDOUT]: [WG-CONTENT-WB] chunk(3,11) hash=7d86d557a0c2773a dh=46acc02e457f9e9b nz=30070
[16:45:05] [Worker-Main-16/INFO] (Minecraft) [STDOUT]: [WG-CONTENT] chunk(4,8) hash=8c21d4747f52b22e nz=32512
[16:45:05] [Worker-Main-18/INFO] (Minecraft) [STDOUT]: [WG-CONTENT-WB] chunk(4,9) hash=8cc92706f9723925 dh=e224fd7e73026a67 nz=32488
[16:45:05] [Worker-Main-3/INFO] (Minecraft) [STDOUT]: [WG-CONTENT-WB] chunk(4,5) hash=945a364445990eba dh=4916c709a24daf8e nz=32040
[16:45:05] [Worker-Main-3/INFO] (Minecraft) [STDOUT]: [Mixin] buildSurface skipped chunk(4,3)
[16:45:05] [Worker-Main-16/INFO] (Minecraft) [STDOUT]: [WG-CONTENT-WB] chunk(4,8) hash=20c408a0fa46e91d dh=9a2ac012281a46fd nz=32512
[16:45:05] [Worker-Main-4/INFO] (Minecraft) [STDOUT]: [Mixin] buildSurface skipped chunk(4,4)
[16:45:05] [Worker-Main-4/INFO] (Minecraft) [STDOUT]: [Mixin] buildSurface skipped chunk(4,5)
[16:45:05] [Worker-Main-4/INFO] (Minecraft) [STDOUT]: [Mixin] buildSurface skipped chunk(4,6)
[16:45:05] [Worker-Main-4/INFO] (Minecraft) [STDOUT]: [Mixin] buildSurface skipped chunk(4,7)
[16:45:05] [Worker-Main-22/INFO] (Minecraft) [STDOUT]: [Mixin] populateNoise intercepted chunk(5,7)
[16:45:05] [Worker-Main-21/INFO] (Minecraft) [STDOUT]: [Mixin] populateNoise intercepted chunk(5,8)
[16:45:05] [Worker-Main-11/INFO] (Minecraft) [STDOUT]: [Mixin] buildSurface skipped chunk(3,11)
[16:45:05] [Worker-Main-15/INFO] (Minecraft) [STDOUT]: [Mixin] buildSurface skipped chunk(4,8)
[16:45:05] [Worker-Main-15/INFO] (Minecraft) [STDOUT]: [Mixin] buildSurface skipped chunk(4,9)
[16:45:05] [Worker-Main-2/INFO] (Minecraft) [STDOUT]: [Mixin] populateNoise intercepted chunk(5,9)
[16:45:05] [Worker-Main-2/INFO] (Minecraft) [STDOUT]: [Mixin] populateNoise intercepted chunk(5,10)
[16:45:05] [Worker-Main-1/INFO] (Minecraft) [STDOUT]: [Mixin] populateNoise intercepted chunk(5,11)
[16:45:05] [Worker-Main-6/INFO] (Minecraft) [STDOUT]: [Mixin] populateNoise intercepted chunk(6,2)
[16:45:05] [Worker-Main-3/INFO] (Minecraft) [STDOUT]: [Mixin] populateNoise intercepted chunk(6,3)
[16:45:05] [Worker-Main-3/INFO] (Minecraft) [STDOUT]: [Mixin] populateNoise intercepted chunk(6,4)
[16:45:05] [Worker-Main-3/INFO] (Minecraft) [STDOUT]: [Mixin] populateNoise intercepted chunk(6,5)
[16:45:05] [Worker-Main-15/INFO] (Minecraft) [STDOUT]: [Mixin] populateNoise intercepted chunk(6,6)
[16:45:05] [Worker-Main-4/INFO] (Minecraft) [STDOUT]: [Mixin] populateNoise intercepted chunk(6,7)
[16:45:05] [Worker-Main-4/INFO] (Minecraft) [STDOUT]: [Mixin] populateNoise intercepted chunk(6,8)
[16:45:05] [Worker-Main-8/INFO] (Minecraft) [STDOUT]: [WG-CONTENT] chunk(4,10) hash=85e9babd836ce28c nz=31898
[16:45:05] [Worker-Main-7/INFO] (Minecraft) [STDOUT]: [WG-CONTENT] chunk(5,2) hash=c32e0e495673e734 nz=31384
[16:45:05] [Worker-Main-8/INFO] (Minecraft) [STDOUT]: [WG-CONTENT-WB] chunk(4,10) hash=b32332d7e846f7e6 dh=feef0f156c33f801 nz=31898
[16:45:05] [Worker-Main-11/INFO] (Minecraft) [STDOUT]: [Mixin] populateNoise intercepted chunk(7,2)
[16:45:05] [Worker-Main-17/INFO] (Minecraft) [STDOUT]: [WG-CONTENT] chunk(5,5) hash=7bf0c8adcd20beb7 nz=32133
[16:45:05] [Worker-Main-16/INFO] (Minecraft) [STDOUT]: [Mixin] populateNoise intercepted chunk(7,3)
[16:45:05] [Worker-Main-16/INFO] (Minecraft) [STDOUT]: [Mixin] populateNoise intercepted chunk(7,4)
[16:45:05] [Worker-Main-7/INFO] (Minecraft) [STDOUT]: [WG-CONTENT-WB] chunk(5,2) hash=24c2590b6fb69e1d dh=5c0df1fac0a82516 nz=31384
[16:45:05] [Worker-Main-20/INFO] (Minecraft) [STDOUT]: [WG-CONTENT] chunk(5,4) hash=d4c8e8ec1e8ba3af nz=31914
[16:45:05] [Worker-Main-23/INFO] (Minecraft) [STDOUT]: [WG-CONTENT] chunk(4,11) hash=d79616dccffd9ff4 nz=32249
[16:45:05] [Worker-Main-13/INFO] (Minecraft) [STDOUT]: [WG-CONTENT] chunk(5,3) hash=a5615fab9707dd9c nz=31660
[16:45:05] [Worker-Main-19/INFO] (Minecraft) [STDOUT]: [WG-CONTENT] chunk(5,6) hash=4d6553393d82e0e6 nz=32336
[16:45:05] [Worker-Main-10/INFO] (Minecraft) [STDOUT]: [Mixin] populateNoise intercepted chunk(7,5)
[16:45:05] [Worker-Main-10/INFO] (Minecraft) [STDOUT]: [Mixin] populateNoise intercepted chunk(7,6)
[16:45:05] [Worker-Main-17/INFO] (Minecraft) [STDOUT]: [WG-CONTENT-WB] chunk(5,5) hash=edeacfdcbf9d5d04 dh=81d33e1cd33f62d6 nz=32133
[16:45:05] [Worker-Main-20/INFO] (Minecraft) [STDOUT]: [WG-CONTENT-WB] chunk(5,4) hash=6ba7cbbae423d345 dh=d83eb24b49a3cb06 nz=31914
[16:45:05] [Worker-Main-23/INFO] (Minecraft) [STDOUT]: [WG-CONTENT-WB] chunk(4,11) hash=20ca9c1203016c8 dh=5ae55161edeea8ea nz=32249
[16:45:05] [Worker-Main-13/INFO] (Minecraft) [STDOUT]: [WG-CONTENT-WB] chunk(5,3) hash=26ec5c33e76d025e dh=bb2fa09751537d78 nz=31660
[16:45:05] [Worker-Main-19/INFO] (Minecraft) [STDOUT]: [WG-CONTENT-WB] chunk(5,6) hash=edddacd37d164a3a dh=cf738ab15820de37 nz=32336
[16:45:05] [Worker-Main-17/INFO] (Minecraft) [STDOUT]: [Mixin] populateNoise intercepted chunk(8,2)
[16:45:05] [Worker-Main-19/INFO] (Minecraft) [STDOUT]: [Mixin] populateNoise intercepted chunk(6,9)
[16:45:05] [Worker-Main-8/INFO] (Minecraft) [STDOUT]: [Mixin] populateNoise intercepted chunk(6,10)
[16:45:05] [Worker-Main-17/INFO] (Minecraft) [STDOUT]: [Mixin] populateNoise intercepted chunk(6,11)
[16:45:05] [Worker-Main-23/INFO] (Minecraft) [STDOUT]: [Mixin] buildSurface skipped chunk(4,10)
[16:45:05] [Worker-Main-13/INFO] (Minecraft) [STDOUT]: [Mixin] populateNoise intercepted chunk(8,3)
[16:45:05] [Worker-Main-23/INFO] (Minecraft) [STDOUT]: [Mixin] populateNoise intercepted chunk(8,4)
[16:45:05] [Worker-Main-22/INFO] (Minecraft) [STDOUT]: [WG-CONTENT] chunk(5,7) hash=1d48a729521afe07 nz=32284
[16:45:05] [Worker-Main-21/INFO] (Minecraft) [STDOUT]: [WG-CONTENT] chunk(5,8) hash=872d4ddf9135b502 nz=32070
[16:45:05] [Worker-Main-22/INFO] (Minecraft) [STDOUT]: [WG-CONTENT-WB] chunk(5,7) hash=57b1ea8a5188e65e dh=86da45edbaf1190a nz=32284
[16:45:05] [Worker-Main-22/INFO] (Minecraft) [STDOUT]: [Mixin] buildSurface skipped chunk(5,2)
[16:45:05] [Worker-Main-21/INFO] (Minecraft) [STDOUT]: [WG-CONTENT-WB] chunk(5,8) hash=c75ad7edcf8dcc79 dh=7d6f23e2ab100f92 nz=32070
[16:45:05] [Worker-Main-22/INFO] (Minecraft) [STDOUT]: [Mixin] populateNoise intercepted chunk(8,5)
[16:45:05] [Worker-Main-21/INFO] (Minecraft) [STDOUT]: [Mixin] populateNoise intercepted chunk(7,7)
[16:45:05] [Worker-Main-2/INFO] (Minecraft) [STDOUT]: [WG-CONTENT] chunk(5,10) hash=9181f5e751a00d19 nz=32280
[16:45:05] [Worker-Main-15/INFO] (Minecraft) [STDOUT]: [WG-CONTENT] chunk(6,6) hash=788670cd8f5a8dbd nz=31398
[16:45:05] [Worker-Main-2/INFO] (Minecraft) [STDOUT]: [WG-CONTENT-WB] chunk(5,10) hash=78b7c6077bb7558d dh=e9797877e545260d nz=32280
[16:45:05] [Worker-Main-2/INFO] (Minecraft) [STDOUT]: [Mixin] populateNoise intercepted chunk(7,8)
[16:45:05] [Worker-Main-5/INFO] (Minecraft) [STDOUT]: [WG-CONTENT] chunk(6,3) hash=1649d2eb82bdac6c nz=32453
[16:45:05] [Worker-Main-6/INFO] (Minecraft) [STDOUT]: [WG-CONTENT] chunk(6,2) hash=8e8d6ca02a21dfd9 nz=32512
[16:45:05] [Worker-Main-9/INFO] (Minecraft) [STDOUT]: [WG-CONTENT] chunk(5,9) hash=3b84dd2ce4bc3a79 nz=29002
[16:45:05] [Worker-Main-15/INFO] (Minecraft) [STDOUT]: [WG-CONTENT-WB] chunk(6,6) hash=896d4d7a1beb72d9 dh=b411f018bae79e9c nz=31398
[16:45:05] [Worker-Main-15/INFO] (Minecraft) [STDOUT]: [Mixin] buildSurface skipped chunk(5,3)
[16:45:05] [Worker-Main-15/INFO] (Minecraft) [STDOUT]: [Mixin] buildSurface skipped chunk(5,4)
[16:45:05] [Worker-Main-15/INFO] (Minecraft) [STDOUT]: [Mixin] buildSurface skipped chunk(5,5)
[16:45:05] [Worker-Main-1/INFO] (Minecraft) [STDOUT]: [WG-CONTENT] chunk(5,11) hash=c626b1f7ca13b774 nz=32512
[16:45:05] [Worker-Main-12/INFO] (Minecraft) [STDOUT]: [WG-CONTENT] chunk(6,4) hash=b86a3478b399c484 nz=31489
[16:45:05] [Worker-Main-6/INFO] (Minecraft) [STDOUT]: [WG-CONTENT-WB] chunk(6,2) hash=f0bf902df323a62 dh=75748acfc65a45c0 nz=32512
[16:45:05] [Worker-Main-9/INFO] (Minecraft) [STDOUT]: [WG-CONTENT-WB] chunk(5,9) hash=bf1d603b43f440c9 dh=df69cb75b02907e9 nz=29002
[16:45:05] [Worker-Main-5/INFO] (Minecraft) [STDOUT]: [WG-CONTENT-WB] chunk(6,3) hash=302f6dd9f21a09f4 dh=7942c50cb231f8cf nz=32453
[16:45:05] [Worker-Main-12/INFO] (Minecraft) [STDOUT]: [WG-CONTENT-WB] chunk(6,4) hash=86a13389369904d0 dh=23b85295f60f1429 nz=31489
[16:45:05] [Worker-Main-1/INFO] (Minecraft) [STDOUT]: [WG-CONTENT-WB] chunk(5,11) hash=7390bb7973e5490e dh=bc7beb23c39e9e6c nz=32512
[16:45:05] [Worker-Main-14/INFO] (Minecraft) [STDOUT]: [WG-CONTENT] chunk(6,7) hash=eab54263d2a31197 nz=32429
[16:45:05] [Worker-Main-4/INFO] (Minecraft) [STDOUT]: [WG-CONTENT] chunk(6,8) hash=f4e8e9566c9256b4 nz=32238
[16:45:05] [Worker-Main-3/INFO] (Minecraft) [STDOUT]: [WG-CONTENT] chunk(6,5) hash=ef0630f35dfeef56 nz=31218
[16:45:05] [Worker-Main-11/INFO] (Minecraft) [STDOUT]: [WG-CONTENT] chunk(7,2) hash=e04cde5a98593af6 nz=31341
[16:45:05] [Worker-Main-9/INFO] (Minecraft) [STDOUT]: [Mixin] buildSurface skipped chunk(4,11)
[16:45:05] [Worker-Main-4/INFO] (Minecraft) [STDOUT]: [WG-CONTENT-WB] chunk(6,8) hash=ed702ef2bd74b601 dh=4977adba4273c0db nz=32238
[16:45:05] [Worker-Main-14/INFO] (Minecraft) [STDOUT]: [WG-CONTENT-WB] chunk(6,7) hash=59bbf0fe08d328fc dh=32367d438a8374d2 nz=32429
[16:45:05] [Worker-Main-18/INFO] (Minecraft) [STDOUT]: [WG-CONTENT] chunk(7,3) hash=6461ea2586f7ebb4 nz=32175
[16:45:05] [Worker-Main-3/INFO] (Minecraft) [STDOUT]: [WG-CONTENT-WB] chunk(6,5) hash=5822c8d4e49184a9 dh=35a0b24c4015ed25 nz=31218
[16:45:05] [Worker-Main-15/INFO] (Minecraft) [STDOUT]: [Mixin] populateNoise intercepted chunk(7,9)
[16:45:05] [Worker-Main-5/INFO] (Minecraft) [STDOUT]: [Mixin] buildSurface skipped chunk(5,6)
[16:45:05] [Worker-Main-11/INFO] (Minecraft) [STDOUT]: [WG-CONTENT-WB] chunk(7,2) hash=1479c29bbbbf5843 dh=5540d53963ef5138 nz=31341
[16:45:05] [Worker-Main-10/INFO] (Minecraft) [STDOUT]: [WG-CONTENT] chunk(7,5) hash=b36edad44c62605b nz=31659
[16:45:05] [Worker-Main-16/INFO] (Minecraft) [STDOUT]: [WG-CONTENT] chunk(7,4) hash=992212f2b66335ec nz=32465
[16:45:05] [Worker-Main-5/INFO] (Minecraft) [STDOUT]: [Mixin] populateNoise intercepted chunk(7,10)
[16:45:05] [Worker-Main-3/INFO] (Minecraft) [STDOUT]: [Mixin] populateNoise intercepted chunk(7,11)
[16:45:05] [Worker-Main-6/INFO] (Minecraft) [STDOUT]: [Mixin] populateNoise intercepted chunk(8,6)
[16:45:05] [Worker-Main-6/INFO] (Minecraft) [STDOUT]: [Mixin] populateNoise intercepted chunk(8,7)
[16:45:05] [Worker-Main-18/INFO] (Minecraft) [STDOUT]: [WG-CONTENT-WB] chunk(7,3) hash=9ef3a31e31478d10 dh=412edbd36eb52f4e nz=32175
[16:45:05] [Worker-Main-12/INFO] (Minecraft) [STDOUT]: [Mixin] populateNoise intercepted chunk(8,8)
[16:45:05] [Worker-Main-4/INFO] (Minecraft) [STDOUT]: [Mixin] buildSurface skipped chunk(5,7)
[16:45:05] [Worker-Main-10/INFO] (Minecraft) [STDOUT]: [WG-CONTENT-WB] chunk(7,5) hash=38a66022f470f76c dh=2bf379e105b1b6f2 nz=31659
[16:45:05] [Worker-Main-16/INFO] (Minecraft) [STDOUT]: [WG-CONTENT-WB] chunk(7,4) hash=c3680306ba4859b6 dh=7a811fd2055a32af nz=32465
[16:45:05] [Worker-Main-4/INFO] (Minecraft) [STDOUT]: [Mixin] buildSurface skipped chunk(5,8)
[16:45:05] [Worker-Main-7/INFO] (Minecraft) [STDOUT]: [WG-CONTENT] chunk(7,6) hash=e8d6c1300526328d nz=30283
[16:45:05] [Worker-Main-20/INFO] (Minecraft) [STDOUT]: [WG-CONTENT] chunk(8,2) hash=b95f10bd6351afe6 nz=32511
[16:45:05] [Worker-Main-14/INFO] (Minecraft) [STDOUT]: [Mixin] buildSurface skipped chunk(5,9)
[16:45:05] [Worker-Main-14/INFO] (Minecraft) [STDOUT]: [Mixin] buildSurface skipped chunk(5,10)
[16:45:05] [Worker-Main-8/INFO] (Minecraft) [STDOUT]: [WG-CONTENT] chunk(6,10) hash=d7ac2cdfaa4e4338 nz=32112
[16:45:05] [Worker-Main-19/INFO] (Minecraft) [STDOUT]: [WG-CONTENT] chunk(6,9) hash=801773aaa06f0367 nz=32349
[16:45:05] [Worker-Main-20/INFO] (Minecraft) [STDOUT]: [WG-CONTENT-WB] chunk(8,2) hash=dd65792016e8494b dh=a5482cf3869e69cf nz=32511
[16:45:05] [Worker-Main-7/INFO] (Minecraft) [STDOUT]: [WG-CONTENT-WB] chunk(7,6) hash=d33350884733b38b dh=8d95b8556f831ab2 nz=30283
[16:45:05] [Worker-Main-23/INFO] (Minecraft) [STDOUT]: [WG-CONTENT] chunk(8,4) hash=b85ed8435f34d33a nz=32053
[16:45:05] [Worker-Main-8/INFO] (Minecraft) [STDOUT]: [WG-CONTENT-WB] chunk(6,10) hash=67bea5b7178d2f90 dh=137ef9fa3f385a14 nz=32112
[16:45:05] [Worker-Main-14/INFO] (Minecraft) [STDOUT]: [Mixin] buildSurface skipped chunk(6,2)
[16:45:05] [Worker-Main-14/INFO] (Minecraft) [STDOUT]: [Mixin] buildSurface skipped chunk(6,3)
[16:45:05] [Worker-Main-14/INFO] (Minecraft) [STDOUT]: [Mixin] buildSurface skipped chunk(6,4)
[16:45:05] [Worker-Main-14/INFO] (Minecraft) [STDOUT]: [Mixin] buildSurface skipped chunk(6,5)
[16:45:05] [Worker-Main-14/INFO] (Minecraft) [STDOUT]: [Mixin] buildSurface skipped chunk(6,6)
[16:45:05] [Worker-Main-19/INFO] (Minecraft) [STDOUT]: [WG-CONTENT-WB] chunk(6,9) hash=c9336358ef74003f dh=bf78bb47a3da3833 nz=32349
[16:45:05] [Worker-Main-17/INFO] (Minecraft) [STDOUT]: [WG-CONTENT] chunk(6,11) hash=3771c2d7af5da436 nz=31977
[16:45:05] [Worker-Main-13/INFO] (Minecraft) [STDOUT]: [WG-CONTENT] chunk(8,3) hash=46f0454828ed4b1e nz=32293
[16:45:05] [Worker-Main-23/INFO] (Minecraft) [STDOUT]: [WG-CONTENT-WB] chunk(8,4) hash=d84582900bc85617 dh=ab29380ab3b89465 nz=32053
[16:45:05] [Worker-Main-13/INFO] (Minecraft) [STDOUT]: [WG-CONTENT-WB] chunk(8,3) hash=8cf6f534e99eca3c dh=57aebbc59120e3cf nz=32293
[16:45:05] [Worker-Main-17/INFO] (Minecraft) [STDOUT]: [WG-CONTENT-WB] chunk(6,11) hash=7ada9555a34c8e4b dh=da93d57f315c7275 nz=31977
[16:45:05] [Worker-Main-21/INFO] (Minecraft) [STDOUT]: [WG-CONTENT] chunk(7,7) hash=7671ca4b8079e3d5 nz=31797
[16:45:05] [Worker-Main-22/INFO] (Minecraft) [STDOUT]: [WG-CONTENT] chunk(8,5) hash=aba163fc180cfa2d nz=31841
[16:45:05] [Worker-Main-21/INFO] (Minecraft) [STDOUT]: [WG-CONTENT-WB] chunk(7,7) hash=af4a652769f9abc7 dh=8a2bd2152ee3b181 nz=31797
[16:45:05] [Worker-Main-21/INFO] (Minecraft) [STDOUT]: [Mixin] buildSurface skipped chunk(5,11)
[16:45:05] [Worker-Main-22/INFO] (Minecraft) [STDOUT]: [WG-CONTENT-WB] chunk(8,5) hash=dcb61bb494487517 dh=4683e2c20f1dff52 nz=31841
[16:45:05] [Worker-Main-21/INFO] (Minecraft) [STDOUT]: [Mixin] buildSurface skipped chunk(6,7)
[16:45:05] [Worker-Main-21/INFO] (Minecraft) [STDOUT]: [Mixin] buildSurface skipped chunk(6,8)
[16:45:05] [Worker-Main-2/INFO] (Minecraft) [STDOUT]: [WG-CONTENT] chunk(7,8) hash=a4a8f6898f128477 nz=32276
[16:45:05] [Worker-Main-16/INFO] (Minecraft) [STDOUT]: [Mixin] buildSurface skipped chunk(7,2)
[16:45:05] [Worker-Main-2/INFO] (Minecraft) [STDOUT]: [WG-CONTENT-WB] chunk(7,8) hash=29d5ed9c8c63fd86 dh=693b22f54404a5cc nz=32276
[16:45:05] [Worker-Main-16/INFO] (Minecraft) [STDOUT]: [Mixin] populateNoise intercepted chunk(8,9)
[16:45:05] [Worker-Main-14/INFO] (Minecraft) [STDOUT]: [Mixin] populateNoise intercepted chunk(8,10)
[16:45:05] [Worker-Main-13/INFO] (Minecraft) [STDOUT]: [Mixin] populateNoise intercepted chunk(8,11)
[16:45:05] [Worker-Main-22/INFO] (Minecraft) [STDOUT]: [Mixin] buildSurface skipped chunk(7,3)
[16:45:05] [Worker-Main-2/INFO] (Minecraft) [STDOUT]: [Mixin] buildSurface skipped chunk(7,4)
[16:45:05] [Worker-Main-2/INFO] (Minecraft) [STDOUT]: [Mixin] buildSurface skipped chunk(7,5)
[16:45:05] [Worker-Main-15/INFO] (Minecraft) [STDOUT]: [WG-CONTENT] chunk(7,9) hash=1129cc99615de2b7 nz=32303
[16:45:05] [Worker-Main-2/INFO] (Minecraft) [STDOUT]: [Mixin] populateNoise intercepted chunk(9,2)
[16:45:05] [Worker-Main-17/INFO] (Minecraft) [STDOUT]: [Mixin] buildSurface skipped chunk(8,2)
[16:45:05] [Worker-Main-9/INFO] (Minecraft) [STDOUT]: [WG-CONTENT] chunk(8,6) hash=800957f078bafd6f nz=32292
[16:45:05] [Worker-Main-15/INFO] (Minecraft) [STDOUT]: [WG-CONTENT-WB] chunk(7,9) hash=17e372f1cf95babc dh=5b868eedc63e0be0 nz=32303
[16:45:05] [Worker-Main-5/INFO] (Minecraft) [STDOUT]: [WG-CONTENT] chunk(7,10) hash=651c39c5666aa385 nz=29686
[16:45:05] [Worker-Main-6/INFO] (Minecraft) [STDOUT]: [WG-CONTENT] chunk(8,7) hash=9260a00c0b8b29cf nz=31987
[16:45:05] [Worker-Main-17/INFO] (Minecraft) [STDOUT]: [Mixin] buildSurface skipped chunk(7,6)
[16:45:05] [Worker-Main-12/INFO] (Minecraft) [STDOUT]: [WG-CONTENT] chunk(8,8) hash=ec2d52697cc45174 nz=31935
[16:45:05] [Worker-Main-11/INFO] (Minecraft) [STDOUT]: [WG-CONTENT] chunk(7,11) hash=c7f258f39976ddd9 nz=28020
[16:45:05] [Worker-Main-17/INFO] (Minecraft) [STDOUT]: [Mixin] buildSurface skipped chunk(6,9)
[16:45:05] [Worker-Main-17/INFO] (Minecraft) [STDOUT]: [Mixin] buildSurface skipped chunk(6,10)
[16:45:05] [Worker-Main-9/INFO] (Minecraft) [STDOUT]: [WG-CONTENT-WB] chunk(8,6) hash=b1a5eebd98f5dd1e dh=e511368cb366242b nz=32292
[16:45:05] [Worker-Main-5/INFO] (Minecraft) [STDOUT]: [WG-CONTENT-WB] chunk(7,10) hash=fe52aa736c5e086a dh=38ef06334166c08a nz=29686
[16:45:05] [Worker-Main-6/INFO] (Minecraft) [STDOUT]: [WG-CONTENT-WB] chunk(8,7) hash=a8dda7ce4c7899a0 dh=80f8e904c666830d nz=31987
[16:45:05] [Worker-Main-12/INFO] (Minecraft) [STDOUT]: [WG-CONTENT-WB] chunk(8,8) hash=9f1237e89af75b00 dh=b6f9fc1b8ccadad2 nz=31935
[16:45:05] [Worker-Main-11/INFO] (Minecraft) [STDOUT]: [WG-CONTENT-WB] chunk(7,11) hash=b0996aa582028d1 dh=2e6db5be5c307b36 nz=28020
[16:45:05] [Worker-Main-12/INFO] (Minecraft) [STDOUT]: [Mixin] buildSurface skipped chunk(8,3)
[16:45:05] [Worker-Main-12/INFO] (Minecraft) [STDOUT]: [Mixin] buildSurface skipped chunk(8,4)
[16:45:05] [Worker-Main-12/INFO] (Minecraft) [STDOUT]: [Mixin] buildSurface skipped chunk(6,11)
[16:45:05] [Worker-Main-21/INFO] (Minecraft) [STDOUT]: [Mixin] buildSurface skipped chunk(7,7)
[16:45:05] [Worker-Main-21/INFO] (Minecraft) [STDOUT]: [Mixin] buildSurface skipped chunk(8,5)
[16:45:05] [Worker-Main-21/INFO] (Minecraft) [STDOUT]: [Mixin] buildSurface skipped chunk(7,8)
[16:45:05] [Worker-Main-5/INFO] (Minecraft) [STDOUT]: [Mixin] populateNoise intercepted chunk(9,3)
[16:45:05] [Worker-Main-5/INFO] (Minecraft) [STDOUT]: [Mixin] populateNoise intercepted chunk(9,4)
[16:45:05] [Worker-Main-9/INFO] (Minecraft) [STDOUT]: [Mixin] populateNoise intercepted chunk(9,5)
[16:45:05] [Worker-Main-9/INFO] (Minecraft) [STDOUT]: [Mixin] populateNoise intercepted chunk(9,6)
[16:45:05] [Worker-Main-22/INFO] (Minecraft) [STDOUT]: [Mixin] populateNoise intercepted chunk(9,7)
[16:45:05] [Worker-Main-15/INFO] (Minecraft) [STDOUT]: [Mixin] populateNoise intercepted chunk(9,8)
[16:45:05] [Worker-Main-15/INFO] (Minecraft) [STDOUT]: [Mixin] populateNoise intercepted chunk(9,9)
[16:45:05] [Worker-Main-11/INFO] (Minecraft) [STDOUT]: [Mixin] buildSurface skipped chunk(7,9)
[16:45:05] [Worker-Main-17/INFO] (Minecraft) [STDOUT]: [Mixin] buildSurface skipped chunk(8,6)
[16:45:05] [Worker-Main-17/INFO] (Minecraft) [STDOUT]: [Mixin] buildSurface skipped chunk(7,10)
[16:45:05] [Worker-Main-16/INFO] (Minecraft) [STDOUT]: [WG-CONTENT] chunk(8,9) hash=3616c8fba58286 nz=29155
[16:45:05] [Worker-Main-17/INFO] (Minecraft) [STDOUT]: [Mixin] buildSurface skipped chunk(8,7)
[16:45:05] [Worker-Main-14/INFO] (Minecraft) [STDOUT]: [WG-CONTENT] chunk(8,10) hash=6b2a26126672dca5 nz=25322
[16:45:05] [Worker-Main-17/INFO] (Minecraft) [STDOUT]: [Mixin] buildSurface skipped chunk(8,8)
[16:45:05] [Worker-Main-13/INFO] (Minecraft) [STDOUT]: [WG-CONTENT] chunk(8,11) hash=d7af6e40e22f7817 nz=24588
[16:45:05] [Worker-Main-14/INFO] (Minecraft) [STDOUT]: [WG-CONTENT-WB] chunk(8,10) hash=22a774b23ad32ea9 dh=d1b51ab47dd8f1da nz=25322
[16:45:05] [Worker-Main-16/INFO] (Minecraft) [STDOUT]: [WG-CONTENT-WB] chunk(8,9) hash=555217a618a33803 dh=4eb782a6d027abc7 nz=29155
[16:45:05] [Worker-Main-10/INFO] (Minecraft) [STDOUT]: [Mixin] buildSurface skipped chunk(7,11)
[16:45:05] [Worker-Main-13/INFO] (Minecraft) [STDOUT]: [WG-CONTENT-WB] chunk(8,11) hash=b90a22752d56963a dh=4be8ed1faa81e073 nz=24588
[16:45:05] [Worker-Main-11/INFO] (Minecraft) [STDOUT]: [Mixin] buildSurface skipped chunk(8,9)
[16:45:05] [Worker-Main-11/INFO] (Minecraft) [STDOUT]: [Mixin] buildSurface skipped chunk(8,10)
[16:45:05] [Worker-Main-2/INFO] (Minecraft) [STDOUT]: [WG-CONTENT] chunk(9,2) hash=5bf0d7be2b557684 nz=32496
[16:45:05] [Worker-Main-8/INFO] (Minecraft) [STDOUT]: [Mixin] buildSurface skipped chunk(8,11)
[16:45:05] [Worker-Main-1/INFO] (Minecraft) [STDOUT]: [Mixin] populateNoise intercepted chunk(9,10)
[16:45:05] [Worker-Main-2/INFO] (Minecraft) [STDOUT]: [WG-CONTENT-WB] chunk(9,2) hash=2f0734f0fd3b0d2e dh=92ab637599234530 nz=32496
[16:45:05] [Worker-Main-6/INFO] (Minecraft) [STDOUT]: [Mixin] buildSurface skipped chunk(9,2)
[16:45:05] [Worker-Main-6/INFO] (Minecraft) [STDOUT]: [Mixin] populateNoise intercepted chunk(9,11)
[16:45:05] [Worker-Main-3/INFO] (Minecraft) [STDOUT]: [WG-CONTENT] chunk(9,3) hash=a8115826f9ab7a8 nz=32256
[16:45:05] [Worker-Main-5/INFO] (Minecraft) [STDOUT]: [WG-CONTENT] chunk(9,4) hash=36b279ea9e9addf7 nz=32170
[16:45:05] [Worker-Main-12/INFO] (Minecraft) [STDOUT]: [WG-CONTENT] chunk(9,8) hash=842d1acd683156c5 nz=31620
[16:45:05] [Worker-Main-23/INFO] (Minecraft) [STDOUT]: [WG-CONTENT] chunk(9,5) hash=76c925c75855daaf nz=32109
[16:45:05] [Worker-Main-22/INFO] (Minecraft) [STDOUT]: [WG-CONTENT] chunk(9,7) hash=c0e67352ceb69726 nz=30809
[16:45:05] [Worker-Main-9/INFO] (Minecraft) [STDOUT]: [WG-CONTENT] chunk(9,6) hash=16d4c530d5bcc9cc nz=32132
[16:45:05] [Worker-Main-5/INFO] (Minecraft) [STDOUT]: [WG-CONTENT-WB] chunk(9,4) hash=16d8d02911e1fc62 dh=9c43ba28266926a2 nz=32170
[16:45:05] [Worker-Main-3/INFO] (Minecraft) [STDOUT]: [WG-CONTENT-WB] chunk(9,3) hash=45af160e54e47356 dh=744f16d7b3189fec nz=32256
[16:45:05] [Worker-Main-19/INFO] (Minecraft) [STDOUT]: [Mixin] buildSurface skipped chunk(9,3)
[16:45:05] [Worker-Main-15/INFO] (Minecraft) [STDOUT]: [WG-CONTENT] chunk(9,9) hash=c733301ed455c110 nz=26244
[16:45:05] [Worker-Main-23/INFO] (Minecraft) [STDOUT]: [WG-CONTENT-WB] chunk(9,5) hash=92726467876b0bd8 dh=ec12e0d0db0508fe nz=32109
[16:45:05] [Worker-Main-12/INFO] (Minecraft) [STDOUT]: [WG-CONTENT-WB] chunk(9,8) hash=4deea116c256443d dh=72f7b12bfe792a5d nz=31620
[16:45:05] [Worker-Main-9/INFO] (Minecraft) [STDOUT]: [WG-CONTENT-WB] chunk(9,6) hash=d9f2ef6a71aed872 dh=de69f7683e157ef5 nz=32132
[16:45:05] [Worker-Main-22/INFO] (Minecraft) [STDOUT]: [WG-CONTENT-WB] chunk(9,7) hash=c7ba9338a8e6bc83 dh=b91840df3dca3f33 nz=30809
[16:45:05] [Worker-Main-5/INFO] (Minecraft) [STDOUT]: [Mixin] buildSurface skipped chunk(9,4)
[16:45:05] [Worker-Main-15/INFO] (Minecraft) [STDOUT]: [WG-CONTENT-WB] chunk(9,9) hash=de24224ce675d122 dh=c5c08cb4f10573ad nz=26244
[16:45:05] [Worker-Main-5/INFO] (Minecraft) [STDOUT]: [Mixin] buildSurface skipped chunk(9,5)
[16:45:05] [Worker-Main-5/INFO] (Minecraft) [STDOUT]: [Mixin] buildSurface skipped chunk(9,6)
[16:45:05] [Worker-Main-5/INFO] (Minecraft) [STDOUT]: [Mixin] buildSurface skipped chunk(9,7)
[16:45:05] [Worker-Main-5/INFO] (Minecraft) [STDOUT]: [Mixin] buildSurface skipped chunk(9,8)
[16:45:05] [Worker-Main-1/INFO] (Minecraft) [STDOUT]: [WG-CONTENT] chunk(9,10) hash=ca2946d1d5f9f2ff nz=25642
[16:45:06] [Worker-Main-6/INFO] (Minecraft) [STDOUT]: [WG-CONTENT] chunk(9,11) hash=101b68339aa1e3c nz=25715
[16:45:06] [Worker-Main-1/INFO] (Minecraft) [STDOUT]: [WG-CONTENT-WB] chunk(9,10) hash=7bb2fac2a3496466 dh=d72871d3da436883 nz=25642
[16:45:06] [Worker-Main-6/INFO] (Minecraft) [STDOUT]: [WG-CONTENT-WB] chunk(9,11) hash=1e96f6c2fb1cd3f0 dh=f9d1a0970e91644c nz=25715
[16:45:06] [Worker-Main-4/INFO] (Minecraft) [STDOUT]: [Mixin] buildSurface skipped chunk(9,9)
[16:45:06] [Worker-Main-9/INFO] (Minecraft) [STDOUT]: [Mixin] buildSurface skipped chunk(9,10)
[16:45:06] [Worker-Main-21/INFO] (Minecraft) [STDOUT]: [Mixin] buildSurface skipped chunk(9,11)
[16:45:06] [Server thread/INFO] (Minecraft) [Chunky] Task finished for minecraft:overworld. Processed: 441 chunks (100.00%), Total time: 0:00:05
[16:45:10] [RCON Listener #1/INFO] (Minecraft) Thread RCON Client /127.0.0.1 started
[16:45:10] [RCON Client /127.0.0.1 #7/INFO] (Minecraft) Thread RCON Client /127.0.0.1 shutting down
[16:45:10] [RCON Listener #1/INFO] (Minecraft) Thread RCON Client /127.0.0.1 started
[16:45:10] [Server thread/INFO] (Minecraft) [Rcon: Stopping the server]
[16:45:10] [RCON Client /127.0.0.1 #8/INFO] (Minecraft) Thread RCON Client /127.0.0.1 shutting down
[16:45:10] [Server thread/INFO] (Minecraft) Stopping server
[16:45:10] [Server thread/INFO] (Minecraft) Saving players
[16:45:10] [Server thread/INFO] (Minecraft) Saving worlds
[16:45:11] [Server thread/INFO] (Minecraft) Saving chunks for level 'ServerLevel[world]'/minecraft:overworld
[16:45:11] [Server thread/INFO] (Minecraft) Saving chunks for level 'ServerLevel[world]'/minecraft:the_end
[16:45:11] [Server thread/INFO] (Minecraft) Saving chunks for level 'ServerLevel[world]'/minecraft:the_nether
[16:45:11] [Server thread/INFO] (Minecraft) ThreadedAnvilChunkStorage (world): All chunks are saved
[16:45:11] [Server thread/INFO] (Minecraft) ThreadedAnvilChunkStorage (DIM1): All chunks are saved
[16:45:11] [Server thread/INFO] (Minecraft) ThreadedAnvilChunkStorage (DIM-1): All chunks are saved
[16:45:11] [Server thread/INFO] (Minecraft) ThreadedAnvilChunkStorage: All dimensions are saved
[16:45:11] [Server thread/INFO] (Minecraft) Thread RCON Listener stopped

[Incubating] Problems report is available at: file:///E:/PYTHON/CoreSwap/versions/1.21.6/java/build/reports/problems/problems-report.html

Deprecated Gradle features were used in this build, making it incompatible with Gradle 9.0.

You can use '--warning-mode all' to show the individual deprecation warnings and determine if they come from your own scripts or plugins.

For more on this, please refer to https://docs.gradle.org/8.13/userguide/command_line_interface.html#sec:command_line_warnings in the Gradle documentation.

BUILD SUCCESSFUL in 50s
6 actionable tasks: 1 executed, 5 up-to-date
